,Prix du Brent (USD/baril),Prix du Butane (USD/mt),Distributeurs,Clients BT,Energie nette appelée,Hydraulique,Thermique (y compris ABM),Apport des Tiers Nationaux,Fuel,Charbon local,Charbon importé,Gasoil,Petcoke,Eolienne,Autoproducteurs,dont Turbinage de la STEP,STEP Energie absorbée pour le pompage,Auxiliaires des centrales pompes du réseau THT-HT,Production thermique : JLEC,Energie Electrique de Tahaddart,Parc Eolien de Tarfaya,II- ENERGIE NETTE APPELEE (en GWh) dont :,- Production Totale ONEE-Branche Électricité :,. Hydraulique,dont Turbinage de la STEP (2),. Thermique,. Eolienne,. Solaire (Centrale solaire d'Assa + Tafilalet PV),- STEP Energie absorbée pour le pompage,- Apport des Tiers Nationaux,- Solde des échanges d'énergie (Espagne-Algérie) :,- Production Privée d'Électricité :,. Jorf Lasfar Energy Company (JLEC 1-4),. Jorf Lasfar Energy Company (JLEC 5-6),. Energie Electrique de Tahaddart (EET),. Parc Eolien de Tarfaya (TAREC),- Projets développés dans le cadre de la loi 13-09 relative aux Energies Renouvelables :,.Parc éolien Akhfennir,.Parc éolien Haouma,.Parc éolien Foum El Oued,- Auxiliaires des centrales pompes du réseau THT-HT,III- VENTES D'ÉLECTRICITE (en GWh) dont :,- Distributeurs,- Clients Directs,- Clients MT,- Clients BT,- Fioul (en Tonnes),- Charbon (en Tonnes) :,. Centrale de JLEC 1-4,. Centrale de JLEC 5-6,. Centrale de Mohammedia,. Centrale de Jerada,- Gasoil (en Tonnes),. Centrale Thermo-solaire d'Ain Béni Mathar,. Centrale de Tahaddart,Clients MT,Clients THT-HT,. Moroccan Agency for Sustainable Energy (MASEN) (Solaire Noor 1),Parc Eolien : CED,. Safi Energy Company (SAFIEC),.Parc éolien Khelladi,.Parc éolien Afissat,. Centrale de SAFIEC,. Parc Eolien de Midelt,. Compagnie Eolienne du Détroit (CED),I- ENERGIE NETTE APPELEE (en GWh) y compris l’énergie éolienne via réseau clients,- Eolien Loi 13-09_Via réseau client,Pétrole brut,Autres PP,"Production d'électricité

","Consommation de combustibles (Fioul, Charbon, Gaz oil) Tonnes"
1998-01-01,,,516.39,125.54,1012.0,75.0,823.0,3.0,55070.0,12470.0,38766,818.0,,,,,,,,,,,,,,,,,,,,,,,,,,,,,,,,,,,,,,,,,,,,,,,,,,,,,,,,,,,
1998-02-01,,,973.84,276.54,1913.0,176.0,1560.0,22.0,86051.0,28879.0,66779,1511.0,,,5.0,,,,,,,,,,,,,,,,,,,,,,,,,,,,,,,,,,,,,,,,,,,,,,,,,,,,,,,,
1998-03-01,,,1467.85,384.79,2932.0,340.0,2278.0,8.0,151255.0,58569.0,108056,2212.0,,,,,,,,,,,,,,,,,,,,,,,,,,,,,,,,,,,,,,,,,,,,,,,,,,,,,,,,,,,
1998-04-01,,,1951.26,514.23,3871.0,586.0,2889.0,13.0,191804.0,89157.0,175342,2882.0,,,,,,,,,,,,,,,,,,,,,,,,,,,,,,,,,,,,,,,,,,,,,,,,,,,,,,,,,,,
1998-05-01,,,2413.86,658.87,4879.0,803.0,3549.0,16.0,266723.0,118452.0,253005,3619.0,,,,,,,,,,,,,,,,,,,,,,,,,,,,,,,,,,,,,,,,,,,,,,,,,,,,,,,,,,,
1998-06-01,,,2888.03,793.93,5923.0,1047.0,4221.0,19.0,329949.0,132517.0,327161,4349.0,,,,,,,,,,,,,,,,,,,,,,,,,,,,,,,,,,,,,,,,,,,,,,,,,,,,,,,,,,,
1998-07-01,,,3418.2,913.7,7036.0,1225.0,5004.0,25.0,382121.0,161737.0,402345,5092.0,,,,,,,,,,,,,,,,,,,,,,,,,,,,,,,,,,,,,,,,,,,,,,,,,,,,,,,,,,,
1998-08-01,,,3900.24,1105.68,8123.0,1423.0,5703.0,34.0,435857.0,191970.0,468536,5777.0,,,,,,,,,,,,,,,,,,,,,,,,,,,,,,,,,,,,,,,,,,,,,,,,,,,,,,,,,,,
1998-09-01,,,4403.39,1234.3,9194.0,1571.0,6482.0,39.0,492375.0,221649.0,541511,6434.0,,,,,,,,,,,,,,,,,,,,,,,,,,,,,,,,,,,,,,,,,,,,,,,,,,,,,,,,,,,
1998-10-01,,,4917.46,1358.59,10285.0,1689.0,7319.0,139.0,541981.0,241710.0,604776,7159.0,,,51.0,,,,,,,,,,,,,,,,,,,,,,,,,,,,,,,,,,,,,,,,,,,,,,,,,,,,,,,,
1998-11-01,,,5409.58,1526.77,11332.0,1817.0,8090.0,173.0,611753.0,269008.0,661646,8018.0,,,61.0,,,,,,,,,,,,,,,,,,,,,,,,,,,,,,,,,,,,,,,,,,,,,,,,,,,,,,,,
1998-12-01,,,5966.37,1662.74,12453.0,1938.0,8906.0,208.0,703398.0,302622.0,723379,9028.0,,,80.0,,,,,,,,,,,,,,,,,,,,,,,,,,,,,,,,,,,,,,,,,,,,,,,,,,,,,,,,
1999-01-01,,,532.53,121.63,1051.0,256.0,692.0,18.0,88755.0,24462.0,59318,1178.0,,,10.0,,,,,,,,,,,,,,,,,,,,,,,,,,,,,,,,,,,,,,,,,,,,,,,,,,,,,,,,
1999-02-01,,,1032.05,322.32,2046.0,435.0,1360.0,23.0,192672.0,42517.0,90635,2239.0,,,15.0,,,,,,,,,,,,,,,,,,,,,,,,,,,,,,,,,,,,,,,,,,,,,,,,,,,,,,,,
1999-03-01,,,1542.01,423.86,3074.0,594.0,2160.0,26.0,287929.0,59393.0,123838,3240.0,,,22.0,,,,,,,,,,,,,,,,,,,,,,,,,,,,,,,,,,,,,,,,,,,,,,,,,,,,,,,,
1999-04-01,,,2040.23,540.22,4142.0,772.0,2900.0,31.0,368591.0,77560.0,160954,3932.0,,,30.0,,,,,,,,,,,,,,,,,,,,,,,,,,,,,,,,,,,,,,,,,,,,,,,,,,,,,,,,
1999-05-01,,,2556.86,725.21,5246.0,1001.0,3652.0,40.0,464465.0,104070.0,203879,4929.0,,,39.0,,,,,,,,,,,,,,,,,,,,,,,,,,,,,,,,,,,,,,,,,,,,,,,,,,,,,,,,
1999-06-01,,,3062.78,859.4,6338.0,1178.0,4459.0,18.0,539293.0,121816.0,251481,5920.0,,,18.0,,,,,,,,,,,,,,,,,,,,,,,,,,,,,,,,,,,,,,,,,,,,,,,,,,,,,,,,
1999-07-01,,,3602.79,998.52,7533.0,1336.0,5328.0,57.0,646786.0,145874.0,297143,7058.0,,,58.0,,,,,,,,,,,,,,,,,,,,,,,,,,,,,,,,,,,,,,,,,,,,,,,,,,,,,,,,
1999-08-01,,,4110.12,1207.11,8683.0,1452.0,6210.0,66.0,718792.0,160047.0,376814,7997.0,,,68.0,,,,,,,,,,,,,,,,,,,,,,,,,,,,,,,,,,,,,,,,,,,,,,,,,,,,,,,,
1999-09-01,,,4632.85,1347.78,9828.0,1578.0,6868.0,77.0,780816.0,172769.0,449884,8917.0,,,77.0,,,,,,,,,,,,,,,,,,,,,,,,,,,,,,,,,,,,,,,,,,,,,,,,,,,,,,,,
1999-10-01,,,5170.1,1479.55,10986.0,1670.0,7254.0,162.0,845295.0,188369.0,521660,9756.0,,,37.0,,,,,,,,,,,,,,,,,,,,,,,,,,,,,,,,,,,,,,,,,,,,,,,,,,,,,,,,
1999-11-01,,,5689.13,1680.45,12091.0,1829.0,7632.0,121.0,909356.0,201087.0,594965,10827.0,,,93.0,,,,,,,,,,,,,,,,,,,,,,,,,,,,,,,,,,,,,,,,,,,,,,,,,,,,,,,,
1999-12-01,,,6273.21,1816.54,13265.0,2062.0,7970.0,227.0,981055.0,216303.0,649869,12069.0,,,104.0,,,,,,,,,,,,,,,,,,,,,,,,,,,,,,,,,,,,,,,,,,,,,,,,,,,,,,,,
2000-01-01,,,553.7,129.03,1121.0,214.0,329.0,7.0,66215.0,15460.0,50861,1190.0,13587.0,,8.0,,,,,,,,,,,,,,,,,,,,,,,,,,,,,,,,,,,,,,,,,,,,,,,,,,,,,,,,
2000-02-01,,,1074.32,339.94,2215.0,499.0,543.0,6.0,125140.0,20950.0,104259,2182.0,16614.0,,11.0,,,,,,,,,,,,,,,,,,,,,,,,,,,,,,,,,,,,,,,,,,,,,,,,,,,,,,,,
2000-03-01,,,1603.1,468.23,3346.0,680.0,946.0,12.0,174092.0,37498.0,160561,3197.0,26598.0,,19.0,,,,,,,,,,,,,,,,,,,,,,,,,,,,,,,,,,,,,,,,,,,,,,,,,,,,,,,,
2000-04-01,,,2121.62,600.4,4420.0,802.0,1316.0,18.0,191655.0,57796.0,218006,4120.0,45560.0,,26.0,,,,,,,,,,,,,,,,,,,,,,,,,,,,,,,,,,,,,,,,,,,,,,,,,,,,,,,,
2000-05-01,,,2659.61,807.48,5562.0,958.0,1852.0,42.0,226947.0,70818.0,283104,5171.0,57765.0,,31.0,,,,,,,,,,,,,,,,,,,,,,,,,,,,,,,,,,,,,,,,,,,,,,,,,,,,,,,,
2000-06-01,,,,,6745.0,1096.0,2311.0,121.0,255973.0,85166.0,329813,6274.0,63972.0,,35.0,,,,,,,,,,,,,,,,,,,,,,,,,,,,,,,,,,,,,,,,,,,,,,,,,,,,,,,,
2000-07-01,,,3772.03,1107.54,7997.0,1243.0,2743.0,191.0,344177.0,94808.0,402801,7714.0,71973.0,,35.0,,,,,,,,,,,,,,,,,,,,,,,,,,,,,,,,,,,,,,,,,,,,,,,,,,,,,,,,
2000-08-01,,,4319.98,1339.6,9224.0,1392.0,3165.0,256.0,405805.0,101809.0,492277,8898.0,80180.0,,36.0,,,,,,,,,,,,,,,,,,,,,,,,,,,,,,,,,,,,,,,,,,,,,,,,,,,,,,,,
2000-09-01,,,4877.34,1495.71,10432.0,1537.0,3614.0,429.0,465865.0,105421.0,532517,9933.0,90001.0,,38.0,,,,,,,,,,,,,,,,,,,,,,,,,,,,,,,,,,,,,,,,,,,,,,,,,,,,,,,,
2000-10-01,,,5439.57,1637.56,11615.0,1626.0,3997.0,603.0,522518.0,110969.0,598366,10977.0,98494.0,,39.0,,,,,,,,,,,,,,,,,,,,,,,,,,,,,,,,,,,,,,,,,,,,,,,,,,,,,,,,
2000-11-01,,,6000.2,1866.01,12769.0,1704.0,4449.0,683.0,582802.0,111407.0,646542,11915.0,102010.0,,39.0,,,,,,,,,,,,,,,,,,,,,,,,,,,,,,,,,,,,,,,,,,,,,,,,,,,,,,,,
2000-12-01,,,6572.43,2017.33,13942.0,1759.0,4998.0,758.0,610612.0,123545.0,670235,12837.0,125112.0,,42.0,,,,,,,,,,,,,,,,,,,,,,,,,,,,,,,,,,,,,,,,,,,,,,,,,,,,,,,,
2001-01-01,,,579.42,142.72,1202.0,32.0,513.0,73.0,28463.0,9148.0,35562,814.0,16879.0,,2.0,,,,,,,,,,,,,,,,,,,,,,,,,,,,,,,,,,,,,,,,,,,,,,,,,,,,,,,,
2001-02-01,,,1127.92,360.78,2309.0,75.0,1001.0,136.0,44373.0,16823.0,47540,1495.0,24398.0,,3.0,,,,,,,,,,,,,,,,,,,,,,,,,,,,,,,,,,,,,,,,,,,,,,,,,,,,,,,,
2001-03-01,,,1680.73,497.2,3484.0,120.0,1463.0,206.0,59559.0,25910.0,61511,2281.0,29263.0,,5.0,,,,,,,,,,,,,,,,,,,,,,,,,,,,,,,,,,,,,,,,,,,,,,,,,,,,,,,,
2001-04-01,,,2234.4,646.14,4672.0,245.0,1888.0,275.0,73582.0,53447.0,93114,3097.0,40615.0,,6.0,,,,,,,,,,,,,,,,,,,,,,,,,,,,,,,,,,,,,,,,,,,,,,,,,,,,,,,,
2001-05-01,,,2804.82,872.61,5903.0,338.0,2395.0,484.0,86678.0,80519.0,145629,3969.0,51592.0,,8.0,,,,,,,,,,,,,,,,,,,,,,,,,,,,,,,,,,,,,,,,,,,,,,,,,,,,,,,,
2001-06-01,,,3375.53,1036.33,7128.0,424.0,2828.0,665.0,109248.0,127195.0,205699,4846.0,57224.0,,10.0,,,,,,,,,,,,,,,,,,,,,,,,,,,,,,,,,,,,,,,,,,,,,,,,,,,,,,,,
2001-07-01,,,3972.47,1203.47,8421.0,508.0,3376.0,864.0,160682.0,213747.0,261346,5733.0,64278.0,,16.0,,,,,,,,,,,,,,,,,,,,,,,,,,,,,,,,,,,,,,,,,,,,,,,,,,,,,,,,
2001-08-01,,,4543.23,1455.58,9715.0,592.0,3862.0,1071.0,195204.0,238885.0,315963,6508.0,75698.0,,19.0,,,,,,,,,,,,,,,,,,,,,,,,,,,,,,,,,,,,,,,,,,,,,,,,,,,,,,,,
2001-09-01,,,5122.39,1631.71,10977.0,658.0,4300.0,1284.0,226224.0,255523.0,373350,7352.0,79764.0,,20.0,,,,,,,,,,,,,,,,,,,,,,,,,,,,,,,,,,,,,,,,,,,,,,,,,,,,,,,,
2001-10-01,,,5731.2,1789.64,12278.0,717.0,4745.0,1477.0,241986.0,285389.0,438302,8183.0,85989.0,,23.0,,,,,,,,,,,,,,,,,,,,,,,,,,,,,,,,,,,,,,,,,,,,,,,,,,,,,,,,
2001-11-01,,,6318.78,2038.0,13541.0,773.0,5174.0,1672.0,264978.0,310100.0,491294,9238.0,92257.0,,24.0,,,,,,,,,,,,,,,,,,,,,,,,,,,,,,,,,,,,,,,,,,,,,,,,,,,,,,,,
2001-12-01,,,6908.05,2203.58,14789.0,817.0,5651.0,1873.0,291582.0,340994.0,556849,10386.0,100104.0,,27.0,,,,,,,,,,,,,,,,,,,,,,,,,,,,,,,,,,,,,,,,,,,,,,,,,,,,,,,,
2002-01-01,,,611.0,157.7,1268.0,48.0,415.0,200.0,57366.0,22785.0,64699,1009.0,5767.0,,3.0,,,,,,,,,,,,,,,,,,,,,,,,,,,,,,,,,,,,,,,,,,,,,,,,,,,,,,,,
2002-02-01,,,1141.5,411.3,2391.0,128.0,780.0,418.0,77124.0,45192.0,123794,1900.0,10095.0,,3.0,,,,,,,,,,,,,,,,,,,,,,,,,,,,,,,,,,,,,,,,,,,,,,,,,,,,,,,,
2002-03-01,,,1728.3,559.6,3650.0,212.0,1142.0,650.0,85630.0,60837.0,188515,2792.0,13583.0,,5.0,,,,,,,,,,,,,,,,,,,,,,,,,,,,,,,,,,,,,,,,,,,,,,,,,,,,,,,,
2002-04-01,,,2309.74,724.49,4863.0,274.0,1415.0,899.0,101613.0,84357.0,209346,3742.0,19868.0,,6.0,,,,,,,,,,,,,,,,,,,,,,,,,,,,,,,,,,,,,,,,,,,,,,,,,,,,,,,,
2002-05-01,,,2906.4,929.1,6149.0,335.0,1746.0,1152.0,128138.0,113513.0,240444,4673.0,27212.0,,11.0,,,,,,,,,,,,,,,,,,,,,,,,,,,,,,,,,,,,,,,,,,,,,,,,,,,,,,,,
2002-06-01,,,3518.6,1084.6,7458.0,401.0,2012.0,1392.0,169127.0,139584.0,260436,5328.0,34719.0,,17.0,,,,,,,,,,,,,,,,,,,,,,,,,,,,,,,,,,,,,,,,,,,,,,,,,,,,,,,,
2002-07-01,,,4148.9,1259.2,8862.0,462.0,2538.0,1558.0,234674.0,170142.0,298522,5769.0,42079.0,,19.0,,,,,,,,,,,,,,,,,,,,,,,,,,,,,,,,,,,,,,,,,,,,,,,,,,,,,,,,
2002-08-01,,,4739.8,1539.3,10209.0,519.0,2967.0,1727.0,296334.0,194845.0,365268,6210.0,47919.0,,22.0,,,,,,,,,,,,,,,,,,,,,,,,,,,,,,,,,,,,,,,,,,,,,,,,,,,,,,,,
2002-09-01,,,5350.4,1727.2,11558.0,556.0,3363.0,1892.0,342233.0,216601.0,430693,6644.0,52409.0,0.0,25.0,,,,,,,,,,,,,,,,,,,,,,,,,,,,,,,,,,,,,,,,,,,,,,,,,,,,,,,,
2002-10-01,,,5992.9,1906.7,12932.0,603.0,3757.0,2084.0,393768.0,237212.0,480220,7079.0,56444.0,0.0,30.0,,,,,,,,,,,,,,,,,,,,,,,,,,,,,,,,,,,,,,,,,,,,,,,,,,,,,,,,
2002-11-01,,,6608.95,2178.69,14232.0,657.0,4110.0,2241.0,411209.0,264078.0,534437,7541.0,62144.0,1.0,34.0,,,,,,,,,,,,,,,,,,,,,,,,,,,,,,,,,,,,,,,,,,,,,,,,,,,,,,,,
2002-12-01,,,7227.7,2355.9,15538.0,705.0,4333.0,2402.0,421988.0,290670.0,588932,7964.0,67824.0,2.0,39.0,,,,,,,,,,,,,,,,,,,,,,,,,,,,,,,,,,,,,,,,,,,,,,,,,,,,,,,,
2003-01-01,,,667.3,168.4,1366.0,82.0,242.0,159.0,8558.0,23138.0,62479,407.0,4462.0,0.0,1.0,,,,,,,,,,,,,,,,,,,,,,,,,,,,,,,,,,,,,,,,,,,,,,,,,,,,,,,,
2003-02-01,,,1228.4,444.0,2551.0,170.0,354.0,314.0,12206.0,45959.0,111806,851.0,9310.0,1.0,3.0,,,,,,,,,,,,,,,,,,,,,,,,,,,,,,,,,,,,,,,,,,,,,,,,,,,,,,,,
2003-03-01,,,1856.8,606.6,3906.0,286.0,469.0,437.0,17046.0,74653.0,175193,1273.0,15521.0,3.0,7.0,,,,,,,,,,,,,,,,,,,,,,,,,,,,,,,,,,,,,,,,,,,,,,,,,,,,,,,,
2003-04-01,,,2459.9,773.0,5224.0,375.0,671.0,566.0,34448.0,107237.0,225973,1676.0,22796.0,4.0,15.0,,,,,,,,,,,,,,,,,,,,,,,,,,,,,,,,,,,,,,,,,,,,,,,,,,,,,,,,
2003-05-01,,,3075.6,1048.2,6614.0,433.0,920.0,693.0,75828.0,145992.0,248067,2168.0,31656.0,6.0,20.0,,,,,,,,,,,,,,,,,,,,,,,,,,,,,,,,,,,,,,,,,,,,,,,,,,,,,,,,
2003-06-01,,,3712.9,1242.5,8047.0,512.0,1252.0,815.0,127882.0,180942.0,305495,2598.0,39182.0,7.0,23.0,,,,,,,,,,,,,,,,,,,,,,,,,,,,,,,,,,,,,,,,,,,,,,,,,,,,,,,,
2003-07-01,,,4384.3,1447.1,9565.0,591.0,1640.0,971.0,191547.0,213841.0,365152,3009.0,45916.0,9.0,29.0,,,,,,,,,,,,,,,,,,,,,,,,,,,,,,,,,,,,,,,,,,,,,,,,,,,,,,,,
2003-08-01,,,5027.9,1752.7,11066.0,662.0,1939.0,1132.0,276730.0,225599.0,415365,3489.0,48311.0,10.0,38.0,,,,,,,,,,,,,,,,,,,,,,,,,,,,,,,,,,,,,,,,,,,,,,,,,,,,,,,,
2003-09-01,,,5675.7,1972.1,12530.0,706.0,2221.0,1257.0,350744.0,254518.0,479283,3944.0,54427.0,11.0,47.0,,,,,,,,,,,,,,,,,,,,,,,,,,,,,,,,,,,,,,,,,,,,,,,,,,,,,,,,
2003-10-01,,,6341.9,2170.8,13999.0,770.0,2489.0,1415.0,420840.0,290007.0,544766,4478.0,62161.0,12.0,52.0,,,,,,,,,,,,,,,,,,,,,,,,,,,,,,,,,,,,,,,,,,,,,,,,,,,,,,,,
2003-11-01,,,6956.9,2469.7,15333.0,810.0,2740.0,1564.0,483797.0,323447.0,587491,4926.0,71851.0,12.0,67.0,,,,,,,,,,,,,,,,,,,,,,,,,,,,,,,,,,,,,,,,,,,,,,,,,,,,,,,,
2003-12-01,,,7646.7,2660.5,16779.0,856.0,3047.0,1639.0,529271.0,355730.0,630277,5424.0,81091.0,13.0,75.0,,,,,,,,,,,,,,,,,,,,,,,,,,,,,,,,,,,,,,,,,,,,,,,,,,,,,,,,
2004-01-01,,,678.2,180.4,1466.0,23.0,418.0,0.0,29300.0,35690.0,48103,204.0,9746.0,1.0,3.0,,,,,,,,,,,,,,,,,,,,,,,,,,,,,,,,,,,,,,,,,,,,,,,,,,,,,,,,
2004-02-01,,,1281.5,369.5,2773.0,66.0,690.0,72.0,59078.0,67893.0,73899,467.0,18330.0,3.0,4.0,,,,,,,,,,,,,,,,,,,,,,,,,,,,,,,,,,,,,,,,,,,,,,,,,,,,,,,,
2004-03-01,,,1944.0,675.1,4220.0,96.0,914.0,221.0,106718.0,97991.0,126043,879.0,25792.0,4.0,13.0,,,,,,,,,,,,,,,,,,,,,,,,,,,,,,,,,,,,,,,,,,,,,,,,,,,,,,,,
2004-04-01,,,2576.7,856.5,5613.0,169.0,1082.0,387.0,142864.0,127863.0,190709,1203.0,32933.0,5.0,31.0,,,,,,,,,,,,,,,,,,,,,,,,,,,,,,,,,,,,,,,,,,,,,,,,,,,,,,,,
2004-05-01,,,3207.7,1043.5,7028.0,268.0,1327.0,527.0,174613.0,151952.0,242686,1341.0,41781.0,6.0,37.0,,,,,,,,,,,,,,,,,,,,,,,,,,,,,,,,,,,,,,,,,,,,,,,,,,,,,,,,
2004-06-01,,,3881.7,1354.2,8563.0,336.0,1592.0,673.0,224125.0,178875.0,279690,1534.0,57000.0,8.0,39.0,,,,,,,,,,,,,,,,,,,,,,,,,,,,,,,,,,,,,,,,,,,,,,,,,,,,,,,,
2004-07-01,,,4596.4,1573.9,10212.0,397.0,1997.0,765.0,293810.0,207369.0,330660,1733.0,73203.0,9.0,41.0,,,,,,,,,,,,,,,,,,,,,,,,,,,,,,,,,,,,,,,,,,,,,,,,,,,,,,,,
2004-08-01,,,5270.6,1810.4,11826.0,469.0,2447.0,954.0,358561.0,233900.0,387392,1944.0,88193.0,10.0,49.0,,,,,,,,,,,,,,,,,,,,,,,,,,,,,,,,,,,,,,,,,,,,,,,,,,,,,,,,
2004-09-01,,,5948.7,2157.1,13387.0,523.0,2824.0,1070.0,423961.0,263945.0,446013,2178.0,103274.0,11.0,60.0,,,,,,,,,,,,,,,,,,,,,,,,,,,,,,,,,,,,,,,,,,,,,,,,,,,,,,,,
2004-10-01,,,6639.6,2382.0,14969.0,604.0,3182.0,1239.0,472366.0,293662.0,521666,2711.0,118871.0,12.0,70.0,,,,,,,,,,,,,,,,,,,,,,,,,,,,,,,,,,,,,,,,,,,,,,,,,,,,,,,,
2004-11-01,,,7276.6,2602.6,16405.0,706.0,3444.0,1350.0,501886.0,321838.0,590279,2899.0,133921.0,13.0,73.0,,,,,,,,,,,,,,,,,,,,,,,,,,,,,,,,,,,,,,,,,,,,,,,,,,,,,,,,
2004-12-01,,,7984.4,2937.8,17945.0,842.0,3680.0,1475.0,574204.0,345370.0,639074,3213.0,145217.0,14.0,83.0,,,,,,,,,,,,,,,,,,,,,,,,,,,,,,,,,,,,,,,,,,,,,,,,,,,,,,,,
2005-01-01,,,685.4,204.1,1503.0,138.0,242.0,151.0,75256.0,28582.0,55362,359.0,15301.0,1.0,6.0,,,,,,,,,,,,,,,,,,,,,,,,,,,,,,,,,,,,,,,,,,,,,,,,,,,,,,,,
2005-02-01,,,1338.3,409.5,2936.0,250.0,434.0,252.0,140400.0,55705.0,112312,574.0,30753.0,2.0,9.0,,,,,,,,,,,,,,,,,,,,,,,,,,,,,,,,,,,,,,,,,,,,,,,,,,,,,,,,
2005-03-01,,,2027.5,747.8,4496.0,367.0,675.0,385.0,217265.0,81684.0,179116,910.0,43938.0,3.0,10.0,,,,,,,,,,,,,,,,,,,,,,,,,,,,,,,,,,,,,,,,,,,,,,,,,,,,,,,,
2005-04-01,,,2673.6,950.6,6021.0,524.0,939.0,570.0,256519.0,102627.0,238736,1090.0,53732.0,4.0,13.0,,,,,,,,,,,,,,,,,,,,,,,,,,,,,,,,,,,,,,,,,,,,,,,,,,,,,,,,
2005-05-01,,,3376.3,1170.9,7660.0,696.0,1237.0,783.0,316453.0,133083.0,285033,1354.0,66988.0,6.0,19.0,,,,,,,,,,,,,,,,,,,,,,,,,,,,,,,,,,,,,,,,,,,,,,,,,,,,,,,,
2005-06-01,,,4098.5,1529.4,9357.0,798.0,1639.0,882.0,363303.0,167532.0,351322,1650.0,82546.0,7.0,21.0,,,,,,,,,,,,,,,,,,,,,,,,,,,,,,,,,,,,,,,,,,,,,,,,,,,,,,,,
2005-07-01,,,4846.3,1757.8,11102.0,900.0,2084.0,959.0,443879.0,204448.0,411391,1934.0,99108.0,9.0,30.0,,,,,,,,,,,,,,,,,,,,,,,,,,,,,,,,,,,,,,,,,,,,,,,,,,,,,,,,
2005-08-01,,,5575.2,2012.8,12859.0,1014.0,2538.0,1067.0,532126.0,226446.0,449728,2262.0,113565.0,10.0,36.0,,,,,,,,,,,,,,,,,,,,,,,,,,,,,,,,,,,,,,,,,,,,,,,,,,,,,,,,
2005-09-01,,,6298.0,2432.6,14554.0,1094.0,3039.0,1192.0,603748.0,271164.0,488838,2538.0,131458.0,11.0,38.0,,,,,,,,,,,,,,,,,,,,,,,,,,,,,,,,,,,,,,,,,,,,,,,,,,,,,,,,
2005-10-01,,,7031.7,2709.6,16259.0,1162.0,3542.0,1274.0,683353.0,286663.0,564620,2833.0,146235.0,13.0,38.0,,,,,,,,,,,,,,,,,,,,,,,,,,,,,,,,,,,,,,,,,,,,,,,,,,,,,,,,
2005-11-01,,,7714.5,2944.7,17823.0,1234.0,3967.0,1386.0,744357.0,324890.0,620245,3074.0,164258.0,14.0,41.0,,,,,,,,,,,,,,,,,,,,,,,,,,,,,,,,,,,,,,,,,,,,,,,,,,,,,,,,
2005-12-01,,,8474.9,3328.8,19518.0,1441.0,4321.0,1483.0,814622.0,339628.0,679438,3274.0,182650.0,15.0,45.0,,,,,,,,,,,,,,,,,,,,,,,,,,,,,,,,,,,,,,,,,,,,,,,,,,,,,,,,
2006-01-01,,,736.7,235.4,1615.0,120.0,331.0,139.0,72811.0,20374.0,64542,382.0,13732.0,1.0,7.0,,,,,,,,,,,,,,,,,,,,,,,,,,,,,,,,,,,,,,,,,,,,,,,,,,,,,,,,
2006-02-01,,,1431.2,470.7,3117.0,218.0,586.0,272.0,154693.0,34856.0,130035,762.0,23530.0,2.0,14.0,,,,,,,,,,,,,,,,,,,,,,,,,,,,,,,,,,,,,,,,,,,,,,,,,,,,,,,,
2006-03-01,,,2165.8,855.3,4795.0,328.0,966.0,357.0,212642.0,59578.0,197974,1062.0,39837.0,3.0,16.0,,,,,,,,,,,,,,,,,,,,,,,,,,,,,,,,,,,,,,,,,,,,,,,,,,,,,,,,
2006-04-01,,,2850.8,1097.2,6444.0,475.0,1339.0,526.0,270140.0,91389.0,253027,1213.0,51215.0,4.0,20.0,,,,,,,,,,,,,,,,,,,,,,,,,,,,,,,,,,,,,,,,,,,,,,,,,,,,,,,,
2006-05-01,,,3590.8,1330.3,8215.0,706.0,1656.0,648.0,359596.0,122958.0,282435,1527.0,62423.0,5.0,22.0,,,,,,,,,,,,,,,,,,,,,,,,,,,,,,,,,,,,,,,,,,,,,,,,,,,,,,,,
2006-06-01,,,4336.2,1742.4,9991.0,865.0,2017.0,771.0,440594.0,154712.0,311892,1806.0,74208.0,6.0,25.0,,,,,,,,,,,,,,,,,,,,,,,,,,,,,,,,,,,,,,,,,,,,,,,,,,,,,,,,
2006-07-01,,,5146.5,2012.8,11972.0,1031.0,2483.0,898.0,542720.0,183981.0,367766,2253.0,84643.0,7.0,32.0,,,,,,,,,,,,,,,,,,,,,,,,,,,,,,,,,,,,,,,,,,,,,,,,,,,,,,,,
2006-08-01,,,5916.9,2280.3,13867.0,1161.0,2936.0,1024.0,599499.0,210686.0,428104,2520.0,94171.0,8.0,41.0,,,,,,,,,,,,,,,,,,,,,,,,,,,,,,,,,,,,,,,,,,,,,,,,,,,,,,,,
2006-09-01,,,6687.0,2733.5,15769.0,1283.0,3405.0,1115.0,661487.0,239230.0,499097,2878.0,103689.0,10.0,54.0,,,,,,,,,,,,,,,,,,,,,,,,,,,,,,,,,,,,,,,,,,,,,,,,,,,,,,,,
2006-10-01,,,7430.9,3062.3,18188.0,1415.0,3850.0,1321.0,700817.0,939184.0,560123,3128.0,109380.0,10.0,66.0,,,,,,,,,,,,,,,,,,,,,,,,,,,,,,,,,,,,,,,,,,,,,,,,,,,,,,,,
2006-11-01,,,8164.7,3377.8,19301.0,1514.0,4212.0,1461.0,728146.0,306807.0,617191,3347.0,116548.0,12.0,73.0,,,,,,,,,,,,,,,,,,,,,,,,,,,,,,,,,,,,,,,,,,,,,,,,,,,,,,,,
2006-12-01,,,8931.6,3827.0,21105.0,1601.0,4648.0,1611.0,751335.0,330269.0,677417,3600.0,122648.0,13.0,76.0,,,,,,,,,,,,,,,,,,,,,,,,,,,,,,,,,,,,,,,,,,,,,,,,,,,,,,,,
2007-01-01,,,768.2,265.5,1806.0,105.0,478.0,58.0,28614.0,29364.0,62218,205.0,10430.0,2.0,12.0,,,,,,,,,,,,,,,,,,,,,,,,,,,,,,,,,,,,,,,,,,,,,,,,,,,,,,,,
2007-02-01,,,1476.0,526.1,3454.0,217.0,934.0,83.0,63743.0,58788.0,121104,426.0,20859.0,3.0,23.0,,,,,,,,,,,,,,,,,,,,,,,,,,,,,,,,,,,,,,,,,,,,,,,,,,,,,,,,
2007-03-01,,,2223.9,945.1,5302.0,349.0,1446.0,120.0,106888.0,91106.0,159717,901.0,28364.0,4.0,24.0,,,,,,,,,,,,,,,,,,,,,,,,,,,,,,,,,,,,,,,,,,,,,,,,,,,,,,,,
2007-04-01,,,2940.2,1197.6,7043.0,494.0,1796.0,155.0,143806.0,122729.0,198754,1357.0,34899.0,5.0,33.0,,,,,,,,,,,,,,,,,,,,,,,,,,,,,,,,,,,,,,,,,,,,,,,,,,,,,,,,
2007-05-01,,,3703.9,1464.5,8934.0,623.0,2212.0,225.0,211247.0,159354.0,260696,2252.0,40182.0,7.0,40.0,,,,,,,,,,,,,,,,,,,,,,,,,,,,,,,,,,,,,,,,,,,,,,,,,,,,,,,,
2007-06-01,,,4477.9,1823.35,10859.0,761.0,2636.0,258.0,273139.0,190838.0,327958,3789.0,47914.0,8.0,51.0,,,,,,,,,,,,,,,,,,,,,,,,,,,,,,,,,,,,,,,,,,,,,,,,,,,,,,,,
2007-07-01,,,5316.2,2182.2,12955.0,893.0,3155.0,297.0,338511.0,222249.0,396631,7930.0,55977.0,10.0,58.0,,,,,,,,,,,,,,,,,,,,,,,,,,,,,,,,,,,,,,,,,,,,,,,,,,,,,,,,
2007-08-01,,,6120.0,2507.0,14987.0,997.0,3642.0,471.0,398721.0,247229.0,463081,13808.0,62008.0,11.0,66.0,,,,,,,,,,,,,,,,,,,,,,,,,,,,,,,,,,,,,,,,,,,,,,,,,,,,,,,,
2007-09-01,,,6897.6,2995.7,16960.0,1090.0,4075.0,596.0,478047.0,279403.0,527806,19949.0,68790.0,12.0,72.0,,,,,,,,,,,,,,,,,,,,,,,,,,,,,,,,,,,,,,,,,,,,,,,,,,,,,,,,
2007-10-01,,,7696.5,3373.3,18909.0,1192.0,4611.0,755.0,569279.0,982686.0,597783,24340.0,75463.0,13.0,78.0,,,,,,,,,,,,,,,,,,,,,,,,,,,,,,,,,,,,,,,,,,,,,,,,,,,,,,,,
2007-11-01,,,8473.7,3671.7,20769.0,1300.0,5041.0,856.0,649389.0,294430.0,637175,30065.0,83834.0,14.0,82.0,,,,,,,,,,,,,,,,,,,,,,,,,,,,,,,,,,,,,,,,,,,,,,,,,,,,,,,,
2007-12-01,,,9255.8,4120.5,22608.0,1412.0,5509.0,899.0,734849.0,325466.0,664045,37559.0,90461.0,15.0,86.0,,,,,,,,,,,,,,,,,,,,,,,,,,,,,,,,,,,,,,,,,,,,,,,,,,,,,,,,
2008-01-01,,,822.1,288.6,1920.0,81.0,465.0,83.0,84978.0,22857.0,33684,8199.0,4371.0,1.0,3.0,,,,,,,,,,,,,,,,,,,,,,,,,,,,,,,,,,,,,,,,,,,,,,,,,,,,,,,,
2008-02-01,,,1586.8,562.1,3744.0,160.0,939.0,241.0,169549.0,57232.0,64224,15213.0,10011.0,2.0,4.0,,,,,,,,,,,,,,,,,,,,,,,,,,,,,,,,,,,,,,,,,,,,,,,,,,,,,,,,
2008-03-01,,,2362.4,1014.5,5698.0,292.0,1379.0,413.0,261508.0,98219.0,103470,21260.0,16842.0,3.0,10.0,,,,,,,,,,,,,,,,,,,,,,,,,,,,,,,,,,,,,,,,,,,,,,,,,,,,,,,,
2008-04-01,,,3135.3,1311.9,7654.0,464.0,1799.0,533.0,364187.0,129404.0,140800,28392.0,22501.0,4.0,13.0,,,,,,,,,,,,,,,,,,,,,,,,,,,,,,,,,,,,,,,,,,,,,,,,,,,,,,,,
2008-05-01,,,3927.6,1602.6,9677.0,626.0,2269.0,655.0,456556.0,158521.0,163276,35908.0,31569.0,5.0,15.0,,,,,,,,,,,,,,,,,,,,,,,,,,,,,,,,,,,,,,,,,,,,,,,,,,,,,,,,
2008-06-01,,,4740.0,2051.2,11733.0,789.0,2711.0,763.0,567329.0,191274.0,193332,44743.0,37395.0,6.0,21.0,,,,,,,,,,,,,,,,,,,,,,,,,,,,,,,,,,,,,,,,,,,,,,,,,,,,,,,,
2008-07-01,,,5624.8,2389.0,13994.0,964.0,3269.0,867.0,666685.0,223639.0,226371,54267.0,41801.0,6.0,25.0,,,,,,,,,,,,,,,,,,,,,,,,,,,,,,,,,,,,,,,,,,,,,,,,,,,,,,,,
2008-08-01,,,6461.5,2731.2,16197.0,1128.0,3683.0,1071.0,788142.0,261978.0,252263,61548.0,48224.0,7.0,26.0,,,,,,,,,,,,,,,,,,,,,,,,,,,,,,,,,,,,,,,,,,,,,,,,,,,,,,,,
2008-09-01,,,7290.2,3266.9,18290.0,1255.0,4131.0,1297.0,882130.0,637146.0,286974,67868.0,53837.0,7.0,27.0,,,,,,,,,,,,,,,,,,,,,,,,,,,,,,,,,,,,,,,,,,,,,,,,,,,,,,,,
2008-10-01,,,8086.3,3618.4,20258.0,1366.0,4478.0,1504.0,965377.0,323289.0,310914,69971.0,58376.0,8.0,33.0,,,,,,,,,,,,,,,,,,,,,,,,,,,,,,,,,,,,,,,,,,,,,,,,,,,,,,,,
2008-11-01,,,8879.0,3937.0,22106.0,1483.0,4789.0,1733.0,1042667.0,362759.0,329329,73655.0,64647.0,9.0,34.0,,,,,,,,,,,,,,,,,,,,,,,,,,,,,,,,,,,,,,,,,,,,,,,,,,,,,,,,
2008-12-01,,,9702.5,4454.6,24004.0,1585.0,5069.0,2066.0,1102366.0,393870.0,351227,74760.0,72165.0,9.0,40.0,,,,,,,,,,,,,,,,,,,,,,,,,,,,,,,,,,,,,,,,,,,,,,,,,,,,,,,,
2009-01-01,,,871.0,332.9,1980.0,135.0,323.0,274.0,79930.0,32196.0,9977,981.0,7698.0,0.0,4.0,,,,,,,,,,,,,,,,,,,,,,,,,,,,,,,,,,,,,,,,,,,,,,,,,,,,,,,,
2009-02-01,,,1636.4,637.5,3738.0,214.0,665.0,526.0,140332.0,63730.0,25961,2157.0,15238.0,1.0,7.0,,,,,,,,,,,,,,,,,,,,,,,,,,,,,,,,,,,,,,,,,,,,,,,,,,,,,,,,
2009-03-01,,,2437.3,1090.2,5675.0,356.0,992.0,859.0,189344.0,92474.0,49941,2287.0,22105.0,4.0,8.0,,,,,,,,,,,,,,,,,,,,,,,,,,,,,,,,,,,,,,,,,,,,,,,,,,,,,,,,
2009-04-01,,,3212.3,1398.1,7614.0,473.0,1284.0,1149.0,228286.0,112891.0,70758,2476.0,26985.0,10.0,10.0,,,,,,,,,,,,,,,,,,,,,,,,,,,,,,,,,,,,,,,,,,,,,,,,,,,,,,,,
2009-05-01,,,4032.8,1724.3,9718.0,594.0,1747.0,1536.0,306237.0,138159.0,93747,2773.0,33041.0,22.0,13.0,,,,,,,,,,,,,,,,,,,,,,,,,,,,,,,,,,,,,,,,,,,,,,,,,,,,,,,,
2009-06-01,,,4892.0,2160.8,11902.0,713.0,2202.0,1873.0,386770.0,161310.0,110939,2879.0,38283.0,35.0,15.0,,,,,,,,,,,,,,,,,,,,,,,,,,,,,,,,,,,,,,,,,,,,,,,,,,,,,,,,
2009-07-01,,,5820.1,2521.2,14297.0,866.0,2693.0,2192.0,484249.0,188999.0,133170,3005.0,40382.0,55.0,17.0,,,,,,,,,,,,,,,,,,,,,,,,,,,,,,,,,,,,,,,,,,,,,,,,,,,,,,,,
2009-08-01,,,6713.1,2911.2,16638.0,995.0,3150.0,2482.0,582852.0,207917.0,153494,3160.0,40382.0,69.0,20.0,,,,,,,,,,,,,,,,,,,,,,,,,,,,,,,,,,,,,,,,,,,,,,,,,,,,,,,,
2009-09-01,,,7541.4,3468.5,18736.2,2489.6,3400.1,3426.9,672454.0,234482.0,169616,5456.0,40382.0,74.9,92.8,323.2,-422.0,-25.1,7478.0,2094.6,,,,,,,,,,,,,,,,,,,,,,,,,,,,,,,,,,,,,,,121.6,,,,,,,,,,,,
2009-10-01,,,8419.3,3895.7,20951.2,2677.5,3981.3,3985.6,810552.0,265351.0,185005,8291.0,40382.0,75.3,102.5,349.5,-456.7,-28.4,8137.8,2342.9,,,,,,,,,,,,,,,,,,,,,,,,,,,,,,,,,,,,,,,133.4,,,,,,,,,,,,
2009-11-01,,,9215.7,4250.4,22956.1,2808.4,4422.5,4399.2,891334.0,304886.0,199528,9781.0,40382.0,79.1,120.4,366.4,-479.7,-32.3,8903.2,2599.1,,,,,,,,,,,,,,,,,,,,,,,,,,,,,,,,,,,,,,,145.3,,,,,,,,,,,,
2009-12-01,,,10067.7,4712.9,25016.3,2952.3,4850.4,4748.6,969599.0,326577.0,223427,13211.0,40382.0,110.3,126.1,383.8,-504.8,-36.8,9771.6,2843.6,,,,,,,,,,,,,,,,,,,,,,,,,,,,,,,,,,,,,,,157.9,,,,,,,,,,,,
2010-01-01,,,865.3,368.5,2048.4,377.1,362.1,197.2,79171.0,22093.0,11141,1564.0,,24.7,4.5,0.0,0.0,-5.2,857.3,218.0,,,,,,,,,,,,,,,,,,,,,,,,,,,,,,,,,,,,,,,11.5,,,,,,,,,,,,
2010-02-01,,,1640.7,680.7,3878.0,894.4,632.7,273.8,131551.0,42887.0,24215,3693.0,,57.5,11.8,0.0,0.0,-8.2,1570.8,417.2,,,,,,,,,,,,,,,,,,,,,,,,,,,,,,,,,,,,,,,26.8,,,,,,,,,,,,
2010-03-01,,,2485.9,1135.8,5943.1,1490.9,902.2,444.9,175280.0,72145.0,24903,4158.0,,86.6,24.2,0.0,0.0,-12.0,2361.9,607.1,,,,,,,,,,,,,,,,,,,,,,,,,,,,,,,,,,,,,,,40.7,,,,,,,,,,,,
2010-04-01,,,3309.1,1481.2,8076.7,1803.8,1299.0,804.7,271980.0,101135.0,24946,5203.0,,110.1,32.6,2.2,-2.6,-16.0,3191.0,800.5,,,,,,,,,,,,,,,,,,,,,,,,,,,,,,,,,,,,,,,52.7,,,,,,,,,,,,
2010-05-01,,,4157.9,1826.0,10328.8,2018.4,1781.0,1152.8,380788.0,131605.0,27733,9676.0,,147.7,42.7,2.2,-2.6,-19.1,4088.4,1046.1,,,,,,,,,,,,,,,,,,,,,,,,,,,,,,,,,,,,,,,68.7,,,,,,,,,,,,
2010-06-01,,,5026.0,2322.6,12604.5,2198.1,2351.2,1570.6,501196.0,167292.0,50448,10316.0,,177.8,58.8,5.2,-5.1,-22.8,4959.7,1230.7,,,,,,,,,,,,,,,,,,,,,,,,,,,,,,,,,,,,,,,81.5,,,,,,,,,,,,
2010-07-01,,,5976.9,2725.8,15098.3,2453.0,3180.0,2029.0,641095.0,206099.0,77156,10624.0,,208.9,76.6,40.9,-51.6,-25.9,5888.8,1238.7,,,,,,,,,,,,,,,,,,,,,,,,,,,,,,,,,,,,,,,98.1,,,,,,,,,,,,
2010-08-01,,,6956.3,3154.3,17682.0,2728.2,3945.0,2535.8,820848.0,249821.0,82226,12911.0,,238.4,94.3,72.9,-95.0,-28.7,6782.2,1372.1,,,,,,,,,,,,,,,,,,,,,,,,,,,,,,,,,,,,,,,111.6,,,,,,,,,,,,
2010-09-01,,,7842.0,3756.6,20003.4,2940.2,4655.0,3063.0,962206.0,682657.0,2788063,16409.0,88475.0,271.8,111.0,102.6,-134.4,-32.4,7556.4,1453.4,,,,,,,,,,,,,,,,,,,,,,,,,,,,,,,,,,,,,,,126.2,,,,,,,,,,,,
2010-10-01,,,8723.7,4205.7,22306.8,3125.1,5363.0,3573.4,1104557.0,807753.0,3037317,19071.0,123835.0,295.9,114.5,136.7,-180.7,-35.1,8228.8,1690.8,,,,,,,,,,,,,,,,,,,,,,,,,,,,,,,,,,,,,,,137.2,,,,,,,,,,,,
2010-11-01,,,9533.2,4609.2,24356.5,3273.5,5913.7,3878.8,1205857.0,897700.0,3331076,26538.0,144500.0,326.9,128.3,152.9,-203.4,-38.8,9019.6,1917.7,,,,,,,,,,,,,,,,,,,,,,,,,,,,,,,,,,,,,,,151.6,,,,,,,,,,,,
2010-12-01,,,10426.7,5135.5,26530.6,3630.8,6409.8,4091.3,1279241.0,985572.0,3632455,32790.0,144500.0,365.6,151.8,163.0,-218.4,-41.9,9847.2,2153.0,,,,,,,,,,,,,,,,,,,,,,,,,,,,,,,,,,,,,,,165.6,,,,,,,,,,,,
2011-01-01,,,888.1,380.2,2237.8,234.9,590.9,299.3,102983.0,50069.0,303132,4665.0,,34.6,16.1,8.5,-10.8,-2.9,817.7,256.3,,,,,,,,,,,,,,,,,,,,,,,,,,,,,,,,,,,,,,,12.9,,,,,,,,,491297.0,,,
2011-02-01,,,1689.4,719.7,4269.7,435.1,1159.5,,202380.0,91712.0,563510,9729.0,,73.8,24.6,14.8,-20.6,-6.1,1542.2,468.1,,,,,,,,,,,,,,,,,,,,,,,,,,,,,,,,,,,,,,,25.1,,,,,,,,,417746.0,,,
2011-03-01,,,2570.9,1203.5,6544.2,609.9,1818.0,931.7,295417.0,126586.0,27836,9498.0,,99.4,37.6,14.8,-20.6,-9.1,2388.9,664.5,,,,,,,,,,,,,,,,,,,,,,,,,,,,,,,,,,,,,,,39.9,,,,,,,,,461585.0,172760.0,,
2011-04-01,,,3428.8,1595.5,8822.4,806.5,2366.1,1363.5,416413.0,154531.0,51567,11867.0,,133.9,55.7,31.7,-42.4,-12.9,3248.0,877.9,,,,,,,,,,,,,,,,,,,,,,,,,,,,,,,,,,,,,,,52.0,,,,,,,,,307007.0,195176.0,,
2011-05-01,,,4339.8,1967.2,11181.8,1012.6,2905.8,76.0,523313.0,189101.0,1510249,15288.0,84480.0,213.3,,45.9,-61.0,-17.9,4161.2,1104.6,,,,,,,,,,,,,,,,,,,,,,,,,,,,,,,,,,,,,,,68.8,,,,,,,,,266739.0,179836.0,,
2011-06-01,,,5286.9,2517.1,13729.2,1215.8,3692.0,2226.6,673355.0,219014.0,115678,13568.0,,208.0,98.5,61.6,-82.2,-20.3,5020.8,1332.1,,,,,,,,,,,,,,,,,,,,,,,,,,,,,,,,,,,,,,,84.1,,,,,,,,,489404.0,210371.0,,
2011-07-01,,,6265.6,2980.3,16425.2,1438.2,4489.8,2759.8,867382.0,255294.0,2125479,18724.0,144502.0,309.3,119.2,82.5,-110.0,-24.9,5931.7,1535.2,,,,,,,,,,,,,,,,,,,,,,,,,,,,,,,,,,,,,,,96.1,,,,,,,,,472044.0,211561.0,,
2011-08-01,,,7249.9,3448.5,19116.3,1646.3,5268.9,,1040903.0,296829.0,2455533,26429.0,172642.0,349.4,146.9,92.1,-123.8,-28.6,6825.6,1717.2,,,,,,,,,,,,,,,,,,,,,,,,,,,,,,,,,,,,,,,105.5,,,,,,,,,496972.0,160363.0,,
2011-09-01,,,8157.2,4100.3,21575.4,1775.0,6155.6,3831.2,1201549.0,873205.0,2455534,23011.0,191029.0,297.5,174.8,99.0,-133.1,-31.1,7716.8,1741.7,,,,,,,,,,,,,,,,,,,,,,,,,,,,,,,,,,,,,,,121.1,,,,,,,,,419614.0,232826.0,,
2011-10-01,,,9098.9,4600.0,24107.3,1920.4,7095.2,4238.8,1369453.0,999732.0,3130233,26444.0,217162.0,346.9,192.2,113.1,-151.4,-33.4,8598.4,1849.6,,,,,,,,,,,,,,,,,,,,,,,,,,,,,,,,,,,,,,,136.0,,,,,,,,,465446.0,221269.0,,
2011-11-01,,,9942.5,5043.9,26308.8,2013.0,7961.5,4516.7,1483274.0,1144708.0,3463033,27983.0,252652.0,386.1,207.4,125.6,-168.8,-35.9,9286.5,2092.6,,,,,,,,,,,,,,,,,,,,,,,,,,,,,,,,,,,,,,,145.2,,,,,,,,,435063.0,159874.0,,
2011-12-01,,,10893.2,5588.7,28752.0,2138.7,8852.5,4824.1,1601793.0,1289064.0,3690273,28653.0,290148.0,416.3,217.1,133.3,-180.6,-38.0,10134.0,2329.1,,,,,,,,,,,,,,,,,,,,,,,,,,,,,,,,,,,,,,,156.8,,,,,,,,,396642.0,208825.0,,
2012-01-01,,,1855.1,403.2,2483.8,104.9,819.5,334.1,121510.0,109925.0,339416,1288.0,10339.0,43.8,2.0,2.8,-4.3,-3.2,932.4,244.7,,,,,,,,,,,,,,,,,,,,,,,,,,,,,,,,,,,,,,,12.2,,,,,,,,,489902.0,32940.0,,
2012-02-01,,,1855.1,798.5,4822.4,209.4,1629.5,656.4,245622.0,219628.0,632235,2295.0,16486.0,87.9,3.3,11.3,-15.4,-5.6,1764.3,473.2,,,,,,,,,,,,,,,,,,,,,,,,,,,,,,,,,,,,,,,22.5,,,,,,,,,406758.0,228655.0,,
2012-03-01,,,2778.9,1350.6,7374.5,376.3,2436.4,1038.1,351217.0,334239.0,951056,3804.0,45059.0,145.6,13.5,14.4,-20.9,-8.7,2667.1,706.2,,,,,,,,,,,,,,,,,,,,,,,,,,,,,,,,,,,,,,,34.5,,,,,,,,,408914.0,188297.0,,
2012-04-01,,,3648.6,1757.1,9744.5,485.5,3285.5,1450.2,482007.0,445966.0,1210185,5108.0,56990.0,205.4,27.4,18.8,-27.1,-12.3,3388.7,939.7,,,,,,,,,,,,,,,,,,,,,,,,,,,,,,,,,,,,,,,48.9,,,,,,,,,428396.0,206241.0,,
2012-05-01,,,4605.8,2172.3,12422.5,657.6,4179.8,1858.3,615155.0,239245.0,1516395,6746.0,77936.0,264.9,30.6,29.8,-42.1,-132.0,4261.8,1191.8,,,,,,,,,,,,,,,,,,,,,,,,,,,,,,,,,,,,,,,63.6,,,,,,,,,392910.0,229372.0,,
2012-06-01,,,5574.4,2776.1,15139.1,808.2,5163.7,2274.0,769253.0,667241.0,1818006,8351.0,114237.0,320.2,46.2,39.5,-45.5,-15.3,5135.9,1430.4,,,,,,,,,,,,,,,,,,,,,,,,,,,,,,,,,,,,,,,76.4,,,,,,,,,470178.0,192704.0,,
2012-07-01,,,6605.2,3256.8,18076.9,979.4,6256.7,2759.0,953253.0,791481.0,2128169,11241.0,148953.0,374.7,66.9,55.3,-76.0,-17.8,6042.7,1669.2,,,,,,,,,,,,,,,,,,,,,,,,,,,,,,,,,,,,,,,89.0,,,,,,,,,454219.0,208876.0,,
2012-08-01,,,7610.6,3806.5,20961.4,1151.0,7327.8,3281.9,1126135.0,366920.0,2424020,14020.0,184811.0,423.0,89.6,80.9,-109.7,-20.0,6903.9,1904.0,,,,,,,,,,,,,,,,,,,,,,,,,,,,,,,,,,,,,,,99.4,,,,,,,,,517942.0,105416.0,,
2012-09-01,,,8574.1,4531.8,23615.1,1288.2,8200.9,3779.6,1250064.0,1023971.0,2745428,16594.0,219937.0,469.6,103.0,108.4,-145.1,-23.1,7788.5,2142.5,,,,,,,,,,,,,,,,,,,,,,,,,,,,,,,,,,,,,,,113.8,,,,,,,,,314132.0,209433.0,,
2012-10-01,,,9400.6,5048.9,26118.5,1400.0,9070.3,4132.8,1374358.0,1160726.0,3087244,18253.0,257566.0,509.7,122.1,136.7,-182.4,-26.0,8696.4,2393.3,,,,,,,,,,,,,,,,,,,,,,,,,,,,,,,,,,,,,,,124.4,,,,,,,,,557636.0,123754.0,,
2012-11-01,,,10294.3,5544.5,28488.1,1532.0,9954.2,4557.5,1501125.0,1269095.0,3328826,19853.0,291493.0,551.3,134.7,161.0,-215.6,-29.2,9362.4,2639.7,,,,,,,,,,,,,,,,,,,,,,,,,,,,,,,,,,,,,,,136.0,,,,,,,,,524918.0,129051.0,,
2012-12-01,,,11386.5,6133.0,31055.6,1816.0,10790.5,5659.6,1615336.0,1361084.0,3328826,21561.0,328168.0,582.0,818.3,185.0,-248.3,,10191.1,2830.7,,,,,,,,,,,,,,,,,,,,,,,,,,,,,,,,,,,,,,,146.0,,,,,,,,,572130.0,170925.0,,
2013-01-01,,,962.9,435.1,2536.0,215.7,866.3,494.2,126230.0,136063.0,240720,2286.0,38975.0,51.6,5.3,22.8,-30.9,-3.6,692.5,234.3,,,,,,,,,,,,,,,,,,,,,,,,,,,,,,,,,,,,,,,14.8,,,,,,,,,379265.0,85001.0,,
2013-02-01,,,1840.9,852.8,4850.4,492.6,1539.1,909.5,196955.0,270822.0,496783,4089.0,90148.0,98.7,8.5,38.8,-52.5,-6.7,1397.2,439.5,,,,,,,,,,,,,,,,,,,,,,,,,,,,,,,,,,,,,,,26.7,,,,,,,,,489902.0,32940.0,,
2013-03-01,,,2797.0,1430.9,7371.0,977.9,2193.0,,244966.0,125107.0,774890,5723.0,145523.0,170.7,16.8,59.3,-79.9,-10.3,2097.0,665.8,,,,,,,,,,,,,,,,,,,,,,,,,,,,,,,,,,,,,,,44.0,,,,,,,,,355357.0,179969.0,,
2013-04-01,,,3714.7,1848.6,9878.9,1477.2,2892.4,1740.9,333064.0,483562.0,998003,7184.0,173030.0,228.2,23.4,79.8,-107.6,-14.0,2685.6,872.8,,,,,,,,,,,,,,,,,,,,,,,,,,,,,,,,,,,,,,,58.7,,,,,,,,,422631.0,147006.0,,
2013-05-01,,,4672.3,2308.1,12538.8,1703.5,3677.5,2207.0,433216.0,197036.0,1314861,8053.0,193794.0,281.9,31.1,88.9,-119.9,-17.4,3557.9,1092.0,72.2,,,,,,,,,,,,,,,,,,,,,,,,,,,,,,,,,,,,,,72.2,,,,,,,,,337031.0,135433.0,,
2013-06-01,,,5640.8,2938.8,15229.9,1884.1,4534.1,2707.0,541848.0,227364.0,1611154,9379.0,240752.0,344.5,39.3,91.3,-123.5,-21.1,4413.1,1312.1,,,,,,,,,,,,,,,,,,,,,,,,,,,,,,,,,,,,,,,88.1,,,,,,,,,546836.0,147036.0,,
2013-07-01,,,6720.6,3415.6,18259.3,2137.2,5533.2,3172.6,673055.0,827908.0,1945986,10522.0,305458.0,397.8,59.4,95.7,-129.3,-24.0,5348.7,1541.8,,,,,,,,,,,,,,,,,,,,,,,,,,,,,,,,,,,,,,,99.4,,,,,,,,,578672.0,151169.0,,
2013-08-01,,,10639.8,3982.0,21201.0,2361.6,6475.2,3678.0,804017.0,937064.0,2273784,11790.0,365688.0,455.7,67.0,109.2,-146.9,-27.3,6288.8,1772.7,,,,,,,,,,,,,,,,,,,,,,,,,,,,,,,,,,,,,,,110.9,,,,,,,,,522063.0,150877.0,,
2013-09-01,,,11981.6,4738.4,23939.9,2529.8,7366.3,4172.9,915400.0,1062349.0,2608616,13032.0,429031.0,509.3,78.9,124.7,-167.7,-30.5,7161.6,2006.9,,,,,,,,,,,,,,,,,,,,,,,,,,,,,,,,,,,,,,,124.8,,,,,,,,,598365.0,114779.0,,
2013-10-01,,,9741.8,5301.2,26628.0,2699.9,8280.7,4577.4,1033361.0,1192979.0,2840412,14599.0,480053.0,546.0,82.2,145.6,-195.6,-34.2,8078.2,2245.2,,,,,,,,,,,,,,,,,,,,,,,,,,,,,,,,,,,,,,,132.4,,,,,,,,,4594214.0,1341852.0,,
2013-11-01,,,10692.9,5803.2,29199.4,2850.7,9060.9,5029.1,1140056.0,4054200.0,3143679,16107.0,509208.0,598.4,94.5,171.3,-228.9,-37.0,8974.0,2467.7,,,,,,,,,,,,,,,,,,,,,,,,,,,,,,,,,,,,,,,146.5,,,,,,,,,475927.0,50107.0,,
2013-12-01,,,11717.8,6439.5,31884.7,2990.4,9905.3,5551.1,1264916.0,1439924.0,3464525,18091.0,553346.0,660.4,151.2,205.4,-274.2,-40.6,9915.3,2662.7,,,,,,,,,,,,,,,,,,,,,,,,,,,,,,,,,,,,,,,160.5,,,,,,,,,478133.0,220645.0,,
2014-01-01,,,1016.1,482.1,2664.9,128.1,804.1,468.1,86507.0,135978.0,311122,1080.0,57950.0,52.4,7.5,29.3,-39.8,-3.8,959.0,226.1,,,,,,,,,,,,,,,,,,,,,,,,,,,,,,,,,,,,,,,14.6,,,,,,,,,498724.0,120537.0,,
2014-02-01,,,1930.7,917.6,5073.9,302.5,1415.8,967.7,165570.0,71633.0,656839,2288.0,114649.0,103.6,10.8,57.5,-77.4,-7.4,1798.1,436.1,,,,,,,,,,,,,,,,,,,,,,,,,,,,,,,,,,,,,,,26.9,,,,,,,,,413554.0,92024.0,,
2014-03-01,,,2917.8,1542.3,7762.3,526.9,2033.5,1504.9,219804.0,111739.0,1040541,3711.0,186242.0,167.2,14.8,85.8,-114.8,-10.4,2836.1,657.9,,,,,,,,,,,,,,,,,,,,,,,,,,,,,,,,,,,,,,,39.7,,,,,,,,,591553.0,132486.0,,
2014-04-01,,,3880.3,1991.8,10435.7,691.7,2679.3,1983.4,297376.0,139657.0,1449250,4925.0,241148.0,218.5,24.1,99.0,-132.2,-13.5,3942.5,863.8,9.1,,,,,,,,,,,,,,,,,,,,,,,,,,,,,,,,,,,,,,52.4,,,,,,,,,508596.0,121104.0,,
2014-05-01,,,4904.8,2485.3,13339.1,884.7,3540.8,2464.3,400593.0,172788.0,1795373,6598.0,312695.0,285.6,37.7,122.6,-161.9,-17.4,4895.0,1087.6,38.8,,,,,,,,,,,,,,,,,,,,,,,,,,,,,,,,,,,,,,66.1,,,,,,,,,,,,
2014-06-01,,,5917.1,3162.2,16201.4,1072.9,4119.8,2998.7,432735.0,783375.0,1758394,7264.0,371749.0,327.9,56.4,151.6,-198.0,-21.0,6131.4,1303.7,82.3,,,,,,,,,,,,,,,,,,,,,,,,,,,,,,,,,,,,,,75.9,,,,,,,,,,,,
2014-07-01,,,6971.3,3687.9,19232.0,1262.6,4820.4,3509.6,490118.0,910541.0,2664510,8040.0,427975.0,377.2,74.0,182.3,-238.1,-24.2,7374.3,1540.2,153.6,,,,,,,,,,,,,,,,,,,,,,,,,,,,,,,,,,,,,,88.6,,,,,,,,,,,,
2014-08-01,,,8015.5,4269.3,22288.2,1441.7,5384.3,4063.8,509141.0,1047314.0,3160675,8846.0,489400.0,427.1,91.8,216.0,-278.3,-27.3,8725.2,1771.5,240.4,,,,,,,,,,,,,,,,,,,,,,,,,,,,,,,,,,,,,,97.4,,,,,,,,,,,,
2014-09-01,,,9064.0,5057.9,25204.9,1624.9,5960.0,4691.5,562554.0,1125520.0,3631006,10905.0,506524.0,454.0,106.4,259.5,-335.6,-31.5,9960.2,2007.8,290.4,,,,,,,,,,,,,,,,,,,,,,,,,,,,,,,,,,,,,,106.5,,,,,,,,,,,,
2014-10-01,,,10070.2,5646.0,28028.6,1786.5,6693.1,5124.3,647377.0,1227438.0,4108342,12505.0,527890.0,507.3,117.6,309.8,-402.8,-35.6,11240.4,2157.9,327.6,,,,,,,,,,,,,,,,,,,,,,,,,,,,,,,,,,,,,,119.8,,,,,,,,,,,,
2014-11-01,,,11043.7,6168.6,30680.0,1893.8,7293.1,5644.2,697356.0,390262.0,4570639,14010.0,557531.0,552.2,125.9,349.4,-457.2,-38.7,12433.6,2302.0,377.0,,,,,,,,,,,,,,,,,,,,,,,,,,,,,,,,,,,,,,130.5,,,,,,,,,,,,
2014-12-01,,,12093.9,6833.6,33379.8,2032.9,7754.6,6138.3,712349.0,1438283.0,5077464,15473.0,585917.0,594.2,128.1,395.5,-518.9,-43.3,13728.8,2504.2,441.7,,,,,,,,,,,,,,,,,,,,,,,,,,,,,,,,,,,,,,140.5,,,,,,,,,,,,
2015-01-01,,,1041.8,514.3,2744.2,169.9,486.3,358.4,13139.0,119775.0,537955,846.0,38309.0,53.8,6.4,29.7,-41.8,,,211.9,89.4,,,,,,,,,,,,,,,,,,,,,,,,,,,,,,,,,,,,,,13.1,,,,,,,,,,,,
2015-02-01,,,1985.7,945.4,5258.8,349.0,888.0,723.3,21821.0,73404.0,999232,1320.0,84397.0,116.7,11.7,57.6,-80.4,-8.9,,407.1,171.9,,,,,,,,,,,,,,,,,,,,,,,,,,,,,,,,,,,,,,28.5,,,,,,,,,,,,
2015-03-01,,,2988.0,1600.3,7953.0,571.1,1430.7,1133.5,35527.0,107161.0,1455068,2171.0,149160.0,152.7,17.0,95.7,-121.1,-17.9,,619.5,259.0,,,,,,,,,,,,,,,,,,,,,,,,,,,,,,,,,,,,,,37.2,,,,,,,,,,,,
2015-04-01,,,3956.0,2075.9,10646.0,850.0,1955.3,1636.6,63195.0,474483.0,1876758,2818.0,184447.0,199.8,24.6,123.5,-158.2,-21.7,4793.0,827.2,335.7,,,,,,,,,,,,,,,,,,,,,,,,,,,,,,,,,,,,,,48.0,,,,,,,,,,,,
2015-05-01,,,4995.8,2574.2,13599.1,1074.0,2622.3,2173.7,113844.0,603530.0,2294833,3327.0,241690.0,259.6,33.6,151.3,-193.3,-25.4,5922.1,1044.8,431.0,,,,,,,,,,,,,,,,,,,,,,,,,,,,,,,,,,,,,,63.0,,,,,,,,,,,,
2015-06-01,,,6043.8,3263.4,16576.5,1277.3,3457.0,2547.1,210684.0,739141.0,2754932,4850.0,303393.0,318.1,36.5,187.3,-231.4,-29.5,7145.6,1233.0,512.3,,,,,,,,,,,,,,,,,,,,,,,,,,,,,,,,,,,,,,78.1,,,,,,,,,,,,
2015-07-01,,,7184.3,3841.0,19933.0,1477.9,4296.3,3038.9,303719.0,877803.0,3248860,5893.0,377377.0,357.9,41.3,233.5,-252.4,-33.0,8480.4,1454.5,627.1,19852.5,6133.0,1477.9,233.5,4296.3,357.9,0.8,-252.4,41.3,2898.2,10648.3,5483.6,2996.8,1454.5,627.1,417.2,214.7,95.8,106.7,-33.0,16797.1,7184.3,2429.5,3342.3,3841.0,303719.0,3876450.0,2086905.0,1161955.0,377377.0,250213.0,5893.0,351968797.0,258105937.0,3342.3,2429.5,,86.3,,,,,,86.3,19933.0,,,,,
2015-08-01,,,8276.0,4469.0,23118.6,1664.0,4982.0,3583.0,361110.0,994508.0,3755574,6948.0,427766.0,409.0,44.0,263.0,-279.0,-37.0,9823.0,1668.0,743.0,23022.8,7055.0,1664.0,263.0,4982.0,409.0,1.0,-279.0,44.0,3427.0,12333.0,6376.0,3447.0,1668.0,743.0,480.0,251.0,109.0,121.0,-37.0,19412.3,8276.0,2780.0,3888.0,4469.0,361110.0,4466711.0,2422168.0,1333406.0,427766.0,283371.0,6948.0,404615611.0,296140730.0,3888.0,2780.0,,98.0,,,,,,98.0,23118.6,96.0,,,,
2015-09-01,,,9281.5,5272.2,25972.3,1817.8,5680.7,3982.7,420433.0,1122289.0,4222069,7829.0,497147.0,455.7,47.5,286.4,-294.3,-40.9,11071.3,1873.1,809.9,25864.8,7955.2,1817.8,286.4,5680.7,455.7,1.1,-294.3,47.5,3809.6,13864.5,7256.0,3815.3,1873.1,809.9,523.1,272.1,122.4,128.6,-40.9,22073.1,9281.5,3097.2,4422.2,5272.2,420433.0,5031787.0,2749751.0,1472318.0,497147.0,312571.0,7829.0,455355611.0,332601928.0,4422.2,3097.2,,110.1,,,,,,110.1,25972.3,107.5,,,,
2015-10-01,,,10334.185,5860.436,28742.166,1979.773,6393.77,4362.24,498936.0,1226922.0,4222069,8735.0,531894.0,484.875,52.066,325.14,-333.073,-44.359,12422.6,2092.319,853.838,28742.166,8859.578,1979.773,325.14,6393.77,484.875,1.16,-333.073,52.066,4173.315,15485.546,8165.486,4257.114,2092.319,853.838,549.093,284.227,131.624,133.242,-44.359,24536.823,10334.185,3452.053,4890.149,5860.436,498936.0,5596115.0,3083351.0,1633356.0,531894.0,347514.0,8696.0,508547316.0,371353835.0,4890.149,3452.053,0.0,116.789,,,,,,116.789,28856.777,114.611,,,,
2015-11-01,,,11328.239,6383.391,31467.535,2121.128,7033.758,4794.747,550332.0,1354259.0,5176229,9786.0,584349.0,535.515,57.147,357.706,-373.122,-48.292,13636.709,2270.034,924.897,31467.535,9691.668,2121.128,357.706,7033.758,535.515,1.267,-373.122,57.147,4586.783,16960.12,8970.061,4666.648,2270.034,924.897,593.231,302.181,146.544,144.506,-48.292,26851.946,11328.239,3799.557,5340.759,6383.391,547953.0,6145533.0,3386783.0,1789446.0,584349.0,384955.0,9747.0,559450779.0,403159306.0,5340.759,3799.557,0.011,128.469,,,,,,128.469,31592.742,125.207,,,,
2015-12-01,,,12362.56,7101.688,34273.3327,2281.51,7626.313,5197.972,591579.0,1521011.0,5661196,10439.0,649415.0,583.851,59.705,396.217,-423.17,-51.3573,14930.839,2490.756,1009.696,34273.3327,10493.033,2281.51,396.217,7626.313,583.851,1.359,-423.17,59.705,4973.525,18577.208,9857.533,5073.306,2490.756,1009.696,644.389,328.14,161.498,154.751,-51.3573,29452.569,12362.56,4116.982,5871.339,7101.688,591579.0,6707424.0,3717491.0,1943705.0,623315.0,422913.0,10439.0,608786068.0,441968890.0,5871.339,4116.982,4.305,141.612,,,,,,141.612,34413.1477,139.815,,,,
2016-01-01,30.5,338.2,1026.843,511.524,2785.403,123.756,618.137,438.052,39565.0,122621.0,489850,617.0,55665.0,47.094,2.172,38.851,-52.887,-4.904,1274.283,222.701,58.6,2785.403,789.061,123.756,38.851,618.137,47.094,0.074,-52.887,2.172,423.751,1587.161,875.588,398.695,222.701,58.6,41.049,14.471,14.806,11.772,-4.904,2335.337,1026.843,341.465,455.505,511.524,39563.77,578993.0,336147.0,153703.0,55665.0,33478.0,617.0,52442001.0,39369927.0,455.505,341.465,19.195,12.382,,,,,,12.382,2794.094,8.691,,,,
2016-02-01,33.2,311.4,1998.365,961.917,5420.263,244.091,1256.088,880.289,100441.0,67165.0,863116,1395.0,93315.0,109.327,7.036,72.724,-96.857,-9.02,2281.758,436.725,170.027,5420.263,1609.669,244.091,72.724,1256.088,109.327,0.163,-96.857,7.036,850.09,2949.037,1673.946,607.812,436.725,170.027,110.308,50.66,33.472,26.176,-9.02,4498.795,1998.365,655.88,882.633,961.917,100439.61,1023596.0,628748.0,234368.0,93315.0,67165.0,1394.0,102721582.0,77187832.0,882.633,655.88,35.222,25.305,,,,,,25.305,5437.298,17.035,,,,
2016-03-01,39.0,338.7,3030.738,1665.338,8228.885,372.473,1800.361,1336.785,136419.0,103938.0,1323966,2024.0,152922.0,150.018,9.069,104.241,-138.982,-12.753,3530.591,650.066,282.98,8228.885,2323.143,372.473,104.241,1800.361,150.018,0.291,-138.982,9.069,1293.578,4578.726,2542.0,988.591,650.066,282.98,176.104,92.952,45.028,38.124,-12.753,7108.857,3030.738,999.606,1413.175,1665.338,136418.796,1580826.0,944867.0,379099.0,152922.0,103938.0,2015.951,149042870.0,115015903.0,1413.175,999.606,78.934,36.155,,,,,,36.155,8258.567,29.682,,,,
2016-04-01,42.3,310.3,,,10988.0,535.2,2309.3,1822.1,145808.0,487151.0,1763055,2566.0,223353.0,190.9,10.1,131.3,-173.1,-16.1,4719.7,865.9,371.7,,,,,,,,,,,,,,,,,,,,,,,,,,,,,,,,,,,,,,44.0,,,,,,,,,,,,
2016-05-01,47.1,292.9,5052.993,2641.271,13892.734,685.091,2853.241,2351.161,173845.0,596082.0,2221597,3000.0,272618.0,246.78,14.032,157.776,-207.087,-21.205,5943.433,1090.195,471.779,13892.734,3785.637,685.091,157.776,2853.241,246.78,0.525,-207.087,14.032,2278.549,7722.905,4126.841,1816.592,1090.195,471.779,319.903,188.156,69.653,62.094,-21.205,11743.352,5052.993,1636.399,2412.689,2641.271,173839.536,2655947.0,1529826.0,691771.0,272618.0,161732.0,2998.951,249852514.0,193026648.0,2412.689,1636.399,161.93,55.568,,,,,,55.568,13944.382,51.648,,,,
2016-06-01,48.5,365.6,6117.882,3382.379,16950.057,861.599,3393.351,2883.412,201788.0,698887.0,2705539,3351.0,325787.0,303.759,28.605,198.796,-259.326,-25.561,7244.596,1312.265,606.83,16950.057,4559.365,861.599,198.796,3393.351,303.759,0.656,-259.326,28.605,2783.682,9451.828,5000.38,2244.216,1312.265,606.83,411.464,254.306,82.737,74.421,-25.561,14403.805,6117.882,1909.919,2993.625,3382.379,201782.996,3217876.0,1856379.0,849160.0,325787.0,186550.0,3349.951,299510689.0,231907460.0,2993.625,1909.919,219.989,68.148,,,,,,68.148,17018.199,68.142,,,,
2016-07-01,45.1,326.6,7258.049,3974.44,20255.367,1036.897,4141.187,3408.881,270178.0,824444.0,3174663,4052.0,401940.0,362.427,44.779,238.302,-308.326,-29.524,8561.319,1526.036,764.762,20255.367,5541.29,1036.897,238.302,4141.187,362.427,0.779,-308.326,44.779,3278.533,11195.36,5893.577,2667.742,1526.036,764.762,533.255,340.44,95.835,96.98,-29.524,16997.472,7258.049,2225.228,3539.755,3974.44,270177.626,3787855.0,2173399.0,1001264.0,401940.0,211252.0,4055.951,337433702.0,283536621.0,3539.755,2225.228,261.905,81.338,,,,,,81.338,20334.044,78.677,,,,
2016-08-01,46.2,344.3,8451.659,4603.106,23676.323,1199.856,4959.384,3994.849,367034.0,923509.0,3669224,5055.0,465869.0,420.268,51.519,275.479,-355.739,-33.424,9920.679,1757.236,898.534,23676.323,6580.399,1199.856,275.479,4959.384,420.268,0.891,-355.739,51.519,3845.391,12961.404,6803.304,3117.375,1757.236,898.534,626.773,406.696,108.893,111.184,-33.424,19732.283,8451.659,2537.77,4139.748,4603.106,367033.756,4363913.0,2506132.0,1163092.0,465869.0,228820.0,5058.951,389396986.0,324010568.0,4139.748,2537.77,294.577,90.378,,,,,,90.378,23771.019,94.696,,,,
2016-09-01,46.2,414.0,9493.699,5513.067,26626.495,1339.527,5760.274,4295.865,453978.0,1032600.0,4110884,6104.0,536990.0,474.223,62.87,310.604,-401.464,-37.305,11169.19,1971.598,1011.907,26626.495,7575.016,1339.527,310.604,5760.274,474.223,0.992,-401.464,62.87,4123.664,14580.841,7672.014,3497.176,1971.598,1011.907,722.873,475.667,122.823,124.383,-37.305,22487.631,9493.699,2792.513,4688.352,5513.067,453978.056,4895679.0,2812928.0,1297956.0,536990.0,247805.0,6132.4221,441596654.0,361752636.0,4688.352,2792.513,325.617,102.529,,,,,,102.529,26734.567,108.072,,,,
2016-10-01,49.8,433.2,10561.291,6108.748,29659.957,1466.199,6679.548,4787.316,581410.0,1124625.0,4538388,8460.0,591531.0,519.969,69.237,341.265,-442.232,-42.777,12315.34,2203.986,1053.636,29659.957,8666.789,1466.199,341.265,6679.548,519.969,1.073,-442.232,69.237,4603.144,16035.728,8364.054,3951.286,2203.986,1053.636,770.068,506.342,135.88,127.846,-42.777,25043.937,10561.291,3173.099,5200.799,6108.748,581410.0142,5396466.0,3064689.0,1473699.0,591531.0,266547.0,8518.4781,496491043.0,402334869.91,5200.799,3173.099,349.908,112.858,,,,,,112.858,29778.185,118.228,,,,
2016-11-01,46.4,386.3,11584.152,6621.374,32466.419,1574.363,7549.849,5127.831,692335.0,1218629.0,4966077,10524.0,652193.0,566.543,83.969,373.716,-485.085,-46.546,13439.421,2434.416,1106.729,32466.419,9691.914,1574.363,373.716,7549.849,566.543,1.159,-485.085,83.969,4922.423,17478.636,9055.408,4384.013,2434.416,1106.729,821.108,540.127,150.43,130.551,-46.546,27397.635,11584.152,3539.501,5652.608,6621.374,692334.5072,5901488.0,3325642.0,1640435.0,652193.0,283218.0,10523.9991,550252654.0,442358481.32,5652.608,3539.501,374.566,123.504,0.0,,,,,123.504,32595.785,129.366,,,,
2016-12-01,54.1,436.4,12648.898,7375.721,35272.687,1662.228,8278.526,5412.459,771070.0,1317991.0,5452382,11868.0,703877.0,621.005,123.655,406.51,-529.223,-50.136,14764.712,2609.057,1194.986,35272.687,10563.005,1662.228,406.51,8278.526,621.005,1.246,-529.223,123.655,5154.103,19104.967,9938.374,4826.338,2609.057,1194.986,906.316,596.966,169.396,139.954,-50.136,30004.102,12648.898,3860.845,6118.638,7375.721,771069.6979,6463316.0,3644437.0,1807945.0,703877.0,307057.0,11867.5541,603375979.0,473256795.32,6118.638,3860.845,400.263,135.949,0.0,0.0,,,,135.949,35414.527,141.84,,,,
2017-01-01,55.0,517.3,1092.911,476.386,2911.381,111.586,703.905,463.357,60006.0,103870.0,450172,996.0,69390.0,36.455,25.459,34.075,-45.708,-3.738,1230.03,220.803,80.424,2911.381,852.048,111.586,34.075,703.905,36.455,0.102,-45.708,25.459,426.835,1571.052,873.369,356.661,220.803,80.424,85.433,59.259,12.476,13.698,-3.738,2366.981,1092.911,354.375,443.309,476.386,60006.3278,536802.0,316492.0,133680.0,69390.0,17240.0,995.9721,52591683.0,38928241.45,443.309,354.375,30.261,9.534,0.0,0.0,,,,9.534,2918.936,7.555,,,,
2017-02-01,55.5,545.2,2050.473,938.668,5500.553,214.643,1279.201,1008.753,127276.0,151194.0,835826,1962.0,90116.0,79.072,57.681,66.889,-89.841,-7.415,2227.713,425.055,156.841,5500.553,1573.115,214.643,66.889,1279.201,79.072,0.199,-89.841,57.681,929.218,2878.248,1464.125,763.588,425.055,156.841,159.547,107.308,26.509,25.73,-7.415,4522.208,2050.473,696.039,837.028,938.668,127276.4854,956481.0,539648.0,296178.0,90116.0,30539.0,1962.0762,100561266.0,74720845.45,837.028,696.039,49.679,18.96,0.0,0.0,,,,18.96,5516.125,15.572,,,,
2017-03-01,52.0,456.5,3095.677,1648.054,8416.725,366.078,1753.266,1586.261,178992.0,203103.0,1300337,2786.0,115111.0,132.997,85.73,97.804,-130.519,-12.194,3457.577,646.944,270.565,8416.725,2252.663,366.078,97.804,1753.266,132.997,0.322,-130.519,85.73,1463.986,4502.417,2244.456,1213.121,646.944,270.565,254.642,172.436,42.463,39.743,-12.194,7184.572,3095.677,1062.021,1378.82,1648.054,178991.8464,1459444.0,829173.0,471164.0,115111.0,43996.0,2786.4899,149754827.0,113749161.74,1378.82,1062.021,98.284,29.047,0.0,0.0,0.0,,,29.047,8443.163,26.438,,,,
2017-04-01,53.1,403.2,4113.449,2159.428,11385.798,539.858,2415.866,2182.159,247592.0,301831.0,1723041,3485.0,176453.0,180.569,120.467,124.925,-167.104,-15.53,4603.26,858.236,342.832,11385.798,3136.728,539.858,124.925,2415.866,180.569,0.435,-167.104,120.467,2013.252,5981.725,3118.103,1485.157,858.236,342.832,316.26,216.113,55.564,44.583,-15.53,9636.758,4113.449,1453.662,1910.219,2159.428,247591.9625,1962183.0,1148720.0,574321.0,176453.0,62689.0,3484.6918,195531798.0,151051761.63,1910.219,1453.662,138.66,38.737,0.0,0.0,0.0,,,38.737,11422.173,36.375,,,,
2017-05-01,51.0,365.4,5205.438,2666.243,14563.317,694.921,3063.248,2804.747,308163.0,379444.0,2199397,4184.0,238478.0,240.744,144.45,155.143,-207.76,-19.432,5904.866,1082.89,432.269,14563.317,3999.467,694.921,155.143,3063.248,240.744,0.554,-207.76,144.45,2599.115,7654.631,4056.106,1848.76,1082.89,432.269,392.846,269.117,70.771,52.958,-19.432,12174.927,5205.438,1828.068,2475.178,2666.243,308162.8816,2508358.0,1484506.0,714891.0,238478.0,70483.0,4184.4619,244574847.0,190525871.63,2475.178,1828.068,184.106,50.5,0.0,0.0,0.0,,,50.5,14613.018,49.701,,,,
2017-06-01,46.9,333.3,6297.437,3455.14,17786.5,842.564,3726.368,3392.752,366590.0,463550.0,2691463,4831.0,299920.0,298.858,172.496,180.33,-241.478,-24.533,7224.383,1308.104,555.543,17786.5,4868.448,842.564,180.33,3726.368,298.858,0.658,-241.478,172.496,3145.882,9368.028,4948.735,2275.648,1308.104,555.543,497.657,339.802,85.578,72.277,-24.533,14953.39,6297.437,2129.056,3071.757,3455.14,366589.7138,3073198.0,1811155.0,880308.0,299920.0,81815.0,4831.1326,295123479.0,229751049.15,3071.757,2129.056,217.475,62.523,0.0,0.0,0.0,,,62.523,17844.108,57.608,,,,
2017-07-01,48.7,374.0,7480.144,4081.721,21278.021,1002.078,4610.84,4052.27,484637.0,545385.0,3151500,5975.0,368375.0,349.757,197.744,210.916,-282.322,-29.376,8451.881,1540.844,711.666,21278.021,5963.443,1002.078,210.916,4610.84,349.757,0.768,-282.322,197.744,3768.428,11037.887,5729.447,2722.434,1540.844,711.666,622.217,429.907,96.663,95.647,-29.376,17724.672,7480.144,2474.589,3688.218,4081.721,484636.7387,3608380.0,2098814.0,1052686.0,368375.0,88505.0,5974.7296,346887685.0,270088163.35,3688.218,2474.589,259.752,73.744,0.0,0.0,0.0,,,73.744,21344.619,66.598,,,,
2017-08-01,51.4,476.4,8679.701,4757.276,24826.994,1154.754,5507.148,4695.657,600286.0,642616.0,3674469,6876.0,437834.0,402.589,226.917,242.503,-324.722,-35.058,9832.026,1771.548,836.173,24826.994,7065.368,1154.754,242.503,5507.148,402.589,0.877,-324.722,226.917,4364.937,12813.943,6654.227,3177.799,1771.548,836.173,715.609,498.03,109.805,107.774,-35.058,20573.184,8679.701,2848.556,4287.651,4757.276,600286.459,4214694.0,2444374.0,1230095.0,437834.0,102391.0,6876.372,399985606.0,310231097.61,4287.651,2848.556,290.602,83.594,0.0,0.0,0.0,,,83.594,24908.031,81.037,,,,
2017-09-01,55.2,510.7,9735.19,5645.777,27920.91,1284.701,6168.219,5206.24,651596.0,753199.0,4177357,7361.0,509881.0,463.596,240.414,269.675,-363.102,-43.796,11165.506,1976.426,942.567,27920.91,7917.484,1284.701,269.675,6168.219,463.596,0.968,-363.102,240.414,4843.641,14514.56,7549.428,3616.078,1976.426,942.567,811.709,567.481,125.724,118.504,-43.796,23401.271,9735.19,3148.462,4871.842,5645.777,651595.5559,4808897.0,2775257.0,1402100.0,509881.0,121659.0,7361.1381,450717748.0,345653927.84,4871.842,3148.462,331.807,98.254,0.0,0.0,0.0,,,98.254,28016.559,95.649,,,,
2017-10-01,57.6,520.1,10865.907,6249.018,31161.898,1409.4,7137.238,5652.664,762911.0,926590.0,4676984,8490.0,579734.0,520.647,244.906,300.59,-404.303,-49.308,12504.428,2192.091,991.747,31161.898,9068.339,1409.4,300.59,7137.238,520.647,1.054,-404.303,244.906,5274.141,16166.688,8456.289,4048.139,2192.091,991.747,861.435,591.999,145.864,123.572,-49.308,26109.825,10865.907,3542.043,5452.857,6249.018,762910.9346,5430146.0,3109303.0,1567681.0,579734.0,173428.0,8489.8,505086991.0,383443889.39,5452.857,3542.043,363.781,114.641,0.0,0.0,0.0,,,114.641,31271.887,109.989,,,,
2017-11-01,62.7,551.7,11896.347,6835.679,34139.142,1501.024,7996.568,6028.307,830460.0,1153637.0,5160005,9063.0,653749.0,558.549,247.468,338.239,-453.955,-54.309,13801.427,2413.943,1050.363,34139.142,10057.265,1501.024,338.239,7996.568,558.549,1.124,-453.955,247.468,5634.345,17781.667,9346.822,4454.605,2413.943,1050.363,926.661,636.755,157.669,132.237,-54.309,28644.693,11896.347,3934.705,5977.962,6835.679,830460.0326,6063698.0,3438700.0,1721305.0,653749.0,249944.0,9062.927,556551801.0,421875404.33,5977.962,3934.705,386.47,123.937,5.527,0.0,0.0,,,123.937,34260.098,120.956,,,,
2017-12-01,64.2,560.5,12988.681,7603.361,37079.9588,1564.712,8737.992,6316.754,859429.0,1392327.0,5658867,9679.0,727217.0,613.61,258.94,379.959,-509.845,-59.7232,15120.632,2625.932,1141.984,37079.9588,10917.532,1564.712,379.959,8737.992,613.61,1.218,-509.845,258.94,5896.433,19571.634,10221.327,4899.305,2625.932,1141.984,1004.988,687.694,174.524,141.481,-59.7232,31356.379,12988.681,4270.229,6494.108,7603.361,859428.6406,6718639.0,3766207.0,1892660.0,727217.0,332555.0,9679.1155,607458442.0,459226206.56,6494.108,4270.229,414.099,137.558,131.429,1.289,0.0,,,137.558,37216.6518,136.693,,,,
2018-01-01,69.0,545.3,1116.007,493.837,3007.182,76.252,855.494,504.082,70165.0,196558.0,467776,892.0,52346.0,41.841,11.27,47.197,-64.877,-4.296,1244.768,152.882,93.0,3007.182,973.68,76.252,47.197,855.494,41.841,0.093,-64.877,11.27,483.978,1530.284,885.385,359.383,152.882,93.0,77.143,49.187,13.19,11.629,-4.296,2430.483,1116.007,358.528,462.111,493.837,70165.2272,592228.0,332395.0,135381.0,52346.0,72106.0,892.3042,53011941.0,26243599.0,462.111,358.528,18.874,11.848,8.912,3.137,0.0,,,11.848,3017.537,10.355,,,2592.377,663285.5314
2018-02-01,65.4,463.5,2128.737,990.323,5735.094,147.985,1688.079,917.052,138705.0,400343.0,952264,1634.0,122143.0,75.677,14.875,86.85,-120.608,-7.171,2461.466,161.687,182.914,5735.094,1911.928,147.985,86.85,1688.079,75.677,0.187,-120.608,14.875,882.657,2893.782,1694.865,766.601,161.687,182.914,159.631,102.761,23.783,21.416,-7.171,4691.156,2128.737,686.94,885.156,990.323,138704.7989,1213507.0,654304.0,297960.0,122143.0,139100.0,1633.9989,100470942.0,28681964.03,885.156,686.94,57.946,20.857,8.912,11.671,0.0,,,20.857,5756.308,21.214,,,5001.43,1353845.7978
2018-03-01,66.5,483.9,3201.3209,1724.7564,8710.202,358.415,2184.124,1332.029,160933.0,573230.0,1450611,2104.0,154114.0,131.855,19.924,113.737,-156.066,-11.613,3776.643,388.027,293.199,8710.202,2674.705,358.415,113.737,2184.124,131.855,0.311,-156.066,19.924,1279.738,4617.071,2567.678,1208.965,388.027,293.199,286.443,175.68,42.373,35.295,-11.613,7380.2166,3201.3209,1035.3817,1418.7576,1724.7564,160933.124,1814283.0,980264.0,470347.0,154114.0,209558.0,2103.1713,129643900.0,68169301.36,1418.7576,1035.3817,119.243,31.047,8.912,28.694,4.401,,,31.047,8742.043,31.841,,,7629.984,1977319.2953
2018-04-01,71.9,492.8,4217.941,2232.571,11621.391,634.341,2712.076,1731.517,173050.0,775846.0,1888150,2496.0,215686.0,186.13,26.431,137.079,-182.099,-15.845,4928.951,587.799,410.495,11621.391,3532.993,634.341,137.079,2712.076,186.13,0.446,-182.099,26.431,1657.737,6178.241,3291.537,1637.414,587.799,410.495,423.933,248.047,58.485,45.918,-15.845,9722.006,4217.941,1348.995,1922.499,2232.571,173049.5951,2383916.0,1248677.0,639473.0,215686.0,280080.0,2495.5214,159185574.0,103211801.52,1922.499,1348.995,198.947,43.137,8.912,47.65,23.833,,,43.137,11667.136,45.745,,,10207.343,2559461.1166
2018-05-01,76.6,538.5,5284.499,2747.064,14734.166,828.421,3379.458,2159.302,177962.0,1023692.0,2382530,2831.0,293182.0,238.337,36.0,153.186,-203.526,-18.672,6179.448,802.88,527.563,14734.166,4446.818,828.421,153.186,3379.458,238.337,0.602,-203.526,36.0,2060.484,7836.467,4103.288,2076.16,802.88,527.563,576.595,325.933,71.536,54.638,-18.672,12150.259,5284.499,1660.695,2458.001,2747.064,177961.8765,3040967.0,1566024.0,816506.0,293182.0,365255.0,2830.1327,208003405.0,141485966.31,2458.001,1660.695,263.701,53.963,8.912,67.511,56.977,,,53.963,14795.233,61.067,,,12956.947,3221759.0091
2018-06-01,75.2,531.6,6313.047,3536.718,17791.411,1025.452,4040.196,2391.607,181235.0,1263716.0,2871840,3122.0,369554.0,285.964,47.237,176.293,-233.061,-21.607,7456.817,1004.762,637.383,17791.411,5352.361,1025.452,176.293,4040.196,285.964,0.749,-233.061,47.237,2257.24,9648.567,4951.252,2505.565,1004.762,637.383,740.674,394.92,83.804,66.174,-21.607,14797.626,6313.047,1913.955,3033.906,3536.718,181235.5302,3688475.0,1884739.0,987101.0,369554.0,447081.0,3121.14,257572073.0,177589506.43,3033.906,1913.955,392.415,66.087,91.103,92.987,102.789,,,66.087,17864.376,72.965,,,15861.804,3872831.6702
2018-07-01,74.4,544.9,7473.273,4138.478,21281.947,1217.901,4810.134,2855.846,209430.0,1512615.0,3388340,3482.0,441979.0,331.976,51.323,198.796,-262.278,-24.823,8807.973,1222.818,823.124,21281.947,6360.881,1217.901,198.796,4810.134,331.976,0.87,-262.278,51.323,2700.169,11498.912,5856.286,2951.687,1222.818,823.124,957.763,504.712,92.667,80.593,-24.823,17471.748,7473.273,2197.48,3662.517,4138.478,209479.6236,4365637.0,2225910.0,1162430.0,441979.0,535318.0,3481.6757,307664744.0,216194266.51,3662.517,2197.48,452.88,75.734,116.383,110.305,169.486,,,75.734,21369.201,87.254,,,18956.133,4578598.2993
2018-08-01,73.1,568.2,8634.461,4767.83,24744.139,1381.152,5598.041,3086.501,248967.0,1757928.0,3879270,4157.0,514314.0,387.118,58.38,208.172,-275.525,-28.183,10107.176,1421.954,950.11,24744.139,7367.291,1381.152,208.172,5598.041,387.118,0.98,-275.525,58.38,2896.203,13553.217,6729.455,3377.721,1421.954,950.11,1172.756,577.985,106.358,91.147,-28.183,20040.044,8634.461,2399.26,4238.493,4767.83,248967.4157,5015391.0,2549247.0,1330023.0,514314.0,621807.0,4156.5042,355223262.0,251545221.24,4238.493,2399.26,526.258,84.08,463.639,146.102,251.164,0.0,,84.08,24846.155,102.016,,,22039.667,5268514.9199
2018-09-01,78.9,638.2,9778.076,5672.714,28067.5,1541.088,6289.05,3370.505,263435.0,1998753.0,4383970,4660.0,583403.0,435.225,69.01,223.676,-295.13,-31.704,11425.855,1620.252,1040.386,28067.5,8266.445,1541.088,223.676,6289.05,435.225,1.082,-295.13,69.01,3143.775,15555.233,7625.892,3799.963,1620.252,1040.386,1359.871,631.964,122.876,101.39,-31.704,22965.683,9778.076,2628.36,4886.533,5672.714,263435.4561,5675048.0,2887708.0,1496262.0,583403.0,707675.0,4696.7416,402549762.0,286553005.02,4886.533,2628.36,599.382,95.901,773.457,179.925,323.716,0.0,,95.901,28181.993,114.493,,,24964.944,5943180.1977
2018-10-01,80.5,609.3,10907.928,6267.428,31329.041,1722.891,7067.375,3638.625,292753.0,2246148.0,4847160,5293.0,645826.0,474.605,70.875,247.521,-327.492,-35.643,12611.339,1836.084,1095.027,31329.041,9266.052,1722.891,247.521,7067.375,474.605,1.181,-327.492,70.875,3377.845,17484.906,8371.806,4239.533,1836.084,1095.027,1492.498,664.981,136.962,104.846,-35.643,25627.449,10907.928,2993.148,5458.945,6267.428,292752.9706,6322067.0,3173869.0,1673291.0,645826.0,800161.0,5292.6456,454963862.0,324771724.44,5458.945,2993.148,706.99,105.064,1130.402,210.64,375.069,28920.0,,105.064,31455.404,126.363,,,28440.694,6620112.6162
2018-11-01,65.2,433.1,11949.887,6870.463,34239.995,1872.794,7750.703,3742.009,300820.0,2487524.0,5277330,5662.0,718074.0,512.447,73.462,278.04,-369.585,-38.76,13694.314,2026.917,1141.745,34239.995,10137.231,1872.794,278.04,7750.703,512.447,1.287,-369.585,73.462,3411.708,19392.73,9036.303,4658.011,2026.917,1141.745,1633.209,697.449,149.29,108.387,-38.76,28044.215,11949.887,3297.125,5926.74,6870.463,300140.7915,7002102.0,3433875.0,1843455.0,718074.0,884725.0,5661.968,505378668.0,358791958.51,5926.74,3297.125,806.431,113.882,1609.441,238.284,439.799,121973.0,,113.882,34377.895,137.9,,,31374.532,7307904.7595
2018-12-01,56.5,383.3,13049.131,7629.096,37295.012,1997.834,8442.781,3801.55,307421.0,2733977.0,5689720,5933.0,793765.0,549.608,77.492,304.391,-405.565,-42.16,14772.528,2233.979,1207.622,37295.012,10991.625,1997.834,304.391,8442.781,549.608,1.402,-405.565,77.492,3374.442,21491.448,9689.636,5082.892,2233.979,1207.622,1807.73,735.432,161.932,117.836,-42.16,30736.765,13049.131,3557.131,6501.407,7629.096,307421.2693,7772757.0,3678845.0,2010875.0,793765.0,970106.0,5932.9743,555654485.0,394943636.42,6501.407,3557.131,948.753,124.679,2203.887,270.703,521.827,319166.0,,124.679,37446.116,151.104,,,34519.399,8086111.2437
2019-01-01,59.6,415.8,1138.55,531.898,3151.852,134.845,612.498,17.602,4683.0,227303.0,510040,244.0,52461.0,46.609,,33.344,-45.822,-5.091,1316.539,175.866,82.219,3151.852,794.053,134.845,33.344,612.498,46.609,0.101,-45.822,17.602,-126.371,2319.358,934.786,381.753,175.866,82.219,198.123,54.209,15.734,15.593,-5.091,2437.235,1138.55,238.607,528.18,531.898,4682.6481,871834.0,353118.0,156922.0,52461.0,87421.0,243.8115,49039897.0,30897560.09,528.18,238.607,123.553,11.256,609.925,35.9,76.687,221912.0,,11.256,3131.851,12.826,,,3329.136,876760.4595
2019-02-01,64.1,489.9,2144.95,1030.971,5965.674,269.325,1123.99,42.8064,7699.0,404641.0,978120,471.0,85529.0,92.894,,61.529,-84.212,-7.185,2506.913,336.958,156.603,5965.674,1486.427,269.325,61.529,1123.99,92.894,0.218,-84.212,42.8064,-309.536,4447.834,1749.241,757.672,336.958,156.603,389.5396,97.75,30.99,29.0716,-7.185,4617.569,2144.95,426.458,1015.19,1030.971,7699.453,1653575.0,667283.0,310837.0,85529.0,159556.0,471.3585,92152020.0,59763453.68,1015.19,426.458,270.678,19.177,1157.505,73.746,157.982,430370.0,0.0,19.177,5966.436,24.467,,,6366.607,1661745.8115
2019-03-01,66.4,512.6,3227.334,1808.657,9100.663,437.811,1599.61,59.8627,10933.0,542573.0,1483490,719.0,118039.0,148.958,,92.178,-125.092,-10.187,3845.622,497.029,239.238,9100.663,2186.731,437.811,92.178,1599.61,148.958,0.352,-125.092,59.8627,-524.704,6910.855,2662.016,1183.606,497.029,239.238,603.1973,142.984,44.838,45.7063,-10.187,7317.844,3227.334,639.952,1641.901,1808.657,10932.5555,2499937.0,1004915.0,478575.0,118039.0,212267.0,722.7562,138276790.0,89215642.4,1641.901,639.952,441.036,26.677,1861.253,118.388,251.281,686141.0,0.0,26.677,9100.829,37.36,,,9760.646,2511592.3117
2019-04-01,71.2,466.8,4271.055,2330.591,12158.193,557.303,1916.522,72.3794,20162.0,618953.0,1965180,981.0,118039.0,198.906,,122.178,-166.676,-15.313,5132.768,673.033,342.003,12158.193,2673.221,557.303,122.178,1916.522,198.906,0.49,-166.676,72.3794,-634.613,9412.954,3526.152,1606.616,673.033,342.003,816.2406,214.748,58.749,61.8916,-15.313,9658.937,4271.055,867.231,2190.06,2330.591,20162.4549,3293834.0,1325112.0,640068.0,118039.0,250457.0,989.7107,171723379.0,121344443.31,2190.06,867.231,607.01,33.731,2624.409,153.529,327.323,960158.0,0.0,33.731,12158.198,50.421,,,12974.795,3314986.1656
2019-05-01,70.5,423.3,5404.496,2952.636,15573.281,727.351,2430.485,86.3073,29271.0,796915.0,1965180,1276.0,126741.0,256.587,,149.044,-200.237,-19.218,6408.068,851.288,463.111,15573.281,3415.051,727.351,149.044,2430.485,256.587,0.628,-200.237,86.3073,-713.853,11954.775,4364.661,2043.407,851.288,463.111,1050.4557,285.839,73.117,82.3487,-19.218,12220.671,5404.496,1077.282,2786.257,2952.636,29270.9238,4139304.0,1633261.0,806079.0,126741.0,335087.0,1289.6726,216900352.0,154276077.06,2786.257,1077.282,799.599,44.194,3388.515,191.521,417.63,1238136.0,0.0,44.194,15570.0954,62.469,,,16506.589,4169864.5964
2019-06-01,63.3,363.2,6470.432,3756.677,18814.045,884.075,2918.189,105.797,34259.0,1014214.0,1965180,1490.0,183730.0,298.97,,173.949,-233.127,-22.32,7719.061,1019.568,562.032,18814.045,4101.998,884.075,173.949,2918.189,298.97,0.764,-233.127,105.797,-779.688,14384.394,5249.544,2469.517,1019.568,562.032,1256.991,355.072,84.384,99.431,-22.32,14936.621,6470.432,1272.14,3437.372,3756.677,34258.7681,5009752.0,1954436.0,973484.0,183730.0,415242.0,1506.468,240955917.0,185434997.06,3437.372,1272.14,974.102,53.548,4056.083,215.973,502.131,1482860.0,0.0,53.548,18813.059,71.916,,,19849.18,5045517.2362
2019-07-01,64.0,374.4,7669.955,4391.291,22466.473,1046.094,3565.534,124.7687,39401.0,1261456.0,2784655,1715.0,256712.0,351.139,,203.899,-272.46,-24.42,9077.023,1193.289,733.757,22466.473,4963.656,1046.094,203.899,3565.534,351.139,0.889,-272.46,124.7687,-826.911,16925.831,6173.141,2903.882,1193.289,733.757,1576.0083,470.929,95.9,130.9733,-24.42,17617.007,7669.955,1444.823,4110.938,4391.291,39400.5206,5914156.0,2285496.0,1140724.0,256712.0,502372.0,1714.8113,285601264.0,217828335.94,4110.938,1444.823,1126.512,64.927,4730.323,243.364,634.842,1728852.0,0.0,64.927,22465.469,88.278,,,23590.264,5955271.3319
2019-08-01,59.2,266.2,8813.915,5091.911,25979.825,1209.919,4129.053,149.2607,47119.0,1496208.0,3289105,2050.0,314784.0,404.776,,239.738,-319.747,-27.518,10428.413,1391.069,896.735,25979.825,5744.72,1209.919,239.738,4129.053,404.776,0.972,-319.747,149.2607,-824.152,19405.877,7090.437,3337.976,1391.069,896.735,1851.3843,559.31,110.159,157.9423,-27.518,20175.438,8813.915,1575.786,4693.826,5091.911,47119.0183,6798846.0,2623449.0,1307221.0,314784.0,590712.0,2049.8095,316988627.0,253323582.63,4693.826,1575.786,1227.082,74.665,5387.913,276.134,747.839,1962680.0,0.0,74.665,25989.149,98.948,,,27151.242,6848014.8278
2019-09-01,62.3,362.9,9973.028,6003.504,29385.667,1328.747,4838.225,166.3123,74733.0,1727647.0,3726271,2845.0,373983.0,440.319,,271.099,-361.311,-30.452,11612.782,1583.913,997.168,29385.667,6608.378,1328.747,271.099,4838.225,440.319,1.087,-361.311,166.3123,-765.429,21694.44,7863.036,3749.746,1583.913,997.168,2073.7287,620.52,120.751,177.9347,-30.452,23132.685,9973.028,1774.795,5381.358,6003.504,74782.7296,7635608.0,2905006.0,1462830.0,373983.0,676832.0,2847.6161,364171825.0,288240034.92,5381.358,1774.795,1320.108,75.535,6104.934,300.461,854.062,2216957.0,0.0,75.535,29409.2117,112.256,,,30542.859,7713238.3457
2019-10-01,59.4,451.1,11113.159,6640.859,32735.801,1459.55,5624.773,188.6383,112986.0,1972735.0,4787080,3696.0,443861.0,479.467,,313.55,-420.795,-34.046,12770.977,1772.84,1090.543,32735.801,7564.985,1459.55,313.55,5624.773,479.467,1.195,-420.795,188.6383,-785.488,23942.599,8797.148,3973.829,1772.84,1090.543,2279.9077,675.596,131.118,194.8267,-34.046,25771.031,11113.159,2008.452,6008.561,6640.859,112986.402,8468568.0,3238837.0,1548243.0,443861.0,764437.0,3696.2751,412225433.0,322779027.0,6008.561,2008.452,1405.178,75.535,6827.526,324.181,954.186,2473190.0,0.0,75.535,32742.464,125.446,,,33976.13,8585250.6771
2019-11-01,62.8,482.8,12174.244,7237.2,35757.435,1560.83,6310.527,219.198,149088.0,2186794.0,5177450,4143.0,496060.0,543.056,,351.86,-473.36,-37.683,13824.282,1945.73,1203.792,35757.435,8415.703,1560.83,351.86,6310.527,543.056,1.29,-473.36,219.198,-880.344,26009.459,9647.417,4176.865,1945.73,1203.792,2504.462,734.228,150.229,209.943,-37.683,28141.675,12174.244,2188.841,6541.39,7237.2,149088.3703,9223875.0,3551122.0,1626328.0,496060.0,845367.0,4143.3208,455930297.0,354609305.0,6541.39,2188.841,1493.368,75.535,7466.752,366.029,1044.033,2704998.0,,75.535,,,,,37148.822,9377106.6911
2019-12-01,66.1,466.9,13297.618,8014.175,38852.57,1653.781,6899.978,265.2126,160802.0,2381937.0,5662880,4337.0,568073.0,599.153,,391.0,-527.284,-40.725,15125.65,2103.353,1268.401,38852.57,9154.284,1653.781,391.0,6899.978,599.153,1.372,-527.284,265.2126,-927.629,28237.69,10547.696,4577.954,2103.353,1268.401,2691.0214,771.522,168.602,222.1254,-40.725,30836.231,13297.618,2397.898,7126.54,8014.175,160802.4473,10068560.0,3882587.0,1780293.0,568073.0,906932.0,4337.4207,500866040.0,383423795.73,7126.54,2397.898,1580.09,75.535,8084.661,411.162,1117.61,2930675.0,0.0,75.535,,,,,40348.208,10233699.868
2020-01-01,63.0,499.8,1142.367,559.703,3169.6669,110.54,592.252,27.3271,5021.9605,218170.0,489640,354.6717,63360.0,36.302,,37.128,-50.637,-2.585,1316.317,106.5954,67.2645,3169.6669,739.185,110.54,37.128,592.252,36.302,0.091,-50.637,27.3271,-45.021,2318.8587,868.2705,448.0465,106.5954,67.2645,182.539,42.399,9.594,15.111,-2.585,2470.596,1142.367,223.658,544.868,559.703,5021.9605,897142.0,318718.0,170922.0,63360.0,77405.0,354.6717,45731071.0,19726196.29,544.868,223.658,76.3889,,751.8188,26.754,88.681,266737.0,0.4742,0.0,,,,,3267.9099,902518.6322
2020-02-01,54.9,539.1,2185.558,1089.688,6190.1318,226.741,1127.918,50.4157,12520.3306,404588.0,951550,754.2347,116830.0,79.569,,72.586,-100.242,-5.478,2543.8421,212.5933,171.7663,6190.1318,1434.428,226.741,72.586,1127.918,79.569,0.2,-100.242,50.4157,-79.426,4498.9886,1701.1408,842.7013,212.5933,171.7663,391.4456,96.999,21.193,34.3336,-5.478,4800.053,2185.558,428.488,1096.319,1089.688,12520.3306,1717758.0,629851.0,321699.0,116830.0,143879.0,754.2347,88192149.0,40137177.78,1096.319,428.488,148.1227,,1421.1265,56.47,182.45,505499.0,1.5377,0.0,,,,,6375.2778,1731032.5654
2020-03-01,33.0,290.8,3238.7344,1892.8088,9267.2536,343.169,1532.636,80.1823,20270.188,624713.0,1433588,1074.968,176143.0,132.425,,108.78,-148.323,-9.734,3837.497,348.5041,273.8104,9267.2536,2008.56,343.169,108.78,1532.636,132.425,0.33,-148.323,80.1823,-37.515,6775.0909,2557.3161,1280.1809,348.5041,273.8104,598.9924,159.814,35.159,50.4754,-9.734,7442.3446,3238.7344,599.2683,1711.5331,1892.8088,20270.188,2546025.0,948015.0,485573.0,176143.0,224285.0,1074.968,97344884.0,64324283.09,1711.5331,599.2683,294.934,,2012.2172,91.411,262.133,712009.0,8.1282,0.0,,,,,9462.8256,2567370.156
2020-04-01,23.3,193.9,4098.693,2450.224,11938.4251,464.553,1706.9122,112.5963,23750.8122,753901.0,1881388,1222.6936,176143.0,189.382,,153.177,-207.869,-14.185,5042.7851,348.5041,353.1565,11938.4251,2366.668,464.553,153.177,1706.9122,189.382,5.8208,-207.869,112.5963,-5.087,8889.1469,3367.6987,1675.0864,348.5041,353.1565,797.1549,216.6646,51.9377,63.6573,-14.185,9429.692,4098.693,724.043,2156.732,2450.224,23750.8122,3294489.0,1244522.0,636866.0,176143.0,288879.0,1222.6936,97645401.0,64324283.09,2156.732,724.043,457.1968,,2673.617,130.0502,334.8452,948079.0,13.8873,,,,,,12165.5661,3319462.5058
2020-05-01,31.0,269.6,5048.74,3017.574,14873.9457,604.6,1959.3252,146.5304,27409.4628,917465.0,2359358,1372.701,196115.0,242.9,,195.65,-266.882,-17.758,6340.8268,348.5041,448.7133,14873.9457,2812.764,604.6,195.65,1959.3252,242.9,5.9388,-266.882,146.5304,6.9733,11189.1679,4239.0515,2101.7753,348.5041,448.7133,1003.1501,270.855,66.7943,79.4472,-17.758,11537.676,5048.74,819.669,2651.693,3017.574,27409.4628,4135106.0,1563079.0,796279.0,196115.0,360675.0,1372.701,98372262.0,64324283.09,2651.693,819.669,629.5161,,3400.5205,169.0758,416.9778,1218958.0,21.0872,,,,,,15151.6124,4163888.1639
2020-06-01,40.0,346.9,6053.198,3852.219,18068.1518,746.022,2428.7307,179.6182,33866.0474,1101935.0,2844548,1653.147,234483.0,293.891,,226.956,-309.0363,-20.187,7635.4102,348.6352,554.9996,18068.1519,3478.474,746.022,226.956,2428.7307,293.891,9.8303,-309.0363,179.6182,24.6003,13498.9053,5109.6477,2525.7625,348.6352,554.9996,1215.7774,336.9966,79.2776,96.3674,-20.187,14202.479,6053.198,991.073,3305.989,3852.219,33866.0475,4990527.0,1887193.0,957355.0,234483.0,433726.0,1653.147,133150355.0,64685783.34,3305.989,991.073,810.7107,,4118.2977,199.128,504.0079,1477770.0,30.8518,,,,,,18372.7748,5026046.1944
2020-07-01,42.8,377.7,7249.029,4547.915,21802.6047,871.833,3082.8323,209.8453,49940.6601,1328380.0,3329248,2168.5958,290168.0,351.796,,260.3,-353.6953,-23.357,8947.7496,555.3518,730.4309,21802.6047,4320.01,871.833,260.3,3082.8323,351.796,13.5487,-353.6953,209.8453,49.6073,16096.4927,5989.8704,2957.8792,555.3518,730.4309,1503.7017,436.6095,92.957,120.528,-23.357,16903.476,7249.029,1139.673,3966.859,4547.915,49940.6601,5886666.0,2213210.0,1116038.0,290168.0,519106.0,2168.5958,179623134.0,101627804.5,3966.859,1139.673,931.1871,,4891.2715,231.2794,622.3278,1748144.0,40.5018,,,,,,22130.0497,5938775.2559
2020-08-01,44.2,328.0644,8362.492,5290.118,25349.8528,979.335,3688.9999,43.423,61060.998,1548923.0,3819888,2584.9245,361651.0,402.577,,280.668,-382.6583,-25.94,10276.2466,736.4902,897.9137,25349.8528,5088.217,979.335,280.668,3688.9999,402.577,17.3051,-382.6583,43.423,127.2023,18527.1097,6876.0025,3400.2441,736.4902,897.9137,1777.5508,531.3988,105.0794,144.3607,-25.94,19526.214,8362.492,1275.726,4597.878,5290.118,61060.998,6743846.0,2538715.0,1281173.0,361651.0,593636.0,2584.9245,221548851.0,134753875.47,4597.878,1275.726,1045.9334,,5518.0345,256.7024,740.0096,1968671.0,52.4914,,,,,,25436.3006,6807491.9226
2020-09-01,41.2,377.0553,9473.037,6213.773,28809.5869,1063.532,4291.8128,270.9031,71497.8864,1767278.0,4293758,2865.4125,423228.0,454.954,,313.41,-425.9883,-28.968,11559.0658,922.5901,1003.9607,28809.5869,5831.322,1063.532,313.41,4291.8128,454.954,21.0232,-425.9883,270.9031,128.1453,21030.1804,7733.4003,3825.6655,922.5901,1003.9607,2003.9924,589.9594,122.643,162.6893,-28.968,22481.182,9473.037,1482.949,5311.423,6213.773,71497.8864,7630523.0,2853529.0,1440229.0,423228.0,672025.0,2865.4125,264166851.0,168567488.09,5311.423,1482.949,1186.654,,6287.6942,293.6297,835.071,2241512.0,70.2156,,,,,,29136.3979,7704886.2989
2020-10-01,40.8,405.6369,10539.398,6848.703,32092.2914,1153.923,4761.6413,298.9836,78525.1029,1895282.0,4760368,3082.6189,481678.0,504.954,,349.435,-475.4343,-33.545,12827.6817,1107.1315,1092.9825,32092.2914,6444.627,1153.923,349.435,4761.6413,504.954,24.1087,-475.4343,298.9836,141.5322,23520.1383,8571.5222,4256.1595,1107.1315,1092.9825,2195.9896,643.2076,137.2616,178.8572,-33.545,25043.247,10539.398,1731.65,5923.496,6848.703,78525.1029,8461403.0,3160129.0,1600239.0,481678.0,706802.0,3082.6189,308135838.0,202464739.28,5923.496,1731.65,1341.2866,,7048.9947,323.5101,913.1531,2512555.0,102.0613,,,,,,32459.7385,8543010.7218
2020-11-01,43.2,424.5383,11567.251,7449.047,35199.4022,1219.039,5402.0313,322.1445,85607.355,2135870.0,5166048,3353.7459,557752.0,546.5189,,382.399,-521.0193,-35.565,13917.0549,1295.8665,1148.9511,35199.4022,7193.5469,1219.039,382.399,5402.0313,546.5189,25.9577,-521.0193,322.1445,151.5332,25744.0767,9233.8716,4683.1833,1295.8665,1148.9511,2344.6852,672.1458,152.3272,191.2566,-35.565,27526.796,11567.251,2014.54,6495.958,7449.047,85607.355,9302788.0,3404103.0,1761945.0,557752.0,789059.0,3353.7459,352595953.0,236797205.67,6495.958,2014.54,1423.4153,,7828.4073,359.4772,969.4785,2789929.0,130.3815,,,,,,35604.4514,9391749.1009
2020-12-01,49.9,506.5712,12765.4265,8244.4764,38371.5187,1290.0867,5980.8622,45.5989,94355.8252,2346368.0,5646708,3696.4443,601868.0,591.6978,,422.4496,-577.2182,-38.1055,15199.4441,1483.0363,1218.6578,38371.5187,7889.724,1290.0867,422.4496,5980.8622,591.6978,27.0774,-577.2182,45.5989,232.3105,27994.0356,10068.808,5130.6361,1483.0363,1218.6578,2512.5841,718.558,167.4022,195.7737,-38.1055,30284.1654,12765.4265,2167.5205,7106.742,8244.4764,94355.8252,10111337.0,3713997.0,1932711.0,601868.0,872250.0,3696.4443,397577787.0,271173197.9,7106.742,2167.5205,1518.512,,8381.1002,394.5436,1036.3065,2990511.0,193.2852,,,,,,38754.4598,10209389.2695
2021-01-01,54.7111,522.8173,1149.2501,593.4297,3208.8324,91.0303,502.9093,22.9724,10247.4219,201776.0,467836,372.0582,36916.0,49.8808,,39.4209,-55.0682,-2.603,1246.0273,173.3024,87.5784,3208.8324,649.266,91.0303,39.4209,502.9093,49.8808,5.4457,-55.0682,22.9724,-59.9122,2448.5707,867.0153,379.012,173.3024,87.5784,205.6067,53.7531,15.8211,5.014,-2.603,2469.1656,1149.2501,209.311,517.1748,593.4297,10247.4219,860094.0,320507.0,147329.0,36916.0,82430.0,372.0582,34916451.0,32320499.77,517.1748,209.311,121.1402,,747.541,38.2285,92.7899,272912.0,72.9814,,,,,,3326.4159,870713.4801
2021-02-01,61.4845,555.7463,2150.052,1109.1096,6080.0157,165.5358,999.8048,49.706,16078.696,390698.0,839901,633.0544,81848.0,97.7132,,67.8679,-94.3346,-6.1068,2242.8801,338.4173,151.8688,6080.0157,1275.8705,165.5358,67.8679,999.8048,97.7132,12.8167,-94.3346,49.706,-54.9627,4530.3168,1666.2134,576.6667,338.4173,151.8688,379.5265,92.2342,33.602,10.4538,-6.1068,4703.0963,2150.052,428.0635,1015.8711,1109.1096,16078.696,1592485.0,615124.0,224777.0,81848.0,154425.0,633.0544,74110903.0,62922882.68,1015.8711,428.0635,251.6634,,1419.203,77.2777,165.9587,516311.0,126.2842,,,,,,6235.4198,1609196.7505
2021-03-01,65.1759,547.4962,3241.4852,1904.8037,9273.6998,294.8889,1427.4859,90.7418,17858.1767,632479.0,1265371,876.6002,157539.0,145.5479,,101.683,-140.0865,-9.2453,3388.4928,523.1246,242.7353,9273.6998,1887.4036,294.8889,101.683,1427.4859,145.5479,19.4808,-140.0865,90.7418,-105.44,6975.2868,2583.3125,805.1803,523.1246,242.7353,575.0394,145.2563,50.44,16.8481,-9.2453,7473.6093,3241.4852,667.3134,1660.007,1904.8037,17858.1768,2473934.0,952108.0,313263.0,157539.0,237470.0,876.6002,81579183.0,97488524.21,1660.007,667.3134,398.4336,,2253.1658,114.1559,248.3321,813554.0,169.3347,,,,,,9528.4646,2492668.7769
2021-04-01,64.77,483.2157,4292.6281,2479.7634,12480.11,409.9342,1974.2996,124.9506,20800.5256,860112.0,1720621,1132.6048,229492.0,194.0886,,129.8213,-179.4289,-12.2478,4620.6427,705.803,317.522,12480.11,2606.779,409.9342,129.8213,1974.2996,194.0886,28.4566,-179.4289,124.9506,-149.3537,9329.0807,3395.5864,1225.0563,705.803,317.522,760.3302,203.1399,65.2259,21.8769,-12.2478,9932.074,4292.6281,909.0393,2250.6432,2479.7634,20800.5256,3310864.0,1250088.0,470533.0,229492.0,315310.0,1132.6048,116462819.0,131159473.12,2250.6432,909.0393,581.3822,,2893.667,149.1046,320.7,1045441.0,210.0638,,,,,,12821.1405,3332797.1304
2021-05-01,68.0433,483.2049,5351.2305,3093.5791,15793.3279,534.4124,2347.2625,161.6939,24704.2712,1081188.0,2194121,1379.4371,289168.0,253.6779,,163.6601,-225.6364,-16.3804,5881.6068,891.715,465.9254,15793.3279,3172.2429,534.4124,163.6601,2347.2625,253.6779,36.8901,-225.6364,161.6939,-210.9102,11894.2698,4223.5778,1658.029,891.715,465.9254,1018.0483,282.9602,79.1818,42.7189,-16.3804,12377.4789,5351.2305,1083.4458,2849.2235,3093.5791,24704.2712,4196062.0,1556138.0,637983.0,289168.0,396010.0,1379.4371,119913449.0,165663590.12,2849.2235,1083.4458,750.1373,,3655.964,181.4249,430.4051,1316763.0,248.9213,,,,,,16246.2549,4222145.7083
2021-06-01,73.0673,574.8545,6468.6674,3939.9542,19312.6239,660.7701,2851.438,178.1628,29295.5307,1288461.0,2669901,1650.079,328581.0,303.061,,193.9748,-266.6649,-19.2573,7116.0325,1053.5232,607.0005,19312.6239,3870.4617,660.7701,193.9748,2851.438,303.061,55.1926,-266.6649,178.1628,-221.2858,14475.5673,5025.1396,2090.8929,1053.5232,607.0005,1295.6402,371.0488,91.3225,69.2331,-19.2573,15252.085,6468.6674,1258.1166,3585.3468,3939.9542,29295.5307,5085226.0,1859727.0,810174.0,328581.0,479940.0,1650.079,155617219.0,195279140.31,3585.3468,1258.1166,940.8983,,4471.0048,209.2626,552.1949,1606804.0,287.108,,,,,,19819.8319,5116171.6096
2021-07-01,74.3895,646.8638,7657.6253,4631.5059,23104.3477,786.8496,3522.2634,206.804,54688.4559,1509467.0,3176131,2573.7765,372007.0,364.352,,233.1968,-320.9445,-23.2739,8425.9179,1280.345,779.6837,23104.3477,4751.1678,786.8496,233.1968,3522.2634,364.352,77.7028,-320.9445,206.804,-152.6742,17045.1609,5887.537,2538.3809,1280.345,779.6837,1598.1077,468.4594,106.0872,97.98,-23.2739,17947.9426,7657.6253,1408.7922,4250.0192,4631.5059,54688.4559,5976710.0,2185541.0,990590.0,372007.0,568730.0,2573.7765,203791209.0,235778935.42,4250.0192,1408.7922,1062.5557,,5169.683,245.0463,675.2348,1859842.0,326.9755,,,,,,23601.2403,6033972.2324
2021-08-01,70.021,675.985,8854.5642,5382.8979,26906.8671,904.5269,4246.769,234.3767,74081.9743,1762611.0,3693961,3030.0686,452981.0,407.0828,,261.5724,-358.8707,-26.4671,9787.4436,1493.622,918.2612,26906.8671,5655.6815,904.5269,261.5724,4246.769,407.0828,97.3027,-358.8707,234.3767,-70.8381,19611.1429,6812.1139,2975.3297,1493.622,918.2612,1861.842,552.297,116.2423,123.5612,-26.4671,20783.8346,8854.5642,1594.6758,4951.6966,5382.8979,74081.9743,6889082.0,2534595.0,1159366.0,452981.0,654815.0,3030.0686,247513834.0,274084776.99,4951.6966,1594.6758,1234.3802,,5812.9115,267.9309,793.775,2087325.0,364.5243,,,,,,27363.0431,6966194.043
2021-09-01,74.5982,733.975,10012.4019,6316.1738,30487.5213,982.7862,4845.5626,247.8824,100821.3773,2009912.0,4183301,3903.5833,531846.0,440.8571,,289.6542,-397.8441,-30.8989,11094.4085,1709.2618,1013.4339,30487.5214,6385.6235,982.7862,289.6542,4845.5626,440.8571,116.4176,-397.8441,247.8824,-22.7371,22245.7369,7679.2141,3415.1944,1709.2618,1013.4339,2059.7587,609.2526,126.7866,141.0862,-30.8989,23861.555,10012.4019,1821.7295,5711.2498,6316.1738,100821.3773,7844180.0,2854179.0,1329122.0,531846.0,739033.0,3903.5833,268563457.0,312260688.45,5711.2498,1821.7295,1365.75,,6670.609,289.6864,881.5107,2390000.0,392.2738,,,,,,30939.0015,7948904.9606
2021-10-01,83.4,848.7,11142.7491,6974.5048,33912.2619,1072.7569,5373.7098,273.2836,114664.3948,2140527.0,4662411,4393.5994,601977.0,508.0231,,314.7292,-432.3064,-36.7483,12412.4189,1907.4694,1088.3281,33912.2619,7092.9182,1072.7569,314.7292,5373.7098,508.0231,138.4284,-432.3064,273.2836,-81.6109,24816.0699,8550.0815,3862.3374,1907.4694,1088.3281,2280.6557,650.1012,147.6497,157.0275,-36.7483,26483.1153,11142.7491,1985.8629,6379.9986,6974.5048,114664.3948,8713379.0,3164869.0,1497542.0,601977.0,769275.0,4393.5994,313875091.0,348095773.44,6379.9986,1985.8629,1497.9537,,7474.884,338.6461,972.9053,2679716.0,435.0158,,,,,,34462.9274,8832436.9942
2021-11-01,81.4,800.5,12230.4145,7559.2687,37161.0902,1145.0843,6062.4341,303.7635,195496.5661,2377733.0,5129461,5542.3494,675273.0,553.4752,,354.6413,-486.4437,-40.6211,13656.8757,1907.4694,1148.7854,37161.0902,7916.6418,1145.0842,354.6413,6062.4341,553.4752,155.6483,-486.4437,303.7635,-92.4057,27104.4933,9356.1783,4300.6974,1907.4694,1148.7854,2455.662,683.2262,160.739,169.3172,-40.6211,29024.2661,12230.4145,2240.9909,6993.5921,7559.2687,195496.5661,9630478.0,3463051.0,1666410.0,675273.0,851230.0,5542.3494,313875091.0,348095773.44,6993.5921,2240.9909,1592.1222,,8291.5675,370.6273,1055.1799,2974514.0,507.6731,,,,,,37780.5606,9831516.9156
2021-12-01,74.3,728.8,13372.9648,8397.7769,40511.5784,1212.6524,6839.5625,317.4432,295596.3138,2623121.0,5639806,6841.6881,752331.0,606.7614,,394.3452,-541.461,-43.5563,14990.0994,1907.4694,1213.1092,40511.5784,8831.001,1212.6524,394.3452,6839.5625,606.7614,172.0247,-541.461,317.4432,-163.1959,29467.5425,10236.3514,4753.7479,1907.4694,1213.1092,2643.8049,726.2892,179.7392,183.7599,-43.5563,31951.1598,13372.9648,2514.4751,7665.943,8397.7769,295596.3138,10604339.0,3796185.0,1843621.0,752331.0,935395.0,6841.6881,313875091.0,348095773.44,7665.943,2514.4751,1667.1334,,9129.1092,416.2993,1117.7527,3276807.0,560.622,,,,,,41259.7916,10906777.0019
2022-01-01,85.4924,852.6807,1117.384,596.7152,3322.87,61.5293,658.7825,15.3144,66398.9864,253135.0,505210,844.7972,73155.0,66.3753,,41.7849,-57.7493,-3.0929,1352.4226,,79.3281,3322.87,803.0701,61.5293,41.7849,658.7825,66.3753,16.383,-57.7493,15.3144,-57.1192,2390.3752,896.4484,455.9742,0.0,79.3281,232.0715,60.4747,23.4318,17.4331,-3.0929,2511.6241,1117.384,223.9201,573.6048,596.7152,66398.9864,979130.0,332056.0,173154.0,73155.0,89990.0,844.7972,0.0,0.0,573.6049,223.9201,72.8147,,849.3117,54.917,72.9312,310775.0,36.4981,,,,,,3440.8313,1046373.7836
2022-02-01,95.7625,858.9431,2133.6971,1127.0539,6391.9068,132.0478,1346.6872,27.104,154994.4533,477178.0,937750,2086.6145,132048.0,121.5309,,73.5501,-102.7562,-5.8373,2517.9656,,164.3412,6391.9068,1632.4959,132.0478,73.5501,1346.6872,121.5309,32.23,-102.7562,27.104,-12.9512,4407.6693,1650.1802,867.7854,0.0,164.3412,446.1824,116.7558,40.9617,34.143,-5.8373,4832.6075,2133.6971,427.6807,1144.1758,1127.0539,154994.4533,1802899.0,608908.0,328842.0,132048.0,172565.0,2086.6145,0.0,0.0,1144.1758,427.6807,123.312,,1529.2815,96.6383,150.0807,560536.0,70.6266,,,,,,6513.4516,1959980.0678
2022-03-01,115.5904,946.1609,3271.9669,1940.8596,9725.4809,200.5317,2115.2174,48.0547,250629.5625,739521.0,1377860,3375.5969,209281.0,168.985,,116.1997,-161.1315,-8.8617,3686.2124,,277.7232,9725.4809,2537.1575,200.5317,116.1997,2115.2174,168.985,52.4235,-161.1315,48.0547,-34.9709,6655.7085,2387.4815,1298.7309,0.0,277.7232,689.5242,189.7115,56.5622,52.7345,-8.8617,7660.1542,3271.9669,638.0273,1809.3004,1940.8596,250629.5625,2722546.0,880004.0,497856.0,209281.0,265120.0,3375.5969,0.0,0.0,1809.3004,638.0273,199.5708,,2348.6415,133.286,246.6606,870285.0,134.4142,,,,,,9930.445,2976551.1594
2022-04-01,105.8,871.3,4362.3275,2542.8978,13062.9588,276.9313,2713.846,85.3262,309973.0154,976387.0,1836940,3981.0312,274237.0,218.9829,,155.3522,-215.2881,-11.8163,4887.839,,391.4423,13062.9588,3283.8128,276.9313,155.3522,2713.846,218.9829,74.0526,-215.2881,85.3262,10.6453,8994.8189,3152.3076,1735.5314,0.0,391.4423,915.46,260.1065,70.8265,70.711,-11.8163,10169.1686,4362.3275,874.1575,2389.7857,2542.8978,309973.0154,3629696.0,1173154.0,663786.0,274237.0,351075.0,3981.0312,0.0,0.0,2389.7857,874.1575,343.2855,,3157.6022,165.8171,331.1309,1167444.0,195.2271,,,,,,13279.4179,3943650.0466
2022-05-01,112.4,852.3,5509.4483,3182.5727,16642.8405,346.0728,3425.9586,115.0948,402053.4694,1219548.0,2446301,4764.6949,338208.0,273.4118,,188.3227,-261.8356,-15.3761,6185.0299,,486.1029,16642.8405,4140.1983,346.0728,188.3227,3425.9586,273.4118,94.7552,-261.8356,115.0948,48.696,11476.5143,4004.0042,2181.0257,0.0,486.1029,1139.5488,316.9481,85.9897,89.54,-15.3761,12877.0136,5509.4483,1117.6535,3067.339,3182.5727,402053.4694,4560386.0,1476498.0,969803.0,338208.0,440670.0,4764.6949,0.0,0.0,3067.339,1117.6535,505.0509,,4013.3677,202.541,423.4932,1335207.0,248.3918,,,,,,16871.3562,4967204.1643
2022-06-01,119.9,773.8,6698.3523,4055.2209,20393.4519,405.2662,4251.3783,137.7128,525018.2601,1459380.0,2910611,6045.6629,403888.0,322.8554,,208.2845,-289.9444,-18.1086,7440.5313,,632.4955,20393.4519,5092.8431,405.2662,208.2845,4251.3783,322.8554,113.3431,-289.9444,137.7128,253.8987,13792.2365,4884.5927,2555.9386,0.0,632.4955,1424.8138,410.3892,98.2636,116.9685,-18.1086,15947.4439,6698.3523,1326.6145,3867.2562,4055.2209,525018.2601,5445924.0,1796671.0,1113940.0,403888.0,527746.0,6045.6629,0.0,0.0,3867.2562,1326.6145,636.2773,,4738.1375,229.9079,543.2079,1603679.0,278.3378,,,,,,20447.6062,5976987.9231
2022-07-01,108.6,659.6,7978.4885,4807.6081,24396.2329,466.6124,5026.2766,177.9418,618238.5064,1714196.0,3411131,6906.3225,478604.0,382.3266,,228.5249,-317.0466,-21.0424,8826.6358,6.6731,794.5586,24396.2329,6008.0968,466.6124,228.525,5026.2766,382.3266,132.8811,-317.0466,177.9418,406.4749,16417.0882,5811.458,3015.1778,6.6731,794.5586,1724.7201,497.049,116.007,145.8513,-21.0424,18813.7047,7978.4885,1474.9802,4552.6278,4807.6081,618238.5064,6428246.0,2123588.0,1287543.0,478604.0,617796.0,6906.3225,4766387.0,1398151.59,4552.6278,1474.9802,761.8001,,5618.79,269.5058,665.1427,1920715.0,309.1717,,,,,,24327.847,7053390.8289
2022-08-01,98.6,597.3,9267.8158,5578.8032,28476.3049,516.2949,5843.2884,207.0525,749640.106,1927332.0,3894161,8129.6069,518408.0,422.8908,,246.6685,-343.1662,-24.5746,10178.4559,13.4674,968.1947,28476.3049,6933.3254,516.2949,246.6685,5843.2884,422.8908,150.8512,-343.1662,207.0525,698.3606,18983.9593,6717.7453,3460.7107,13.4674,968.1947,2021.348,600.4889,125.3255,176.7423,-24.5746,21816.5684,9267.8158,1661.824,5308.1255,5578.8032,749640.106,7350259.0,2440030.0,1454131.0,518408.0,704462.0,8129.6069,9737040.0,2793921.19,5308.1255,1661.824,865.8548,,6498.6505,288.4512,793.5578,2233228.0,339.1281,,,,,,28145.6851,8108028.7128
2022-09-01,90.2,611.6,10448.6328,6576.1414,32152.6265,558.3105,6507.7516,231.1209,868199.5756,2039360.0,4357691,9186.1767,565474.0,463.9996,,266.7906,-370.7667,-29.22,11487.4433,55.1512,1072.9847,32152.6265,7698.5395,558.3105,266.7906,6507.7516,463.9996,168.4779,-370.7667,231.1209,941.236,21447.121,7580.9228,3906.5205,55.1512,1072.9847,2234.5958,670.8507,136.0949,195.1334,-29.22,25037.0978,10448.6328,1915.0075,6097.316,6576.1414,868199.5756,8195070.0,2743670.0,1614021.0,565474.0,736943.0,9186.1767,21291495.0,10814167.19,6097.316,1915.0075,979.8488,,7323.4645,314.2131,876.7989,2534962.0,381.5149,,,,,,31611.3771,9072455.7523
2022-10-01,93.1,634.6,11618.8365,7257.4971,35725.0486,609.0673,7333.3301,254.9454,961849.8863,2268438.0,4773931,10420.9826,630126.0,500.8763,,291.9663,-406.4913,-32.9761,12654.2993,80.0592,1147.4018,35725.0486,8630.0885,609.0673,291.9663,7333.3301,500.8763,186.8148,-406.4913,254.9454,1181.0395,23694.0244,8299.4402,4354.8591,80.0592,1147.4018,2404.4182,713.6614,149.7549,209.4728,-32.9761,27871.2458,11618.8365,2203.7715,6791.1408,7257.4971,961849.8863,9053705.0,2996679.0,1777252.0,630126.0,819156.0,10420.9825,43970501.0,16138910.12,6791.1408,2203.7715,1060.6404,,8172.0603,340.2009,948.6091,2830492.0,417.2119,,,,,,34983.4764,10025975.8688
2022-11-01,91.1,632.9,12717.0297,7847.4643,39071.8973,646.0594,8053.3445,293.8295,1018420.133,2461832.0,5222161,11130.1685,681594.0,532.7296,,311.7117,-434.119,-36.2048,13892.5049,109.0688,1221.7979,39071.8973,9437.7801,646.0594,311.7117,8053.3445,532.7296,205.6466,-434.119,293.8295,1276.3598,25959.3848,9121.8668,4770.6381,109.0688,1221.7979,2574.8669,746.9277,161.3989,225.2989,-36.2048,30508.0531,12717.0297,2492.2578,7451.3012,7847.4643,1018420.1326,9890084.0,3290745.0,1931416.0,681594.0,890119.0,11130.1685,84051593.0,22108927.5,7451.3012,2492.2578,1152.2626,,8932.777,365.0443,1029.0295,3096210.0,470.7636,,,,,,38265.8613,10919634.3011
2022-12-01,79.9,574.6,13837.1326,8692.8074,42317.3789,679.3815,8681.3266,328.4601,1073274.477,2604604.0,5702971,11663.5254,734810.0,573.5183,,329.1697,-459.187,-40.6868,15181.3255,109.0688,1271.4911,42317.3789,10156.1755,679.3815,329.1697,8681.3266,573.5183,221.949,-459.187,328.4601,1396.882,28216.5183,9976.7898,5204.5357,109.0688,1271.4911,2719.2169,781.4297,174.9481,231.9393,-40.6868,33423.8517,13837.1326,2795.9112,8098.0005,8692.8074,1073274.4775,10744379.0,3606135.0,2096836.0,734810.0,934897.0,11663.5254,124182793.0,22112140.79,8098.0005,2795.9112,1230.2087,,9696.8052,397.2566,1080.9916,3371701.0,521.9559,,,,,,41420.3707,11829317.0029
2023-01-01,83.1,675.0,1151.5643,583.1836,3349.3732,30.1731,645.0828,14.4691,33388.2994,176284.0,479010,317.3688,38074.0,42.3421,,11.27,-14.9199,-3.2717,1271.2206,0.0,100.5612,3349.3732,736.1054,30.1731,11.27,645.0828,42.3421,18.5074,-14.9199,14.4691,131.6919,2265.2173,870.3843,400.8363,0.0,100.5612,220.0811,52.4095,14.2644,19.0532,-3.2717,2555.1295,1151.5643,223.3008,597.0808,583.1836,33388.2993,835227.0,323051.0,155959.0,38074.0,69105.0,317.3688,48581452.0,12114.0,597.0808,223.3008,112.7111,,693.4765,30.5014,98.8431,249038.0,52.5875,,,,,,3235.8729,868932.6681
2023-02-01,82.7,719.1,2221.5653,1141.2531,6518.8242,56.5579,1333.3984,26.4818,78739.6508,379448.0,933080,714.5938,98454.0,93.7094,,25.8271,-36.3619,-6.3649,2486.407,,152.6455,6518.8242,1518.6431,56.5579,25.8272,1333.3984,93.7094,34.9775,-36.3619,26.4818,318.8042,4304.4255,1696.1356,790.2714,60.1038,152.6455,393.1964,89.2744,33.9068,28.5609,-6.3649,5057.6157,2221.5653,533.9991,1160.7983,1141.2531,78739.6508,1606614.0,629454.0,303626.0,98454.0,140497.0,714.5938,87578935.0,11691851.99,1160.7983,533.9991,206.4217,,1219.2162,73.0049,159.6331,434583.0,103.8716,,,,,,6242.7468,1686068.2446
2023-03-01,78.5,622.7,3399.2264,1958.4713,10062.4365,94.0748,2056.0647,51.8696,117295.1376,598071.0,1401810,969.2829,164285.0,130.324,,38.3723,-53.5727,-9.1523,3758.7545,,254.5369,10062.4365,2341.0099,94.0748,38.3723,2056.0647,130.324,60.5464,-53.5727,51.8696,453.6851,6632.377,2552.5916,1206.1629,223.702,254.5369,646.22,142.0417,44.6477,47.6081,-9.1523,8076.5556,3399.2264,826.9178,1891.9401,1958.4713,117295.1376,2396191.0,932796.0,469014.0,164285.0,216893.0,969.2829,132464169.0,41077761.7,1891.9401,826.9178,415.4853,,1694.1807,99.9609,297.1844,613203.0,150.0954,,,,,,9671.4764,2514455.4205
2023-04-01,84.0,565.1,4486.2473,2689.3959,13502.3059,144.8848,2637.1597,75.0861,131933.3161,782389.0,1853590,1174.3204,222319.0,168.4388,,51.7443,-72.8355,-11.9418,4940.804,,348.7393,13502.3059,3036.8944,144.8848,51.7443,2637.1597,168.4388,86.411,-72.8355,75.0861,558.0492,9017.9824,3372.1044,1568.6996,374.467,348.7393,899.0711,199.7614,56.8091,63.8993,-11.9418,10782.7253,4486.2473,1075.2895,2531.7926,2689.3959,131933.3161,3216993.0,1236377.0,617213.0,222319.0,280035.0,1174.3204,175269604.0,69133274.7,2531.7926,1075.2895,593.7247,,2368.3855,128.3363,429.1668,861049.0,183.8292,,,,,,13029.034,3350100.6365
2023-05-01,75.7,428.7,5664.1166,3236.3133,17188.183,183.0102,3276.5287,91.9499,147314.1912,999644.0,2293710,1370.7533,280062.0,200.3612,,59.1598,-83.4478,-14.8469,6120.9584,,455.5939,17188.183,3771.1229,183.0102,59.1598,3276.5287,200.3612,111.2228,-83.4478,91.9499,673.9202,11587.8358,4273.7178,1847.2406,539.3774,455.5939,1161.6488,267.8212,64.6009,78.3149,-14.8469,13530.5854,5664.1166,1369.9084,3260.2471,3236.3133,147314.1912,4076624.0,1569307.0,724403.0,280062.0,359791.0,1370.7533,219003315.0,99808683.7,3260.2471,1369.9084,797.4642,,3173.5785,144.3766,580.5498,1143061.0,224.8274,,,,,,16612.5574,4225308.9446
2023-06-01,74.9,373.1,6872.757,4105.6108,20923.59,245.4649,3983.5735,125.6964,170230.5977,1228276.0,2759720,1718.8345,352870.0,247.0233,,70.7865,-100.572,-17.3982,7374.026,,525.6041,20923.5554,4610.7444,245.4649,70.7865,3982.5225,247.0233,135.7337,-100.572,125.6964,716.64,14207.2327,5116.6597,2257.3663,705.8113,525.6041,1381.2468,318.4148,79.2813,89.9502,-17.4329,16538.4897,6872.757,1525.173,4034.9489,4105.6108,170230.5977,4978246.0,1879851.0,879869.0,352870.0,437703.0,1718.8345,262397362.0,129830455.7,4034.9489,1525.173,1008.0425,,3989.1435,177.2412,686.4387,1427953.0,260.1979,,,,,,20324.9203,5150195.4323
2023-07-01,80.1,443.4,8206.0707,4894.1092,25134.4925,295.1024,4694.1276,151.1973,222991.7529,1372362.0,3270080,2449.8489,419794.0,287.2197,,81.5346,-115.8457,-21.3845,8748.9956,,701.0841,25134.4925,5436.2555,295.1024,81.5346,4694.1276,287.2197,159.8059,-115.8457,151.1973,891.1051,17045.8039,6044.3932,2704.6024,846.6381,701.0841,1747.3609,429.9458,86.7023,118.1843,-21.3845,19587.0198,8206.0707,1685.9596,4800.8803,4894.1092,222991.7529,5879239.0,2221781.0,1048299.0,419794.0,476284.0,2449.8489,310084429.0,156073920.7,4800.8803,1685.9596,1192.3882,,4808.818,192.7547,883.0417,1713081.0,295.0716,,,,,,24380.6176,6104680.6017
2023-08-01,86.0,519.2,9605.2929,5709.0283,29466.6628,334.3798,5430.0225,188.9199,310877.544,1446794.0,3751140,3542.5979,494226.0,331.0088,,93.0238,-131.9328,-24.972,10062.2693,1028.3074,834.9012,29466.6628,6279.5067,334.3798,93.0238,5430.0225,331.0088,184.0955,-131.9328,188.9199,1267.8266,19788.245,6906.0419,3156.2274,1028.3074,834.9012,2099.0694,506.5907,99.0344,140.8175,-24.972,22764.7639,9605.2929,1834.1991,5616.2436,5709.0283,310877.544,6711171.0,2535073.0,1216067.0,494226.0,476284.0,3542.5979,358216830.0,189082019.7,5616.2436,1834.1991,1332.3062,,5599.544,217.6122,1092.2929,1989521.0,323.4381,,,,,,28355.741,7025591.1419
2023-09-01,94.0,564.4,10797.3297,6711.8595,33199.2573,380.1674,5981.6124,220.6429,346421.6409,1547924.0,4202170,3944.2413,560976.0,369.785,,101.7439,-144.7804,-29.3878,11277.8867,1204.4433,902.6677,33199.2573,6937.0814,380.1674,101.7439,5981.6124,369.785,205.5166,-144.7804,220.6429,1437.9725,22364.3131,7772.1298,3505.7569,1204.4433,902.6677,2413.4156,557.2533,112.8551,156.2304,-29.3878,25933.1376,10797.3297,1996.7377,6427.2106,6711.8595,346421.6409,7516675.0,2849667.0,1352503.0,560976.0,493474.0,3944.2413,400183511.0,221098544.7,6427.2106,1996.7377,1481.8341,,6381.0362,248.1079,1294.0234,2260055.0,355.4554,,,,,,31935.453,7867040.8822
2023-10-01,90.9027,534.9,12020.6707,7392.8243,36960.3504,419.6955,6679.3437,250.0751,382861.575,1774386.0,4646310,4666.9114,634884.0,423.2437,,121.5647,-171.3643,-32.0709,12485.5148,1380.404,967.1464,36960.3504,7748.4204,419.6955,121.5647,6679.3437,423.2437,226.1375,-171.3643,250.0751,1586.1104,24886.7017,8549.986,3935.5288,1380.404,967.1465,2692.4779,592.6734,131.6399,169.7177,-32.0709,28781.0719,12020.6707,2193.642,7173.9348,7392.8243,382861.575,8374864.0,3127458.0,1518852.0,634884.0,569751.0,4666.9114,432887977.0,253227299.7,7173.9348,2193.642,1616.6532,,7135.1763,293.0267,1458.1466,2523919.0,397.9856,,,,,,35577.6752,8762392.4865
2023-11-01,83.1629,540.9,13149.8056,8020.9821,40426.066,478.3836,7280.3444,261.4005,407164.4557,1976971.0,5052720,4957.202,704079.0,462.2315,,140.9723,-198.5364,-34.9122,13599.9971,1527.8569,1041.1566,40426.066,8466.7281,478.3836,140.9723,7280.3444,462.2315,245.7687,-198.5364,261.4005,1743.3064,27221.6077,9285.3825,4314.6146,1527.8569,1041.1566,2966.4718,636.5434,143.3072,184.7286,-34.9122,31431.8098,13149.8056,2405.2783,7855.7437,8020.9821,407164.4557,9154792.0,3389618.0,1663102.0,704079.0,636446.0,4957.202,464095438.4847,280684925.7,7855.7437,2405.2783,1756.1601,,7806.1262,320.2309,1630.4972,2761547.0,439.8155,,,,,,38916.2082,9566913.6577
2023-12-01,77.8595,591.6,14332.5651,8849.584,43991.3513,515.793,7934.4207,267.925,448064.0008,2181742.0,5502990,5373.486,757210.0,491.1458,,162.7628,-229.3011,-38.1448,14827.831,1675.8366,1099.8588,43991.3513,9204.3083,515.793,162.7628,7934.4207,491.1458,262.9489,-229.3011,267.925,1849.4806,29720.1369,10097.2697,4730.5613,1675.8366,1099.8588,3216.9465,673.9238,153.2289,199.7521,-38.1448,34427.1856,14332.5651,2651.0668,8593.9698,8849.584,448064.0008,9996686.0,3676737.0,1826253.0,757210.0,712266.0,5373.486,498777544.4847,308354287.77,8593.9698,2651.0668,1885.6976,,8557.8095,342.0082,1792.5339,3024220.0,482.9073,,,,,,42409.3167,10450123.4868
2024-01-01,80.2291,571.7,1199.1501,605.4087,3544.7419,39.6021,622.398,10.2253,34816.808,188820.0,452910,240.1544,34546.0,50.2356,,23.2394,-32.3703,-2.692,1234.4881,158.3622,67.6217,3544.7419,729.9704,39.6021,23.2394,622.398,50.2356,17.7347,-32.3703,10.2253,38.2219,2511.871,818.7639,415.7242,158.3622,67.6217,289.5156,50.9173,16.4417,15.9066,-2.692,2672.0043,1199.1501,208.3711,659.0744,605.4087,34816.8081,821578.0,294096.0,158814.0,34546.0,77137.0,240.1544,41269019.0,29906684.0,659.0744,208.3711,110.6932,,737.1308,40.964,161.2904,256985.0,47.7825,,,,,,3541.5823,856634.9625
2024-02-01,83.7671,583.1,2317.7733,1180.148,6878.9299,81.4907,1223.1918,22.2833,68978.0338,373114.0,856770,491.2655,81982.0,107.9356,,47.6746,-66.7535,-5.9832,2338.1427,168.4717,180.1229,6878.9299,1450.4776,81.4907,47.6746,1223.1918,107.9356,37.8595,-66.7535,22.2833,118.1494,4726.4081,1574.5105,763.6322,168.4717,180.1229,634.3482,120.9959,35.5278,37.1586,-5.9832,5148.6145,2317.7733,363.0762,1287.617,1180.148,68978.0338,1559838.0,562615.0,294155.0,81982.0,145566.0,491.2655,79545847.0,31577603.0,1287.617,363.0762,230.1887,,1339.709,83.8756,348.2011,475520.0,114.0286,,,,,,6833.5172,1629307.2993
2024-03-01,85.5167,556.4,3508.8449,2018.7265,10478.408,142.1207,1738.5592,32.8525,84127.0367,534895.0,1314030,865.6015,126277.0,166.9939,,75.0799,-105.6663,-9.9791,3559.904,284.2367,267.7018,10478.408,2107.9626,142.1207,75.0799,1738.5592,166.9939,60.2887,-105.6663,32.8525,370.7493,7159.968,2429.3398,1130.5642,284.2367,267.7018,922.5211,174.4877,54.2791,50.8127,-9.9791,8148.2864,3508.8449,594.2273,2026.4878,2018.7265,84127.0367,2349072.0,871848.0,442182.0,126277.0,204309.0,865.6015,120400100.0,53846074.0,2026.4878,594.2273,357.7819,,1962.759,123.5207,503.2438,704456.0,184.395,,,,,,10223.3041,2434064.6382
2024-04-01,90.0545,536.8,4622.5795,2638.955,13908.1661,200.5126,2234.765,46.7906,104652.0283,705183.0,1767640,1100.5155,166719.0,215.5898,,100.8501,-141.7515,-13.2551,4751.6386,445.5482,367.381,13908.1661,2734.7597,200.5126,100.8501,2234.765,215.5898,83.8923,-141.7515,46.7906,638.5057,9396.9815,3257.3926,1494.246,445.5482,367.381,1246.1352,240.1912,69.2947,68.0671,-13.2551,10705.3261,4622.5795,759.1048,2684.6868,2638.955,104652.0283,3048404.0,1181734.0,585906.0,166719.0,269232.0,1100.5155,155794129.0,83763384.0,2684.6868,759.1048,507.3776,,2342.0892,154.5738,692.6632,844813.0,236.0528,,,,,,13424.667,3154156.5439
2024-05-01,82.1166,464.7,5842.6769,3277.3441,17751.8146,269.7295,2870.5406,67.9237,138254.5469,900618.0,2227580,1511.4918,202556.0,271.4673,,127.6031,-185.9378,-16.4183,6004.0383,625.0485,510.3996,17751.8146,3519.978,269.7295,127.6031,2870.5406,271.4673,108.2406,-185.9378,67.9237,941.9143,11773.3928,4117.1975,1886.8408,625.0485,510.3996,1650.9621,334.5167,83.6885,92.9376,-16.4183,13508.5036,5842.6769,927.7175,3460.7651,3277.3441,138254.5469,3736801.0,1491238.0,736342.0,202556.0,349031.0,1511.4918,199428587.0,116544913.0,3460.7651,927.7175,663.7953,,2656.8655,187.3348,924.3497,957634.0,271.7259,,,,,,17012.4053,3876567.0387
2024-06-01,82.5563,500.8,7007.6198,4160.4253,21475.948,322.6142,3485.166,83.4008,171042.8577,1096239.0,2667580,1898.3025,242065.0,330.0621,,145.8418,-228.5364,-19.4317,7220.3699,745.6881,648.9735,21475.948,4269.3321,322.6142,145.8418,3485.166,330.0621,131.4898,-228.5364,83.4008,1144.6462,14183.0389,4951.068,2269.3019,745.6881,648.9735,2043.4981,422.158,99.0284,116.7649,-19.4317,16465.6518,7007.6198,1078.3815,4219.2253,4160.4253,171042.8577,4452706.0,1790343.0,877237.0,242065.0,427087.0,1898.3025,239836515.0,138800139.0,4219.2253,1078.3815,830.8258,,3092.19,226.6882,1146.2121,1115974.0,311.8285,,,,,,20579.2699,4625647.1602
2024-07-01,85.2957,545.6,8421.7379,4897.2416,25934.4198,392.1521,4329.1458,95.5412,246771.2168,1324377.0,3106950,2873.4619,298187.0,379.8611,,166.832,-275.8868,-22.8997,8426.8306,936.9788,826.7624,25934.4198,5255.7721,392.1521,166.832,4329.1458,379.8611,154.6132,-275.8868,95.5412,1454.5873,16932.9336,5762.5049,2664.3257,936.9788,826.7624,2494.372,528.5327,109.562,147.9646,-22.8997,19643.9759,8421.7379,1262.9943,5062.002,4897.2416,246771.2168,5278621.0,2079800.0,1027150.0,298187.0,513095.0,2873.4619,285159004.0,172916003.0,5062.002,1262.9943,950.3223,,3784.4065,253.0728,1415.5503,1360389.0,349.9929,,,,,,24778.619,5528265.6788
2024-08-01,80.8741,538.7,9832.4943,5849.9282,30430.2102,436.1503,5084.9618,106.7267,280198.2386,1583774.56,3589660,3389.8541,371416.0,426.2382,,179.8367,-304.2366,-25.6791,9730.5447,1129.9832,998.3659,30430.2102,6123.5893,436.1503,179.8367,5084.9618,426.2382,176.2391,-304.2366,106.7267,1744.7415,19860.343,6634.7195,3095.8252,1129.9832,998.3659,2924.7255,628.3197,119.8298,178.3426,-25.6791,23047.1248,9832.4943,1473.7849,5890.9174,5849.9282,280198.2386,6220925.28,2395959.0,1193701.0,371416.0,606179.28,3389.8541,330406071.0,207529671.0,5890.9174,1473.7849,1053.4562,,4614.7013,276.4942,1675.6788,1653670.0,388.148,,,,,,29015.3845,6504513.3727
2024-09-01,74.5116,552.3,11094.8255,6701.3681,34398.0905,483.5677,5767.1178,119.0054,308956.2677,1826221.2,3987250,3752.3307,429657.0,467.6136,,187.9945,-336.6868,-28.9226,10815.5316,1314.6058,1101.2401,34398.0905,6915.1035,483.5677,187.9945,5767.1178,467.6136,196.8044,-336.6868,119.0054,2055.6988,22395.7093,7306.2171,3509.3145,1314.6058,1101.2401,3278.1829,691.4802,132.3509,209.5423,-28.9226,25994.1463,11094.8255,1683.3396,6514.6131,6701.3681,308956.2677,7051248.1,2635653.0,1351597.0,429657.0,698282.1,3752.3307,373431981.0,240786763.0,6514.6131,1683.3396,1163.7135,,5402.6178,302.7894,1890.04,1936059.0,418.2767,,,,,,32708.001,7363956.6984
2024-10-01,75.6691,635.4,12994.7992,7158.9988,38292.19,536.6004,6464.2683,128.4086,333894.2057,2063691.2,4425900,4272.7778,496273.0,512.285,,197.0832,-376.1082,-31.5967,11977.7469,1498.4496,1177.4506,38292.19,7729.7096,536.6004,197.0832,6464.2683,512.285,216.5558,-376.1082,128.4086,2326.2891,24970.7049,8079.2808,3898.4661,1498.4496,1177.4506,3544.7828,736.5397,144.8962,222.3316,-31.5967,28972.6563,12994.7992,1976.2689,6842.5894,7158.9988,333894.2057,7909625.1,2922813.0,1503087.0,496273.0,783709.1,4272.7778,417701884.0,274587769.0,6842.5894,1976.2689,1267.4342,,6162.6545,333.8613,2047.6073,2203743.0,463.8931,,,,,,36373.6058,8247792.0835
2024-11-01,74.3971,615.3,15167.9231,7443.3817,41940.5725,615.6005,7093.9491,138.7246,375776.772,2216570.2,4902610,4834.0212,563682.0,548.1814,,210.2986,-432.5825,-34.9493,13259.0006,1702.2141,1220.8088,41940.5725,8490.8204,615.6005,210.2985,7093.9491,548.1814,233.0894,-432.5825,138.7246,2560.2577,27473.1464,8936.2046,4322.7961,1702.2141,1220.8088,3745.1553,769.2574,159.1573,233.369,-34.9493,32029.8684,15167.9231,2318.6293,7099.9343,7443.3817,375776.772,8738366.7,3234786.0,1667824.0,563682.0,826444.1,4834.0212,456413135.0,310796085.0,7099.9343,2318.6293,1332.1352,,6867.6563,364.3376,2155.4372,2445630.6,507.5409,,,,,,39847.8466,9118977.4932
2024-12-01,,,17496.7752,7791.4319,45698.2001,686.0512,7812.2332,149.7691,417710.5118,2454240.2,5391380,5305.0052,639396.0,595.7446,,229.6796,-501.7233,-37.3622,14601.7681,1864.9022,1288.1926,45698.2001,9343.7717,686.0512,229.6796,7812.2332,595.7446,249.7427,-501.7233,149.7691,2539.4483,30175.4487,9848.8393,4752.9288,1864.9022,1288.1926,4028.8478,823.2097,175.0422,249.8241,-37.3622,35268.0273,17496.7752,2617.6225,7362.1977,7791.4319,417710.5118,9662992.7,3561818.0,1829562.0,639396.0,907422.1,5305.0052,488290585.3057,341651239.4105,7362.1977,2617.6225,1395.2075,,7682.427,401.4745,2311.5751,2724794.6,537.2793,,,,,,43697.8373,10086008.217
2025-01-01,,,2340.8564,249.3068,3792.1513,82.803,590.3294,9.5084,46770.3174,222121.0,467350,360.8014,57365.0,46.909,,55.8369,-74.3239,-3.5615,1260.0416,212.9895,71.1359,3792.1513,738.3269,82.803,55.8369,590.3294,46.909,18.2855,-74.3239,9.5084,90.1999,2752.4781,862.6672,397.3744,212.9895,71.1359,279.5233,45.8934,14.6571,15.2102,-3.5615,3121.3334,2340.8564,323.8044,207.3659,249.3068,46770.3174,897502.0,316483.0,150867.0,57365.0,82378.0,360.8014,19004145.0,38009173.0,207.3659,323.8044,102.473,,815.0285,37.1219,160.5498,290409.0,53.599,,,,,,3779.8368,944633.1188
2025-02-01,,,4471.1239,481.6803,7250.6837,146.7703,1252.5748,16.4686,91580.7073,423124.0,864900,873.4923,102640.0,76.1234,,101.7116,-135.9144,-6.257,2332.2495,375.4493,154.0244,7250.6837,1513.2874,146.7703,101.7116,1252.5748,76.1234,37.8189,-135.9144,16.4686,238.3757,5067.3679,1661.0318,671.2177,375.4493,154.0244,557.3555,93.3419,23.5426,30.6479,-6.257,5952.5287,4471.1239,603.8114,395.9132,481.6803,91580.7073,1638651.0,609778.0,255122.0,102640.0,160242.0,873.4923,56849325.0,67002393.0,395.9132,603.8114,176.5932,,1453.7225,57.5154,341.3009,510869.0,95.3522,,,,,,7154.4795,1731105.1996
2025-03-01,,,6739.7175,837.5333,10918.3318,236.6989,1875.3369,28.9626,126407.8546,621208.0,1323120,1186.7434,134918.0,134.1334,,159.2359,-211.1844,-9.0171,3529.3557,549.4217,221.0002,10918.3318,2308.3434,236.6989,159.2359,1875.3369,134.1334,62.1743,-211.1844,28.9626,407.1933,7614.721,2502.7663,1026.5894,549.4217,221.0002,779.3129,138.3332,41.6514,40.5475,-9.0171,9170.1545,6739.7175,963.8702,629.0335,837.5333,126407.8546,2457768.0,927809.0,395311.0,134918.0,243145.0,1186.7434,98040666.0,98936590.0,629.0335,963.8702,264.3053,,2151.71,100.3937,439.1134,756585.0,179.2648,,,,,,10731.3399,2585362.598
2025-04-01,,,9004.6095,1088.0286,14600.9562,323.1824,2425.3333,41.2131,133192.2558,834249.0,1755710,1554.4103,199683.0,187.806,,198.3253,-262.6093,-11.676,4684.2831,705.4933,322.3031,14600.9562,3021.186,323.1824,198.3253,2425.3333,187.806,84.8643,-262.6093,41.2131,625.3147,10114.0568,3316.6234,1367.6597,705.4933,322.3031,1073.4709,196.9852,57.5791,58.2936,-11.676,12173.5735,9004.6095,1243.6057,837.3296,1088.0286,133192.2558,3255096.0,1225623.0,530087.0,199683.0,317283.0,1554.4103,135488521.0,128000856.0,837.3296,1243.6057,386.6362,,2786.531,138.7279,596.7724,982420.0,240.9453,,,,,,14291.6155,3389842.666
2025-05-01,,,11480.5851,1340.1228,18681.1586,404.7592,3052.3139,53.3171,151818.6656,1063145.0,2189020,1852.4472,271235.0,232.7338,,234.5173,-312.2337,-14.3096,5850.6582,868.4652,410.6601,18681.1586,3799.9374,404.7592,234.5173,3052.3139,232.7338,110.1305,-312.2337,53.3171,1069.7494,12723.9017,4105.4863,1745.1719,868.4652,410.6601,1360.7964,248.4107,68.9233,75.1656,-14.3096,15425.7703,11480.5851,1586.7523,1018.3101,1340.1228,151818.6656,4088458.0,1510933.0,678087.0,271235.0,395955.0,1852.4472,174860461.0,158586336.0,1018.3101,1586.7523,556.1246,,3498.9378,169.5329,768.2737,1232248.0,285.4361,,,,,,18022.9582,4242129.1128
2025-06-01,,,14175.1205,1683.6074,22940.463,472.214,3684.7693,63.0776,196154.9873,1208699.0,2648210,2507.1532,336195.0,273.5399,,259.8535,-348.4704,-18.2133,7109.6456,1059.0879,560.646,22940.463,4563.1903,472.214,259.8535,3684.7693,273.5399,132.6672,-348.4704,63.0776,1464.2735,15415.2221,4977.4459,2132.1997,1059.0879,560.646,1801.3832,336.4432,79.397,101.3456,-18.2133,18920.3488,14175.1205,1826.6533,1234.9676,1683.6074,196154.9873,4866416.54,1823416.0,824794.0,336195.0,436252.0,2507.1532,219743765.0,193127849.0,1234.9676,1826.6533,694.7837,,4102.9487,196.6715,984.6098,1445759.54,322.2611,,,,,,21842.8732,5065078.6805
2025-07-01,,,17363.5792,1903.554,27711.1618,534.9034,4506.6922,93.0597,253259.8447,1447335.0,3116950,3299.8444,400595.0,321.5138,,277.0057,-371.5324,-21.2007,8384.5323,1257.5137,721.6639,27711.1618,5520.4063,534.9034,277.0057,4506.6922,321.5138,157.2969,-371.5324,93.0597,1894.8872,18375.9649,5845.7407,2538.7916,1257.5137,721.6639,2219.5768,433.0177,92.5227,129.1295,-21.2007,22715.496,17363.5792,2069.3666,1378.9962,1903.554,253259.8447,5768001.54,2136127.0,980823.0,400595.0,523370.0,3299.8444,266271794.0,228552314.0,1378.9962,2069.3666,859.6881,,4919.697,226.1676,1198.1758,1727086.54,353.7312,,,,,,26209.0077,6024561.2291
2025-08-01,,,20641.5602,2122.8278,32459.5933,593.3337,5329.024,124.4506,314103.1274,1675886.0,3583500,4138.0906,453280.0,373.7702,,302.1658,-406.9727,-24.1585,9661.1043,1458.9162,856.9404,32459.5934,6473.9256,593.3337,302.1658,5329.024,373.7702,177.7977,-406.9727,124.4506,2342.7727,21345.9426,6697.5039,2963.6004,1458.9162,856.9404,2603.633,509.5636,107.1722,153.3394,-24.1585,26589.7538,20641.5602,2319.997,1505.3688,2122.8278,314103.1274,6675226.54,2443004.0,1140496.0,453280.0,611303.0,4138.0906,313744854.0,264745505.0,1505.3688,2319.997,1006.1018,,5757.279,263.6065,1397.303,2027143.54,390.6197,,,,,,30547.9518,6993467.758
2025-09-01,,,23654.2488,2327.1769,36832.7136,653.3772,6122.4264,160.5176,386222.8896,1869883.0,4008460,5113.8887,480865.0,419.6763,,331.3594,-446.0603,-26.707,10827.3877,1660.0065,961.6115,36832.7136,7395.6221,653.3772,331.3594,6122.4264,419.6763,200.1422,-446.0603,160.5176,2681.9677,24125.3941,7485.8816,3341.5061,1660.0065,961.6115,2941.9796,568.9993,118.8806,172.9462,-26.707,30267.2747,23654.2488,2694.2223,1591.6267,2327.1769,386222.8896,7496011.54,2728821.0,1279639.0,480865.0,694509.0,5113.8887,313744854.0,264745505.0,1591.6267,2694.2223,1152.8356,,6581.4362,294.1147,1577.313,2312177.54,419.8777,,,,,,34623.5133,7887348.3183
2025-10-01,,,26743.7755,2420.9889,41152.3964,705.1852,6893.0674,186.3012,430517.9192,2097126.0,4474990,5747.3263,548656.0,469.584,,349.5547,-468.8525,-29.8798,12105.0677,1860.4172,1025.2443,41152.3964,8290.0809,705.1852,349.5547,6893.0674,469.584,222.2443,-468.8525,186.3012,3072.2575,26894.6992,8350.4281,3754.6396,1860.4172,1025.2443,3207.7898,610.2558,135.7858,186.8577,-29.8798,33912.0223,26743.7755,3154.5914,1592.6664,2420.9889,430517.9192,8392378.54,3038106.0,1436884.0,548656.0,774235.0,5747.3263,359826321.0,301083282.0,1592.6664,3154.5914,1320.6544,,7383.3013,332.2616,1702.8874,2594497.54,451.7287,,,,,,38578.8711,8828643.7855
2025-11-01,,,29848.7753,2421.0015,45035.2713,745.9389,7502.0737,208.3147,442256.9165,2333720.0,4941330,6156.2329,616616.0,506.859,,367.4014,-494.3621,-32.639,13343.687,2031.4092,1092.8282,45035.2713,8998.1578,745.9389,367.4014,7502.0737,506.859,243.2862,-494.3621,208.3147,3388.1084,29532.3052,9216.8546,4126.8324,2031.4092,1092.8282,3435.3863,648.8594,147.2027,198.9409,-32.639,37439.5272,29848.7753,3577.084,1592.6664,2421.0015,442256.9165,9278901.54,3359812.0,1581518.0,616616.0,858552.0,6156.2329,397678622.0,332674961.0,1592.6664,3577.084,1447.9816,,8127.3155,357.537,1814.5474,2862403.54,519.0056,,,,,,42174.164,9727314.6895
2025-12-01,,,33093.1396,2421.0015,49035.2719,797.8665,8144.886,225.9805,473570.718,2538631.0,5399850,6870.3318,689707.0,534.8303,,395.1754,-531.9546,-36.4069,14586.9534,2246.722,1161.1862,49035.2719,9736.3159,797.8665,395.1754,8144.886,534.8303,258.7331,-531.9546,225.9805,3705.5407,32276.0014,10029.5091,4557.4443,2246.722,1161.1862,3659.7949,686.3169,158.3406,209.24,-36.4069,41106.8184,33093.1396,4000.011,1592.6664,2421.0015,473570.718,10183021.54,3652926.0,1746924.0,689707.0,924462.0,6870.3318,434647524.0,371056819.0,1592.6664,4000.011,1544.3372,,8976.9575,383.573,1925.3108,3169002.54,593.2325,,,,,,45898.0927,10663462.5898
2026-01-01,,,3144.0908,0.0,3976.8683,100.2981,589.6544,20.1494,17285.9889,219104.0,443640,560.3877,62192.0,43.6633,,25.9222,-33.944,-3.7382,1170.0308,198.2706,89.1513,3976.8683,750.841,100.2981,25.9222,589.6544,43.6633,17.2253,-33.944,20.1494,202.5955,2728.4948,852.1723,317.8585,198.2706,89.1513,312.4698,60.1283,18.1806,15.7789,-3.7382,3465.9968,3144.0908,321.906,0.0,0.0,17285.9889,873477.0,316859.0,126781.0,62192.0,78456.0,560.3877,35053338.0,35718843.0,0.0,321.906,115.7764,,784.1247,36.6715,148.8511,289189.0,90.3523,,,,,,3811.9551,891323.3766
2026-02-01,,,5940.3245,0.0,7480.3438,416.917,1047.0009,42.9324,28213.6758,396902.0,810970,1184.5335,112308.0,80.9053,,54.7423,-70.9693,-6.4889,2126.4811,354.5025,167.2834,7480.3438,1580.6683,416.917,54.7423,1047.0009,80.9053,35.845,-70.9693,42.9324,521.8827,4803.5744,1551.3217,575.1594,354.5025,167.2834,608.7441,103.1394,35.2251,31.7062,-6.4889,6528.2568,5940.3245,587.9323,0.0,0.0,28213.6758,1510203.0,577586.0,233384.0,112308.0,142297.0,1184.5335,63575831.0,64589495.0,0.0,587.9323,246.7479,,1195.3115,67.279,306.5284,444628.0,157.7565,,,,,,7035.9193,1539601.2093
2026-03-01,,,8943.4707,0.0,11301.3103,572.6825,1393.4657,83.0197,36419.9668,578549.0,1228860,1679.5456,158057.0,144.2022,,77.4366,-95.5673,-10.9908,3291.9611,505.0398,310.0523,11301.3103,2165.7753,572.6825,77.4366,1393.4657,144.2022,55.4249,-95.5673,83.0197,766.0226,7399.8313,2343.7107,948.2504,505.0398,310.0523,993.2194,175.2209,54.8723,56.5894,-10.9908,9777.765,8943.4707,834.2943,0.0,0.0,36419.9668,2264620.0,854508.0,374352.0,158057.0,210246.0,1679.5456,73927529.0,92174135.0,0.0,834.2943,400.0778,,1788.8305,110.8693,500.9915,667457.0,213.3098,,,,,,10641.8458,2302719.5125
2026-04-01,,,12037.5367,0.0,15257.0994,724.5171,1860.9558,127.5689,46448.6279,800041.0,1627180,2153.3919,220167.0,188.1479,,108.3316,-135.8117,-14.6352,4384.5691,642.8489,390.9044,15257.0994,2849.9007,724.5171,108.3316,1860.9558,188.1479,76.2799,-135.8117,127.5689,1194.8102,9939.8043,3047.1904,1337.3787,642.8489,390.9044,1295.4622,224.9229,67.7843,71.5931,-14.6352,13193.3809,12037.5367,1155.8442,0.0,0.0,46448.6279,3084856.0,1104732.0,522448.0,220167.0,289937.0,2153.3919,83701194.0,117012417.0,0.0,1155.8442,575.5918,,2567.286,139.1219,670.3509,947572.0,260.0109,,,,,,,3133458.0198
2026-05-01,,,15305.69,0.0,19449.7247,868.9991,2271.8145,176.8603,56351.3245,914659.0,2020930,2566.2516,282911.0,238.1986,,134.9393,-171.4132,-18.5277,5486.3291,856.4271,482.2593,19449.7247,3477.7446,868.9991,134.9393,2271.8145,238.1986,98.7324,-171.4132,176.8603,1634.4742,12683.8495,3718.199,1768.1301,856.4271,482.2593,1666.737,281.3373,82.0941,90.2529,-18.5277,16763.1353,15305.69,1457.4453,0.0,0.0,56351.3245,3858809.0,1344098.0,676832.0,282911.0,315874.0,2566.2516,112458638.0,155228540.0,0.0,1457.4453,774.0343,,3396.41,172.9019,887.7693,1239094.0,293.1423,,,,,,,3917726.5761
