"branche","origine","r","p","prevision","n_series","iterations","converge","reel"
"Agriculture",2014-06-30,1,1,0.00976394753843345,4,40,FALSE,0.0364714396168857
"Agriculture",2014-09-30,1,1,0.00863918323654146,4,40,FALSE,0.0235744177595567
"Agriculture",2014-12-31,1,1,0.00614773569829757,4,40,FALSE,0.0253025688850634
"Agriculture",2015-03-31,1,1,0.00971493736775424,4,15,TRUE,0.0521449979479787
"Agriculture",2015-06-30,1,1,0.00919892654468101,4,2,TRUE,0.0317672490600582
"Agriculture",2015-09-30,1,1,0.00834396276858786,4,3,TRUE,0.0329272719732145
"Agriculture",2015-12-31,1,1,0.0141893999131916,4,4,TRUE,0.00507799922861274
"Agriculture",2016-03-31,1,1,0.00662626186755484,4,4,TRUE,-0.265832646674593
"Agriculture",2016-06-30,1,1,0.00433210723333045,4,6,TRUE,0.00748113104625325
"Agriculture",2016-09-30,1,1,0.00694435147467858,4,2,TRUE,0.0239103237598961
"Agriculture",2016-12-31,1,1,0.00478343081370541,4,2,TRUE,0.00479642186034113
"Agriculture",2017-03-31,1,1,-0.0036309750037017,4,3,TRUE,0.156411418832823
"Agriculture",2017-06-30,1,1,0.00871381828847396,4,5,TRUE,0.031215998995707
"Agriculture",2017-09-30,1,1,0.00943668198249269,4,2,TRUE,-0.001589953838673
"Agriculture",2017-12-31,1,1,0.00832020930048287,4,2,TRUE,-0.00572029123758178
"Agriculture",2018-03-31,1,1,0.00833380362573584,4,2,TRUE,0.033613953651912
"Agriculture",2018-06-30,1,1,0.0076189511410934,4,2,TRUE,0.0315396357748075
"Agriculture",2018-09-30,1,1,0.01725901240011,4,5,TRUE,-0.0076855501979054
"Agriculture",2018-12-31,1,1,0.0100124287725336,4,4,TRUE,-0.00708189895160238
"Agriculture",2019-03-31,1,1,0.00576283068242795,4,3,TRUE,-0.0674225881272044
"Agriculture",2019-06-30,1,1,0.00808948950355809,4,3,TRUE,0.0269576277375521
"Agriculture",2019-09-30,1,1,0.010281710681156,4,2,TRUE,-0.00378790367855686
"Agriculture",2019-12-31,1,1,0.010001153561924,4,2,TRUE,-0.00545796285781641
"Agriculture",2020-03-31,1,1,0.00286775828967435,4,2,TRUE,-0.0733468122559131
"Agriculture",2020-06-30,1,1,0.00524138458563737,4,3,TRUE,0.00964980812139338
"Agriculture",2020-09-30,1,1,0.00807984459042852,4,2,TRUE,-0.0341340216865049
"Agriculture",2020-12-31,1,1,0.00283171471773666,6,40,FALSE,-0.00972120420603417
"Agriculture",2021-03-31,1,1,0.00361232894595888,6,40,FALSE,0.198088349077135
"Agriculture",2021-06-30,1,1,0.0103837356225648,6,15,TRUE,0.00736929305629452
"Agriculture",2021-09-30,1,1,0.00996041894233006,6,3,TRUE,-0.00217917484074093
"Agriculture",2021-12-31,1,1,0.00902550283012901,6,3,TRUE,-0.00946965224747842
"Agriculture",2022-03-31,1,1,0.0033273911610861,6,5,TRUE,-0.106650718690272
"Agriculture",2022-06-30,1,1,0.0167211494997598,6,3,TRUE,-0.00714754922684868
"Agriculture",2022-09-30,1,1,0.00558583151334129,6,3,TRUE,0.0022277626879923
"Agriculture",2022-12-31,1,1,0.00703975318122699,6,3,TRUE,-0.00919879348349895
"Agriculture",2023-03-31,1,1,-0.00671536283330101,6,14,TRUE,0.0350757280012495
"Agriculture",2023-06-30,1,1,-0.000429516921050649,6,7,TRUE,-0.0122701816794795
"Agriculture",2023-09-30,1,1,0.00434586466099947,6,4,TRUE,-0.00378759914928928
"Agriculture",2023-12-31,1,1,0.0121311523477831,6,3,TRUE,-0.00788085316350973
"Agriculture",2024-03-31,1,1,-0.00485588043791005,6,3,TRUE,-0.0365847420386523
"Agriculture",2024-06-30,1,1,-0.00314365384614056,6,3,TRUE,-0.00664188506091534
"Agriculture",2024-09-30,1,1,0.00674900089304944,6,3,TRUE,-0.0112104142680227
"Agriculture",2024-12-31,1,1,0.0114341293981785,6,3,TRUE,-0.00435261931916919
"Agriculture",2025-03-31,1,1,-0.00445558478233965,6,5,TRUE,0.100359632990509
"Agriculture",2025-06-30,1,1,-0.00895526857653835,6,5,TRUE,-0.00473311427913181
"Agriculture",2025-09-30,1,1,0.0101891850927033,6,3,TRUE,-0.0140787530247088
"Agriculture",2025-12-31,1,1,0.0145037727818088,6,3,TRUE,-0.00148214583971118
"Agriculture",2026-03-31,1,1,-0.00543143192461919,6,3,TRUE,0.189386571246226
"Agriculture",2014-06-30,2,1,-0.0454429271504985,4,40,FALSE,0.0364714396168857
"Agriculture",2014-09-30,2,1,-0.00381242258483492,4,40,FALSE,0.0235744177595567
"Agriculture",2014-12-31,2,1,0.0345427750460464,4,40,FALSE,0.0253025688850634
"Agriculture",2015-03-31,2,1,-0.00421674637290203,4,40,FALSE,0.0521449979479787
"Agriculture",2015-06-30,2,1,0.0103531800717651,4,40,FALSE,0.0317672490600582
"Agriculture",2015-09-30,2,1,-0.0247599345932598,4,40,FALSE,0.0329272719732145
"Agriculture",2015-12-31,2,1,-0.0106911807780162,4,40,FALSE,0.00507799922861274
"Agriculture",2016-03-31,2,1,0.0345576140460539,4,40,FALSE,-0.265832646674593
"Agriculture",2016-06-30,2,1,0.0147361659648712,4,35,TRUE,0.00748113104625325
"Agriculture",2016-09-30,2,1,-0.00609986214883326,4,3,TRUE,0.0239103237598961
"Agriculture",2016-12-31,2,1,0.0154815185624984,4,3,TRUE,0.00479642186034113
"Agriculture",2017-03-31,2,1,-0.0464534033398283,4,14,TRUE,0.156411418832823
"Agriculture",2017-06-30,2,1,0.00431965907878438,4,9,TRUE,0.031215998995707
"Agriculture",2017-09-30,2,1,0.010349322351971,4,2,TRUE,-0.001589953838673
"Agriculture",2017-12-31,2,1,0.00701729682092969,4,2,TRUE,-0.00572029123758178
"Agriculture",2018-03-31,2,1,0.0108427951726328,4,2,TRUE,0.033613953651912
"Agriculture",2018-06-30,2,1,0.00760838766768122,4,2,TRUE,0.0315396357748075
"Agriculture",2018-09-30,2,1,-0.116160325401442,4,30,TRUE,-0.0076855501979054
"Agriculture",2018-12-31,2,1,0.028589025967261,4,8,TRUE,-0.00708189895160238
"Agriculture",2019-03-31,2,1,0.102874264439844,4,40,FALSE,-0.0674225881272044
"Agriculture",2019-06-30,2,1,0.0087119415149767,4,26,TRUE,0.0269576277375521
"Agriculture",2019-09-30,2,1,0.0121905577800305,4,19,TRUE,-0.00378790367855686
"Agriculture",2019-12-31,2,1,0.0126445537368429,4,24,TRUE,-0.00545796285781641
"Agriculture",2020-03-31,2,1,-0.00327705736598452,4,4,TRUE,-0.0733468122559131
"Agriculture",2020-06-30,2,1,0.00915586024270073,4,6,TRUE,0.00964980812139338
"Agriculture",2020-09-30,2,1,0.0100996153825235,4,4,TRUE,-0.0341340216865049
"Agriculture",2020-12-31,2,1,0.00384891975827962,6,40,FALSE,-0.00972120420603417
"Agriculture",2021-03-31,2,1,0.00443371764310425,6,40,FALSE,0.198088349077135
"Agriculture",2021-06-30,2,1,0.0103135674265516,6,40,FALSE,0.00736929305629452
"Agriculture",2021-09-30,2,1,0.00891923586160751,6,40,FALSE,-0.00217917484074093
"Agriculture",2021-12-31,2,1,0.00849143582201505,6,40,FALSE,-0.00946965224747842
"Agriculture",2022-03-31,2,1,0.00441228702980994,6,40,FALSE,-0.106650718690272
"Agriculture",2022-06-30,2,1,0.0169519084880991,6,40,FALSE,-0.00714754922684868
"Agriculture",2022-09-30,2,1,0.00577726563692537,6,13,TRUE,0.0022277626879923
"Agriculture",2022-12-31,2,1,0.00670745538886843,6,5,TRUE,-0.00919879348349895
"Agriculture",2023-03-31,2,1,-0.00643829235827885,6,13,TRUE,0.0350757280012495
"Agriculture",2023-06-30,2,1,0.00107945316521607,6,11,TRUE,-0.0122701816794795
"Agriculture",2023-09-30,2,1,0.00353424005567026,6,8,TRUE,-0.00378759914928928
"Agriculture",2023-12-31,2,1,0.0124021977629707,6,3,TRUE,-0.00788085316350973
"Agriculture",2024-03-31,2,1,-0.00312239417390433,6,4,TRUE,-0.0365847420386523
"Agriculture",2024-06-30,2,1,-0.00274760489460284,6,5,TRUE,-0.00664188506091534
"Agriculture",2024-09-30,2,1,0.00789772619689036,6,3,TRUE,-0.0112104142680227
"Agriculture",2024-12-31,2,1,0.010657329344216,6,6,TRUE,-0.00435261931916919
"Agriculture",2025-03-31,2,1,-0.00282125324087772,6,4,TRUE,0.100359632990509
"Agriculture",2025-06-30,2,1,-0.010343449631971,6,4,TRUE,-0.00473311427913181
"Agriculture",2025-09-30,2,1,0.0080456907625675,6,3,TRUE,-0.0140787530247088
"Agriculture",2025-12-31,2,1,0.0140378504089141,6,5,TRUE,-0.00148214583971118
"Agriculture",2026-03-31,2,1,-0.00471832466254511,6,5,TRUE,0.189386571246226
"Agriculture",2014-06-30,3,1,-0.0490486197244081,4,40,FALSE,0.0364714396168857
"Agriculture",2014-09-30,3,1,-0.0552926580568503,4,40,FALSE,0.0235744177595567
"Agriculture",2014-12-31,3,1,0.0317641091946795,4,40,FALSE,0.0253025688850634
"Agriculture",2015-03-31,3,1,0.000398953646382082,4,40,FALSE,0.0521449979479787
"Agriculture",2015-06-30,3,1,0.00028150923509444,4,7,TRUE,0.0317672490600582
"Agriculture",2015-09-30,3,1,-0.0318728226835609,4,8,TRUE,0.0329272719732145
"Agriculture",2015-12-31,3,1,-0.0373299317119275,4,15,TRUE,0.00507799922861274
"Agriculture",2016-03-31,3,1,0.0527549363027695,4,17,TRUE,-0.265832646674593
"Agriculture",2016-06-30,3,1,0.0471613603394802,4,40,FALSE,0.00748113104625325
"Agriculture",2016-09-30,3,1,-0.0354258256804843,4,25,TRUE,0.0239103237598961
"Agriculture",2016-12-31,3,1,-0.0027817333887435,4,40,FALSE,0.00479642186034113
"Agriculture",2017-03-31,3,1,-0.043284615548673,4,40,FALSE,0.156411418832823
"Agriculture",2017-06-30,3,1,-0.0289879938442547,4,17,TRUE,0.031215998995707
"Agriculture",2017-09-30,3,1,0.0113061650086497,4,40,FALSE,-0.001589953838673
"Agriculture",2017-12-31,3,1,0.0147154013501266,4,40,FALSE,-0.00572029123758178
"Agriculture",2018-03-31,3,1,0.0139270926247578,4,40,FALSE,0.033613953651912
"Agriculture",2018-06-30,3,1,0.00931882218349283,4,40,FALSE,0.0315396357748075
"Agriculture",2018-09-30,3,1,-0.100214147075251,4,40,FALSE,-0.0076855501979054
"Agriculture",2018-12-31,3,1,-0.0300070790104751,4,40,FALSE,-0.00708189895160238
"Agriculture",2019-03-31,3,1,0.104677658629219,4,40,FALSE,-0.0674225881272044
"Agriculture",2019-06-30,3,1,0.0561141843552135,4,39,TRUE,0.0269576277375521
"Agriculture",2019-09-30,3,1,0.00826007749033103,4,10,TRUE,-0.00378790367855686
"Agriculture",2019-12-31,3,1,0.0147506612268788,4,9,TRUE,-0.00545796285781641
"Agriculture",2020-03-31,3,1,-0.000303395268353094,4,18,TRUE,-0.0733468122559131
"Agriculture",2020-06-30,3,1,0.0241533466339961,4,11,TRUE,0.00964980812139338
"Agriculture",2020-09-30,3,1,0.0240386889785373,4,4,TRUE,-0.0341340216865049
"Agriculture",2020-12-31,3,1,-0.000807122312809106,6,40,FALSE,-0.00972120420603417
"Agriculture",2021-03-31,3,1,0.0888645864256713,6,40,FALSE,0.198088349077135
"Agriculture",2021-06-30,3,1,0.0496693409584199,6,40,FALSE,0.00736929305629452
"Agriculture",2021-09-30,3,1,-0.143612751445285,6,40,FALSE,-0.00217917484074093
"Agriculture",2021-12-31,3,1,-0.00172954903384268,6,40,FALSE,-0.00946965224747842
"Agriculture",2022-03-31,3,1,0.0720857706194363,6,40,FALSE,-0.106650718690272
"Agriculture",2022-06-30,3,1,0.0421064994035649,6,40,FALSE,-0.00714754922684868
"Agriculture",2022-09-30,3,1,-0.105594364937013,6,40,FALSE,0.0022277626879923
"Agriculture",2022-12-31,3,1,-0.00189449470712869,6,40,FALSE,-0.00919879348349895
"Agriculture",2023-03-31,3,1,0.0851884575683529,6,40,FALSE,0.0350757280012495
"Agriculture",2023-06-30,3,1,0.0012807815057953,6,23,TRUE,-0.0122701816794795
"Agriculture",2023-09-30,3,1,-0.0673432425930672,6,8,TRUE,-0.00378759914928928
"Agriculture",2023-12-31,3,1,-0.0213032283803631,6,7,TRUE,-0.00788085316350973
"Agriculture",2024-03-31,3,1,-0.0042101370243293,6,7,TRUE,-0.0365847420386523
"Agriculture",2024-06-30,3,1,0.0448881950712754,6,6,TRUE,-0.00664188506091534
"Agriculture",2024-09-30,3,1,-0.0819735387277095,6,4,TRUE,-0.0112104142680227
"Agriculture",2024-12-31,3,1,0.099876533118829,6,9,TRUE,-0.00435261931916919
"Agriculture",2025-03-31,3,1,-0.0199210924983072,6,8,TRUE,0.100359632990509
"Agriculture",2025-06-30,3,1,0.0994234902641676,6,26,TRUE,-0.00473311427913181
"Agriculture",2025-09-30,3,1,-0.095233815953092,6,21,TRUE,-0.0140787530247088
"Agriculture",2025-12-31,3,1,0.0265033164927066,6,8,TRUE,-0.00148214583971118
"Agriculture",2026-03-31,3,1,0.217698909524302,6,40,FALSE,0.189386571246226
"Agriculture",2014-06-30,1,2,0.0079693284859549,4,36,TRUE,0.0364714396168857
"Agriculture",2014-09-30,1,2,0.00498775005260894,4,3,TRUE,0.0235744177595567
"Agriculture",2014-12-31,1,2,0.000182560860772413,4,3,TRUE,0.0253025688850634
"Agriculture",2015-03-31,1,2,0.00899460945173162,4,3,TRUE,0.0521449979479787
"Agriculture",2015-06-30,1,2,0.00710351756230087,4,2,TRUE,0.0317672490600582
"Agriculture",2015-09-30,1,2,-0.0087258924032339,4,3,TRUE,0.0329272719732145
"Agriculture",2015-12-31,1,2,0.0261342011301189,4,3,TRUE,0.00507799922861274
"Agriculture",2016-03-31,1,2,-0.00410775081845891,4,3,TRUE,-0.265832646674593
"Agriculture",2016-06-30,1,2,0.00412321240212003,4,40,FALSE,0.00748113104625325
"Agriculture",2016-09-30,1,2,0.00696832613415479,4,40,FALSE,0.0239103237598961
"Agriculture",2016-12-31,1,2,0.00475997469578491,4,40,FALSE,0.00479642186034113
"Agriculture",2017-03-31,1,2,-0.0036446652156426,4,5,TRUE,0.156411418832823
"Agriculture",2017-06-30,1,2,0.00870809330724921,4,7,TRUE,0.031215998995707
"Agriculture",2017-09-30,1,2,0.00941151346093343,4,2,TRUE,-0.001589953838673
"Agriculture",2017-12-31,1,2,0.00833329058918966,4,2,TRUE,-0.00572029123758178
"Agriculture",2018-03-31,1,2,0.00834198003734064,4,2,TRUE,0.033613953651912
"Agriculture",2018-06-30,1,2,0.00764825621965442,4,2,TRUE,0.0315396357748075
"Agriculture",2018-09-30,1,2,0.0171175772333695,4,4,TRUE,-0.0076855501979054
"Agriculture",2018-12-31,1,2,0.00998580587084207,4,4,TRUE,-0.00708189895160238
"Agriculture",2019-03-31,1,2,0.00583204602117519,4,3,TRUE,-0.0674225881272044
"Agriculture",2019-06-30,1,2,0.00808999794079062,4,3,TRUE,0.0269576277375521
"Agriculture",2019-09-30,1,2,0.0102373257298538,4,2,TRUE,-0.00378790367855686
"Agriculture",2019-12-31,1,2,0.00995574023506426,4,2,TRUE,-0.00545796285781641
"Agriculture",2020-03-31,1,2,0.00297624142579625,4,3,TRUE,-0.0733468122559131
"Agriculture",2020-06-30,1,2,0.00527512577756947,4,3,TRUE,0.00964980812139338
"Agriculture",2020-09-30,1,2,0.00806203524448864,4,2,TRUE,-0.0341340216865049
"Agriculture",2020-12-31,1,2,0.00191139152180402,6,23,TRUE,-0.00972120420603417
"Agriculture",2021-03-31,1,2,0.00307863761240903,6,21,TRUE,0.198088349077135
"Agriculture",2021-06-30,1,2,0.010408755653047,6,5,TRUE,0.00736929305629452
"Agriculture",2021-09-30,1,2,0.010006656718215,6,3,TRUE,-0.00217917484074093
"Agriculture",2021-12-31,1,2,0.00900382537196712,6,5,TRUE,-0.00946965224747842
"Agriculture",2022-03-31,1,2,0.0033377971938648,6,4,TRUE,-0.106650718690272
"Agriculture",2022-06-30,1,2,0.01659861394034,6,3,TRUE,-0.00714754922684868
"Agriculture",2022-09-30,1,2,0.00561785006426358,6,4,TRUE,0.0022277626879923
"Agriculture",2022-12-31,1,2,0.00705106332742119,6,3,TRUE,-0.00919879348349895
"Agriculture",2023-03-31,1,2,-0.00682259211849935,6,4,TRUE,0.0350757280012495
"Agriculture",2023-06-30,1,2,-0.000409665618470601,6,3,TRUE,-0.0122701816794795
"Agriculture",2023-09-30,1,2,0.00442842886276144,6,3,TRUE,-0.00378759914928928
"Agriculture",2023-12-31,1,2,0.0121038214900573,6,3,TRUE,-0.00788085316350973
"Agriculture",2024-03-31,1,2,-0.00479101479782719,6,3,TRUE,-0.0365847420386523
"Agriculture",2024-06-30,1,2,-0.00305133761610462,6,8,TRUE,-0.00664188506091534
"Agriculture",2024-09-30,1,2,0.00690438446286077,6,3,TRUE,-0.0112104142680227
"Agriculture",2024-12-31,1,2,0.0113825444062074,6,9,TRUE,-0.00435261931916919
"Agriculture",2025-03-31,1,2,-0.00438464392290974,6,4,TRUE,0.100359632990509
"Agriculture",2025-06-30,1,2,-0.00862166979336889,6,11,TRUE,-0.00473311427913181
"Agriculture",2025-09-30,1,2,0.0102495559384845,6,8,TRUE,-0.0140787530247088
"Agriculture",2025-12-31,1,2,0.0140534025586392,6,13,TRUE,-0.00148214583971118
"Agriculture",2026-03-31,1,2,-0.00527248218998374,6,40,FALSE,0.189386571246226
"Agriculture",2014-06-30,2,2,-0.0433006211519287,4,40,FALSE,0.0364714396168857
"Agriculture",2014-09-30,2,2,-0.00276195791558924,4,40,FALSE,0.0235744177595567
"Agriculture",2014-12-31,2,2,0.0349359827864613,4,33,TRUE,0.0253025688850634
"Agriculture",2015-03-31,2,2,-0.0026192554860077,4,7,TRUE,0.0521449979479787
"Agriculture",2015-06-30,2,2,0.0105867665152722,4,3,TRUE,0.0317672490600582
"Agriculture",2015-09-30,2,2,-0.02127719430933,4,4,TRUE,0.0329272719732145
"Agriculture",2015-12-31,2,2,-0.00722477437856048,4,4,TRUE,0.00507799922861274
"Agriculture",2016-03-31,2,2,0.0312300814168994,4,5,TRUE,-0.265832646674593
"Agriculture",2016-06-30,2,2,0.0136134464111051,4,40,FALSE,0.00748113104625325
"Agriculture",2016-09-30,2,2,-0.00882637815265673,4,40,FALSE,0.0239103237598961
"Agriculture",2016-12-31,2,2,0.00900173322536296,4,40,FALSE,0.00479642186034113
"Agriculture",2017-03-31,2,2,-0.04147116480998,4,5,TRUE,0.156411418832823
"Agriculture",2017-06-30,2,2,0.0124656227402834,4,8,TRUE,0.031215998995707
"Agriculture",2017-09-30,2,2,0.0115718116543577,4,2,TRUE,-0.001589953838673
"Agriculture",2017-12-31,2,2,0.00785346424360491,4,2,TRUE,-0.00572029123758178
"Agriculture",2018-03-31,2,2,0.0108210979633749,4,2,TRUE,0.033613953651912
"Agriculture",2018-06-30,2,2,0.00463555263369671,4,2,TRUE,0.0315396357748075
"Agriculture",2018-09-30,2,2,-0.0801335083750823,4,40,FALSE,-0.0076855501979054
"Agriculture",2018-12-31,2,2,0.022703573387435,4,27,TRUE,-0.00708189895160238
"Agriculture",2019-03-31,2,2,0.102717733121106,4,40,FALSE,-0.0674225881272044
"Agriculture",2019-06-30,2,2,0.00864030399341665,4,39,TRUE,0.0269576277375521
"Agriculture",2019-09-30,2,2,0.0139515779637779,4,7,TRUE,-0.00378790367855686
"Agriculture",2019-12-31,2,2,0.0145111144528086,4,8,TRUE,-0.00545796285781641
"Agriculture",2020-03-31,2,2,0.000352210677939839,4,6,TRUE,-0.0733468122559131
"Agriculture",2020-06-30,2,2,0.00910925029785413,4,4,TRUE,0.00964980812139338
"Agriculture",2020-09-30,2,2,0.00637348250374222,4,2,TRUE,-0.0341340216865049
"Agriculture",2020-12-31,2,2,0.00288799355900898,6,40,FALSE,-0.00972120420603417
"Agriculture",2021-03-31,2,2,0.00646455374076702,6,21,TRUE,0.198088349077135
"Agriculture",2021-06-30,2,2,0.0113512422554096,6,10,TRUE,0.00736929305629452
"Agriculture",2021-09-30,2,2,0.00609442689816341,6,14,TRUE,-0.00217917484074093
"Agriculture",2021-12-31,2,2,0.00765700296766429,6,40,FALSE,-0.00946965224747842
"Agriculture",2022-03-31,2,2,0.00642567906659349,6,40,FALSE,-0.106650718690272
"Agriculture",2022-06-30,2,2,0.0179107042328038,6,30,TRUE,-0.00714754922684868
"Agriculture",2022-09-30,2,2,0.00229625589555837,6,14,TRUE,0.0022277626879923
"Agriculture",2022-12-31,2,2,0.00617644336869465,6,9,TRUE,-0.00919879348349895
"Agriculture",2023-03-31,2,2,-0.00475619005250074,6,34,TRUE,0.0350757280012495
"Agriculture",2023-06-30,2,2,-0.00109437561529677,6,6,TRUE,-0.0122701816794795
"Agriculture",2023-09-30,2,2,0.000713169383475667,6,6,TRUE,-0.00378759914928928
"Agriculture",2023-12-31,2,2,0.0116121851304175,6,5,TRUE,-0.00788085316350973
"Agriculture",2024-03-31,2,2,-0.00353334530752092,6,11,TRUE,-0.0365847420386523
"Agriculture",2024-06-30,2,2,-0.00354808115855349,6,9,TRUE,-0.00664188506091534
"Agriculture",2024-09-30,2,2,0.00360715672561153,6,8,TRUE,-0.0112104142680227
"Agriculture",2024-12-31,2,2,0.0118965694848722,6,10,TRUE,-0.00435261931916919
"Agriculture",2025-03-31,2,2,-0.00191512507941697,6,11,TRUE,0.100359632990509
"Agriculture",2025-06-30,2,2,-0.0101595512141368,6,22,TRUE,-0.00473311427913181
"Agriculture",2025-09-30,2,2,0.00623091661251047,6,13,TRUE,-0.0140787530247088
"Agriculture",2025-12-31,2,2,0.0153376229152101,6,6,TRUE,-0.00148214583971118
"Agriculture",2026-03-31,2,2,-0.00251973281477671,6,26,TRUE,0.189386571246226
"Agriculture",2014-06-30,3,2,-0.0406865617212378,4,40,FALSE,0.0364714396168857
"Agriculture",2014-09-30,3,2,-0.0296650982681234,4,27,TRUE,0.0235744177595567
"Agriculture",2014-12-31,3,2,0.0311593320422779,4,10,TRUE,0.0253025688850634
"Agriculture",2015-03-31,3,2,0.000825994597536541,4,9,TRUE,0.0521449979479787
"Agriculture",2015-06-30,3,2,0.00688163666796704,4,6,TRUE,0.0317672490600582
"Agriculture",2015-09-30,3,2,-0.0290148194318235,4,6,TRUE,0.0329272719732145
"Agriculture",2015-12-31,3,2,-0.0158829615957125,4,4,TRUE,0.00507799922861274
"Agriculture",2016-03-31,3,2,0.0377467442264571,4,4,TRUE,-0.265832646674593
"Agriculture",2016-06-30,3,2,0.0247268107242598,4,40,FALSE,0.00748113104625325
"Agriculture",2016-09-30,3,2,0.00618047262541698,4,9,TRUE,0.0239103237598961
"Agriculture",2016-12-31,3,2,0.00111787889154683,4,40,FALSE,0.00479642186034113
"Agriculture",2017-03-31,3,2,-0.0409781798430012,4,8,TRUE,0.156411418832823
"Agriculture",2017-06-30,3,2,0.0186049148529116,4,17,TRUE,0.031215998995707
"Agriculture",2017-09-30,3,2,0.00137378618040076,4,5,TRUE,-0.001589953838673
"Agriculture",2017-12-31,3,2,0.0115618700656446,4,4,TRUE,-0.00572029123758178
"Agriculture",2018-03-31,3,2,0.0110487297599374,4,4,TRUE,0.033613953651912
"Agriculture",2018-06-30,3,2,0.009375371395882,4,2,TRUE,0.0315396357748075
"Agriculture",2018-09-30,3,2,-0.122139898593489,4,40,FALSE,-0.0076855501979054
"Agriculture",2018-12-31,3,2,0.0219685952103352,4,17,TRUE,-0.00708189895160238
"Agriculture",2019-03-31,3,2,0.0902449506186955,4,40,TRUE,-0.0674225881272044
"Agriculture",2019-06-30,3,2,0.0242255315292686,4,29,TRUE,0.0269576277375521
"Agriculture",2019-09-30,3,2,0.0370948611115563,4,21,TRUE,-0.00378790367855686
"Agriculture",2019-12-31,3,2,-0.0202382381737993,4,10,TRUE,-0.00545796285781641
"Agriculture",2020-03-31,3,2,0.0125226563725434,4,13,TRUE,-0.0733468122559131
"Agriculture",2020-06-30,3,2,0.0247054045823617,4,15,TRUE,0.00964980812139338
"Agriculture",2020-09-30,3,2,0.0186617517441203,4,7,TRUE,-0.0341340216865049
"Agriculture",2020-12-31,3,2,-0.0292351910335811,6,40,FALSE,-0.00972120420603417
"Agriculture",2021-03-31,3,2,0.0790591821312355,6,40,FALSE,0.198088349077135
"Agriculture",2021-06-30,3,2,0.0415469786343634,6,40,FALSE,0.00736929305629452
"Agriculture",2021-09-30,3,2,-0.11239286672933,6,40,FALSE,-0.00217917484074093
"Agriculture",2021-12-31,3,2,-0.0214818242378253,6,40,FALSE,-0.00946965224747842
"Agriculture",2022-03-31,3,2,0.0480798759053555,6,40,FALSE,-0.106650718690272
"Agriculture",2022-06-30,3,2,-0.0176124117979553,6,36,TRUE,-0.00714754922684868
"Agriculture",2022-09-30,3,2,-0.0638817163996185,6,26,TRUE,0.0022277626879923
"Agriculture",2022-12-31,3,2,-0.00607059563558166,6,15,TRUE,-0.00919879348349895
"Agriculture",2023-03-31,3,2,0.125181101218913,6,40,FALSE,0.0350757280012495
"Agriculture",2023-06-30,3,2,0.0173303728544322,6,40,FALSE,-0.0122701816794795
"Agriculture",2023-09-30,3,2,-0.0408168863914182,6,40,FALSE,-0.00378759914928928
"Agriculture",2023-12-31,3,2,-0.0414744718936975,6,39,TRUE,-0.00788085316350973
"Agriculture",2024-03-31,3,2,-0.0178221971029976,6,12,TRUE,-0.0365847420386523
"Agriculture",2024-06-30,3,2,0.0502180614570568,6,40,FALSE,-0.00664188506091534
"Agriculture",2024-09-30,3,2,-0.0666311049375067,6,11,TRUE,-0.0112104142680227
"Agriculture",2024-12-31,3,2,0.0585328059610267,6,11,TRUE,-0.00435261931916919
"Agriculture",2025-03-31,3,2,0.03783603515617,6,16,TRUE,0.100359632990509
"Agriculture",2025-06-30,3,2,0.110235783729233,6,15,TRUE,-0.00473311427913181
"Agriculture",2025-09-30,3,2,-0.0134144088513447,6,18,TRUE,-0.0140787530247088
"Agriculture",2025-12-31,3,2,-0.000603488851577619,6,14,TRUE,-0.00148214583971118
"Agriculture",2026-03-31,3,2,0.157351137712876,6,17,TRUE,0.189386571246226
"Pêche",2014-06-30,1,1,-0.010007268097925,66,40,FALSE,0.238884348531972
"Pêche",2014-09-30,1,1,-0.00591859212510676,66,13,TRUE,-0.0842585990548885
"Pêche",2014-12-31,1,1,-0.00678388608132825,70,40,FALSE,0.0971925333013068
"Pêche",2015-03-31,1,1,-0.00488238029422596,71,40,FALSE,-0.0182664312630081
"Pêche",2015-06-30,1,1,-0.00490205903133188,71,5,TRUE,0.0112681719167798
"Pêche",2015-09-30,1,1,-0.00406346579867374,72,40,FALSE,-0.0240378912771044
"Pêche",2015-12-31,1,1,-0.00490041866740682,72,5,TRUE,0.0711997243889542
"Pêche",2016-03-31,1,1,0.0115116620754036,72,3,TRUE,0.0522788830555712
"Pêche",2016-06-30,1,1,0.0030997943327355,73,39,TRUE,-0.0692837716719641
"Pêche",2016-09-30,1,1,-0.00312297135786428,75,38,TRUE,-0.0707389562407208
"Pêche",2016-12-31,1,1,-0.00460899320906441,75,4,TRUE,0.100756292896915
"Pêche",2017-03-31,1,1,-0.002835649702388,75,3,TRUE,-0.0981301116583815
"Pêche",2017-06-30,1,1,0.00516765155002515,75,3,TRUE,-0.0199501670707116
"Pêche",2017-09-30,1,1,0.000859460069876544,75,4,TRUE,0.0209332096664658
"Pêche",2017-12-31,1,1,-0.00344962552429557,75,4,TRUE,-0.0659095853471712
"Pêche",2018-03-31,1,1,-0.00437526899639775,75,3,TRUE,-0.118526708999348
"Pêche",2018-06-30,1,1,-0.00517994667333804,75,3,TRUE,0.0565619820165848
"Pêche",2018-09-30,1,1,-0.059128093142068,75,4,TRUE,-0.0520428663582821
"Pêche",2018-12-31,1,1,-0.00612252521131285,75,4,TRUE,0.0519498128058951
"Pêche",2019-03-31,1,1,0.0391277299973605,75,4,TRUE,0.165886600744615
"Pêche",2019-06-30,1,1,0.00268760085995195,75,3,TRUE,-0.10051090919398
"Pêche",2019-09-30,1,1,0.000924880106584424,75,3,TRUE,0.107189386187184
"Pêche",2019-12-31,1,1,-0.00101148470821444,75,3,TRUE,-0.178444977080698
"Pêche",2020-03-31,1,1,0.0015724381252103,75,3,TRUE,0.250419564323746
"Pêche",2020-06-30,1,1,0.00851579894586453,75,2,TRUE,-0.182744294243855
"Pêche",2020-09-30,1,1,-0.00163602746103517,75,2,TRUE,0.449867423442043
"Pêche",2020-12-31,1,1,0.00567426241894409,75,3,TRUE,-0.549113253084071
"Pêche",2021-03-31,1,1,0.0117043429096047,75,17,TRUE,0.301831328865735
"Pêche",2021-06-30,1,1,0.0115194014773435,75,3,TRUE,0.086451616600093
"Pêche",2021-09-30,1,1,0.0134358761887983,75,3,TRUE,-0.0880960598262783
"Pêche",2021-12-31,1,1,0.0121035268856265,75,3,TRUE,0.102924635387614
"Pêche",2022-03-31,1,1,0.0143542202267264,75,3,TRUE,-0.251794115386521
"Pêche",2022-06-30,1,1,0.00745567434412833,75,3,TRUE,0.0309075374630767
"Pêche",2022-09-30,1,1,0.0104853729623347,75,3,TRUE,-0.424362348289532
"Pêche",2022-12-31,1,1,0.0065116785406328,75,3,TRUE,0.537806048836181
"Pêche",2023-03-31,1,1,0.0121584748631517,75,3,TRUE,-0.196422814008341
"Pêche",2023-06-30,1,1,0.007142624244848,75,3,TRUE,0.108653138186501
"Pêche",2023-09-30,1,1,0.0105188434454187,75,4,TRUE,0.0833031314032056
"Pêche",2023-12-31,1,1,0.00780185282114963,75,6,TRUE,-0.169722558184949
"Pêche",2024-03-31,1,1,0.0103242186403331,75,4,TRUE,0.137736263229147
"Pêche",2024-06-30,1,1,0.00648630975303298,75,3,TRUE,-0.124393100066797
"Pêche",2024-09-30,1,1,0.0104369449632926,75,4,TRUE,0.3409847439024
"Pêche",2024-12-31,1,1,0.00767668134471393,75,3,TRUE,-0.314903192186618
"Pêche",2025-03-31,1,1,0.0106352223826958,75,3,TRUE,0.0879705045311976
"Pêche",2025-06-30,1,1,0.00468257427550622,75,3,TRUE,-0.202438183367684
"Pêche",2025-09-30,1,1,0.00883236939518398,75,3,TRUE,0.141488674493727
"Pêche",2025-12-31,1,1,0.00501793277340249,75,3,TRUE,-0.181089428496749
"Pêche",2026-03-31,1,1,0.00895314313134104,75,3,TRUE,0.222874852773161
"Pêche",2014-06-30,2,1,-0.0509075251514519,66,40,FALSE,0.238884348531972
"Pêche",2014-09-30,2,1,0.00897412702588166,66,18,TRUE,-0.0842585990548885
"Pêche",2014-12-31,2,1,0.00900165916619928,70,40,FALSE,0.0971925333013068
"Pêche",2015-03-31,2,1,0.0706027999829812,71,40,FALSE,-0.0182664312630081
"Pêche",2015-06-30,2,1,-0.0121297986873765,71,10,TRUE,0.0112681719167798
"Pêche",2015-09-30,2,1,0.0380538354840555,72,40,FALSE,-0.0240378912771044
"Pêche",2015-12-31,2,1,-0.0185045140293441,72,17,TRUE,0.0711997243889542
"Pêche",2016-03-31,2,1,0.0306218687897453,72,6,TRUE,0.0522788830555712
"Pêche",2016-06-30,2,1,0.048823176383412,73,40,FALSE,-0.0692837716719641
"Pêche",2016-09-30,2,1,0.0415792100499584,75,40,FALSE,-0.0707389562407208
"Pêche",2016-12-31,2,1,-0.00497827935616681,75,5,TRUE,0.100756292896915
"Pêche",2017-03-31,2,1,0.0617425143913695,75,4,TRUE,-0.0981301116583815
"Pêche",2017-06-30,2,1,0.00946984663136429,75,3,TRUE,-0.0199501670707116
"Pêche",2017-09-30,2,1,-0.00335616582345568,75,6,TRUE,0.0209332096664658
"Pêche",2017-12-31,2,1,0.00814720940923481,75,4,TRUE,-0.0659095853471712
"Pêche",2018-03-31,2,1,0.0441983252291425,75,7,TRUE,-0.118526708999348
"Pêche",2018-06-30,2,1,-0.00277734502580873,75,3,TRUE,0.0565619820165848
"Pêche",2018-09-30,2,1,0.037462061678069,75,5,TRUE,-0.0520428663582821
"Pêche",2018-12-31,2,1,0.00854887020689861,75,4,TRUE,0.0519498128058951
"Pêche",2019-03-31,2,1,-0.00333871826423607,75,7,TRUE,0.165886600744615
"Pêche",2019-06-30,2,1,-0.0156825552633498,75,4,TRUE,-0.10051090919398
"Pêche",2019-09-30,2,1,-0.00859792443579938,75,5,TRUE,0.107189386187184
"Pêche",2019-12-31,2,1,-0.00286343650180057,75,8,TRUE,-0.178444977080698
"Pêche",2020-03-31,2,1,0.0457951061691456,75,11,TRUE,0.250419564323746
"Pêche",2020-06-30,2,1,-2.40226025371212e-05,75,3,TRUE,-0.182744294243855
"Pêche",2020-09-30,2,1,0.00314189451960001,75,2,TRUE,0.449867423442043
"Pêche",2020-12-31,2,1,0.0473106468135415,75,3,TRUE,-0.549113253084071
"Pêche",2021-03-31,2,1,0.0296904174167529,75,5,TRUE,0.301831328865735
"Pêche",2021-06-30,2,1,-0.0126042249567216,75,31,TRUE,0.086451616600093
"Pêche",2021-09-30,2,1,0.00109723674481506,75,4,TRUE,-0.0880960598262783
"Pêche",2021-12-31,2,1,-0.0244403510034003,75,4,TRUE,0.102924635387614
"Pêche",2022-03-31,2,1,0.0775095186695362,75,8,TRUE,-0.251794115386521
"Pêche",2022-06-30,2,1,-0.0520518774140063,75,6,TRUE,0.0309075374630767
"Pêche",2022-09-30,2,1,0.0123309319180818,75,5,TRUE,-0.424362348289532
"Pêche",2022-12-31,2,1,0.004776171533291,75,3,TRUE,0.537806048836181
"Pêche",2023-03-31,2,1,0.0161167811530002,75,4,TRUE,-0.196422814008341
"Pêche",2023-06-30,2,1,-0.0110654068065621,75,3,TRUE,0.108653138186501
"Pêche",2023-09-30,2,1,0.00647952601340498,75,5,TRUE,0.0833031314032056
"Pêche",2023-12-31,2,1,-0.00178482013172652,75,6,TRUE,-0.169722558184949
"Pêche",2024-03-31,2,1,0.0416816503720328,75,5,TRUE,0.137736263229147
"Pêche",2024-06-30,2,1,-0.0119598718126339,75,6,TRUE,-0.124393100066797
"Pêche",2024-09-30,2,1,-0.0123694352873679,75,5,TRUE,0.3409847439024
"Pêche",2024-12-31,2,1,0.0133102900251933,75,3,TRUE,-0.314903192186618
"Pêche",2025-03-31,2,1,0.0392695219783118,75,4,TRUE,0.0879705045311976
"Pêche",2025-06-30,2,1,-0.0130591011274059,75,5,TRUE,-0.202438183367684
"Pêche",2025-09-30,2,1,-0.00967964115741655,75,3,TRUE,0.141488674493727
"Pêche",2025-12-31,2,1,0.0151218701061977,75,3,TRUE,-0.181089428496749
"Pêche",2026-03-31,2,1,0.039099908434549,75,4,TRUE,0.222874852773161
"Pêche",2014-06-30,3,1,0.0442199481119001,66,40,FALSE,0.238884348531972
"Pêche",2014-09-30,3,1,-0.0747515789235992,66,34,TRUE,-0.0842585990548885
"Pêche",2014-12-31,3,1,0.0183059075062623,70,40,FALSE,0.0971925333013068
"Pêche",2015-03-31,3,1,-0.163684906018051,71,40,FALSE,-0.0182664312630081
"Pêche",2015-06-30,3,1,0.0734564009994989,71,36,TRUE,0.0112681719167798
"Pêche",2015-09-30,3,1,-0.0438432874373262,72,40,FALSE,-0.0240378912771044
"Pêche",2015-12-31,3,1,-0.00738482164796558,72,20,TRUE,0.0711997243889542
"Pêche",2016-03-31,3,1,0.0443199613260053,72,6,TRUE,0.0522788830555712
"Pêche",2016-06-30,3,1,0.070728832209873,73,40,FALSE,-0.0692837716719641
"Pêche",2016-09-30,3,1,-0.0485977602591969,75,40,FALSE,-0.0707389562407208
"Pêche",2016-12-31,3,1,0.000335450229416056,75,16,TRUE,0.100756292896915
"Pêche",2017-03-31,3,1,0.041687598467263,75,5,TRUE,-0.0981301116583815
"Pêche",2017-06-30,3,1,0.00247410552794842,75,3,TRUE,-0.0199501670707116
"Pêche",2017-09-30,3,1,0.0222621185922773,75,6,TRUE,0.0209332096664658
"Pêche",2017-12-31,3,1,0.00641833762758068,75,6,TRUE,-0.0659095853471712
"Pêche",2018-03-31,3,1,0.0428543197777733,75,8,TRUE,-0.118526708999348
"Pêche",2018-06-30,3,1,-0.0185753905462017,75,7,TRUE,0.0565619820165848
"Pêche",2018-09-30,3,1,-0.0335985539556692,75,7,TRUE,-0.0520428663582821
"Pêche",2018-12-31,3,1,0.00127624170479948,75,6,TRUE,0.0519498128058951
"Pêche",2019-03-31,3,1,0.0603855782525439,75,7,TRUE,0.165886600744615
"Pêche",2019-06-30,3,1,0.00678545974934587,75,4,TRUE,-0.10051090919398
"Pêche",2019-09-30,3,1,-0.0105036181328717,75,6,TRUE,0.107189386187184
"Pêche",2019-12-31,3,1,0.00232474999756002,75,9,TRUE,-0.178444977080698
"Pêche",2020-03-31,3,1,0.0220538687578982,75,11,TRUE,0.250419564323746
"Pêche",2020-06-30,3,1,0.0120148663149901,75,5,TRUE,-0.182744294243855
"Pêche",2020-09-30,3,1,0.00056387763749581,75,6,TRUE,0.449867423442043
"Pêche",2020-12-31,3,1,0.0404572611713658,75,3,TRUE,-0.549113253084071
"Pêche",2021-03-31,3,1,0.022426402072218,75,6,TRUE,0.301831328865735
"Pêche",2021-06-30,3,1,-0.0113543806164461,75,23,TRUE,0.086451616600093
"Pêche",2021-09-30,3,1,0.00536526353147808,75,5,TRUE,-0.0880960598262783
"Pêche",2021-12-31,3,1,-0.0188581237588458,75,6,TRUE,0.102924635387614
"Pêche",2022-03-31,3,1,0.0615058888908628,75,9,TRUE,-0.251794115386521
"Pêche",2022-06-30,3,1,-0.0391907582978805,75,6,TRUE,0.0309075374630767
"Pêche",2022-09-30,3,1,0.00978330385093016,75,5,TRUE,-0.424362348289532
"Pêche",2022-12-31,3,1,0.0073303067966694,75,4,TRUE,0.537806048836181
"Pêche",2023-03-31,3,1,-0.0270642778061811,75,4,TRUE,-0.196422814008341
"Pêche",2023-06-30,3,1,0.00368170887501389,75,3,TRUE,0.108653138186501
"Pêche",2023-09-30,3,1,0.01797836311014,75,6,TRUE,0.0833031314032056
"Pêche",2023-12-31,3,1,-0.00361071647659796,75,6,TRUE,-0.169722558184949
"Pêche",2024-03-31,3,1,0.0365205883751246,75,5,TRUE,0.137736263229147
"Pêche",2024-06-30,3,1,-0.019433212383426,75,6,TRUE,-0.124393100066797
"Pêche",2024-09-30,3,1,-0.00805369823760115,75,5,TRUE,0.3409847439024
"Pêche",2024-12-31,3,1,0.0134641447831902,75,3,TRUE,-0.314903192186618
"Pêche",2025-03-31,3,1,0.0352406275168437,75,4,TRUE,0.0879705045311976
"Pêche",2025-06-30,3,1,-0.0189089129746481,75,5,TRUE,-0.202438183367684
"Pêche",2025-09-30,3,1,-0.0131133491973093,75,3,TRUE,0.141488674493727
"Pêche",2025-12-31,3,1,0.0154954426438164,75,3,TRUE,-0.181089428496749
"Pêche",2026-03-31,3,1,0.0331306497895058,75,4,TRUE,0.222874852773161
"Pêche",2014-06-30,1,2,0.0303622965836039,66,40,FALSE,0.238884348531972
"Pêche",2014-09-30,1,2,0.0303455374365372,66,10,TRUE,-0.0842585990548885
"Pêche",2014-12-31,1,2,0.0277115305627079,70,40,FALSE,0.0971925333013068
"Pêche",2015-03-31,1,2,0.0276930275866366,71,40,FALSE,-0.0182664312630081
"Pêche",2015-06-30,1,2,0.0259500232576527,71,5,TRUE,0.0112681719167798
"Pêche",2015-09-30,1,2,0.0236603363842371,72,40,TRUE,-0.0240378912771044
"Pêche",2015-12-31,1,2,0.0242446158671042,72,5,TRUE,0.0711997243889542
"Pêche",2016-03-31,1,2,0.00527249507189747,72,3,TRUE,0.0522788830555712
"Pêche",2016-06-30,1,2,0.0139101144332128,73,38,TRUE,-0.0692837716719641
"Pêche",2016-09-30,1,2,0.0206976231249525,75,37,TRUE,-0.0707389562407208
"Pêche",2016-12-31,1,2,0.0207447440413997,75,4,TRUE,0.100756292896915
"Pêche",2017-03-31,1,2,0.0210689212563705,75,3,TRUE,-0.0981301116583815
"Pêche",2017-06-30,1,2,0.000219685624103379,75,3,TRUE,-0.0199501670707116
"Pêche",2017-09-30,1,2,0.00840885157226424,75,4,TRUE,0.0209332096664658
"Pêche",2017-12-31,1,2,0.0172104115829856,75,4,TRUE,-0.0659095853471712
"Pêche",2018-03-31,1,2,0.0163580525973989,75,3,TRUE,-0.118526708999348
"Pêche",2018-06-30,1,2,0.0125464811699419,75,3,TRUE,0.0565619820165848
"Pêche",2018-09-30,1,2,0.00776407345431759,75,3,TRUE,-0.0520428663582821
"Pêche",2018-12-31,1,2,0.00437619233007015,75,3,TRUE,0.0519498128058951
"Pêche",2019-03-31,1,2,-0.0157920847460938,75,3,TRUE,0.165886600744615
"Pêche",2019-06-30,1,2,0.00593242317027218,75,3,TRUE,-0.10051090919398
"Pêche",2019-09-30,1,2,-0.00103006795221195,75,3,TRUE,0.107189386187184
"Pêche",2019-12-31,1,2,0.0151120154060051,75,3,TRUE,-0.178444977080698
"Pêche",2020-03-31,1,2,0.0109186062925765,75,3,TRUE,0.250419564323746
"Pêche",2020-06-30,1,2,-0.00746597367642656,75,2,TRUE,-0.182744294243855
"Pêche",2020-09-30,1,2,0.0230436164313686,75,2,TRUE,0.449867423442043
"Pêche",2020-12-31,1,2,0.00907174724171746,75,3,TRUE,-0.549113253084071
"Pêche",2021-03-31,1,2,0.0137797485592015,75,4,TRUE,0.301831328865735
"Pêche",2021-06-30,1,2,0.0127314177833328,75,4,TRUE,0.086451616600093
"Pêche",2021-09-30,1,2,0.0146660653121382,75,3,TRUE,-0.0880960598262783
"Pêche",2021-12-31,1,2,0.0132473131725351,75,3,TRUE,0.102924635387614
"Pêche",2022-03-31,1,2,0.0154683679214665,75,3,TRUE,-0.251794115386521
"Pêche",2022-06-30,1,2,0.00821237967449412,75,3,TRUE,0.0309075374630767
"Pêche",2022-09-30,1,2,0.0114438394907835,75,3,TRUE,-0.424362348289532
"Pêche",2022-12-31,1,2,0.00298777794794872,75,3,TRUE,0.537806048836181
"Pêche",2023-03-31,1,2,0.00589224981096338,75,3,TRUE,-0.196422814008341
"Pêche",2023-06-30,1,2,0.0078555290510659,75,3,TRUE,0.108653138186501
"Pêche",2023-09-30,1,2,0.0113620622529241,75,4,TRUE,0.0833031314032056
"Pêche",2023-12-31,1,2,0.00824612938169276,75,6,TRUE,-0.169722558184949
"Pêche",2024-03-31,1,2,0.0110496831119223,75,4,TRUE,0.137736263229147
"Pêche",2024-06-30,1,2,0.00682461080398827,75,3,TRUE,-0.124393100066797
"Pêche",2024-09-30,1,2,0.0111832730353667,75,4,TRUE,0.3409847439024
"Pêche",2024-12-31,1,2,0.00792455464165075,75,3,TRUE,-0.314903192186618
"Pêche",2025-03-31,1,2,0.011313506377598,75,3,TRUE,0.0879705045311976
"Pêche",2025-06-30,1,2,0.00486592439682727,75,3,TRUE,-0.202438183367684
"Pêche",2025-09-30,1,2,0.00951250981466794,75,3,TRUE,0.141488674493727
"Pêche",2025-12-31,1,2,0.00525893407170301,75,3,TRUE,-0.181089428496749
"Pêche",2026-03-31,1,2,0.00953985542307797,75,3,TRUE,0.222874852773161
"Pêche",2014-06-30,2,2,-0.0373773230877757,66,40,FALSE,0.238884348531972
"Pêche",2014-09-30,2,2,0.0289288285755613,66,25,TRUE,-0.0842585990548885
"Pêche",2014-12-31,2,2,0.026433707085062,70,40,FALSE,0.0971925333013068
"Pêche",2015-03-31,2,2,0.0369332882632444,71,40,FALSE,-0.0182664312630081
"Pêche",2015-06-30,2,2,0.0291856785590094,71,9,TRUE,0.0112681719167798
"Pêche",2015-09-30,2,2,0.0250897048722581,72,40,FALSE,-0.0240378912771044
"Pêche",2015-12-31,2,2,0.0316369247139861,72,18,TRUE,0.0711997243889542
"Pêche",2016-03-31,2,2,0.0213654704511725,72,10,TRUE,0.0522788830555712
"Pêche",2016-06-30,2,2,0.0424500103521155,73,37,TRUE,-0.0692837716719641
"Pêche",2016-09-30,2,2,-0.0390858157205071,75,40,FALSE,-0.0707389562407208
"Pêche",2016-12-31,2,2,0.037111991068442,75,40,FALSE,0.100756292896915
"Pêche",2017-03-31,2,2,-0.0355108523850024,75,9,TRUE,-0.0981301116583815
"Pêche",2017-06-30,2,2,0.00584372658451314,75,3,TRUE,-0.0199501670707116
"Pêche",2017-09-30,2,2,0.0137306700946936,75,8,TRUE,0.0209332096664658
"Pêche",2017-12-31,2,2,0.0141775930015547,75,5,TRUE,-0.0659095853471712
"Pêche",2018-03-31,2,2,-0.0424452383750112,75,8,TRUE,-0.118526708999348
"Pêche",2018-06-30,2,2,0.0219189443736378,75,3,TRUE,0.0565619820165848
"Pêche",2018-09-30,2,2,0.00235025796663619,75,4,TRUE,-0.0520428663582821
"Pêche",2018-12-31,2,2,-0.0126224868932815,75,4,TRUE,0.0519498128058951
"Pêche",2019-03-31,2,2,0.00137489385782464,75,3,TRUE,0.165886600744615
"Pêche",2019-06-30,2,2,-0.0580887298960582,75,3,TRUE,-0.10051090919398
"Pêche",2019-09-30,2,2,0.0169503287922686,75,6,TRUE,0.107189386187184
"Pêche",2019-12-31,2,2,0.0246196017639363,75,9,TRUE,-0.178444977080698
"Pêche",2020-03-31,2,2,-0.0250564474648647,75,5,TRUE,0.250419564323746
"Pêche",2020-06-30,2,2,-0.0182196794281506,75,3,TRUE,-0.182744294243855
"Pêche",2020-09-30,2,2,0.047850808769931,75,2,TRUE,0.449867423442043
"Pêche",2020-12-31,2,2,-0.0266803823943583,75,4,TRUE,-0.549113253084071
"Pêche",2021-03-31,2,2,-0.0230858428908555,75,4,TRUE,0.301831328865735
"Pêche",2021-06-30,2,2,0.0303992347655878,75,4,TRUE,0.086451616600093
"Pêche",2021-09-30,2,2,0.00969410869189309,75,3,TRUE,-0.0880960598262783
"Pêche",2021-12-31,2,2,0.0336960538718648,75,3,TRUE,0.102924635387614
"Pêche",2022-03-31,2,2,-0.0541850974858379,75,8,TRUE,-0.251794115386521
"Pêche",2022-06-30,2,2,0.0812616503087042,75,6,TRUE,0.0309075374630767
"Pêche",2022-09-30,2,2,-0.00376630893820099,75,24,TRUE,-0.424362348289532
"Pêche",2022-12-31,2,2,-0.0183635999335501,75,5,TRUE,0.537806048836181
"Pêche",2023-03-31,2,2,-0.0577481038948764,75,5,TRUE,-0.196422814008341
"Pêche",2023-06-30,2,2,0.0419569524246451,75,3,TRUE,0.108653138186501
"Pêche",2023-09-30,2,2,0.0122621963427043,75,7,TRUE,0.0833031314032056
"Pêche",2023-12-31,2,2,0.0273921287306563,75,6,TRUE,-0.169722558184949
"Pêche",2024-03-31,2,2,-0.0685268582160125,75,7,TRUE,0.137736263229147
"Pêche",2024-06-30,2,2,0.0378405153854613,75,6,TRUE,-0.124393100066797
"Pêche",2024-09-30,2,2,0.0416887573233101,75,4,TRUE,0.3409847439024
"Pêche",2024-12-31,2,2,-0.00688046107833414,75,3,TRUE,-0.314903192186618
"Pêche",2025-03-31,2,2,-0.0633763358859053,75,4,TRUE,0.0879705045311976
"Pêche",2025-06-30,2,2,0.0391458246917354,75,5,TRUE,-0.202438183367684
"Pêche",2025-09-30,2,2,0.0333853768868413,75,3,TRUE,0.141488674493727
"Pêche",2025-12-31,2,2,-0.0147095521525147,75,3,TRUE,-0.181089428496749
"Pêche",2026-03-31,2,2,-0.0489124541038979,75,4,TRUE,0.222874852773161
"Pêche",2014-06-30,3,2,-0.208789182548424,66,40,FALSE,0.238884348531972
"Pêche",2014-09-30,3,2,-0.0776544309066272,66,40,FALSE,-0.0842585990548885
"Pêche",2014-12-31,3,2,0.0236048670407357,70,40,FALSE,0.0971925333013068
"Pêche",2015-03-31,3,2,-0.130788204034895,71,40,FALSE,-0.0182664312630081
"Pêche",2015-06-30,3,2,0.27555082388891,71,28,TRUE,0.0112681719167798
"Pêche",2015-09-30,3,2,-0.0588188717974345,72,40,FALSE,-0.0240378912771044
"Pêche",2015-12-31,3,2,-0.0224945990644975,72,25,TRUE,0.0711997243889542
"Pêche",2016-03-31,3,2,0.0435241451482939,72,9,TRUE,0.0522788830555712
"Pêche",2016-06-30,3,2,0.0785780088360119,73,40,FALSE,-0.0692837716719641
"Pêche",2016-09-30,3,2,-0.0779319465901799,75,40,FALSE,-0.0707389562407208
"Pêche",2016-12-31,3,2,-0.0172239323375971,75,35,TRUE,0.100756292896915
"Pêche",2017-03-31,3,2,0.0600550740606392,75,6,TRUE,-0.0981301116583815
"Pêche",2017-06-30,3,2,0.00816431887784243,75,3,TRUE,-0.0199501670707116
"Pêche",2017-09-30,3,2,0.0173982813234757,75,7,TRUE,0.0209332096664658
"Pêche",2017-12-31,3,2,0.000394746289498914,75,6,TRUE,-0.0659095853471712
"Pêche",2018-03-31,3,2,0.0575311983952872,75,7,TRUE,-0.118526708999348
"Pêche",2018-06-30,3,2,-0.0244532521467205,75,6,TRUE,0.0565619820165848
"Pêche",2018-09-30,3,2,-0.0848293923016168,75,5,TRUE,-0.0520428663582821
"Pêche",2018-12-31,3,2,0.011260007483191,75,4,TRUE,0.0519498128058951
"Pêche",2019-03-31,3,2,0.1003634681152,75,5,TRUE,0.165886600744615
"Pêche",2019-06-30,3,2,0.0184032964769006,75,4,TRUE,-0.10051090919398
"Pêche",2019-09-30,3,2,-0.0228626185978945,75,7,TRUE,0.107189386187184
"Pêche",2019-12-31,3,2,-0.00895261776728059,75,9,TRUE,-0.178444977080698
"Pêche",2020-03-31,3,2,0.0272839792513703,75,8,TRUE,0.250419564323746
"Pêche",2020-06-30,3,2,-0.00110735284742783,75,4,TRUE,-0.182744294243855
"Pêche",2020-09-30,3,2,0.00578476529484212,75,6,TRUE,0.449867423442043
"Pêche",2020-12-31,3,2,0.0287359654059894,75,4,TRUE,-0.549113253084071
"Pêche",2021-03-31,3,2,0.0191735137631912,75,5,TRUE,0.301831328865735
"Pêche",2021-06-30,3,2,-0.0142721800612984,75,5,TRUE,0.086451616600093
"Pêche",2021-09-30,3,2,0.00736449242281437,75,4,TRUE,-0.0880960598262783
"Pêche",2021-12-31,3,2,-0.022103695367603,75,19,TRUE,0.102924635387614
"Pêche",2022-03-31,3,2,0.0564493240991838,75,16,TRUE,-0.251794115386521
"Pêche",2022-06-30,3,2,-0.0347040305130296,75,8,TRUE,0.0309075374630767
"Pêche",2022-09-30,3,2,0.0103817836837171,75,6,TRUE,-0.424362348289532
"Pêche",2022-12-31,3,2,0.00233573073819699,75,5,TRUE,0.537806048836181
"Pêche",2023-03-31,3,2,0.00455342356241324,75,4,TRUE,-0.196422814008341
"Pêche",2023-06-30,3,2,0.0102902143667221,75,4,TRUE,0.108653138186501
"Pêche",2023-09-30,3,2,0.0191790226263809,75,6,TRUE,0.0833031314032056
"Pêche",2023-12-31,3,2,-0.00226899896766068,75,7,TRUE,-0.169722558184949
"Pêche",2024-03-31,3,2,0.0271976430339386,75,6,TRUE,0.137736263229147
"Pêche",2024-06-30,3,2,-0.0157609085538344,75,6,TRUE,-0.124393100066797
"Pêche",2024-09-30,3,2,-0.00203292559579506,75,6,TRUE,0.3409847439024
"Pêche",2024-12-31,3,2,0.00980283424804893,75,3,TRUE,-0.314903192186618
"Pêche",2025-03-31,3,2,0.0251586369575303,75,5,TRUE,0.0879705045311976
"Pêche",2025-06-30,3,2,-0.0126435859788282,75,5,TRUE,-0.202438183367684
"Pêche",2025-09-30,3,2,-0.00695852982590073,75,3,TRUE,0.141488674493727
"Pêche",2025-12-31,3,2,0.0112126466536237,75,3,TRUE,-0.181089428496749
"Pêche",2026-03-31,3,2,0.0230249290859795,75,4,TRUE,0.222874852773161
"Industrie d'extraction",2014-06-30,1,1,0.00279609999961259,11,15,TRUE,-0.00618613651727884
"Industrie d'extraction",2014-09-30,1,1,0.00619334361890563,11,3,TRUE,-0.015888470256332
"Industrie d'extraction",2014-12-31,1,1,0.00375153051369072,11,3,TRUE,-0.0298633941618487
"Industrie d'extraction",2015-03-31,1,1,0.0063946705008108,11,3,TRUE,0.00890133635762247
"Industrie d'extraction",2015-06-30,1,1,0.0080102024297416,11,4,TRUE,0.0247954892566806
"Industrie d'extraction",2015-09-30,1,1,0.00393729637992002,11,4,TRUE,0.0237021448250037
"Industrie d'extraction",2015-12-31,1,1,0.0167020493595574,12,40,FALSE,-0.00879815197435896
"Industrie d'extraction",2016-03-31,1,1,0.01311409403203,12,40,FALSE,0.0161383433235596
"Industrie d'extraction",2016-06-30,1,1,0.0033670206236019,12,14,TRUE,-0.0163339493026129
"Industrie d'extraction",2016-09-30,1,1,-0.0057732248444755,12,2,TRUE,0.0218474503756241
"Industrie d'extraction",2016-12-31,1,1,0.028226202336383,12,4,TRUE,0.025849664713844
"Industrie d'extraction",2017-03-31,1,1,0.0222759762226039,12,3,TRUE,0.0185128254497453
"Industrie d'extraction",2017-06-30,1,1,-0.0022683310026052,12,3,TRUE,0.0955083840143161
"Industrie d'extraction",2017-09-30,1,1,0.0101216302053725,12,3,TRUE,-0.0311769033996843
"Industrie d'extraction",2017-12-31,1,1,0.00519613248773429,12,5,TRUE,0.0125783920146532
"Industrie d'extraction",2018-03-31,1,1,0.0139844588009139,12,4,TRUE,-0.0244479675700369
"Industrie d'extraction",2018-06-30,1,1,0.0050093517950283,12,9,TRUE,0.0081793613697414
"Industrie d'extraction",2018-09-30,1,1,0.0158068458965988,15,40,FALSE,-0.0117710521370427
"Industrie d'extraction",2018-12-31,1,1,0.0120536445688293,16,40,FALSE,-0.00327062290436331
"Industrie d'extraction",2019-03-31,1,1,0.0164133753083404,16,40,FALSE,0.040057095335742
"Industrie d'extraction",2019-06-30,1,1,0.00448524140458089,16,35,TRUE,-0.0225433471888596
"Industrie d'extraction",2019-09-30,1,1,0.00737140968659243,16,5,TRUE,0.0109256734157306
"Industrie d'extraction",2019-12-31,1,1,0.00617192257963004,17,40,FALSE,0.00214620520732645
"Industrie d'extraction",2020-03-31,1,1,-0.000892502303968055,17,40,FALSE,0.00506158820307512
"Industrie d'extraction",2020-06-30,1,1,0.0139983002112421,17,24,TRUE,0.0237324718357801
"Industrie d'extraction",2020-09-30,1,1,0.00461275066268189,17,10,TRUE,-0.0110758122366672
"Industrie d'extraction",2020-12-31,1,1,0.00959011931483584,18,40,FALSE,0.0282365373459843
"Industrie d'extraction",2021-03-31,1,1,-0.00329666465811005,18,29,TRUE,0.0506515529548963
"Industrie d'extraction",2021-06-30,1,1,0.0102380148530645,18,16,TRUE,-0.0120026798414088
"Industrie d'extraction",2021-09-30,1,1,0.00960682475731789,18,4,TRUE,0.0223534844760689
"Industrie d'extraction",2021-12-31,1,1,0.00519891652003825,18,4,TRUE,-0.0143497716369634
"Industrie d'extraction",2022-03-31,1,1,-0.00717101649421661,18,6,TRUE,-0.138625872821352
"Industrie d'extraction",2022-06-30,1,1,0.00451501430704614,18,6,TRUE,-0.0689421152185421
"Industrie d'extraction",2022-09-30,1,1,0.00542784672840556,18,4,TRUE,-0.0421248811824597
"Industrie d'extraction",2022-12-31,1,1,-0.0118006934116686,18,4,TRUE,-0.216757201746969
"Industrie d'extraction",2023-03-31,1,1,-0.0163458937932843,18,4,TRUE,0.0973621473997142
"Industrie d'extraction",2023-06-30,1,1,0.0107942759262045,18,4,TRUE,2.03357431196594e-05
"Industrie d'extraction",2023-09-30,1,1,0.0204086194609926,18,4,TRUE,0.0733392840223264
"Industrie d'extraction",2023-12-31,1,1,0.0262623112359446,18,5,TRUE,0.113749741354164
"Industrie d'extraction",2024-03-31,1,1,-0.0189493687589691,18,4,TRUE,-0.0252607257677209
"Industrie d'extraction",2024-06-30,1,1,0.0128119910484132,18,3,TRUE,0.0070152744335843
"Industrie d'extraction",2024-09-30,1,1,0.0175563719550405,18,3,TRUE,0.022117053793357
"Industrie d'extraction",2024-12-31,1,1,0.0144042489801023,18,4,TRUE,-0.0056609646746999
"Industrie d'extraction",2025-03-31,1,1,-0.018830145405494,18,4,TRUE,0.0657933092045351
"Industrie d'extraction",2025-06-30,1,1,0.0192605389395747,18,4,TRUE,0.046428686738258
"Industrie d'extraction",2025-09-30,1,1,0.00697518289842017,18,3,TRUE,-0.0306857679206729
"Industrie d'extraction",2025-12-31,1,1,-0.000549466377551243,18,3,TRUE,-0.0912476795593946
"Industrie d'extraction",2026-03-31,1,1,-0.014319434561389,18,6,TRUE,0.0429938589024168
"Industrie d'extraction",2014-06-30,2,1,0.00974606272089209,11,40,FALSE,-0.00618613651727884
"Industrie d'extraction",2014-09-30,2,1,0.0097494492143308,11,40,FALSE,-0.015888470256332
"Industrie d'extraction",2014-12-31,2,1,0.00234679568046879,11,40,FALSE,-0.0298633941618487
"Industrie d'extraction",2015-03-31,2,1,-0.012535678804557,11,32,TRUE,0.00890133635762247
"Industrie d'extraction",2015-06-30,2,1,0.0349075197075354,11,6,TRUE,0.0247954892566806
"Industrie d'extraction",2015-09-30,2,1,-0.00651854581105665,11,9,TRUE,0.0237021448250037
"Industrie d'extraction",2015-12-31,2,1,0.00388024627118461,12,40,FALSE,-0.00879815197435896
"Industrie d'extraction",2016-03-31,2,1,-0.00593223978101266,12,40,FALSE,0.0161383433235596
"Industrie d'extraction",2016-06-30,2,1,0.0166756587122607,12,33,TRUE,-0.0163339493026129
"Industrie d'extraction",2016-09-30,2,1,-0.0176524045537609,12,2,TRUE,0.0218474503756241
"Industrie d'extraction",2016-12-31,2,1,0.00886084617862541,12,3,TRUE,0.025849664713844
"Industrie d'extraction",2017-03-31,2,1,0.0101510650893313,12,3,TRUE,0.0185128254497453
"Industrie d'extraction",2017-06-30,2,1,0.00888319675556401,12,2,TRUE,0.0955083840143161
"Industrie d'extraction",2017-09-30,2,1,0.00728866156840399,12,2,TRUE,-0.0311769033996843
"Industrie d'extraction",2017-12-31,2,1,-0.00258461674205285,12,2,TRUE,0.0125783920146532
"Industrie d'extraction",2018-03-31,2,1,-0.0352298917438012,12,4,TRUE,-0.0244479675700369
"Industrie d'extraction",2018-06-30,2,1,0.0880424619174151,12,4,TRUE,0.0081793613697414
"Industrie d'extraction",2018-09-30,2,1,0.0195785462121079,15,40,FALSE,-0.0117710521370427
"Industrie d'extraction",2018-12-31,2,1,0.0159858527035681,16,40,FALSE,-0.00327062290436331
"Industrie d'extraction",2019-03-31,2,1,0.0241055967228111,16,40,FALSE,0.040057095335742
"Industrie d'extraction",2019-06-30,2,1,0.00388438877056962,16,40,FALSE,-0.0225433471888596
"Industrie d'extraction",2019-09-30,2,1,0.00423274387968975,16,40,FALSE,0.0109256734157306
"Industrie d'extraction",2019-12-31,2,1,-0.00275404171467238,17,40,FALSE,0.00214620520732645
"Industrie d'extraction",2020-03-31,2,1,0.0187060616246447,17,40,FALSE,0.00506158820307512
"Industrie d'extraction",2020-06-30,2,1,-0.00997528156541935,17,40,FALSE,0.0237324718357801
"Industrie d'extraction",2020-09-30,2,1,0.0155259341848336,17,40,FALSE,-0.0110758122366672
"Industrie d'extraction",2020-12-31,2,1,0.00395116310083319,18,40,FALSE,0.0282365373459843
"Industrie d'extraction",2021-03-31,2,1,0.0335584432048203,18,40,FALSE,0.0506515529548963
"Industrie d'extraction",2021-06-30,2,1,-0.00315662953446649,18,40,FALSE,-0.0120026798414088
"Industrie d'extraction",2021-09-30,2,1,0.00782124630818384,18,40,FALSE,0.0223534844760689
"Industrie d'extraction",2021-12-31,2,1,0.0162041985341278,18,22,TRUE,-0.0143497716369634
"Industrie d'extraction",2022-03-31,2,1,0.0554274249449778,18,19,TRUE,-0.138625872821352
"Industrie d'extraction",2022-06-30,2,1,0.00193228731985373,18,17,TRUE,-0.0689421152185421
"Industrie d'extraction",2022-09-30,2,1,0.011260871018531,18,10,TRUE,-0.0421248811824597
"Industrie d'extraction",2022-12-31,2,1,0.0231792472856052,18,9,TRUE,-0.216757201746969
"Industrie d'extraction",2023-03-31,2,1,-0.000456864703145863,18,15,TRUE,0.0973621473997142
"Industrie d'extraction",2023-06-30,2,1,-0.000832094842633375,18,10,TRUE,2.03357431196594e-05
"Industrie d'extraction",2023-09-30,2,1,-0.0017465489619857,18,10,TRUE,0.0733392840223264
"Industrie d'extraction",2023-12-31,2,1,0.00261443987820056,18,7,TRUE,0.113749741354164
"Industrie d'extraction",2024-03-31,2,1,-0.00119200540078581,18,10,TRUE,-0.0252607257677209
"Industrie d'extraction",2024-06-30,2,1,0.00286021238618588,18,6,TRUE,0.0070152744335843
"Industrie d'extraction",2024-09-30,2,1,0.0110251096830655,18,6,TRUE,0.022117053793357
"Industrie d'extraction",2024-12-31,2,1,0.00956829059787248,18,7,TRUE,-0.0056609646746999
"Industrie d'extraction",2025-03-31,2,1,-0.00333854928127672,18,10,TRUE,0.0657933092045351
"Industrie d'extraction",2025-06-30,2,1,0.0059249588070123,18,9,TRUE,0.046428686738258
"Industrie d'extraction",2025-09-30,2,1,0.00795284259251154,18,10,TRUE,-0.0306857679206729
"Industrie d'extraction",2025-12-31,2,1,0.00493012735300081,18,5,TRUE,-0.0912476795593946
"Industrie d'extraction",2026-03-31,2,1,-0.00196748992226275,18,23,TRUE,0.0429938589024168
"Industrie d'extraction",2014-06-30,3,1,0.036108478591019,11,40,FALSE,-0.00618613651727884
"Industrie d'extraction",2014-09-30,3,1,0.0150267654211435,11,40,FALSE,-0.015888470256332
"Industrie d'extraction",2014-12-31,3,1,-0.00118842818118262,11,15,TRUE,-0.0298633941618487
"Industrie d'extraction",2015-03-31,3,1,-0.0246415513614573,11,4,TRUE,0.00890133635762247
"Industrie d'extraction",2015-06-30,3,1,0.0416467879230872,11,11,TRUE,0.0247954892566806
"Industrie d'extraction",2015-09-30,3,1,-0.00740636732207335,11,40,FALSE,0.0237021448250037
"Industrie d'extraction",2015-12-31,3,1,0.070555016774714,12,40,FALSE,-0.00879815197435896
"Industrie d'extraction",2016-03-31,3,1,0.0330109286175184,12,40,FALSE,0.0161383433235596
"Industrie d'extraction",2016-06-30,3,1,-0.0179173314107302,12,20,TRUE,-0.0163339493026129
"Industrie d'extraction",2016-09-30,3,1,-0.0744185225728226,12,33,TRUE,0.0218474503756241
"Industrie d'extraction",2016-12-31,3,1,0.0698354533216886,12,21,TRUE,0.025849664713844
"Industrie d'extraction",2017-03-31,3,1,0.0345240008942298,12,11,TRUE,0.0185128254497453
"Industrie d'extraction",2017-06-30,3,1,-0.0474508133503362,12,2,TRUE,0.0955083840143161
"Industrie d'extraction",2017-09-30,3,1,0.0150766171093111,12,4,TRUE,-0.0311769033996843
"Industrie d'extraction",2017-12-31,3,1,-0.00454086078483335,12,4,TRUE,0.0125783920146532
"Industrie d'extraction",2018-03-31,3,1,-0.0305158659599635,12,12,TRUE,-0.0244479675700369
"Industrie d'extraction",2018-06-30,3,1,0.00895342749651401,12,13,TRUE,0.0081793613697414
"Industrie d'extraction",2018-09-30,3,1,-0.0203631922425517,15,40,FALSE,-0.0117710521370427
"Industrie d'extraction",2018-12-31,3,1,0.0573959671204708,16,40,FALSE,-0.00327062290436331
"Industrie d'extraction",2019-03-31,3,1,-0.0482722142806496,16,40,FALSE,0.040057095335742
"Industrie d'extraction",2019-06-30,3,1,-0.0370652459260761,16,7,TRUE,-0.0225433471888596
"Industrie d'extraction",2019-09-30,3,1,0.052535870480699,16,5,TRUE,0.0109256734157306
"Industrie d'extraction",2019-12-31,3,1,-0.0784660858967511,17,40,FALSE,0.00214620520732645
"Industrie d'extraction",2020-03-31,3,1,0.0150004044823196,17,40,FALSE,0.00506158820307512
"Industrie d'extraction",2020-06-30,3,1,0.0866331132197022,17,40,FALSE,0.0237324718357801
"Industrie d'extraction",2020-09-30,3,1,-0.0327212183865851,17,27,TRUE,-0.0110758122366672
"Industrie d'extraction",2020-12-31,3,1,-0.0247757082394286,18,40,FALSE,0.0282365373459843
"Industrie d'extraction",2021-03-31,3,1,0.0166379022534325,18,40,FALSE,0.0506515529548963
"Industrie d'extraction",2021-06-30,3,1,0.0699167147955572,18,40,FALSE,-0.0120026798414088
"Industrie d'extraction",2021-09-30,3,1,-0.017307157343089,18,40,FALSE,0.0223534844760689
"Industrie d'extraction",2021-12-31,3,1,0.047892820796941,18,33,TRUE,-0.0143497716369634
"Industrie d'extraction",2022-03-31,3,1,0.0014688381377789,18,10,TRUE,-0.138625872821352
"Industrie d'extraction",2022-06-30,3,1,0.0573895901698073,18,21,TRUE,-0.0689421152185421
"Industrie d'extraction",2022-09-30,3,1,-0.0589922651937545,18,40,FALSE,-0.0421248811824597
"Industrie d'extraction",2022-12-31,3,1,-0.0558078329050176,18,28,TRUE,-0.216757201746969
"Industrie d'extraction",2023-03-31,3,1,-0.0107375000337537,18,13,TRUE,0.0973621473997142
"Industrie d'extraction",2023-06-30,3,1,0.0272315026254672,18,18,TRUE,2.03357431196594e-05
"Industrie d'extraction",2023-09-30,3,1,-0.0189468459315337,18,6,TRUE,0.0733392840223264
"Industrie d'extraction",2023-12-31,3,1,-0.00231968085763662,18,5,TRUE,0.113749741354164
"Industrie d'extraction",2024-03-31,3,1,0.00300626306493761,18,16,TRUE,-0.0252607257677209
"Industrie d'extraction",2024-06-30,3,1,0.0910365642872938,18,11,TRUE,0.0070152744335843
"Industrie d'extraction",2024-09-30,3,1,-0.0442484155622806,18,13,TRUE,0.022117053793357
"Industrie d'extraction",2024-12-31,3,1,-0.00380733216996022,18,36,TRUE,-0.0056609646746999
"Industrie d'extraction",2025-03-31,3,1,-0.00956308217192499,18,40,FALSE,0.0657933092045351
"Industrie d'extraction",2025-06-30,3,1,0.125989983580008,18,20,TRUE,0.046428686738258
"Industrie d'extraction",2025-09-30,3,1,-0.0357424638974363,18,4,TRUE,-0.0306857679206729
"Industrie d'extraction",2025-12-31,3,1,-0.0214437890458654,18,6,TRUE,-0.0912476795593946
"Industrie d'extraction",2026-03-31,3,1,-0.0155237120411186,18,40,FALSE,0.0429938589024168
"Industrie d'extraction",2014-06-30,1,2,0.00819785820800467,11,37,TRUE,-0.00618613651727884
"Industrie d'extraction",2014-09-30,1,2,0.00755155845647032,11,3,TRUE,-0.015888470256332
"Industrie d'extraction",2014-12-31,1,2,0.0106244776806249,11,3,TRUE,-0.0298633941618487
"Industrie d'extraction",2015-03-31,1,2,0.00619284006045242,11,3,TRUE,0.00890133635762247
"Industrie d'extraction",2015-06-30,1,2,0.0071040176717408,11,3,TRUE,0.0247954892566806
"Industrie d'extraction",2015-09-30,1,2,0.0097045763818588,11,3,TRUE,0.0237021448250037
"Industrie d'extraction",2015-12-31,1,2,0.0144327702942862,12,40,FALSE,-0.00879815197435896
"Industrie d'extraction",2016-03-31,1,2,0.00985112267303454,12,40,FALSE,0.0161383433235596
"Industrie d'extraction",2016-06-30,1,2,0.00458482608522684,12,17,TRUE,-0.0163339493026129
"Industrie d'extraction",2016-09-30,1,2,0.00122384668600332,12,3,TRUE,0.0218474503756241
"Industrie d'extraction",2016-12-31,1,2,0.0164749207500458,12,5,TRUE,0.025849664713844
"Industrie d'extraction",2017-03-31,1,2,0.0133553599789169,12,4,TRUE,0.0185128254497453
"Industrie d'extraction",2017-06-30,1,2,0.00185716808638609,12,3,TRUE,0.0955083840143161
"Industrie d'extraction",2017-09-30,1,2,0.00923847005645061,12,2,TRUE,-0.0311769033996843
"Industrie d'extraction",2017-12-31,1,2,0.00647226274310721,12,2,TRUE,0.0125783920146532
"Industrie d'extraction",2018-03-31,1,2,0.0113787298783682,12,4,TRUE,-0.0244479675700369
"Industrie d'extraction",2018-06-30,1,2,0.00460836345366873,12,3,TRUE,0.0081793613697414
"Industrie d'extraction",2018-09-30,1,2,0.0128431680490163,15,40,FALSE,-0.0117710521370427
"Industrie d'extraction",2018-12-31,1,2,0.010621176125386,16,40,FALSE,-0.00327062290436331
"Industrie d'extraction",2019-03-31,1,2,0.0144228587361404,16,40,FALSE,0.040057095335742
"Industrie d'extraction",2019-06-30,1,2,0.00489435903432635,16,40,FALSE,-0.0225433471888596
"Industrie d'extraction",2019-09-30,1,2,0.00728452536084796,16,40,FALSE,0.0109256734157306
"Industrie d'extraction",2019-12-31,1,2,0.0102781311000528,17,40,FALSE,0.00214620520732645
"Industrie d'extraction",2020-03-31,1,2,0.0219199193982078,17,40,FALSE,0.00506158820307512
"Industrie d'extraction",2020-06-30,1,2,-0.00568100625746305,17,40,FALSE,0.0237324718357801
"Industrie d'extraction",2020-09-30,1,2,0.01121669060123,17,24,TRUE,-0.0110758122366672
"Industrie d'extraction",2020-12-31,1,2,0.00977924589611345,18,40,FALSE,0.0282365373459843
"Industrie d'extraction",2021-03-31,1,2,-0.00369702992126852,18,40,FALSE,0.0506515529548963
"Industrie d'extraction",2021-06-30,1,2,0.0102923540570685,18,20,TRUE,-0.0120026798414088
"Industrie d'extraction",2021-09-30,1,2,0.00956237977869745,18,5,TRUE,0.0223534844760689
"Industrie d'extraction",2021-12-31,1,2,0.00517989422328976,18,6,TRUE,-0.0143497716369634
"Industrie d'extraction",2022-03-31,1,2,-0.00682424436644449,18,25,TRUE,-0.138625872821352
"Industrie d'extraction",2022-06-30,1,2,0.00496574030851905,18,24,TRUE,-0.0689421152185421
"Industrie d'extraction",2022-09-30,1,2,0.00518938610807669,18,29,TRUE,-0.0421248811824597
"Industrie d'extraction",2022-12-31,1,2,-0.00672950462223013,18,8,TRUE,-0.216757201746969
"Industrie d'extraction",2023-03-31,1,2,-0.0103689167526994,18,5,TRUE,0.0973621473997142
"Industrie d'extraction",2023-06-30,1,2,0.00861788073936465,18,4,TRUE,2.03357431196594e-05
"Industrie d'extraction",2023-09-30,1,2,0.0149915679141525,18,6,TRUE,0.0733392840223264
"Industrie d'extraction",2023-12-31,1,2,0.0191376939344147,18,4,TRUE,0.113749741354164
"Industrie d'extraction",2024-03-31,1,2,-0.0113918586231683,18,5,TRUE,-0.0252607257677209
"Industrie d'extraction",2024-06-30,1,2,0.0104501095814286,18,3,TRUE,0.0070152744335843
"Industrie d'extraction",2024-09-30,1,2,0.013377471050477,18,3,TRUE,0.022117053793357
"Industrie d'extraction",2024-12-31,1,2,0.00950596755839046,18,40,FALSE,-0.0056609646746999
"Industrie d'extraction",2025-03-31,1,2,-0.0085046522577446,18,37,TRUE,0.0657933092045351
"Industrie d'extraction",2025-06-30,1,2,0.0135311722110824,18,4,TRUE,0.046428686738258
"Industrie d'extraction",2025-09-30,1,2,0.00629751581709609,18,3,TRUE,-0.0306857679206729
"Industrie d'extraction",2025-12-31,1,2,0.00184870733475583,18,5,TRUE,-0.0912476795593946
"Industrie d'extraction",2026-03-31,1,2,-0.00633328183496572,18,3,TRUE,0.0429938589024168
"Industrie d'extraction",2014-06-30,2,2,0.00653481161054672,11,40,FALSE,-0.00618613651727884
"Industrie d'extraction",2014-09-30,2,2,0.0122204885323976,11,40,FALSE,-0.015888470256332
"Industrie d'extraction",2014-12-31,2,2,-0.00873592553043322,11,40,FALSE,-0.0298633941618487
"Industrie d'extraction",2015-03-31,2,2,-0.00192125175627408,11,40,FALSE,0.00890133635762247
"Industrie d'extraction",2015-06-30,2,2,0.0462318006939408,11,40,FALSE,0.0247954892566806
"Industrie d'extraction",2015-09-30,2,2,0.00182356938421873,11,8,TRUE,0.0237021448250037
"Industrie d'extraction",2015-12-31,2,2,0.000886341195891555,12,40,FALSE,-0.00879815197435896
"Industrie d'extraction",2016-03-31,2,2,-0.00510760850958701,12,40,FALSE,0.0161383433235596
"Industrie d'extraction",2016-06-30,2,2,0.0133963397912496,12,40,FALSE,-0.0163339493026129
"Industrie d'extraction",2016-09-30,2,2,-7.78874540787594e-06,12,40,FALSE,0.0218474503756241
"Industrie d'extraction",2016-12-31,2,2,-0.00780306900877361,12,5,TRUE,0.025849664713844
"Industrie d'extraction",2017-03-31,2,2,-0.00383874160781718,12,4,TRUE,0.0185128254497453
"Industrie d'extraction",2017-06-30,2,2,0.0115647287523738,12,6,TRUE,0.0955083840143161
"Industrie d'extraction",2017-09-30,2,2,0.00932935696502981,12,2,TRUE,-0.0311769033996843
"Industrie d'extraction",2017-12-31,2,2,0.00341630929334534,12,10,TRUE,0.0125783920146532
"Industrie d'extraction",2018-03-31,2,2,-0.0275967184070821,12,10,TRUE,-0.0244479675700369
"Industrie d'extraction",2018-06-30,2,2,0.0461313364645703,12,9,TRUE,0.0081793613697414
"Industrie d'extraction",2018-09-30,2,2,0.0126447590581063,15,40,FALSE,-0.0117710521370427
"Industrie d'extraction",2018-12-31,2,2,0.0426752989878223,16,40,FALSE,-0.00327062290436331
"Industrie d'extraction",2019-03-31,2,2,0.00150011965188852,16,40,FALSE,0.040057095335742
"Industrie d'extraction",2019-06-30,2,2,-0.00324361376123108,16,40,FALSE,-0.0225433471888596
"Industrie d'extraction",2019-09-30,2,2,0.0139612427910529,16,40,FALSE,0.0109256734157306
"Industrie d'extraction",2019-12-31,2,2,-0.00239514648999913,17,40,FALSE,0.00214620520732645
"Industrie d'extraction",2020-03-31,2,2,0.00755623612725499,17,40,FALSE,0.00506158820307512
"Industrie d'extraction",2020-06-30,2,2,-0.00189199623810446,17,40,FALSE,0.0237324718357801
"Industrie d'extraction",2020-09-30,2,2,0.0166938405431924,17,40,FALSE,-0.0110758122366672
"Industrie d'extraction",2020-12-31,2,2,0.00837194718212693,18,40,FALSE,0.0282365373459843
"Industrie d'extraction",2021-03-31,2,2,0.0113513824654804,18,40,FALSE,0.0506515529548963
"Industrie d'extraction",2021-06-30,2,2,0.00438449546782366,18,40,FALSE,-0.0120026798414088
"Industrie d'extraction",2021-09-30,2,2,0.0218963457801665,18,13,TRUE,0.0223534844760689
"Industrie d'extraction",2021-12-31,2,2,0.0303346771406761,18,33,TRUE,-0.0143497716369634
"Industrie d'extraction",2022-03-31,2,2,0.00451784050897718,18,10,TRUE,-0.138625872821352
"Industrie d'extraction",2022-06-30,2,2,0.00136524678819131,18,40,FALSE,-0.0689421152185421
"Industrie d'extraction",2022-09-30,2,2,0.00243502509194084,18,27,TRUE,-0.0421248811824597
"Industrie d'extraction",2022-12-31,2,2,-0.00206908702861788,18,6,TRUE,-0.216757201746969
"Industrie d'extraction",2023-03-31,2,2,-0.0239121751666747,18,6,TRUE,0.0973621473997142
"Industrie d'extraction",2023-06-30,2,2,-0.00962334532399343,18,10,TRUE,2.03357431196594e-05
"Industrie d'extraction",2023-09-30,2,2,0.015391390281114,18,13,TRUE,0.0733392840223264
"Industrie d'extraction",2023-12-31,2,2,0.0133667412329265,18,15,TRUE,0.113749741354164
"Industrie d'extraction",2024-03-31,2,2,-0.00927790783771603,18,4,TRUE,-0.0252607257677209
"Industrie d'extraction",2024-06-30,2,2,0.0203295074573767,18,11,TRUE,0.0070152744335843
"Industrie d'extraction",2024-09-30,2,2,0.00227998789627125,18,4,TRUE,0.022117053793357
"Industrie d'extraction",2024-12-31,2,2,0.0122055715874703,18,38,TRUE,-0.0056609646746999
"Industrie d'extraction",2025-03-31,2,2,-0.0123416529331312,18,28,TRUE,0.0657933092045351
"Industrie d'extraction",2025-06-30,2,2,0.0416417624142109,18,7,TRUE,0.046428686738258
"Industrie d'extraction",2025-09-30,2,2,0.00712347957335165,18,13,TRUE,-0.0306857679206729
"Industrie d'extraction",2025-12-31,2,2,0.00309960831003579,18,6,TRUE,-0.0912476795593946
"Industrie d'extraction",2026-03-31,2,2,-0.0178714049524338,18,7,TRUE,0.0429938589024168
"Industrie d'extraction",2014-06-30,3,2,0.0107607883204734,11,40,FALSE,-0.00618613651727884
"Industrie d'extraction",2014-09-30,3,2,0.00784230638567162,11,40,FALSE,-0.015888470256332
"Industrie d'extraction",2014-12-31,3,2,-0.00131918713099783,11,40,FALSE,-0.0298633941618487
"Industrie d'extraction",2015-03-31,3,2,-0.00346141944951059,11,11,TRUE,0.00890133635762247
"Industrie d'extraction",2015-06-30,3,2,0.074225621382917,11,40,FALSE,0.0247954892566806
"Industrie d'extraction",2015-09-30,3,2,0.000849399200981689,11,5,TRUE,0.0237021448250037
"Industrie d'extraction",2015-12-31,3,2,0.0546907582985594,12,40,FALSE,-0.00879815197435896
"Industrie d'extraction",2016-03-31,3,2,0.0350280979271572,12,40,FALSE,0.0161383433235596
"Industrie d'extraction",2016-06-30,3,2,-0.0375237694448954,12,40,FALSE,-0.0163339493026129
"Industrie d'extraction",2016-09-30,3,2,-0.0314407650302641,12,40,FALSE,0.0218474503756241
"Industrie d'extraction",2016-12-31,3,2,0.0608241827723536,12,40,FALSE,0.025849664713844
"Industrie d'extraction",2017-03-31,3,2,0.022487101659243,12,40,FALSE,0.0185128254497453
"Industrie d'extraction",2017-06-30,3,2,-0.0239676974595128,12,40,FALSE,0.0955083840143161
"Industrie d'extraction",2017-09-30,3,2,0.00754107992394522,12,40,FALSE,-0.0311769033996843
"Industrie d'extraction",2017-12-31,3,2,-0.00681113161328491,12,2,TRUE,0.0125783920146532
"Industrie d'extraction",2018-03-31,3,2,0.00546930368195531,12,40,TRUE,-0.0244479675700369
"Industrie d'extraction",2018-06-30,3,2,0.0901314147092505,12,17,TRUE,0.0081793613697414
"Industrie d'extraction",2018-09-30,3,2,-0.000332495392664547,15,40,FALSE,-0.0117710521370427
"Industrie d'extraction",2018-12-31,3,2,0.100232350140825,16,40,FALSE,-0.00327062290436331
"Industrie d'extraction",2019-03-31,3,2,0.0401659746154755,16,40,FALSE,0.040057095335742
"Industrie d'extraction",2019-06-30,3,2,0.0276512529601977,16,40,FALSE,-0.0225433471888596
"Industrie d'extraction",2019-09-30,3,2,-0.0203854389679521,16,40,FALSE,0.0109256734157306
"Industrie d'extraction",2019-12-31,3,2,-0.0919874823714299,17,40,FALSE,0.00214620520732645
"Industrie d'extraction",2020-03-31,3,2,-0.00136426735000392,17,40,FALSE,0.00506158820307512
"Industrie d'extraction",2020-06-30,3,2,0.0914858783781531,17,40,FALSE,0.0237324718357801
"Industrie d'extraction",2020-09-30,3,2,-0.0309950497654844,17,40,FALSE,-0.0110758122366672
"Industrie d'extraction",2020-12-31,3,2,-0.0189867341736521,18,40,FALSE,0.0282365373459843
"Industrie d'extraction",2021-03-31,3,2,-0.011263224576631,18,40,FALSE,0.0506515529548963
"Industrie d'extraction",2021-06-30,3,2,0.0535581297474688,18,40,FALSE,-0.0120026798414088
"Industrie d'extraction",2021-09-30,3,2,0.00514354489520487,18,40,TRUE,0.0223534844760689
"Industrie d'extraction",2021-12-31,3,2,0.0385478081639608,18,12,TRUE,-0.0143497716369634
"Industrie d'extraction",2022-03-31,3,2,-0.0342544045664998,18,40,FALSE,-0.138625872821352
"Industrie d'extraction",2022-06-30,3,2,0.0373608153057878,18,12,TRUE,-0.0689421152185421
"Industrie d'extraction",2022-09-30,3,2,-0.0371341254672141,18,26,TRUE,-0.0421248811824597
"Industrie d'extraction",2022-12-31,3,2,-0.0573080387742744,18,13,TRUE,-0.216757201746969
"Industrie d'extraction",2023-03-31,3,2,-0.0346388846339071,18,12,TRUE,0.0973621473997142
"Industrie d'extraction",2023-06-30,3,2,0.0266928955745897,18,6,TRUE,2.03357431196594e-05
"Industrie d'extraction",2023-09-30,3,2,0.0168653450816121,18,7,TRUE,0.0733392840223264
"Industrie d'extraction",2023-12-31,3,2,0.0321828187384278,18,12,TRUE,0.113749741354164
"Industrie d'extraction",2024-03-31,3,2,-0.0260347191162271,18,19,TRUE,-0.0252607257677209
"Industrie d'extraction",2024-06-30,3,2,0.0684738820254686,18,7,TRUE,0.0070152744335843
"Industrie d'extraction",2024-09-30,3,2,-0.00980757428341441,18,6,TRUE,0.022117053793357
"Industrie d'extraction",2024-12-31,3,2,0.0108132732996929,18,40,FALSE,-0.0056609646746999
"Industrie d'extraction",2025-03-31,3,2,-0.0309742811147288,18,40,FALSE,0.0657933092045351
"Industrie d'extraction",2025-06-30,3,2,0.093366890924137,18,40,FALSE,0.046428686738258
"Industrie d'extraction",2025-09-30,3,2,-0.0186020694325553,18,40,FALSE,-0.0306857679206729
"Industrie d'extraction",2025-12-31,3,2,-0.0192743597999258,18,40,FALSE,-0.0912476795593946
"Industrie d'extraction",2026-03-31,3,2,-0.029477727156685,18,40,FALSE,0.0429938589024168
"Industrie de transformation",2014-06-30,1,1,0.0084183580322996,62,29,TRUE,0.0134903455131372
"Industrie de transformation",2014-09-30,1,1,-0.00399940631787192,62,5,TRUE,0.00323811979902189
"Industrie de transformation",2014-12-31,1,1,-0.00395246411090557,62,4,TRUE,-0.0476741243890952
"Industrie de transformation",2015-03-31,1,1,-0.00561332326332627,62,4,TRUE,0.0304379715047673
"Industrie de transformation",2015-06-30,1,1,0.00426830277695401,62,3,TRUE,0.0194938047357773
"Industrie de transformation",2015-09-30,1,1,-0.000432064107910328,62,4,TRUE,0.00620713596259748
"Industrie de transformation",2015-12-31,1,1,0.011269493707112,65,19,TRUE,-0.00664650552544366
"Industrie de transformation",2016-03-31,1,1,0.0095974960649692,65,4,TRUE,-0.00323991776717136
"Industrie de transformation",2016-06-30,1,1,0.00785934444811782,65,3,TRUE,-0.00999549769479913
"Industrie de transformation",2016-09-30,1,1,-0.00437440855163646,65,8,TRUE,0.0228243332255111
"Industrie de transformation",2016-12-31,1,1,0.0043708851166053,65,5,TRUE,0.0116788252925897
"Industrie de transformation",2017-03-31,1,1,0.00489245521732147,65,5,TRUE,0.00953178833632684
"Industrie de transformation",2017-06-30,1,1,0.0075129934479736,65,3,TRUE,0.0149267146411702
"Industrie de transformation",2017-09-30,1,1,0.00240817290965341,65,3,TRUE,-0.0114616897126858
"Industrie de transformation",2017-12-31,1,1,0.0108964632579755,65,3,TRUE,0.00280821148239063
"Industrie de transformation",2018-03-31,1,1,0.00770602630992648,65,4,TRUE,0.0234087617899217
"Industrie de transformation",2018-06-30,1,1,0.0160130282343299,65,3,TRUE,-0.00382899876597698
"Industrie de transformation",2018-09-30,1,1,0.0110140598775317,89,15,TRUE,0.0197648970716831
"Industrie de transformation",2018-12-31,1,1,-0.00157592744201477,89,6,TRUE,0.00254844063750426
"Industrie de transformation",2019-03-31,1,1,0.00607433565702111,89,5,TRUE,0.00525129663060397
"Industrie de transformation",2019-06-30,1,1,0.0063946814535794,89,3,TRUE,0.0369509505888086
"Industrie de transformation",2019-09-30,1,1,0.0114329474730101,89,5,TRUE,-0.0175063522194137
"Industrie de transformation",2019-12-31,1,1,0.000933839099315339,89,5,TRUE,-0.00688096519466086
"Industrie de transformation",2020-03-31,1,1,0.0107479967732231,89,7,TRUE,-0.00162253854886352
"Industrie de transformation",2020-06-30,1,1,0.0291204942751716,89,11,TRUE,-0.213797918505946
"Industrie de transformation",2020-09-30,1,1,0.0108779057304918,89,7,TRUE,0.176609534773862
"Industrie de transformation",2020-12-31,1,1,0.013707737196352,89,5,TRUE,-0.00858663289649719
"Industrie de transformation",2021-03-31,1,1,0.0044698027884442,89,3,TRUE,0.0682885003101887
"Industrie de transformation",2021-06-30,1,1,0.00290290209345337,89,3,TRUE,-0.0226087358268856
"Industrie de transformation",2021-09-30,1,1,0.00479081408704195,89,3,TRUE,0.0119171102444078
"Industrie de transformation",2021-12-31,1,1,0.0167277705416065,89,3,TRUE,0.0157395324071921
"Industrie de transformation",2022-03-31,1,1,-0.000322856421136708,89,4,TRUE,-0.00935236645143078
"Industrie de transformation",2022-06-30,1,1,0.00533108969997909,89,3,TRUE,0.0265199585031901
"Industrie de transformation",2022-09-30,1,1,0.00246634968614574,89,3,TRUE,0.00503674468161641
"Industrie de transformation",2022-12-31,1,1,0.0138948213562841,89,3,TRUE,-0.00375576483451212
"Industrie de transformation",2023-03-31,1,1,0.00246325587776081,89,3,TRUE,0.00769564383733545
"Industrie de transformation",2023-06-30,1,1,0.0042381303497082,89,3,TRUE,-0.0170061439275049
"Industrie de transformation",2023-09-30,1,1,0.0117693085802919,89,4,TRUE,0.0317188158621384
"Industrie de transformation",2023-12-31,1,1,0.0170602176141198,89,3,TRUE,0.0560799603193818
"Industrie de transformation",2024-03-31,1,1,0.00198695345597035,89,3,TRUE,-0.0663244948448725
"Industrie de transformation",2024-06-30,1,1,0.005016177967299,89,3,TRUE,-0.00790860641250291
"Industrie de transformation",2024-09-30,1,1,0.0153856405648664,89,4,TRUE,0.069343487988764
"Industrie de transformation",2024-12-31,1,1,0.0223230284882753,89,3,TRUE,0.0165418381598617
"Industrie de transformation",2025-03-31,1,1,-0.00725811419875018,89,3,TRUE,-0.0681965626927639
"Industrie de transformation",2025-06-30,1,1,0.00603165462993855,89,3,TRUE,0.0247579899121657
"Industrie de transformation",2025-09-30,1,1,0.0076273792265365,89,3,TRUE,0.0308834262611075
"Industrie de transformation",2025-12-31,1,1,0.0242792798713012,89,3,TRUE,0.0330754169078045
"Industrie de transformation",2026-03-31,1,1,-0.0170945197513009,89,4,TRUE,-0.101743963623765
"Industrie de transformation",2014-06-30,2,1,0.0075282169934266,62,40,FALSE,0.0134903455131372
"Industrie de transformation",2014-09-30,2,1,-0.00628720277737265,62,7,TRUE,0.00323811979902189
"Industrie de transformation",2014-12-31,2,1,-0.00688699771241189,62,8,TRUE,-0.0476741243890952
"Industrie de transformation",2015-03-31,2,1,-0.00216005479472679,62,6,TRUE,0.0304379715047673
"Industrie de transformation",2015-06-30,2,1,0.00718222543423651,62,6,TRUE,0.0194938047357773
"Industrie de transformation",2015-09-30,2,1,-0.00427518240697937,62,6,TRUE,0.00620713596259748
"Industrie de transformation",2015-12-31,2,1,0.0108064910972325,65,21,TRUE,-0.00664650552544366
"Industrie de transformation",2016-03-31,2,1,0.00985351423858661,65,8,TRUE,-0.00323991776717136
"Industrie de transformation",2016-06-30,2,1,0.007970320118916,65,4,TRUE,-0.00999549769479913
"Industrie de transformation",2016-09-30,2,1,-0.00595941548118674,65,7,TRUE,0.0228243332255111
"Industrie de transformation",2016-12-31,2,1,0.00474727276418697,65,10,TRUE,0.0116788252925897
"Industrie de transformation",2017-03-31,2,1,0.00598276847056882,65,5,TRUE,0.00953178833632684
"Industrie de transformation",2017-06-30,2,1,0.0066548957503348,65,3,TRUE,0.0149267146411702
"Industrie de transformation",2017-09-30,2,1,0.00176766050359202,65,5,TRUE,-0.0114616897126858
"Industrie de transformation",2017-12-31,2,1,0.0129773239380359,65,5,TRUE,0.00280821148239063
"Industrie de transformation",2018-03-31,2,1,0.00842605039448796,65,4,TRUE,0.0234087617899217
"Industrie de transformation",2018-06-30,2,1,0.0102893968496482,65,7,TRUE,-0.00382899876597698
"Industrie de transformation",2018-09-30,2,1,-0.000342904661331474,89,28,TRUE,0.0197648970716831
"Industrie de transformation",2018-12-31,2,1,0.00817847774779956,89,6,TRUE,0.00254844063750426
"Industrie de transformation",2019-03-31,2,1,0.011172916647878,89,40,FALSE,0.00525129663060397
"Industrie de transformation",2019-06-30,2,1,0.00497643557219525,89,36,TRUE,0.0369509505888086
"Industrie de transformation",2019-09-30,2,1,0.000119726276294136,89,21,TRUE,-0.0175063522194137
"Industrie de transformation",2019-12-31,2,1,0.0126676270901633,89,16,TRUE,-0.00688096519466086
"Industrie de transformation",2020-03-31,2,1,0.00435320415477034,89,13,TRUE,-0.00162253854886352
"Industrie de transformation",2020-06-30,2,1,-0.0233516595282823,89,25,TRUE,-0.213797918505946
"Industrie de transformation",2020-09-30,2,1,-0.0128984191097328,89,17,TRUE,0.176609534773862
"Industrie de transformation",2020-12-31,2,1,0.00402260798334639,89,11,TRUE,-0.00858663289649719
"Industrie de transformation",2021-03-31,2,1,-0.0071752471456676,89,7,TRUE,0.0682885003101887
"Industrie de transformation",2021-06-30,2,1,-0.00830839407951654,89,7,TRUE,-0.0226087358268856
"Industrie de transformation",2021-09-30,2,1,-0.000384869069534124,89,4,TRUE,0.0119171102444078
"Industrie de transformation",2021-12-31,2,1,0.0155153438625123,89,5,TRUE,0.0157395324071921
"Industrie de transformation",2022-03-31,2,1,-0.0104772184900795,89,5,TRUE,-0.00935236645143078
"Industrie de transformation",2022-06-30,2,1,0.00312164902219215,89,4,TRUE,0.0265199585031901
"Industrie de transformation",2022-09-30,2,1,0.00453440018198667,89,6,TRUE,0.00503674468161641
"Industrie de transformation",2022-12-31,2,1,0.0172333010941588,89,3,TRUE,-0.00375576483451212
"Industrie de transformation",2023-03-31,2,1,0.00338295179136615,89,4,TRUE,0.00769564383733545
"Industrie de transformation",2023-06-30,2,1,0.00603332107482632,89,3,TRUE,-0.0170061439275049
"Industrie de transformation",2023-09-30,2,1,0.019520243599355,89,4,TRUE,0.0317188158621384
"Industrie de transformation",2023-12-31,2,1,0.0225390963909528,89,4,TRUE,0.0560799603193818
"Industrie de transformation",2024-03-31,2,1,0.000321289575087915,89,4,TRUE,-0.0663244948448725
"Industrie de transformation",2024-06-30,2,1,0.0105439521073362,89,3,TRUE,-0.00790860641250291
"Industrie de transformation",2024-09-30,2,1,0.0210660974364244,89,4,TRUE,0.069343487988764
"Industrie de transformation",2024-12-31,2,1,0.0272196261867142,89,3,TRUE,0.0165418381598617
"Industrie de transformation",2025-03-31,2,1,-0.0305238122811263,89,8,TRUE,-0.0681965626927639
"Industrie de transformation",2025-06-30,2,1,0.0118427206056736,89,3,TRUE,0.0247579899121657
"Industrie de transformation",2025-09-30,2,1,0.0355996318748268,89,5,TRUE,0.0308834262611075
"Industrie de transformation",2025-12-31,2,1,0.0207260629570367,89,4,TRUE,0.0330754169078045
"Industrie de transformation",2026-03-31,2,1,-0.0465369954868031,89,5,TRUE,-0.101743963623765
"Industrie de transformation",2014-06-30,3,1,0.0108972254291282,62,40,FALSE,0.0134903455131372
"Industrie de transformation",2014-09-30,3,1,0.00863641410352157,62,29,TRUE,0.00323811979902189
"Industrie de transformation",2014-12-31,3,1,0.00121998783122645,62,13,TRUE,-0.0476741243890952
"Industrie de transformation",2015-03-31,3,1,-0.00370301470451449,62,8,TRUE,0.0304379715047673
"Industrie de transformation",2015-06-30,3,1,0.00135454167580106,62,6,TRUE,0.0194938047357773
"Industrie de transformation",2015-09-30,3,1,0.00388106999316954,62,6,TRUE,0.00620713596259748
"Industrie de transformation",2015-12-31,3,1,0.0127394963910682,65,40,FALSE,-0.00664650552544366
"Industrie de transformation",2016-03-31,3,1,0.010313077530607,65,31,TRUE,-0.00323991776717136
"Industrie de transformation",2016-06-30,3,1,0.00802374514136387,65,16,TRUE,-0.00999549769479913
"Industrie de transformation",2016-09-30,3,1,-0.00557445623571472,65,15,TRUE,0.0228243332255111
"Industrie de transformation",2016-12-31,3,1,0.00462173854166925,65,15,TRUE,0.0116788252925897
"Industrie de transformation",2017-03-31,3,1,0.00397544759985092,65,19,TRUE,0.00953178833632684
"Industrie de transformation",2017-06-30,3,1,0.00935460648987711,65,7,TRUE,0.0149267146411702
"Industrie de transformation",2017-09-30,3,1,-0.00055723078664869,65,40,FALSE,-0.0114616897126858
"Industrie de transformation",2017-12-31,3,1,0.0121643267745363,65,40,FALSE,0.00280821148239063
"Industrie de transformation",2018-03-31,3,1,0.0103616429063008,65,5,TRUE,0.0234087617899217
"Industrie de transformation",2018-06-30,3,1,0.0112073179123928,65,8,TRUE,-0.00382899876597698
"Industrie de transformation",2018-09-30,3,1,-0.000187505416320621,89,40,FALSE,0.0197648970716831
"Industrie de transformation",2018-12-31,3,1,0.00607344851607176,89,16,TRUE,0.00254844063750426
"Industrie de transformation",2019-03-31,3,1,0.00793959780204858,89,32,TRUE,0.00525129663060397
"Industrie de transformation",2019-06-30,3,1,0.00981741571093365,89,16,TRUE,0.0369509505888086
"Industrie de transformation",2019-09-30,3,1,0.00243376582883358,89,29,TRUE,-0.0175063522194137
"Industrie de transformation",2019-12-31,3,1,0.00724843023635847,89,15,TRUE,-0.00688096519466086
"Industrie de transformation",2020-03-31,3,1,0.0043559590804277,89,33,TRUE,-0.00162253854886352
"Industrie de transformation",2020-06-30,3,1,-0.000249785431862493,89,29,TRUE,-0.213797918505946
"Industrie de transformation",2020-09-30,3,1,-0.0143569287242494,89,30,TRUE,0.176609534773862
"Industrie de transformation",2020-12-31,3,1,0.00690736330262006,89,8,TRUE,-0.00858663289649719
"Industrie de transformation",2021-03-31,3,1,-0.00641117717209283,89,6,TRUE,0.0682885003101887
"Industrie de transformation",2021-06-30,3,1,-0.00675515669874333,89,12,TRUE,-0.0226087358268856
"Industrie de transformation",2021-09-30,3,1,-0.0011831781229173,89,4,TRUE,0.0119171102444078
"Industrie de transformation",2021-12-31,3,1,0.017206672908183,89,5,TRUE,0.0157395324071921
"Industrie de transformation",2022-03-31,3,1,-0.0107373230538485,89,6,TRUE,-0.00935236645143078
"Industrie de transformation",2022-06-30,3,1,0.00172714037127279,89,4,TRUE,0.0265199585031901
"Industrie de transformation",2022-09-30,3,1,0.00266105479166236,89,8,TRUE,0.00503674468161641
"Industrie de transformation",2022-12-31,3,1,0.0180097418162086,89,6,TRUE,-0.00375576483451212
"Industrie de transformation",2023-03-31,3,1,0.00364725896359232,89,4,TRUE,0.00769564383733545
"Industrie de transformation",2023-06-30,3,1,0.00524651828228479,89,6,TRUE,-0.0170061439275049
"Industrie de transformation",2023-09-30,3,1,0.0196914122177709,89,7,TRUE,0.0317188158621384
"Industrie de transformation",2023-12-31,3,1,0.0247869482425572,89,6,TRUE,0.0560799603193818
"Industrie de transformation",2024-03-31,3,1,-0.00108262350085316,89,6,TRUE,-0.0663244948448725
"Industrie de transformation",2024-06-30,3,1,0.00915143558364176,89,4,TRUE,-0.00790860641250291
"Industrie de transformation",2024-09-30,3,1,0.0206264598450139,89,5,TRUE,0.069343487988764
"Industrie de transformation",2024-12-31,3,1,0.0303062722811491,89,4,TRUE,0.0165418381598617
"Industrie de transformation",2025-03-31,3,1,-0.00245837071487726,89,7,TRUE,-0.0681965626927639
"Industrie de transformation",2025-06-30,3,1,0.00656330289818216,89,3,TRUE,0.0247579899121657
"Industrie de transformation",2025-09-30,3,1,0.00290818231528358,89,5,TRUE,0.0308834262611075
"Industrie de transformation",2025-12-31,3,1,0.0147450304677557,89,10,TRUE,0.0330754169078045
"Industrie de transformation",2026-03-31,3,1,-0.00529761291990983,89,9,TRUE,-0.101743963623765
"Industrie de transformation",2014-06-30,1,2,0.00947253543907283,62,40,FALSE,0.0134903455131372
"Industrie de transformation",2014-09-30,1,2,-0.00161210689527613,62,5,TRUE,0.00323811979902189
"Industrie de transformation",2014-12-31,1,2,-0.00309456703323446,62,4,TRUE,-0.0476741243890952
"Industrie de transformation",2015-03-31,1,2,-0.00704514611280122,62,4,TRUE,0.0304379715047673
"Industrie de transformation",2015-06-30,1,2,0.00182088754163405,62,4,TRUE,0.0194938047357773
"Industrie de transformation",2015-09-30,1,2,0.000684333472325083,62,4,TRUE,0.00620713596259748
"Industrie de transformation",2015-12-31,1,2,0.0112701598623033,65,22,TRUE,-0.00664650552544366
"Industrie de transformation",2016-03-31,1,2,0.00911250915447611,65,4,TRUE,-0.00323991776717136
"Industrie de transformation",2016-06-30,1,2,0.00771321808087396,65,3,TRUE,-0.00999549769479913
"Industrie de transformation",2016-09-30,1,2,-0.00421503297516969,65,9,TRUE,0.0228243332255111
"Industrie de transformation",2016-12-31,1,2,0.00387113923971825,65,5,TRUE,0.0116788252925897
"Industrie de transformation",2017-03-31,1,2,0.00466685610169277,65,5,TRUE,0.00953178833632684
"Industrie de transformation",2017-06-30,1,2,0.00768761696099705,65,3,TRUE,0.0149267146411702
"Industrie de transformation",2017-09-30,1,2,0.00235187096147885,65,3,TRUE,-0.0114616897126858
"Industrie de transformation",2017-12-31,1,2,0.010784891946379,65,4,TRUE,0.00280821148239063
"Industrie de transformation",2018-03-31,1,2,0.00761403967476601,65,4,TRUE,0.0234087617899217
"Industrie de transformation",2018-06-30,1,2,0.0161730991037021,65,4,TRUE,-0.00382899876597698
"Industrie de transformation",2018-09-30,1,2,0.0109877530587271,89,15,TRUE,0.0197648970716831
"Industrie de transformation",2018-12-31,1,2,-0.0015854295142354,89,6,TRUE,0.00254844063750426
"Industrie de transformation",2019-03-31,1,2,0.00609536330814723,89,5,TRUE,0.00525129663060397
"Industrie de transformation",2019-06-30,1,2,0.00639538483122818,89,3,TRUE,0.0369509505888086
"Industrie de transformation",2019-09-30,1,2,0.011424179184218,89,5,TRUE,-0.0175063522194137
"Industrie de transformation",2019-12-31,1,2,0.00093303303473296,89,5,TRUE,-0.00688096519466086
"Industrie de transformation",2020-03-31,1,2,0.0107050060200026,89,7,TRUE,-0.00162253854886352
"Industrie de transformation",2020-06-30,1,2,0.0292889175599399,89,12,TRUE,-0.213797918505946
"Industrie de transformation",2020-09-30,1,2,0.0131017990321884,89,8,TRUE,0.176609534773862
"Industrie de transformation",2020-12-31,1,2,0.0160077699529258,89,5,TRUE,-0.00858663289649719
"Industrie de transformation",2021-03-31,1,2,0.00410401026957754,89,3,TRUE,0.0682885003101887
"Industrie de transformation",2021-06-30,1,2,0.00176678138034575,89,3,TRUE,-0.0226087358268856
"Industrie de transformation",2021-09-30,1,2,0.00444067864713231,89,3,TRUE,0.0119171102444078
"Industrie de transformation",2021-12-31,1,2,0.02046516284892,89,3,TRUE,0.0157395324071921
"Industrie de transformation",2022-03-31,1,2,-0.00288838125823845,89,4,TRUE,-0.00935236645143078
"Industrie de transformation",2022-06-30,1,2,0.00505506147704195,89,3,TRUE,0.0265199585031901
"Industrie de transformation",2022-09-30,1,2,0.00104387336270461,89,3,TRUE,0.00503674468161641
"Industrie de transformation",2022-12-31,1,2,0.0170740968463349,89,3,TRUE,-0.00375576483451212
"Industrie de transformation",2023-03-31,1,2,0.000842858890554808,89,3,TRUE,0.00769564383733545
"Industrie de transformation",2023-06-30,1,2,0.00340559478758314,89,3,TRUE,-0.0170061439275049
"Industrie de transformation",2023-09-30,1,2,0.0140068371606012,89,4,TRUE,0.0317188158621384
"Industrie de transformation",2023-12-31,1,2,0.0213027932996063,89,3,TRUE,0.0560799603193818
"Industrie de transformation",2024-03-31,1,2,2.56097530804359e-05,89,3,TRUE,-0.0663244948448725
"Industrie de transformation",2024-06-30,1,2,0.00465045142857276,89,3,TRUE,-0.00790860641250291
"Industrie de transformation",2024-09-30,1,2,0.0187286083754622,89,4,TRUE,0.069343487988764
"Industrie de transformation",2024-12-31,1,2,0.0275366922016067,89,3,TRUE,0.0165418381598617
"Industrie de transformation",2025-03-31,1,2,-0.0116531042454312,89,3,TRUE,-0.0681965626927639
"Industrie de transformation",2025-06-30,1,2,0.00631561813305262,89,3,TRUE,0.0247579899121657
"Industrie de transformation",2025-09-30,1,2,0.00833689984957881,89,3,TRUE,0.0308834262611075
"Industrie de transformation",2025-12-31,1,2,0.0294000050863968,89,3,TRUE,0.0330754169078045
"Industrie de transformation",2026-03-31,1,2,-0.0252521154556712,89,5,TRUE,-0.101743963623765
"Industrie de transformation",2014-06-30,2,2,0.0097254338425995,62,40,FALSE,0.0134903455131372
"Industrie de transformation",2014-09-30,2,2,-0.00376386108419209,62,40,FALSE,0.00323811979902189
"Industrie de transformation",2014-12-31,2,2,-0.00656932205075829,62,19,TRUE,-0.0476741243890952
"Industrie de transformation",2015-03-31,2,2,0.00262663871296516,62,6,TRUE,0.0304379715047673
"Industrie de transformation",2015-06-30,2,2,0.00570786482890233,62,4,TRUE,0.0194938047357773
"Industrie de transformation",2015-09-30,2,2,-0.00415054462616834,62,5,TRUE,0.00620713596259748
"Industrie de transformation",2015-12-31,2,2,0.0103358286253213,65,22,TRUE,-0.00664650552544366
"Industrie de transformation",2016-03-31,2,2,0.00926858450615046,65,7,TRUE,-0.00323991776717136
"Industrie de transformation",2016-06-30,2,2,0.00784944835331965,65,4,TRUE,-0.00999549769479913
"Industrie de transformation",2016-09-30,2,2,-0.00598957777399474,65,13,TRUE,0.0228243332255111
"Industrie de transformation",2016-12-31,2,2,0.00447498169638469,65,13,TRUE,0.0116788252925897
"Industrie de transformation",2017-03-31,2,2,0.00639893809842818,65,5,TRUE,0.00953178833632684
"Industrie de transformation",2017-06-30,2,2,0.00688466891005117,65,3,TRUE,0.0149267146411702
"Industrie de transformation",2017-09-30,2,2,0.00187512319090391,65,5,TRUE,-0.0114616897126858
"Industrie de transformation",2017-12-31,2,2,0.0132223796284224,65,5,TRUE,0.00280821148239063
"Industrie de transformation",2018-03-31,2,2,0.00860090897275554,65,4,TRUE,0.0234087617899217
"Industrie de transformation",2018-06-30,2,2,0.00948099748489564,65,7,TRUE,-0.00382899876597698
"Industrie de transformation",2018-09-30,2,2,0.000137860555011329,89,37,TRUE,0.0197648970716831
"Industrie de transformation",2018-12-31,2,2,0.00645243938431581,89,8,TRUE,0.00254844063750426
"Industrie de transformation",2019-03-31,2,2,0.0120984843969237,89,40,FALSE,0.00525129663060397
"Industrie de transformation",2019-06-30,2,2,0.00484273691016394,89,37,TRUE,0.0369509505888086
"Industrie de transformation",2019-09-30,2,2,0.000175792426202858,89,22,TRUE,-0.0175063522194137
"Industrie de transformation",2019-12-31,2,2,0.0124812202049418,89,16,TRUE,-0.00688096519466086
"Industrie de transformation",2020-03-31,2,2,0.0045694097136367,89,13,TRUE,-0.00162253854886352
"Industrie de transformation",2020-06-30,2,2,-0.0273992576011973,89,29,TRUE,-0.213797918505946
"Industrie de transformation",2020-09-30,2,2,-0.010957106716722,89,18,TRUE,0.176609534773862
"Industrie de transformation",2020-12-31,2,2,0.0057015958776091,89,12,TRUE,-0.00858663289649719
"Industrie de transformation",2021-03-31,2,2,-0.00849348484273899,89,7,TRUE,0.0682885003101887
"Industrie de transformation",2021-06-30,2,2,-0.01030916585003,89,8,TRUE,-0.0226087358268856
"Industrie de transformation",2021-09-30,2,2,-0.000919476720514769,89,4,TRUE,0.0119171102444078
"Industrie de transformation",2021-12-31,2,2,0.0189212083519175,89,5,TRUE,0.0157395324071921
"Industrie de transformation",2022-03-31,2,2,-0.0136261233828562,89,5,TRUE,-0.00935236645143078
"Industrie de transformation",2022-06-30,2,2,0.00272734329625156,89,4,TRUE,0.0265199585031901
"Industrie de transformation",2022-09-30,2,2,0.00332224242263707,89,6,TRUE,0.00503674468161641
"Industrie de transformation",2022-12-31,2,2,0.0201905515222442,89,4,TRUE,-0.00375576483451212
"Industrie de transformation",2023-03-31,2,2,0.00184636148618226,89,4,TRUE,0.00769564383733545
"Industrie de transformation",2023-06-30,2,2,0.00528379278988694,89,3,TRUE,-0.0170061439275049
"Industrie de transformation",2023-09-30,2,2,0.0210009492950944,89,4,TRUE,0.0317188158621384
"Industrie de transformation",2023-12-31,2,2,0.025876998571641,89,4,TRUE,0.0560799603193818
"Industrie de transformation",2024-03-31,2,2,-0.00163197372379466,89,4,TRUE,-0.0663244948448725
"Industrie de transformation",2024-06-30,2,2,0.010295098973077,89,3,TRUE,-0.00790860641250291
"Industrie de transformation",2024-09-30,2,2,0.0228114863535584,89,4,TRUE,0.069343487988764
"Industrie de transformation",2024-12-31,2,2,0.0302211014239743,89,3,TRUE,0.0165418381598617
"Industrie de transformation",2025-03-31,2,2,-0.0356307698618694,89,8,TRUE,-0.0681965626927639
"Industrie de transformation",2025-06-30,2,2,0.0139103351735883,89,3,TRUE,0.0247579899121657
"Industrie de transformation",2025-09-30,2,2,0.036064230421578,89,5,TRUE,0.0308834262611075
"Industrie de transformation",2025-12-31,2,2,0.0231563715152794,89,4,TRUE,0.0330754169078045
"Industrie de transformation",2026-03-31,2,2,-0.0530052243228315,89,5,TRUE,-0.101743963623765
"Industrie de transformation",2014-06-30,3,2,0.00780144105479291,62,40,FALSE,0.0134903455131372
"Industrie de transformation",2014-09-30,3,2,-0.00283285534257607,62,15,TRUE,0.00323811979902189
"Industrie de transformation",2014-12-31,3,2,-0.00437532403643886,62,30,TRUE,-0.0476741243890952
"Industrie de transformation",2015-03-31,3,2,-0.000327015437900149,62,13,TRUE,0.0304379715047673
"Industrie de transformation",2015-06-30,3,2,0.00520841541830303,62,4,TRUE,0.0194938047357773
"Industrie de transformation",2015-09-30,3,2,0.00199100909950496,62,6,TRUE,0.00620713596259748
"Industrie de transformation",2015-12-31,3,2,0.00499886115682915,65,40,FALSE,-0.00664650552544366
"Industrie de transformation",2016-03-31,3,2,0.00331807622413894,65,19,TRUE,-0.00323991776717136
"Industrie de transformation",2016-06-30,3,2,0.00455900247948515,65,9,TRUE,-0.00999549769479913
"Industrie de transformation",2016-09-30,3,2,0.00227520631347276,65,38,TRUE,0.0228243332255111
"Industrie de transformation",2016-12-31,3,2,-0.00290853999346444,65,20,TRUE,0.0116788252925897
"Industrie de transformation",2017-03-31,3,2,0.00207295580602971,65,16,TRUE,0.00953178833632684
"Industrie de transformation",2017-06-30,3,2,0.0100304295759758,65,5,TRUE,0.0149267146411702
"Industrie de transformation",2017-09-30,3,2,0.00561725577137613,65,10,TRUE,-0.0114616897126858
"Industrie de transformation",2017-12-31,3,2,-0.000971621326643351,65,7,TRUE,0.00280821148239063
"Industrie de transformation",2018-03-31,3,2,0.0067457192261444,65,5,TRUE,0.0234087617899217
"Industrie de transformation",2018-06-30,3,2,0.00946282283995415,65,9,TRUE,-0.00382899876597698
"Industrie de transformation",2018-09-30,3,2,-0.00130110386980157,89,40,FALSE,0.0197648970716831
"Industrie de transformation",2018-12-31,3,2,0.00796775674055888,89,40,FALSE,0.00254844063750426
"Industrie de transformation",2019-03-31,3,2,0.0081785685963799,89,34,TRUE,0.00525129663060397
"Industrie de transformation",2019-06-30,3,2,0.00940407619482833,89,15,TRUE,0.0369509505888086
"Industrie de transformation",2019-09-30,3,2,0.00114550968431642,89,23,TRUE,-0.0175063522194137
"Industrie de transformation",2019-12-31,3,2,0.00844537079276686,89,23,TRUE,-0.00688096519466086
"Industrie de transformation",2020-03-31,3,2,0.00407206417533919,89,33,TRUE,-0.00162253854886352
"Industrie de transformation",2020-06-30,3,2,-0.00393172244469586,89,26,TRUE,-0.213797918505946
"Industrie de transformation",2020-09-30,3,2,-0.0124317799364946,89,40,TRUE,0.176609534773862
"Industrie de transformation",2020-12-31,3,2,0.00883016920759314,89,9,TRUE,-0.00858663289649719
"Industrie de transformation",2021-03-31,3,2,-0.00749203931526511,89,6,TRUE,0.0682885003101887
"Industrie de transformation",2021-06-30,3,2,-0.00886029398904133,89,13,TRUE,-0.0226087358268856
"Industrie de transformation",2021-09-30,3,2,-0.00195911672156924,89,4,TRUE,0.0119171102444078
"Industrie de transformation",2021-12-31,3,2,0.0203760044383054,89,7,TRUE,0.0157395324071921
"Industrie de transformation",2022-03-31,3,2,-0.0138353245654942,89,7,TRUE,-0.00935236645143078
"Industrie de transformation",2022-06-30,3,2,0.00116539512037214,89,5,TRUE,0.0265199585031901
"Industrie de transformation",2022-09-30,3,2,0.00183937460823073,89,8,TRUE,0.00503674468161641
"Industrie de transformation",2022-12-31,3,2,0.0207943329049372,89,8,TRUE,-0.00375576483451212
"Industrie de transformation",2023-03-31,3,2,0.00247259916816626,89,4,TRUE,0.00769564383733545
"Industrie de transformation",2023-06-30,3,2,0.00470503138275115,89,5,TRUE,-0.0170061439275049
"Industrie de transformation",2023-09-30,3,2,0.0216245434293571,89,6,TRUE,0.0317188158621384
"Industrie de transformation",2023-12-31,3,2,0.0282318356139436,89,5,TRUE,0.0560799603193818
"Industrie de transformation",2024-03-31,3,2,-0.00286495332685297,89,6,TRUE,-0.0663244948448725
"Industrie de transformation",2024-06-30,3,2,0.00913512720218009,89,4,TRUE,-0.00790860641250291
"Industrie de transformation",2024-09-30,3,2,0.0225254234210281,89,4,TRUE,0.069343487988764
"Industrie de transformation",2024-12-31,3,2,0.0333698220915816,89,4,TRUE,0.0165418381598617
"Industrie de transformation",2025-03-31,3,2,-0.00473068612913249,89,8,TRUE,-0.0681965626927639
"Industrie de transformation",2025-06-30,3,2,0.00644820115774111,89,3,TRUE,0.0247579899121657
"Industrie de transformation",2025-09-30,3,2,0.000990993539363849,89,6,TRUE,0.0308834262611075
"Industrie de transformation",2025-12-31,3,2,0.0178492748587612,89,9,TRUE,0.0330754169078045
"Industrie de transformation",2026-03-31,3,2,-0.00714146193079941,89,8,TRUE,-0.101743963623765
"Électricité, gaz, eau",2014-06-30,1,1,0.0285788839207948,25,22,TRUE,0.0332147863217731
"Électricité, gaz, eau",2014-09-30,1,1,-0.00688913100192315,25,3,TRUE,-0.00679393605210521
"Électricité, gaz, eau",2014-12-31,1,1,0.0214028720210811,25,3,TRUE,-0.00857021450047135
"Électricité, gaz, eau",2015-03-31,1,1,0.00185055680366591,26,22,TRUE,0.0437145225973961
"Électricité, gaz, eau",2015-06-30,1,1,0.00786103788937023,26,4,TRUE,0.00610525562054143
"Électricité, gaz, eau",2015-09-30,1,1,0.00172525967457501,26,5,TRUE,0.0103469379268244
"Électricité, gaz, eau",2015-12-31,1,1,0.00123752870665293,26,4,TRUE,-0.00455943213512988
"Électricité, gaz, eau",2016-03-31,1,1,0.00515522911040419,26,3,TRUE,0.000155955147615572
"Électricité, gaz, eau",2016-06-30,1,1,0.00107089543717921,26,3,TRUE,-0.017175634556283
"Électricité, gaz, eau",2016-09-30,1,1,-0.000249755857177689,63,24,TRUE,0.0711460023338066
"Électricité, gaz, eau",2016-12-31,1,1,0.0100586373936343,66,20,TRUE,-0.0359660643263187
"Électricité, gaz, eau",2017-03-31,1,1,0.0027363887589842,67,34,TRUE,-0.00716286993772819
"Électricité, gaz, eau",2017-06-30,1,1,0.000760004963774222,67,10,TRUE,0.0253000677575166
"Électricité, gaz, eau",2017-09-30,1,1,0.00347988130554481,67,4,TRUE,0.0048164662893857
"Électricité, gaz, eau",2017-12-31,1,1,0.00889480480400597,67,7,TRUE,0.0387992037287237
"Électricité, gaz, eau",2018-03-31,1,1,0.0171758066816806,67,40,FALSE,0.0223262968366722
"Électricité, gaz, eau",2018-06-30,1,1,-0.00194794851067552,67,5,TRUE,-0.016153880771169
"Électricité, gaz, eau",2018-09-30,1,1,-0.00417901109992386,67,3,TRUE,0.0411974248960654
"Électricité, gaz, eau",2018-12-31,1,1,0.0212242633208566,71,40,FALSE,0.0623784425554952
"Électricité, gaz, eau",2019-03-31,1,1,0.00701908086854075,72,40,FALSE,0.0925664554057999
"Électricité, gaz, eau",2019-06-30,1,1,0.00271169695740958,72,4,TRUE,-0.0124026726248605
"Électricité, gaz, eau",2019-09-30,1,1,0.00730245936311787,73,39,TRUE,-0.0152269847098676
"Électricité, gaz, eau",2019-12-31,1,1,0.0155248785363814,73,7,TRUE,-0.00625851062808103
"Électricité, gaz, eau",2020-03-31,1,1,0.0109788065390666,73,4,TRUE,0.0213425854542955
"Électricité, gaz, eau",2020-06-30,1,1,0.0125094204308219,73,4,TRUE,-0.0970147629221021
"Électricité, gaz, eau",2020-09-30,1,1,0.00381229775561186,73,10,TRUE,0.114417799543279
"Électricité, gaz, eau",2020-12-31,1,1,0.0084683216975391,74,31,TRUE,-0.016022429172736
"Électricité, gaz, eau",2021-03-31,1,1,0.00961533494939987,74,5,TRUE,0.0217529032326009
"Électricité, gaz, eau",2021-06-30,1,1,0.0121193827172059,74,6,TRUE,0.0253032608158232
"Électricité, gaz, eau",2021-09-30,1,1,0.0129273647295388,75,35,TRUE,0.0158724557012508
"Électricité, gaz, eau",2021-12-31,1,1,0.00788366564618059,75,4,TRUE,0.0138196358846692
"Électricité, gaz, eau",2022-03-31,1,1,0.00992400446621702,76,30,TRUE,-0.0635858178619184
"Électricité, gaz, eau",2022-06-30,1,1,0.012311343670645,76,10,TRUE,0.00902096583624079
"Électricité, gaz, eau",2022-09-30,1,1,0.0122747139607609,76,7,TRUE,-0.00480416973629261
"Électricité, gaz, eau",2022-12-31,1,1,0.00611851186809691,76,5,TRUE,-0.0308377748401991
"Électricité, gaz, eau",2023-03-31,1,1,0.00894275074518852,77,29,TRUE,-0.122401604802485
"Électricité, gaz, eau",2023-06-30,1,1,0.0107072134569866,77,9,TRUE,0.0472201858772916
"Électricité, gaz, eau",2023-09-30,1,1,0.0131252249152981,77,6,TRUE,0.00207719445817389
"Électricité, gaz, eau",2023-12-31,1,1,0.00316311836685915,78,31,TRUE,-0.0104818116311538
"Électricité, gaz, eau",2024-03-31,1,1,0.00681399553026889,78,3,TRUE,0.0293667797510366
"Électricité, gaz, eau",2024-06-30,1,1,0.0100844049581882,78,6,TRUE,-0.0474179307558522
"Électricité, gaz, eau",2024-09-30,1,1,0.013609575766376,79,32,TRUE,0.100587875391312
"Électricité, gaz, eau",2024-12-31,1,1,0.000801787368243425,79,6,TRUE,0.0115181001740545
"Électricité, gaz, eau",2025-03-31,1,1,0.00665613930701893,80,32,TRUE,-0.0640900842189289
"Électricité, gaz, eau",2025-06-30,1,1,0.0134029290564395,80,6,TRUE,-0.0109469608200001
"Électricité, gaz, eau",2025-09-30,1,1,0.0157075473023537,80,5,TRUE,0.0726483567256153
"Électricité, gaz, eau",2025-12-31,1,1,-0.000701096574639156,80,4,TRUE,-0.0191714590402032
"Électricité, gaz, eau",2026-03-31,1,1,0.00255511554366805,80,4,TRUE,-0.0771317041623973
"Électricité, gaz, eau",2014-06-30,2,1,0.0300605953850799,25,40,FALSE,0.0332147863217731
"Électricité, gaz, eau",2014-09-30,2,1,-0.00617206637701228,25,37,TRUE,-0.00679393605210521
"Électricité, gaz, eau",2014-12-31,2,1,0.0202758798581331,25,7,TRUE,-0.00857021450047135
"Électricité, gaz, eau",2015-03-31,2,1,0.0116503308678225,26,31,TRUE,0.0437145225973961
"Électricité, gaz, eau",2015-06-30,2,1,-0.00445665272747466,26,6,TRUE,0.00610525562054143
"Électricité, gaz, eau",2015-09-30,2,1,-0.00505753881743592,26,5,TRUE,0.0103469379268244
"Électricité, gaz, eau",2015-12-31,2,1,0.00264724703009292,26,4,TRUE,-0.00455943213512988
"Électricité, gaz, eau",2016-03-31,2,1,0.00961824312401614,26,3,TRUE,0.000155955147615572
"Électricité, gaz, eau",2016-06-30,2,1,0.00569467659026611,26,3,TRUE,-0.017175634556283
"Électricité, gaz, eau",2016-09-30,2,1,-0.00978945126086225,63,40,FALSE,0.0711460023338066
"Électricité, gaz, eau",2016-12-31,2,1,0.00333860652667537,66,34,TRUE,-0.0359660643263187
"Électricité, gaz, eau",2017-03-31,2,1,0.0278260591492679,67,38,TRUE,-0.00716286993772819
"Électricité, gaz, eau",2017-06-30,2,1,-0.000855049540452119,67,10,TRUE,0.0253000677575166
"Électricité, gaz, eau",2017-09-30,2,1,0.0177311336984822,67,9,TRUE,0.0048164662893857
"Électricité, gaz, eau",2017-12-31,2,1,-0.0319070554329873,67,12,TRUE,0.0387992037287237
"Électricité, gaz, eau",2018-03-31,2,1,0.0340582799912768,67,40,FALSE,0.0223262968366722
"Électricité, gaz, eau",2018-06-30,2,1,0.0124636250028519,67,38,TRUE,-0.016153880771169
"Électricité, gaz, eau",2018-09-30,2,1,0.00745821961132039,67,7,TRUE,0.0411974248960654
"Électricité, gaz, eau",2018-12-31,2,1,0.0103905392047486,71,40,FALSE,0.0623784425554952
"Électricité, gaz, eau",2019-03-31,2,1,0.00836156979138953,72,40,FALSE,0.0925664554057999
"Électricité, gaz, eau",2019-06-30,2,1,0.0092434472512953,72,40,FALSE,-0.0124026726248605
"Électricité, gaz, eau",2019-09-30,2,1,0.00708229655223759,73,40,FALSE,-0.0152269847098676
"Électricité, gaz, eau",2019-12-31,2,1,0.00957313149126757,73,14,TRUE,-0.00625851062808103
"Électricité, gaz, eau",2020-03-31,2,1,0.0123407400192949,73,5,TRUE,0.0213425854542955
"Électricité, gaz, eau",2020-06-30,2,1,0.0181564096298089,73,5,TRUE,-0.0970147629221021
"Électricité, gaz, eau",2020-09-30,2,1,-0.0013551748874216,73,13,TRUE,0.114417799543279
"Électricité, gaz, eau",2020-12-31,2,1,0.00911368420278797,74,40,FALSE,-0.016022429172736
"Électricité, gaz, eau",2021-03-31,2,1,0.00840287565654466,74,6,TRUE,0.0217529032326009
"Électricité, gaz, eau",2021-06-30,2,1,0.0118587931349071,74,7,TRUE,0.0253032608158232
"Électricité, gaz, eau",2021-09-30,2,1,0.0136409117109785,75,40,FALSE,0.0158724557012508
"Électricité, gaz, eau",2021-12-31,2,1,0.00872449829423112,75,6,TRUE,0.0138196358846692
"Électricité, gaz, eau",2022-03-31,2,1,0.00697506327071628,76,40,FALSE,-0.0635858178619184
"Électricité, gaz, eau",2022-06-30,2,1,0.0132237778850136,76,36,TRUE,0.00902096583624079
"Électricité, gaz, eau",2022-09-30,2,1,0.0212407576149461,76,19,TRUE,-0.00480416973629261
"Électricité, gaz, eau",2022-12-31,2,1,0.00119475866279753,76,11,TRUE,-0.0308377748401991
"Électricité, gaz, eau",2023-03-31,2,1,0.0041399162460454,77,40,FALSE,-0.122401604802485
"Électricité, gaz, eau",2023-06-30,2,1,0.0141480739728307,77,21,TRUE,0.0472201858772916
"Électricité, gaz, eau",2023-09-30,2,1,0.026247195478163,77,23,TRUE,0.00207719445817389
"Électricité, gaz, eau",2023-12-31,2,1,-0.00816809081222191,78,40,FALSE,-0.0104818116311538
"Électricité, gaz, eau",2024-03-31,2,1,0.00377943939291438,78,21,TRUE,0.0293667797510366
"Électricité, gaz, eau",2024-06-30,2,1,0.012022163028836,78,9,TRUE,-0.0474179307558522
"Électricité, gaz, eau",2024-09-30,2,1,0.0177682037344255,79,40,FALSE,0.100587875391312
"Électricité, gaz, eau",2024-12-31,2,1,-0.0552184271168373,79,12,TRUE,0.0115181001740545
"Électricité, gaz, eau",2025-03-31,2,1,0.00382309770376728,80,40,FALSE,-0.0640900842189289
"Électricité, gaz, eau",2025-06-30,2,1,0.00975447132219058,80,7,TRUE,-0.0109469608200001
"Électricité, gaz, eau",2025-09-30,2,1,0.00462334673626514,80,5,TRUE,0.0726483567256153
"Électricité, gaz, eau",2025-12-31,2,1,-0.00387139703947564,80,7,TRUE,-0.0191714590402032
"Électricité, gaz, eau",2026-03-31,2,1,0.00410263869673467,80,4,TRUE,-0.0771317041623973
"Électricité, gaz, eau",2014-06-30,3,1,0.0202571332189177,25,40,FALSE,0.0332147863217731
"Électricité, gaz, eau",2014-09-30,3,1,-0.00907726832638,25,8,TRUE,-0.00679393605210521
"Électricité, gaz, eau",2014-12-31,3,1,0.0250350101449766,25,6,TRUE,-0.00857021450047135
"Électricité, gaz, eau",2015-03-31,3,1,0.0156358422453805,26,40,FALSE,0.0437145225973961
"Électricité, gaz, eau",2015-06-30,3,1,-0.00669557504113607,26,25,TRUE,0.00610525562054143
"Électricité, gaz, eau",2015-09-30,3,1,0.00190189613620486,26,23,TRUE,0.0103469379268244
"Électricité, gaz, eau",2015-12-31,3,1,0.01010029234786,26,6,TRUE,-0.00455943213512988
"Électricité, gaz, eau",2016-03-31,3,1,0.00711400462376515,26,4,TRUE,0.000155955147615572
"Électricité, gaz, eau",2016-06-30,3,1,0.000404272517978491,26,3,TRUE,-0.017175634556283
"Électricité, gaz, eau",2016-09-30,3,1,-0.0125345763902028,63,40,FALSE,0.0711460023338066
"Électricité, gaz, eau",2016-12-31,3,1,-0.00713094331378268,66,40,FALSE,-0.0359660643263187
"Électricité, gaz, eau",2017-03-31,3,1,0.032296587161501,67,40,FALSE,-0.00716286993772819
"Électricité, gaz, eau",2017-06-30,3,1,0.00353199481745972,67,40,FALSE,0.0253000677575166
"Électricité, gaz, eau",2017-09-30,3,1,-0.00417159534720021,67,40,FALSE,0.0048164662893857
"Électricité, gaz, eau",2017-12-31,3,1,-0.00643488235390025,67,30,TRUE,0.0387992037287237
"Électricité, gaz, eau",2018-03-31,3,1,0.0125725822040084,67,9,TRUE,0.0223262968366722
"Électricité, gaz, eau",2018-06-30,3,1,0.0055153264352499,67,11,TRUE,-0.016153880771169
"Électricité, gaz, eau",2018-09-30,3,1,-0.0086045164662234,67,13,TRUE,0.0411974248960654
"Électricité, gaz, eau",2018-12-31,3,1,0.000615878637416802,71,40,FALSE,0.0623784425554952
"Électricité, gaz, eau",2019-03-31,3,1,0.0128817753384905,72,40,FALSE,0.0925664554057999
"Électricité, gaz, eau",2019-06-30,3,1,0.00881648756391255,72,28,TRUE,-0.0124026726248605
"Électricité, gaz, eau",2019-09-30,3,1,0.00511943807009654,73,40,FALSE,-0.0152269847098676
"Électricité, gaz, eau",2019-12-31,3,1,0.0128846465500008,73,17,TRUE,-0.00625851062808103
"Électricité, gaz, eau",2020-03-31,3,1,0.00990952411962509,73,6,TRUE,0.0213425854542955
"Électricité, gaz, eau",2020-06-30,3,1,0.0169399952408105,73,7,TRUE,-0.0970147629221021
"Électricité, gaz, eau",2020-09-30,3,1,-0.00182430222919768,73,16,TRUE,0.114417799543279
"Électricité, gaz, eau",2020-12-31,3,1,-0.000279286557394809,74,40,FALSE,-0.016022429172736
"Électricité, gaz, eau",2021-03-31,3,1,0.0123940648797932,74,38,TRUE,0.0217529032326009
"Électricité, gaz, eau",2021-06-30,3,1,0.0150543822471174,74,15,TRUE,0.0253032608158232
"Électricité, gaz, eau",2021-09-30,3,1,0.00866217777030017,75,40,FALSE,0.0158724557012508
"Électricité, gaz, eau",2021-12-31,3,1,0.00405636675457097,75,8,TRUE,0.0138196358846692
"Électricité, gaz, eau",2022-03-31,3,1,0.0144115277047529,76,40,FALSE,-0.0635858178619184
"Électricité, gaz, eau",2022-06-30,3,1,0.0126047615315548,76,40,FALSE,0.00902096583624079
"Électricité, gaz, eau",2022-09-30,3,1,0.0213243684816976,76,21,TRUE,-0.00480416973629261
"Électricité, gaz, eau",2022-12-31,3,1,-0.00929078812953857,76,11,TRUE,-0.0308377748401991
"Électricité, gaz, eau",2023-03-31,3,1,0.00754283749028439,77,40,FALSE,-0.122401604802485
"Électricité, gaz, eau",2023-06-30,3,1,0.0128863188614883,77,25,TRUE,0.0472201858772916
"Électricité, gaz, eau",2023-09-30,3,1,0.0152822182468732,77,7,TRUE,0.00207719445817389
"Électricité, gaz, eau",2023-12-31,3,1,0.00731879217481802,78,40,FALSE,-0.0104818116311538
"Électricité, gaz, eau",2024-03-31,3,1,0.00361114471211363,78,20,TRUE,0.0293667797510366
"Électricité, gaz, eau",2024-06-30,3,1,0.00858085100383296,78,15,TRUE,-0.0474179307558522
"Électricité, gaz, eau",2024-09-30,3,1,0.0139042939679451,79,40,FALSE,0.100587875391312
"Électricité, gaz, eau",2024-12-31,3,1,-0.000220835465461165,79,38,TRUE,0.0115181001740545
"Électricité, gaz, eau",2025-03-31,3,1,0.00455037925231911,80,40,FALSE,-0.0640900842189289
"Électricité, gaz, eau",2025-06-30,3,1,0.0126795252012715,80,19,TRUE,-0.0109469608200001
"Électricité, gaz, eau",2025-09-30,3,1,0.0174794720623127,80,9,TRUE,0.0726483567256153
"Électricité, gaz, eau",2025-12-31,3,1,0.00364988386944769,80,22,TRUE,-0.0191714590402032
"Électricité, gaz, eau",2026-03-31,3,1,-0.00315723695445646,80,8,TRUE,-0.0771317041623973
"Électricité, gaz, eau",2014-06-30,1,2,0.0305962562957702,25,22,TRUE,0.0332147863217731
"Électricité, gaz, eau",2014-09-30,1,2,-0.00750388725764321,25,3,TRUE,-0.00679393605210521
"Électricité, gaz, eau",2014-12-31,1,2,0.0219775448942472,25,4,TRUE,-0.00857021450047135
"Électricité, gaz, eau",2015-03-31,1,2,0.000828506630393275,26,23,TRUE,0.0437145225973961
"Électricité, gaz, eau",2015-06-30,1,2,0.00816814257962335,26,4,TRUE,0.00610525562054143
"Électricité, gaz, eau",2015-09-30,1,2,0.0013278425500575,26,5,TRUE,0.0103469379268244
"Électricité, gaz, eau",2015-12-31,1,2,0.000647658236557958,26,4,TRUE,-0.00455943213512988
"Électricité, gaz, eau",2016-03-31,1,2,0.00500268463862576,26,3,TRUE,0.000155955147615572
"Électricité, gaz, eau",2016-06-30,1,2,0.000692339221594007,26,3,TRUE,-0.017175634556283
"Électricité, gaz, eau",2016-09-30,1,2,-0.00241688292945338,63,25,TRUE,0.0711460023338066
"Électricité, gaz, eau",2016-12-31,1,2,0.00967303906114689,66,24,TRUE,-0.0359660643263187
"Électricité, gaz, eau",2017-03-31,1,2,0.00278396780663336,67,40,FALSE,-0.00716286993772819
"Électricité, gaz, eau",2017-06-30,1,2,-0.0194469997973881,67,18,TRUE,0.0253000677575166
"Électricité, gaz, eau",2017-09-30,1,2,-0.00441963818567927,67,15,TRUE,0.0048164662893857
"Électricité, gaz, eau",2017-12-31,1,2,0.0246629396537029,67,8,TRUE,0.0387992037287237
"Électricité, gaz, eau",2018-03-31,1,2,0.0142566969841492,67,3,TRUE,0.0223262968366722
"Électricité, gaz, eau",2018-06-30,1,2,-0.00133748197816421,67,3,TRUE,-0.016153880771169
"Électricité, gaz, eau",2018-09-30,1,2,-0.0160309994300623,67,3,TRUE,0.0411974248960654
"Électricité, gaz, eau",2018-12-31,1,2,0.00398840545206634,71,40,FALSE,0.0623784425554952
"Électricité, gaz, eau",2019-03-31,1,2,0.0100411404543481,72,22,TRUE,0.0925664554057999
"Électricité, gaz, eau",2019-06-30,1,2,0.00864222093022459,72,35,TRUE,-0.0124026726248605
"Électricité, gaz, eau",2019-09-30,1,2,0.00729168585307839,73,34,TRUE,-0.0152269847098676
"Électricité, gaz, eau",2019-12-31,1,2,0.015521315612783,73,7,TRUE,-0.00625851062808103
"Électricité, gaz, eau",2020-03-31,1,2,0.0109750771785844,73,4,TRUE,0.0213425854542955
"Électricité, gaz, eau",2020-06-30,1,2,0.0125127063554908,73,5,TRUE,-0.0970147629221021
"Électricité, gaz, eau",2020-09-30,1,2,0.0038031473719806,73,10,TRUE,0.114417799543279
"Électricité, gaz, eau",2020-12-31,1,2,0.00844528838596154,74,29,TRUE,-0.016022429172736
"Électricité, gaz, eau",2021-03-31,1,2,0.00961081804127719,74,5,TRUE,0.0217529032326009
"Électricité, gaz, eau",2021-06-30,1,2,0.0121334518997675,74,6,TRUE,0.0253032608158232
"Électricité, gaz, eau",2021-09-30,1,2,0.0129419711167837,75,33,TRUE,0.0158724557012508
"Électricité, gaz, eau",2021-12-31,1,2,0.00786997176226172,75,4,TRUE,0.0138196358846692
"Électricité, gaz, eau",2022-03-31,1,2,0.00992012384805046,76,28,TRUE,-0.0635858178619184
"Électricité, gaz, eau",2022-06-30,1,2,0.0123215922516979,76,10,TRUE,0.00902096583624079
"Électricité, gaz, eau",2022-09-30,1,2,0.0122826211496338,76,7,TRUE,-0.00480416973629261
"Électricité, gaz, eau",2022-12-31,1,2,0.00610796328019081,76,5,TRUE,-0.0308377748401991
"Électricité, gaz, eau",2023-03-31,1,2,0.00894177904654579,77,27,TRUE,-0.122401604802485
"Électricité, gaz, eau",2023-06-30,1,2,0.0107130981735205,77,9,TRUE,0.0472201858772916
"Électricité, gaz, eau",2023-09-30,1,2,0.0131336298157839,77,6,TRUE,0.00207719445817389
"Électricité, gaz, eau",2023-12-31,1,2,0.00315650985191862,78,30,TRUE,-0.0104818116311538
"Électricité, gaz, eau",2024-03-31,1,2,0.00681276402273893,78,3,TRUE,0.0293667797510366
"Électricité, gaz, eau",2024-06-30,1,2,0.0100870823960178,78,6,TRUE,-0.0474179307558522
"Électricité, gaz, eau",2024-09-30,1,2,0.0136155065127369,79,31,TRUE,0.100587875391312
"Électricité, gaz, eau",2024-12-31,1,2,0.000794719307961973,79,6,TRUE,0.0115181001740545
"Électricité, gaz, eau",2025-03-31,1,2,0.0066533904730046,80,30,TRUE,-0.0640900842189289
"Électricité, gaz, eau",2025-06-30,1,2,0.0134067126990305,80,6,TRUE,-0.0109469608200001
"Électricité, gaz, eau",2025-09-30,1,2,0.0157122338690768,80,5,TRUE,0.0726483567256153
"Électricité, gaz, eau",2025-12-31,1,2,-0.000705866377038117,80,4,TRUE,-0.0191714590402032
"Électricité, gaz, eau",2026-03-31,1,2,0.00255176244484229,80,4,TRUE,-0.0771317041623973
"Électricité, gaz, eau",2014-06-30,2,2,0.0314574929108976,25,40,FALSE,0.0332147863217731
"Électricité, gaz, eau",2014-09-30,2,2,-0.00703871581821209,25,40,FALSE,-0.00679393605210521
"Électricité, gaz, eau",2014-12-31,2,2,0.0234771838890233,25,13,TRUE,-0.00857021450047135
"Électricité, gaz, eau",2015-03-31,2,2,0.008577068207668,26,37,TRUE,0.0437145225973961
"Électricité, gaz, eau",2015-06-30,2,2,-0.00254275156378614,26,7,TRUE,0.00610525562054143
"Électricité, gaz, eau",2015-09-30,2,2,-0.00446139427013383,26,5,TRUE,0.0103469379268244
"Électricité, gaz, eau",2015-12-31,2,2,0.00212843745635362,26,4,TRUE,-0.00455943213512988
"Électricité, gaz, eau",2016-03-31,2,2,0.00934005798023038,26,3,TRUE,0.000155955147615572
"Électricité, gaz, eau",2016-06-30,2,2,0.00513217151656224,26,3,TRUE,-0.017175634556283
"Électricité, gaz, eau",2016-09-30,2,2,-0.00455206340516153,63,40,FALSE,0.0711460023338066
"Électricité, gaz, eau",2016-12-31,2,2,-0.0169273115171837,66,39,TRUE,-0.0359660643263187
"Électricité, gaz, eau",2017-03-31,2,2,0.0138624874481919,67,40,FALSE,-0.00716286993772819
"Électricité, gaz, eau",2017-06-30,2,2,-0.00464159125378216,67,40,FALSE,0.0253000677575166
"Électricité, gaz, eau",2017-09-30,2,2,0.00107250900427659,67,40,FALSE,0.0048164662893857
"Électricité, gaz, eau",2017-12-31,2,2,0.0199830300888209,67,12,TRUE,0.0387992037287237
"Électricité, gaz, eau",2018-03-31,2,2,0.00792742021853131,67,8,TRUE,0.0223262968366722
"Électricité, gaz, eau",2018-06-30,2,2,0.00373642962369859,67,6,TRUE,-0.016153880771169
"Électricité, gaz, eau",2018-09-30,2,2,-0.00202519262362052,67,6,TRUE,0.0411974248960654
"Électricité, gaz, eau",2018-12-31,2,2,-0.00289114484761291,71,40,FALSE,0.0623784425554952
"Électricité, gaz, eau",2019-03-31,2,2,0.00933546201370228,72,40,FALSE,0.0925664554057999
"Électricité, gaz, eau",2019-06-30,2,2,0.0171892476419504,72,12,TRUE,-0.0124026726248605
"Électricité, gaz, eau",2019-09-30,2,2,-0.00298311901478319,73,40,FALSE,-0.0152269847098676
"Électricité, gaz, eau",2019-12-31,2,2,0.00957138779408619,73,40,FALSE,-0.00625851062808103
"Électricité, gaz, eau",2020-03-31,2,2,0.0129527328054618,73,9,TRUE,0.0213425854542955
"Électricité, gaz, eau",2020-06-30,2,2,0.0201767657953294,73,4,TRUE,-0.0970147629221021
"Électricité, gaz, eau",2020-09-30,2,2,-0.00317417804563796,73,15,TRUE,0.114417799543279
"Électricité, gaz, eau",2020-12-31,2,2,0.0104158498053557,74,40,FALSE,-0.016022429172736
"Électricité, gaz, eau",2021-03-31,2,2,0.00975625842236907,74,8,TRUE,0.0217529032326009
"Électricité, gaz, eau",2021-06-30,2,2,0.0120993718771119,74,11,TRUE,0.0253032608158232
"Électricité, gaz, eau",2021-09-30,2,2,0.0132090956886168,75,40,FALSE,0.0158724557012508
"Électricité, gaz, eau",2021-12-31,2,2,0.00805605258432669,75,7,TRUE,0.0138196358846692
"Électricité, gaz, eau",2022-03-31,2,2,0.0097089235047134,76,40,FALSE,-0.0635858178619184
"Électricité, gaz, eau",2022-06-30,2,2,0.010610041117604,76,14,TRUE,0.00902096583624079
"Électricité, gaz, eau",2022-09-30,2,2,0.0116124038847014,76,7,TRUE,-0.00480416973629261
"Électricité, gaz, eau",2022-12-31,2,2,0.00502245698249562,76,5,TRUE,-0.0308377748401991
"Électricité, gaz, eau",2023-03-31,2,2,0.011420846909768,77,40,FALSE,-0.122401604802485
"Électricité, gaz, eau",2023-06-30,2,2,0.0109198277744947,77,9,TRUE,0.0472201858772916
"Électricité, gaz, eau",2023-09-30,2,2,0.0134671806532707,77,6,TRUE,0.00207719445817389
"Électricité, gaz, eau",2023-12-31,2,2,0.00278920299493329,78,40,FALSE,-0.0104818116311538
"Électricité, gaz, eau",2024-03-31,2,2,0.00688321131511081,78,7,TRUE,0.0293667797510366
"Électricité, gaz, eau",2024-06-30,2,2,0.0102900528967925,78,6,TRUE,-0.0474179307558522
"Électricité, gaz, eau",2024-09-30,2,2,0.019581416190145,79,40,FALSE,0.100587875391312
"Électricité, gaz, eau",2024-12-31,2,2,-0.0795879850036246,79,15,TRUE,0.0115181001740545
"Électricité, gaz, eau",2025-03-31,2,2,0.00665905858539832,80,40,FALSE,-0.0640900842189289
"Électricité, gaz, eau",2025-06-30,2,2,0.0130320247458832,80,10,TRUE,-0.0109469608200001
"Électricité, gaz, eau",2025-09-30,2,2,0.0150250555894097,80,6,TRUE,0.0726483567256153
"Électricité, gaz, eau",2025-12-31,2,2,-7.46900903113301e-06,80,5,TRUE,-0.0191714590402032
"Électricité, gaz, eau",2026-03-31,2,2,0.00203617851774072,80,4,TRUE,-0.0771317041623973
"Électricité, gaz, eau",2014-06-30,3,2,0.0307553240126054,25,38,TRUE,0.0332147863217731
"Électricité, gaz, eau",2014-09-30,3,2,-0.00710761161856842,25,5,TRUE,-0.00679393605210521
"Électricité, gaz, eau",2014-12-31,3,2,0.0219145291413137,25,5,TRUE,-0.00857021450047135
"Électricité, gaz, eau",2015-03-31,3,2,0.0142437801718456,26,35,TRUE,0.0437145225973961
"Électricité, gaz, eau",2015-06-30,3,2,-0.0135156896484854,26,9,TRUE,0.00610525562054143
"Électricité, gaz, eau",2015-09-30,3,2,-0.00304470865728311,26,18,TRUE,0.0103469379268244
"Électricité, gaz, eau",2015-12-31,3,2,0.0069356389202267,26,5,TRUE,-0.00455943213512988
"Électricité, gaz, eau",2016-03-31,3,2,0.00883499291333585,26,4,TRUE,0.000155955147615572
"Électricité, gaz, eau",2016-06-30,3,2,0.00462943364702111,26,3,TRUE,-0.017175634556283
"Électricité, gaz, eau",2016-09-30,3,2,-0.0141130456282372,63,40,FALSE,0.0711460023338066
"Électricité, gaz, eau",2016-12-31,3,2,-0.0170968390176664,66,40,FALSE,-0.0359660643263187
"Électricité, gaz, eau",2017-03-31,3,2,0.0175503001623273,67,40,FALSE,-0.00716286993772819
"Électricité, gaz, eau",2017-06-30,3,2,-0.00297948368056526,67,40,FALSE,0.0253000677575166
"Électricité, gaz, eau",2017-09-30,3,2,-0.00231781006894793,67,20,TRUE,0.0048164662893857
"Électricité, gaz, eau",2017-12-31,3,2,-0.0521015657367873,67,10,TRUE,0.0387992037287237
"Électricité, gaz, eau",2018-03-31,3,2,0.0249143281545931,67,15,TRUE,0.0223262968366722
"Électricité, gaz, eau",2018-06-30,3,2,0.00783849264591584,67,13,TRUE,-0.016153880771169
"Électricité, gaz, eau",2018-09-30,3,2,-0.0140229280486443,67,13,TRUE,0.0411974248960654
"Électricité, gaz, eau",2018-12-31,3,2,-0.00126569166092528,71,40,FALSE,0.0623784425554952
"Électricité, gaz, eau",2019-03-31,3,2,0.00805165491065829,72,40,FALSE,0.0925664554057999
"Électricité, gaz, eau",2019-06-30,3,2,0.0119501187064405,72,25,TRUE,-0.0124026726248605
"Électricité, gaz, eau",2019-09-30,3,2,0.00192579108819053,73,40,FALSE,-0.0152269847098676
"Électricité, gaz, eau",2019-12-31,3,2,0.0120280470235834,73,18,TRUE,-0.00625851062808103
"Électricité, gaz, eau",2020-03-31,3,2,0.00870036560864588,73,3,TRUE,0.0213425854542955
"Électricité, gaz, eau",2020-06-30,3,2,0.0200535559311071,73,3,TRUE,-0.0970147629221021
"Électricité, gaz, eau",2020-09-30,3,2,-0.00940327402451306,73,14,TRUE,0.114417799543279
"Électricité, gaz, eau",2020-12-31,3,2,0.001706046385401,74,40,FALSE,-0.016022429172736
"Électricité, gaz, eau",2021-03-31,3,2,0.014596498991113,74,16,TRUE,0.0217529032326009
"Électricité, gaz, eau",2021-06-30,3,2,0.0143946971590939,74,11,TRUE,0.0253032608158232
"Électricité, gaz, eau",2021-09-30,3,2,0.00716238639940502,75,40,FALSE,0.0158724557012508
"Électricité, gaz, eau",2021-12-31,3,2,-0.000279253669818786,75,12,TRUE,0.0138196358846692
"Électricité, gaz, eau",2022-03-31,3,2,0.0191156501038871,76,40,FALSE,-0.0635858178619184
"Électricité, gaz, eau",2022-06-30,3,2,0.012338886575718,76,21,TRUE,0.00902096583624079
"Électricité, gaz, eau",2022-09-30,3,2,0.0112120196545848,76,7,TRUE,-0.00480416973629261
"Électricité, gaz, eau",2022-12-31,3,2,0.0016518046424237,76,6,TRUE,-0.0308377748401991
"Électricité, gaz, eau",2023-03-31,3,2,0.00842125273594845,77,40,FALSE,-0.122401604802485
"Électricité, gaz, eau",2023-06-30,3,2,0.0121445052051004,77,25,TRUE,0.0472201858772916
"Électricité, gaz, eau",2023-09-30,3,2,0.0143477142547936,77,7,TRUE,0.00207719445817389
"Électricité, gaz, eau",2023-12-31,3,2,0.00838959959144863,78,40,FALSE,-0.0104818116311538
"Électricité, gaz, eau",2024-03-31,3,2,0.0041606112246758,78,20,TRUE,0.0293667797510366
"Électricité, gaz, eau",2024-06-30,3,2,0.00863031627401414,78,15,TRUE,-0.0474179307558522
"Électricité, gaz, eau",2024-09-30,3,2,0.0145719830892857,79,40,FALSE,0.100587875391312
"Électricité, gaz, eau",2024-12-31,3,2,0.00281216959511975,79,25,TRUE,0.0115181001740545
"Électricité, gaz, eau",2025-03-31,3,2,0.00664434797403927,80,40,FALSE,-0.0640900842189289
"Électricité, gaz, eau",2025-06-30,3,2,0.0122734226342531,80,21,TRUE,-0.0109469608200001
"Électricité, gaz, eau",2025-09-30,3,2,0.0147077690254224,80,10,TRUE,0.0726483567256153
"Électricité, gaz, eau",2025-12-31,3,2,0.000896692176801044,80,22,TRUE,-0.0191714590402032
"Électricité, gaz, eau",2026-03-31,3,2,0.00061946862897783,80,8,TRUE,-0.0771317041623973
"Construction",2014-06-30,1,1,0.0116457282941628,33,40,FALSE,0.00447736474689187
"Construction",2014-09-30,1,1,0.010956915986879,33,27,TRUE,-0.000619901584931526
"Construction",2014-12-31,1,1,0.0116712131793968,33,5,TRUE,-0.0170090243189662
"Construction",2015-03-31,1,1,0.00992107249894722,33,3,TRUE,-0.00530943948553997
"Construction",2015-06-30,1,1,0.0110486610529599,33,3,TRUE,0.0209819845460189
"Construction",2015-09-30,1,1,0.0121730535920001,33,6,TRUE,0.0115194109871428
"Construction",2015-12-31,1,1,0.0104261315261382,33,3,TRUE,0.032079368271992
"Construction",2016-03-31,1,1,0.011882626999325,33,3,TRUE,0.0187855153946899
"Construction",2016-06-30,1,1,0.01173148311023,33,2,TRUE,-0.00501930687227414
"Construction",2016-09-30,1,1,0.0109852371695952,33,10,TRUE,-0.00562759321653061
"Construction",2016-12-31,1,1,0.0143492421295188,33,5,TRUE,-0.0052620417260254
"Construction",2017-03-31,1,1,0.00711503115213659,33,4,TRUE,0.0132064022878779
"Construction",2017-06-30,1,1,0.0123748747202781,33,4,TRUE,0.000867405836450175
"Construction",2017-09-30,1,1,0.00986989830946935,33,4,TRUE,0.017936616006887
"Construction",2017-12-31,1,1,0.0102255596923736,33,5,TRUE,-0.00784029652175278
"Construction",2018-03-31,1,1,0.0101849870215732,33,3,TRUE,0.026272471549829
"Construction",2018-06-30,1,1,0.0110276545083991,33,5,TRUE,0.00736116363280281
"Construction",2018-09-30,1,1,0.0106893183908258,33,4,TRUE,-0.0192666965708348
"Construction",2018-12-31,1,1,0.0098625709646257,33,4,TRUE,-0.0524286380169254
"Construction",2019-03-31,1,1,0.00700227189000788,33,10,TRUE,0.0166559720067418
"Construction",2019-06-30,1,1,0.0108232652385371,33,3,TRUE,0.0481920910731386
"Construction",2019-09-30,1,1,0.00856483983981295,33,7,TRUE,0.0125910845192418
"Construction",2019-12-31,1,1,0.00882788537914666,33,3,TRUE,-0.0273069523615579
"Construction",2020-03-31,1,1,-0.00327510170329076,33,4,TRUE,0.000213553084455143
"Construction",2020-06-30,1,1,0.0101934611857628,33,3,TRUE,-0.102776372819593
"Construction",2020-09-30,1,1,0.00146772641869853,33,8,TRUE,0.0356201479127147
"Construction",2020-12-31,1,1,0.00662286273552818,33,3,TRUE,0.072642691639901
"Construction",2021-03-31,1,1,0.0126751565589037,33,4,TRUE,-0.00494022963371066
"Construction",2021-06-30,1,1,0.00874593126682599,33,2,TRUE,-0.00250132109599832
"Construction",2021-09-30,1,1,0.00803768121847484,33,2,TRUE,0.0107028535882208
"Construction",2021-12-31,1,1,0.00827876789310412,33,2,TRUE,0.00772099252970015
"Construction",2022-03-31,1,1,0.00924316667294616,33,2,TRUE,-0.026866287683136
"Construction",2022-06-30,1,1,0.00728498044854059,33,2,TRUE,-0.0038148328637746
"Construction",2022-09-30,1,1,0.00787490216707653,33,2,TRUE,-0.0309753266623467
"Construction",2022-12-31,1,1,0.00917706556095016,33,3,TRUE,-0.0138810252956052
"Construction",2023-03-31,1,1,0.00633624909684864,33,3,TRUE,0.0264176726138974
"Construction",2023-06-30,1,1,0.00898180480780481,33,2,TRUE,0.00252741405244095
"Construction",2023-09-30,1,1,0.00874825533896557,33,3,TRUE,0.00248876146185317
"Construction",2023-12-31,1,1,0.00660998901784125,33,3,TRUE,0.00486264809430104
"Construction",2024-03-31,1,1,0.00801855776159629,33,2,TRUE,0.0243786805323758
"Construction",2024-06-30,1,1,0.0097524338131394,33,3,TRUE,0.0131434129712957
"Construction",2024-09-30,1,1,0.00716526326993839,33,3,TRUE,0.0334036782533733
"Construction",2024-12-31,1,1,0.00939244409429176,33,2,TRUE,0.00587796447580935
"Construction",2025-03-31,1,1,0.00877158708852475,33,2,TRUE,0.0164348782556303
"Construction",2025-06-30,1,1,0.00875655495837205,33,2,TRUE,0.0173260458459641
"Construction",2025-09-30,1,1,0.00767472238957859,33,3,TRUE,0.0230301767543057
"Construction",2025-12-31,1,1,0.00996688277683088,33,2,TRUE,-0.000376710311417838
"Construction",2026-03-31,1,1,0.00874663093934602,33,2,TRUE,-0.0250954841631064
"Construction",2014-06-30,2,1,0.0137699854082857,33,40,FALSE,0.00447736474689187
"Construction",2014-09-30,2,1,0.00778401486015827,33,40,FALSE,-0.000619901584931526
"Construction",2014-12-31,2,1,0.012692914101136,33,40,FALSE,-0.0170090243189662
"Construction",2015-03-31,2,1,0.00994261193037021,33,29,TRUE,-0.00530943948553997
"Construction",2015-06-30,2,1,0.0126044838809634,33,4,TRUE,0.0209819845460189
"Construction",2015-09-30,2,1,0.00851863079126815,33,4,TRUE,0.0115194109871428
"Construction",2015-12-31,2,1,0.0128551314412721,33,3,TRUE,0.032079368271992
"Construction",2016-03-31,2,1,0.0116604605970174,33,3,TRUE,0.0187855153946899
"Construction",2016-06-30,2,1,0.0112729355081634,33,3,TRUE,-0.00501930687227414
"Construction",2016-09-30,2,1,0.00868518487904191,33,5,TRUE,-0.00562759321653061
"Construction",2016-12-31,2,1,0.016872467351188,33,6,TRUE,-0.0052620417260254
"Construction",2017-03-31,2,1,0.00701985065375019,33,5,TRUE,0.0132064022878779
"Construction",2017-06-30,2,1,0.0107268543114276,33,5,TRUE,0.000867405836450175
"Construction",2017-09-30,2,1,0.0108723189691015,33,5,TRUE,0.017936616006887
"Construction",2017-12-31,2,1,0.0119415478684204,33,6,TRUE,-0.00784029652175278
"Construction",2018-03-31,2,1,0.00921283318096554,33,5,TRUE,0.026272471549829
"Construction",2018-06-30,2,1,0.0106075055262497,33,6,TRUE,0.00736116363280281
"Construction",2018-09-30,2,1,0.0110213726115434,33,5,TRUE,-0.0192666965708348
"Construction",2018-12-31,2,1,0.0107745740632447,33,4,TRUE,-0.0524286380169254
"Construction",2019-03-31,2,1,0.00818115679044435,33,9,TRUE,0.0166559720067418
"Construction",2019-06-30,2,1,0.0100368933028092,33,3,TRUE,0.0481920910731386
"Construction",2019-09-30,2,1,0.0102678945392791,33,21,TRUE,0.0125910845192418
"Construction",2019-12-31,2,1,0.00911208677029481,33,3,TRUE,-0.0273069523615579
"Construction",2020-03-31,2,1,-0.00691281842074173,33,4,TRUE,0.000213553084455143
"Construction",2020-06-30,2,1,0.00783392891914988,33,3,TRUE,-0.102776372819593
"Construction",2020-09-30,2,1,0.0101461364387114,33,8,TRUE,0.0356201479127147
"Construction",2020-12-31,2,1,0.00816716286594358,33,3,TRUE,0.072642691639901
"Construction",2021-03-31,2,1,0.0113053937243144,33,4,TRUE,-0.00494022963371066
"Construction",2021-06-30,2,1,0.0094594638493818,33,2,TRUE,-0.00250132109599832
"Construction",2021-09-30,2,1,0.0060663389833846,33,3,TRUE,0.0107028535882208
"Construction",2021-12-31,2,1,0.0106235695646873,33,2,TRUE,0.00772099252970015
"Construction",2022-03-31,2,1,0.00675667000007799,33,2,TRUE,-0.026866287683136
"Construction",2022-06-30,2,1,0.00275625859703363,33,2,TRUE,-0.0038148328637746
"Construction",2022-09-30,2,1,0.00252927594272952,33,3,TRUE,-0.0309753266623467
"Construction",2022-12-31,2,1,0.0143388246464697,33,3,TRUE,-0.0138810252956052
"Construction",2023-03-31,2,1,0.00605805019369863,33,3,TRUE,0.0264176726138974
"Construction",2023-06-30,2,1,0.00389621491465427,33,2,TRUE,0.00252741405244095
"Construction",2023-09-30,2,1,-0.00235742557198008,33,3,TRUE,0.00248876146185317
"Construction",2023-12-31,2,1,0.000223796560424294,33,3,TRUE,0.00486264809430104
"Construction",2024-03-31,2,1,0.00836642534233267,33,2,TRUE,0.0243786805323758
"Construction",2024-06-30,2,1,0.00491885545938419,33,3,TRUE,0.0131434129712957
"Construction",2024-09-30,2,1,0.0136157383950456,33,3,TRUE,0.0334036782533733
"Construction",2024-12-31,2,1,0.0125865307328325,33,2,TRUE,0.00587796447580935
"Construction",2025-03-31,2,1,0.00486074116913818,33,2,TRUE,0.0164348782556303
"Construction",2025-06-30,2,1,0.00790781263672042,33,3,TRUE,0.0173260458459641
"Construction",2025-09-30,2,1,0.013501942902443,33,3,TRUE,0.0230301767543057
"Construction",2025-12-31,2,1,0.00976850104934193,33,2,TRUE,-0.000376710311417838
"Construction",2026-03-31,2,1,0.00126906335228536,33,2,TRUE,-0.0250954841631064
"Construction",2014-06-30,3,1,0.0135582607191342,33,40,FALSE,0.00447736474689187
"Construction",2014-09-30,3,1,0.00776359436999949,33,20,TRUE,-0.000619901584931526
"Construction",2014-12-31,3,1,0.0130151255825753,33,5,TRUE,-0.0170090243189662
"Construction",2015-03-31,3,1,0.00894332488409159,33,5,TRUE,-0.00530943948553997
"Construction",2015-06-30,3,1,0.0112307967717782,33,3,TRUE,0.0209819845460189
"Construction",2015-09-30,3,1,0.0101156637173792,33,4,TRUE,0.0115194109871428
"Construction",2015-12-31,3,1,0.0128103902010406,33,4,TRUE,0.032079368271992
"Construction",2016-03-31,3,1,0.0123910413107541,33,3,TRUE,0.0187855153946899
"Construction",2016-06-30,3,1,0.0116495053282001,33,3,TRUE,-0.00501930687227414
"Construction",2016-09-30,3,1,0.00902001669455062,33,4,TRUE,-0.00562759321653061
"Construction",2016-12-31,3,1,0.0174221616703199,33,6,TRUE,-0.0052620417260254
"Construction",2017-03-31,3,1,0.00652763496224443,33,7,TRUE,0.0132064022878779
"Construction",2017-06-30,3,1,0.0115960071304937,33,5,TRUE,0.000867405836450175
"Construction",2017-09-30,3,1,0.0105725147701878,33,5,TRUE,0.017936616006887
"Construction",2017-12-31,3,1,0.0115995067947561,33,4,TRUE,-0.00784029652175278
"Construction",2018-03-31,3,1,0.00939333432069634,33,3,TRUE,0.026272471549829
"Construction",2018-06-30,3,1,0.0110389345815816,33,4,TRUE,0.00736116363280281
"Construction",2018-09-30,3,1,0.0109839890208255,33,5,TRUE,-0.0192666965708348
"Construction",2018-12-31,3,1,0.0104900278265568,33,3,TRUE,-0.0524286380169254
"Construction",2019-03-31,3,1,0.00877618956219775,33,5,TRUE,0.0166559720067418
"Construction",2019-06-30,3,1,0.0100461860494173,33,3,TRUE,0.0481920910731386
"Construction",2019-09-30,3,1,0.0103079867649917,33,5,TRUE,0.0125910845192418
"Construction",2019-12-31,3,1,0.00960460507577585,33,3,TRUE,-0.0273069523615579
"Construction",2020-03-31,3,1,0.00844809151909927,33,5,TRUE,0.000213553084455143
"Construction",2020-06-30,3,1,0.0098493868840468,33,4,TRUE,-0.102776372819593
"Construction",2020-09-30,3,1,0.0158543906385816,33,7,TRUE,0.0356201479127147
"Construction",2020-12-31,3,1,0.0110027520391323,33,3,TRUE,0.072642691639901
"Construction",2021-03-31,3,1,0.00890360426079805,33,3,TRUE,-0.00494022963371066
"Construction",2021-06-30,3,1,0.00909071601297795,33,3,TRUE,-0.00250132109599832
"Construction",2021-09-30,3,1,0.00742650963710677,33,3,TRUE,0.0107028535882208
"Construction",2021-12-31,3,1,0.0117752721380747,33,2,TRUE,0.00772099252970015
"Construction",2022-03-31,3,1,0.00651173342080752,33,3,TRUE,-0.026866287683136
"Construction",2022-06-30,3,1,0.00394433132137529,33,3,TRUE,-0.0038148328637746
"Construction",2022-09-30,3,1,0.00363019243325481,33,4,TRUE,-0.0309753266623467
"Construction",2022-12-31,3,1,0.0142301135602774,33,3,TRUE,-0.0138810252956052
"Construction",2023-03-31,3,1,0.00702061776344756,33,3,TRUE,0.0264176726138974
"Construction",2023-06-30,3,1,0.00320114519373746,33,3,TRUE,0.00252741405244095
"Construction",2023-09-30,3,1,-0.00328421762441184,33,3,TRUE,0.00248876146185317
"Construction",2023-12-31,3,1,0.00122069426310863,33,3,TRUE,0.00486264809430104
"Construction",2024-03-31,3,1,0.00782547690669681,33,3,TRUE,0.0243786805323758
"Construction",2024-06-30,3,1,0.00490374583384805,33,3,TRUE,0.0131434129712957
"Construction",2024-09-30,3,1,0.0108077760791395,33,33,TRUE,0.0334036782533733
"Construction",2024-12-31,3,1,0.00736973546288959,33,3,TRUE,0.00587796447580935
"Construction",2025-03-31,3,1,0.00774985597372523,33,3,TRUE,0.0164348782556303
"Construction",2025-06-30,3,1,0.00924931069316593,33,3,TRUE,0.0173260458459641
"Construction",2025-09-30,3,1,0.0114999470465861,33,4,TRUE,0.0230301767543057
"Construction",2025-12-31,3,1,0.00837455318829156,33,2,TRUE,-0.000376710311417838
"Construction",2026-03-31,3,1,0.00561054438427338,33,2,TRUE,-0.0250954841631064
"Construction",2014-06-30,1,2,0.0117808334953619,33,40,FALSE,0.00447736474689187
"Construction",2014-09-30,1,2,0.0110690223600923,33,31,TRUE,-0.000619901584931526
"Construction",2014-12-31,1,2,0.0119225264800639,33,5,TRUE,-0.0170090243189662
"Construction",2015-03-31,1,2,0.0104099011909702,33,3,TRUE,-0.00530943948553997
"Construction",2015-06-30,1,2,0.0111691564256102,33,3,TRUE,0.0209819845460189
"Construction",2015-09-30,1,2,0.0120070860708373,33,6,TRUE,0.0115194109871428
"Construction",2015-12-31,1,2,0.0112768993729644,33,3,TRUE,0.032079368271992
"Construction",2016-03-31,1,2,0.0119654832447036,33,3,TRUE,0.0187855153946899
"Construction",2016-06-30,1,2,0.0118294494494717,33,2,TRUE,-0.00501930687227414
"Construction",2016-09-30,1,2,0.010912957861156,33,2,TRUE,-0.00562759321653061
"Construction",2016-12-31,1,2,0.0144854019908596,33,3,TRUE,-0.0052620417260254
"Construction",2017-03-31,1,2,0.00813716788395247,33,3,TRUE,0.0132064022878779
"Construction",2017-06-30,1,2,0.012041204230644,33,3,TRUE,0.000867405836450175
"Construction",2017-09-30,1,2,0.0103893686813711,33,3,TRUE,0.017936616006887
"Construction",2017-12-31,1,2,0.0101969281884777,33,3,TRUE,-0.00784029652175278
"Construction",2018-03-31,1,2,0.0102751908742187,33,2,TRUE,0.026272471549829
"Construction",2018-06-30,1,2,0.0112674691597924,33,2,TRUE,0.00736116363280281
"Construction",2018-09-30,1,2,0.0108907040108892,33,2,TRUE,-0.0192666965708348
"Construction",2018-12-31,1,2,0.0102486242965941,33,2,TRUE,-0.0524286380169254
"Construction",2019-03-31,1,2,0.00907191853483027,33,2,TRUE,0.0166559720067418
"Construction",2019-06-30,1,2,0.0106984582526233,33,2,TRUE,0.0481920910731386
"Construction",2019-09-30,1,2,0.010191619851636,33,3,TRUE,0.0125910845192418
"Construction",2019-12-31,1,2,0.00929724836681168,33,2,TRUE,-0.0273069523615579
"Construction",2020-03-31,1,2,0.00964128549619967,33,3,TRUE,0.000213553084455143
"Construction",2020-06-30,1,2,0.0108825959958124,33,3,TRUE,-0.102776372819593
"Construction",2020-09-30,1,2,0.0089958757473605,33,3,TRUE,0.0356201479127147
"Construction",2020-12-31,1,2,0.00891555319575289,33,2,TRUE,0.072642691639901
"Construction",2021-03-31,1,2,0.00967847198699014,33,2,TRUE,-0.00494022963371066
"Construction",2021-06-30,1,2,0.00963992806492217,33,2,TRUE,-0.00250132109599832
"Construction",2021-09-30,1,2,0.0091150116767425,33,2,TRUE,0.0107028535882208
"Construction",2021-12-31,1,2,0.00880391000410778,33,2,TRUE,0.00772099252970015
"Construction",2022-03-31,1,2,0.00921506692155136,33,2,TRUE,-0.026866287683136
"Construction",2022-06-30,1,2,0.00888475092082043,33,2,TRUE,-0.0038148328637746
"Construction",2022-09-30,1,2,0.00840509717132508,33,2,TRUE,-0.0309753266623467
"Construction",2022-12-31,1,2,0.00837741728264667,33,3,TRUE,-0.0138810252956052
"Construction",2023-03-31,1,2,0.00740207611037631,33,40,FALSE,0.0264176726138974
"Construction",2023-06-30,1,2,0.00836588614190258,33,10,TRUE,0.00252741405244095
"Construction",2023-09-30,1,2,0.00738033601430443,33,3,TRUE,0.00248876146185317
"Construction",2023-12-31,1,2,0.00828281630582966,33,3,TRUE,0.00486264809430104
"Construction",2024-03-31,1,2,0.00795138298534177,33,2,TRUE,0.0243786805323758
"Construction",2024-06-30,1,2,0.00843271284335484,33,3,TRUE,0.0131434129712957
"Construction",2024-09-30,1,2,0.0077756253418436,33,3,TRUE,0.0334036782533733
"Construction",2024-12-31,1,2,0.00830992205040179,33,2,TRUE,0.00587796447580935
"Construction",2025-03-31,1,2,0.00843297698414336,33,2,TRUE,0.0164348782556303
"Construction",2025-06-30,1,2,0.00899271492128435,33,2,TRUE,0.0173260458459641
"Construction",2025-09-30,1,2,0.00834547625178658,33,3,TRUE,0.0230301767543057
"Construction",2025-12-31,1,2,0.00885999279505582,33,2,TRUE,-0.000376710311417838
"Construction",2026-03-31,1,2,0.00876812018679851,33,2,TRUE,-0.0250954841631064
"Construction",2014-06-30,2,2,0.0139736590934001,33,40,FALSE,0.00447736474689187
"Construction",2014-09-30,2,2,0.0079514940478598,33,40,FALSE,-0.000619901584931526
"Construction",2014-12-31,2,2,0.0129185526021304,33,40,FALSE,-0.0170090243189662
"Construction",2015-03-31,2,2,0.0101578173777232,33,30,TRUE,-0.00530943948553997
"Construction",2015-06-30,2,2,0.0126965227543987,33,4,TRUE,0.0209819845460189
"Construction",2015-09-30,2,2,0.00825095443387555,33,5,TRUE,0.0115194109871428
"Construction",2015-12-31,2,2,0.0132546746167548,33,4,TRUE,0.032079368271992
"Construction",2016-03-31,2,2,0.0115257820682765,33,3,TRUE,0.0187855153946899
"Construction",2016-06-30,2,2,0.0114336377748741,33,3,TRUE,-0.00501930687227414
"Construction",2016-09-30,2,2,0.00931042825242335,33,3,TRUE,-0.00562759321653061
"Construction",2016-12-31,2,2,0.0157076687945877,33,4,TRUE,-0.0052620417260254
"Construction",2017-03-31,2,2,0.00849583361111833,33,4,TRUE,0.0132064022878779
"Construction",2017-06-30,2,2,0.0104679645880907,33,4,TRUE,0.000867405836450175
"Construction",2017-09-30,2,2,0.0115791868731897,33,4,TRUE,0.017936616006887
"Construction",2017-12-31,2,2,0.0117426875478735,33,3,TRUE,-0.00784029652175278
"Construction",2018-03-31,2,2,0.0093784874407888,33,3,TRUE,0.026272471549829
"Construction",2018-06-30,2,2,0.0107845956687398,33,3,TRUE,0.00736116363280281
"Construction",2018-09-30,2,2,0.0113403344094372,33,4,TRUE,-0.0192666965708348
"Construction",2018-12-31,2,2,0.0105941839887126,33,5,TRUE,-0.0524286380169254
"Construction",2019-03-31,2,2,0.00907088019865044,33,5,TRUE,0.0166559720067418
"Construction",2019-06-30,2,2,0.00953195704085581,33,4,TRUE,0.0481920910731386
"Construction",2019-09-30,2,2,0.010786598394386,33,5,TRUE,0.0125910845192418
"Construction",2019-12-31,2,2,0.00961033794297352,33,4,TRUE,-0.0273069523615579
"Construction",2020-03-31,2,2,0.00665010815466164,33,10,TRUE,0.000213553084455143
"Construction",2020-06-30,2,2,0.00829425632606854,33,5,TRUE,-0.102776372819593
"Construction",2020-09-30,2,2,0.0186517360826143,33,27,TRUE,0.0356201479127147
"Construction",2020-12-31,2,2,0.0093689086637051,33,3,TRUE,0.072642691639901
"Construction",2021-03-31,2,2,0.00522182840902642,33,5,TRUE,-0.00494022963371066
"Construction",2021-06-30,2,2,0.00957920271371732,33,2,TRUE,-0.00250132109599832
"Construction",2021-09-30,2,2,0.00483349907592144,33,3,TRUE,0.0107028535882208
"Construction",2021-12-31,2,2,0.0138088496154204,33,2,TRUE,0.00772099252970015
"Construction",2022-03-31,2,2,0.00585575138905815,33,2,TRUE,-0.026866287683136
"Construction",2022-06-30,2,2,0.00308129271741958,33,2,TRUE,-0.0038148328637746
"Construction",2022-09-30,2,2,0.00161093315374973,33,4,TRUE,-0.0309753266623467
"Construction",2022-12-31,2,2,0.0214142740413005,33,3,TRUE,-0.0138810252956052
"Construction",2023-03-31,2,2,0.00685297535276135,33,3,TRUE,0.0264176726138974
"Construction",2023-06-30,2,2,0.00725579004642098,33,3,TRUE,0.00252741405244095
"Construction",2023-09-30,2,2,0.00180570372683036,33,3,TRUE,0.00248876146185317
"Construction",2023-12-31,2,2,-0.000155184897348832,33,3,TRUE,0.00486264809430104
"Construction",2024-03-31,2,2,0.0073087334515329,33,2,TRUE,0.0243786805323758
"Construction",2024-06-30,2,2,0.00561886684353078,33,3,TRUE,0.0131434129712957
"Construction",2024-09-30,2,2,0.0148993102705231,33,3,TRUE,0.0334036782533733
"Construction",2024-12-31,2,2,0.00743585021358346,33,2,TRUE,0.00587796447580935
"Construction",2025-03-31,2,2,0.00612904243269859,33,2,TRUE,0.0164348782556303
"Construction",2025-06-30,2,2,0.0109766101501279,33,3,TRUE,0.0173260458459641
"Construction",2025-09-30,2,2,0.012220364050507,33,3,TRUE,0.0230301767543057
"Construction",2025-12-31,2,2,0.00795846641639166,33,2,TRUE,-0.000376710311417838
"Construction",2026-03-31,2,2,0.00216554053157448,33,2,TRUE,-0.0250954841631064
"Construction",2014-06-30,3,2,0.0139221550974582,33,40,FALSE,0.00447736474689187
"Construction",2014-09-30,3,2,0.00688467516374794,33,22,TRUE,-0.000619901584931526
"Construction",2014-12-31,3,2,0.0132880456789897,33,6,TRUE,-0.0170090243189662
"Construction",2015-03-31,3,2,0.00884544064097575,33,5,TRUE,-0.00530943948553997
"Construction",2015-06-30,3,2,0.0119589062015067,33,4,TRUE,0.0209819845460189
"Construction",2015-09-30,3,2,0.00937103977785657,33,4,TRUE,0.0115194109871428
"Construction",2015-12-31,3,2,0.0132906696661684,33,4,TRUE,0.032079368271992
"Construction",2016-03-31,3,2,0.0122115767102182,33,3,TRUE,0.0187855153946899
"Construction",2016-06-30,3,2,0.0118494089478311,33,3,TRUE,-0.00501930687227414
"Construction",2016-09-30,3,2,0.00888549839289291,33,3,TRUE,-0.00562759321653061
"Construction",2016-12-31,3,2,0.0177874749164739,33,4,TRUE,-0.0052620417260254
"Construction",2017-03-31,3,2,0.00592074518764739,33,5,TRUE,0.0132064022878779
"Construction",2017-06-30,3,2,0.0122110196819178,33,6,TRUE,0.000867405836450175
"Construction",2017-09-30,3,2,0.0104497957834758,33,5,TRUE,0.017936616006887
"Construction",2017-12-31,3,2,0.0108795047968105,33,4,TRUE,-0.00784029652175278
"Construction",2018-03-31,3,2,0.00926551274247961,33,3,TRUE,0.026272471549829
"Construction",2018-06-30,3,2,0.011463223764296,33,5,TRUE,0.00736116363280281
"Construction",2018-09-30,3,2,0.0110195324576845,33,5,TRUE,-0.0192666965708348
"Construction",2018-12-31,3,2,0.0103134964636797,33,4,TRUE,-0.0524286380169254
"Construction",2019-03-31,3,2,0.00870063025414712,33,4,TRUE,0.0166559720067418
"Construction",2019-06-30,3,2,0.0105465154541424,33,3,TRUE,0.0481920910731386
"Construction",2019-09-30,3,2,0.0101257899408269,33,5,TRUE,0.0125910845192418
"Construction",2019-12-31,3,2,0.00957514428220382,33,3,TRUE,-0.0273069523615579
"Construction",2020-03-31,3,2,0.00860076886553709,33,5,TRUE,0.000213553084455143
"Construction",2020-06-30,3,2,0.00886649214359983,33,4,TRUE,-0.102776372819593
"Construction",2020-09-30,3,2,0.0161309212859196,33,7,TRUE,0.0356201479127147
"Construction",2020-12-31,3,2,0.00997908941752984,33,3,TRUE,0.072642691639901
"Construction",2021-03-31,3,2,0.00777479304118649,33,4,TRUE,-0.00494022963371066
"Construction",2021-06-30,3,2,0.00946684403905353,33,3,TRUE,-0.00250132109599832
"Construction",2021-09-30,3,2,0.00725483932234333,33,4,TRUE,0.0107028535882208
"Construction",2021-12-31,3,2,0.0117014001427673,33,2,TRUE,0.00772099252970015
"Construction",2022-03-31,3,2,0.00707837312234321,33,3,TRUE,-0.026866287683136
"Construction",2022-06-30,3,2,0.00497128859558251,33,3,TRUE,-0.0038148328637746
"Construction",2022-09-30,3,2,0.00411188065369062,33,4,TRUE,-0.0309753266623467
"Construction",2022-12-31,3,2,0.0142197800533958,33,3,TRUE,-0.0138810252956052
"Construction",2023-03-31,3,2,0.00822368173459225,33,3,TRUE,0.0264176726138974
"Construction",2023-06-30,3,2,0.00769487262766753,33,3,TRUE,0.00252741405244095
"Construction",2023-09-30,3,2,0.0043442930211965,33,3,TRUE,0.00248876146185317
"Construction",2023-12-31,3,2,0.00243530818522193,33,4,TRUE,0.00486264809430104
"Construction",2024-03-31,3,2,0.00615158526608959,33,39,TRUE,0.0243786805323758
"Construction",2024-06-30,3,2,0.00541704388910804,33,3,TRUE,0.0131434129712957
"Construction",2024-09-30,3,2,0.0150693202970844,33,4,TRUE,0.0334036782533733
"Construction",2024-12-31,3,2,0.000411908705191257,33,2,TRUE,0.00587796447580935
"Construction",2025-03-31,3,2,0.00830074285074959,33,2,TRUE,0.0164348782556303
"Construction",2025-06-30,3,2,0.0099583833610081,33,3,TRUE,0.0173260458459641
"Construction",2025-09-30,3,2,0.010849830019114,33,4,TRUE,0.0230301767543057
"Construction",2025-12-31,3,2,0.00283419605790201,33,2,TRUE,-0.000376710311417838
"Construction",2026-03-31,3,2,0.00630758301168955,33,2,TRUE,-0.0250954841631064
"Commerce",2014-06-30,1,1,0.0142548393601389,18,40,FALSE,0.00951978546845211
"Commerce",2014-09-30,1,1,0.0110868057160902,18,6,TRUE,-0.0115603603846139
"Commerce",2014-12-31,1,1,0.01353144628936,18,6,TRUE,-0.0494865182085977
"Commerce",2015-03-31,1,1,0.00609412129804047,18,8,TRUE,0.0315083401930245
"Commerce",2015-06-30,1,1,0.00660587914918557,18,5,TRUE,0.0159370922398132
"Commerce",2015-09-30,1,1,0.0065761721393114,18,16,TRUE,-0.0019131817420277
"Commerce",2015-12-31,1,1,0.00620621494577403,18,4,TRUE,0.00735412998310103
"Commerce",2016-03-31,1,1,0.00564554468809314,18,6,TRUE,-0.0158055279342868
"Commerce",2016-06-30,1,1,0.00599253628825906,18,3,TRUE,0.0133516373977667
"Commerce",2016-09-30,1,1,0.00647546096412882,18,3,TRUE,0.0267524972525734
"Commerce",2016-12-31,1,1,0.00693830287246717,18,3,TRUE,0.0309847865136277
"Commerce",2017-03-31,1,1,0.00805705092263272,18,3,TRUE,0.00917546195855401
"Commerce",2017-06-30,1,1,0.00773194812521954,18,3,TRUE,-0.00349218376741867
"Commerce",2017-09-30,1,1,0.00703346040497897,18,3,TRUE,-0.0111426180419461
"Commerce",2017-12-31,1,1,0.00680264654407352,18,3,TRUE,0.0160473615406325
"Commerce",2018-03-31,1,1,0.00741986733421294,18,3,TRUE,-0.0230462931639384
"Commerce",2018-06-30,1,1,0.00689355204392191,18,3,TRUE,0.00870212621648037
"Commerce",2018-09-30,1,1,0.00693184991253773,18,5,TRUE,0.00962442845128741
"Commerce",2018-12-31,1,1,0.00505525472038821,21,40,FALSE,0.0165859648209938
"Commerce",2019-03-31,1,1,0.00674614366606252,21,18,TRUE,-0.0198319410856413
"Commerce",2019-06-30,1,1,0.00652081273146298,21,4,TRUE,0.0339504681612155
"Commerce",2019-09-30,1,1,0.00691781471225311,21,4,TRUE,-0.00535962123528755
"Commerce",2019-12-31,1,1,0.00635096669853432,21,3,TRUE,-0.0070521019456713
"Commerce",2020-03-31,1,1,0.0070655685449891,21,13,TRUE,-0.0169610578868529
"Commerce",2020-06-30,1,1,0.00666392940364509,21,3,TRUE,-0.150671734390357
"Commerce",2020-09-30,1,1,0.00470891141126187,21,3,TRUE,0.108126994394249
"Commerce",2020-12-31,1,1,0.00596465346320751,21,3,TRUE,0.020045836468638
"Commerce",2021-03-31,1,1,0.00618509799602926,21,3,TRUE,0.0273111173838672
"Commerce",2021-06-30,1,1,0.00656868631139863,21,3,TRUE,0.00987582878233084
"Commerce",2021-09-30,1,1,0.00666252176827606,21,3,TRUE,0.0199199534821144
"Commerce",2021-12-31,1,1,0.00709917189446867,21,3,TRUE,0.0158034521479156
"Commerce",2022-03-31,1,1,0.00757021456835142,21,3,TRUE,-0.0348034749137724
"Commerce",2022-06-30,1,1,0.00705614107918947,21,4,TRUE,0.007272295596783
"Commerce",2022-09-30,1,1,0.00644982656331849,21,3,TRUE,-0.00708032889736465
"Commerce",2022-12-31,1,1,0.00632178352045008,21,5,TRUE,0.0110248570649674
"Commerce",2023-03-31,1,1,0.00654780933028688,21,5,TRUE,0.0160767305589786
"Commerce",2023-06-30,1,1,0.00634279771445994,21,3,TRUE,0.00646517716538497
"Commerce",2023-09-30,1,1,0.00588845372403802,21,3,TRUE,0.00237756549880963
"Commerce",2023-12-31,1,1,0.00565728521012838,21,3,TRUE,0.00844315463132972
"Commerce",2024-03-31,1,1,0.00637504239077374,21,3,TRUE,0.0184637520602795
"Commerce",2024-06-30,1,1,0.00628440743306803,21,3,TRUE,0.000290896215341618
"Commerce",2024-09-30,1,1,0.00614487803643961,21,3,TRUE,0.0154439711545749
"Commerce",2024-12-31,1,1,0.00669544032636567,21,3,TRUE,0.00571468262867647
"Commerce",2025-03-31,1,1,0.00637128914864296,21,2,TRUE,0.0248772545888567
"Commerce",2025-06-30,1,1,0.00651701512920463,21,2,TRUE,0.00124917416875725
"Commerce",2025-09-30,1,1,0.00638505126033106,21,3,TRUE,0.00388237799968039
"Commerce",2025-12-31,1,1,0.00645043260182017,21,3,TRUE,0.00474667366104242
"Commerce",2026-03-31,1,1,0.0064826160765565,21,3,TRUE,0.030304457095939
"Commerce",2014-06-30,2,1,0.0148774472371141,18,35,TRUE,0.00951978546845211
"Commerce",2014-09-30,2,1,0.0042820730567122,18,8,TRUE,-0.0115603603846139
"Commerce",2014-12-31,2,1,0.0116759186188712,18,9,TRUE,-0.0494865182085977
"Commerce",2015-03-31,2,1,-0.0138856623600902,18,10,TRUE,0.0315083401930245
"Commerce",2015-06-30,2,1,-0.00334923660276263,18,7,TRUE,0.0159370922398132
"Commerce",2015-09-30,2,1,0.00384530179719966,18,4,TRUE,-0.0019131817420277
"Commerce",2015-12-31,2,1,0.0055751684731841,18,4,TRUE,0.00735412998310103
"Commerce",2016-03-31,2,1,0.00942972257078537,18,5,TRUE,-0.0158055279342868
"Commerce",2016-06-30,2,1,0.00915626305549558,18,5,TRUE,0.0133516373977667
"Commerce",2016-09-30,2,1,0.00323642075295383,18,5,TRUE,0.0267524972525734
"Commerce",2016-12-31,2,1,0.00431390282465697,18,3,TRUE,0.0309847865136277
"Commerce",2017-03-31,2,1,0.00604580564020786,18,4,TRUE,0.00917546195855401
"Commerce",2017-06-30,2,1,0.0054941013516608,18,4,TRUE,-0.00349218376741867
"Commerce",2017-09-30,2,1,0.00389613040014301,18,4,TRUE,-0.0111426180419461
"Commerce",2017-12-31,2,1,0.00309315903513019,18,3,TRUE,0.0160473615406325
"Commerce",2018-03-31,2,1,0.00201521782028475,18,3,TRUE,-0.0230462931639384
"Commerce",2018-06-30,2,1,0.000365289288365407,18,4,TRUE,0.00870212621648037
"Commerce",2018-09-30,2,1,-0.00121331659414585,18,5,TRUE,0.00962442845128741
"Commerce",2018-12-31,2,1,0.00785736271174316,21,19,TRUE,0.0165859648209938
"Commerce",2019-03-31,2,1,0.00433292375270767,21,4,TRUE,-0.0198319410856413
"Commerce",2019-06-30,2,1,0.00528003079838614,21,4,TRUE,0.0339504681612155
"Commerce",2019-09-30,2,1,0.00694445248042664,21,4,TRUE,-0.00535962123528755
"Commerce",2019-12-31,2,1,0.00842272531254414,21,4,TRUE,-0.0070521019456713
"Commerce",2020-03-31,2,1,0.0075993452161689,21,3,TRUE,-0.0169610578868529
"Commerce",2020-06-30,2,1,0.00238000259002753,21,5,TRUE,-0.150671734390357
"Commerce",2020-09-30,2,1,-0.00237816669140987,21,6,TRUE,0.108126994394249
"Commerce",2020-12-31,2,1,0.00330608099584438,21,5,TRUE,0.020045836468638
"Commerce",2021-03-31,2,1,0.00632243287282762,21,4,TRUE,0.0273111173838672
"Commerce",2021-06-30,2,1,0.0077109791107337,21,3,TRUE,0.00987582878233084
"Commerce",2021-09-30,2,1,0.00584513135939189,21,4,TRUE,0.0199199534821144
"Commerce",2021-12-31,2,1,0.00977845520599055,21,8,TRUE,0.0158034521479156
"Commerce",2022-03-31,2,1,0.0179877099279398,21,9,TRUE,-0.0348034749137724
"Commerce",2022-06-30,2,1,0.0205109022603009,21,38,TRUE,0.007272295596783
"Commerce",2022-09-30,2,1,0.0173193101681,21,9,TRUE,-0.00708032889736465
"Commerce",2022-12-31,2,1,0.00809981389606372,21,6,TRUE,0.0110248570649674
"Commerce",2023-03-31,2,1,0.00497687297554089,21,5,TRUE,0.0160767305589786
"Commerce",2023-06-30,2,1,0.00142681918151789,21,4,TRUE,0.00646517716538497
"Commerce",2023-09-30,2,1,0.00464653208941477,21,3,TRUE,0.00237756549880963
"Commerce",2023-12-31,2,1,0.00602177008170151,21,3,TRUE,0.00844315463132972
"Commerce",2024-03-31,2,1,0.00474794089258291,21,4,TRUE,0.0184637520602795
"Commerce",2024-06-30,2,1,0.00484640706132196,21,3,TRUE,0.000290896215341618
"Commerce",2024-09-30,2,1,0.00301627326816082,21,4,TRUE,0.0154439711545749
"Commerce",2024-12-31,2,1,0.00160602152407274,21,4,TRUE,0.00571468262867647
"Commerce",2025-03-31,2,1,0.00370200529194558,21,3,TRUE,0.0248772545888567
"Commerce",2025-06-30,2,1,0.00572502806617707,21,2,TRUE,0.00124917416875725
"Commerce",2025-09-30,2,1,0.00421654741425025,21,3,TRUE,0.00388237799968039
"Commerce",2025-12-31,2,1,0.00538575955454948,21,3,TRUE,0.00474667366104242
"Commerce",2026-03-31,2,1,0.00688522987718108,21,3,TRUE,0.030304457095939
"Commerce",2014-06-30,3,1,0.0422088359825527,18,40,FALSE,0.00951978546845211
"Commerce",2014-09-30,3,1,-0.00387321164099501,18,40,FALSE,-0.0115603603846139
"Commerce",2014-12-31,3,1,-0.000832936695366577,18,19,TRUE,-0.0494865182085977
"Commerce",2015-03-31,3,1,-0.0175324721693361,18,17,TRUE,0.0315083401930245
"Commerce",2015-06-30,3,1,0.00513992922032809,18,14,TRUE,0.0159370922398132
"Commerce",2015-09-30,3,1,0.0053833715043979,18,40,FALSE,-0.0019131817420277
"Commerce",2015-12-31,3,1,0.0018063759553616,18,38,TRUE,0.00735412998310103
"Commerce",2016-03-31,3,1,0.000304103515956426,18,11,TRUE,-0.0158055279342868
"Commerce",2016-06-30,3,1,0.00846096445614388,18,7,TRUE,0.0133516373977667
"Commerce",2016-09-30,3,1,0.0114288454627701,18,6,TRUE,0.0267524972525734
"Commerce",2016-12-31,3,1,0.0102870653330088,18,3,TRUE,0.0309847865136277
"Commerce",2017-03-31,3,1,0.00931484746884485,18,18,TRUE,0.00917546195855401
"Commerce",2017-06-30,3,1,0.00695911124741981,18,6,TRUE,-0.00349218376741867
"Commerce",2017-09-30,3,1,0.00574821074808725,18,3,TRUE,-0.0111426180419461
"Commerce",2017-12-31,3,1,0.00868958732238405,18,3,TRUE,0.0160473615406325
"Commerce",2018-03-31,3,1,0.00243167520000002,18,5,TRUE,-0.0230462931639384
"Commerce",2018-06-30,3,1,0.00686245106951231,18,5,TRUE,0.00870212621648037
"Commerce",2018-09-30,3,1,0.00703168871571456,18,6,TRUE,0.00962442845128741
"Commerce",2018-12-31,3,1,0.00804608866854203,21,40,TRUE,0.0165859648209938
"Commerce",2019-03-31,3,1,0.00400247112104124,21,7,TRUE,-0.0198319410856413
"Commerce",2019-06-30,3,1,0.00530981958897886,21,9,TRUE,0.0339504681612155
"Commerce",2019-09-30,3,1,0.0062880091153816,21,5,TRUE,-0.00535962123528755
"Commerce",2019-12-31,3,1,0.00773829483145686,21,5,TRUE,-0.0070521019456713
"Commerce",2020-03-31,3,1,0.00969480376668565,21,7,TRUE,-0.0169610578868529
"Commerce",2020-06-30,3,1,0.00173164737365009,21,7,TRUE,-0.150671734390357
"Commerce",2020-09-30,3,1,-0.00344119321866274,21,7,TRUE,0.108126994394249
"Commerce",2020-12-31,3,1,0.00307940301816996,21,5,TRUE,0.020045836468638
"Commerce",2021-03-31,3,1,0.00753465405663679,21,6,TRUE,0.0273111173838672
"Commerce",2021-06-30,3,1,0.00853818280161508,21,5,TRUE,0.00987582878233084
"Commerce",2021-09-30,3,1,0.00567817315406407,21,4,TRUE,0.0199199534821144
"Commerce",2021-12-31,3,1,0.0123891462270052,21,9,TRUE,0.0158034521479156
"Commerce",2022-03-31,3,1,0.024857639053089,21,9,TRUE,-0.0348034749137724
"Commerce",2022-06-30,3,1,0.0251886659615913,21,19,TRUE,0.007272295596783
"Commerce",2022-09-30,3,1,0.0194048022305416,21,9,TRUE,-0.00708032889736465
"Commerce",2022-12-31,3,1,0.00814313543345576,21,6,TRUE,0.0110248570649674
"Commerce",2023-03-31,3,1,0.00527637721109047,21,8,TRUE,0.0160767305589786
"Commerce",2023-06-30,3,1,0.00041585566658204,21,6,TRUE,0.00646517716538497
"Commerce",2023-09-30,3,1,0.00476930066390808,21,4,TRUE,0.00237756549880963
"Commerce",2023-12-31,3,1,0.00632474654832626,21,4,TRUE,0.00844315463132972
"Commerce",2024-03-31,3,1,0.005103579181287,21,4,TRUE,0.0184637520602795
"Commerce",2024-06-30,3,1,0.00486463307582401,21,4,TRUE,0.000290896215341618
"Commerce",2024-09-30,3,1,0.00268160897841297,21,4,TRUE,0.0154439711545749
"Commerce",2024-12-31,3,1,-0.000613236799354516,21,6,TRUE,0.00571468262867647
"Commerce",2025-03-31,3,1,0.00342550847650466,21,3,TRUE,0.0248772545888567
"Commerce",2025-06-30,3,1,0.00535378947839657,21,3,TRUE,0.00124917416875725
"Commerce",2025-09-30,3,1,0.00535317095145688,21,3,TRUE,0.00388237799968039
"Commerce",2025-12-31,3,1,0.00570200680083685,21,3,TRUE,0.00474667366104242
"Commerce",2026-03-31,3,1,0.00695268099604457,21,3,TRUE,0.030304457095939
"Commerce",2014-06-30,1,2,0.00863549739525088,18,40,FALSE,0.00951978546845211
"Commerce",2014-09-30,1,2,0.00855028406475514,18,6,TRUE,-0.0115603603846139
"Commerce",2014-12-31,1,2,0.0085034101405264,18,9,TRUE,-0.0494865182085977
"Commerce",2015-03-31,1,2,0.00721665357655607,18,5,TRUE,0.0315083401930245
"Commerce",2015-06-30,1,2,0.00767472763463817,18,5,TRUE,0.0159370922398132
"Commerce",2015-09-30,1,2,0.00652724597995993,18,3,TRUE,-0.0019131817420277
"Commerce",2015-12-31,1,2,0.00620669390326147,18,4,TRUE,0.00735412998310103
"Commerce",2016-03-31,1,2,0.00573882124899616,18,6,TRUE,-0.0158055279342868
"Commerce",2016-06-30,1,2,0.00606283363620981,18,3,TRUE,0.0133516373977667
"Commerce",2016-09-30,1,2,0.00650818809653712,18,4,TRUE,0.0267524972525734
"Commerce",2016-12-31,1,2,0.00695276938629896,18,3,TRUE,0.0309847865136277
"Commerce",2017-03-31,1,2,0.00804678261905325,18,3,TRUE,0.00917546195855401
"Commerce",2017-06-30,1,2,0.00773134231519275,18,3,TRUE,-0.00349218376741867
"Commerce",2017-09-30,1,2,0.00702561636886488,18,3,TRUE,-0.0111426180419461
"Commerce",2017-12-31,1,2,0.0067882144474552,18,3,TRUE,0.0160473615406325
"Commerce",2018-03-31,1,2,0.00742232649283288,18,3,TRUE,-0.0230462931639384
"Commerce",2018-06-30,1,2,0.00688892191533762,18,3,TRUE,0.00870212621648037
"Commerce",2018-09-30,1,2,0.00692859673924966,18,5,TRUE,0.00962442845128741
"Commerce",2018-12-31,1,2,0.00501701325361806,21,40,FALSE,0.0165859648209938
"Commerce",2019-03-31,1,2,0.00670174203020125,21,18,TRUE,-0.0198319410856413
"Commerce",2019-06-30,1,2,0.00648515578303582,21,3,TRUE,0.0339504681612155
"Commerce",2019-09-30,1,2,0.00685831840734522,21,3,TRUE,-0.00535962123528755
"Commerce",2019-12-31,1,2,0.00617055499270734,21,3,TRUE,-0.0070521019456713
"Commerce",2020-03-31,1,2,0.00644068913280976,21,9,TRUE,-0.0169610578868529
"Commerce",2020-06-30,1,2,0.00645954082119868,21,6,TRUE,-0.150671734390357
"Commerce",2020-09-30,1,2,0.00455647541972316,21,3,TRUE,0.108126994394249
"Commerce",2020-12-31,1,2,0.00603894825027138,21,4,TRUE,0.020045836468638
"Commerce",2021-03-31,1,2,0.00630493833069251,21,4,TRUE,0.0273111173838672
"Commerce",2021-06-30,1,2,0.00661650421442716,21,3,TRUE,0.00987582878233084
"Commerce",2021-09-30,1,2,0.00667946685586804,21,3,TRUE,0.0199199534821144
"Commerce",2021-12-31,1,2,0.00709257104806623,21,3,TRUE,0.0158034521479156
"Commerce",2022-03-31,1,2,0.00753574336369872,21,3,TRUE,-0.0348034749137724
"Commerce",2022-06-30,1,2,0.00697555844125837,21,4,TRUE,0.007272295596783
"Commerce",2022-09-30,1,2,0.00642881880620523,21,3,TRUE,-0.00708032889736465
"Commerce",2022-12-31,1,2,0.00634960546543022,21,5,TRUE,0.0110248570649674
"Commerce",2023-03-31,1,2,0.00677248474050695,21,4,TRUE,0.0160767305589786
"Commerce",2023-06-30,1,2,0.00640670046964985,21,3,TRUE,0.00646517716538497
"Commerce",2023-09-30,1,2,0.00572773782839419,21,3,TRUE,0.00237756549880963
"Commerce",2023-12-31,1,2,0.00541029984146698,21,3,TRUE,0.00844315463132972
"Commerce",2024-03-31,1,2,0.00646351456977522,21,3,TRUE,0.0184637520602795
"Commerce",2024-06-30,1,2,0.00627045726123631,21,3,TRUE,0.000290896215341618
"Commerce",2024-09-30,1,2,0.00609503394064284,21,3,TRUE,0.0154439711545749
"Commerce",2024-12-31,1,2,0.00689658871381209,21,3,TRUE,0.00571468262867647
"Commerce",2025-03-31,1,2,0.00646282231883984,21,2,TRUE,0.0248772545888567
"Commerce",2025-06-30,1,2,0.00657095868817125,21,2,TRUE,0.00124917416875725
"Commerce",2025-09-30,1,2,0.00628906220279202,21,3,TRUE,0.00388237799968039
"Commerce",2025-12-31,1,2,0.00640870352232415,21,3,TRUE,0.00474667366104242
"Commerce",2026-03-31,1,2,0.00653987291055867,21,3,TRUE,0.030304457095939
"Commerce",2014-06-30,2,2,0.0146062674706722,18,40,FALSE,0.00951978546845211
"Commerce",2014-09-30,2,2,0.00344141488725469,18,16,TRUE,-0.0115603603846139
"Commerce",2014-12-31,2,2,0.0112404525816578,18,13,TRUE,-0.0494865182085977
"Commerce",2015-03-31,2,2,-0.013503872701896,18,11,TRUE,0.0315083401930245
"Commerce",2015-06-30,2,2,-0.00276034447804633,18,7,TRUE,0.0159370922398132
"Commerce",2015-09-30,2,2,0.00403748647854626,18,5,TRUE,-0.0019131817420277
"Commerce",2015-12-31,2,2,0.00563187683112271,18,4,TRUE,0.00735412998310103
"Commerce",2016-03-31,2,2,0.0093249685200864,18,11,TRUE,-0.0158055279342868
"Commerce",2016-06-30,2,2,0.00885795676402668,18,10,TRUE,0.0133516373977667
"Commerce",2016-09-30,2,2,0.00321226445377076,18,5,TRUE,0.0267524972525734
"Commerce",2016-12-31,2,2,0.00430502361548892,18,4,TRUE,0.0309847865136277
"Commerce",2017-03-31,2,2,0.00617740277062537,18,4,TRUE,0.00917546195855401
"Commerce",2017-06-30,2,2,0.00563550675455497,18,5,TRUE,-0.00349218376741867
"Commerce",2017-09-30,2,2,0.00377599514258181,18,4,TRUE,-0.0111426180419461
"Commerce",2017-12-31,2,2,0.00302589319136541,18,3,TRUE,0.0160473615406325
"Commerce",2018-03-31,2,2,0.00211267608596418,18,3,TRUE,-0.0230462931639384
"Commerce",2018-06-30,2,2,0.000550627979286958,18,4,TRUE,0.00870212621648037
"Commerce",2018-09-30,2,2,-0.000957528209830205,18,5,TRUE,0.00962442845128741
"Commerce",2018-12-31,2,2,0.00772844272833886,21,23,TRUE,0.0165859648209938
"Commerce",2019-03-31,2,2,0.00433557748981677,21,5,TRUE,-0.0198319410856413
"Commerce",2019-06-30,2,2,0.00534126717435244,21,4,TRUE,0.0339504681612155
"Commerce",2019-09-30,2,2,0.00690984179222057,21,4,TRUE,-0.00535962123528755
"Commerce",2019-12-31,2,2,0.00823821725282871,21,4,TRUE,-0.0070521019456713
"Commerce",2020-03-31,2,2,0.00749406711939904,21,3,TRUE,-0.0169610578868529
"Commerce",2020-06-30,2,2,0.00254816656695276,21,5,TRUE,-0.150671734390357
"Commerce",2020-09-30,2,2,-0.00229243727891735,21,8,TRUE,0.108126994394249
"Commerce",2020-12-31,2,2,0.00338192033667376,21,5,TRUE,0.020045836468638
"Commerce",2021-03-31,2,2,0.00651905284524598,21,5,TRUE,0.0273111173838672
"Commerce",2021-06-30,2,2,0.00794098622928847,21,3,TRUE,0.00987582878233084
"Commerce",2021-09-30,2,2,0.00614735011643522,21,4,TRUE,0.0199199534821144
"Commerce",2021-12-31,2,2,0.0101805050654082,21,10,TRUE,0.0158034521479156
"Commerce",2022-03-31,2,2,0.0186938188718663,21,25,TRUE,-0.0348034749137724
"Commerce",2022-06-30,2,2,0.021619079387924,21,32,TRUE,0.007272295596783
"Commerce",2022-09-30,2,2,0.0172449995538591,21,9,TRUE,-0.00708032889736465
"Commerce",2022-12-31,2,2,0.00787075554761532,21,9,TRUE,0.0110248570649674
"Commerce",2023-03-31,2,2,0.0044935959381561,21,9,TRUE,0.0160767305589786
"Commerce",2023-06-30,2,2,0.000960890375032488,21,5,TRUE,0.00646517716538497
"Commerce",2023-09-30,2,2,0.00437745963812863,21,5,TRUE,0.00237756549880963
"Commerce",2023-12-31,2,2,0.00633502519419278,21,4,TRUE,0.00844315463132972
"Commerce",2024-03-31,2,2,0.00451967504784988,21,4,TRUE,0.0184637520602795
"Commerce",2024-06-30,2,2,0.0047922931082745,21,3,TRUE,0.000290896215341618
"Commerce",2024-09-30,2,2,0.00279976023000287,21,5,TRUE,0.0154439711545749
"Commerce",2024-12-31,2,2,0.00095478822024057,21,4,TRUE,0.00571468262867647
"Commerce",2025-03-31,2,2,0.00323903945982589,21,3,TRUE,0.0248772545888567
"Commerce",2025-06-30,2,2,0.00579393760368628,21,2,TRUE,0.00124917416875725
"Commerce",2025-09-30,2,2,0.0041542508124363,21,3,TRUE,0.00388237799968039
"Commerce",2025-12-31,2,2,0.00543859677744412,21,3,TRUE,0.00474667366104242
"Commerce",2026-03-31,2,2,0.00710958197472602,21,3,TRUE,0.030304457095939
"Commerce",2014-06-30,3,2,0.0424580191873619,18,40,FALSE,0.00951978546845211
"Commerce",2014-09-30,3,2,-0.00445824528908191,18,40,FALSE,-0.0115603603846139
"Commerce",2014-12-31,3,2,-0.00129094309520016,18,22,TRUE,-0.0494865182085977
"Commerce",2015-03-31,3,2,-0.0176782154880268,18,25,TRUE,0.0315083401930245
"Commerce",2015-06-30,3,2,0.00525070790847929,18,11,TRUE,0.0159370922398132
"Commerce",2015-09-30,3,2,0.00571542324836413,18,8,TRUE,-0.0019131817420277
"Commerce",2015-12-31,3,2,0.00164661525914698,18,7,TRUE,0.00735412998310103
"Commerce",2016-03-31,3,2,0.000382401230010205,18,8,TRUE,-0.0158055279342868
"Commerce",2016-06-30,3,2,0.00863104240316232,18,8,TRUE,0.0133516373977667
"Commerce",2016-09-30,3,2,0.0112242465893888,18,5,TRUE,0.0267524972525734
"Commerce",2016-12-31,3,2,0.0103039146256078,18,4,TRUE,0.0309847865136277
"Commerce",2017-03-31,3,2,0.00925523658509891,18,3,TRUE,0.00917546195855401
"Commerce",2017-06-30,3,2,0.00695679404720817,18,7,TRUE,-0.00349218376741867
"Commerce",2017-09-30,3,2,0.00572872113563436,18,3,TRUE,-0.0111426180419461
"Commerce",2017-12-31,3,2,0.00868549883159663,18,3,TRUE,0.0160473615406325
"Commerce",2018-03-31,3,2,0.0023473772393376,18,4,TRUE,-0.0230462931639384
"Commerce",2018-06-30,3,2,0.00684936669941413,18,5,TRUE,0.00870212621648037
"Commerce",2018-09-30,3,2,0.00690988124115941,18,6,TRUE,0.00962442845128741
"Commerce",2018-12-31,3,2,0.00762424498410732,21,40,FALSE,0.0165859648209938
"Commerce",2019-03-31,3,2,0.00373149607939185,21,12,TRUE,-0.0198319410856413
"Commerce",2019-06-30,3,2,0.00515115540034138,21,13,TRUE,0.0339504681612155
"Commerce",2019-09-30,3,2,0.00626806913701436,21,6,TRUE,-0.00535962123528755
"Commerce",2019-12-31,3,2,0.00756360661295423,21,5,TRUE,-0.0070521019456713
"Commerce",2020-03-31,3,2,0.00973880233116291,21,7,TRUE,-0.0169610578868529
"Commerce",2020-06-30,3,2,0.00157715936463976,21,8,TRUE,-0.150671734390357
"Commerce",2020-09-30,3,2,-0.0038169943244549,21,9,TRUE,0.108126994394249
"Commerce",2020-12-31,3,2,0.00309549651467537,21,5,TRUE,0.020045836468638
"Commerce",2021-03-31,3,2,0.00767829092870511,21,12,TRUE,0.0273111173838672
"Commerce",2021-06-30,3,2,0.00831101413056604,21,40,FALSE,0.00987582878233084
"Commerce",2021-09-30,3,2,0.00499846635627586,21,30,TRUE,0.0199199534821144
"Commerce",2021-12-31,3,2,0.0102175033442641,21,8,TRUE,0.0158034521479156
"Commerce",2022-03-31,3,2,0.021805492284547,21,10,TRUE,-0.0348034749137724
"Commerce",2022-06-30,3,2,0.0225446316145935,21,14,TRUE,0.007272295596783
"Commerce",2022-09-30,3,2,0.0184616408161047,21,9,TRUE,-0.00708032889736465
"Commerce",2022-12-31,3,2,0.00767396756231713,21,6,TRUE,0.0110248570649674
"Commerce",2023-03-31,3,2,0.00566173643971377,21,7,TRUE,0.0160767305589786
"Commerce",2023-06-30,3,2,0.000825047398665189,21,6,TRUE,0.00646517716538497
"Commerce",2023-09-30,3,2,0.00537107997292855,21,4,TRUE,0.00237756549880963
"Commerce",2023-12-31,3,2,0.0058846543457015,21,4,TRUE,0.00844315463132972
"Commerce",2024-03-31,3,2,0.00605019302657922,21,5,TRUE,0.0184637520602795
"Commerce",2024-06-30,3,2,0.00604363277593216,21,3,TRUE,0.000290896215341618
"Commerce",2024-09-30,3,2,0.00301960566706251,21,4,TRUE,0.0154439711545749
"Commerce",2024-12-31,3,2,0.000208126717513265,21,4,TRUE,0.00571468262867647
"Commerce",2025-03-31,3,2,0.00367416067588611,21,3,TRUE,0.0248772545888567
"Commerce",2025-06-30,3,2,0.00570585131231528,21,3,TRUE,0.00124917416875725
"Commerce",2025-09-30,3,2,0.00554872161088892,21,3,TRUE,0.00388237799968039
"Commerce",2025-12-31,3,2,0.00592463409439339,21,3,TRUE,0.00474667366104242
"Commerce",2026-03-31,3,2,0.00724674146038363,21,3,TRUE,0.030304457095939
"Transports",2014-06-30,1,1,0.0105864058128984,5,40,FALSE,0.028015303409596
"Transports",2014-09-30,1,1,0.0135104098111304,5,40,FALSE,-0.00329148743112206
"Transports",2014-12-31,1,1,0.013569211439052,5,11,TRUE,0.00554226208478248
"Transports",2015-03-31,1,1,0.013064486342802,5,5,TRUE,0.0274647989726873
"Transports",2015-06-30,1,1,0.0099771064089135,5,31,TRUE,0.0238870417103634
"Transports",2015-09-30,1,1,0.0132126222846467,7,40,FALSE,-0.000400525138307017
"Transports",2015-12-31,1,1,0.0136470753568042,7,40,FALSE,0.0136274565391865
"Transports",2016-03-31,1,1,0.0134149884696511,7,10,TRUE,-0.00224188236103728
"Transports",2016-06-30,1,1,0.0110330729510984,7,3,TRUE,-0.0304162214184824
"Transports",2016-09-30,1,1,0.0132057076159302,7,4,TRUE,0.0405851512318183
"Transports",2016-12-31,1,1,0.0132759500055752,7,4,TRUE,-0.000806231998783602
"Transports",2017-03-31,1,1,0.012573680148733,7,15,TRUE,0.00525061131594917
"Transports",2017-06-30,1,1,0.00985793208828411,7,15,TRUE,-0.00885390403460029
"Transports",2017-09-30,1,1,0.0154690343966723,7,7,TRUE,0.00323264375167831
"Transports",2017-12-31,1,1,0.0124556967972223,7,5,TRUE,0.00270040887982859
"Transports",2018-03-31,1,1,0.0131073064464439,7,3,TRUE,-0.00771766276284147
"Transports",2018-06-30,1,1,0.00877785387053049,7,3,TRUE,0.0381116237789918
"Transports",2018-09-30,1,1,0.0128972838124673,7,4,TRUE,-0.0562132165992164
"Transports",2018-12-31,1,1,0.01264580820637,8,40,FALSE,0.0024741177684291
"Transports",2019-03-31,1,1,0.0108235364240466,8,17,TRUE,0.0567198839409837
"Transports",2019-06-30,1,1,0.0092280263367118,8,8,TRUE,0.100742314764428
"Transports",2019-09-30,1,1,0.0124085312903266,8,5,TRUE,-0.105961891018188
"Transports",2019-12-31,1,1,0.0109424693993315,8,3,TRUE,-0.0390667942682299
"Transports",2020-03-31,1,1,0.0103426728013735,8,6,TRUE,-0.0126004908496
"Transports",2020-06-30,1,1,0.010241253919286,8,3,TRUE,-0.501094849125378
"Transports",2020-09-30,1,1,0.00419362529834141,8,3,TRUE,0.125969152849114
"Transports",2020-12-31,1,1,0.00543668962621447,8,3,TRUE,0.122566805849722
"Transports",2021-03-31,1,1,0.0068059981921198,8,3,TRUE,0.0562033294168316
"Transports",2021-06-30,1,1,0.00790936678129981,8,3,TRUE,0.000731330783699136
"Transports",2021-09-30,1,1,0.0071085806763205,8,4,TRUE,0.0731279057345535
"Transports",2021-12-31,1,1,0.00823642941682941,8,4,TRUE,-0.0243022849728511
"Transports",2022-03-31,1,1,0.00753977291596196,8,4,TRUE,-0.0184384391565189
"Transports",2022-06-30,1,1,0.0078160968398919,8,4,TRUE,0.0331947459481938
"Transports",2022-09-30,1,1,0.00846651173133311,8,3,TRUE,0.0296892895055922
"Transports",2022-12-31,1,1,0.00780977601370248,8,3,TRUE,-0.00518075012109698
"Transports",2023-03-31,1,1,0.00793217025156184,8,40,FALSE,0.0341097935940446
"Transports",2023-06-30,1,1,0.00831180459728075,8,23,TRUE,0.0106539923050857
"Transports",2023-09-30,1,1,0.00816574691495375,8,6,TRUE,0.00294728832205848
"Transports",2023-12-31,1,1,0.00812028487029881,8,2,TRUE,0.0143046496502013
"Transports",2024-03-31,1,1,0.00811277299850217,8,3,TRUE,0.0448609908773161
"Transports",2024-06-30,1,1,0.00845555343240162,8,2,TRUE,0.0233315106872372
"Transports",2024-09-30,1,1,0.00867030993429176,8,3,TRUE,-0.000696765512168795
"Transports",2024-12-31,1,1,0.00869369902418839,8,4,TRUE,0.0179385719466758
"Transports",2025-03-31,1,1,0.00881196986315737,8,2,TRUE,-2.13944930589349e-05
"Transports",2025-06-30,1,1,0.00875964676385493,8,3,TRUE,0.0262253345690056
"Transports",2025-09-30,1,1,0.00891348245479909,8,3,TRUE,-0.00840283920981122
"Transports",2025-12-31,1,1,0.00897452421843467,8,6,TRUE,0.0256348485772033
"Transports",2026-03-31,1,1,0.00872240230762864,8,5,TRUE,0.00343555107293625
"Transports",2014-06-30,2,1,0.016554269560923,5,40,FALSE,0.028015303409596
"Transports",2014-09-30,2,1,0.00241329866763684,5,40,FALSE,-0.00329148743112206
"Transports",2014-12-31,2,1,0.0219923647682847,5,40,FALSE,0.00554226208478248
"Transports",2015-03-31,2,1,-0.00959791233109518,5,16,TRUE,0.0274647989726873
"Transports",2015-06-30,2,1,0.0233852276069047,5,40,FALSE,0.0238870417103634
"Transports",2015-09-30,2,1,0.016399198993396,7,40,FALSE,-0.000400525138307017
"Transports",2015-12-31,2,1,-0.0394932220366546,7,40,FALSE,0.0136274565391865
"Transports",2016-03-31,2,1,0.0807341446359967,7,40,FALSE,-0.00224188236103728
"Transports",2016-06-30,2,1,-0.0181694935486576,7,40,FALSE,-0.0304162214184824
"Transports",2016-09-30,2,1,0.022608154084511,7,40,FALSE,0.0405851512318183
"Transports",2016-12-31,2,1,0.0217810287105866,7,40,FALSE,-0.000806231998783602
"Transports",2017-03-31,2,1,0.0149501852064365,7,31,TRUE,0.00525061131594917
"Transports",2017-06-30,2,1,-0.00516377172015544,7,20,TRUE,-0.00885390403460029
"Transports",2017-09-30,2,1,0.00938184675713645,7,39,TRUE,0.00323264375167831
"Transports",2017-12-31,2,1,0.013498843735438,7,7,TRUE,0.00270040887982859
"Transports",2018-03-31,2,1,0.0158272252862137,7,3,TRUE,-0.00771766276284147
"Transports",2018-06-30,2,1,0.00664705425438296,7,6,TRUE,0.0381116237789918
"Transports",2018-09-30,2,1,0.00928245478270361,7,25,TRUE,-0.0562132165992164
"Transports",2018-12-31,2,1,0.0208649048711299,8,40,FALSE,0.0024741177684291
"Transports",2019-03-31,2,1,0.00724457646513344,8,40,FALSE,0.0567198839409837
"Transports",2019-06-30,2,1,0.00963671532166256,8,40,FALSE,0.100742314764428
"Transports",2019-09-30,2,1,0.0125259695971085,8,29,TRUE,-0.105961891018188
"Transports",2019-12-31,2,1,0.0123325643099505,8,7,TRUE,-0.0390667942682299
"Transports",2020-03-31,2,1,0.0114189082087197,8,17,TRUE,-0.0126004908496
"Transports",2020-06-30,2,1,0.011645779273831,8,6,TRUE,-0.501094849125378
"Transports",2020-09-30,2,1,0.00452629700302779,8,18,TRUE,0.125969152849114
"Transports",2020-12-31,2,1,0.00491614246685521,8,4,TRUE,0.122566805849722
"Transports",2021-03-31,2,1,0.0063409646017789,8,5,TRUE,0.0562033294168316
"Transports",2021-06-30,2,1,0.00722772549302947,8,6,TRUE,0.000731330783699136
"Transports",2021-09-30,2,1,0.00842116561701196,8,40,FALSE,0.0731279057345535
"Transports",2021-12-31,2,1,0.00443307427474008,8,40,FALSE,-0.0243022849728511
"Transports",2022-03-31,2,1,0.00235290576784074,8,29,TRUE,-0.0184384391565189
"Transports",2022-06-30,2,1,0.00824754905662232,8,7,TRUE,0.0331947459481938
"Transports",2022-09-30,2,1,0.00840609927978549,8,3,TRUE,0.0296892895055922
"Transports",2022-12-31,2,1,0.00799334065418818,8,4,TRUE,-0.00518075012109698
"Transports",2023-03-31,2,1,0.00515835884474518,8,40,FALSE,0.0341097935940446
"Transports",2023-06-30,2,1,0.00963555427589383,8,40,FALSE,0.0106539923050857
"Transports",2023-09-30,2,1,0.00815357292326666,8,40,FALSE,0.00294728832205848
"Transports",2023-12-31,2,1,0.00803804010078225,8,25,TRUE,0.0143046496502013
"Transports",2024-03-31,2,1,0.00765482877361165,8,3,TRUE,0.0448609908773161
"Transports",2024-06-30,2,1,0.00857554850540976,8,3,TRUE,0.0233315106872372
"Transports",2024-09-30,2,1,0.00886131226951068,8,4,TRUE,-0.000696765512168795
"Transports",2024-12-31,2,1,0.00789401341277748,8,5,TRUE,0.0179385719466758
"Transports",2025-03-31,2,1,0.00847675198760975,8,3,TRUE,-2.13944930589349e-05
"Transports",2025-06-30,2,1,0.00829606455159654,8,3,TRUE,0.0262253345690056
"Transports",2025-09-30,2,1,0.00875585121024328,8,3,TRUE,-0.00840283920981122
"Transports",2025-12-31,2,1,0.0107574348840399,8,13,TRUE,0.0256348485772033
"Transports",2026-03-31,2,1,0.00330083544376199,8,24,TRUE,0.00343555107293625
"Transports",2014-06-30,3,1,0.0144160311252584,5,40,FALSE,0.028015303409596
"Transports",2014-09-30,3,1,0.00283052533214764,5,40,FALSE,-0.00329148743112206
"Transports",2014-12-31,3,1,0.0206993341835634,5,40,FALSE,0.00554226208478248
"Transports",2015-03-31,3,1,-0.000324573083766273,5,40,FALSE,0.0274647989726873
"Transports",2015-06-30,3,1,0.0235308452444475,5,40,FALSE,0.0238870417103634
"Transports",2015-09-30,3,1,0.053976726277219,7,40,FALSE,-0.000400525138307017
"Transports",2015-12-31,3,1,-0.0329762191144367,7,40,FALSE,0.0136274565391865
"Transports",2016-03-31,3,1,0.0716757268093435,7,40,FALSE,-0.00224188236103728
"Transports",2016-06-30,3,1,-0.00784975940533469,7,40,FALSE,-0.0304162214184824
"Transports",2016-09-30,3,1,0.00972365947510836,7,40,FALSE,0.0405851512318183
"Transports",2016-12-31,3,1,0.0190108513974978,7,40,FALSE,-0.000806231998783602
"Transports",2017-03-31,3,1,0.0124761705098377,7,40,FALSE,0.00525061131594917
"Transports",2017-06-30,3,1,0.000549166759465531,7,40,FALSE,-0.00885390403460029
"Transports",2017-09-30,3,1,0.0317982694799992,7,40,FALSE,0.00323264375167831
"Transports",2017-12-31,3,1,-0.000979424469044582,7,40,FALSE,0.00270040887982859
"Transports",2018-03-31,3,1,0.0193107806973428,7,40,FALSE,-0.00771766276284147
"Transports",2018-06-30,3,1,0.0050438617245263,7,40,FALSE,0.0381116237789918
"Transports",2018-09-30,3,1,0.0161162087594885,7,40,FALSE,-0.0562132165992164
"Transports",2018-12-31,3,1,0.0239341778063952,8,40,FALSE,0.0024741177684291
"Transports",2019-03-31,3,1,0.00554346722119463,8,40,FALSE,0.0567198839409837
"Transports",2019-06-30,3,1,0.00957048751060333,8,40,FALSE,0.100742314764428
"Transports",2019-09-30,3,1,0.0124297131264946,8,40,FALSE,-0.105961891018188
"Transports",2019-12-31,3,1,0.0129573818908185,8,40,FALSE,-0.0390667942682299
"Transports",2020-03-31,3,1,0.0123746947581278,8,40,FALSE,-0.0126004908496
"Transports",2020-06-30,3,1,0.0112915641736586,8,40,FALSE,-0.501094849125378
"Transports",2020-09-30,3,1,0.00418193854837934,8,36,TRUE,0.125969152849114
"Transports",2020-12-31,3,1,0.0052629659245231,8,6,TRUE,0.122566805849722
"Transports",2021-03-31,3,1,0.00575119467449738,8,10,TRUE,0.0562033294168316
"Transports",2021-06-30,3,1,0.00721127907359408,8,14,TRUE,0.000731330783699136
"Transports",2021-09-30,3,1,0.00715204877583997,8,40,FALSE,0.0731279057345535
"Transports",2021-12-31,3,1,0.00693384389252038,8,40,FALSE,-0.0243022849728511
"Transports",2022-03-31,3,1,0.00898293818659445,8,40,FALSE,-0.0184384391565189
"Transports",2022-06-30,3,1,0.00733098791231713,8,40,FALSE,0.0331947459481938
"Transports",2022-09-30,3,1,0.00687502816058437,8,40,FALSE,0.0296892895055922
"Transports",2022-12-31,3,1,0.00698395802241976,8,40,FALSE,-0.00518075012109698
"Transports",2023-03-31,3,1,0.0114340397271906,8,40,FALSE,0.0341097935940446
"Transports",2023-06-30,3,1,0.00160310128100488,8,40,FALSE,0.0106539923050857
"Transports",2023-09-30,3,1,0.00630763659861583,8,40,FALSE,0.00294728832205848
"Transports",2023-12-31,3,1,0.00805114502787957,8,22,TRUE,0.0143046496502013
"Transports",2024-03-31,3,1,0.00827832682548526,8,8,TRUE,0.0448609908773161
"Transports",2024-06-30,3,1,0.0108497918708054,8,4,TRUE,0.0233315106872372
"Transports",2024-09-30,3,1,0.0115573474695556,8,21,TRUE,-0.000696765512168795
"Transports",2024-12-31,3,1,0.00558740097779099,8,6,TRUE,0.0179385719466758
"Transports",2025-03-31,3,1,0.0079643470533246,8,3,TRUE,-2.13944930589349e-05
"Transports",2025-06-30,3,1,0.00928506030073743,8,3,TRUE,0.0262253345690056
"Transports",2025-09-30,3,1,0.0111305150252413,8,3,TRUE,-0.00840283920981122
"Transports",2025-12-31,3,1,0.0167919706250014,8,7,TRUE,0.0256348485772033
"Transports",2026-03-31,3,1,0.00441870334334969,8,40,FALSE,0.00343555107293625
"Transports",2014-06-30,1,2,0.0108621681233167,5,40,FALSE,0.028015303409596
"Transports",2014-09-30,1,2,0.0134849480158004,5,40,FALSE,-0.00329148743112206
"Transports",2014-12-31,1,2,0.0135943328774083,5,20,TRUE,0.00554226208478248
"Transports",2015-03-31,1,2,0.0130214787557241,5,4,TRUE,0.0274647989726873
"Transports",2015-06-30,1,2,0.00957836030866616,5,6,TRUE,0.0238870417103634
"Transports",2015-09-30,1,2,0.0132510252469197,7,40,FALSE,-0.000400525138307017
"Transports",2015-12-31,1,2,0.0136380164024767,7,40,FALSE,0.0136274565391865
"Transports",2016-03-31,1,2,0.0133454979700825,7,11,TRUE,-0.00224188236103728
"Transports",2016-06-30,1,2,0.0111389663119835,7,6,TRUE,-0.0304162214184824
"Transports",2016-09-30,1,2,0.0132301108834587,7,5,TRUE,0.0405851512318183
"Transports",2016-12-31,1,2,0.0132498121952685,7,3,TRUE,-0.000806231998783602
"Transports",2017-03-31,1,2,0.0125589865167035,7,3,TRUE,0.00525061131594917
"Transports",2017-06-30,1,2,0.00990538443994347,7,3,TRUE,-0.00885390403460029
"Transports",2017-09-30,1,2,0.0154944714380956,7,4,TRUE,0.00323264375167831
"Transports",2017-12-31,1,2,0.0124429324464556,7,4,TRUE,0.00270040887982859
"Transports",2018-03-31,1,2,0.0130772273601115,7,3,TRUE,-0.00771766276284147
"Transports",2018-06-30,1,2,0.00885118017684184,7,4,TRUE,0.0381116237789918
"Transports",2018-09-30,1,2,0.0128653279646094,7,4,TRUE,-0.0562132165992164
"Transports",2018-12-31,1,2,0.0423497424265229,8,40,FALSE,0.0024741177684291
"Transports",2019-03-31,1,2,-0.0023332647725586,8,19,TRUE,0.0567198839409837
"Transports",2019-06-30,1,2,-0.00142844319016723,8,8,TRUE,0.100742314764428
"Transports",2019-09-30,1,2,0.00691945135371899,8,18,TRUE,-0.105961891018188
"Transports",2019-12-31,1,2,0.0295463479747191,8,11,TRUE,-0.0390667942682299
"Transports",2020-03-31,1,2,0.00743433511453348,8,6,TRUE,-0.0126004908496
"Transports",2020-06-30,1,2,0.010518626558505,8,3,TRUE,-0.501094849125378
"Transports",2020-09-30,1,2,0.0780290218738288,8,11,TRUE,0.125969152849114
"Transports",2020-12-31,1,2,-0.0751101876824797,8,40,FALSE,0.122566805849722
"Transports",2021-03-31,1,2,0.019262447496408,8,17,TRUE,0.0562033294168316
"Transports",2021-06-30,1,2,0.00909424146128531,8,40,FALSE,0.000731330783699136
"Transports",2021-09-30,1,2,0.000203689125423259,8,40,FALSE,0.0731279057345535
"Transports",2021-12-31,1,2,0.0335667749956288,8,4,TRUE,-0.0243022849728511
"Transports",2022-03-31,1,2,-0.0227922692519693,8,40,FALSE,-0.0184384391565189
"Transports",2022-06-30,1,2,0.0466807959752074,8,40,FALSE,0.0331947459481938
"Transports",2022-09-30,1,2,-0.0279252185713893,8,6,TRUE,0.0296892895055922
"Transports",2022-12-31,1,2,0.021336394742051,8,8,TRUE,-0.00518075012109698
"Transports",2023-03-31,1,2,0.0191105270612855,8,8,TRUE,0.0341097935940446
"Transports",2023-06-30,1,2,-0.0249381264502631,8,33,TRUE,0.0106539923050857
"Transports",2023-09-30,1,2,0.0262761072102983,8,3,TRUE,0.00294728832205848
"Transports",2023-12-31,1,2,0.00645086188621989,8,3,TRUE,0.0143046496502013
"Transports",2024-03-31,1,2,-0.00376193119619403,8,3,TRUE,0.0448609908773161
"Transports",2024-06-30,1,2,0.0277048787253201,8,4,TRUE,0.0233315106872372
"Transports",2024-09-30,1,2,-0.0164893555948401,8,6,TRUE,-0.000696765512168795
"Transports",2024-12-31,1,2,0.0316148307266329,8,3,TRUE,0.0179385719466758
"Transports",2025-03-31,1,2,-0.00293778614411487,8,3,TRUE,-2.13944930589349e-05
"Transports",2025-06-30,1,2,0.0118349117924717,8,2,TRUE,0.0262253345690056
"Transports",2025-09-30,1,2,0.0172943658364943,8,2,TRUE,-0.00840283920981122
"Transports",2025-12-31,1,2,-0.0137081440847714,8,14,TRUE,0.0256348485772033
"Transports",2026-03-31,1,2,0.0306948655979033,8,15,TRUE,0.00343555107293625
"Transports",2014-06-30,2,2,0.00901755708342523,5,40,FALSE,0.028015303409596
"Transports",2014-09-30,2,2,0.00566702074432926,5,40,FALSE,-0.00329148743112206
"Transports",2014-12-31,2,2,0.022991740854788,5,40,FALSE,0.00554226208478248
"Transports",2015-03-31,2,2,0.000911823941633298,5,40,FALSE,0.0274647989726873
"Transports",2015-06-30,2,2,0.00590552954158461,5,28,TRUE,0.0238870417103634
"Transports",2015-09-30,2,2,0.00107999367182481,7,40,FALSE,-0.000400525138307017
"Transports",2015-12-31,2,2,0.00626728815693977,7,40,FALSE,0.0136274565391865
"Transports",2016-03-31,2,2,0.0182633665920715,7,40,FALSE,-0.00224188236103728
"Transports",2016-06-30,2,2,0.0192452037361006,7,40,FALSE,-0.0304162214184824
"Transports",2016-09-30,2,2,0.0228514870680347,7,40,FALSE,0.0405851512318183
"Transports",2016-12-31,2,2,0.0175973676352359,7,40,FALSE,-0.000806231998783602
"Transports",2017-03-31,2,2,0.0144335338586523,7,40,FALSE,0.00525061131594917
"Transports",2017-06-30,2,2,0.00224405623323184,7,40,FALSE,-0.00885390403460029
"Transports",2017-09-30,2,2,0.0121447700838759,7,29,TRUE,0.00323264375167831
"Transports",2017-12-31,2,2,0.0134782248234834,7,6,TRUE,0.00270040887982859
"Transports",2018-03-31,2,2,0.0152687217122883,7,6,TRUE,-0.00771766276284147
"Transports",2018-06-30,2,2,0.00682558077652207,7,3,TRUE,0.0381116237789918
"Transports",2018-09-30,2,2,0.0109486246355057,7,7,TRUE,-0.0562132165992164
"Transports",2018-12-31,2,2,0.0231429319953918,8,40,FALSE,0.0024741177684291
"Transports",2019-03-31,2,2,0.00616223425671031,8,40,FALSE,0.0567198839409837
"Transports",2019-06-30,2,2,0.0097834364375614,8,40,FALSE,0.100742314764428
"Transports",2019-09-30,2,2,0.0127179195883426,8,39,TRUE,-0.105961891018188
"Transports",2019-12-31,2,2,0.0119907526703834,8,4,TRUE,-0.0390667942682299
"Transports",2020-03-31,2,2,0.0120321608369682,8,5,TRUE,-0.0126004908496
"Transports",2020-06-30,2,2,0.0117281996367096,8,4,TRUE,-0.501094849125378
"Transports",2020-09-30,2,2,0.00440293872497504,8,5,TRUE,0.125969152849114
"Transports",2020-12-31,2,2,0.00461110431083893,8,3,TRUE,0.122566805849722
"Transports",2021-03-31,2,2,0.00663636293489232,8,3,TRUE,0.0562033294168316
"Transports",2021-06-30,2,2,0.00759822002900337,8,4,TRUE,0.000731330783699136
"Transports",2021-09-30,2,2,0.00819326712554063,8,8,TRUE,0.0731279057345535
"Transports",2021-12-31,2,2,0.00466005331578164,8,40,FALSE,-0.0243022849728511
"Transports",2022-03-31,2,2,0.00211168463499184,8,40,FALSE,-0.0184384391565189
"Transports",2022-06-30,2,2,0.00842362275719478,8,40,FALSE,0.0331947459481938
"Transports",2022-09-30,2,2,0.00854625284296217,8,40,FALSE,0.0296892895055922
"Transports",2022-12-31,2,2,0.00794476284351335,8,40,FALSE,-0.00518075012109698
"Transports",2023-03-31,2,2,0.00620328436692679,8,40,FALSE,0.0341097935940446
"Transports",2023-06-30,2,2,0.00969877118375893,8,29,TRUE,0.0106539923050857
"Transports",2023-09-30,2,2,0.00772007861634887,8,6,TRUE,0.00294728832205848
"Transports",2023-12-31,2,2,0.00779665881421616,8,3,TRUE,0.0143046496502013
"Transports",2024-03-31,2,2,0.00683822761316237,8,3,TRUE,0.0448609908773161
"Transports",2024-06-30,2,2,0.00793607750139691,8,3,TRUE,0.0233315106872372
"Transports",2024-09-30,2,2,0.010944241321085,8,4,TRUE,-0.000696765512168795
"Transports",2024-12-31,2,2,0.00674910060373675,8,8,TRUE,0.0179385719466758
"Transports",2025-03-31,2,2,0.00750988076658039,8,4,TRUE,-2.13944930589349e-05
"Transports",2025-06-30,2,2,0.00713293988143819,8,3,TRUE,0.0262253345690056
"Transports",2025-09-30,2,2,0.00821967557928035,8,4,TRUE,-0.00840283920981122
"Transports",2025-12-31,2,2,0.0146362975750668,8,7,TRUE,0.0256348485772033
"Transports",2026-03-31,2,2,-0.000784185561375139,8,40,FALSE,0.00343555107293625
"Transports",2014-06-30,3,2,0.0110382312578234,5,40,FALSE,0.028015303409596
"Transports",2014-09-30,3,2,0.00856496395339614,5,40,FALSE,-0.00329148743112206
"Transports",2014-12-31,3,2,0.0384354809658478,5,40,FALSE,0.00554226208478248
"Transports",2015-03-31,3,2,-0.00869883861960004,5,40,FALSE,0.0274647989726873
"Transports",2015-06-30,3,2,-0.0225529728988706,5,40,FALSE,0.0238870417103634
"Transports",2015-09-30,3,2,-0.00264131241096917,7,40,FALSE,-0.000400525138307017
"Transports",2015-12-31,3,2,0.0224753202204096,7,40,FALSE,0.0136274565391865
"Transports",2016-03-31,3,2,0.00135299642487452,7,40,FALSE,-0.00224188236103728
"Transports",2016-06-30,3,2,0.0165631010451923,7,40,FALSE,-0.0304162214184824
"Transports",2016-09-30,3,2,0.0200462616503118,7,40,FALSE,0.0405851512318183
"Transports",2016-12-31,3,2,-0.00483067746942952,7,40,FALSE,-0.000806231998783602
"Transports",2017-03-31,3,2,0.0321627580584065,7,40,FALSE,0.00525061131594917
"Transports",2017-06-30,3,2,0.0105071585708534,7,40,FALSE,-0.00885390403460029
"Transports",2017-09-30,3,2,0.0518432313424347,7,40,FALSE,0.00323264375167831
"Transports",2017-12-31,3,2,0.0105841461629441,7,32,TRUE,0.00270040887982859
"Transports",2018-03-31,3,2,0.0253829600807405,7,40,FALSE,-0.00771766276284147
"Transports",2018-06-30,3,2,0.00454237974611921,7,14,TRUE,0.0381116237789918
"Transports",2018-09-30,3,2,0.00858131532154141,7,12,TRUE,-0.0562132165992164
"Transports",2018-12-31,3,2,0.0371165436704637,8,40,FALSE,0.0024741177684291
"Transports",2019-03-31,3,2,0.00214007632325167,8,40,FALSE,0.0567198839409837
"Transports",2019-06-30,3,2,0.00590013975736601,8,40,FALSE,0.100742314764428
"Transports",2019-09-30,3,2,0.0111318437206725,8,40,FALSE,-0.105961891018188
"Transports",2019-12-31,3,2,0.0137038522120324,8,40,FALSE,-0.0390667942682299
"Transports",2020-03-31,3,2,0.0149570874713411,8,40,FALSE,-0.0126004908496
"Transports",2020-06-30,3,2,0.012356156455643,8,40,FALSE,-0.501094849125378
"Transports",2020-09-30,3,2,0.00243111409717328,8,40,FALSE,0.125969152849114
"Transports",2020-12-31,3,2,0.00483561624970568,8,40,FALSE,0.122566805849722
"Transports",2021-03-31,3,2,0.00701582452106561,8,26,TRUE,0.0562033294168316
"Transports",2021-06-30,3,2,0.00835332691884075,8,18,TRUE,0.000731330783699136
"Transports",2021-09-30,3,2,0.00671312832481695,8,23,TRUE,0.0731279057345535
"Transports",2021-12-31,3,2,0.00592708287958032,8,32,TRUE,-0.0243022849728511
"Transports",2022-03-31,3,2,0.00350469948102389,8,29,TRUE,-0.0184384391565189
"Transports",2022-06-30,3,2,0.00851516110045446,8,40,FALSE,0.0331947459481938
"Transports",2022-09-30,3,2,0.00713270384766793,8,22,TRUE,0.0296892895055922
"Transports",2022-12-31,3,2,0.00769697725636106,8,17,TRUE,-0.00518075012109698
"Transports",2023-03-31,3,2,0.00620253222338154,8,40,FALSE,0.0341097935940446
"Transports",2023-06-30,3,2,0.00981713587645877,8,40,FALSE,0.0106539923050857
"Transports",2023-09-30,3,2,0.00514041350650698,8,40,FALSE,0.00294728832205848
"Transports",2023-12-31,3,2,0.0103327542367793,8,40,FALSE,0.0143046496502013
"Transports",2024-03-31,3,2,0.00586263505830681,8,40,FALSE,0.0448609908773161
"Transports",2024-06-30,3,2,0.0092869712129924,8,14,TRUE,0.0233315106872372
"Transports",2024-09-30,3,2,0.00993840022392483,8,6,TRUE,-0.000696765512168795
"Transports",2024-12-31,3,2,0.00654302126616445,8,6,TRUE,0.0179385719466758
"Transports",2025-03-31,3,2,0.00800523196435852,8,4,TRUE,-2.13944930589349e-05
"Transports",2025-06-30,3,2,0.00798580198148636,8,4,TRUE,0.0262253345690056
"Transports",2025-09-30,3,2,0.00851966021686573,8,4,TRUE,-0.00840283920981122
"Transports",2025-12-31,3,2,0.0132071175622101,8,13,TRUE,0.0256348485772033
"Transports",2026-03-31,3,2,0.00156727981473025,8,27,TRUE,0.00343555107293625
"Hébergement-restauration",2014-06-30,1,1,0.0116344565194721,20,12,TRUE,0.0579051413275486
"Hébergement-restauration",2014-09-30,1,1,0.00795176940308385,20,5,TRUE,-0.100719732558025
"Hébergement-restauration",2014-12-31,1,1,0.00716865720397215,20,3,TRUE,0.0187926552611444
"Hébergement-restauration",2015-03-31,1,1,0.000741594546633441,20,11,TRUE,0.0127819913735721
"Hébergement-restauration",2015-06-30,1,1,0.0111905928511245,20,4,TRUE,0.0151974154132208
"Hébergement-restauration",2015-09-30,1,1,0.0070137351523922,20,4,TRUE,-0.0394942050942486
"Hébergement-restauration",2015-12-31,1,1,0.00698324265248793,20,3,TRUE,0.0175488642456987
"Hébergement-restauration",2016-03-31,1,1,0.00201247166693047,20,4,TRUE,0.00665704009847978
"Hébergement-restauration",2016-06-30,1,1,0.0105976052417168,20,3,TRUE,-0.00832824764845164
"Hébergement-restauration",2016-09-30,1,1,0.00837458381288254,20,4,TRUE,0.0560471819745558
"Hébergement-restauration",2016-12-31,1,1,0.00830988318444674,20,3,TRUE,0.0195963775895027
"Hébergement-restauration",2017-03-31,1,1,0.0021811716330822,20,4,TRUE,0.0277996430464089
"Hébergement-restauration",2017-06-30,1,1,0.0111828096930955,20,3,TRUE,0.0278215922434324
"Hébergement-restauration",2017-09-30,1,1,0.00921670392615708,20,3,TRUE,0.0102951493030083
"Hébergement-restauration",2017-12-31,1,1,0.0092242059053603,20,3,TRUE,0.0188149524720291
"Hébergement-restauration",2018-03-31,1,1,0.00607489168541502,20,3,TRUE,0.0248370780464207
"Hébergement-restauration",2018-06-30,1,1,0.0109892151342328,20,3,TRUE,0.0148534421343882
"Hébergement-restauration",2018-09-30,1,1,0.00955890169419439,20,3,TRUE,-0.0200453834008396
"Hébergement-restauration",2018-12-31,1,1,0.00861358422385201,20,3,TRUE,0.0330719091401885
"Hébergement-restauration",2019-03-31,1,1,0.00611007019213504,20,7,TRUE,0.0107181372644138
"Hébergement-restauration",2019-06-30,1,1,0.0114637495684776,20,3,TRUE,0.0402913731091044
"Hébergement-restauration",2019-09-30,1,1,0.00758747939100083,20,3,TRUE,-0.0688778865997968
"Hébergement-restauration",2019-12-31,1,1,0.00508226030963045,20,3,TRUE,0.0396077656015432
"Hébergement-restauration",2020-03-31,1,1,0.0040468110991505,20,5,TRUE,-0.329368517252892
"Hébergement-restauration",2020-06-30,1,1,-0.0424288672149137,20,15,TRUE,-0.857041072981717
"Hébergement-restauration",2020-09-30,1,1,0.34050911137456,20,12,TRUE,0.152814674284517
"Hébergement-restauration",2020-12-31,1,1,0.111001679535788,20,5,TRUE,0.184991785349833
"Hébergement-restauration",2021-03-31,1,1,-0.0180519053275189,20,3,TRUE,0.108593379555545
"Hébergement-restauration",2021-06-30,1,1,-0.0355142032278665,20,3,TRUE,0.0325203058080987
"Hébergement-restauration",2021-09-30,1,1,0.186914257274012,20,4,TRUE,0.0912570059284388
"Hébergement-restauration",2021-12-31,1,1,-0.128412358051875,20,5,TRUE,0.0662513211980329
"Hébergement-restauration",2022-03-31,1,1,-0.00721890830601657,20,12,TRUE,0.172069210996341
"Hébergement-restauration",2022-06-30,1,1,0.187558518624451,20,3,TRUE,0.185682194782517
"Hébergement-restauration",2022-09-30,1,1,0.0523175643024169,20,3,TRUE,0.172534150339882
"Hébergement-restauration",2022-12-31,1,1,-0.0136612823259762,20,2,TRUE,0.0347188375472669
"Hébergement-restauration",2023-03-31,1,1,0.00175321020858206,20,2,TRUE,0.0350713189035368
"Hébergement-restauration",2023-06-30,1,1,0.0248166480694411,20,2,TRUE,0.0285381802766143
"Hébergement-restauration",2023-09-30,1,1,0.0189245952993027,20,2,TRUE,0.0131680998376478
"Hébergement-restauration",2023-12-31,1,1,-0.047316575478243,30,40,FALSE,0.00454308251082303
"Hébergement-restauration",2024-03-31,1,1,-0.0519501662190591,30,15,TRUE,-0.0256302512562794
"Hébergement-restauration",2024-06-30,1,1,0.036665711996099,31,40,FALSE,0.0863211664480215
"Hébergement-restauration",2024-09-30,1,1,0.0132636098582376,31,40,FALSE,0.0395958337321503
"Hébergement-restauration",2024-12-31,1,1,0.00711853951073192,31,25,TRUE,0.0126078965454273
"Hébergement-restauration",2025-03-31,1,1,-0.0471802734179984,31,6,TRUE,-0.0551888649837782
"Hébergement-restauration",2025-06-30,1,1,0.0315587553604665,31,3,TRUE,0.0935791648916222
"Hébergement-restauration",2025-09-30,1,1,0.0334247557800045,31,3,TRUE,0.0109571254893179
"Hébergement-restauration",2025-12-31,1,1,-0.0175677378440994,31,3,TRUE,-0.0117140608570061
"Hébergement-restauration",2026-03-31,1,1,-0.00189829797193984,31,3,TRUE,-0.0149369838672992
"Hébergement-restauration",2014-06-30,2,1,0.0112514792082166,20,40,FALSE,0.0579051413275486
"Hébergement-restauration",2014-09-30,2,1,0.00937436742277851,20,32,TRUE,-0.100719732558025
"Hébergement-restauration",2014-12-31,2,1,0.0139943658267958,20,10,TRUE,0.0187926552611444
"Hébergement-restauration",2015-03-31,2,1,-0.00181974367775678,20,15,TRUE,0.0127819913735721
"Hébergement-restauration",2015-06-30,2,1,0.010986896044939,20,4,TRUE,0.0151974154132208
"Hébergement-restauration",2015-09-30,2,1,0.000328517430265805,20,9,TRUE,-0.0394942050942486
"Hébergement-restauration",2015-12-31,2,1,0.0183819480387799,20,4,TRUE,0.0175488642456987
"Hébergement-restauration",2016-03-31,2,1,9.01560845177618e-06,20,20,TRUE,0.00665704009847978
"Hébergement-restauration",2016-06-30,2,1,0.00984285002468357,20,3,TRUE,-0.00832824764845164
"Hébergement-restauration",2016-09-30,2,1,0.000355591149567775,20,17,TRUE,0.0560471819745558
"Hébergement-restauration",2016-12-31,2,1,0.0151684485623532,20,12,TRUE,0.0195963775895027
"Hébergement-restauration",2017-03-31,2,1,0.0016317522461443,20,6,TRUE,0.0277996430464089
"Hébergement-restauration",2017-06-30,2,1,0.0103303586653505,20,4,TRUE,0.0278215922434324
"Hébergement-restauration",2017-09-30,2,1,0.00426806705213444,20,4,TRUE,0.0102951493030083
"Hébergement-restauration",2017-12-31,2,1,0.0150685801922505,20,4,TRUE,0.0188149524720291
"Hébergement-restauration",2018-03-31,2,1,0.00595396349604208,20,4,TRUE,0.0248370780464207
"Hébergement-restauration",2018-06-30,2,1,0.0108485643371742,20,3,TRUE,0.0148534421343882
"Hébergement-restauration",2018-09-30,2,1,0.0044619260435799,20,4,TRUE,-0.0200453834008396
"Hébergement-restauration",2018-12-31,2,1,0.014777121300915,20,4,TRUE,0.0330719091401885
"Hébergement-restauration",2019-03-31,2,1,0.00650129531678069,20,8,TRUE,0.0107181372644138
"Hébergement-restauration",2019-06-30,2,1,0.0111478799919529,20,3,TRUE,0.0402913731091044
"Hébergement-restauration",2019-09-30,2,1,0.0026694313124894,20,3,TRUE,-0.0688778865997968
"Hébergement-restauration",2019-12-31,2,1,0.017608331000976,20,4,TRUE,0.0396077656015432
"Hébergement-restauration",2020-03-31,2,1,0.0123472272637545,20,6,TRUE,-0.329368517252892
"Hébergement-restauration",2020-06-30,2,1,-0.0567674045078127,20,25,TRUE,-0.857041072981717
"Hébergement-restauration",2020-09-30,2,1,0.260837232103867,20,16,TRUE,0.152814674284517
"Hébergement-restauration",2020-12-31,2,1,0.146192252237995,20,6,TRUE,0.184991785349833
"Hébergement-restauration",2021-03-31,2,1,-0.0064274650571057,20,4,TRUE,0.108593379555545
"Hébergement-restauration",2021-06-30,2,1,-0.0726661403953825,20,4,TRUE,0.0325203058080987
"Hébergement-restauration",2021-09-30,2,1,0.146941317061561,20,6,TRUE,0.0912570059284388
"Hébergement-restauration",2021-12-31,2,1,-0.109065802774946,20,5,TRUE,0.0662513211980329
"Hébergement-restauration",2022-03-31,2,1,-0.0254381033694032,20,18,TRUE,0.172069210996341
"Hébergement-restauration",2022-06-30,2,1,0.259722368986417,20,4,TRUE,0.185682194782517
"Hébergement-restauration",2022-09-30,2,1,0.0510465637128332,20,3,TRUE,0.172534150339882
"Hébergement-restauration",2022-12-31,2,1,-0.0118257618017702,20,3,TRUE,0.0347188375472669
"Hébergement-restauration",2023-03-31,2,1,0.00678711667096754,20,2,TRUE,0.0350713189035368
"Hébergement-restauration",2023-06-30,2,1,0.0272422497892998,20,2,TRUE,0.0285381802766143
"Hébergement-restauration",2023-09-30,2,1,0.00154882370626766,20,3,TRUE,0.0131680998376478
"Hébergement-restauration",2023-12-31,2,1,0.076847110280341,30,40,FALSE,0.00454308251082303
"Hébergement-restauration",2024-03-31,2,1,0.0742360092647987,30,40,FALSE,-0.0256302512562794
"Hébergement-restauration",2024-06-30,2,1,-0.0121932974758237,31,40,FALSE,0.0863211664480215
"Hébergement-restauration",2024-09-30,2,1,0.0127909295519482,31,40,FALSE,0.0395958337321503
"Hébergement-restauration",2024-12-31,2,1,0.00165825235256268,31,40,FALSE,0.0126078965454273
"Hébergement-restauration",2025-03-31,2,1,0.0511070519419978,31,37,TRUE,-0.0551888649837782
"Hébergement-restauration",2025-06-30,2,1,0.0294243204910542,31,9,TRUE,0.0935791648916222
"Hébergement-restauration",2025-09-30,2,1,0.0510331361374818,31,3,TRUE,0.0109571254893179
"Hébergement-restauration",2025-12-31,2,1,-0.0588358544324484,31,3,TRUE,-0.0117140608570061
"Hébergement-restauration",2026-03-31,2,1,0.000382499226659571,31,3,TRUE,-0.0149369838672992
"Hébergement-restauration",2014-06-30,3,1,0.00263633438372203,20,40,FALSE,0.0579051413275486
"Hébergement-restauration",2014-09-30,3,1,0.00804877960122808,20,19,TRUE,-0.100719732558025
"Hébergement-restauration",2014-12-31,3,1,0.0128307884020981,20,10,TRUE,0.0187926552611444
"Hébergement-restauration",2015-03-31,3,1,-0.00512015336861107,20,23,TRUE,0.0127819913735721
"Hébergement-restauration",2015-06-30,3,1,0.0156199462697096,20,6,TRUE,0.0151974154132208
"Hébergement-restauration",2015-09-30,3,1,-0.000203663072341258,20,9,TRUE,-0.0394942050942486
"Hébergement-restauration",2015-12-31,3,1,0.0146440613664368,20,6,TRUE,0.0175488642456987
"Hébergement-restauration",2016-03-31,3,1,-0.00241531859543107,20,6,TRUE,0.00665704009847978
"Hébergement-restauration",2016-06-30,3,1,0.0136888711941186,20,4,TRUE,-0.00832824764845164
"Hébergement-restauration",2016-09-30,3,1,-0.000778932149435219,20,5,TRUE,0.0560471819745558
"Hébergement-restauration",2016-12-31,3,1,0.0187427419026779,20,5,TRUE,0.0195963775895027
"Hébergement-restauration",2017-03-31,3,1,-0.00171735742758873,20,5,TRUE,0.0277996430464089
"Hébergement-restauration",2017-06-30,3,1,0.0138088090296817,20,4,TRUE,0.0278215922434324
"Hébergement-restauration",2017-09-30,3,1,0.00371957075287863,20,4,TRUE,0.0102951493030083
"Hébergement-restauration",2017-12-31,3,1,0.0186165049939485,20,5,TRUE,0.0188149524720291
"Hébergement-restauration",2018-03-31,3,1,0.00524359387216262,20,4,TRUE,0.0248370780464207
"Hébergement-restauration",2018-06-30,3,1,0.0109263819501276,20,3,TRUE,0.0148534421343882
"Hébergement-restauration",2018-09-30,3,1,0.00315966227182304,20,4,TRUE,-0.0200453834008396
"Hébergement-restauration",2018-12-31,3,1,0.0204308720670409,20,5,TRUE,0.0330719091401885
"Hébergement-restauration",2019-03-31,3,1,0.00250498164789692,20,8,TRUE,0.0107181372644138
"Hébergement-restauration",2019-06-30,3,1,0.0123127194200312,20,3,TRUE,0.0402913731091044
"Hébergement-restauration",2019-09-30,3,1,0.00118072989812646,20,4,TRUE,-0.0688778865997968
"Hébergement-restauration",2019-12-31,3,1,0.0176266275240621,20,4,TRUE,0.0396077656015432
"Hébergement-restauration",2020-03-31,3,1,0.00100188752541257,20,5,TRUE,-0.329368517252892
"Hébergement-restauration",2020-06-30,3,1,-0.0372441313173795,20,40,FALSE,-0.857041072981717
"Hébergement-restauration",2020-09-30,3,1,0.342359995445687,20,40,FALSE,0.152814674284517
"Hébergement-restauration",2020-12-31,3,1,0.205545939721458,20,22,TRUE,0.184991785349833
"Hébergement-restauration",2021-03-31,3,1,0.00799313887131186,20,3,TRUE,0.108593379555545
"Hébergement-restauration",2021-06-30,3,1,-0.113273751312751,20,5,TRUE,0.0325203058080987
"Hébergement-restauration",2021-09-30,3,1,0.187115930798766,20,9,TRUE,0.0912570059284388
"Hébergement-restauration",2021-12-31,3,1,-0.11112411925633,20,8,TRUE,0.0662513211980329
"Hébergement-restauration",2022-03-31,3,1,-0.0556466574826853,20,12,TRUE,0.172069210996341
"Hébergement-restauration",2022-06-30,3,1,0.235178948734333,20,9,TRUE,0.185682194782517
"Hébergement-restauration",2022-09-30,3,1,0.0540194187894924,20,4,TRUE,0.172534150339882
"Hébergement-restauration",2022-12-31,3,1,-0.00993285373333344,20,3,TRUE,0.0347188375472669
"Hébergement-restauration",2023-03-31,3,1,0.00289168478848573,20,2,TRUE,0.0350713189035368
"Hébergement-restauration",2023-06-30,3,1,0.0270090274994554,20,2,TRUE,0.0285381802766143
"Hébergement-restauration",2023-09-30,3,1,-0.00528427339145631,20,3,TRUE,0.0131680998376478
"Hébergement-restauration",2023-12-31,3,1,0.0374127318179143,30,40,FALSE,0.00454308251082303
"Hébergement-restauration",2024-03-31,3,1,-0.0157590896695353,30,40,FALSE,-0.0256302512562794
"Hébergement-restauration",2024-06-30,3,1,0.0221563866982675,31,40,FALSE,0.0863211664480215
"Hébergement-restauration",2024-09-30,3,1,0.0028418651533631,31,40,FALSE,0.0395958337321503
"Hébergement-restauration",2024-12-31,3,1,0.00800799268287647,31,40,FALSE,0.0126078965454273
"Hébergement-restauration",2025-03-31,3,1,-0.0306165817978244,31,39,TRUE,-0.0551888649837782
"Hébergement-restauration",2025-06-30,3,1,0.0474087814422504,31,4,TRUE,0.0935791648916222
"Hébergement-restauration",2025-09-30,3,1,0.0497739434429533,31,4,TRUE,0.0109571254893179
"Hébergement-restauration",2025-12-31,3,1,-0.0635944069888205,31,3,TRUE,-0.0117140608570061
"Hébergement-restauration",2026-03-31,3,1,0.00153430130226527,31,3,TRUE,-0.0149369838672992
"Hébergement-restauration",2014-06-30,1,2,0.0117893692157128,20,12,TRUE,0.0579051413275486
"Hébergement-restauration",2014-09-30,1,2,0.00789304085948728,20,5,TRUE,-0.100719732558025
"Hébergement-restauration",2014-12-31,1,2,0.0071568360211684,20,3,TRUE,0.0187926552611444
"Hébergement-restauration",2015-03-31,1,2,0.000335370685922497,20,11,TRUE,0.0127819913735721
"Hébergement-restauration",2015-06-30,1,2,0.0113772710720016,20,4,TRUE,0.0151974154132208
"Hébergement-restauration",2015-09-30,1,2,0.00697018449198733,20,4,TRUE,-0.0394942050942486
"Hébergement-restauration",2015-12-31,1,2,0.00697646740334971,20,3,TRUE,0.0175488642456987
"Hébergement-restauration",2016-03-31,1,2,0.00176343628479299,20,4,TRUE,0.00665704009847978
"Hébergement-restauration",2016-06-30,1,2,0.0107661064706288,20,3,TRUE,-0.00832824764845164
"Hébergement-restauration",2016-09-30,1,2,0.00843079992851874,20,4,TRUE,0.0560471819745558
"Hébergement-restauration",2016-12-31,1,2,0.00832862629536879,20,3,TRUE,0.0195963775895027
"Hébergement-restauration",2017-03-31,1,2,0.00206216191123576,20,4,TRUE,0.0277996430464089
"Hébergement-restauration",2017-06-30,1,2,0.0115384004417045,20,3,TRUE,0.0278215922434324
"Hébergement-restauration",2017-09-30,1,2,0.00925402424271422,20,3,TRUE,0.0102951493030083
"Hébergement-restauration",2017-12-31,1,2,0.00925310205862567,20,3,TRUE,0.0188149524720291
"Hébergement-restauration",2018-03-31,1,2,0.0059415954647289,20,3,TRUE,0.0248370780464207
"Hébergement-restauration",2018-06-30,1,2,0.0111040896344178,20,3,TRUE,0.0148534421343882
"Hébergement-restauration",2018-09-30,1,2,0.00959285801070056,20,3,TRUE,-0.0200453834008396
"Hébergement-restauration",2018-12-31,1,2,0.00862020709768185,20,3,TRUE,0.0330719091401885
"Hébergement-restauration",2019-03-31,1,2,0.00595970820504706,20,7,TRUE,0.0107181372644138
"Hébergement-restauration",2019-06-30,1,2,0.0116102441181324,20,3,TRUE,0.0402913731091044
"Hébergement-restauration",2019-09-30,1,2,0.00749900133884786,20,3,TRUE,-0.0688778865997968
"Hébergement-restauration",2019-12-31,1,2,0.00519064355321379,20,3,TRUE,0.0396077656015432
"Hébergement-restauration",2020-03-31,1,2,0.00442475399453096,20,6,TRUE,-0.329368517252892
"Hébergement-restauration",2020-06-30,1,2,-0.0413829798116736,20,15,TRUE,-0.857041072981717
"Hébergement-restauration",2020-09-30,1,2,0.350211398865547,20,12,TRUE,0.152814674284517
"Hébergement-restauration",2020-12-31,1,2,0.100963450067202,20,5,TRUE,0.184991785349833
"Hébergement-restauration",2021-03-31,1,2,-0.0194711520222045,20,3,TRUE,0.108593379555545
"Hébergement-restauration",2021-06-30,1,2,-0.0403797226733735,20,4,TRUE,0.0325203058080987
"Hébergement-restauration",2021-09-30,1,2,0.187772366439149,20,4,TRUE,0.0912570059284388
"Hébergement-restauration",2021-12-31,1,2,-0.122603514170015,20,5,TRUE,0.0662513211980329
"Hébergement-restauration",2022-03-31,1,2,-0.00570238660818356,20,12,TRUE,0.172069210996341
"Hébergement-restauration",2022-06-30,1,2,0.181796025537151,20,4,TRUE,0.185682194782517
"Hébergement-restauration",2022-09-30,1,2,0.0508699407455216,20,3,TRUE,0.172534150339882
"Hébergement-restauration",2022-12-31,1,2,-0.0173963893295047,20,2,TRUE,0.0347188375472669
"Hébergement-restauration",2023-03-31,1,2,0.0021088625968585,20,2,TRUE,0.0350713189035368
"Hébergement-restauration",2023-06-30,1,2,0.0246112091530426,20,2,TRUE,0.0285381802766143
"Hébergement-restauration",2023-09-30,1,2,0.0198468433709698,20,2,TRUE,0.0131680998376478
"Hébergement-restauration",2023-12-31,1,2,-0.0469549900960415,30,40,FALSE,0.00454308251082303
"Hébergement-restauration",2024-03-31,1,2,-0.0518739087226382,30,14,TRUE,-0.0256302512562794
"Hébergement-restauration",2024-06-30,1,2,0.0365033483137443,31,40,FALSE,0.0863211664480215
"Hébergement-restauration",2024-09-30,1,2,0.0132711711960542,31,40,FALSE,0.0395958337321503
"Hébergement-restauration",2024-12-31,1,2,0.00710511098262697,31,23,TRUE,0.0126078965454273
"Hébergement-restauration",2025-03-31,1,2,-0.0468231998524331,31,6,TRUE,-0.0551888649837782
"Hébergement-restauration",2025-06-30,1,2,0.0325678823112335,31,3,TRUE,0.0935791648916222
"Hébergement-restauration",2025-09-30,1,2,0.032916939275525,31,3,TRUE,0.0109571254893179
"Hébergement-restauration",2025-12-31,1,2,-0.0179141503123357,31,3,TRUE,-0.0117140608570061
"Hébergement-restauration",2026-03-31,1,2,-0.00093494735798446,31,3,TRUE,-0.0149369838672992
"Hébergement-restauration",2014-06-30,2,2,0.0120275483783632,20,40,FALSE,0.0579051413275486
"Hébergement-restauration",2014-09-30,2,2,0.0120710578097789,20,29,TRUE,-0.100719732558025
"Hébergement-restauration",2014-12-31,2,2,0.0146924972776564,20,11,TRUE,0.0187926552611444
"Hébergement-restauration",2015-03-31,2,2,-0.00260503658758599,20,21,TRUE,0.0127819913735721
"Hébergement-restauration",2015-06-30,2,2,0.0108106717394679,20,4,TRUE,0.0151974154132208
"Hébergement-restauration",2015-09-30,2,2,-0.0015872374394467,20,28,TRUE,-0.0394942050942486
"Hébergement-restauration",2015-12-31,2,2,0.0221597995827119,20,6,TRUE,0.0175488642456987
"Hébergement-restauration",2016-03-31,2,2,-0.000118098814783187,20,14,TRUE,0.00665704009847978
"Hébergement-restauration",2016-06-30,2,2,0.00937702225565376,20,3,TRUE,-0.00832824764845164
"Hébergement-restauration",2016-09-30,2,2,-0.00270327470299062,20,5,TRUE,0.0560471819745558
"Hébergement-restauration",2016-12-31,2,2,0.0177036142891402,20,6,TRUE,0.0195963775895027
"Hébergement-restauration",2017-03-31,2,2,0.00200450183901801,20,6,TRUE,0.0277996430464089
"Hébergement-restauration",2017-06-30,2,2,0.0099854452656761,20,4,TRUE,0.0278215922434324
"Hébergement-restauration",2017-09-30,2,2,0.00259535546312003,20,4,TRUE,0.0102951493030083
"Hébergement-restauration",2017-12-31,2,2,0.0170583406228458,20,5,TRUE,0.0188149524720291
"Hébergement-restauration",2018-03-31,2,2,0.00589124246203058,20,4,TRUE,0.0248370780464207
"Hébergement-restauration",2018-06-30,2,2,0.0107563504026893,20,3,TRUE,0.0148534421343882
"Hébergement-restauration",2018-09-30,2,2,0.00269963167616021,20,4,TRUE,-0.0200453834008396
"Hébergement-restauration",2018-12-31,2,2,0.0170242532553374,20,4,TRUE,0.0330719091401885
"Hébergement-restauration",2019-03-31,2,2,0.00648857732637254,20,8,TRUE,0.0107181372644138
"Hébergement-restauration",2019-06-30,2,2,0.0110646747810811,20,3,TRUE,0.0402913731091044
"Hébergement-restauration",2019-09-30,2,2,0.000695474031887286,20,4,TRUE,-0.0688778865997968
"Hébergement-restauration",2019-12-31,2,2,0.0207674322776624,20,4,TRUE,0.0396077656015432
"Hébergement-restauration",2020-03-31,2,2,0.0144670409655867,20,7,TRUE,-0.329368517252892
"Hébergement-restauration",2020-06-30,2,2,-0.0330287254755641,20,27,TRUE,-0.857041072981717
"Hébergement-restauration",2020-09-30,2,2,0.250733413139605,20,16,TRUE,0.152814674284517
"Hébergement-restauration",2020-12-31,2,2,0.172042473842983,20,6,TRUE,0.184991785349833
"Hébergement-restauration",2021-03-31,2,2,0.000470542550128715,20,4,TRUE,0.108593379555545
"Hébergement-restauration",2021-06-30,2,2,-0.0877402546019433,20,4,TRUE,0.0325203058080987
"Hébergement-restauration",2021-09-30,2,2,0.162574344565727,20,6,TRUE,0.0912570059284388
"Hébergement-restauration",2021-12-31,2,2,-0.10527197403883,20,7,TRUE,0.0662513211980329
"Hébergement-restauration",2022-03-31,2,2,-0.0346666963867986,20,19,TRUE,0.172069210996341
"Hébergement-restauration",2022-06-30,2,2,0.255955466770219,20,5,TRUE,0.185682194782517
"Hébergement-restauration",2022-09-30,2,2,0.0575534613702096,20,3,TRUE,0.172534150339882
"Hébergement-restauration",2022-12-31,2,2,-0.0144941741241452,20,3,TRUE,0.0347188375472669
"Hébergement-restauration",2023-03-31,2,2,0.00465328285876684,20,2,TRUE,0.0350713189035368
"Hébergement-restauration",2023-06-30,2,2,0.0267363987614749,20,2,TRUE,0.0285381802766143
"Hébergement-restauration",2023-09-30,2,2,0.0037437494787053,20,3,TRUE,0.0131680998376478
"Hébergement-restauration",2023-12-31,2,2,0.0672135744147865,30,40,FALSE,0.00454308251082303
"Hébergement-restauration",2024-03-31,2,2,0.0668497058012487,30,40,FALSE,-0.0256302512562794
"Hébergement-restauration",2024-06-30,2,2,-0.00827255298923274,31,40,FALSE,0.0863211664480215
"Hébergement-restauration",2024-09-30,2,2,0.0146386942633334,31,40,FALSE,0.0395958337321503
"Hébergement-restauration",2024-12-31,2,2,0.000138324734165774,31,40,FALSE,0.0126078965454273
"Hébergement-restauration",2025-03-31,2,2,0.044905803949999,31,40,FALSE,-0.0551888649837782
"Hébergement-restauration",2025-06-30,2,2,0.0274273876822586,31,7,TRUE,0.0935791648916222
"Hébergement-restauration",2025-09-30,2,2,0.0446465246196466,31,3,TRUE,0.0109571254893179
"Hébergement-restauration",2025-12-31,2,2,-0.0463357145817384,31,3,TRUE,-0.0117140608570061
"Hébergement-restauration",2026-03-31,2,2,-0.00263658665600854,31,3,TRUE,-0.0149369838672992
"Hébergement-restauration",2014-06-30,3,2,0.0138080124012794,20,40,FALSE,0.0579051413275486
"Hébergement-restauration",2014-09-30,3,2,0.0147365759029892,20,40,FALSE,-0.100719732558025
"Hébergement-restauration",2014-12-31,3,2,0.0123250754523786,20,40,FALSE,0.0187926552611444
"Hébergement-restauration",2015-03-31,3,2,0.00129591232770998,20,40,FALSE,0.0127819913735721
"Hébergement-restauration",2015-06-30,3,2,0.0117372639986005,20,39,TRUE,0.0151974154132208
"Hébergement-restauration",2015-09-30,3,2,0.000858452972017624,20,11,TRUE,-0.0394942050942486
"Hébergement-restauration",2015-12-31,3,2,0.020824445867011,20,7,TRUE,0.0175488642456987
"Hébergement-restauration",2016-03-31,3,2,0.0010170174352582,20,16,TRUE,0.00665704009847978
"Hébergement-restauration",2016-06-30,3,2,0.0109150052460564,20,5,TRUE,-0.00832824764845164
"Hébergement-restauration",2016-09-30,3,2,-0.00136957799669767,20,6,TRUE,0.0560471819745558
"Hébergement-restauration",2016-12-31,3,2,0.0159840080986912,20,5,TRUE,0.0195963775895027
"Hébergement-restauration",2017-03-31,3,2,0.00315491446407591,20,9,TRUE,0.0277996430464089
"Hébergement-restauration",2017-06-30,3,2,0.0110846132095053,20,5,TRUE,0.0278215922434324
"Hébergement-restauration",2017-09-30,3,2,0.00334080798913942,20,7,TRUE,0.0102951493030083
"Hébergement-restauration",2017-12-31,3,2,0.015982988467676,20,8,TRUE,0.0188149524720291
"Hébergement-restauration",2018-03-31,3,2,0.00563888892117909,20,7,TRUE,0.0248370780464207
"Hébergement-restauration",2018-06-30,3,2,0.0114993541494357,20,6,TRUE,0.0148534421343882
"Hébergement-restauration",2018-09-30,3,2,0.00464409472162197,20,5,TRUE,-0.0200453834008396
"Hébergement-restauration",2018-12-31,3,2,0.0165588825679181,20,8,TRUE,0.0330719091401885
"Hébergement-restauration",2019-03-31,3,2,0.00838720240991982,20,12,TRUE,0.0107181372644138
"Hébergement-restauration",2019-06-30,3,2,0.0103642679190391,20,4,TRUE,0.0402913731091044
"Hébergement-restauration",2019-09-30,3,2,0.00410309432069099,20,9,TRUE,-0.0688778865997968
"Hébergement-restauration",2019-12-31,3,2,0.0192696918149899,20,19,TRUE,0.0396077656015432
"Hébergement-restauration",2020-03-31,3,2,0.0143812468853454,20,7,TRUE,-0.329368517252892
"Hébergement-restauration",2020-06-30,3,2,-0.0501689291502985,20,40,FALSE,-0.857041072981717
"Hébergement-restauration",2020-09-30,3,2,0.350603699540686,20,40,FALSE,0.152814674284517
"Hébergement-restauration",2020-12-31,3,2,0.176259877590398,20,40,FALSE,0.184991785349833
"Hébergement-restauration",2021-03-31,3,2,-0.0183770044177579,20,40,FALSE,0.108593379555545
"Hébergement-restauration",2021-06-30,3,2,-0.0791153169019376,20,32,TRUE,0.0325203058080987
"Hébergement-restauration",2021-09-30,3,2,0.172582131409623,20,12,TRUE,0.0912570059284388
"Hébergement-restauration",2021-12-31,3,2,-0.0953499351901455,20,9,TRUE,0.0662513211980329
"Hébergement-restauration",2022-03-31,3,2,-0.0719994373667428,20,26,TRUE,0.172069210996341
"Hébergement-restauration",2022-06-30,3,2,0.253767072498446,20,7,TRUE,0.185682194782517
"Hébergement-restauration",2022-09-30,3,2,0.0294868019682803,20,4,TRUE,0.172534150339882
"Hébergement-restauration",2022-12-31,3,2,0.0147912140475046,20,3,TRUE,0.0347188375472669
"Hébergement-restauration",2023-03-31,3,2,-0.00638538392704423,20,2,TRUE,0.0350713189035368
"Hébergement-restauration",2023-06-30,3,2,0.0400617888257043,20,3,TRUE,0.0285381802766143
"Hébergement-restauration",2023-09-30,3,2,0.00247227962619865,20,3,TRUE,0.0131680998376478
"Hébergement-restauration",2023-12-31,3,2,0.0612174081464627,30,40,FALSE,0.00454308251082303
"Hébergement-restauration",2024-03-31,3,2,-0.00261160550870048,30,40,FALSE,-0.0256302512562794
"Hébergement-restauration",2024-06-30,3,2,0.0169918068403529,31,40,FALSE,0.0863211664480215
"Hébergement-restauration",2024-09-30,3,2,0.00113024175865924,31,40,FALSE,0.0395958337321503
"Hébergement-restauration",2024-12-31,3,2,0.0104083396250119,31,40,FALSE,0.0126078965454273
"Hébergement-restauration",2025-03-31,3,2,-0.0202427143122921,31,40,FALSE,-0.0551888649837782
"Hébergement-restauration",2025-06-30,3,2,0.0427266664198979,31,25,TRUE,0.0935791648916222
"Hébergement-restauration",2025-09-30,3,2,0.044778615300663,31,4,TRUE,0.0109571254893179
"Hébergement-restauration",2025-12-31,3,2,-0.0593611223032467,31,3,TRUE,-0.0117140608570061
"Hébergement-restauration",2026-03-31,3,2,0.0031582388969999,31,3,TRUE,-0.0149369838672992
"Information-communication",2014-06-30,1,1,0.023711524311463,32,29,TRUE,0.0185608138362312
"Information-communication",2014-09-30,1,1,0.0234562483973814,32,6,TRUE,0.031275663358036
"Information-communication",2014-12-31,1,1,0.0237334364767004,32,4,TRUE,0.038634291236642
"Information-communication",2015-03-31,1,1,0.0247939162364255,32,6,TRUE,0.00404829052809141
"Information-communication",2015-06-30,1,1,0.0239102469659214,32,6,TRUE,-0.0211948620280431
"Information-communication",2015-09-30,1,1,0.0222863508284632,32,7,TRUE,-0.0255461304946749
"Information-communication",2015-12-31,1,1,0.021180947549039,32,6,TRUE,-0.0117556566679973
"Information-communication",2016-03-31,1,1,0.0208582328808936,32,4,TRUE,0.0441187349800902
"Information-communication",2016-06-30,1,1,0.022187499278115,32,4,TRUE,0.0324311797721624
"Information-communication",2016-09-30,1,1,0.022424310689112,32,5,TRUE,0.0156993215704908
"Information-communication",2016-12-31,1,1,0.0226933269237487,32,4,TRUE,0.0119540679681371
"Information-communication",2017-03-31,1,1,0.022676201379052,32,3,TRUE,-0.074924310117952
"Information-communication",2017-06-30,1,1,0.0204175005256632,32,21,TRUE,0.0264960645184544
"Information-communication",2017-09-30,1,1,0.0201127681020929,32,3,TRUE,0.0150230359818178
"Information-communication",2017-12-31,1,1,0.0195052803714065,32,12,TRUE,0.00966388766132553
"Information-communication",2018-03-31,1,1,0.0196321982196112,32,4,TRUE,-0.010365531714644
"Information-communication",2018-06-30,1,1,0.01922368810765,32,3,TRUE,0.0250131048881688
"Information-communication",2018-09-30,1,1,0.0192157735799335,32,3,TRUE,0.00871941409985943
"Information-communication",2018-12-31,1,1,0.0189770749673009,32,3,TRUE,0.0017418043179287
"Information-communication",2019-03-31,1,1,0.0192004495369319,32,4,TRUE,0.000840591265317769
"Information-communication",2019-06-30,1,1,0.0190817986070169,32,3,TRUE,0.00593404498862071
"Information-communication",2019-09-30,1,1,0.0184896939785666,32,4,TRUE,0.0095827091317755
"Information-communication",2019-12-31,1,1,0.0183147221275642,32,3,TRUE,0.0110725639758531
"Information-communication",2020-03-31,1,1,0.0186426618815649,32,4,TRUE,0.0419599960536452
"Information-communication",2020-06-30,1,1,0.0190094021175294,32,3,TRUE,-0.0210436716728193
"Information-communication",2020-09-30,1,1,0.0170563840593136,33,29,TRUE,-0.00204975173975619
"Information-communication",2020-12-31,1,1,0.0155156344300113,33,4,TRUE,0.0411703029645043
"Information-communication",2021-03-31,1,1,0.0157699741010028,33,3,TRUE,-0.0536933298258049
"Information-communication",2021-06-30,1,1,0.0148496161028177,33,4,TRUE,0.00186143113149839
"Information-communication",2021-09-30,1,1,0.0138886878196249,33,4,TRUE,0.00942302584054922
"Information-communication",2021-12-31,1,1,0.0137997415366868,33,4,TRUE,0.0317145043040412
"Information-communication",2022-03-31,1,1,0.0143406142629514,33,3,TRUE,0.00597454514787366
"Information-communication",2022-06-30,1,1,0.0140088388451281,33,3,TRUE,0.00161153463684727
"Information-communication",2022-09-30,1,1,0.0126493427085459,33,5,TRUE,0.0112829099708271
"Information-communication",2022-12-31,1,1,0.0124992434868628,33,3,TRUE,-0.0182958711637902
"Information-communication",2023-03-31,1,1,0.0119187857155045,33,3,TRUE,0.0550902776591649
"Information-communication",2023-06-30,1,1,0.0128980936935566,33,3,TRUE,0.0108067356801964
"Information-communication",2023-09-30,1,1,0.0120107275525406,33,5,TRUE,-0.00473773465213512
"Information-communication",2023-12-31,1,1,0.0118511107457899,33,4,TRUE,-0.000895282531592656
"Information-communication",2024-03-31,1,1,0.0116297218156198,33,3,TRUE,0.026793324234438
"Information-communication",2024-06-30,1,1,0.011209188805502,33,5,TRUE,0.001257668725545
"Information-communication",2024-09-30,1,1,0.0104014300550155,33,4,TRUE,-0.00629426164916325
"Information-communication",2024-12-31,1,1,0.00997443571053475,33,3,TRUE,0.0171119883477697
"Information-communication",2025-03-31,1,1,0.0102855370230917,33,4,TRUE,-0.0293164263615733
"Information-communication",2025-06-30,1,1,0.00914332426037918,33,3,TRUE,0.0212659373554622
"Information-communication",2025-09-30,1,1,0.00838722711847713,33,5,TRUE,-0.0160974475343618
"Information-communication",2025-12-31,1,1,0.00787802428049846,33,4,TRUE,0.0239716974815245
"Information-communication",2026-03-31,1,1,0.00927902984571575,33,6,TRUE,-0.00933597860249158
"Information-communication",2014-06-30,2,1,0.0509189770007543,32,40,FALSE,0.0185608138362312
"Information-communication",2014-09-30,2,1,0.0513416384697282,32,40,FALSE,0.031275663358036
"Information-communication",2014-12-31,2,1,0.0518804556471939,32,14,TRUE,0.038634291236642
"Information-communication",2015-03-31,2,1,0.0509048110459184,32,19,TRUE,0.00404829052809141
"Information-communication",2015-06-30,2,1,0.0499399555716486,32,16,TRUE,-0.0211948620280431
"Information-communication",2015-09-30,2,1,0.0491831124884298,32,19,TRUE,-0.0255461304946749
"Information-communication",2015-12-31,2,1,0.0452209777236847,32,40,FALSE,-0.0117556566679973
"Information-communication",2016-03-31,2,1,0.0420159597743448,32,16,TRUE,0.0441187349800902
"Information-communication",2016-06-30,2,1,0.0423411836983426,32,6,TRUE,0.0324311797721624
"Information-communication",2016-09-30,2,1,0.0436051285490098,32,10,TRUE,0.0156993215704908
"Information-communication",2016-12-31,2,1,0.0427058141267234,32,6,TRUE,0.0119540679681371
"Information-communication",2017-03-31,2,1,0.042217216364266,32,3,TRUE,-0.074924310117952
"Information-communication",2017-06-30,2,1,0.037413217970904,32,6,TRUE,0.0264960645184544
"Information-communication",2017-09-30,2,1,0.0383487480269198,32,9,TRUE,0.0150230359818178
"Information-communication",2017-12-31,2,1,0.0382939855719437,32,4,TRUE,0.00966388766132553
"Information-communication",2018-03-31,2,1,0.0372207008005296,32,5,TRUE,-0.010365531714644
"Information-communication",2018-06-30,2,1,0.035826930576704,32,4,TRUE,0.0250131048881688
"Information-communication",2018-09-30,2,1,0.0365921849882583,32,5,TRUE,0.00871941409985943
"Information-communication",2018-12-31,2,1,0.035199945851462,32,5,TRUE,0.0017418043179287
"Information-communication",2019-03-31,2,1,0.0347027437619967,32,4,TRUE,0.000840591265317769
"Information-communication",2019-06-30,2,1,0.0337417994994323,32,4,TRUE,0.00593404498862071
"Information-communication",2019-09-30,2,1,0.0343487833746255,32,14,TRUE,0.0095827091317755
"Information-communication",2019-12-31,2,1,0.0339089486169506,32,5,TRUE,0.0110725639758531
"Information-communication",2020-03-31,2,1,0.033135078307266,32,5,TRUE,0.0419599960536452
"Information-communication",2020-06-30,2,1,0.0334433595446744,32,4,TRUE,-0.0210436716728193
"Information-communication",2020-09-30,2,1,0.0321599489417635,33,40,FALSE,-0.00204975173975619
"Information-communication",2020-12-31,2,1,0.0315058849004708,33,5,TRUE,0.0411703029645043
"Information-communication",2021-03-31,2,1,0.0319778083384072,33,4,TRUE,-0.0536933298258049
"Information-communication",2021-06-30,2,1,0.0290441175183302,33,5,TRUE,0.00186143113149839
"Information-communication",2021-09-30,2,1,0.0279959380151376,33,3,TRUE,0.00942302584054922
"Information-communication",2021-12-31,2,1,0.0270643518546336,33,4,TRUE,0.0317145043040412
"Information-communication",2022-03-31,2,1,0.0268329935119743,33,4,TRUE,0.00597454514787366
"Information-communication",2022-06-30,2,1,0.0259302618042646,33,7,TRUE,0.00161153463684727
"Information-communication",2022-09-30,2,1,0.0260489352597684,33,11,TRUE,0.0112829099708271
"Information-communication",2022-12-31,2,1,0.0254423584242448,33,4,TRUE,-0.0182958711637902
"Information-communication",2023-03-31,2,1,0.023407218602639,33,4,TRUE,0.0550902776591649
"Information-communication",2023-06-30,2,1,0.0234588489288521,33,4,TRUE,0.0108067356801964
"Information-communication",2023-09-30,2,1,0.0226221108869545,33,3,TRUE,-0.00473773465213512
"Information-communication",2023-12-31,2,1,0.0209308227563167,33,4,TRUE,-0.000895282531592656
"Information-communication",2024-03-31,2,1,0.0186798237692078,33,6,TRUE,0.026793324234438
"Information-communication",2024-06-30,2,1,0.0182374651895889,33,3,TRUE,0.001257668725545
"Information-communication",2024-09-30,2,1,0.0172673725426511,33,3,TRUE,-0.00629426164916325
"Information-communication",2024-12-31,2,1,0.015816312368913,33,4,TRUE,0.0171119883477697
"Information-communication",2025-03-31,2,1,0.0150073848851189,33,4,TRUE,-0.0293164263615733
"Information-communication",2025-06-30,2,1,0.0131661819293189,33,4,TRUE,0.0212659373554622
"Information-communication",2025-09-30,2,1,0.0127646747263721,33,3,TRUE,-0.0160974475343618
"Information-communication",2025-12-31,2,1,0.0127068269723123,33,8,TRUE,0.0239716974815245
"Information-communication",2026-03-31,2,1,0.0152657509477951,33,19,TRUE,-0.00933597860249158
"Information-communication",2014-06-30,3,1,0.0420716545445002,32,40,FALSE,0.0185608138362312
"Information-communication",2014-09-30,3,1,0.0430494314682959,32,40,FALSE,0.031275663358036
"Information-communication",2014-12-31,3,1,0.043138732741984,32,40,FALSE,0.038634291236642
"Information-communication",2015-03-31,3,1,0.0426231550298927,32,40,FALSE,0.00404829052809141
"Information-communication",2015-06-30,3,1,0.0437172837396341,32,40,FALSE,-0.0211948620280431
"Information-communication",2015-09-30,3,1,0.0426506987271389,32,40,FALSE,-0.0255461304946749
"Information-communication",2015-12-31,3,1,0.0305870870637498,32,40,FALSE,-0.0117556566679973
"Information-communication",2016-03-31,3,1,0.00751187048074159,32,40,FALSE,0.0441187349800902
"Information-communication",2016-06-30,3,1,0.00578164932383987,32,40,FALSE,0.0324311797721624
"Information-communication",2016-09-30,3,1,0.0523760333310084,32,40,FALSE,0.0156993215704908
"Information-communication",2016-12-31,3,1,0.051848176556993,32,20,TRUE,0.0119540679681371
"Information-communication",2017-03-31,3,1,0.0507646432849814,32,7,TRUE,-0.074924310117952
"Information-communication",2017-06-30,3,1,0.0395602958705066,32,9,TRUE,0.0264960645184544
"Information-communication",2017-09-30,3,1,0.0423661460485083,32,21,TRUE,0.0150230359818178
"Information-communication",2017-12-31,3,1,0.0411031291863103,32,12,TRUE,0.00966388766132553
"Information-communication",2018-03-31,3,1,0.0396455501248331,32,7,TRUE,-0.010365531714644
"Information-communication",2018-06-30,3,1,0.0367086317796171,32,8,TRUE,0.0250131048881688
"Information-communication",2018-09-30,3,1,0.0362658264973811,32,13,TRUE,0.00871941409985943
"Information-communication",2018-12-31,3,1,-0.00438539640942728,32,40,FALSE,0.0017418043179287
"Information-communication",2019-03-31,3,1,-0.00453749226528588,32,7,TRUE,0.000840591265317769
"Information-communication",2019-06-30,3,1,-0.00385985910545715,32,15,TRUE,0.00593404498862071
"Information-communication",2019-09-30,3,1,-0.00571435322019138,32,38,TRUE,0.0095827091317755
"Information-communication",2019-12-31,3,1,-0.00439018475922517,32,16,TRUE,0.0110725639758531
"Information-communication",2020-03-31,3,1,-0.00246311139175622,32,26,TRUE,0.0419599960536452
"Information-communication",2020-06-30,3,1,0.00162207777678835,32,23,TRUE,-0.0210436716728193
"Information-communication",2020-09-30,3,1,0.0334364977644192,33,40,FALSE,-0.00204975173975619
"Information-communication",2020-12-31,3,1,0.0360108478037425,33,40,FALSE,0.0411703029645043
"Information-communication",2021-03-31,3,1,0.0378644913039217,33,22,TRUE,-0.0536933298258049
"Information-communication",2021-06-30,3,1,0.0350225501048272,33,15,TRUE,0.00186143113149839
"Information-communication",2021-09-30,3,1,0.0313371856741216,33,25,TRUE,0.00942302584054922
"Information-communication",2021-12-31,3,1,0.0372065991919624,33,4,TRUE,0.0317145043040412
"Information-communication",2022-03-31,3,1,0.0360578237047977,33,5,TRUE,0.00597454514787366
"Information-communication",2022-06-30,3,1,0.0332479501490615,33,5,TRUE,0.00161153463684727
"Information-communication",2022-09-30,3,1,0.0288497058748604,33,9,TRUE,0.0112829099708271
"Information-communication",2022-12-31,3,1,0.0360661197317499,33,6,TRUE,-0.0182958711637902
"Information-communication",2023-03-31,3,1,0.0318919585556129,33,6,TRUE,0.0550902776591649
"Information-communication",2023-06-30,3,1,0.031895815579658,33,5,TRUE,0.0108067356801964
"Information-communication",2023-09-30,3,1,0.0286993626872849,33,8,TRUE,-0.00473773465213512
"Information-communication",2023-12-31,3,1,0.0344551506052712,33,9,TRUE,-0.000895282531592656
"Information-communication",2024-03-31,3,1,0.0306161347745756,33,7,TRUE,0.026793324234438
"Information-communication",2024-06-30,3,1,0.0288992516831616,33,5,TRUE,0.001257668725545
"Information-communication",2024-09-30,3,1,0.025209372515103,33,5,TRUE,-0.00629426164916325
"Information-communication",2024-12-31,3,1,0.0314155480898878,33,8,TRUE,0.0171119883477697
"Information-communication",2025-03-31,3,1,0.0275046890260992,33,9,TRUE,-0.0293164263615733
"Information-communication",2025-06-30,3,1,0.0226618605780975,33,5,TRUE,0.0212659373554622
"Information-communication",2025-09-30,3,1,0.0216034049432099,33,5,TRUE,-0.0160974475343618
"Information-communication",2025-12-31,3,1,0.0270213652449282,33,4,TRUE,0.0239716974815245
"Information-communication",2026-03-31,3,1,0.0238528702518801,33,7,TRUE,-0.00933597860249158
"Information-communication",2014-06-30,1,2,0.0236974133894415,32,17,TRUE,0.0185608138362312
"Information-communication",2014-09-30,1,2,0.0234585361312045,32,4,TRUE,0.031275663358036
"Information-communication",2014-12-31,1,2,0.0237231008863439,32,4,TRUE,0.038634291236642
"Information-communication",2015-03-31,1,2,0.0247789079282951,32,6,TRUE,0.00404829052809141
"Information-communication",2015-06-30,1,2,0.0238966136062355,32,6,TRUE,-0.0211948620280431
"Information-communication",2015-09-30,1,2,0.0223287605666335,32,10,TRUE,-0.0255461304946749
"Information-communication",2015-12-31,1,2,0.0211791215116682,32,4,TRUE,-0.0117556566679973
"Information-communication",2016-03-31,1,2,0.0208615527590156,32,4,TRUE,0.0441187349800902
"Information-communication",2016-06-30,1,2,0.0221952141878451,32,5,TRUE,0.0324311797721624
"Information-communication",2016-09-30,1,2,0.0224239162568844,32,5,TRUE,0.0156993215704908
"Information-communication",2016-12-31,1,2,0.0226934769082139,32,4,TRUE,0.0119540679681371
"Information-communication",2017-03-31,1,2,0.0226747364760069,32,3,TRUE,-0.074924310117952
"Information-communication",2017-06-30,1,2,0.0203730188581623,32,26,TRUE,0.0264960645184544
"Information-communication",2017-09-30,1,2,0.0200709009537581,32,3,TRUE,0.0150230359818178
"Information-communication",2017-12-31,1,2,0.0194722420286412,32,14,TRUE,0.00966388766132553
"Information-communication",2018-03-31,1,2,0.0196250402457427,32,4,TRUE,-0.010365531714644
"Information-communication",2018-06-30,1,2,0.0192211156058708,32,3,TRUE,0.0250131048881688
"Information-communication",2018-09-30,1,2,0.019216864222119,32,3,TRUE,0.00871941409985943
"Information-communication",2018-12-31,1,2,0.0189768149047058,32,3,TRUE,0.0017418043179287
"Information-communication",2019-03-31,1,2,0.0192033744961929,32,4,TRUE,0.000840591265317769
"Information-communication",2019-06-30,1,2,0.0190854982354913,32,3,TRUE,0.00593404498862071
"Information-communication",2019-09-30,1,2,0.0184935309625852,32,4,TRUE,0.0095827091317755
"Information-communication",2019-12-31,1,2,0.0183223910017691,32,3,TRUE,0.0110725639758531
"Information-communication",2020-03-31,1,2,0.018653568638829,32,4,TRUE,0.0419599960536452
"Information-communication",2020-06-30,1,2,0.0190162655522319,32,3,TRUE,-0.0210436716728193
"Information-communication",2020-09-30,1,2,0.0171392249300492,33,21,TRUE,-0.00204975173975619
"Information-communication",2020-12-31,1,2,0.015577676983624,33,5,TRUE,0.0411703029645043
"Information-communication",2021-03-31,1,2,0.0158004602070962,33,3,TRUE,-0.0536933298258049
"Information-communication",2021-06-30,1,2,0.0148473228777946,33,4,TRUE,0.00186143113149839
"Information-communication",2021-09-30,1,2,0.0138802786098262,33,5,TRUE,0.00942302584054922
"Information-communication",2021-12-31,1,2,0.013792812746708,33,4,TRUE,0.0317145043040412
"Information-communication",2022-03-31,1,2,0.0143268220101766,33,3,TRUE,0.00597454514787366
"Information-communication",2022-06-30,1,2,0.013997816958425,33,3,TRUE,0.00161153463684727
"Information-communication",2022-09-30,1,2,0.0126329572897517,33,5,TRUE,0.0112829099708271
"Information-communication",2022-12-31,1,2,0.0124906626475165,33,3,TRUE,-0.0182958711637902
"Information-communication",2023-03-31,1,2,0.0118997253141631,33,3,TRUE,0.0550902776591649
"Information-communication",2023-06-30,1,2,0.0128795118659024,33,3,TRUE,0.0108067356801964
"Information-communication",2023-09-30,1,2,0.0119868134643946,33,5,TRUE,-0.00473773465213512
"Information-communication",2023-12-31,1,2,0.0118405776823287,33,4,TRUE,-0.000895282531592656
"Information-communication",2024-03-31,1,2,0.0116047298679584,33,3,TRUE,0.026793324234438
"Information-communication",2024-06-30,1,2,0.0111751155531453,33,5,TRUE,0.001257668725545
"Information-communication",2024-09-30,1,2,0.0103794356965029,33,4,TRUE,-0.00629426164916325
"Information-communication",2024-12-31,1,2,0.00995524935422662,33,3,TRUE,0.0171119883477697
"Information-communication",2025-03-31,1,2,0.0102602611602848,33,4,TRUE,-0.0293164263615733
"Information-communication",2025-06-30,1,2,0.00911320888787548,33,3,TRUE,0.0212659373554622
"Information-communication",2025-09-30,1,2,0.00836711889678562,33,5,TRUE,-0.0160974475343618
"Information-communication",2025-12-31,1,2,0.00785823301344968,33,4,TRUE,0.0239716974815245
"Information-communication",2026-03-31,1,2,0.00924900487017409,33,6,TRUE,-0.00933597860249158
"Information-communication",2014-06-30,2,2,0.0507965703682984,32,40,FALSE,0.0185608138362312
"Information-communication",2014-09-30,2,2,0.0513595850035554,32,40,FALSE,0.031275663358036
"Information-communication",2014-12-31,2,2,0.0521254252992884,32,40,FALSE,0.038634291236642
"Information-communication",2015-03-31,2,2,0.0510827186739714,32,40,FALSE,0.00404829052809141
"Information-communication",2015-06-30,2,2,0.0494274117710396,32,40,FALSE,-0.0211948620280431
"Information-communication",2015-09-30,2,2,0.0488864778330256,32,40,FALSE,-0.0255461304946749
"Information-communication",2015-12-31,2,2,0.045990844096111,32,40,FALSE,-0.0117556566679973
"Information-communication",2016-03-31,2,2,0.0435213751273943,32,12,TRUE,0.0441187349800902
"Information-communication",2016-06-30,2,2,0.0436441193248409,32,14,TRUE,0.0324311797721624
"Information-communication",2016-09-30,2,2,0.0448587380660367,32,14,TRUE,0.0156993215704908
"Information-communication",2016-12-31,2,2,0.0436688528823552,32,6,TRUE,0.0119540679681371
"Information-communication",2017-03-31,2,2,0.0435320826571432,32,6,TRUE,-0.074924310117952
"Information-communication",2017-06-30,2,2,0.0398105334443603,32,5,TRUE,0.0264960645184544
"Information-communication",2017-09-30,2,2,0.0416335538759732,32,17,TRUE,0.0150230359818178
"Information-communication",2017-12-31,2,2,0.041315292812772,32,17,TRUE,0.00966388766132553
"Information-communication",2018-03-31,2,2,0.0397874128294817,32,4,TRUE,-0.010365531714644
"Information-communication",2018-06-30,2,2,0.0385284241775924,32,4,TRUE,0.0250131048881688
"Information-communication",2018-09-30,2,2,0.0399186704942831,32,6,TRUE,0.00871941409985943
"Information-communication",2018-12-31,2,2,0.0386020899304436,32,4,TRUE,0.0017418043179287
"Information-communication",2019-03-31,2,2,0.0374899623693804,32,6,TRUE,0.000840591265317769
"Information-communication",2019-06-30,2,2,0.036663154145449,32,5,TRUE,0.00593404498862071
"Information-communication",2019-09-30,2,2,0.0374494333533706,32,8,TRUE,0.0095827091317755
"Information-communication",2019-12-31,2,2,0.0370245232244141,32,9,TRUE,0.0110725639758531
"Information-communication",2020-03-31,2,2,0.0362672363474158,32,4,TRUE,0.0419599960536452
"Information-communication",2020-06-30,2,2,0.0362747872960551,32,4,TRUE,-0.0210436716728193
"Information-communication",2020-09-30,2,2,0.0325058138385967,33,33,TRUE,-0.00204975173975619
"Information-communication",2020-12-31,2,2,0.0320529103536308,33,9,TRUE,0.0411703029645043
"Information-communication",2021-03-31,2,2,0.032432408242277,33,4,TRUE,-0.0536933298258049
"Information-communication",2021-06-30,2,2,0.0295306209454772,33,4,TRUE,0.00186143113149839
"Information-communication",2021-09-30,2,2,0.0284769596382073,33,3,TRUE,0.00942302584054922
"Information-communication",2021-12-31,2,2,0.0280050434382753,33,29,TRUE,0.0317145043040412
"Information-communication",2022-03-31,2,2,0.0277290354808789,33,4,TRUE,0.00597454514787366
"Information-communication",2022-06-30,2,2,0.0269056369605384,33,3,TRUE,0.00161153463684727
"Information-communication",2022-09-30,2,2,0.0270103981710272,33,15,TRUE,0.0112829099708271
"Information-communication",2022-12-31,2,2,0.0263244986567283,33,4,TRUE,-0.0182958711637902
"Information-communication",2023-03-31,2,2,0.0242613721707301,33,4,TRUE,0.0550902776591649
"Information-communication",2023-06-30,2,2,0.0240648908961113,33,7,TRUE,0.0108067356801964
"Information-communication",2023-09-30,2,2,0.0234666969438507,33,10,TRUE,-0.00473773465213512
"Information-communication",2023-12-31,2,2,0.0217490586091671,33,4,TRUE,-0.000895282531592656
"Information-communication",2024-03-31,2,2,0.0192600175475357,33,7,TRUE,0.026793324234438
"Information-communication",2024-06-30,2,2,0.0188978328610691,33,3,TRUE,0.001257668725545
"Information-communication",2024-09-30,2,2,0.0180178300911518,33,3,TRUE,-0.00629426164916325
"Information-communication",2024-12-31,2,2,0.0165630564928289,33,4,TRUE,0.0171119883477697
"Information-communication",2025-03-31,2,2,0.0153244399930753,33,6,TRUE,-0.0293164263615733
"Information-communication",2025-06-30,2,2,0.0138569342935332,33,3,TRUE,0.0212659373554622
"Information-communication",2025-09-30,2,2,0.0135339897282661,33,3,TRUE,-0.0160974475343618
"Information-communication",2025-12-31,2,2,0.0134509451425383,33,9,TRUE,0.0239716974815245
"Information-communication",2026-03-31,2,2,0.0161490250492743,33,11,TRUE,-0.00933597860249158
"Information-communication",2014-06-30,3,2,0.0426755257898524,32,40,FALSE,0.0185608138362312
"Information-communication",2014-09-30,3,2,0.0440218030311771,32,40,FALSE,0.031275663358036
"Information-communication",2014-12-31,3,2,0.0451499658900201,32,40,FALSE,0.038634291236642
"Information-communication",2015-03-31,3,2,0.044825955162391,32,40,FALSE,0.00404829052809141
"Information-communication",2015-06-30,3,2,0.0438125094055917,32,40,FALSE,-0.0211948620280431
"Information-communication",2015-09-30,3,2,0.0433191180027227,32,40,FALSE,-0.0255461304946749
"Information-communication",2015-12-31,3,2,0.0366737079994354,32,35,TRUE,-0.0117556566679973
"Information-communication",2016-03-31,3,2,0.00707387459224592,32,40,FALSE,0.0441187349800902
"Information-communication",2016-06-30,3,2,0.00350906484364084,32,40,FALSE,0.0324311797721624
"Information-communication",2016-09-30,3,2,0.0526736028219639,32,40,FALSE,0.0156993215704908
"Information-communication",2016-12-31,3,2,0.0526565321398152,32,40,FALSE,0.0119540679681371
"Information-communication",2017-03-31,3,2,0.0515721132920884,32,40,FALSE,-0.074924310117952
"Information-communication",2017-06-30,3,2,0.0390382430414285,32,40,FALSE,0.0264960645184544
"Information-communication",2017-09-30,3,2,0.0376497268537136,32,40,FALSE,0.0150230359818178
"Information-communication",2017-12-31,3,2,0.0353665722933767,32,40,FALSE,0.00966388766132553
"Information-communication",2018-03-31,3,2,0.0385716396314299,32,12,TRUE,-0.010365531714644
"Information-communication",2018-06-30,3,2,0.0348375435906965,32,11,TRUE,0.0250131048881688
"Information-communication",2018-09-30,3,2,0.0289091362391596,32,6,TRUE,0.00871941409985943
"Information-communication",2018-12-31,3,2,0.040795543214865,32,40,FALSE,0.0017418043179287
"Information-communication",2019-03-31,3,2,0.0376453826477327,32,40,FALSE,0.000840591265317769
"Information-communication",2019-06-30,3,2,0.031337188476288,32,40,FALSE,0.00593404498862071
"Information-communication",2019-09-30,3,2,0.000277002420290051,32,40,FALSE,0.0095827091317755
"Information-communication",2019-12-31,3,2,-0.00125162691715784,32,40,FALSE,0.0110725639758531
"Information-communication",2020-03-31,3,2,-0.00124511234690512,32,40,FALSE,0.0419599960536452
"Information-communication",2020-06-30,3,2,0.000951351109710272,32,40,FALSE,-0.0210436716728193
"Information-communication",2020-09-30,3,2,0.0345224367480324,33,40,FALSE,-0.00204975173975619
"Information-communication",2020-12-31,3,2,0.0364116357952833,33,40,FALSE,0.0411703029645043
"Information-communication",2021-03-31,3,2,0.0381522179084999,33,24,TRUE,-0.0536933298258049
"Information-communication",2021-06-30,3,2,0.0353788932549473,33,15,TRUE,0.00186143113149839
"Information-communication",2021-09-30,3,2,0.0316702167114733,33,26,TRUE,0.00942302584054922
"Information-communication",2021-12-31,3,2,0.0379123448030912,33,36,TRUE,0.0317145043040412
"Information-communication",2022-03-31,3,2,0.0364865046034506,33,31,TRUE,0.00597454514787366
"Information-communication",2022-06-30,3,2,0.033425744772732,33,4,TRUE,0.00161153463684727
"Information-communication",2022-09-30,3,2,0.0289701074281468,33,17,TRUE,0.0112829099708271
"Information-communication",2022-12-31,3,2,0.0365600231904713,33,40,FALSE,-0.0182958711637902
"Information-communication",2023-03-31,3,2,0.0320955152306131,33,40,FALSE,0.0550902776591649
"Information-communication",2023-06-30,3,2,0.0320510438787669,33,40,FALSE,0.0108067356801964
"Information-communication",2023-09-30,3,2,0.0289982815273218,33,40,FALSE,-0.00473773465213512
"Information-communication",2023-12-31,3,2,0.0353605496339948,33,40,FALSE,-0.000895282531592656
"Information-communication",2024-03-31,3,2,0.0318200445599407,33,40,FALSE,0.026793324234438
"Information-communication",2024-06-30,3,2,0.0308030635539209,33,40,FALSE,0.001257668725545
"Information-communication",2024-09-30,3,2,0.0277952519449795,33,40,FALSE,-0.00629426164916325
"Information-communication",2024-12-31,3,2,0.0363263229497757,33,40,FALSE,0.0171119883477697
"Information-communication",2025-03-31,3,2,0.0342144279235738,33,40,FALSE,-0.0293164263615733
"Information-communication",2025-06-30,3,2,0.0302318312637426,33,19,TRUE,0.0212659373554622
"Information-communication",2025-09-30,3,2,0.0295225051373427,33,17,TRUE,-0.0160974475343618
"Information-communication",2025-12-31,3,2,0.0347941994006024,33,11,TRUE,0.0239716974815245
"Information-communication",2026-03-31,3,2,0.0319980979280401,33,10,TRUE,-0.00933597860249158
"Finances et assurances",2014-06-30,1,1,0.0119601036360715,29,10,TRUE,0.00979204446059612
"Finances et assurances",2014-09-30,1,1,0.0120843503739758,29,3,TRUE,0.0108712876306072
"Finances et assurances",2014-12-31,1,1,0.0108175571883889,29,4,TRUE,0.00817212302553116
"Finances et assurances",2015-03-31,1,1,0.0100547916462288,29,3,TRUE,0.0025733872860485
"Finances et assurances",2015-06-30,1,1,0.0111392120503822,29,3,TRUE,-0.000283635140750249
"Finances et assurances",2015-09-30,1,1,0.010805991119609,29,3,TRUE,0.00555168992811517
"Finances et assurances",2015-12-31,1,1,0.0104190460447003,29,4,TRUE,0.0216448096360278
"Finances et assurances",2016-03-31,1,1,0.00879282727523946,29,4,TRUE,0.0116644403276638
"Finances et assurances",2016-06-30,1,1,0.0113955131961907,29,4,TRUE,0.0132480316692885
"Finances et assurances",2016-09-30,1,1,0.0114457053593564,29,3,TRUE,0.0406230501366736
"Finances et assurances",2016-12-31,1,1,0.0109721926825739,29,3,TRUE,-0.0101673768515305
"Finances et assurances",2017-03-31,1,1,0.00977337982334013,29,3,TRUE,0.00552692213443429
"Finances et assurances",2017-06-30,1,1,0.0120795352005921,29,3,TRUE,0.0236163865511507
"Finances et assurances",2017-09-30,1,1,0.0108207475439073,29,3,TRUE,-0.00152331413688955
"Finances et assurances",2017-12-31,1,1,0.0104416493349236,29,3,TRUE,-0.00363516724733692
"Finances et assurances",2018-03-31,1,1,0.00971408710565432,29,3,TRUE,0.0129764503213643
"Finances et assurances",2018-06-30,1,1,0.0110790451365468,29,3,TRUE,-0.00435156893570188
"Finances et assurances",2018-09-30,1,1,0.0110115377958064,29,3,TRUE,0.00735193248656962
"Finances et assurances",2018-12-31,1,1,0.0103758763850506,29,3,TRUE,0.0110438895944789
"Finances et assurances",2019-03-31,1,1,0.0099345690709562,29,3,TRUE,0.0315392522985256
"Finances et assurances",2019-06-30,1,1,0.0113088849951597,29,3,TRUE,0.000435811706188005
"Finances et assurances",2019-09-30,1,1,0.0106685186528609,29,3,TRUE,0.0130609593133908
"Finances et assurances",2019-12-31,1,1,0.0106094493565593,29,3,TRUE,0.00825566078032658
"Finances et assurances",2020-03-31,1,1,0.0101125563416456,29,3,TRUE,-0.0212114526144092
"Finances et assurances",2020-06-30,1,1,0.0101578937939278,29,3,TRUE,0.0113083327777996
"Finances et assurances",2020-09-30,1,1,0.0109043964378725,31,16,TRUE,0.00678756570547989
"Finances et assurances",2020-12-31,1,1,0.010438577152432,31,4,TRUE,0.0114494849451461
"Finances et assurances",2021-03-31,1,1,0.000406540515169683,31,35,TRUE,-0.00739307250548649
"Finances et assurances",2021-06-30,1,1,0.0145892915180223,31,3,TRUE,0.0281576114642981
"Finances et assurances",2021-09-30,1,1,0.00807363155952589,31,4,TRUE,0.00585438399346749
"Finances et assurances",2021-12-31,1,1,0.00947318645611554,31,3,TRUE,0.016641170500078
"Finances et assurances",2022-03-31,1,1,0.00919697076721163,31,3,TRUE,0.0414257987284206
"Finances et assurances",2022-06-30,1,1,0.0101929231610666,31,3,TRUE,0.031410255383383
"Finances et assurances",2022-09-30,1,1,0.00994038305334316,31,4,TRUE,0.0122236867003789
"Finances et assurances",2022-12-31,1,1,0.0119486474581593,31,3,TRUE,0.00818990746985371
"Finances et assurances",2023-03-31,1,1,0.0115525624291998,31,3,TRUE,0.0177076136496304
"Finances et assurances",2023-06-30,1,1,0.0139207179868178,31,3,TRUE,0.0142309413674457
"Finances et assurances",2023-09-30,1,1,0.0144980940496324,31,3,TRUE,0.0138611051650379
"Finances et assurances",2023-12-31,1,1,0.0119705538597253,31,3,TRUE,0.0205123675274645
"Finances et assurances",2024-03-31,1,1,0.0124804178657177,31,3,TRUE,0.034226988537851
"Finances et assurances",2024-06-30,1,1,0.00870051352295869,31,2,TRUE,0.00677789865920531
"Finances et assurances",2024-09-30,1,1,0.00885811496199054,31,3,TRUE,0.0307983277209374
"Finances et assurances",2024-12-31,1,1,0.0109791752124176,31,3,TRUE,0.024404004984877
"Finances et assurances",2025-03-31,1,1,0.00850762533919711,31,3,TRUE,-0.00576523644903126
"Finances et assurances",2025-06-30,1,1,0.0110245581663772,31,3,TRUE,-0.000740007216192495
"Finances et assurances",2025-09-30,1,1,0.0104442947921963,31,3,TRUE,0.0383171453817219
"Finances et assurances",2025-12-31,1,1,0.0163493605000744,31,3,TRUE,0.02252710319177
"Finances et assurances",2026-03-31,1,1,0.00991337395275115,31,3,TRUE,0.0131482423939122
"Finances et assurances",2014-06-30,2,1,0.00703525908472996,29,12,TRUE,0.00979204446059612
"Finances et assurances",2014-09-30,2,1,0.00436215519544822,29,3,TRUE,0.0108712876306072
"Finances et assurances",2014-12-31,2,1,0.0118247279365786,29,3,TRUE,0.00817212302553116
"Finances et assurances",2015-03-31,2,1,0.0101296253675829,29,3,TRUE,0.0025733872860485
"Finances et assurances",2015-06-30,2,1,0.0116957719254522,29,3,TRUE,-0.000283635140750249
"Finances et assurances",2015-09-30,2,1,0.00900378940205001,29,3,TRUE,0.00555168992811517
"Finances et assurances",2015-12-31,2,1,0.0132954984169095,29,3,TRUE,0.0216448096360278
"Finances et assurances",2016-03-31,2,1,0.000202425377166925,29,4,TRUE,0.0116644403276638
"Finances et assurances",2016-06-30,2,1,0.0101441843056527,29,3,TRUE,0.0132480316692885
"Finances et assurances",2016-09-30,2,1,0.010761585248563,29,3,TRUE,0.0406230501366736
"Finances et assurances",2016-12-31,2,1,0.0164738987932112,29,3,TRUE,-0.0101673768515305
"Finances et assurances",2017-03-31,2,1,0.00752500099889242,29,3,TRUE,0.00552692213443429
"Finances et assurances",2017-06-30,2,1,0.0127783210659119,29,3,TRUE,0.0236163865511507
"Finances et assurances",2017-09-30,2,1,0.0072387059278536,29,3,TRUE,-0.00152331413688955
"Finances et assurances",2017-12-31,2,1,0.00961331288610767,29,3,TRUE,-0.00363516724733692
"Finances et assurances",2018-03-31,2,1,0.00478280316218839,29,3,TRUE,0.0129764503213643
"Finances et assurances",2018-06-30,2,1,0.00835275694484838,29,3,TRUE,-0.00435156893570188
"Finances et assurances",2018-09-30,2,1,0.00825839633224427,29,3,TRUE,0.00735193248656962
"Finances et assurances",2018-12-31,2,1,0.0105920712486939,29,40,FALSE,0.0110438895944789
"Finances et assurances",2019-03-31,2,1,0.0079957666335564,29,12,TRUE,0.0315392522985256
"Finances et assurances",2019-06-30,2,1,0.0111671574637374,29,3,TRUE,0.000435811706188005
"Finances et assurances",2019-09-30,2,1,0.010949177163313,29,4,TRUE,0.0130609593133908
"Finances et assurances",2019-12-31,2,1,0.00836023990544994,29,3,TRUE,0.00825566078032658
"Finances et assurances",2020-03-31,2,1,0.00412586356774331,29,4,TRUE,-0.0212114526144092
"Finances et assurances",2020-06-30,2,1,0.0139165630955498,29,3,TRUE,0.0113083327777996
"Finances et assurances",2020-09-30,2,1,0.0096402272863869,31,13,TRUE,0.00678756570547989
"Finances et assurances",2020-12-31,2,1,0.00972100388470888,31,40,FALSE,0.0114494849451461
"Finances et assurances",2021-03-31,2,1,0.000652745311677628,31,16,TRUE,-0.00739307250548649
"Finances et assurances",2021-06-30,2,1,0.013645565151826,31,3,TRUE,0.0281576114642981
"Finances et assurances",2021-09-30,2,1,0.00712119205349812,31,5,TRUE,0.00585438399346749
"Finances et assurances",2021-12-31,2,1,0.00811855986100604,31,4,TRUE,0.016641170500078
"Finances et assurances",2022-03-31,2,1,0.00791293237022537,31,4,TRUE,0.0414257987284206
"Finances et assurances",2022-06-30,2,1,0.00947035512406861,31,3,TRUE,0.031410255383383
"Finances et assurances",2022-09-30,2,1,0.0091528137631307,31,4,TRUE,0.0122236867003789
"Finances et assurances",2022-12-31,2,1,0.0100851227472084,31,3,TRUE,0.00818990746985371
"Finances et assurances",2023-03-31,2,1,0.00839070825366193,31,3,TRUE,0.0177076136496304
"Finances et assurances",2023-06-30,2,1,0.0126226500150058,31,3,TRUE,0.0142309413674457
"Finances et assurances",2023-09-30,2,1,0.0128244758117797,31,3,TRUE,0.0138611051650379
"Finances et assurances",2023-12-31,2,1,0.0105761961046516,31,3,TRUE,0.0205123675274645
"Finances et assurances",2024-03-31,2,1,0.0113629069761585,31,3,TRUE,0.034226988537851
"Finances et assurances",2024-06-30,2,1,0.00831197045626303,31,3,TRUE,0.00677789865920531
"Finances et assurances",2024-09-30,2,1,0.00838897244246778,31,3,TRUE,0.0307983277209374
"Finances et assurances",2024-12-31,2,1,0.0103837263886994,31,3,TRUE,0.024404004984877
"Finances et assurances",2025-03-31,2,1,0.00806921171760311,31,3,TRUE,-0.00576523644903126
"Finances et assurances",2025-06-30,2,1,0.0109445594937087,31,3,TRUE,-0.000740007216192495
"Finances et assurances",2025-09-30,2,1,0.00990359778192474,31,3,TRUE,0.0383171453817219
"Finances et assurances",2025-12-31,2,1,0.0153507086421515,31,3,TRUE,0.02252710319177
"Finances et assurances",2026-03-31,2,1,0.00901380964836225,31,4,TRUE,0.0131482423939122
"Finances et assurances",2014-06-30,3,1,0.00786910285189927,29,40,FALSE,0.00979204446059612
"Finances et assurances",2014-09-30,3,1,0.00649643037170392,29,13,TRUE,0.0108712876306072
"Finances et assurances",2014-12-31,3,1,0.00202348673152387,29,4,TRUE,0.00817212302553116
"Finances et assurances",2015-03-31,3,1,-0.00120492807371812,29,3,TRUE,0.0025733872860485
"Finances et assurances",2015-06-30,3,1,0.00324305820426626,29,3,TRUE,-0.000283635140750249
"Finances et assurances",2015-09-30,3,1,0.00435516649569928,29,4,TRUE,0.00555168992811517
"Finances et assurances",2015-12-31,3,1,0.00299922508920101,29,3,TRUE,0.0216448096360278
"Finances et assurances",2016-03-31,3,1,-0.00247786727106536,29,4,TRUE,0.0116644403276638
"Finances et assurances",2016-06-30,3,1,0.00709091806305177,29,3,TRUE,0.0132480316692885
"Finances et assurances",2016-09-30,3,1,0.00902154864361854,29,3,TRUE,0.0406230501366736
"Finances et assurances",2016-12-31,3,1,0.00676957216831512,29,3,TRUE,-0.0101673768515305
"Finances et assurances",2017-03-31,3,1,0.00249919771969911,29,4,TRUE,0.00552692213443429
"Finances et assurances",2017-06-30,3,1,0.0132368981311524,29,3,TRUE,0.0236163865511507
"Finances et assurances",2017-09-30,3,1,0.0073341983262502,29,3,TRUE,-0.00152331413688955
"Finances et assurances",2017-12-31,3,1,0.00341981962314023,29,3,TRUE,-0.00363516724733692
"Finances et assurances",2018-03-31,3,1,-0.00282763409752895,29,3,TRUE,0.0129764503213643
"Finances et assurances",2018-06-30,3,1,0.00937006065246768,29,3,TRUE,-0.00435156893570188
"Finances et assurances",2018-09-30,3,1,0.00794584739815599,29,3,TRUE,0.00735193248656962
"Finances et assurances",2018-12-31,3,1,0.00312880158512588,29,3,TRUE,0.0110438895944789
"Finances et assurances",2019-03-31,3,1,0.00420167447570905,29,3,TRUE,0.0315392522985256
"Finances et assurances",2019-06-30,3,1,0.013213797978769,29,3,TRUE,0.000435811706188005
"Finances et assurances",2019-09-30,3,1,0.0119681683078679,29,3,TRUE,0.0130609593133908
"Finances et assurances",2019-12-31,3,1,0.00708357850841036,29,3,TRUE,0.00825566078032658
"Finances et assurances",2020-03-31,3,1,0.00256564208099778,29,3,TRUE,-0.0212114526144092
"Finances et assurances",2020-06-30,3,1,0.0182931160903924,29,3,TRUE,0.0113083327777996
"Finances et assurances",2020-09-30,3,1,0.0073247159342825,31,40,FALSE,0.00678756570547989
"Finances et assurances",2020-12-31,3,1,0.00377587026228895,31,6,TRUE,0.0114494849451461
"Finances et assurances",2021-03-31,3,1,1.28227562893636e-05,31,5,TRUE,-0.00739307250548649
"Finances et assurances",2021-06-30,3,1,0.0137080087139824,31,3,TRUE,0.0281576114642981
"Finances et assurances",2021-09-30,3,1,0.00554299780529134,31,4,TRUE,0.00585438399346749
"Finances et assurances",2021-12-31,3,1,0.00426694371114078,31,4,TRUE,0.016641170500078
"Finances et assurances",2022-03-31,3,1,0.00474383838113615,31,4,TRUE,0.0414257987284206
"Finances et assurances",2022-06-30,3,1,0.0146000011098548,31,3,TRUE,0.031410255383383
"Finances et assurances",2022-09-30,3,1,0.0136231903374024,31,4,TRUE,0.0122236867003789
"Finances et assurances",2022-12-31,3,1,0.00876270445637277,31,3,TRUE,0.00818990746985371
"Finances et assurances",2023-03-31,3,1,0.000682772073967665,31,3,TRUE,0.0177076136496304
"Finances et assurances",2023-06-30,3,1,0.0116496208129871,31,3,TRUE,0.0142309413674457
"Finances et assurances",2023-09-30,3,1,0.00820222029940543,31,3,TRUE,0.0138611051650379
"Finances et assurances",2023-12-31,3,1,0.00884947246586899,31,3,TRUE,0.0205123675274645
"Finances et assurances",2024-03-31,3,1,0.00370282560938997,31,3,TRUE,0.034226988537851
"Finances et assurances",2024-06-30,3,1,0.00714831191098259,31,3,TRUE,0.00677789865920531
"Finances et assurances",2024-09-30,3,1,0.010262296995201,31,3,TRUE,0.0307983277209374
"Finances et assurances",2024-12-31,3,1,0.00790615168119752,31,3,TRUE,0.024404004984877
"Finances et assurances",2025-03-31,3,1,0.00349478813300494,31,3,TRUE,-0.00576523644903126
"Finances et assurances",2025-06-30,3,1,0.0118710747012599,31,3,TRUE,-0.000740007216192495
"Finances et assurances",2025-09-30,3,1,0.00657268797110593,31,3,TRUE,0.0383171453817219
"Finances et assurances",2025-12-31,3,1,0.0146269963000531,31,3,TRUE,0.02252710319177
"Finances et assurances",2026-03-31,3,1,0.00854529255258889,31,3,TRUE,0.0131482423939122
"Finances et assurances",2014-06-30,1,2,0.0118905773328209,29,12,TRUE,0.00979204446059612
"Finances et assurances",2014-09-30,1,2,0.0120446245495083,29,3,TRUE,0.0108712876306072
"Finances et assurances",2014-12-31,1,2,0.0105327823597411,29,4,TRUE,0.00817212302553116
"Finances et assurances",2015-03-31,1,2,0.00963672450945406,29,3,TRUE,0.0025733872860485
"Finances et assurances",2015-06-30,1,2,0.0109782823673072,29,3,TRUE,-0.000283635140750249
"Finances et assurances",2015-09-30,1,2,0.0106177643494187,29,3,TRUE,0.00555168992811517
"Finances et assurances",2015-12-31,1,2,0.0101973114514284,29,4,TRUE,0.0216448096360278
"Finances et assurances",2016-03-31,1,2,0.00825579150190775,29,4,TRUE,0.0116644403276638
"Finances et assurances",2016-06-30,1,2,0.011335245787487,29,3,TRUE,0.0132480316692885
"Finances et assurances",2016-09-30,1,2,0.0113888008343436,29,3,TRUE,0.0406230501366736
"Finances et assurances",2016-12-31,1,2,0.0107801006699665,29,3,TRUE,-0.0101673768515305
"Finances et assurances",2017-03-31,1,2,0.00944618473762535,29,3,TRUE,0.00552692213443429
"Finances et assurances",2017-06-30,1,2,0.012131206867186,29,3,TRUE,0.0236163865511507
"Finances et assurances",2017-09-30,1,2,0.0106309594181139,29,3,TRUE,-0.00152331413688955
"Finances et assurances",2017-12-31,1,2,0.0102607214442032,29,3,TRUE,-0.00363516724733692
"Finances et assurances",2018-03-31,1,2,0.00945595342425518,29,3,TRUE,0.0129764503213643
"Finances et assurances",2018-06-30,1,2,0.0110097607527157,29,3,TRUE,-0.00435156893570188
"Finances et assurances",2018-09-30,1,2,0.0109527454037205,29,3,TRUE,0.00735193248656962
"Finances et assurances",2018-12-31,1,2,0.0102497790642662,29,3,TRUE,0.0110438895944789
"Finances et assurances",2019-03-31,1,2,0.00974420568852323,29,3,TRUE,0.0315392522985256
"Finances et assurances",2019-06-30,1,2,0.011272995649874,29,3,TRUE,0.000435811706188005
"Finances et assurances",2019-09-30,1,2,0.0105616720413729,29,3,TRUE,0.0130609593133908
"Finances et assurances",2019-12-31,1,2,0.0105039348640005,29,3,TRUE,0.00825566078032658
"Finances et assurances",2020-03-31,1,2,0.009938949688324,29,3,TRUE,-0.0212114526144092
"Finances et assurances",2020-06-30,1,2,0.0100802871186152,29,3,TRUE,0.0113083327777996
"Finances et assurances",2020-09-30,1,2,0.010896470854719,31,16,TRUE,0.00678756570547989
"Finances et assurances",2020-12-31,1,2,0.0103903401085708,31,4,TRUE,0.0114494849451461
"Finances et assurances",2021-03-31,1,2,0.00035272182344364,31,36,TRUE,-0.00739307250548649
"Finances et assurances",2021-06-30,1,2,0.01463342931925,31,3,TRUE,0.0281576114642981
"Finances et assurances",2021-09-30,1,2,0.00799742384027479,31,4,TRUE,0.00585438399346749
"Finances et assurances",2021-12-31,1,2,0.00943993551667539,31,3,TRUE,0.016641170500078
"Finances et assurances",2022-03-31,1,2,0.00915804693123089,31,3,TRUE,0.0414257987284206
"Finances et assurances",2022-06-30,1,2,0.0101828532137801,31,3,TRUE,0.031410255383383
"Finances et assurances",2022-09-30,1,2,0.00989751601209756,31,4,TRUE,0.0122236867003789
"Finances et assurances",2022-12-31,1,2,0.0119521903256345,31,3,TRUE,0.00818990746985371
"Finances et assurances",2023-03-31,1,2,0.0115218279424309,31,3,TRUE,0.0177076136496304
"Finances et assurances",2023-06-30,1,2,0.0139378570029918,31,3,TRUE,0.0142309413674457
"Finances et assurances",2023-09-30,1,2,0.0144982918890311,31,3,TRUE,0.0138611051650379
"Finances et assurances",2023-12-31,1,2,0.0119562328696823,31,3,TRUE,0.0205123675274645
"Finances et assurances",2024-03-31,1,2,0.0124864398063132,31,3,TRUE,0.034226988537851
"Finances et assurances",2024-06-30,1,2,0.00868796669925934,31,2,TRUE,0.00677789865920531
"Finances et assurances",2024-09-30,1,2,0.00886292273602243,31,3,TRUE,0.0307983277209374
"Finances et assurances",2024-12-31,1,2,0.0109977467974912,31,3,TRUE,0.024404004984877
"Finances et assurances",2025-03-31,1,2,0.0085113570574681,31,3,TRUE,-0.00576523644903126
"Finances et assurances",2025-06-30,1,2,0.0110526421627106,31,3,TRUE,-0.000740007216192495
"Finances et assurances",2025-09-30,1,2,0.0104432422481667,31,3,TRUE,0.0383171453817219
"Finances et assurances",2025-12-31,1,2,0.0163749255971508,31,3,TRUE,0.02252710319177
"Finances et assurances",2026-03-31,1,2,0.00985102192729019,31,3,TRUE,0.0131482423939122
"Finances et assurances",2014-06-30,2,2,0.00723066996855245,29,13,TRUE,0.00979204446059612
"Finances et assurances",2014-09-30,2,2,0.00467359828511146,29,3,TRUE,0.0108712876306072
"Finances et assurances",2014-12-31,2,2,0.0115794399484384,29,3,TRUE,0.00817212302553116
"Finances et assurances",2015-03-31,2,2,0.00980176018942822,29,3,TRUE,0.0025733872860485
"Finances et assurances",2015-06-30,2,2,0.0115308918830748,29,3,TRUE,-0.000283635140750249
"Finances et assurances",2015-09-30,2,2,0.00897579286500091,29,3,TRUE,0.00555168992811517
"Finances et assurances",2015-12-31,2,2,0.0129724588362967,29,3,TRUE,0.0216448096360278
"Finances et assurances",2016-03-31,2,2,8.84317841096383e-05,29,4,TRUE,0.0116644403276638
"Finances et assurances",2016-06-30,2,2,0.0101748774243159,29,3,TRUE,0.0132480316692885
"Finances et assurances",2016-09-30,2,2,0.0107504915511045,29,3,TRUE,0.0406230501366736
"Finances et assurances",2016-12-31,2,2,0.0159896629161459,29,3,TRUE,-0.0101673768515305
"Finances et assurances",2017-03-31,2,2,0.00629937586863452,29,40,FALSE,0.00552692213443429
"Finances et assurances",2017-06-30,2,2,0.012020695277271,29,13,TRUE,0.0236163865511507
"Finances et assurances",2017-09-30,2,2,0.00689343251025057,29,4,TRUE,-0.00152331413688955
"Finances et assurances",2017-12-31,2,2,0.00844232518624465,29,4,TRUE,-0.00363516724733692
"Finances et assurances",2018-03-31,2,2,0.00409695075838433,29,3,TRUE,0.0129764503213643
"Finances et assurances",2018-06-30,2,2,0.00818270399409236,29,3,TRUE,-0.00435156893570188
"Finances et assurances",2018-09-30,2,2,0.00788958572214935,29,3,TRUE,0.00735193248656962
"Finances et assurances",2018-12-31,2,2,0.0102843333286023,29,3,TRUE,0.0110438895944789
"Finances et assurances",2019-03-31,2,2,0.00784212181924091,29,3,TRUE,0.0315392522985256
"Finances et assurances",2019-06-30,2,2,0.0110485716768684,29,3,TRUE,0.000435811706188005
"Finances et assurances",2019-09-30,2,2,0.010669497358582,29,4,TRUE,0.0130609593133908
"Finances et assurances",2019-12-31,2,2,0.00829080755862155,29,3,TRUE,0.00825566078032658
"Finances et assurances",2020-03-31,2,2,0.00423394938203644,29,3,TRUE,-0.0212114526144092
"Finances et assurances",2020-06-30,2,2,0.01336765526988,29,3,TRUE,0.0113083327777996
"Finances et assurances",2020-09-30,2,2,0.00963061697795257,31,13,TRUE,0.00678756570547989
"Finances et assurances",2020-12-31,2,2,0.00961869942209248,31,40,FALSE,0.0114494849451461
"Finances et assurances",2021-03-31,2,2,0.000897013748925417,31,17,TRUE,-0.00739307250548649
"Finances et assurances",2021-06-30,2,2,0.0134847815144467,31,3,TRUE,0.0281576114642981
"Finances et assurances",2021-09-30,2,2,0.00700725974516415,31,5,TRUE,0.00585438399346749
"Finances et assurances",2021-12-31,2,2,0.00797228085797241,31,4,TRUE,0.016641170500078
"Finances et assurances",2022-03-31,2,2,0.00777787787707236,31,4,TRUE,0.0414257987284206
"Finances et assurances",2022-06-30,2,2,0.00940432218344619,31,3,TRUE,0.031410255383383
"Finances et assurances",2022-09-30,2,2,0.00906131225490971,31,4,TRUE,0.0122236867003789
"Finances et assurances",2022-12-31,2,2,0.00985286669432816,31,3,TRUE,0.00818990746985371
"Finances et assurances",2023-03-31,2,2,0.00800034018621777,31,3,TRUE,0.0177076136496304
"Finances et assurances",2023-06-30,2,2,0.0124111799225983,31,3,TRUE,0.0142309413674457
"Finances et assurances",2023-09-30,2,2,0.0125474783233591,31,3,TRUE,0.0138611051650379
"Finances et assurances",2023-12-31,2,2,0.0104030042607557,31,3,TRUE,0.0205123675274645
"Finances et assurances",2024-03-31,2,2,0.0112278867914561,31,3,TRUE,0.034226988537851
"Finances et assurances",2024-06-30,2,2,0.00838197293702201,31,3,TRUE,0.00677789865920531
"Finances et assurances",2024-09-30,2,2,0.00846173466734086,31,3,TRUE,0.0307983277209374
"Finances et assurances",2024-12-31,2,2,0.0103781099248094,31,3,TRUE,0.024404004984877
"Finances et assurances",2025-03-31,2,2,0.00817201361344473,31,3,TRUE,-0.00576523644903126
"Finances et assurances",2025-06-30,2,2,0.0110016837470839,31,3,TRUE,-0.000740007216192495
"Finances et assurances",2025-09-30,2,2,0.00991398974996673,31,3,TRUE,0.0383171453817219
"Finances et assurances",2025-12-31,2,2,0.015096248826213,31,3,TRUE,0.02252710319177
"Finances et assurances",2026-03-31,2,2,0.00896285749008336,31,4,TRUE,0.0131482423939122
"Finances et assurances",2014-06-30,3,2,0.00787792657146089,29,40,FALSE,0.00979204446059612
"Finances et assurances",2014-09-30,3,2,0.00651059657076305,29,13,TRUE,0.0108712876306072
"Finances et assurances",2014-12-31,3,2,0.0020778593711526,29,4,TRUE,0.00817212302553116
"Finances et assurances",2015-03-31,3,2,-0.00113584530268593,29,3,TRUE,0.0025733872860485
"Finances et assurances",2015-06-30,3,2,0.00329264473038667,29,3,TRUE,-0.000283635140750249
"Finances et assurances",2015-09-30,3,2,0.0043896466616003,29,4,TRUE,0.00555168992811517
"Finances et assurances",2015-12-31,3,2,0.00302077225882736,29,3,TRUE,0.0216448096360278
"Finances et assurances",2016-03-31,3,2,-0.00242544773967035,29,4,TRUE,0.0116644403276638
"Finances et assurances",2016-06-30,3,2,0.00711250873085399,29,3,TRUE,0.0132480316692885
"Finances et assurances",2016-09-30,3,2,0.00901056994509688,29,3,TRUE,0.0406230501366736
"Finances et assurances",2016-12-31,3,2,0.0067560841048401,29,3,TRUE,-0.0101673768515305
"Finances et assurances",2017-03-31,3,2,0.00253062838327204,29,4,TRUE,0.00552692213443429
"Finances et assurances",2017-06-30,3,2,0.0132167593279589,29,3,TRUE,0.0236163865511507
"Finances et assurances",2017-09-30,3,2,0.00734728449542356,29,3,TRUE,-0.00152331413688955
"Finances et assurances",2017-12-31,3,2,0.00347577769010091,29,3,TRUE,-0.00363516724733692
"Finances et assurances",2018-03-31,3,2,-0.00271740776870409,29,3,TRUE,0.0129764503213643
"Finances et assurances",2018-06-30,3,2,0.00938866759809474,29,3,TRUE,-0.00435156893570188
"Finances et assurances",2018-09-30,3,2,0.00796189680053111,29,3,TRUE,0.00735193248656962
"Finances et assurances",2018-12-31,3,2,0.00319454501359059,29,3,TRUE,0.0110438895944789
"Finances et assurances",2019-03-31,3,2,0.0042484708336601,29,3,TRUE,0.0315392522985256
"Finances et assurances",2019-06-30,3,2,0.0131732447214556,29,3,TRUE,0.000435811706188005
"Finances et assurances",2019-09-30,3,2,0.0119207482885395,29,3,TRUE,0.0130609593133908
"Finances et assurances",2019-12-31,3,2,0.00710921328306565,29,3,TRUE,0.00825566078032658
"Finances et assurances",2020-03-31,3,2,0.0026396712457462,29,3,TRUE,-0.0212114526144092
"Finances et assurances",2020-06-30,3,2,0.0182253436012792,29,3,TRUE,0.0113083327777996
"Finances et assurances",2020-09-30,3,2,0.0073045307169153,31,40,FALSE,0.00678756570547989
"Finances et assurances",2020-12-31,3,2,0.00386165953866612,31,7,TRUE,0.0114494849451461
"Finances et assurances",2021-03-31,3,2,1.25116737551782e-05,31,5,TRUE,-0.00739307250548649
"Finances et assurances",2021-06-30,3,2,0.0137200407469366,31,3,TRUE,0.0281576114642981
"Finances et assurances",2021-09-30,3,2,0.00550479638073342,31,4,TRUE,0.00585438399346749
"Finances et assurances",2021-12-31,3,2,0.00428424863191243,31,4,TRUE,0.016641170500078
"Finances et assurances",2022-03-31,3,2,0.00475053513849284,31,4,TRUE,0.0414257987284206
"Finances et assurances",2022-06-30,3,2,0.0145132059412098,31,3,TRUE,0.031410255383383
"Finances et assurances",2022-09-30,3,2,0.0135348977208055,31,4,TRUE,0.0122236867003789
"Finances et assurances",2022-12-31,3,2,0.00877271768450019,31,3,TRUE,0.00818990746985371
"Finances et assurances",2023-03-31,3,2,0.000716891227868796,31,3,TRUE,0.0177076136496304
"Finances et assurances",2023-06-30,3,2,0.0116635780742923,31,3,TRUE,0.0142309413674457
"Finances et assurances",2023-09-30,3,2,0.0082346700322459,31,3,TRUE,0.0138611051650379
"Finances et assurances",2023-12-31,3,2,0.0088547972019047,31,3,TRUE,0.0205123675274645
"Finances et assurances",2024-03-31,3,2,0.00375692857960093,31,3,TRUE,0.034226988537851
"Finances et assurances",2024-06-30,3,2,0.00716319543723747,31,3,TRUE,0.00677789865920531
"Finances et assurances",2024-09-30,3,2,0.0102790359649383,31,3,TRUE,0.0307983277209374
"Finances et assurances",2024-12-31,3,2,0.0079499999568398,31,3,TRUE,0.024404004984877
"Finances et assurances",2025-03-31,3,2,0.00356179822748629,31,3,TRUE,-0.00576523644903126
"Finances et assurances",2025-06-30,3,2,0.0118920185916284,31,3,TRUE,-0.000740007216192495
"Finances et assurances",2025-09-30,3,2,0.00661504895959358,31,3,TRUE,0.0383171453817219
"Finances et assurances",2025-12-31,3,2,0.014632403608515,31,3,TRUE,0.02252710319177
"Finances et assurances",2026-03-31,3,2,0.00854286627073088,31,3,TRUE,0.0131482423939122
"Immobilier",2014-06-30,1,1,0.010559494445017,5,40,FALSE,-0.00347586163623959
"Immobilier",2014-09-30,1,1,0.0101115147409908,5,40,FALSE,-0.00217718876892725
"Immobilier",2014-12-31,1,1,0.010106896275174,5,9,TRUE,-0.00175178666395936
"Immobilier",2015-03-31,1,1,0.0101204527324762,5,12,TRUE,0.000110265740545401
"Immobilier",2015-06-30,1,1,0.00920513841016081,5,4,TRUE,0.00268122505899093
"Immobilier",2015-09-30,1,1,0.00942740120055619,5,6,TRUE,0.00388518358887602
"Immobilier",2015-12-31,1,1,0.00890898896755459,5,40,FALSE,0.00438830891148179
"Immobilier",2016-03-31,1,1,0.00853772954439447,5,40,FALSE,0.0126521894411589
"Immobilier",2016-06-30,1,1,0.00976898884172109,5,19,TRUE,0.00642440146184065
"Immobilier",2016-09-30,1,1,0.00977684417829885,5,4,TRUE,0.00538883523628364
"Immobilier",2016-12-31,1,1,0.0091085332353971,5,3,TRUE,0.00381329164235744
"Immobilier",2017-03-31,1,1,0.00996475979029957,5,3,TRUE,0.000111312238896488
"Immobilier",2017-06-30,1,1,0.0093341885303669,5,3,TRUE,0.00532846857096558
"Immobilier",2017-09-30,1,1,0.00937774097298058,5,3,TRUE,0.00538413091038592
"Immobilier",2017-12-31,1,1,0.00933357224110553,5,3,TRUE,0.00537094450904618
"Immobilier",2018-03-31,1,1,0.00900552507155997,5,2,TRUE,0.0139842136362436
"Immobilier",2018-06-30,1,1,0.00978673481556476,5,2,TRUE,0.00709820759588098
"Immobilier",2018-09-30,1,1,0.00941783397734693,6,25,TRUE,0.00546983793104339
"Immobilier",2018-12-31,1,1,0.00875963105318762,6,3,TRUE,0.00429779031723321
"Immobilier",2019-03-31,1,1,0.00862057069993384,6,3,TRUE,0.00697990763877421
"Immobilier",2019-06-30,1,1,0.00982160634380556,6,4,TRUE,0.00407965402671806
"Immobilier",2019-09-30,1,1,0.00840855241025575,10,29,TRUE,0.0012246541882952
"Immobilier",2019-12-31,1,1,0.00855341802784221,12,29,TRUE,-0.00107461592825686
"Immobilier",2020-03-31,1,1,0.00767912875299443,13,17,TRUE,-0.0121506955111226
"Immobilier",2020-06-30,1,1,0.00609472222899097,14,14,TRUE,0.00154778434759706
"Immobilier",2020-09-30,1,1,0.00729028836074813,14,9,TRUE,0.00248862454064991
"Immobilier",2020-12-31,1,1,0.00891905432401947,15,22,TRUE,0.00250256303301022
"Immobilier",2021-03-31,1,1,0.00818673781775204,15,19,TRUE,0.0186980933413192
"Immobilier",2021-06-30,1,1,0.0094188074237244,15,4,TRUE,0.00589086653339521
"Immobilier",2021-09-30,1,1,0.00732857881912195,15,19,TRUE,0.00489489217388339
"Immobilier",2021-12-31,1,1,0.00760122482074075,15,5,TRUE,-0.000185568621855481
"Immobilier",2022-03-31,1,1,0.00820424382074609,15,5,TRUE,-0.00613333557758722
"Immobilier",2022-06-30,1,1,0.00786931135856111,15,3,TRUE,0.000982294226966829
"Immobilier",2022-09-30,1,1,0.00713456389828745,15,4,TRUE,0.00192740181735829
"Immobilier",2022-12-31,1,1,0.00766848016565888,15,4,TRUE,0.00286217020537194
"Immobilier",2023-03-31,1,1,0.00720259690810266,15,3,TRUE,0.0186492473499342
"Immobilier",2023-06-30,1,1,0.00743871712382918,15,4,TRUE,0.00433516318523708
"Immobilier",2023-09-30,1,1,0.00682154076498314,15,3,TRUE,0.000940152450292331
"Immobilier",2023-12-31,1,1,0.0070103468009297,15,3,TRUE,0.00367575702520995
"Immobilier",2024-03-31,1,1,0.00657381711098859,15,4,TRUE,0.019358859355199
"Immobilier",2024-06-30,1,1,0.00774031038652578,15,3,TRUE,0.00208616686757601
"Immobilier",2024-09-30,1,1,0.00736946950177975,15,4,TRUE,0.000572003912662211
"Immobilier",2024-12-31,1,1,0.00754709577909878,15,5,TRUE,0.00271140021348693
"Immobilier",2025-03-31,1,1,0.00729110047255711,15,5,TRUE,0.0241904984463055
"Immobilier",2025-06-30,1,1,0.00834644957579112,15,4,TRUE,0.00225126559195132
"Immobilier",2025-09-30,1,1,0.00787411707298417,15,4,TRUE,0.00139883513399042
"Immobilier",2025-12-31,1,1,0.00767808390525314,15,3,TRUE,0.00356943094849527
"Immobilier",2026-03-31,1,1,0.00729479178295561,15,40,FALSE,0.0145414287128816
"Immobilier",2014-06-30,2,1,0.0102544557658612,5,40,FALSE,-0.00347586163623959
"Immobilier",2014-09-30,2,1,0.0079392497464668,5,40,FALSE,-0.00217718876892725
"Immobilier",2014-12-31,2,1,0.00917110475329038,5,27,TRUE,-0.00175178666395936
"Immobilier",2015-03-31,2,1,0.00858199446766088,5,4,TRUE,0.000110265740545401
"Immobilier",2015-06-30,2,1,0.00693776139151233,5,40,FALSE,0.00268122505899093
"Immobilier",2015-09-30,2,1,0.00842344861634709,5,40,FALSE,0.00388518358887602
"Immobilier",2015-12-31,2,1,0.00755397284700381,5,40,FALSE,0.00438830891148179
"Immobilier",2016-03-31,2,1,0.00691933632104112,5,40,FALSE,0.0126521894411589
"Immobilier",2016-06-30,2,1,0.008657290954959,5,40,FALSE,0.00642440146184065
"Immobilier",2016-09-30,2,1,0.00943957969806229,5,40,FALSE,0.00538883523628364
"Immobilier",2016-12-31,2,1,0.00881080559323677,5,40,FALSE,0.00381329164235744
"Immobilier",2017-03-31,2,1,0.00945899878883568,5,5,TRUE,0.000111312238896488
"Immobilier",2017-06-30,2,1,0.00902536440085749,5,9,TRUE,0.00532846857096558
"Immobilier",2017-09-30,2,1,0.00917474463891094,5,9,TRUE,0.00538413091038592
"Immobilier",2017-12-31,2,1,0.00923566939664616,5,9,TRUE,0.00537094450904618
"Immobilier",2018-03-31,2,1,0.0088704980349656,5,5,TRUE,0.0139842136362436
"Immobilier",2018-06-30,2,1,0.00936255461258578,5,3,TRUE,0.00709820759588098
"Immobilier",2018-09-30,2,1,0.00750633062818695,6,40,FALSE,0.00546983793104339
"Immobilier",2018-12-31,2,1,0.0064960270476002,6,40,FALSE,0.00429779031723321
"Immobilier",2019-03-31,2,1,0.00723441006321219,6,25,TRUE,0.00697990763877421
"Immobilier",2019-06-30,2,1,0.00879232937555712,6,16,TRUE,0.00407965402671806
"Immobilier",2019-09-30,2,1,0.00894200050742292,10,40,FALSE,0.0012246541882952
"Immobilier",2019-12-31,2,1,0.00861942578507906,12,40,FALSE,-0.00107461592825686
"Immobilier",2020-03-31,2,1,0.0073884402099448,13,40,FALSE,-0.0121506955111226
"Immobilier",2020-06-30,2,1,0.00691860642775472,14,40,FALSE,0.00154778434759706
"Immobilier",2020-09-30,2,1,0.00905120985827289,14,40,FALSE,0.00248862454064991
"Immobilier",2020-12-31,2,1,0.00776327967617223,15,40,FALSE,0.00250256303301022
"Immobilier",2021-03-31,2,1,0.00800826250960344,15,40,FALSE,0.0186980933413192
"Immobilier",2021-06-30,2,1,0.0093383004525999,15,40,FALSE,0.00589086653339521
"Immobilier",2021-09-30,2,1,0.00741809188219312,15,22,TRUE,0.00489489217388339
"Immobilier",2021-12-31,2,1,0.00802008604089863,15,21,TRUE,-0.000185568621855481
"Immobilier",2022-03-31,2,1,0.00839153700234685,15,7,TRUE,-0.00613333557758722
"Immobilier",2022-06-30,2,1,0.00807070609140547,15,10,TRUE,0.000982294226966829
"Immobilier",2022-09-30,2,1,0.00744091345910491,15,8,TRUE,0.00192740181735829
"Immobilier",2022-12-31,2,1,0.00787778110129806,15,3,TRUE,0.00286217020537194
"Immobilier",2023-03-31,2,1,0.00742554928557655,15,12,TRUE,0.0186492473499342
"Immobilier",2023-06-30,2,1,0.00756315903112693,15,4,TRUE,0.00433516318523708
"Immobilier",2023-09-30,2,1,0.0069726671563665,15,3,TRUE,0.000940152450292331
"Immobilier",2023-12-31,2,1,0.00729355217149369,15,5,TRUE,0.00367575702520995
"Immobilier",2024-03-31,2,1,0.00680825828233769,15,7,TRUE,0.019358859355199
"Immobilier",2024-06-30,2,1,0.00796610346648651,15,3,TRUE,0.00208616686757601
"Immobilier",2024-09-30,2,1,0.00759444422063487,15,8,TRUE,0.000572003912662211
"Immobilier",2024-12-31,2,1,0.00822881243544134,15,24,TRUE,0.00271140021348693
"Immobilier",2025-03-31,2,1,0.00750020672747817,15,11,TRUE,0.0241904984463055
"Immobilier",2025-06-30,2,1,0.0085590715274205,15,4,TRUE,0.00225126559195132
"Immobilier",2025-09-30,2,1,0.00800992351347979,15,4,TRUE,0.00139883513399042
"Immobilier",2025-12-31,2,1,0.00783265724282159,15,4,TRUE,0.00356943094849527
"Immobilier",2026-03-31,2,1,0.00791997903556443,15,8,TRUE,0.0145414287128816
"Immobilier",2014-06-30,3,1,0.0261942776873897,5,40,FALSE,-0.00347586163623959
"Immobilier",2014-09-30,3,1,0.00161668416374316,5,40,FALSE,-0.00217718876892725
"Immobilier",2014-12-31,3,1,0.0121501937704214,5,37,TRUE,-0.00175178666395936
"Immobilier",2015-03-31,3,1,0.0142181484441899,5,16,TRUE,0.000110265740545401
"Immobilier",2015-06-30,3,1,0.00198929854292733,5,8,TRUE,0.00268122505899093
"Immobilier",2015-09-30,3,1,0.0218759194804546,5,7,TRUE,0.00388518358887602
"Immobilier",2015-12-31,3,1,0.0125757881551371,5,18,TRUE,0.00438830891148179
"Immobilier",2016-03-31,3,1,0.00680549508596852,5,11,TRUE,0.0126521894411589
"Immobilier",2016-06-30,3,1,0.0180141309281363,5,4,TRUE,0.00642440146184065
"Immobilier",2016-09-30,3,1,0.0223358982178996,5,6,TRUE,0.00538883523628364
"Immobilier",2016-12-31,3,1,0.00441147338430302,5,16,TRUE,0.00381329164235744
"Immobilier",2017-03-31,3,1,0.0216359832052943,5,5,TRUE,0.000111312238896488
"Immobilier",2017-06-30,3,1,0.0100655419057901,5,10,TRUE,0.00532846857096558
"Immobilier",2017-09-30,3,1,0.0185543657499905,5,3,TRUE,0.00538413091038592
"Immobilier",2017-12-31,3,1,0.0129299839684894,5,4,TRUE,0.00537094450904618
"Immobilier",2018-03-31,3,1,0.0041012900827654,5,22,TRUE,0.0139842136362436
"Immobilier",2018-06-30,3,1,0.0150840627931393,5,5,TRUE,0.00709820759588098
"Immobilier",2018-09-30,3,1,-0.00470829523878743,6,40,FALSE,0.00546983793104339
"Immobilier",2018-12-31,3,1,-0.0063255992276721,6,40,FALSE,0.00429779031723321
"Immobilier",2019-03-31,3,1,0.00723177618858735,6,40,FALSE,0.00697990763877421
"Immobilier",2019-06-30,3,1,0.0182225133952704,6,40,FALSE,0.00407965402671806
"Immobilier",2019-09-30,3,1,0.0144788375383845,10,40,FALSE,0.0012246541882952
"Immobilier",2019-12-31,3,1,0.00970136672358067,12,40,FALSE,-0.00107461592825686
"Immobilier",2020-03-31,3,1,0.0107787573862493,13,40,FALSE,-0.0121506955111226
"Immobilier",2020-06-30,3,1,0.0199739458833904,14,40,FALSE,0.00154778434759706
"Immobilier",2020-09-30,3,1,0.00831213065764266,14,40,FALSE,0.00248862454064991
"Immobilier",2020-12-31,3,1,0.0078087130382679,15,40,FALSE,0.00250256303301022
"Immobilier",2021-03-31,3,1,0.00685705789568879,15,40,FALSE,0.0186980933413192
"Immobilier",2021-06-30,3,1,0.00223411106011794,15,40,FALSE,0.00589086653339521
"Immobilier",2021-09-30,3,1,0.00915722966235852,15,16,TRUE,0.00489489217388339
"Immobilier",2021-12-31,3,1,0.0107908997438226,15,34,TRUE,-0.000185568621855481
"Immobilier",2022-03-31,3,1,0.00761517366638869,15,20,TRUE,-0.00613333557758722
"Immobilier",2022-06-30,3,1,0.010279971932384,15,9,TRUE,0.000982294226966829
"Immobilier",2022-09-30,3,1,0.00643618733831609,15,4,TRUE,0.00192740181735829
"Immobilier",2022-12-31,3,1,0.00885064910222098,15,5,TRUE,0.00286217020537194
"Immobilier",2023-03-31,3,1,0.00660016236954695,15,10,TRUE,0.0186492473499342
"Immobilier",2023-06-30,3,1,0.0099829433284106,15,8,TRUE,0.00433516318523708
"Immobilier",2023-09-30,3,1,0.0115596947271311,15,40,FALSE,0.000940152450292331
"Immobilier",2023-12-31,3,1,0.00903695705811782,15,40,FALSE,0.00367575702520995
"Immobilier",2024-03-31,3,1,0.00943552318276001,15,40,FALSE,0.019358859355199
"Immobilier",2024-06-30,3,1,0.0105588631403504,15,40,FALSE,0.00208616686757601
"Immobilier",2024-09-30,3,1,0.0116858759153664,15,40,FALSE,0.000572003912662211
"Immobilier",2024-12-31,3,1,0.00780348092408825,15,40,FALSE,0.00271140021348693
"Immobilier",2025-03-31,3,1,0.00867634157736554,15,40,FALSE,0.0241904984463055
"Immobilier",2025-06-30,3,1,0.00986176687690323,15,40,FALSE,0.00225126559195132
"Immobilier",2025-09-30,3,1,0.00784193843327572,15,12,TRUE,0.00139883513399042
"Immobilier",2025-12-31,3,1,0.0068916322914432,15,40,FALSE,0.00356943094849527
"Immobilier",2026-03-31,3,1,0.00980402841204776,15,19,TRUE,0.0145414287128816
"Immobilier",2014-06-30,1,2,0.0105806207857294,5,40,FALSE,-0.00347586163623959
"Immobilier",2014-09-30,1,2,0.010140114638408,5,40,FALSE,-0.00217718876892725
"Immobilier",2014-12-31,1,2,0.0101346317944098,5,13,TRUE,-0.00175178666395936
"Immobilier",2015-03-31,1,2,0.010145577203154,5,17,TRUE,0.000110265740545401
"Immobilier",2015-06-30,1,2,0.00924573227386734,5,6,TRUE,0.00268122505899093
"Immobilier",2015-09-30,1,2,0.00946208050555764,5,15,TRUE,0.00388518358887602
"Immobilier",2015-12-31,1,2,0.00896335125810915,5,40,FALSE,0.00438830891148179
"Immobilier",2016-03-31,1,2,0.00867013159508564,5,40,FALSE,0.0126521894411589
"Immobilier",2016-06-30,1,2,0.00985149108808807,5,7,TRUE,0.00642440146184065
"Immobilier",2016-09-30,1,2,0.00985648474070282,5,4,TRUE,0.00538883523628364
"Immobilier",2016-12-31,1,2,0.00923639073435652,5,4,TRUE,0.00381329164235744
"Immobilier",2017-03-31,1,2,0.0100193375150582,5,3,TRUE,0.000111312238896488
"Immobilier",2017-06-30,1,2,0.0094208395073194,5,3,TRUE,0.00532846857096558
"Immobilier",2017-09-30,1,2,0.00945423376315629,5,3,TRUE,0.00538413091038592
"Immobilier",2017-12-31,1,2,0.0094090635522491,5,3,TRUE,0.00537094450904618
"Immobilier",2018-03-31,1,2,0.00909856075820966,5,2,TRUE,0.0139842136362436
"Immobilier",2018-06-30,1,2,0.00983120239976559,5,2,TRUE,0.00709820759588098
"Immobilier",2018-09-30,1,2,0.00951118604041985,6,25,TRUE,0.00546983793104339
"Immobilier",2018-12-31,1,2,0.00893062622057746,6,3,TRUE,0.00429779031723321
"Immobilier",2019-03-31,1,2,0.00880063614538248,6,3,TRUE,0.00697990763877421
"Immobilier",2019-06-30,1,2,0.00983283119880917,6,3,TRUE,0.00407965402671806
"Immobilier",2019-09-30,1,2,0.00864646410066437,10,18,TRUE,0.0012246541882952
"Immobilier",2019-12-31,1,2,0.00871337388674756,12,15,TRUE,-0.00107461592825686
"Immobilier",2020-03-31,1,2,0.00798193771371486,13,14,TRUE,-0.0121506955111226
"Immobilier",2020-06-30,1,2,0.00652056571897334,14,15,TRUE,0.00154778434759706
"Immobilier",2020-09-30,1,2,0.00749650606118951,14,8,TRUE,0.00248862454064991
"Immobilier",2020-12-31,1,2,0.00898552322787247,15,16,TRUE,0.00250256303301022
"Immobilier",2021-03-31,1,2,0.00836403567619285,15,5,TRUE,0.0186980933413192
"Immobilier",2021-06-30,1,2,0.0094040909877083,15,3,TRUE,0.00589086653339521
"Immobilier",2021-09-30,1,2,0.00752526217990849,15,29,TRUE,0.00489489217388339
"Immobilier",2021-12-31,1,2,0.00771693817237613,15,5,TRUE,-0.000185568621855481
"Immobilier",2022-03-31,1,2,0.00824586470342639,15,5,TRUE,-0.00613333557758722
"Immobilier",2022-06-30,1,2,0.0079399576898409,15,3,TRUE,0.000982294226966829
"Immobilier",2022-09-30,1,2,0.00724220966210809,15,4,TRUE,0.00192740181735829
"Immobilier",2022-12-31,1,2,0.00772589310905965,15,4,TRUE,0.00286217020537194
"Immobilier",2023-03-31,1,2,0.00727491867966746,15,3,TRUE,0.0186492473499342
"Immobilier",2023-06-30,1,2,0.00753283279343852,15,4,TRUE,0.00433516318523708
"Immobilier",2023-09-30,1,2,0.00693003065011483,15,3,TRUE,0.000940152450292331
"Immobilier",2023-12-31,1,2,0.0071005309847559,15,4,TRUE,0.00367575702520995
"Immobilier",2024-03-31,1,2,0.00671443400549585,15,4,TRUE,0.019358859355199
"Immobilier",2024-06-30,1,2,0.00777742743577596,15,3,TRUE,0.00208616686757601
"Immobilier",2024-09-30,1,2,0.00718369282911304,15,40,FALSE,0.000572003912662211
"Immobilier",2024-12-31,1,2,0.00744624312130651,15,6,TRUE,0.00271140021348693
"Immobilier",2025-03-31,1,2,0.0072442410314184,15,10,TRUE,0.0241904984463055
"Immobilier",2025-06-30,1,2,0.00813175635339082,15,5,TRUE,0.00225126559195132
"Immobilier",2025-09-30,1,2,0.00787733260793451,15,4,TRUE,0.00139883513399042
"Immobilier",2025-12-31,1,2,0.00781012217014269,15,3,TRUE,0.00356943094849527
"Immobilier",2026-03-31,1,2,0.00727009864119244,15,9,TRUE,0.0145414287128816
"Immobilier",2014-06-30,2,2,0.0090705535108405,5,40,FALSE,-0.00347586163623959
"Immobilier",2014-09-30,2,2,0.0073849698785996,5,40,FALSE,-0.00217718876892725
"Immobilier",2014-12-31,2,2,0.0083551202080402,5,40,FALSE,-0.00175178666395936
"Immobilier",2015-03-31,2,2,0.00805941636638997,5,40,FALSE,0.000110265740545401
"Immobilier",2015-06-30,2,2,0.00647348354003374,5,40,FALSE,0.00268122505899093
"Immobilier",2015-09-30,2,2,0.00772343721249332,5,40,FALSE,0.00388518358887602
"Immobilier",2015-12-31,2,2,0.00736269357705559,5,40,FALSE,0.00438830891148179
"Immobilier",2016-03-31,2,2,0.0075641611425338,5,40,FALSE,0.0126521894411589
"Immobilier",2016-06-30,2,2,0.0092403626534921,5,40,FALSE,0.00642440146184065
"Immobilier",2016-09-30,2,2,0.00948487231153444,5,40,FALSE,0.00538883523628364
"Immobilier",2016-12-31,2,2,0.00891022209128978,5,37,TRUE,0.00381329164235744
"Immobilier",2017-03-31,2,2,0.00950038140001781,5,3,TRUE,0.000111312238896488
"Immobilier",2017-06-30,2,2,0.00908683736203594,5,7,TRUE,0.00532846857096558
"Immobilier",2017-09-30,2,2,0.0092198148419724,5,13,TRUE,0.00538413091038592
"Immobilier",2017-12-31,2,2,0.00926643567888975,5,10,TRUE,0.00537094450904618
"Immobilier",2018-03-31,2,2,0.00894124006093933,5,9,TRUE,0.0139842136362436
"Immobilier",2018-06-30,2,2,0.00940371259549854,5,3,TRUE,0.00709820759588098
"Immobilier",2018-09-30,2,2,0.00756820629259066,6,40,FALSE,0.00546983793104339
"Immobilier",2018-12-31,2,2,0.00608929303737183,6,38,TRUE,0.00429779031723321
"Immobilier",2019-03-31,2,2,0.00655465346022141,6,18,TRUE,0.00697990763877421
"Immobilier",2019-06-30,2,2,0.00877091398902818,6,34,TRUE,0.00407965402671806
"Immobilier",2019-09-30,2,2,0.00856541141735808,10,40,FALSE,0.0012246541882952
"Immobilier",2019-12-31,2,2,0.00862227577798093,12,40,FALSE,-0.00107461592825686
"Immobilier",2020-03-31,2,2,0.0070288646311548,13,40,FALSE,-0.0121506955111226
"Immobilier",2020-06-30,2,2,0.00711301885724247,14,40,FALSE,0.00154778434759706
"Immobilier",2020-09-30,2,2,0.00904117679260595,14,40,FALSE,0.00248862454064991
"Immobilier",2020-12-31,2,2,0.00798328968691339,15,40,FALSE,0.00250256303301022
"Immobilier",2021-03-31,2,2,0.00807238980540555,15,40,FALSE,0.0186980933413192
"Immobilier",2021-06-30,2,2,0.0093446125048283,15,40,FALSE,0.00589086653339521
"Immobilier",2021-09-30,2,2,0.00755600198262038,15,40,TRUE,0.00489489217388339
"Immobilier",2021-12-31,2,2,0.00810435849949993,15,19,TRUE,-0.000185568621855481
"Immobilier",2022-03-31,2,2,0.00846029859865078,15,5,TRUE,-0.00613333557758722
"Immobilier",2022-06-30,2,2,0.00814737446055331,15,8,TRUE,0.000982294226966829
"Immobilier",2022-09-30,2,2,0.00755154946628028,15,8,TRUE,0.00192740181735829
"Immobilier",2022-12-31,2,2,0.00796002631072994,15,3,TRUE,0.00286217020537194
"Immobilier",2023-03-31,2,2,0.00753783846188677,15,11,TRUE,0.0186492473499342
"Immobilier",2023-06-30,2,2,0.00767902908568849,15,4,TRUE,0.00433516318523708
"Immobilier",2023-09-30,2,2,0.00712531591158814,15,3,TRUE,0.000940152450292331
"Immobilier",2023-12-31,2,2,0.00739989210821998,15,5,TRUE,0.00367575702520995
"Immobilier",2024-03-31,2,2,0.00696402334443314,15,9,TRUE,0.019358859355199
"Immobilier",2024-06-30,2,2,0.00804537223691267,15,3,TRUE,0.00208616686757601
"Immobilier",2024-09-30,2,2,0.00771448172752294,15,10,TRUE,0.000572003912662211
"Immobilier",2024-12-31,2,2,0.00821093285472345,15,27,TRUE,0.00271140021348693
"Immobilier",2025-03-31,2,2,0.00760578744668292,15,14,TRUE,0.0241904984463055
"Immobilier",2025-06-30,2,2,0.00859095726186643,15,5,TRUE,0.00225126559195132
"Immobilier",2025-09-30,2,2,0.00806079411972878,15,3,TRUE,0.00139883513399042
"Immobilier",2025-12-31,2,2,0.00788304295696668,15,3,TRUE,0.00356943094849527
"Immobilier",2026-03-31,2,2,0.00799795097004295,15,8,TRUE,0.0145414287128816
"Immobilier",2014-06-30,3,2,0.0174477309768337,5,40,FALSE,-0.00347586163623959
"Immobilier",2014-09-30,3,2,-0.00118527990174682,5,40,FALSE,-0.00217718876892725
"Immobilier",2014-12-31,3,2,0.0105969248488441,5,40,FALSE,-0.00175178666395936
"Immobilier",2015-03-31,3,2,0.010859261141533,5,40,FALSE,0.000110265740545401
"Immobilier",2015-06-30,3,2,0.00164548665062578,5,40,FALSE,0.00268122505899093
"Immobilier",2015-09-30,3,2,0.0178552180056217,5,40,FALSE,0.00388518358887602
"Immobilier",2015-12-31,3,2,0.0114415014101104,5,40,FALSE,0.00438830891148179
"Immobilier",2016-03-31,3,2,0.00597620641795624,5,40,FALSE,0.0126521894411589
"Immobilier",2016-06-30,3,2,0.015552168189543,5,40,FALSE,0.00642440146184065
"Immobilier",2016-09-30,3,2,0.0198865281668967,5,40,FALSE,0.00538883523628364
"Immobilier",2016-12-31,3,2,0.00654380129345117,5,40,FALSE,0.00381329164235744
"Immobilier",2017-03-31,3,2,0.0193362087012518,5,40,FALSE,0.000111312238896488
"Immobilier",2017-06-30,3,2,0.0103233553373235,5,40,FALSE,0.00532846857096558
"Immobilier",2017-09-30,3,2,0.0164610095300946,5,40,FALSE,0.00538413091038592
"Immobilier",2017-12-31,3,2,0.0129342543358637,5,25,TRUE,0.00537094450904618
"Immobilier",2018-03-31,3,2,0.00633516692483894,5,21,TRUE,0.0139842136362436
"Immobilier",2018-06-30,3,2,0.0139328224746576,5,15,TRUE,0.00709820759588098
"Immobilier",2018-09-30,3,2,-0.00207719163913058,6,40,FALSE,0.00546983793104339
"Immobilier",2018-12-31,3,2,0.00110969137647141,6,40,FALSE,0.00429779031723321
"Immobilier",2019-03-31,3,2,-0.00217430752255199,6,40,FALSE,0.00697990763877421
"Immobilier",2019-06-30,3,2,0.00770328692959163,6,40,FALSE,0.00407965402671806
"Immobilier",2019-09-30,3,2,0.00873888307220557,10,40,FALSE,0.0012246541882952
"Immobilier",2019-12-31,3,2,0.00802523041836599,12,40,FALSE,-0.00107461592825686
"Immobilier",2020-03-31,3,2,0.00830282887676521,13,40,FALSE,-0.0121506955111226
"Immobilier",2020-06-30,3,2,0.00638192782176932,14,40,FALSE,0.00154778434759706
"Immobilier",2020-09-30,3,2,0.00834352499149025,14,40,FALSE,0.00248862454064991
"Immobilier",2020-12-31,3,2,0.00872649082664996,15,40,FALSE,0.00250256303301022
"Immobilier",2021-03-31,3,2,0.00742364643190742,15,40,FALSE,0.0186980933413192
"Immobilier",2021-06-30,3,2,0.00882082998500891,15,40,FALSE,0.00589086653339521
"Immobilier",2021-09-30,3,2,0.00684429907377639,15,40,FALSE,0.00489489217388339
"Immobilier",2021-12-31,3,2,0.00735830267005341,15,40,FALSE,-0.000185568621855481
"Immobilier",2022-03-31,3,2,0.00734022193489956,15,40,FALSE,-0.00613333557758722
"Immobilier",2022-06-30,3,2,0.00676187210669865,15,40,FALSE,0.000982294226966829
"Immobilier",2022-09-30,3,2,0.00573544734202852,15,40,FALSE,0.00192740181735829
"Immobilier",2022-12-31,3,2,0.00605146249914189,15,40,FALSE,0.00286217020537194
"Immobilier",2023-03-31,3,2,0.00520884824616611,15,40,FALSE,0.0186492473499342
"Immobilier",2023-06-30,3,2,0.00563473406145365,15,40,FALSE,0.00433516318523708
"Immobilier",2023-09-30,3,2,0.00470207319984519,15,40,FALSE,0.000940152450292331
"Immobilier",2023-12-31,3,2,0.00507441068365339,15,40,FALSE,0.00367575702520995
"Immobilier",2024-03-31,3,2,0.0035586192421924,15,40,FALSE,0.019358859355199
"Immobilier",2024-06-30,3,2,0.00506790535107902,15,6,TRUE,0.00208616686757601
"Immobilier",2024-09-30,3,2,0.00469933961435077,15,9,TRUE,0.000572003912662211
"Immobilier",2024-12-31,3,2,0.00680276101914756,15,40,FALSE,0.00271140021348693
"Immobilier",2025-03-31,3,2,0.00507902830277217,15,14,TRUE,0.0241904984463055
"Immobilier",2025-06-30,3,2,0.00688241499742325,15,17,TRUE,0.00225126559195132
"Immobilier",2025-09-30,3,2,0.00689668787010872,15,6,TRUE,0.00139883513399042
"Immobilier",2025-12-31,3,2,0.00701285519994713,15,5,TRUE,0.00356943094849527
"Immobilier",2026-03-31,3,2,0.00512142634620707,15,8,TRUE,0.0145414287128816
