"date","Électricité, gaz, eau :: - Apport des Tiers Nationaux","Électricité, gaz, eau :: - Auxiliaires des centrales pompes du réseau THT-HT","Électricité, gaz, eau :: - Charbon (en Tonnes) :","Électricité, gaz, eau :: - Clients BT","Électricité, gaz, eau :: - Clients MT","Électricité, gaz, eau :: - Distributeurs","Électricité, gaz, eau :: - Eolien Loi 13-09_Via réseau client","Électricité, gaz, eau :: - Fioul (en Tonnes)","Électricité, gaz, eau :: - Gasoil (en Tonnes)","Électricité, gaz, eau :: - Production Privée d'Électricité :","Électricité, gaz, eau :: - Production Totale ONEE-Branche Électricité :","Électricité, gaz, eau :: - Projets développés dans le cadre de la loi 13-09 relative aux Energies Renouvelables :","Électricité, gaz, eau :: - STEP Energie absorbée pour le pompage","Électricité, gaz, eau :: - Solde des échanges d'énergie (Espagne-Algérie) :","Électricité, gaz, eau :: . Centrale Thermo-solaire d'Ain Béni Mathar","Électricité, gaz, eau :: . Centrale de JLEC 1-4","Électricité, gaz, eau :: . Centrale de JLEC 5-6","Électricité, gaz, eau :: . Centrale de Jerada","Électricité, gaz, eau :: . Centrale de Mohammedia","Électricité, gaz, eau :: . Centrale de SAFIEC","Électricité, gaz, eau :: . Centrale de Tahaddart","Électricité, gaz, eau :: . Compagnie Eolienne du Détroit (CED)","Électricité, gaz, eau :: . Energie Electrique de Tahaddart (EET)","Électricité, gaz, eau :: . Eolienne","Électricité, gaz, eau :: . Hydraulique","Électricité, gaz, eau :: . Jorf Lasfar Energy Company (JLEC 1-4)","Électricité, gaz, eau :: . Jorf Lasfar Energy Company (JLEC 5-6)","Électricité, gaz, eau :: . Moroccan Agency for Sustainable Energy (MASEN) (Solaire Noor 1)","Électricité, gaz, eau :: . Parc Eolien JBEL LHDID","Électricité, gaz, eau :: . Parc Eolien KOUDIA AL BAIDA","Électricité, gaz, eau :: . Parc Eolien de Boujdour","Électricité, gaz, eau :: . Parc Eolien de Midelt","Électricité, gaz, eau :: . Parc Eolien de TAZA I","Électricité, gaz, eau :: . Parc Eolien de Tarfaya (TAREC)","Électricité, gaz, eau :: . Safi Energy Company (SAFIEC)","Électricité, gaz, eau :: . Solaire (Centrale solaire d'Assa + Tafilalet PV)","Électricité, gaz, eau :: . Thermique","Électricité, gaz, eau :: .Parc éolien Afissat","Électricité, gaz, eau :: .Parc éolien Akhfennir","Électricité, gaz, eau :: .Parc éolien Foum El Oued","Électricité, gaz, eau :: .Parc éolien Haouma","Électricité, gaz, eau :: .Parc éolien Khelladi","Électricité, gaz, eau :: .Parc éolien Oualidia","Électricité, gaz, eau :: Apport des Tiers Nationaux","Électricité, gaz, eau :: Autoproducteurs","Électricité, gaz, eau :: Autres PP","Électricité, gaz, eau :: Auxiliaires des centrales pompes du réseau THT-HT","Électricité, gaz, eau :: Charbon importé","Électricité, gaz, eau :: Charbon local","Électricité, gaz, eau :: Clients BT","Électricité, gaz, eau :: Clients MT","Électricité, gaz, eau :: Clients THT-HT","Électricité, gaz, eau :: Comptes débiteurs et crédits de trésorerie — Électricité, gaz, eau (MDH)","Électricité, gaz, eau :: Consommation de combustibles (Fioul, Charbon, Gaz oil) Tonnes","Électricité, gaz, eau :: Crédit bancaire Électricité, gaz et eau (MDH)","Électricité, gaz, eau :: Crédits à l'équipement — Électricité, gaz, eau (MDH)","Électricité, gaz, eau :: Distributeurs","Électricité, gaz, eau :: Energie Electrique de Tahaddart","Électricité, gaz, eau :: Energie nette appelée","Électricité, gaz, eau :: Eolienne","Électricité, gaz, eau :: Fuel","Électricité, gaz, eau :: Gasoil","Électricité, gaz, eau :: Hydraulique","Électricité, gaz, eau :: I- ENERGIE NETTE APPELEE (en GWh) y compris l’énergie éolienne via réseau clients","Électricité, gaz, eau :: II- ENERGIE NETTE APPELEE (en GWh) dont :","Électricité, gaz, eau :: III- VENTES D'ÉLECTRICITE (en GWh) dont :","Électricité, gaz, eau :: Parc Eolien : CED","Électricité, gaz, eau :: Parc Eolien de Tarfaya","Électricité, gaz, eau :: Petcoke","Électricité, gaz, eau :: Prix du Brent (USD/baril)","Électricité, gaz, eau :: Prix du Butane (USD/mt)","Électricité, gaz, eau :: Production d'électricité","Électricité, gaz, eau :: Production thermique : JLEC","Électricité, gaz, eau :: Pétrole brut","Électricité, gaz, eau :: STEP Energie absorbée pour le pompage","Électricité, gaz, eau :: Thermique (y compris ABM)","Électricité, gaz, eau :: dont Production de source renouvelable (éolien)","Électricité, gaz, eau :: dont Turbinage de la STEP","Électricité, gaz, eau :: dont Turbinage de la STEP (2)","CIBLE"
1998-02-28,,,,,,,,,,,,,,,,,,,,,,,,,,,,,,,,,,,,,,,,,,,,16,,,,-10753,3939,25.46,,,,,,,-58.94,,-0.116178592239073,,-0.575230989917014,-125,0.29763240330495,,,,,,,,,,,,,-0.110368308487733,,,,
1998-03-31,,,,,,,,,,,,,,,,,,,,,,,,,,,,,,,,,,,,,,,,,,,,-33,,,,13264,13281,-42.75,,,,,,,36.56,,0.123071775614387,,0.744146703386667,8,0.484745910982939,,,,,,,,,,,,,-0.0261183231411124,,,,
1998-04-30,,,,,,,,,,,,,,,,,,,,,,,,,,,,,,,,,,,,,,,,,,,,19,,,,26009,898,21.19,,,,,,,-10.6,,-0.0817615540144621,,-0.475009697399161,-31,0.405465108108164,,,,,,,,,,,,,-0.161372609876628,,,,
1998-05-31,,,,,,,,,,,,,,,,,,,,,,,,,,,,,,,,,,,,,,,,,,,,-2,,,,10377,-1293,15.2,,,,,,,-20.81,,0.0709079694230512,,0.613896410571183,67,-0.125434182391903,,,,,,,,,,,,,0.0771428758488755,,,,
1998-06-30,,,,,,,,,,,,,,,,,,,,,,,,,,,,,,,,,,,,,,,,,,,,0,,,,-3507,-15230,-9.57999999999998,,,,,,,11.57,,0.0350913198112695,,-0.169691920956845,-7,0.117270871752742,,,,,,,,,,,,,0.0180185055026785,,,,-0.000571626292321881
1998-07-31,,,,,,,,,,,,,,,,,,,,,,,,,,,,,,,,,,,,,,,,,,,,3,,,,1028,15155,-15.29,,,,,,,55.9999999999999,,0.0639995828329614,,-0.192169656451185,13,-0.315384675001117,,,,,,,,,,,,,0.152874355467653,,,,
1998-08-31,,,,,,,,,,,,,,,,,,,,,,,,,,,,,,,,,,,,,,,,,,,,3,,,,-8993,1013,72.21,,,,,,,-48.1299999999999,,-0.0236374641543353,,0.0295372154565268,-58,0.10648348040245,,,,,,,,,,,,,-0.113481953756993,,,,
1998-09-30,,,,,,,,,,,,,,,,,,,,,,,,,,,,,,,,,,,,,,,,,,,,-4,,,,6784,-554,-63.36,,,,,,,21.110000000001,,-0.0148288166734609,,0.0504760035214993,-28,-0.29105475693042,,,,,,,,,,,,,0.108360303636938,,,,-0.0551193995350676
1998-10-31,,,,,,,,,,,,,,,,,,,,,,,,,,,,,,,,,,,,,,,,,,,,95,,,,-9710,-9618,-4.33,,,,,,,10.919999999999,,0.0185019153853219,,-0.130447377329252,68,-0.22652764929845,,,,,,,,,,,,,0.0718130246187272,,,,
1998-11-30,,,,,,,,,,,,,,,,,,,,,,,,,,,,,,,,,,,,,,,,,,,,-66,,,,-6395,7237,43.89,,,,,,,-21.95,,-0.0411657749625336,,0.341120988999078,134,0.0813456394539518,,,,,,,,,,,,,-0.0821356969261462,,,,
1998-12-31,,,,,,,,,,,,,,,,,,,,,,,,,,,,,,,,,,,,,,,,,,,,1,9,,,4863,6316,-32.21,,,,,,,64.67,,0.068292212201623,,0.272689634267923,151,-0.0562397183228756,,,,,,,,,,,,,0.0567259814007777,,,,0.018463032337305
1999-01-31,,,,,,,,,,,,,,,,,,,,,,,,,,,,,,,,,,,,,,,,,,,,-17,-9,,,-2415,-9152,-14.34,,,,,,,-24.26,,-0.0644790521952086,,-0.0320426526270445,168,0.749386898882821,,,,,,,,,,,,,-0.164828399346438,,,,
1999-02-28,,,,,,,,,,,,,,,,,,,,,,,,,,,,,,,,,,,,,,,,,,,,-13,-5,,,-28001,-6407,79.06,,,,,,,-33.01,,-0.0547546337183586,,0.157712738788602,-117,-0.357791638638807,,,,,,,,,,,,,-0.0352977820810239,,,,
1999-03-31,,,,,,,,,,,,,,,,,,,,,,,,,,,,,,,,,,,,,,,,,,,,-2,2,,,1886,-1179,-99.15,,,,,,,10.44,,0.0326277088565172,,-0.0870140014652279,-60,-0.118481603620523,,,,,,,,,,,,,0.180323554131282,,,,0.0229909372149031
1999-04-30,,,,,,,,,,,,,,,,,,,,,,,,,,,,,,,,,,,,,,,,,,,,2,1,,,3913,1291,14.82,,,,,,,-11.74,,0.0381725735050304,,-0.166310917544681,-309,0.112879348071854,,,,,,,,,,,,,-0.0779615414697119,,,,
1999-05-31,,,,,,,,,,,,,,,,,,,,,,,,,,,,,,,,,,,,,,,,,,,,4,1,,,5809,8343,68.63,,,,,,,18.41,,0.0331522073168999,,0.172767244809847,305,0.251938453262155,,,,,,,,,,,,,0.0160861377516248,,,,
1999-06-30,,,,,,,,,,,,,,,,,,,,,,,,,,,,,,,,,,,,,,,,,,,,-31,-30,,,4677,-8764,-50.8,,,,,,,-10.71,,-0.0109290705321898,,-0.247842682898648,-6,-0.257572270980411,,,,,,,,,,,,,0.070587344320109,,,,-0.00737965532338869
1999-07-31,,,,,,,,,,,,,,,,,,,,,,,,,,,,,,,,,,,,,,,,,,,,61,61,,,-1940,6312,4.93000000000001,,,,,,,34.09,,0.0901353080607601,,0.362233582681831,147,-0.113554699546862,,,,,,,,,,,,,0.0740194569954431,,,,
1999-08-31,,,,,,,,,,,,,,,,,,,,,,,,,,,,,,,,,,,,,,,,,,,,-30,-30,,,34009,-9885,69.47,,,,,,,-32.68,,-0.0383842430083146,,-0.400676280291131,-199,-0.309004841920602,,,,,,,,,,,,,0.0148489307413993,,,,
1999-09-30,,,,,,,,,,,,,,,,,,,,,,,,,,,,,,,,,,,,,,,,,,,,2,-1,,,-6601,-1451,-67.92,,,,,,,15.4,,-0.00435730536895562,,-0.149228041960701,-19,0.0826917158451135,,,,,,,,,,,,,-0.292987124681474,,,,-0.0270396188898374
1999-10-31,,,,,,,,,,,,,,,,,,,,,,,,,,,,,,,,,,,,,,,,,,,,74,-49,,,-1294,2878,-8.89999999999998,,,,,,,14.52,,0.0112897421445997,,0.0388181824765912,-81,-0.314493329902438,,,,,,,,,,,,,-0.533367561860486,,,,
1999-11-30,,,,,,,,,,,,,,,,,,,,,,,,,,,,,,,,,,,,,,,,,,,,-126,96,,,1529,-2882,69.13,,,,,,,-18.22,,-0.0468490441810872,,-0.00650383496879492,232,0.547115625171191,,,,,,,,,,,,,-0.020943173845243,,,,
1999-12-31,,,,,,,,,,,,,,,,,,,,,,,,,,,,,,,,,,,,,,,,,,,,147,-45,,,-18401,2498,-64.81,,,,,,,65.0500000000001,,0.0605713864361892,,0.112641046082466,171,0.382134251345469,,,,,,,,,,,,,-0.111848300136569,,,,0.01948123710436
2000-01-31,,,,,,,,,,,,,,,,,,,,,,,,,,,,,,,,,,,,,,,,,,,,-99,-3,,,-4043,244,-7.06,,,,,,,-30.38,,-0.0461955773158822,,-0.0795697771279933,-52,-0.085062438543849,,,,,,,,,,,,,-0.026988144717647,,,,
2000-02-29,,,,,,,,,,,,,,,,,,,,,,,,,,,,,,,,,,,,,,,,,,,,-8,-5,,,2537,-9970,81.88,,,,,,,-33.08,,-0.0243804400902334,,-0.116641574556732,-198,0.2865131652468,,,,,,-10560,,,,,,,-0.430081735743521,,,,
2000-03-31,,,,,,,,,,,,,,,,,,,,,,,,,,,,,,,,,,,,,,,,,,,,7,5,,,2904,11058,-82.62,,,,,,,8.15999999999997,,0.0332614931341944,,-0.185425222661955,23,-0.453992149002825,,,,,,6957,,,,,,,0.632960546924831,,,,0.0124638090425151
2000-04-30,,,,,,,,,,,,,,,,,,,,,,,,,,,,,,,,,,,,,,,,,,,,0,-1,,,1143,3750,3.88,,,,,,,-10.26,,-0.0517122010473106,,-1.02504580972064,-92,-0.394475986532569,,,,,,8978,,,,,,,-0.0854335563084128,,,,
2000-05-31,,,,,,,,,,,,,,,,,,,,,,,,,,,,,,,,,,,,,,,,,,,,18,-2,,,7653,-7276,74.91,,,,,,,19.47,,0.0613911151471456,,0.69786189292026,128,0.24583496251628,,,,,,-6757,,,,,,,0.370631155432532,,,,
2000-06-30,,,,,,,,,,,,,,,,,,,,,,,,,,,,,,,,,,,,,,,,,,,,55,-1,,,-18389,1326,,,,,,,,,,0.035272473762431,,-0.195464329311687,52,-0.122602322092332,,,,,,-5998,,,,,,,-0.155083951010257,,,,0.00482060977454601
2000-07-31,,,,,,,,,,,,,,,,,,,,,,,,,,,,,,,,,,,,,,,,,,,,-9,-4,,,26279,-4706,,,,,,,,,,0.0566886876816568,,1.11146033341015,337,0.0631789016215309,,,,,,1794,,,,,,,-0.0606246218164346,,,,
2000-08-31,,,,,,,,,,,,,,,,,,,,,,,,,,,,,,,,,,,,,,,,,,,,-5,1,,,16488,-2641,,,,,,,,,,-0.0201701069491325,,-0.358536000738793,-256,0.0135137191667232,,,,,,206,,,,,,,-0.0234202742080987,,,,
2000-09-30,,,,,,,,,,,,,,,,,,,,,,,,,,,,,,,,,,,,,,,,,,,,108,1,,,-49236,-3389,-75.95,,,,,,,9.41000000000201,,-0.0156060662161508,,-0.0257722501643443,-149,-0.027212563524885,,,,,,1614,,,,,,,0.0620175737062425,,,,0.079651635815539
2000-10-31,,,,,,,,,,,,,,,,,,,,,,,,,,,,,,,,,,,,,,,,,,,,1,-1,,,25609,1936,-14.26,,,,,,,4.86999999999898,,-0.0209125145163735,,-0.0583991197313427,9,-0.488097372688435,,,,,,-1328,,,,,,,-0.158987898561609,,,,
2000-11-30,,,,,,,,,,,,,,,,,,,,,,,,,,,,,,,,,,,,,,,,,,,,-94,-1,,,-17673,-5110,86.6,,,,,,,-1.60000000000002,,-0.0248194169103417,,0.0621217857335878,-106,-0.131927543042548,,,,,,-4977,,,,,,,0.165647190651586,,,,
2000-12-31,,,,,,,,,,,,,,,,,,,,,,,,,,,,,,,,,,,,,,,,,,,,-5,3,,,-24483,11700,-77.13,,,,,,,11.6,,0.0163304015854306,,-0.773671060311557,-16,-0.349375641457121,,,,,,19586,,,,,,,0.194416261677299,,,,-0.0118749451635516
2001-01-31,,,,,,,,,,,,,,,,,,,,,,,,,,,,,,,,,,,,,,,,,,,,-2,-1,,,11869,-2990,-8.59999999999999,,,,,,,7.18999999999994,,0.0244222664416771,,0.0232093299637768,-108,-0.541597282432745,,,,,,-6223,,,,,,,-0.0678225963387611,,,,
2001-02-28,,,,,,,,,,,,,,,,,,,,,,,,,,,,,,,,,,,,,,,,,,,,-10,-1,,,-23584,-1473,75.34,,,,,,,-30.92,,-0.0823331823865159,,-0.581657155859954,-133,0.295464212893836,,,,,,-9360,,,,,,,-0.0499604393176218,,,,
2001-03-31,,,,,,,,,,,,,,,,,,,,,,,,,,,,,,,,,,,,,,,,,,,,7,1,,,1993,1412,-81.64,,,,,,,4.30999999999995,,0.0596144938696224,,-0.0465738915586531,105,0.0454623740767572,,,,,,-2654,,,,,,,-0.0547505147714089,,,,0.00688768471714596
2001-04-30,,,,,,,,,,,,,,,,,,,,,,,,,,,,,,,,,,,,,,,,,,,,-1,-1,,,17632,18450,12.52,,,,,,,0.860000000000014,,0.0110030733443311,,-0.0796751120465284,30,1.02165124753198,,,,,,6487,,,,,,,-0.0834757221573215,,,,
2001-05-31,,,,,,,,,,,,,,,,,,,,,,,,,,,,,,,,,,,,,,,,,,,,140,1,,,20912,-465,77.53,,,,,,,16.75,,0.0355556262618633,,-0.0683919986756809,56,-0.295714244149045,,,,,,-375,,,,,,,0.176421834666766,,,,
2001-06-30,,,,,,,,,,,,,,,,,,,,,,,,,,,,,,,,,,,,,,,,,,,,-28,0,,,7555,19604,-62.75,,,,,,,0.290000000000077,,-0.00488600320562682,,0.544314750760611,5,-0.0782521968997489,,,,,,-5345,,,,,,,-0.157773275588694,,,,0.056959095758236
2001-07-31,,,,,,,,,,,,,,,,,,,,,,,,,,,,,,,,,,,,,,,,,,,,18,4,,,-4423,39876,3.41999999999999,,,,,,,26.23,,0.0540242557930304,,0.823677841550358,10,-0.023530497410194,,,,,,1422,,,,,,,0.235537558945526,,,,
2001-08-31,,,,,,,,,,,,,,,,,,,,,,,,,,,,,,,,,,,,,,,,,,,,8,-3,,,-1030,-61414,84.97,,,,,,,-26.1800000000001,,0.000773096288988029,,-0.398702630415304,-112,0,,,,,,4366,,,,,,,-0.120066663047522,,,,
2001-09-30,,,,,,,,,,,,,,,,,,,,,,,,,,,,,,,,,,,,,,,,,,,,6,-2,,,2770,-8500,-75.98,,,,,,,8.400000000001,,-0.0250404319596873,,-0.106964644216106,69,-0.241162056816888,,,,,,-7354,,,,,,,-0.103989713524047,,,,-0.0389869971044092
2001-10-31,,,,,,,,,,,,,,,,,,,,,,,,,,,,,,,,,,,,,,,,,,,,-20,2,,,7565,13228,-18.2,,,,,,,29.649999999998,,0.0304354354113467,,-0.677030177816935,-13,-0.112117298120705,,,,,,2159,,,,,,,0.0158553717897938,,,,
2001-11-30,,,,,,,,,,,,,,,,,,,,,,,,,,,,,,,,,,,,,,,,,,,,2,-2,,,-11960,-5155,90.43,,,,,,,-21.229999999999,,-0.0296433561620137,,0.377544349405211,224,-0.0521857531705701,,,,,,43,,,,,,,-0.0366173632382232,,,,
2001-12-31,,,,,,,,,,,,,,,,,,,,,,,,,,,,,,,,,,,,,,,,,,,,6,2,,,12563,6183,-82.78,,,,,,,1.68999999999994,,-0.0119475734211179,,0.145915251085507,93,-0.241162056816889,,,,,,1579,,,,,,,0.106059571960325,,,,0.0366361291395592
2002-01-31,,,,,,,,,,,,,,,,,,,,,,,,,,,,,,,,,,,,,,,,,,,,-1,0,,,-856,-8109,-7.88000000000002,,,,,,,21.73,,0.0158985860677978,,0.768390212909189,-139,0.0870113769896301,,,,,,-2080,,,,,,,-0.139237970657644,,,,
2002-02-28,,,,,,,,,,,,,,,,,,,,,,,,,,,,,,,,,,,,,,,,,,,,18,-3,,,-5604,-378,95.9,,,,,,,-80.5,,-0.121437180258728,,-1.06589332070908,-118,0.51082562376599,,,,,,-1439,,,,,,,-0.128381166648206,,,,
2002-03-31,,,,,,,,,,,,,,,,,,,,,,,,,,,,,,,,,,,,,,,,,,,,14,2,,,5626,-6762,-105.3,,,,,,,56.3,,0.114314079305904,,-0.84278667579084,1,0.0487901641694322,,,,,,-840,,,,,,,-0.00825314175671998,,,,0.00216406929324542
2002-04-30,,,,,,,,,,,,,,,,,,,,,,,,,,,,,,,,,,,,,,,,,,,,17,-1,,,-43890,7875,16.59,,,,,,,-5.3599999999999,,-0.037221125100297,,0.630753860555075,58,-0.303682413798222,,,,,,2797,,,,,,,-0.282172416640812,,,,
2002-05-31,,,,,,,,,,,,,,,,,,,,,,,,,,,,,,,,,,,,,,,,,,,,4,4,,,10267,5636,39.72,,,,,,,15.2199999999999,,0.0584399958535142,,0.50656202711353,-19,-0.0162605208717803,,,,,,1059,,,,,,,0.192646580192103,,,,
2002-06-30,,,,,,,,,,,,,,,,,,,,,,,,,,,,,,,,,,,,,,,,,,,,-13,1,,,-11106,-3085,-49.11,,,,,,,15.5400000000001,,0.0177268611123358,,0.435216053524414,-276,0.0787808778531138,,,,,,163,,,,,,,-0.218622066595364,,,,-0.0174451201705796
2002-07-31,,,,,,,,,,,,,,,,,,,,,,,,,,,,,,,,,,,,,,,,,,,,-74,-4,,,18094,4487,19.1,,,,,,,18.0999999999999,,0.0700618186758559,,0.469463704547536,-214,-0.0787808778531138,,,,,,-147,,,,,,,0.681804903956011,,,,
2002-08-31,,,,,,,,,,,,,,,,,,,,,,,,,,,,,,,,,,,,,,,,,,,,3,1,,,28660,-5855,105.5,,,,,,,-39.399999999999,,-0.0414454081753926,,-0.0611320201139929,0,-0.0678225963387611,,,,,,-1520,,,,,,,-0.203844293809693,,,,
2002-09-30,,,,,,,,,,,,,,,,,,,,,,,,,,,,,,,,,,,,,,,,,,,,-4,0,,,-1321,-2947,-92.2,,,,,,,19.699999999998,,0.00148367979739206,,-0.295192092121209,-7,-0.432133355190326,,,,,,-1350,,,,,,,-0.0800427076735364,,,,0.00757538388116608
2002-10-31,,,,,,,,,,,,,,,,,,,,,,,,,,,,,,,,,,,,,,,,,,,,27,2,,,-15898,-1145,-8.40000000000001,,,,,,,31.900000000001,,0.0183626165745387,,0.11581785815196,1,0.239229689065834,,,,,,-455,,,,,,,-0.0050633019565467,,,,
2002-11-30,,,,,,,,,,,,,,,,,,,,,,,,,,,,,,,,,,,,,,,,,,,,-35,-1,,,4690,6255,92.49,,,,,,,-26.45,,-0.0553619293326664,,-1.08343743220222,27,0.138836444854216,,,,,,1665,,,,,,,-0.109882852364637,,,,
2002-12-31,,,,,,,,,,,,,,,,,,,,,,,,,,,,,,,,,,,,,,,,,,,,4,1,,,278,-274,-94.78,,,,,,,2.70000000000005,,0.00460476638674834,,-0.481223959487039,-39,-0.117783035656383,,,,,,-20,,,,,,,-0.459296285473178,,,,0.019880839988236
2003-01-31,,,,,,,,,,,,,,,,,,,,,,,,,,,,,,,,,,,,,,,,,,,,-2,-4,,,7984,-3454,-8.81,,,,,,,48.55,,0.0449177302943591,-1,-0.230733278804866,-16,0.535518236356362,,,,,,-1218,,,,,,,0.0817659546965679,,,,
2003-02-28,,,,,,,,,,,,,,,,,,,,,,,,,,,,,,,,,,,,,,,,,,,,-4,1,,,-13152,-317,107.2,,,,,,,-106.2,,-0.142143986561504,1,-0.852687445782541,37,0.0706175672139535,,,,,,386,,,,,,,-0.770438854861593,,,,
2003-03-31,,,,,,,,,,,,,,,,,,,,,,,,,,,,,,,,,,,,,,,,,,,,-32,2,,,14060,5873,-113,,,,,,,67.3,,0.13405867974457,1,0.282735648516455,-22,0.276253376628158,,,,,,1363,,,,,,,0.026433257068156,,,,0.0121070351549548
2003-04-30,,,,,,,,,,,,,,,,,,,,,,,,,,,,,,,,,,,,,,,,,,,,6,4,,,-12607,3890,3.80000000000001,,,,,,,-25.3,,-0.027686018251349,-1,1.27967042141529,-19,-0.264953821374225,,,,,,1064,,,,,,,0.563335569037955,,,,
2003-05-31,,,,,,,,,,,,,,,,,,,,,,,,,,,,,,,,,,,,,,,,,,,,-2,-3,,,-28686,6171,108.8,,,,,,,12.6,,0.0531883110622848,1,0.866212530173563,89,-0.428193359185721,,,,,,1585,,,,,,,0.209185199063502,,,,
2003-06-30,,,,,,,,,,,,,,,,,,,,,,,,,,,,,,,,,,,,,,,,,,,,-5,-2,,,35334,-3805,-80.9,,,,,,,21.5999999999999,,0.0304664017034346,-1,0.229483968974312,-62,0.309004841920602,,,,,,-1334,,,,,,,0.287682072451781,,,,0.030084803061424
2003-07-31,,,,,,,,,,,,,,,,,,,,,,,,,,,,,,,,,,,,,,,,,,,,34,3,,,2229,-2051,10.3,,,,,,,34.1,,0.0576235301274028,1,0.201353319733691,-19,0,,,,,,-792,,,,,,,0.155870370706785,,,,
2003-08-31,,,,,,,,,,,,,,,,,,,,,,,,,,,,,,,,,,,,,,,,,,,,5,3,,,-9444,-21141,101,,,,,,,-27.800000000001,,-0.0112621263221131,-1,0.291166922384576,69,-0.106767975425706,,,,,,-4339,,,,,,,-0.260561766232587,,,,
2003-09-30,,,,,,,,,,,,,,,,,,,,,,,,,,,,,,,,,,,,,,,,,,,,-36,0,,,13705,17161,-86.2,,,,,,,4.20000000000095,,-0.0249591371122051,0,-0.140547618910634,-25,-0.478490243123054,,,,,,3721,,,,,,,-0.058536502452573,,,,0.0472715903227527
2003-10-31,,,,,,,,,,,,,,,,,,,,,,,,,,,,,,,,,,,,,,,,,,,,33,-4,,,1565,6570,-20.7,,,,,,,18.4000000000001,,0.00340948165262045,0,-0.0543885334277991,79,0.37469344944141,,,,,,1618,,,,,,,-0.0509200904272573,,,,
2003-11-30,,,,,,,,,,,,,,,,,,,,,,,,,,,,,,,,,,,,,,,,,,,,-9,10,,,-22758,-2049,100.2,,,,,,,-51.2,,-0.0963999496983083,-1,-0.107413777398802,-86,-0.470003629245735,,,,,,1956,,,,,,,-0.065534041379073,,,,
2003-12-31,,,,,,,,,,,,,,,,,,,,,,,,,,,,,,,,,,,,,,,,,,,,-74,-7,,,61,-1157,-108.1,,,,,,,74.8,,0.0806191762431414,1,-0.325311219614793,50,0.139761942375159,,,,,,-450,,,,,,,0.201394808455413,,,,0.00364167340441668
2004-01-31,,,,,,,,,,,,,,,,,,,,,,,,,,,,,,,,,,,,,,,,,,,,-75,-5,,,5317,3407,-10.4,,,,,,,-11.5999999999999,,0.0137364797278865,0,-0.439553218034925,-294,-0.693147180559945,,,,,,506,,,,,,,0.308633684937559,,,,
2004-02-29,,,,,,,,,,,,,,,,,,,,,,,,,,,,,,,,,,,,,,,,,,,,72,-2,,,-22307,-3487,8.69999999999999,,,,,,,-74.9000000000001,,-0.114803168822375,1,0.0161823498103377,59,0.625705899764413,,,,,,-1162,,,,,,,-0.429679366228759,,,,
2004-03-31,,,,,,,,,,,,,,,,,,,,,,,,,,,,,,,,,,,,,,,,,,,,77,8,,,26348,-2105,116.5,,,,,,,59.2,,0.101758013007262,-1,0.469902878653739,149,-0.360002734031407,,,,,,-1122,,,,,,,-0.194156014440958,,,,0.00578487229109825
2004-04-30,,,,,,,,,,,,,,,,,,,,,,,,,,,,,,,,,,,,,,,,,,,,17,9,,,12522,-226,-124.2,,,,,,,-29.8,,-0.0380327528516782,0,-0.276106452073652,-88,0.889262059486235,,,,,,-321,,,,,,,-0.287682072451781,,,,
2004-05-31,,,,,,,,,,,,,,,,,,,,,,,,,,,,,,,,,,,,,,,,,,,,-26,-12,,,-12689,-5783,5.59999999999999,,,,,,,-1.70000000000005,,0.0156698362975325,0,-0.12970506363375,-186,0.304660408986199,,,,,,1707,,,,,,,0.377294231141469,,,,
2004-06-30,,,,,,,,,,,,,,,,,,,,,,,,,,,,,,,,,,,,,,,,,,,,6,-4,,,-14973,2834,123.7,,,,,,,43,,0.0814008499439591,1,0.444353835657363,55,-0.375612144958483,,,,,,6371,,,,,,,0.0784716154414946,,,,0.00267705779306837
2004-07-31,,,,,,,,,,,,,,,,,,,,,,,,,,,,,,,,,,,,,,,,,,,,-54,0,,,13966,1571,-91,,,,,,,40.7,,0.0716386625383016,-1,0.341770022134414,6,-0.108633841002796,,,,,,984,,,,,,,0.424157241120317,,,,
2004-08-31,,,,,,,,,,,,,,,,,,,,,,,,,,,,,,,,,,,,,,,,,,,,97,6,,,5762,-1963,16.8,,,,,,,-40.4999999999991,,-0.0214534737297045,0,-0.0734359420956405,12,0.165792254842744,,,,,,-1213,,,,,,,0.105360515657827,,,,
2004-09-30,,,,,,,,,,,,,,,,,,,,,,,,,,,,,,,,,,,,,,,,,,,,-73,3,,,1889,3514,110.2,,,,,,,3.89999999999804,,-0.0333889283144622,0,0.00997311398731959,23,-0.287682072451781,,,,,,91,,,,,,,-0.177002395316355,,,,0.0350411085329014
2004-10-31,,,,,,,,,,,,,,,,,,,,,,,,,,,,,,,,,,,,,,,,,,,,53,-1,,,17032,-328,-121.8,,,,,,,12.800000000002,,0.0133632278121665,0,-0.300919144291118,299,0.405465108108165,,,,,,516,,,,,,,-0.0517122010473106,,,,
2004-11-30,,,,,,,,,,,,,,,,,,,,,,,,,,,,,,,,,,,,,,,,,,,,-58,-7,,,-7040,-1541,-4.30000000000001,,,,,,,-53.900000000001,,-0.0968283987194294,0,-0.494535114439763,-345,0.230523658611832,,,,,,-547,,,,,,,-0.312188482639604,,,,
2004-12-31,,,,,,,,,,,,,,,,,,,,,,,,,,,,,,,,,,,,,,,,,,,,14,7,,,-19818,-4644,114.6,,,,,,,70.799999999999,,0.0699209457995051,0,0.89600506110199,126,0.287682072451782,,,,,,-3754,,,,,,,-0.104512698735486,,,,-0.04685482193611
2005-01-31,,,,,,,,,,,,,,,,,,,,,,,,,,,,,,,,,,,,,,,,,,,,26,-4,,,6567,5050,-131.1,,,,,,,-22.3999999999991,,-0.0243193056547,0,0.039822573835389,45,0.0145987994211527,,,,,,4005,,,,,,,0.0251059211310762,,,,
2005-02-28,,,,,,,,,,,,,,,,,,,,,,,,,,,,,,,,,,,,,,,,,,,,-50,-3,,,1588,-1459,1.30000000000001,,,,,,,-32.5,,-0.0476929619248025,0,-0.144295430504821,-144,-0.208754813862111,,,,,,151,,,,,,,-0.231442354128905,,,,
2005-03-31,,,,,,,,,,,,,,,,,,,,,,,,,,,,,,,,,,,,,,,,,,,,32,-2,,,9854,-1144,132.9,,,,,,,36.3000000000001,,0.084915672415411,0,0.165450432199734,121,0.0436750635026621,,,,,,-2267,,,,,,,0.227301561462873,,,,0.065691210319784
2005-04-30,,,,,,,,,,,,,,,,,,,,,,,,,,,,,,,,,,,,,,,,,,,,52,2,,,-7184,-5036,-135.5,,,,,,,-43.1,,-0.0226914112020706,0,-0.671997286500675,-156,0.294071870550551,,,,,,-3391,,,,,,,0.0911521696556612,,,,
2005-05-31,,,,,,,,,,,,,,,,,,,,,,,,,,,,,,,,,,,,,,,,,,,,28,3,,,-13323,9513,17.5,,,,,,,56.6,,0.0720918897023175,1,0.423190606914179,84,0.091248671465145,,,,,,3462,,,,,,,0.121144383359089,,,,
2005-06-30,,,,,,,,,,,,,,,,,,,,,,,,,,,,,,,,,,,,,,,,,,,,-114,-4,,,19992,3993,138.2,,,,,,,19.5,,0.0347756864903968,-1,-0.246292948093636,32,-0.522521663529182,,,,,,2302,,,,,,,0.299358602113617,,,,0.0299021899889631
2005-07-31,,,,,,,,,,,,,,,,,,,,,,,,,,,,,,,,,,,,,,,,,,,,-22,7,,,-6220,2467,-130.1,,,,,,,25.5999999999999,,0.0278925694023009,1,0.54224982973745,-12,0,,,,,,1004,,,,,,,0.101622193547219,,,,
2005-08-31,,,,,,,,,,,,,,,,,,,,,,,,,,,,,,,,,,,,,,,,,,,,31,-3,,,-21732,-14918,26.6,,,,,,,-18.9,,0.00685325355056943,-1,0.0909388624794261,44,0.111225635110225,,,,,,-2105,,,,,,,0.0200229158751082,,,,
2005-09-30,,,,,,,,,,,,,,,,,,,,,,,,,,,,,,,,,,,,,,,,,,,,17,-4,,,773,22720,164.8,,,,,,,-6.10000000000002,,-0.0359250683725465,0,-0.208737411560351,-52,-0.354171813720614,,,,,,3436,,,,,,,0.0985089030435162,,,,-0.023521612128846
2005-10-31,,,,,,,,,,,,,,,,,,,,,,,,,,,,,,,,,,,,,,,,,,,,-43,-2,,,36672,-29219,-142.8,,,,,,,10.9000000000001,,0.00588236990306701,1,0.105674615607011,19,-0.162518929497774,,,,,,-3116,,,,,,,0.00398406901487469,,,,
2005-11-30,,,,,,,,,,,,,,,,,,,,,,,,,,,,,,,,,,,,,,,,,,,,30,3,,,-20157,22728,-41.9,,,,,,,-50.9000000000001,,-0.0863184686123608,-1,-0.26613746915403,-54,0.0571584138399484,,,,,,3246,,,,,,,-0.168501001175322,,,,
2005-12-31,,,,,,,,,,,,,,,,,,,,,,,,,,,,,,,,,,,,,,,,,,,,-15,1,,,3568,-23489,149,,,,,,,77.6,,0.0804360987092938,0,0.14133437275877,-41,1.05605267424931,,,,,,369,,,,,,,-0.182792255790643,,,,0.0117966469998105
2006-01-31,,,,,,,,,,,,,,,,,,,,,,,,,,,,,,,,,,,,,,,,,,,,42,3,,,5349,5636,-148.7,,,,,,,-23.6999999999999,,-0.0483477841577935,0,0.0355932341367424,182,-0.545227050483323,,,,,,-4660,,,,,,,-0.0671785377567113,,,,
2006-02-28,,,,,,,,,,,,,,,,,,,,,,,,,,,,,,,,,,,,,,,,,,,,-6,0,,,951,-5892,-0.0999999999999943,,,,,,,-42.2,,-0.0725374033326771,0,0.117412143794581,-2,-0.202524264111474,,,,,,-3934,,,,,,,-0.260854830218637,,,,
2006-03-31,,,,,,,,,,,,,,,,,,,,,,,,,,,,,,,,,,,,,,,,,,,,-48,-5,,,2446,10240,149.3,,,,,,,40.1,,0.110805054703071,0,-0.345715873102554,-80,0.115512887121844,,,,,,6509,,,,,,,0.398907707562006,,,,0.0395213689610223
2006-04-30,,,,,,,,,,,,,,,,,,,,,,,,,,,,,,,,,,,,,,,,,,,,84,2,,,-12886,7089,-142.7,,,,,,,-49.6,,-0.0174335644675523,0,-0.00781314879179718,-149,0.289952220986319,,,,,,-4929,,,,,,,-0.0185928330766156,,,,
2006-05-31,,,,,,,,,,,,,,,,,,,,,,,,,,,,,,,,,,,,,,,,,,,,-47,-2,,,-25645,-242,-8.80000000000001,,,,,,,55,,0.0713753152232348,0,0.441996719694609,163,0.451985123743057,,,,,,-170,,,,,,,-0.162676645766536,,,,
2006-06-30,,,,,,,,,,,,,,,,,,,,,,,,,,,,,,,,,,,,,,,,,,,,1,1,,,49,185,179,,,,,,,5.39999999999998,,0.0028192857692817,0,-0.0993224212747119,-35,-0.373513508301562,,,,,,577,,,,,,,0.1299761844556,,,,0.0498692910959431
2006-07-31,,,,,,,,,,,,,,,,,,,,,,,,,,,,,,,,,,,,,,,,,,,,4,4,,,26417,-2485,-141.7,,,,,,,64.9,,0.109238123146436,0,0.231782882044314,168,0.0430835861363121,,,,,,-1350,,,,,,,0.255307675792765,,,,
2006-08-31,,,,,,,,,,,,,,,,,,,,,,,,,,,,,,,,,,,,,,,,,,,,-1,2,,,4464,-2564,-2.89999999999998,,,,,,,-39.9,,-0.0443829291820244,0,-0.58704080599931,-180,-0.244453337900961,,,,,,-907,,,,,,,-0.0282935086426113,,,,
2006-09-30,,,,,,,,,,,,,,,,,,,,,,,,,,,,,,,,,,,,,,,,,,,,-35,4,,,10655,1839,185.7,,,,,,,-0.299999999999955,,0.0036871255888089,1,0.0877742788705067,91,-0.0635134057223254,,,,,,-10,,,,,,,0.0347106429632449,,,,-0.043484660571405
2006-10-31,,,,,,,,,,,,,,,,,,,,,,,,,,,,,,,,,,,,,,,,,,,,115,-1,,,-9967,671410,-124.4,,,,,,,-26.2,,0.240448267504692,-2,-0.454953231481371,-108,0.0787808778531138,,,,,,-3827,,,,,,,-0.052528486280039,,,,
2006-11-30,,,,,,,,,,,,,,,,,,,,,,,,,,,,,,,,,,,,,,,,,,,,-66,-5,,,-3958,-1332331,-13.3,,,,,,,-10.1,,-0.776295159334483,2,-0.364039177001192,-31,-0.287682072451781,,,,,,1477,,,,,,,-0.206430070340469,,,,
2006-12-31,,,,,,,,,,,,,,,,,,,,,,,,,,,,,,,,,,,,,,,,,,,,10,-4,,,3158,655839,133.7,,,,,,,33.100000000001,,0.482947349347024,-1,-0.164270381140227,34,-0.129211731480006,,,,,,-1068,,,,,,,0.185998031523263,,,,0.0521807192545616
2007-01-31,,,,,,,,,,,,,,,,,,,,,,,,,,,,,,,,,,,,,,,,,,,,-92,9,,,1992,5902,-183.7,,,,,,,1.29999999999905,,0.00110803335436227,1,0.210218080241845,-48,0.188052231502939,,,,,,4330,,,,,,,0.0919684891424222,,,,
2007-02-28,,,,,,,,,,,,,,,,,,,,,,,,,,,,,,,,,,,,,,,,,,,,-33,-1,,,-3332,60,-4.89999999999998,,,,,,,-60.4000000000001,,-0.0915520235075133,-1,0.205130891629604,16,0.0645385211375711,,,,,,-1,,,,,,,-0.04711792297707,,,,
2007-03-31,,,,,,,,,,,,,,,,,,,,,,,,,,,,,,,,,,,,,,,,,,,,12,-10,,,-20273,2894,158.4,,,0.0328289936676889,,0.0129906548572354,0.0480160551201525,40.1,,0.114541541732212,0,0.205539535786523,254,0.164303051291276,,,,,,-2924,,,,,,,0.115831815525121,,,,-0.0656573501506905
2007-04-30,,,,,,,,,,,,,,,,,,,,,,,,,,,,,,,,,,,,,,,,,,,,-2,8,,,424,-695,-166.5,,,,,,,-31.6,,-0.0596443124334405,0,-0.155867298973861,-19,0.0939318198342036,,,,,,-970,,,,,,,-0.380391470556049,,,,
2007-05-31,,,,,,,,,,,,,,,,,,,,,,,,,,,,,,,,,,,,,,,,,,,,35,-2,,,22905,5002,14.4,,,,,,,47.4000000000001,,0.0826461288902687,1,0.602553904592513,439,-0.116921338058902,,,,,,-1252,,,,,,,0.172752105777804,,,,
2007-06-30,,,,,,,,,,,,,,,,,,,,,,,,,,,,,,,,,,,,,,,,,,,,-37,4,,,5320,-5141,91.95,,,0.101135404678345,,0.0690755648012438,0.00761216971408274,10.3,,0.0178201780634266,-1,-0.085862210951495,642,0.0674412807955331,,,,,,2449,,,,,,,0.0190481949706944,,,,0.0128187710389902
2007-07-31,,,,,,,,,,,,,,,,,,,,,,,,,,,,,,,,,,,,,,,,,,,,6,-4,,,1411,-73,0,,,,,,,64.3,,0.0851047987190485,1,0.0547031016033852,2604,-0.0444517625708345,,,,,,331,,,,,,,0.202170427933931,,,,
2007-08-31,,,,,,,,,,,,,,,,,,,,,,,,,,,,,,,,,,,,,,,,,,,,135,1,,,-2223,-6431,-34.05,,,,,,,-34.5,,-0.03101023674256,-1,-0.082255580754456,1737,-0.238411023444998,,,,,,-2032,,,,,,,-0.0636397600832987,,,,
2007-09-30,,,,,,,,,,,,,,,,,,,,,,,,,,,,,,,,,,,,,,,,,,,,-49,-2,,,-1725,7194,163.9,,,0.355332616751276,,0.20769464629522,-0.00425225165443166,-26.1999999999999,,-0.0294653026757574,0,0.275727492279659,263,-0.111791405988116,,,,,,751,,,,,,,-0.1175263950801,,,,0.0704226341226715
2007-10-31,,,,,,,,,,,,,,,,,,,,,,,,,,,,,,,,,,,,,,,,,,,,34,0,,,5252,671109,-111.1,,,,,,,21.3,,-0.0122388065150547,0,0.139839768974246,-1750,0.0923733201310144,,,,,,-109,,,,,,,0.213396433068312,,,,
2007-11-30,,,,,,,,,,,,,,,,,,,,,,,,,,,,,,,,,,,,,,,,,,,,-58,-2,,,-30585,-1391539,-79.2,,,,,,,-21.699999999999,,-0.046739932800314,0,-0.130005022503235,1334,0.0571584138399492,,,,,,1698,,,,,,,-0.220348952383194,,,,
2007-12-31,,,,,,,,,,,,,,,,,,,,,,,,,,,,,,,,,,,,,,,,,,,,-58,0,,,-12522,719292,150.4,,,-0.050125213425904,,0.0962774510768991,0.315382904626622,4.89999999999804,,-0.011354542102926,0,0.0646477399888532,1769,0.0363676441708742,,,,,,-1744,,,,,,,0.0846830872300393,,,,0.0249705254664754
2008-01-31,,,,,,,,,,,,,,,,,,,,,,,,,,,,,,,,,,,,,,,,,,,,40,-1,,,6814,-8179,-160.2,,,,,,,40.000000000001,,0.0431032404175067,0,-0.00565603075556353,705,-0.324049716622655,,,,,,-2256,,,,,,,-0.00643089033029121,,,,
2008-02-29,,,,,,,,,,,,,,,,,,,,,,,,,,,,,,,,,,,,,,,,,,,,75,-2,,,-3144,11518,-15.1,,,,,,,-57.4,,-0.051293294387551,0,-0.00480098121203021,-1185,-0.0250013022054176,,,,,,1269,,,,,,,0.019169916107721,,,,
2008-03-31,,,,,,,,,,,,,,,,,,,,,,,,,,,,,,,,,,,,,,,,,,,,14,5,,,8706,6612,178.9,,,0.0122809661215548,,0.0511316420220194,0.105374452438358,10.9,,0.0688466619684514,0,0.0837514072943986,-967,0.513354070119349,,,,,,1191,,,,,,,-0.0744325947827704,,,,0.0164211073488758
2008-04-30,,,,,,,,,,,,,,,,,,,,,,,,,,,,,,,,,,,,,,,,,,,,-52,-3,,,-1916,-9802,-155,,,,,,,-2.70000000000005,,0.00102301799203453,0,0.110264791417896,1085,0.264692554227082,,,,,,-1172,,,,,,,-0.0465200156348926,,,,
2008-05-31,,,,,,,,,,,,,,,,,,,,,,,,,,,,,,,,,,,,,,,,,,,,2,-1,,,-14854,-2068,-6.69999999999999,,,,,,,19.4,,0.0336799865729835,0,-0.105816192440429,384,-0.0598981415810691,,,,,,3409,,,,,,,0.11247798342669,,,,
2008-06-30,,,,,,,,,,,,,,,,,,,,,,,,,,,,,,,,,,,,,,,,,,,,-14,4,,,7580,3636,157.9,,,0.00246639219191103,,0.00842831354502849,0.00808145950228933,20.1,,0.0161807894073096,0,0.181691637787205,1319,0.00615386557437869,,,,,,-3242,,,,,,,-0.0614228126264065,,,,-0.00741160474239422
2008-07-31,,,,,,,,,,,,,,,,,,,,,,,,,,,,,,,,,,,,,,,,,,,,-4,-2,,,2983,-388,-110.8,,,,,,,72.4,,0.0950448457029145,-1,-0.108773702581502,689,0.0710357731167521,,,,,,-1420,,,,,,,0.233049080303613,,,,
2008-08-31,,,,,,,,,,,,,,,,,,,,,,,,,,,,,,,,,,,,,,,,,,,,100,-3,,,-7147,5974,4.39999999999998,,,,,,,-48.0999999999999,,-0.025987125475627,1,0.200850930948993,-2243,-0.0649195460993157,,,,,,2017,,,,,,,-0.298492988555997,,,,
2008-09-30,,,,,,,,,,,,,,,,,,,,,,,,,,,,,,,,,,,,,,,,,,,,22,0,,,8819,336829,193.5,,,0.0197286193881876,,0.00253952956641612,-0.0197296448056328,-8,,-0.0512216243563435,-1,-0.256393176128489,-961,-0.255679341365608,,,,,,-810,,,,,,,0.0789272585896708,,,,-0.00223998562046646
2008-10-31,,,,,,,,,,,,,,,,,,,,,,,,,,,,,,,,,,,,,,,,,,,,-19,5,,,-10771,-689025,-184.2,,,,,,,-32.6,,-0.0615806448338008,1,-0.121355022371155,-4217,-0.134656885146257,,,,,,-1074,,,,,,,-0.255468452468126,,,,
2008-11-30,,,,,,,,,,,,,,,,,,,,,,,,,,,,,,,,,,,,,,,,,,,,22,-5,,,-5525,353327,-32.9,,,,,,,-3.39999999999998,,-0.0629138254105692,0,-0.0742475110564236,1581,0.0526437334854224,,,,,,1732,,,,,,,-0.109531867767625,,,,
2008-12-31,,,,,,,,,,,,,,,,,,,,,,,,,,,,,,,,,,,,,,,,,,,,104,5,,,3483,-8359,199,,,0.0685096454239993,,0.0190644890201437,-0.0209134332539307,30.8,,0.0266967269682441,-1,-0.258249311279274,-2579,-0.137201121513486,,,,,,1247,,,,,,,-0.105003309009985,,,,0.0109984430102408
2009-01-31,,,,,,,,,,,,,,,,,,,,,,,,,,,,,,,,,,,,,,,,,,,,-59,-2,,,-11921,1085,-184.7,,,,,,,47.5,,0.0422961445187076,0,0.291835981798421,-124,0.280301965154159,,,,,,180,,,,,,,0.142862720053407,,,,
2009-02-28,,,,,,,,,,,,,,,,,,,,,,,,,,,,,,,,,,,,,,,,,,,,-22,-1,,,6007,-662,-28.3,,,,,,,-105.6,,-0.118920045443459,1,-0.280129034662586,195,-0.535826925971408,,,,,,-158,,,,,,,0.0571584138399484,,,,
2009-03-31,,,,,,,,,,,,,,,,,,,,,,,,,,,,,,,,,,,,,,,,,,,,81,-2,,,7996,-2790,148.1,,,0.0890730833857329,,0.0257757961348251,-0.0549903846437854,35.5,,0.0969635851618733,2,-0.208957050888142,-1046,0.586379205134239,,,,,,-673,,,,,,,-0.0448505661653513,,,,-0.0930700791897738
2009-04-30,,,,,,,,,,,,,,,,,,,,,,,,,,,,,,,,,,,,,,,,,,,,-43,1,,,-3163,-8327,-144.8,,,,,,,-25.9,,0.0010319918356565,3,-0.22999180639377,59,-0.193653122803505,,,,,,-1987,,,,,,,-0.113206368628972,,,,
2009-05-31,,,,,,,,,,,,,,,,,,,,,,,,,,,,,,,,,,,,,,,,,,,,97,1,,,2172,4851,18.3,,,,,,,45.5,,0.0816679186149489,6,0.694007064464438,108,0.033616610798985,,,,,,1176,,,,,,,0.460973251817952,,,,
2009-06-30,,,,,,,,,,,,,,,,,,,,,,,,,,,,,,,,,,,,,,,,,,,,-50,-1,,,-5797,-2117,110.3,,,-0.197305677565382,,0.0379660426972332,0.307225174636569,38.7,,0.037317763007195,1,0.0325866141532689,-191,-0.0166670524852117,,,,,,-814,,,,,,,-0.0174296351352838,,,,-0.0519910871670355
2009-07-31,,,,,,,,,,,,,,,,,,,,,,,,,,,,,,,,,,,,,,,,,,,,-18,0,,,5039,4538,-76.1,,,,,,,68.9,,0.0922251729802195,7,0.190969931878682,20,0.251314428280906,,,,,,-3143,,,,,,,0.0761467088435701,,,,
2009-08-31,,,,,,,,,,,,,,,,,,,,,,,,,,,,,,,,,,,,,,,,,,,,-29,1,,,-1907,-8771,29.6,,,,,,,-35.1,,-0.0228050423541051,-6,0.0114647169194004,29,-0.170625517030763,,,,,,-2099,,,,,,,-0.0717607369003153,,,,
2009-09-30,,,,,,,,,,,,,,,,,,,,,,,,,,,,,,,,,,,,,,,,,,,,654.9,69.8,,,-4202,7647,167.3,,,-0.0704323194093135,,-0.0375267654678328,-0.0109485594071224,-64.700000000001,,-0.109498354193525,-8.09999999999999,-0.0957240459488826,2141,2.44980148713452,,,,,,0,,,,,,,-0.602822553010632,,,,-0.00171093945968437
2009-10-31,,,,,,,,,,,,,,,,,,,,,,,,,,,,,,,,,,,,,,,,,,,,-386.2,-63.1,,-3.3,-733,4304,-130.1,,,,,,,49.6000000000009,,0.0541725691818513,-5.50000000000002,0.432585936890808,539,-2.07370398507677,,,,,,0,,,,,,-34.7,0.843234093812555,,,,
2009-11-30,,,,,,,,,,,,,,,,,,,,,,,,,,,,,,,,,,,,,,,,,,,,-145.1,8.2,,-3.9,-866,8666,-72.5,,,,,,,-81.499999999999,7.89999999999998,-0.0996582192941018,3.40000000000001,-0.536209409618753,-1345,-0.361476233503566,,,,0.0999999999999996,,0,,,,0.148461814197121,,-23,-0.275596644316781,,-9.4,,
2009-12-31,,,,,,,,,,,,,,,,,,,,,,,,,,,,,,,,,,,,,,,,,,,,-64.199999999999,-12.2,,-4.5,9376,-17844,107.8,,,-0.148705687375971,,-0.0528101393487539,0.0259326668707462,55.599999999999,-11.7,0.0272088812644586,27.4,-0.0316536640922056,1940,0.0946849409774675,,,,0.699999999999999,,0,,,,0.126253865012534,,-25.1,-0.0306087639565762,,0.5,,0.00551713458301961
2010-01-31,,,,,,,,,,,,,,,,,,,,,,,,,,,,,,,,,,,,,,,,,,,,-152.200000000001,-1.19999999999999,,31.6,-12758,402,-94,,,,,,,13.3,-26.5,-0.00574406486119816,-6.5,0.0115095658104991,-1866,0.96339179037099,,,,-1.1,,,,,,-0.0128645223194264,,504.8,-0.166969106651176,,-17.4,,
2010-02-28,,,,,,,,,,,,,,,,,,,,,,,,,,,,,,,,,,,,,,,,,,,,-120.6,2.8,,-3,1933,-1299,-56.3,,,,,,,-89.9,-18.8,-0.112961636879824,8.1,-0.41308523107112,565,0.316112572745157,,,,3.8,,,,,,-0.183605478767819,,0,-0.291278701034908,,0,,
2010-03-31,,,,,,,,,,,,,,,,,,,,,,,,,,,,,,,,,,,,,,,,,,,,94.5,5.1,,-3.8,-12386,8464,142.9,,,0.223309317875515,,0.176083557045956,0.144311174525482,69.8000000000001,-9.29999999999998,0.121081287664175,-3.7,-0.180513341512819,-1664,0.142456264528501,,,,-1.4,,,,,,0.10324194511046,,0,-0.00407332538763594,,0,,0.186653310772002
2010-04-30,,,,,,,,,,,,,,,,,,,,,,,,,,,,,,,,,,,,,,,,,,,,188.7,-4,,-4,-645,-268,-109.7,,,,,,,-22,3.5,0.0326320424950577,-5.6,0.793601904892503,580,-0.645195590863134,,,,-1.9,,,,,,0.046916393094822,,-2.6,0.386863985061666,,2.2,,
2010-05-31,,,,,,,,,,,,,,,,,,,,,,,,,,,,,,,,,,,,,,,,,,,,-11.7,1.7,,-3.1,2744,1480,-0.599999999999966,,,,,,,25.5999999999999,52.2,0.0540524203792625,14.1,0.117971458671203,3428,-0.377107820478239,,,,4,,,,,,0.07916091841971,,0,0.194511738639882,,-2.2,,
2010-06-30,,,,,,,,,,,,,,,,,,,,,,,,,,,,,,,,,,,,,,,,,,,,69.7,6,,-3.7,19928,5217,151.8,,,0.155662264115895,,0.181341790691361,0.199021546799953,19.3000000000001,-61,0.0104245831181062,-7.5,0.101301114719609,-3833,-0.177487036407085,,,,-3.2,,,,,,-0.0295153443046416,,-2.5,0.168043062427971,,3,,-0.0273446288233092
2010-07-31,,,,,,,,,,,,,,,,,,,,,,,,,,,,,,,,,,,,,,,,,,,,40.6,1.7,,-3.1,3993,3120,-93.4,,,,,,,82.8,-176.6,0.0915199541973131,1,0.150034757832996,-332,0.349582517592556,,,,3.8,,,,,,0.0642300264100255,,-46.5,0.373991695026647,,32.7,,
2010-08-31,,,,,,,,,,,,,,,,,,,,,,,,,,,,,,,,,,,,,,,,,,,,48.4,-0.100000000000001,,-2.8,-21638,4915,25.3,,,,,,,28.500000000001,125.4,0.0354148285287801,-1.6,0.250662952625834,1979,0.0766267946771189,,,,-3.1,,,,,,-0.0391819667292488,,-43.4,-0.0801030376786827,,-3.7,,
2010-09-30,,,,,,,,,,,,,,,,,,,,,,,,,,,,,,,,,,,,,,,,,,,,20.4,-1,,-3.7,2700767,389114,173.8,,,0.0218565712371994,,0.0606424982498641,0.0673128604780597,-93.700000000001,-52.0999999999998,-0.107052028156744,3.9,-0.240288006671449,1211,-0.260911831387176,,,,1.1,,,,,,-0.14320417077447,,-39.4,-0.0746108637911744,,-2.3,,0.00751192915597265
2010-10-31,,,,,,,,,,,,,,,,,,,,,,,,,,,,,,,,,,,,,,,,,,,,-16.8000000000001,-13.2,,-2.7,-2456583,-307740,-153.2,,,,,,,-3.99999999999909,156.1,-0.0077841596997148,-9.3,0.00700015900046047,-836,-0.136771136278933,,,,-3.6,,,,,,-0.140976836609087,,-46.3,-0.00282087634164174,,4.4,,
2010-11-30,,,,,,,,,,,,,,,,,,,,,,,,,,,,,,,,,,,,,,,,,,,,-205,10.3,,-3.7,44505,-35149,-45.6,,,,,,,-72.200000000001,-10.5,-0.116692851274725,6.9,-0.340209427383266,4805,-0.219903807659799,,,,3.4,,-14695,,,,0.162191689762002,,-22.7,-0.251253897425284,,-17.9,,
2010-12-31,,,,,,,,,,,,,,,,,,,,,,,,,,,,,,,,,,,,,,,,,,,,-92.9,9.7,,-3.1,7620,-2075,122.8,,,-0.07116667310253,,-0.0373180156647912,-0.00648080475881585,84,8.40000000000001,0.0589213448232631,7.7,-0.322380483047283,-1215,0.878664434296084,,,,-0.4,,-20665,,,,0.0454848545749247,,-15,-0.104412676961433,,-6.1,,0.000665004180783413
2011-01-31,,,,,,,,,,,,,,,,,,,,,,,,,,,,,,,,,,,,,,,,,,,,86.8,-7.4,,39,1753,-37803,-146.1,,,,,,,-5.39999999999998,21,0.0288784545902754,-4.1,0.338857997856582,-1587,-0.419415873364497,,,,-1.1,,,,,,-0.0120344247034563,,207.6,0.174869279044626,,-1.6,,
2011-02-28,,,,,,,,,,,,,,,,,,,,,,,,,,,,,,,,,,,,,,,,,,,,,-7.6,,-3.2,-42754,-8426,-40.7,,,,,,,-86.8000000000001,-44.5,-0.0965219244846534,4.6,-0.035441993943385,399,-0.159843024783747,,,,-0.700000000000001,,,,,,-0.121013759407194,-0.162175240582298,-9.8,-0.0384695991347295,,-2.2,,
2011-03-31,,,,,,,,,,,,,,,,,,,,,,,,,,,,,,,,,,,,,,,,,,,,,4.5,,-3,-796052,-6769,144.3,,,0.267115833146349,,0.134624414693111,0.0512403739163716,80.2,-15.4,0.112788932121092,-13.6,-0.0661246686260419,-5295,-0.135674403659685,,,,2.6,,,,,,0.155864678887495,0.0997926266737164,0,0.146787321966436,,-6.3,,0.0466308066830887
2011-04-30,,,,,,,,,,,,,,,,,,,,,,,,,,,,,,,,,,,,,,,,,,,,,5.1,0.121998367507747,-3.8,559405,-6929,-91.8,,,,,,,-23.6,17,0.00162540945575262,8.9,0.26276022370457,2600,0.117528744491631,,,,-2.7,,,,,,0.0145388889957792,-0.407795670368467,-21.8,-0.183506769131266,,16.9,,
2011-05-31,,,,,,,,,,,,,,,,,,,,,,,,,,,,,,,,,,,,,,,,,,,,-1719.3,,-0.08185639113516,-5,1434951,6625,-20.3,,,,,,,53.1,13.3,0.0350216919419308,44.9,-0.123863669168079,1052,0.0471902801833473,,,,4.7,,,,,,0.0610695850116292,-0.140599896411995,-18.6,-0.0154443224274736,,-2.7,,
2011-06-30,,,,,,,,,,,,,,,,,,,,,,,,,,,,,,,,,,,,,,,,,,,,3438.1,,0.156827314199047,-2.4,-2853253,-4657,178.2,,,0.0544185874044452,,0.0657660791569672,0.0285991483225647,36.099999999999,0.800000000000011,0.0766658817479167,-84.7,0.339021436872571,-5141,-0.0141707721920863,,,,-1.5,,,,,,-0.0604877498872849,0.606917672030379,-21.2,0.376197783363163,,1.5,,0.01766185297714
2011-07-31,,,,,,,,,,,,,,,,,,,,,,,,,,,,,,,,,,,,,,,,,,,,-1617.4,,0.00564073431392664,-4.6,3404372,6367,-86.7,,,,,,,31.600000000002,-24.4,0.0566959618765388,106.6,0.257082069733512,6876,0.0902868466721003,,,,-3.3,,,,,,0.0579659569824091,-0.0361161226687745,-27.8,0.0146467264835461,,5.2,,
2011-08-31,,,,,,,,,,,,,,,,,,,,,,,,,,,,,,,,,,,,,,,,,,,,,7,-0.277073377471536,-3.7,-1679747,5255,5,,,,,,,5.59999999999809,-21.1,-0.00181916108901525,-61.2,-0.111698695110634,2549,-0.0664588289768382,,,,-2.59999999999999,,,,,,-0.0188392096569565,0.0514614849016208,-13.8,-0.0237185321344953,,-11.3,,
2011-09-30,,,,,,,,,,,,,,,,,,,,,,,,,,,,,,,,,,,,,,,,,,,,,0.199999999999999,0.372851397963379,-2.5,-330053,534841,183.6,,,0.0569436873627094,,0.0164666023469149,0.00577849351555493,-76.9999999999991,-157.5,-0.0901546026160878,-92,-0.0770954431229907,-11123,-0.480534618797508,,,,6.19999999999999,,-9753,,,,-0.00302504292078787,-0.169198445406245,-9.3,0.129367299049152,,-2.69999999999998,,-0.00280918545008646
2011-10-31,,,,,,,,,,,,,,,,,,,,,,,,,,,,,,,,,,,,,,,,,,,,,-10.5,-0.0509122375627573,-2.3,674698,-449849,-152.1,,,,,,,34.4000000000001,83.4,0.0291745796862708,101.3,0.0441892011008438,6851,0.122004450497338,,,,-0.699999999999999,,7746,,,,-0.0108304307743712,0.10366084461648,-18.3,0.0579475463987942,,7.19999999999999,,
2011-11-30,,,,,,,,,,,,,,,,,,,,,,,,,,,,,,,,,,,,,,,,,,,,-129.7,-2.2,-0.324993150914331,-2.5,-341899,18449,-55.8,,,,,,,-98.1,135.1,-0.139831062817557,-10.2,-0.388765348565775,-1894,-0.451199423447286,,,,-5.70000000000001,,9357,,,,-0.247804262190215,-0.0675052375032585,-17.4,-0.0812229838886624,,-1.6,,
2011-12-31,,,,,,,,,,,,,,,,,,,,,,,,,,,,,,,,,,,,,,,,,,,,29.500000000001,-5.50000000000001,0.267110575649154,-2.1,-105560,-620,100.9,,,-0.000125536642451962,,0.0309576491223655,0.00315900242081923,107.100000000001,-6.5,0.10416970926856,-9,0.0404462463367103,-869,0.305608973944069,,,,2.40000000000001,,2006,,,,0.208356663046171,-0.0924567375584324,-11.8,0.0281131585747145,,-4.79999999999998,,0.0660654774128115
2012-01-31,,,,,,,,,,,,,,,,,,,,,,,,,,,,,,,,,,,,,,,,,,,,26.699999999999,-7.69999999999999,-1.84680885589247,34.8,112176,-34431,-141.6,,,,,,,904.399999999999,8.19999999999999,0.0164809900495637,13.6,0.024923278645284,618,-0.18089060019395,,,,0.6,,-27157,,,,0.0954710679069972,0.211171260472049,176.3,-0.0836500292869244,,-4.90000000000002,,
2012-02-29,,,,,,,,,,,,,,,,,,,,,,,,,,,,,,,,,,,,,,,,,,,,-11.8,-0.7,1.93752659259853,-2.4,-46597,-222,-7.89999999999998,,,,,,,-1855.1,-16.2,-0.060237185807714,0.300000000000004,0.0211878198279951,-281,-0.00382044399738568,,,,-1.9,,-4192,,,,-0.11404966587176,-0.185986957095475,-11.1,-0.0116601505174003,,5.7,,
2012-03-31,,,,,,,,,,,,,,,,,,,,,,,,,,,,,,,,,,,,,,,,,,,,59.4,8.9,-0.194193813835204,-3.1,26002,4908,156.8,,,0.0678564327876199,,0.0532254386521149,0.0731987550318038,923.8,4.5,0.0873640899437307,13.6,-0.161573362082178,502,0.468207759262924,,,,1.7,,22426,,,,0.0817888036535379,0.00528645097799973,-5.5,-0.00383450281202347,,-5.4,,-0.0982517581837872
2012-04-30,,,,,,,,,,,,,,,,,,,,,,,,,,,,,,,,,,,,,,,,,,,,30.4,3.7,0.091024884386238,-3.6,-59692,-2884,-145.6,,,,,,,-54.0999999999999,0.5,-0.0740265945207721,2.09999999999999,0.213981961834723,-205,-0.424213767356985,,,,2.4,,-16642,,,,-0.224030076194966,0.046543136477311,-6.2,0.0509772201508571,,1.3,,
2012-05-31,,,,,,,,,,,,,,,,,,,,,,,,,,,,,,,,,,,,,,,,,,,,-4,-10.7,0.106299751805169,-119.7,47081,-318448,8.69999999999999,,,,,,,87.5,18.6,0.122180292121941,-0.299999999999997,0.0178683079926714,334,0.454894639906689,,,,0.299999999999999,,9015,,,,0.190579128068348,-0.0864674234524205,-15,0.051864324346818,,6.6,,
2012-06-30,,,,,,,,,,,,,,,,,,,,,,,,,,,,,,,,,,,,,,,,,,,,7.59999999999997,12.4,-0.174189806844961,116.7,-4599,634717,188.6,,,-0.017552069085669,,0.0384980189321062,0.0415812657870749,11.399999999999,-13.5,0.0143108511372727,-4.2,0.146127472162782,-33,-0.133448387851701,,,,-1.9,,15355,,,,0.00114468876967955,0.179530768401332,-3.4,0.0954829765195839,,-1.3,,-0.00139975616853683
2012-07-31,,,,,,,,,,,,,,,,,,,,,,,,,,,,,,,,,,,,,,,,,,,,69.3,5.1,0.0805854415971918,-2.5,8552,-303756,-123.1,,,,,,,62.200000000001,0.200000000000017,0.0782799035089239,-0.799999999999997,0.177346993952472,1285,0.128205148341848,,,,-0.200000000000001,,-1585,,,,0.0367271330469325,-0.0345318858220587,-30.5,0.105157222304819,,6.1,,
2012-08-31,,,,,,,,,,,,,,,,,,,,,,,,,,,,,,,,,,,,,,,,,,,,37.9,2,-0.683826347213509,-2.2,-14312,-548801,69.0000000000001,,,,,,,-25.4,-4,-0.0183094272003697,-6.2,-0.0623264767590861,-111,0.0023337233462204,,,,-2.2,,1142,,,,-0.0515951531431655,0.13128380628981,-33.7,-0.0202400514059553,,9.8,,
2012-09-30,,,,,,,,,,,,,,,,,,,,,,,,,,,,,,,,,,,,,,,,,,,,-25.2,-9.3,0.686489451900202,-3.1,25557,1081612,175.6,,,0.118279315673506,,0.0492930973417014,0.0496803080717871,-41.9,3.69999999999999,-0.0833966821193419,-1.7,-0.332900459876921,-205,-0.223726471762077,,,,4,,-732,,,,0.0268087999440176,-0.500049987140473,-35.4,-0.204391339953823,,1.9,,0.00820900799579505
2012-10-31,,,,,,,,,,,,,,,,,,,,,,,,,,,,,,,,,,,,,,,,,,,,-144.5,5.7,-0.526108154984415,-2.9,20408,-520296,-208.200000000001,,,,,,,-137,12.3,-0.0583050846836795,-6.5,0.00294090606488062,-915,-0.204728154570786,,,,-3.8,,2503,,,,0.0259986749434855,0.573893140034551,-37.3,-0.00424677826206921,,0.800000000000001,,
2012-11-30,,,,,,,,,,,,,,,,,,,,,,,,,,,,,,,,,,,,,,,,,,,,71.5,-6.5,0.0419119509103822,-3.2,-100234,-28386,-21.499999999999,,,,,,,67.199999999999,-4.40000000000001,-0.0549286433803884,1.5,0.0197010287278125,-59,0.166090361865372,,,,1,,-3702,,,,-0.309844569837322,-0.0604643598561516,-33.2,0.0165406155122119,,-4,,
2012-12-31,,,,,,,,,,,,,,,,,,,,,,,,,,,,,,,,,,,,,,,,,,,,677.4,671,0.281017188730736,,-241582,-16380,92.9,,,-0.115706254539914,,-0.0283949858101575,0.00631144871101696,198.500000000001,-55.4,0.0802114982891782,-10.9,-0.10430314094077,108,0.766172315574836,,,,-1.6,,2748,,,,0.218568537314608,0.0861241783681059,-32.7,-0.0553565336794248,,-0.300000000000001,,-0.0274647793676976
2013-01-31,,,,,,,,,,,,,,,,,,,,,,,,,,,,,,,,,,,,,,,,,,,,-607.9,-678.3,-0.698561842672863,,240720,44074,-153.4,,,,,,,-129.3,43.3,-0.0123446262455964,20.9,0.100058024939868,578,-0.275085684766095,,,,4.8,,2300,,,,-0.179549969793504,-0.411131069091176,217.4,0.0352438685086156,,-1.2,,
2013-02-28,,,,,,,,,,,,,,,,,,,,,,,,,,,,,,,,,,,,,,,,,,,,-78.9,-2.1,-0.9479752963775,-3.1,15343,-1304,-17.4,,,,,,,-84.9,-29.1,-0.0914375618951908,-4.5,-0.579306522577138,-483,0.249767876781805,,,,-2.9,,12198,,,,0.0174639422714833,0.255970201908646,-21.6,-0.252783160237356,,-6.8,,
2013-03-31,,,,,,,,,,,,,,,,,,,,,,,,,,,,,,,,,,,,,,,,,,,,,5.1,1.69809688908654,-3.6,22044,-280474,160.4,,,0.0263881054354851,,0.0464241921713686,0.107943188572204,78.1,21.1,0.0853464937414659,24.9,-0.387368965867743,-169,0.561110826234255,,,,5.4,,4202,,,,-0.00697760039938977,-0.321082453134702,-27.4,-0.028493674091508,,4.5,,0.0508254332779128
2013-04-30,,,,,,,,,,,,,,,,,,,,,,,,,,,,,,,,,,,,,,,,,,,,,-1.7,-0.202311211563735,-3.7,-54994,504170,-160.4,,,,,,,-38.4,-19.3,-0.005051218853799,-14.5,0.607019679888968,-173,0.0284398610953929,,,,-2.6,,-27868,,,,-0.173047744134215,0.17337653994311,-27.7,0.0672683900620452,,0,,
2013-05-31,,,,,,,,,,,,,,,,,,,,,,,,,,,,,,,,,,,,,,,,,,,,,1.1,-0.0819963491853013,-3.4,93745,-644981,41.8,,,,,,,39.9,12.2,0.058842778534518,-3.8,0.128239200748505,-592,-0.791345564867072,,,,-1.2,,-6743,,,,0.3933865656398,-0.226324543658137,-12.3,0.115588273574934,,-11.4,,
2013-06-30,,,,,,,,,,,,,,,,,,,,,,,,,,,,,,,,,,,,,,,,,,,,33.9,0.499999999999999,0.0822004016683078,-3.7,-20565,316854,171.2,,,-0.183633638897367,,-0.00310913524834611,0.0349145233863304,10.9,0.900000000000006,0.0116615038590719,8.9,0.0812769914391325,457,-0.225576911656606,,,,2.4,,26194,,,,-0.019798041728337,0.483974026030904,-3.59999999999999,0.0871599669770609,,-6.70000000000002,,0.0406946178222913
2013-07-31,,,,,,,,,,,,,,,,,,,,,,,,,,,,,,,,,,,,,,,,,,,,-34.4,11.9,0.0277209615142997,-2.9,38539,570216,-153.9,,,,,,,111.3,9.59999999999999,0.118414548149742,-9.3,0.188810205348776,-183,0.337500026568193,,,,-4.6,,17748,,,,0.0898526749991877,0.0565868828163953,-5.80000000000001,0.153883808557701,,2.00000000000002,,
2013-08-31,,,,,,,,,,,,,,,,,,,,,,,,,,,,,,,,,,,,,,,,,,,,39.8,-12.5,-0.00193348093314683,-3.3,-7034,-491388,89.6,,,,,,,2839.4,1.20000000000002,-0.0293769345789778,4.6,-0.001869023960273,125,-0.120354493902537,,,,0.199999999999999,,-4476,,,,0.00479821787448209,-0.102947552844174,-17.6,-0.0588495991626088,,9.09999999999999,,
2013-09-30,,,,,,,,,,,,,,,,,,,,,,,,,,,,,,,,,,,,,,,,,,,,-10.5,4.3,-0.273456395013419,-3.2,7034,16129,190,,,0.0357400712570328,,-0.014533470974035,0.00971618182041567,-2577.4,3.29999999999998,-0.0714312655924267,-4.3,-0.161932492168468,-26,-0.288276426109693,,,,2.4,,3113,,,,-0.0742798180656443,0.136412665389487,-20.8,-0.0555486199576887,,2,,0.0339165871468641
2013-10-31,,,,,,,,,,,,,,,,,,,,,,,,,,,,,,,,,,,,,,,,,,,,-90.4,-8.6,2.45879748796748,-3.7,-103036,5345,-193.6,,,,,,,-3581.6,4.10000000000002,-0.0187217555895192,-16.9,0.0573793487445968,325,0.011232751862968,,,,-6.29999999999999,,-12321,,,,0.0489647375561617,2.03835202901814,-27.9,0.025811457861928,,5.4,,
2013-11-30,,,,,,,,,,,,,,,,,,,,,,,,,,,,,,,,,,,,,,,,,,,,47.200000000001,9,-3.28764530940084,-2.8,71471,2730591,-60.8,,,,,,,3190.9,-15.8,-0.0443841266818525,15.7,-0.100379764507537,-59,-0.12043204382796,,,,6.49999999999999,,-21867,,,,-0.0229539983018228,-2.26728848353719,-33.3,-0.158717815408047,,4.8,,
2013-12-31,,,,,,,,,,,,,,,,,,,,,,,,,,,,,,,,,,,,,,,,,,,,70.299999999999,44.4,1.48239435624734,-3.6,17579,-5475497,134.3,,,-0.243088176193844,,-0.00666438154561888,0.0684069677965891,73.8000000000001,-27.5,0.0433419558948547,9.6,0.157218812780009,476,-0.0764571893109398,,,,-0.0999999999999996,,14983,,,,0.0495447247799738,0.0046244553411352,-45.3,0.0790760189016106,,8.4,,0.00756141187538262
2014-01-31,,,,,,,,,,,,,,,,,,,,,,,,,,,,,,,,,,,,,,,,,,,,-53.9,-49.2,-0.604598315395826,36.8,-9724,2750254,-154.2,,,,,,,-8.80000000000007,31.1,-0.00762592010123786,-9.6,-0.366967774114512,-904,-0.0866860573602271,,,,0.6,,13812,,,,0.0186291763302648,0.0421639000524614,234.4,-0.0489026764200622,,-4.8,,
2014-02-28,,,,,,,,,,,,,,,,,,,,,,,,,,,,,,,,,,,,,,,,,,,,31.5,-4.2,-0.269907347147495,-3.6,34595,-200323,-46.6,,,,,,,-101.5,-16.1,-0.100954809828893,-1.2,-0.0899803325065704,128,0.30854030257219,,,,-2.3,,-1251,,,,-0.133561186007415,-0.187264738079115,-37.6,-0.273481673305585,,-1.1,,
2014-03-31,,,,,,,,,,,,,,,,,,,,,,,,,,,,,,,,,,,,,,,,,,,,37.6,0.7,0.364427566872758,-3,37985,104451,189.2,,,0.179208024442444,,0.0612710977905842,0.0475797767546915,72.5,11.8,0.10973449748094,12.4,-0.376936984968186,215,0.252078662173662,,,,0.5,,14894,,,,0.21272117484981,0.357963183669035,-37.4,0.00976093645333442,,0.100000000000001,,-0.0462170666108062
2014-04-30,,,,,,,,,,,,,,,,,,,,,,,,,,,,,,,,,,,,,,,,,,,,-58.7,5.3,-0.0898272988996549,-3.1,25007,-12188,-175.2,,,,,,,-24.6,-15.9,-0.00559515055843818,-12.3,0.357898519289666,-209,-0.308697556173169,,,,-0.100000000000001,,-16687,,,,0.0638157166247151,-0.151097293878955,-17.4,0.0444869556223217,,-15.1,,
2014-05-31,,,,,,,,,,,,,,,,,,,,,,,,,,,,,,,,,,,,,,,,,,,,2.39999999999998,4.3,,-3.9,-62586,5213,44,,,,,,,62,17.9,0.0825313934899548,15.8,0.285627030829358,459,0.157957571429514,,,,1,,16641,,,,-0.149776673349693,,-29.7,0.288185197643809,,10.4,,
2014-06-30,,,,,,,,,,,,,,,,,,,,,,,,,,,,,,,,,,,,,,,,,,,,53.5,5.1,,-3.6,-383102,577456,183.4,,,0.271965740142376,,0.135642186559034,0.031772613595507,-12.2,-7.70000000000002,-0.0142569666014181,-24.8,-1.16666998203648,-1007,-0.025184961753606,,,,-3.89999999999999,0.381613892285984,-12493,,,,0.260869103257105,,-36.1,-0.397372578394989,,5.4,,0.0332147863217731
2014-07-31,,,,,,,,,,,,,,,,,,,,,,,,,,,,,,,,,,,,,,,,,,,,-23.5,-1.1,,-3.2,943095,-483421,-151.2,,,,,,,41.9000000000001,20.4,0.0571351222761525,7,0.579584506085075,110,0.00793864978968895,,,,2.89999999999999,0.494135389325612,-2828,,,,0.0052434274935047,,-40.1,0.190634633190389,,1.7,,
2014-08-31,,,,,,,,,,,,,,,,,,,,,,,,,,,,,,,,,,,,,,,,,,,,43.3000000000001,0.199999999999999,,-3.1,-409951,9607,55.6999999999999,,,,,,,-10,-5.19999999999999,0.0084116944690944,0.600000000000001,-1.10409931882595,30,-0.0574995678743022,,,,-3.89999999999999,0.196710294246055,5199,,,,0.0833236782241702,,-40.2,-0.217060179950247,,3,,
2014-09-30,,,,,,,,,,,,,,,,,,,,,,,,,,,,,,,,,,,,,,,,,,,,73.5,-3.2,,-4.2,-25834,-58567,207.199999999999,,,-0.0725177258807665,,-0.0361090628489631,0.0229432076827862,4.29999999999995,5,-0.0467194739814829,-23,1.03240538864493,1253,0.0226341431733639,,,,0.299999999999981,-0.551583616238159,-44301,,,,-0.0897000669135579,,-57.3,0.020709760868626,,9.8,,-0.00679393605210521
2014-10-31,,,,,,,,,,,,,,,,,,,,,,,,,,,,,,,,,,,,,,,,,,,,-194.9,-3.4,,-4.1,7005,23712,-200.499999999999,,,,,,,-42.3,-86.2,-0.0324047585142084,26.4,0.46251257040678,-459,-0.125454306153035,,,,4.20000000000001,-0.295714244149045,4242,,,,0.0359453456458247,,-67.2,0.241695426547777,,6.8,,
2014-11-30,,,,,,,,,,,,,,,,,,,,,,,,,,,,,,,,,,,,,,,,,,,,87.1,-2.89999999999999,,-3.1,-15039,-939094,-65.5,,,,,,,-32.7,-6,-0.0629602793107162,-8.4,-0.528963815234276,-95,-0.409495496450343,,,,-2.6,0.283641662914776,8275,,,,-0.070377542067309,,-54.4,-0.200352463013394,,-10.7,,
2014-12-31,,,,,,,,,,,,,,,,,,,,,,,,,,,,,,,,,,,,,,,,,,,,-25.8,-6.10000000000002,,-4.59999999999999,44528,1885197,142.4,,,0.0122502547604597,,0.112096710660037,0.172384219981796,76.7,58.1,0.0180898938099778,-2.9,-1.20401949169068,-42,0.259564449292744,,,,-0.699999999999999,0.269810777312978,-1255,,,,0.082026349722832,,-61.7,-0.262447601273239,,6.5,,-0.00857021450047135
2015-01-31,,,,,,,,,,,,,,,,,,,,,,,,,,,,,,,,,,,,,,,,,,,,-135.7,4.20000000000001,,,31130,-928246,-150.7,,,,,,,-8.40000000000009,9.70000000000002,0.0163118973123479,11.8,-0.131998518853081,-617,0.20001692974849,,,,3.1,0.323359480672614,9923,,,,,,477.1,0.0523436634668331,,-16.4,,
2015-02-28,,,,,,,,,,,,,,,,,,,,,,,,,,,,,,,,,,,,,,,,,,,,6.5,-1.1,,,-76678,-166146,-83.1999999999999,,,,,,,-97.9,-16.7,-0.0873758483279943,9.1,-0.414332989782283,-372,0.0527342803887798,,,,2.3,-0.0803223888388338,7779,,,,,,-38.6,-0.191120176044504,,-1.8,,
2015-03-31,,,,,,,,,,,,,,,,,,,,,,,,,,,,,,,,,,,,,,,,,,,,45.3,0,,-9,-5441,80128,223.8,,,-0.047145545966071,,0.00809979520602511,0.0286762960652531,58.4,17.2,0.0689875691053867,-26.9,0.45658177628623,377,0.215183421833715,,,,-6.7,0.0542585905178221,18675,,,,,,-40.7,0.300851139704123,,10.2,,0.0437145225973961
2015-04-30,,,,,,,,,,,,,,,,,,,,,,,,,,,,,,,,,,,,,,,,,,,,92.9,2.3,,-3.8,-34146,333565,-179.3,,,,,,,-34.3,-4.70000000000002,-0.000445500452868508,11.1,0.702442817574706,-204,0.227725563733062,,,,2.1,-0.127155175485247,-29476,,,,,,-37.1,-0.0339206136365853,,-10.3,,
2015-05-31,,,,,,,,,,,,,,,,,,,,,,,,,,,,,,,,,,,,,,,,,,,,34,1.4,,-3.7,-3615,-238275,22.7,,,,,,,71.8,9.90000000000001,0.0921996522262098,12.7,0.604642976424827,-138,-0.219207242778404,,,,4.2,0.217128102286947,21956,,,,,,-35.1,0.24015397848285,,0,,
2015-06-30,,,,,,,,,,,,,,,,,,,,,,,,,,,,,,,,,,,,,,,,,,,,-163.7,-6.1,,-4.1,42024,6564,190.9,,,0.105518515364853,,0.0316425490763006,0.00283950471705552,8.20000000000005,-29.4,0.00819497040514872,-1.3,0.648140644906691,1014,-0.0969633312207385,,,,0.0999999999999996,-0.158883794106392,4460,,,,0.0802947486962493,,-38.1,0.224282332941067,,8.2,,0.00610525562054143
2015-07-31,,,,,,,,,,,,,,,,,,,,,,,,,,,,,,,,,,,,,,,,,,,,118.4,1.9,,-3.5,33829,3051,-111.6,,,,,,,92.5,33.3,0.119848327935848,-18.7,-0.0400843656302516,-480,-0.0133698451064657,,,,-6.9,0.345045467331701,12281,,,,0.0870658639944928,,-21,0.00549583223209105,,10.2,,
2015-08-31,,-4,,,,,,,,,,,-26.6,528.8,,,,,,,,,,,,,,,,,,,,,,,,,,,,,,52.3,-2.1,,-4,12786,-21957,50.4,,,,,,,-48.8,-8,-0.0522581100688733,11.3,-0.483088269832702,12,-0.0750287118796304,,,,3.5,0.00953626646023942,-23595,,,,0.0058265646274327,,-26.6,-0.202127996798463,,-16.7,,
2015-09-30,0.8,-3.9,-0.0436045765884074,175.2,-11.5,-0.0822511840735167,,0.0331095925465572,-0.180238419973987,-0.0953398591193286,-0.0239282626977619,-0.376432076364451,-15.3,382.6,-1906814,-0.023173840361487,-0.210456872378995,-3958,18992,,-1573595,0.4,-8.40000000000001,-0.0900403325348074,-0.190631106576661,-0.0139925550861255,-0.200794105021612,,,,,,,-0.549528783211523,,-0.693147180559945,0.0187812512680869,,-0.542544700788784,-0.632111289973577,0.0150378773645405,,,-144.4,0.8,,-3.9,-40219,11076,175.2,-11.5,-0.0998282167139521,0.0106386925350712,,0.00419481837683122,-0.00261517828086966,-86.2,-8.40000000000001,-0.110024256425375,-4.4,0.0331095925465572,-174,-0.190631106576661,-0.110024256425375,-0.109318190960436,0.0172862530286624,0.4,-0.549528783211523,18992,,,,-0.0728254068476462,,-15.3,0.0187812512680869,,-6.1,-0.231654240982119,0.0103469379268244
2015-10-31,1.066,-3.459,-0.00132459263357632,-214.964,-66.2509999999991,0.0458591128692429,-0.480704154467823,0.280139751465178,-0.0160186491556384,0.0568239726049367,0.00463045372943061,-0.505695726106564,-38.773,363.715,2451705,0.0182012124040352,0.147799722862517,5743,-34634,,2290709,-5.41099999999999,14.119,-0.470431986502232,0.051776597603741,0.0329576972943331,0.181991155579777,,,,,,,-0.420419417827195,,-0.510825623765994,0.0203581267549655,,-0.553838668807366,-0.493002939440039,-0.373445923990109,,,-20.16,1.066,,-3.459,-466495,-23148,-214.964,-66.2509999999991,0.112171129451017,,,,,47.1849999999999,14.119,-0.029817454324566,-17.525,0.280139751465178,25,0.051776597603741,0.0107272031283179,0.0123672626530951,-0.0769532089358922,-5.41099999999999,-0.420419417827195,-34634,,,,0.0792844663870351,,-38.773,0.0203581267549655,,15.34,0.504136635615194,
2015-11-30,0.515000000000001,-3.933,-0.0267761066024264,-65.2809999999999,-17.339000000001,-0.0573077909452424,0.398833690508442,-0.470969663901842,0.19245839409641,-0.0947024853778364,-0.0833068065404161,0.52949381842283,-40.049,413.468000000001,-2288242,-0.0947851378068858,-0.0312075980093791,2498,17708,,-6946436,4.99099999999999,-41.504,0.551429599663301,-0.136155197974178,-0.122565417073417,-0.0758690511012823,,,,,,,0.480730968572183,,0.578484272239809,-0.108130166135438,,0.392378559659842,0.886466491563441,0.480893811808858,,,52.967000000001,0.515000000000001,,-3.933,954160,22704,-65.2809999999999,-17.339000000001,-0.0209274434817441,,,,,-58.631,-41.504,-0.0161951117861019,21.465,-0.423576492197403,145,-0.136155197974178,-0.0528593937499178,-0.0542714605362518,-0.0622108026444179,4.99099999999999,0.480730968572183,17708,,,,-0.107056617623143,,-40.049,-0.108130166135438,,-6.174,-0.173603858636822,
2015-12-31,-2.523,-3.0653,0.0224483447663122,195.342,79.97,0.0397089206279029,0.32109275244279,-0.116513873820821,-0.417911415259282,0.092257866365073,-0.0376240843707709,0.147597793479083,-50.048,386.741999999999,-1568174,0.0860782781272089,-0.0117997560473899,517,-13489,,7004113,1.463,43.007,-0.0465651531916045,0.126284012982862,0.0980627838629395,-0.00704739057282655,,,,,,,0.176773232396325,,-0.151040257412865,-0.0770057304725871,,0.368705438958215,-0.0948220177248236,0.0022762278021089,,,-29.282000000002,-2.523,,-3.0653,-469193,39415,195.342,79.97,-0.0905346057741099,-0.120089052762953,,0.0070182612271239,0.0382788554585396,40.2669999999999,43.007,0.0290840517798889,-2.304,-0.219981965558029,-398,0.126284012982862,0.0303965325698163,0.0290840517798889,0.116288213832654,1.463,0.176773232396325,12611,,,,0.0638281802723268,,-50.048,-0.0770057304725871,,5.945,0.167675115428871,-0.00455943213512988
2016-01-31,-0.386,46.4533,0.0299825067849095,-206.773,-75.075,-0.00725612596624625,-0.51928131639729,-0.0977395024009642,-0.114716931712281,-0.0186801152088618,-0.0154728927652021,-0.220152407839268,370.283,-4549.774,3106712,0.0163127534830689,-0.00361083902625126,-4480,16699,,560343,-0.761000000000001,1.97899999999998,-0.0260310202715845,-0.259246584562036,-0.0134813108893885,-0.0197758238054764,1.49743112899617,,,,,,-0.369549053692529,,-0.217723483844872,0.0422664200322291,,-0.584371723536856,0.138934048680364,-0.00994631855681716,,,34.827000000001,-0.386,,46.4533,4883,-44131,-206.773,-75.075,0.0730036147835973,,,,,-7.47799999999984,1.97899999999998,-0.00729531689077678,-1.242,-0.0416334938020491,-36,-0.259246584562036,-0.00937283605996431,-0.00729531689077678,-0.107594825520131,-0.761000000000001,-0.369549053692529,-9401,,,,-0.0154549872215943,,370.283,0.0422664200322291,,0.339999999999996,0.00878990173722816,
2016-02-29,2.692,-4.116,-0.264108638544238,-61.131,-28.377,-0.0553804118435508,-0.0407452897568521,0.430922579580509,0.230571326462259,-0.153083724675746,0.0392018980128634,0.523086625456007,-43.97,426.339,-2162420,-0.138738658072803,-0.644717392778574,209,-18015,,-1552022,0.541,-8.67699999999999,0.278739801306096,-0.0280323651375651,-0.0923385422635876,-0.645302809608348,-0.180375028441322,,,,,,0.642634971381812,,0.18457127652797,0.0315513621499139,,0.916608558495501,0.201782115415402,0.231671183122648,,,4.185,2.692,,-4.116,-116584,-178077,-61.131,-28.377,-0.0825314153988197,,,,,-55.321,-8.67699999999999,-0.0555625170288279,15.139,0.430894119311397,161,-0.0280323651375651,-0.0555160861301038,-0.0555625170288279,-0.0764483386825843,0.541,0.642634971381812,-18015,0.0848231923090772,-0.0825591770645824,,-0.234936466854443,,-43.97,0.0315513621499139,,-4.978,-0.137115579641633,
2016-03-31,-2.831,-3.733,0.225796331942368,253.028,103.414,0.0607514008936487,0.415877315199368,-0.525895775488873,-0.222579038866677,0.179526038070232,-0.139899532755894,-0.0512940543118772,-42.125,443.488,-3958293,0.077308818760903,0.584572070925072,3086,21957,,10166,-2.073,-0.682999999999993,-0.424878467904301,0.0647306745285015,0.0836968063037009,0.599325250394868,1.00334786393689,,,,,,0.0136021350214772,,0.363393894187477,-0.158810518674947,,0.155842737618924,-0.186942045432765,-0.479498904539566,,,14.259,-2.831,,-3.733,87584,92229,253.028,103.414,0.0891310590209269,0.0391755891306591,,0.0189336169595613,0.0121486962096409,60.851,-0.682999999999993,0.0638639219533266,-21.542,-0.52593136783206,-149,0.0647306745285015,0.0651949660698188,0.0638639219533266,0.187666108335579,-2.073,0.0136021350214772,21957,0.161011770207203,0.0840365004238279,,0.214762314603245,,-42.125,-0.158810518674947,,-2.356,-0.0720911540714724,0.000155955147615572
2016-04-30,,,,,,,,,,,,,,,,,,,,,,,,,,,,,,,,,,,,,,,,,,,,28.819,-1.002,,-3.347,-21761,346440,,,,,,,,,2.49299999999999,-0.0177839954701184,0.190999999999995,-1.34336884926408,-87,0.237063755544503,,,,-3.005,-0.241486459944145,10824,0.0812254399225858,-0.0875751883693914,,-0.0490052280560676,,-34.118,-0.0671227926728211,,-4.458,,
2016-05-31,,,,,,,,,,,,,,,,,,,,,,,,,,,,,,,,,,,,,,,,,,,,43.746,2.901,,-5.105,19453,-274282,,,,,,,,,8.46099999999998,0.0514318437111232,14.998,1.09398627515187,-108,-0.0821655867779798,,,,3.723,0.120474531060228,-21166,0.10748591497014,-0.057708317620647,,0.0287017358576138,,-33.987,0.066512618552105,,-0.583000000000002,,
2016-06-30,,-4.356,,,,,,,,,,,-52.239,505.133,,,,,,,,,,,,,,,,,,,,,,,,,,,,,,3.18999999999994,10.641,,-4.356,25400,-6126,,,,-0.040774361022665,,0.00262498132681088,0.0160497337980008,,-2.22499999999999,0.0511978766237462,1.099,-0.00335834542151225,-83,0.163457837845813,,,,1.012,0.299692610773809,3904,0.0292907969210652,0.221708585746308,,0.0613524568824264,,-52.239,-0.00706796257458375,,14.544,,-0.017175634556283
2016-07-31,1.601,-3.963,0.0142240106514038,-149.047,-34.806,0.0683041745282456,-0.448293631155011,0.895111129819799,0.698829014027377,0.00841426955448821,0.238294540054149,0.285301044095424,-49,494.851,-11735162,-0.0296273998912451,-0.0341559504922255,-116,22984,,12748349,0.609999999999999,-8.29900000000001,0.0292116544862999,-0.0068788182762205,0.0222543847047421,-0.00962939943759,-0.325792119273629,,,,,,0.156512075764038,,-0.0630129678287341,0.325410880081249,,0.2639793325875,0.604342120836904,0.00106943711972418,,,-6.78199999999993,1.601,,-3.963,-14818,22752,-149.047,-34.806,0.142178365056168,,,,,75.278,-8.29900000000001,0.0779905697116998,1.689,0.895059894103232,350,-0.0068788182762205,0.0757923813272718,0.0779905697116998,-0.0254237045611001,0.609999999999999,0.156512075764038,22984,-0.0726815514348047,-0.112803659043631,,0.0118875942175363,,-49,0.325410880081249,,-1.514,-0.0376071935384257,
2016-08-31,-9.43400000000001,-3.9,0.010608832026346,36.605,53.862999999999,0.0458075855426676,0.419072470463194,0.347932368828666,0.351135550468694,0.0128290760826815,0.0566039634702884,-0.264152529784756,-47.413,566.858,14040271,0.0483755031939062,0.0619695453971776,-7134,-12224,,-11155214,-4.14999999999999,17.429,-0.0141965666101482,-0.0729887474244721,0.0183373932517865,0.0598167891025208,-0.24914917363044,,,,,,-0.166027702409099,,-0.0936854840773229,0.089919436304899,,-0.262378196345253,-0.462610484325445,-0.00305857403141996,,,60.4989999999999,-9.43400000000001,,-3.9,25437,-26492,36.605,53.862999999999,-0.00881425024162841,,,,,53.443,17.429,0.0343897779946065,-0.826999999999998,0.347998724295435,302,-0.0729887474244721,0.0358792309393401,0.0343897779946065,0.0529896247965258,-4.14999999999999,-0.166027702409099,-12224,0.0240975515790605,0.0527771898081131,,0.0318679266114694,,-47.413,0.089919436304899,,-2.329,-0.0607622686102336,
2016-09-30,4.61100000000001,-3.881,-0.0800048071156283,281.295,-51.388999999999,-0.135801998138033,-0.180313461377001,-0.10795899786841,0.0679019077090013,-0.0866634589564317,-0.0437611557296602,0.0272353848409423,-45.725,278.273,236384,-0.0811573349651926,-0.182267179549337,1417,7192,,-2731879,3.11099999999999,-16.838,-0.0695475009586639,-0.154208978398806,-0.0461352018483785,-0.168784263123012,-0.051241746667237,,,,,,-0.165453590524703,,-0.103378354453835,-0.0213795296050057,,0.0401600995924376,-0.0733825459340243,0.0646438150272726,,,-284.952,4.61100000000001,,-3.881,-52901,10026,281.295,-51.388999999999,-0.204483666339804,-0.105624734203714,,-0.0229964586481373,0.00519517215143317,-151.57,-16.838,-0.148056570439621,-3.886,-0.107961106161502,46,-0.154208978398806,-0.148204524877098,-0.148056570439621,0.00748142113579764,3.11099999999999,-0.165453590524703,7192,0,0.184352603480836,,-0.085062359479708,,-45.725,-0.0213795296050057,,-2.052,-0.0567771628416658,0.0711460023338066
2016-10-31,-4.984,-5.472,-0.0600226819728551,-314.28,-36.157,0.0242253147666025,-0.275397392499913,0.382314877239347,0.798744376954587,-0.107150323599979,0.0932005208049,-0.711101361199341,-40.768,479.48,2694721,-0.197702806813336,0.264755837339454,-243,-16580,,2840165.91,-1.822,18.026,-0.165046009610529,-0.097688588596629,-0.227365595238194,0.178692028103145,-0.245170783942931,,,,,,-0.999486936965423,,-0.220671362168821,0.137860618782596,,-0.810238135798674,-1.33800580372653,-0.0647203993658128,,,190.435,-4.984,,-5.472,-14156,-17066,-314.28,-36.157,0.401456976354496,,,,,25.5520000000001,18.026,0.027841067800713,-8.209,0.382318655748399,1307,-0.097688588596629,0.0266597401730273,0.027841067800713,-0.0749805027577013,-1.822,-0.999486936965423,-16580,0.0750351859429141,0.0453335413015212,,-0.0855431414920167,,-40.768,0.137860618782596,,-4.464,-0.135921638956084,
2016-11-30,8.365,-3.769,0.00842113170038949,-83.0550000000001,-60.638,-0.0428020422170672,0.0922980213250444,-0.138732834375524,-0.173737916266051,-0.00826771268179716,-0.0629884238813023,0.0783216842596288,-42.853,319.279,-1132778,0.0358600896934753,-0.0526109773445071,-2071,6121,,-558622.5,0.317,-1.958,0.017938089305876,-0.15795247456973,-0.000991763815991753,-0.0482324152677878,0.014995480074274,,,,,,0.240848762075028,,0.05989814158107,-0.0547450992571008,,0.096568926407163,-0.24703335312185,0.1082666051916,,,-150.936,8.365,,-3.769,185,1979,-83.0550000000001,-60.638,-0.0379810788599153,,,,,-44.7310000000001,-1.958,-0.0777799262254986,0.827999999999996,-0.138728591727363,-292,-0.15795247456973,-0.0771614805920899,-0.0777799262254986,-0.0825755393200334,0.317,0.240848762075028,6121,-0.0707155247983979,-0.1145852454546,,-0.019442686847599,,-42.853,-0.0547450992571008,,1.79,0.0567397706184369,
2016-12-31,24.954,-3.59,0.106593760545925,241.721,14.2209999999999,0.0401326702038665,0.113283792936454,-0.342759521180595,-0.400584791292956,0.119666035748858,-0.162823386349539,0.512485687104331,-44.138,231.68,-638286,0.200207948500164,0.00463132772552299,7168,-8978,,-9125297.41,1.799,-55.789,0.156460765261501,-0.207847048212539,0.244634701167027,0.0219378618242709,0.0412728621236496,,,,,,0.508207919965058,,0.0115608224010746,-0.177608567703265,,0.520205792825806,1.2459268749965,0.265056908844034,,,-55.887,24.954,,-3.59,58616,5358,241.721,14.2209999999999,-0.131218890888121,0.09021936396379,,0.0222745641293294,0.0204993020559474,41.8850000000001,-55.789,-6.91285702600908e-05,7.88800000000001,-0.342766513892601,-720,-0.207847048212539,0.000405227367546779,-6.91285702600908e-05,0.102007956150376,1.799,0.508207919965058,-8978,0.153534726620226,0.12194498428668,,0.164666245034224,,-44.138,-0.177608567703265,,0.342999999999996,0.0105143125114142,-0.0359660643263187
2017-01-31,-14.227,46.398,-0.0455664417958772,-277.961,-22.7209999999999,0.0261085055508934,-0.501436882379228,-0.271640185423516,-0.299355119922457,-0.0345810987822919,-0.0221035857364784,0.0026371168757171,483.515,-4727.268,-531642,-0.00725029817528267,-0.225594166688458,-6599,17706,,8029927.45,-2.911,46.162,-0.401424587514152,0.238994048402465,-0.010928547818585,-0.215259155187905,0.163485501170797,,,,,,-0.0929403736779282,,0.159064694629687,-0.0345871572500398,,0.0416949573840286,0.376221049480771,-0.418841103715979,,,178.729,-14.227,,46.398,-36133,4508,-277.961,-22.7209999999999,0.0978434740697764,,,,,28.165,46.162,0.0367720523154427,-18.007,-0.271643226149939,-348,0.238994048402465,0.0349284801873742,0.0367720523154427,-0.0963803610286407,-2.911,-0.0929403736779282,17706,0.0164989993800355,0.170063723050554,,-0.074593498635382,,483.515,-0.0345871572500398,,1.28100000000001,0.0383184057549197,
2017-02-28,6.763,-3.677,-0.246139178085043,-14.104,-49.59,-0.132209586680041,0.0593546913361114,0.114266694837884,-0.0304476527625068,-0.18386107351864,-0.166910803812023,-0.142127994687153,-44.133,502.383,-4622100,-0.349426886346,0.195216809714607,-3941,-48664,,-3135637.45,-0.108000000000001,-16.551,0.156174611446118,-0.0795133608296226,-0.390955074351715,0.131848057364932,-0.443659283792855,,,,,,-0.0511074545940051,,-0.0502618347808879,-0.20175871291964,,-0.209696343668763,-0.129680069568229,0.117604900023442,,,82.0389999999999,6.763,,-3.677,-64518,-56546,-14.104,-49.59,-0.036527876486125,,,,,-135.349,-16.551,-0.117289405577541,6.162,0.11426981481508,-30,-0.0795133608296226,-0.116789460001856,-0.117289405577541,-0.0937192490260514,-0.108000000000001,-0.0511074545940051,-48664,0.00904983551991734,0.0525297228129089,,-0.209358247728773,,-44.133,-0.20175871291964,,-1.261,-0.0377087239899057,
2017-03-31,-4.173,-4.779,0.181026475398156,247.104,148.073,0.0875768897411788,0.304074361068517,-0.262961859460482,-0.158599125356798,0.217111915221209,-0.059304188185636,0.249271943604195,-40.678,534.768,1223978,0.260370570612961,0.0740402767215986,158,4269,,3235712.29,0.661,17.637,0.235340957570708,0.384874256760241,0.278315116047135,0.0995754579462895,0.917525935325079,,,,,,0.397569275766944,,0.237473376869034,-0.193540247855739,,0.304133240726467,0.152415702980597,0.128297882719939,,,32.1120000000001,-4.173,,-4.779,78857,4585,247.104,148.073,0.0687563538682134,-0.0937831895894909,,-0.0142606812619377,-0.000187563390261047,87.6419999999999,17.637,0.118933663838051,11.308,-0.262947160645208,-142,0.384874256760241,0.119561283888623,0.118933663838051,0.211318395483586,0.661,0.397569275766944,4269,-0.065139302170961,-0.177563999787354,,0.209223282563403,,-40.678,-0.193540247855739,,-1.899,-0.0596137505821588,-0.00716286993772819
2017-04-30,6.688,-3.336,-0.000445459994519837,-198.012,-10.393,-0.0265961571979387,-0.089373483880105,0.282539371778263,-0.166164151074222,-0.0934218894999521,0.263102718073355,-0.433922356286325,-36.585,549.266,-3416590,0.0986627187796199,-0.528453871172223,5236,36347,,-1725716.4,-0.397,-10.597,-0.125349839410221,0.137633641431168,0.112958215266562,-0.502274855643087,-0.185490857235071,,,,,,-0.453406866843189,,-0.0847965366600767,0.3348270467706,,-0.399532916512378,-1.06307074945954,-0.197021018317404,,,18.39,6.688,,-3.336,-41807,46819,-198.012,-10.393,0.0677614519838414,,,,,-27.4319999999999,-10.597,0.0179779855648166,-6.35299999999999,0.282525323339533,-125,0.137633641431168,0.0176000403551706,0.0179779855648166,-0.0822345782779887,-0.397,-0.453406866843189,36347,0.0209332096664658,-0.124155983277864,,-0.0709026284483141,,-36.585,0.3348270467706,,-3.794,-0.130933167461793,
2017-05-31,-10.754,-3.902,0.0828682884606184,-4.55900000000003,33.5599999999999,0.0703848795340933,0.293451849891119,-0.124479332093868,0.00224353657696774,0.122987823070178,-0.0244183773769793,0.217460256771187,-40.656,585.863,3266078,0.0495696844412397,0.309453485792554,-10899,683,,2171510.11,2.073,13.362,0.235012630804136,-0.113958645457991,0.0710767433855999,0.290128202615072,0.118289258911645,,,,,,0.213166873372018,,0.0517356743991888,-0.0232349522819559,,0.193545734643091,0.54833635698259,0.149067284986788,,,26.6899999999999,-10.754,,-3.902,53652,-21115,-4.55900000000003,33.5599999999999,-0.0450048337318929,,,,,74.217,13.362,0.0678509207247382,12.603,-0.124476304051923,0,-0.113958645457991,0.0686947414449852,0.0678509207247382,0.0344630832990527,2.073,0.213166873372018,683,-0.0403512955235676,-0.0984400728132524,,0.127597920906084,,-40.656,-0.0232349522819559,,3.097,0.10812943776891,
2017-06-30,4.063,-5.101,0.0336030679888957,282.082,31.62,9.1575594742821e-06,-0.521968571051556,-0.0360396552600815,-0.0789146520442854,0.0239157157068055,0.00720904884535489,0.313744435792408,-33.718,546.767,1505583,-0.0275878523899102,0.162763973100937,3538,-583,,-248932.479999997,0.26,0.560000000000002,-0.0348503849829749,-0.0490342883011543,-0.0495821062710178,0.160459070646917,-0.308897482671604,,,,,,0.320875053327562,,-0.134732593970157,0.0240194316994318,,0.287866003916606,0.835837989899287,-0.0266558062317404,,,-34.583,4.063,,-5.101,15710,6493,282.082,31.62,-0.218270373271527,0.115440921705225,,0.0534252449662187,0.0225516259976839,0.00999999999999091,0.560000000000002,0.0142686770122271,-2.061,-0.0360381189196257,-52,-0.0490342883011543,0.0125337696059695,0.0142686770122271,0.0904549421716903,0.26,0.320875053327562,-583,-0.083807957272092,-0.0919496586302122,,0.0136668739231132,,-33.718,0.0240194316994318,,-5.031,-0.182109784924409,0.0253000677575166
2017-07-31,-2.798,-4.843,-0.0539356292396072,-162.316,19.8820000000001,0.0797959173467326,0.128364405394739,0.703307821384625,0.570096636666642,-0.0257387579152093,0.231183815215501,0.172628799314848,-40.844,622.546,1215574,-0.127110449057909,0.0412201814332906,-4642,7013,,1111936.68,-0.802,7.52600000000001,-0.132563321688098,0.0773344950157178,-0.133964717195162,0.0455580490326719,0.23661587767204,,,,,,0.236234637983043,,0.0560894666510436,0.288034887512501,,0.242742270651238,0.190364080940349,-0.289507198858307,,,71.513,-2.798,,-4.843,-32029,-2271,-162.316,19.8820000000001,0.138017755550242,,,,,90.7080000000001,7.52600000000001,0.0799680772732785,-7.215,0.703304738487708,497,0.0773344950157178,0.0800894162307877,0.0799680772732785,-0.00258786809398703,-0.802,0.236234637983043,7013,0.0376613546363105,0.115212812100838,,-0.0722878091889951,,-40.844,0.288034887512501,,5.399,0.194214399532691,
2017-08-31,3.925,-5.682,0.124791127728752,48.9739999999999,-17.028,0.0141464430503877,0.473820030505553,-0.0205170910104915,-0.237715848023393,0.061655983877972,0.00630885329044872,-0.287981839064306,-42.4,596.509,1333715,0.183390538647201,0.028768061517928,7196,1004,,-194179.940000005,-1.37100000000001,-2.036,0.0372737907396554,-0.0438136637190691,0.16934954755751,0.0190195623905076,-0.315106452598645,,,,,,-0.226282218891691,,-0.00913248356327268,0.0132932471106626,,-0.27966076221594,-0.656018776876111,0.170220365407401,,,-16.1310000000001,3.925,,-5.682,62932,15396,48.9739999999999,-17.028,0.0790794058326831,,,,,16.8499999999999,-2.036,0.0163208079658137,1.933,-0.0205231083870085,-243,-0.0438136637190691,0.0178095549939545,0.0163208079658137,0.0274867236555032,-1.37100000000001,-0.226282218891691,1004,0.0539591423725754,0.242002040066613,,0.117210614755848,,-42.4,0.0132932471106626,,1.001,0.0322032556168006,
2017-09-30,-15.676,-8.738,-0.0201769918693184,212.946,-15.242,-0.127948155317703,0.011910229943954,-0.812697906228973,-0.620551482558852,-0.0434040492129775,-0.257091261524123,0.0285836275148093,-38.38,478.704,-2365779,-0.0434014509206335,-0.0309342552374527,5382,2588,,-4720104.03,4.81000000000001,-25.826,0.143871543950207,-0.161191353929777,-0.0325075973207811,-0.0382436012763119,0.28942285786395,,,,,,-0.157212754883731,,-0.180488375712294,-0.304422856812523,,0.0193065731904882,-0.122390815032048,0.191700155897323,,,-132.804,-15.676,,-8.738,-20081,13352,212.946,-15.242,-0.220698466003729,-0.0582445902971287,,-0.0259966844330872,0.0050282997312916,-144.068,-25.826,-0.137220663397523,8.175,-0.812674076907117,-416,-0.161191353929777,-0.136569210585757,-0.137220663397523,-0.00719624132119367,4.81000000000001,-0.157212754883731,2588,0.0713247808219304,0.0695244961724537,,-0.0343964997109323,,-38.38,-0.304422856812523,,-4.415,-0.150558612213677,0.0048164662893857
2017-10-31,-9.00499999999998,-5.512,0.0445109559307166,-285.26,-3.17600000000004,0.0688477781293546,-0.0187902737615619,0.774499358200201,0.845121544176144,-0.0289269724540073,0.300537755578659,-0.658861380830079,-41.201,430.5,3637101,0.00951386947439481,-0.038063045089217,32501,-2194,,2367131.32,1.727,10.787,-0.0670430070496755,-0.0412238416111412,0.0129409118241686,-0.0142889119086442,-0.253636535672647,,,,,,-0.771662147552025,,-0.0565122102633411,0.38242297244776,,-1.04121392627198,-0.750097294183715,0.235194522917417,,,-64.159,-9.00499999999998,,-5.512,-3261,62808,-285.26,-3.17600000000004,0.271817799431505,,,,,75.2280000000001,10.787,0.0464406191305606,-3.956,0.774478355136333,644,-0.0412238416111412,0.0461437363863251,0.0464406191305606,-0.0431855982000915,1.727,-0.771662147552025,-2194,0.0425596144187956,0.0182387671254283,,0.00407274618288778,,-41.201,0.38242297244776,,3.743,0.129054471681477,
2017-11-30,-1.93000000000004,-5.001,0.0196101123031127,-16.58,-55.91,-0.0928660492898938,-0.268162071393402,-0.499512710896388,-0.677680718098984,-0.0227422004433135,-0.151640917605378,0.271330227303752,-49.652,360.204000000001,-2904433,-0.0140149978105004,-0.0749524425613473,24747,4162,,641553.390000001,-7.09100000000001,6.18700000000001,-0.408941723493633,-0.308209587312232,-0.0181690260143021,-0.061066497326145,-0.343042847000698,,,,,,0.17552066006962,,-0.205852054204148,-0.120131203694123,,0.601817972272672,0.536345660708676,-0.53418471675294,,,-70.781,-1.93000000000004,,-5.001,-16606,53656,-16.58,-55.91,-0.00233770073251094,,,,,-100.277,6.18700000000001,-0.0848801812102407,-19.1490000000001,-0.499510759642577,-556,-0.308209587312232,-0.0856181580590167,-0.0848801812102407,-0.0662733484702169,-7.09100000000001,0.17552066006962,4162,0.0848388799370294,0.0589833194993581,,-0.0318116782611257,,-49.652,-0.120131203694123,,6.734,0.19706489045767,
2017-12-31,8.91000000000002,-5.4142,0.0332030751875489,181.021,-8.95900000000006,0.0583307958724371,0.361123863840655,-0.846641950325015,0.0724455905718173,0.10287523043443,-0.139376699590226,0.183034208693679,-55.89,262.088,-558169,-0.00575428134125744,0.109229369427929,6095,-547,,-1080712.71,4.32500000000001,-9.863,0.373437780410004,-0.363697084309134,-0.0181621478805711,0.089899612863289,0.196985720194021,,,,,,0.446652806188823,,0.294799540220642,-0.147580354465212,,0.129403324474788,0.0646827692445662,0.356124178148548,,,-87.196,8.91000000000002,,-5.4142,15841,11643,181.021,-8.95900000000006,-0.157255702047133,-0.352945458220649,,-0.0903696159733194,0.00119344602049942,61.894,-9.863,-0.0123106744872352,17.1590000000001,-0.846626967729526,43,-0.363697084309134,-0.0106505472681047,-0.0123106744872352,0.067429016982528,4.32500000000001,0.446652806188823,-547,0.0236417630570402,0.0158248222338297,,0.0169761481079469,,-55.89,-0.147580354465212,,4.071,0.10267423666437,0.0387992037287237
2018-01-31,-0.202,55.4272,-0.100653459368615,-273.845,-54.035,0.0214404449781878,-0.41854513277118,0.88464008835928,0.370254182615568,-0.156743844834587,0.12383990138679,-0.0152315287904532,444.968,-5412.455,2105300,0.0148145918575437,-0.235644402267107,-10505,-21122,,-11107203.23,-1.773,-59.107,-0.274564941509952,0.180047482865452,0.0123645666639645,-0.213011225343243,-0.381080632136882,,,,,,0.0149389901067689,-116.99,-0.0106952891167467,0.143106418482885,,-0.0349994774785505,0.229527285898772,-0.245188381956801,,,215.635,-0.202,,55.4272,-31086,-42132,-273.845,-54.035,0.0663132713220058,,,,,23.673,-59.107,0.0223160617212974,-13.22,0.884623318484996,276,0.180047482865452,0.0204166024146986,0.0223160617212974,-0.10948057863069,-1.773,0.0149389901067689,-21122,0.0721032939013444,-0.0274931405801988,,-0.0580801152612462,,444.968,0.143106418482885,,5.477,0.123349701116925,
2018-02-28,-7.665,-2.875,0.0478885605281985,2.649,-39.066,-0.0971074816455353,0.047524734387216,-0.0234415817583322,-0.184869402861434,-0.115399882604864,-0.0370684011814744,0.0669919858624981,-55.731,398.679,-5552940,-0.0320551238428362,0.183071011812817,-5112,17451,,-23805233.97,-2.839,-144.077,-0.212351395602899,-0.0610927518831561,-0.0896305124557033,0.124959996408121,0.727620784329153,,,,,,-0.0337458352127999,-8.912,0.010695289116748,-0.0271437611205858,,0.0854345148214222,-0.172447003867224,-0.219265561114864,1.00079125555727,,-91.112,-7.665,,-2.875,16712,7227,2.649,-39.066,-0.0877378424830173,,0.0402976851658359,,,-103.277,-144.077,-0.0974669462190434,-8.005,-0.023432094756636,-150,-0.0610927518831561,-0.0969316560907334,-0.0974669462190434,-0.0724274464684411,-2.839,-0.0337458352127999,17451,-0.0535842461341067,-0.162529716926106,-0.0733414912234869,-0.0228085351513529,,-55.731,-0.0271437611205858,,-7.544,-0.174163723987993,
2018-03-31,1.444,-4.442,-0.0335581034874899,237.9474,110.5566,0.0574209425032324,-0.0215962968442054,-1.12604388651315,-0.457967411450985,0.234181217693752,-0.207048585184462,0.430052846533639,-35.458,397.081,-18286043,0.0125057775446251,0.0585779118724812,3464,-37826,,37048972.3,1.181,217.535,0.506999896743038,1.07620216348196,0.075329262796596,0.0827844039936432,0.450324804175179,,,,,,0.204214266324095,0,0.276986783335033,-0.517868670328594,,0.30828536029449,0.34932193193002,0.562430396118994,0.690507186066625,,2.00699999999995,1.444,,-4.442,13859,-30898,237.9474,110.5566,0.0592020101129789,0.101028201458805,-0.102196990201254,0.0210782850142834,-0.00390867297499753,59.8539000000001,217.535,0.0867438594632839,22.342,-1.12606476102879,-272,1.07620216348196,0.0863366680606568,0.0867438594632839,0.173529356726739,1.181,0.204214266324095,-37826,0.0166796891986554,0.0430718887933637,0.0872001608819231,0.0778306253129806,,-35.458,-0.517868670328594,,-12.766,-0.388523708842423,0.0223262968366722
2018-04-30,1.458,-4.232,-0.0532298591015152,-226.6188,-29.8602,-0.0535870995750587,0.268778636132478,-0.606801606129491,-0.178815738071814,-0.0987991340308429,0.117973986300592,0.0808455124398613,-26.033,377.999,368716,-0.194247835356052,-0.0190979500940607,64,29601,,-4444837.17,1.9,-26.568,-0.0344615054204511,0.270979657575084,-0.187124706962067,-0.0319613614574026,0.262588870639082,,,,,,0.0616327302166795,0,0.0849932128333926,0.0623387220668281,,-0.00759884167982605,-0.267355444575827,-0.143059465757146,0.107555133272909,,-15.489,1.458,,-4.232,-60808,29729,-226.6188,-29.8602,-0.105310229536321,,-0.0685921609461477,,,-55.9638000000001,-26.568,-0.0217187520615862,-1.903,-0.606743330168289,-78,0.270979657575084,-0.0205196726402601,-0.0217187520615862,-0.138276575302038,1.9,0.0616327302166795,29601,0.0780743170651927,0.0182251384200365,-0.0196686538609203,-0.132204369682117,,-26.033,0.0623387220668281,,-3.545,-0.141388585428919,
2018-05-31,3.062,-2.827,0.142769347229843,6.67840000000007,31.7606,0.0479531433244409,0.0971131355715933,-0.902827297401,-0.159184993797787,0.0603128160777002,0.0626993795380715,0.104675140104143,-21.427,402.747,19276157,0.167468973326812,0.0456921566140203,14653,15924,,3231664.63,-1.264,15.309,-0.038847130249454,-0.351862268629876,0.114597020850583,0.0237489468116285,-0.207724298009194,,,,,,-0.00194569193159833,0,0.144581228811108,0.234357225138063,0.533940513075229,0.0734958247611139,-0.197402223876988,-0.210699576790816,0.0466375057113124,,28.297,3.062,,-2.827,56841,45230,6.67840000000007,31.7606,-0.00611951151793821,,0.129001346137061,,,49.9379,15.309,0.066953022503454,-2.068,-0.902928234404545,-57,-0.351862268629876,0.067098557382268,0.066953022503454,0.0362567307675894,-1.264,-0.00194569193159833,15924,0.0633208120195441,0.0886840843771335,0.0646916700675426,0.081774184642077,,-21.427,0.234357225138063,,-7.235,-0.371000352881619,
2018-06-30,1.668,-2.935,-0.0146304923329534,275.161,40.403,-0.0362885420184602,-0.252919385328915,-0.405831776877978,-0.139621206882637,0.0887380375062827,-0.00910432326713462,0.072121691864262,-29.535,196.756,750837,0.00430147409939607,-0.0370438295693756,-3349,-1124,,-2170624.67,1.298,-13.199,-0.0918167581991352,0.0150906315684898,0.0436445391719964,-0.0215201283978788,0.686997414061373,,,,,,-0.063912300698906,82.191,-0.0594234204708008,-0.0100052034819278,0.323684360760369,-0.121328138089356,0.279853342621705,-0.0618705129333854,0.248978822692465,,-195.48,1.668,,-2.935,-5070,-7822,275.161,40.403,-0.207624557750829,0.0834346938426922,-0.0170941928201067,0.0269467451026468,0.0156283326709801,-38.01,-13.199,-0.018000427672245,-4.58,-0.405974195325799,-44,0.0150906315684898,-0.019026462898271,-0.018000427672245,0.0863934924026113,1.298,-0.063912300698906,-1124,-0.018445845790751,-0.0128961697573526,0.0549272623094552,0.0212614215141373,,-29.535,-0.0100052034819278,,7,0.360881641817827,-0.016153880771169
2018-07-31,-7.151,-3.216,0.0447793865666899,-187.894,52.706,0.120466714798551,0.183119691721119,2.1549776519461,0.214242628180657,0.0208857144543018,0.107704424858554,0.279959388548058,-29.217,442.929,524003,0.0680865313448074,0.027371882630769,6411,-3947,,2501219.96,-2.47700000000001,16.174,-0.0344975952820024,-0.0235298932028201,0.0651343299944322,0.0381919276834832,-0.755528203557495,,,,,,0.525510568352569,-56.911,-0.194642041181995,0.152952599986337,0.375613908863345,0.464669585626483,0.223074200781917,-0.325108938495744,-0.38599040948351,,231.934,-7.151,,-3.216,27190,8875,-187.894,52.706,0.112883673678931,,0.0806633785925541,,,131.678,16.174,0.132541122454468,-1.615,2.1534376617401,69,-0.0235298932028201,0.132742221032586,0.132541122454468,0.0100555410117344,-2.47700000000001,0.525510568352569,-3947,-0.0106952891167476,0.0247109647499624,0.0631869177204152,0.0561580285277055,,-29.217,0.152952599986337,,-0.603999999999999,-0.0264869682707602,
2018-08-31,2.971,-3.36,-0.0413167055598347,27.592,-52.634999999999,0.000828805249789788,0.0325663008610277,0.33510721083279,0.626867603568015,0.104565483042186,-0.00209436632664151,-0.0097019382475052,-13.247,196.034,-2534153,-0.0536886948957775,-0.045125787869317,-1748,-90,,-3253805.35,-1.30099999999999,-18.92,0.181009444213493,-0.164542289849358,-0.0358433896127064,-0.0460733019238866,0.193559477935525,,,,,,-0.380276386041635,321.976,-0.0953101798043248,0.0230700704630245,0.202624713359576,-0.404395474890341,-0.312041846341034,0.434853374895358,0.726117667987041,,-233.584,2.971,,-3.36,-25570,-3586,27.592,-52.634999999999,-0.340122307721161,,-0.022713878586158,,,0.961999999999989,-18.92,-0.00815339159546546,9.13,0.338092285070717,315,-0.164542289849358,-0.00798396742434271,-0.00815339159546546,-0.0403784581887736,-1.30099999999999,-0.380276386041635,-90,-0.0176275750833135,0.0418711778310348,-0.00349473951973067,-0.039209522798207,,-13.247,0.0230700704630245,,-13.127,-0.875495400820952,
2018-09-30,3.573,-3.521,0.0151261732449193,275.532,72.0639999999989,-0.0152493211235498,-0.168169361918976,-1.00404945692314,-0.222449911937014,-0.0257829183633778,-0.112690501056552,-0.138882068360048,-19.605,247.572,-232018,0.0457137485632533,-0.0081119091325661,-621,-3246,,-343170.949999996,3.475,-0.837999999999994,-0.136483979578496,-0.0205151584995651,0.0262988948486136,-0.00894054590465476,-0.00346753292792634,,,,,,-0.341205199795575,-37.438,-0.0755075525081454,-0.13122721430349,-0.118481141613125,-0.305597109747207,-0.0299103895290784,0.187712012736906,-0.0567230465679254,,53.349,3.573,,-3.521,13770,-4488,275.532,72.0639999999989,0.126980594479217,-0.0339608418738546,-0.0223540674391636,-0.0343143449507668,-0.0351407186722064,-17.5730000000001,-0.837999999999994,-0.0409252942423954,-7.035,-1.00529762824001,-172,-0.0205151584995651,-0.0414327009761184,-0.0409252942423954,0.130270274380289,3.475,-0.341205199795575,-3246,0.0763528610960957,0.116178244424056,-0.0526871647649463,0.0148794783944064,,-19.605,-0.13122721430349,,6.128,0.502944822313753,0.0411974248960654
2018-10-31,-8.76500000000001,-3.939,-0.019344342585752,-310.17,-75.628000000001,-0.0121076471591408,-0.0498727408073081,0.706242995482786,0.0980709076869068,-0.036804114358997,0.105907880490144,-0.344182724164508,-32.362,234.07,5087600,-0.167854282041297,0.0628870490277329,6618,-6666,,3210935.64,-2.658,17.534,-0.200169623457782,0.128149948044906,-0.183817705233909,0.0402183669562319,0.386338364161444,,,,,,-0.502087127660479,47.127,-0.0298529631496809,0.118991326454579,-0.345580188887164,-0.491572501701851,-1.08648269451259,-0.159269299065306,-0.0963899098288343,,-15.884,-8.76500000000001,,-3.939,-41510,6570,-310.17,-75.628000000001,0.46515777346284,,0.00335475982606859,,,-13.7629999999999,17.534,-0.0187768371679518,-8.727,0.706262347777988,130,0.128149948044906,-0.0188913616619324,-0.0187768371679518,-0.094523106085588,-2.658,-0.502087127660479,-6666,0.0200759565726889,-0.0463409565896953,0.172421106012838,-0.106479347913086,,-32.362,0.118991326454579,,8.341,0.430476496601777,
2018-11-30,0.72200000000001,-3.117,0.049768607058077,8.32099999999991,-104.616999999999,-0.0809840555469341,-0.0284549466764239,-1.37835228190903,-0.478409604953206,-0.01138723292524,-0.137514735092366,0.0591674646568032,-42.093,33.8630000000003,-1999294,-0.0958498818208255,-0.0395508830581868,-7922,9825,,-4198485.35,-0.34499999999999,-24.999,-0.0398384763014104,-0.192935265006877,-0.115579948586578,-0.0491726564926784,-0.0789304909390234,,,,,,-0.156654987321115,122.094,0.0683192439774771,-0.130169196183618,0.231501415299317,-0.0167675914377106,0.0242973221879574,-0.133308298305404,-0.105342428386743,,-164.736,0.72200000000001,,-3.117,-33020,-6019,8.32099999999991,-104.616999999999,-0.182364322273008,,0.0159152320238487,,,-87.893,-24.999,-0.11371892056918,-1.538,-1.290419995913,-264,-0.192935265006877,-0.113396225700189,-0.11371892056918,-0.09655952947542,-0.34499999999999,-0.156654987321115,9825,-0.210797715491911,-0.341342109033867,-0.169498819595042,-0.0904392462906722,,-42.093,-0.130169196183618,,6.674,0.246774888729533,
2018-12-31,1.443,-3.4,0.125096535167444,155.598,106.872,0.0535200756486693,0.134960552045794,-0.0146363281060253,-0.309527907470899,0.0953633565375913,-0.0194550209356699,0.215336936650937,-35.98,-37.2660000000001,-138989,-0.0595689536046891,-0.0162570526710386,817,3443,0.751013721281771,2131443.84,1.97899999999999,16.229,-0.0181597726693994,-0.181354732137295,-0.016943410118178,0.0151848098670779,0.358527592630256,,,,,,0.343659837547476,115.407,0.0814930342511828,0.0127236874727812,0.236835879836105,0.156883702307299,0.981499742670722,0.0251515060322922,0.15933596444535,,-43.8429999999998,1.443,,-3.4,-17780,5077,155.598,106.872,-0.156247332976946,-0.169107189232497,0.123505217830854,-0.0756442208368817,-0.04690265526167,57.2849999999999,16.229,0.0483042947474148,-0.681000000000097,-0.200560513248204,-98,-0.181354732137295,0.0486615800048309,0.0483042947474148,0.108058417176093,1.97899999999999,0.343659837547476,3443,-0.143218830780212,-0.122150675834072,0.069460136437538,-0.00440591517145705,,-35.98,0.0127236874727812,,-4.168,-0.146843215548321,0.0623784425554952
2019-01-31,13.572,37.069,0.123358236213143,-226.735,-46.4870000000001,0.0351328521956509,-0.0290454532642754,-0.441332708683479,-0.105746682095929,0.099963741122659,-0.0732422360602278,0.126842971702085,359.743,-3500.813,-1235920,0.365666524627731,-0.0647567586238313,2040,-23230,0.118097962308964,-5254117.82,0.459,-31.196,0.226533831290855,0.0754922845500268,0.358230672734758,-0.107035327103063,-0.141421882290348,,,,,,0.221597051972924,15.4789999999999,-0.12981161152199,-0.12215298892119,-0.0673284499110487,0.355708255114838,0.500913179802259,0.218799371856944,0.101992624819735,,-41.9390000000002,,,37.069,97650,-19150,-226.735,-46.4870000000001,-0.0858868606350098,,0.119241925982642,,,39.306,-31.196,0.0312050593223301,9.4480000000001,-0.343282222505229,-27,0.0754922845500268,0.0205262887524,0.0312050593223301,-0.0996244999471969,0.459,0.221597051972924,-23230,0.0534149359189087,0.0813864030374036,0.0569412109574507,0.199700354963381,,359.743,-0.12215298892119,,6.993,0.235371621199502,
2019-02-28,7.6024,-2.094,-0.109075555174647,-32.825,-41.17,-0.123375916028498,-0.0969410114605669,-0.439665492041275,-0.0690385752859122,-0.0858841925687566,-0.137023937600936,-0.0344358453226983,-38.39,-183.165,-5927774,-0.116883953095181,-0.019348364625797,-15286,-19393,-0.0625433247916565,-2031666.5,-3.335,-14.774,-0.00697572101184996,-0.00271048156288778,-0.137798448189947,-0.0154001079634662,0.174612351773276,,,,,,-0.100145553956662,-62.3449999999999,0.147053417956497,-0.180213732111763,0.0583523115650433,-0.2191439233921,-0.145718853078924,-0.0308511076089326,0.0527879984876254,,7.6024,,,-2.094,-41960,-49965,-32.825,-41.17,-0.239168751635191,,-0.110568761068004,,,-132.15,-14.774,-0.113446515039826,-0.324000000000005,-0.440007480055694,-17,-0.00271048156288778,-0.0997286615766564,-0.113446515039826,-0.111386123956358,-3.335,-0.100145553956662,-19393,0.0727887898553199,0.163996913220616,-0.0916875495714748,-0.100738780058169,,-38.39,-0.180213732111763,,-5.159,-0.168087924597363,
2019-03-31,-8.1481,-3.002,0.079423680426169,278.613,139.701,0.0727864088351469,0.102151179162596,0.069243911341843,0.0996793368872719,0.145982414613288,0.0113882544347446,0.109922997072679,-40.88,-215.168,3012647,0.0720382193594844,0.0860027362884033,-19424,-558,0.204544930799321,586295.129999999,-0.421,-1.02100000000002,0.191675960794752,0.225437171186806,0.113970232019831,0.124910710038512,0.146619539560625,,,,,,0.105192454644561,156.168,0.135665865153155,-0.0727127289185461,0.137724875634729,0.0381459935286532,0.210387632518892,-0.0968320504242097,0.165149825954962,,-8.1481,,,-3.002,37290,-39406,278.613,139.701,0.12795963382715,-0.199726227351668,0.0793906874406858,-0.0760697776078434,-0.0466911920423847,75.984,-1.02100000000002,0.1080819637681,9.779,0.069788311009205,21,0.225437171186806,0.100539992938615,0.1080819637681,0.213875543601024,-0.421,0.105192454644561,-558,0.0352526925557646,0.045294525285442,0.110995396316261,0.117438173266968,,-40.88,-0.0727127289185461,,2.464,0.0838101138890228,0.0925664554057999
2019-04-30,-4.5396,-5.126,-0.0639934341554564,-255.752,-78.552,-0.0363738034333894,0.0129461621666835,1.04900594667362,0.0600420845460681,0.0157413343176076,-0.364298180052725,-0.00287977025882569,-41.584,-109.909,-12678181,-0.0530201135852426,-0.0379414402005871,-14521,-32510,0.0689076353613274,2676612.19,-0.446,15.933,-0.115511431061028,-0.343603236763253,-0.0547592460926678,-0.00688858526029801,-0.026070955557759,,,,,,0.218011508530183,59.4079999999999,0.0294138852062935,-0.405995083262211,-0.204523570461564,0.461533941099519,-0.0273874521551067,0.00453907620352512,-0.239306579984601,,-4.5396,,,-5.126,-23680,-61552,-255.752,-78.552,0.0625696084477632,,-0.0562106733924885,,,-38.663,15.933,-0.0250182648378878,-6.116,1.04863093912853,14,-0.343603236763253,-0.0248807927240406,-0.0250182648378878,-0.142735705343337,-0.446,0.218011508530183,-32510,0.0697957619355414,-0.0935949135175704,-0.0544580316950896,-0.0392783524339206,,-41.584,-0.405995083262211,,-0.649000000000001,-0.0214026537604055,
2019-05-31,1.4112,-3.905,0.0629389558353246,100.111,48.038,0.0824659260759955,-0.0807320195378463,-0.0132435201239911,0.11657723469756,0.0157507736861398,0.421903759975209,0.0947444924585383,-33.561,-79.2399999999999,11730384,-0.0383529991442568,0.0275922531512549,46440,8702,0.014351825609463,802832.84,3.409,2.251,0.143945365605411,0.352831326613435,-0.030104849165963,0.0320590003940371,0.148727234961743,,,,,,0.164237881360659,0.950000000000045,0,0.483527145613455,0.17192915757763,-0.00942221103863705,0.23422658760936,0.0323236174824104,0.0780070712946008,,1.4112,,,-3.905,-481690,101582,100.111,48.038,-0.078827979301745,,0.0621142008446167,,,89.72,2.251,0.110595860889479,7.733,-0.0130877645207672,33,0.352831326613435,0.109713816638015,0.110595860889479,0.0900664586154765,3.409,0.164237881360659,8702,-0.00988010859970689,-0.0978197528855231,0.0942433312278386,-0.00924591924264462,,-33.561,0.483527145613455,,-3.134,-0.110335835021334,
2019-06-30,5.5618,-3.102,0.0291153358941578,181.996,54.918,-0.061404852023915,-0.24320144027054,-0.602200816674971,-0.324701414962804,-0.0451462983572331,-0.0768629641750751,-0.125768581791362,-32.89,-65.835,-21121408,0.0414027136874928,0.00836197496622049,-4475,48287,-0.127410928948597,-1772713.75,-1.109,-9.97499999999999,-0.308180491415918,-0.0815944536006397,0.0538301182202066,-0.0247572909230103,-0.0986164510732719,,,,,,-0.202361157702379,-96.538,-0.0145987994211527,-0.0524426139826115,-0.066451608185683,-0.0264831189526298,-0.180287170780902,-0.243125412377815,-0.440663599080342,,5.5618,,,-3.102,0,39337,181.996,54.918,-0.0750792702099048,0.229180998619045,0.0240102097604282,0.0468560376552603,8.18650608742644e-05,-67.5050000000001,-9.97499999999999,-0.0523941568820483,-15.298,-0.602227907944883,-81,-0.0815944536006397,-0.050780955750291,-0.0523941568820483,0.0584574271536402,-1.109,-0.202361157702379,48287,-0.107727380668092,-0.153127500799739,-0.0550597023907446,0.0276034202810456,,-32.89,-0.0524426139826115,,-1.961,-0.0757929601155749,-0.0124026726248605
2019-07-31,-0.518000000000001,-2.1,0.0382681415758359,-169.427,22.451,0.118070691352011,0.549264342304509,0.0303901622482989,-0.0397668517042193,0.0449952141507142,0.226601297966405,0.434773991187565,-39.333,-47.223,20589782,0.0303134819143445,-0.000986119699209809,6975,15993,0.00516797015844261,1234418.88,2.025,5.441,0.207741110303926,0.0332273157690679,0.0428203964372278,0.0191876655715149,-0.13536767557402,,,,,,0.551572808318693,6.67200000000003,-0.0843411484337508,0.283170718232057,0.451410463035325,0.514879044447845,0.613286662432087,0.0218592735679008,0.11350248011711,,-0.518000000000001,,,-2.1,819475,29943,-169.427,22.451,-0.120813544453217,,0.0382048560992381,,,133.587,5.441,0.119583047446415,9.78599999999999,0.0304070810259081,11,0.0332273157690679,0.118899620595004,0.119583047446415,-0.0131809860991599,2.025,0.551572808318693,15993,0.0109977542095407,0.0303710978762979,0.112629154249005,0.0352001810862781,,-39.333,0.283170718232057,,5.045,0.184460738036212,
2019-08-31,5.5203,-3.098,-0.0220388620569807,66.006,-90.678,-0.0474280504585369,-0.427525507777844,0.406225771991259,0.474937958752307,-0.0244525606948898,-0.0982013474916892,-0.147107896761641,-47.287,2.7589999999999,-13257984,0.0206072047277619,-0.00445261524821028,1210,-14910,-0.0507132127320666,3101907.81,-1.641,24.059,0.0277506796914762,0.0110851726197838,-0.00684561743315548,-0.000624093961364203,-0.41572025544137,,,,,,-0.052279137727516,-16.650000000001,-0.409473129505703,-0.138678331931452,-0.160812561960603,-0.270699657598035,-0.156641443919007,0.213650913550052,0.179298970427134,,5.5203,,,-3.098,-315025,-12490,66.006,-90.678,-0.276542703153587,,-0.0188750375064171,,,-55.5629999999999,24.059,-0.0388215843987858,1.468,0.406113154271729,110,0.0110851726197838,-0.0358813256336035,-0.0388215843987858,-0.046566634029972,-1.641,-0.052279137727516,-14910,-0.077961541469711,-0.341076838642425,-0.0493401827665778,-0.00485135404309123,,-47.287,-0.138678331931452,,5.889,0.179507361370295,
2019-09-30,-7.4404,-2.934,-0.0556976199691359,210.973,104.644,0.0131591301366267,0.220929292842568,1.27650174628649,0.867741053510847,-0.0803529987102296,0.100519764402958,-0.213909905406407,-41.564,58.7230000000001,15795835,-0.182571918799187,-0.0676308405515993,-2220,1127,0.0838384216343826,-578794.399999999,-8.86800000000001,-4.93600000000001,-0.411495897343555,-0.321121715531905,-0.171670055982021,-0.0527961594685191,-0.0779749784830424,,,,,,-0.484124383861003,59.431000000002,0.326091520566652,0.229897041568825,-0.0618206118232445,-0.367346439552703,-0.299335856893453,-0.297289287105329,-0.297926618080193,,-7.4404,,,-2.934,-67284,-3313,210.973,104.644,0.418435209273881,-0.0313985818535745,-0.031311425233449,-0.0487225013072141,-0.0538093724404458,15.153,-4.93600000000001,-0.0310783750852419,-18.094,1.27476762737853,460,-0.321121715531905,-0.0298470138086504,-0.0310783750852419,0.14486458801496,-8.86800000000001,-0.484124383861003,1127,0.0510398839034467,0.309879408258013,-0.0487284274179967,-0.131923549062188,,-41.564,0.229897041568825,,-4.478,-0.133471603202848,-0.0152269847098676
2019-10-31,5.2744,-3.594,-0.00455405938347653,-274.238,-60.3290000000001,-0.0165118893627811,-0.00890639142700733,0.322810154176555,0.0617912444428113,-0.0178124506141426,0.102215791694503,-0.0754828075956944,-59.484,-20.0590000000001,870410,0.170299963137017,-0.599848136654696,1485,10679,0.0076629628078333,-377460.210000001,-0.86999999999999,-3.917,0.0966061044693349,0.0960153051462385,0.189836189486074,-0.608448422103518,-0.0894045769855509,,,,,,-0.0728671950584463,5.570999999999,-0.0628009012390303,0.103555658200114,-0.0591312400410651,-0.105596525280852,-0.168512064263998,-0.0214713148536774,-0.0252682705010052,,5.2744,,,-3.594,623643,13649,-274.238,-60.3290000000001,0.160504178206082,,0.00781568957443746,,,-18.982,-3.917,-0.016491847401733,3.605,0.325899098075553,56,0.0960153051462385,-0.0257103902093494,-0.016491847401733,-0.114106562323117,-0.86999999999999,-0.0728671950584463,10679,-0.0476671994248079,0.217561730195326,0.0122066522441795,-0.0223473845562161,,-59.484,0.103555658200114,,11.09,0.302785386877017,
2019-11-30,8.2337,-3.637,-0.0978613326891526,-41.014000000001,-94.373999999999,-0.0718511985613848,,-0.0565842597192141,-0.640996630105785,-0.0840811116729405,-0.117311949999049,0.0853728252348072,-52.565,-94.856,-4348744,-0.0667186445017638,-0.0897003370940492,-6675,-17679,-0.100177743967619,-2708714.08,0,-16.037,0.485091163849052,-0.255803416144027,-0.0940435753802431,-0.0986332157175172,0.0360191309122921,,,,,,0.192965290849103,-83.365999999999,-0.128254335523679,-0.137134787685066,-0.108301194132536,0.0625665730414209,-0.11106650526115,0.611636401165869,0.567725431938785,,8.2337,,,-3.637,-670439,-31029,-41.014000000001,-94.373999999999,-0.258738597878878,,-0.0964239905410924,,,-79.046,-16.037,-0.103202600367538,24.4410000000001,-0.0578737231032438,-404,-0.255803416144027,,-0.103202600367538,-0.106990557471133,0,0.192965290849103,-17679,0.0556608471055533,0.0679134448090259,-0.0789330121931631,-0.0949299189217889,,-52.565,-0.137134787685066,,-4.141,-0.102639510893365,
2019-12-31,15.4549,-3.042,0.111839487674903,180.634000000001,52.320999999999,0.0570446872974966,,-1.12555610642115,-0.834287851547701,0.0751774497268176,-0.141349921059247,-0.185367861726874,-53.924,-47.285,1230879,0.0596059909622202,0.678927326916188,-19365,19814,-0.026804669373961,-3015787.27,0,-15.267,-0.125358164249692,-0.0858164858139885,0.0571519452778952,0.680800044597144,-0.0167859777440649,,,,,,-0.56123521433205,-21.317000000001,-0.147157644336287,-0.151327367596799,-0.199775746793976,-0.452448166821643,-0.215781344604506,-0.0393818898692464,0.0755696801901098,,15.4549,,,-3.042,95060,-18916,180.634000000001,52.320999999999,0.147491311894536,0.0424065254660988,0.0785835250398481,0.0448702137655683,0.0470695260274301,62.289,-15.267,0.0240337792557348,-7.4920000000001,-1.12556355779868,-253,-0.0858164858139885,,0.0240337792557348,0.12807179305914,0,-0.56123521433205,19814,0.0512136733834883,-0.0334873872464856,0.00837847752561771,0.211483179037422,,-53.924,-0.151327367596799,,0.829999999999998,0.0214340032553726,-0.00625851062808103
2020-01-31,-18.6875,38.14,0.0602503782005108,-217.272,-40.2819999999999,0.0167657688100284,,-0.846970885664856,0.602819597885627,0.039867127859563,0.000817450169558143,-0.0217858382110734,476.647,882.608,795328,-0.0392155240819232,0.10448200823213,15840,-8653,0.16715838077697,-9088294.44,0,-51.0276,-0.435209498991147,0.173304973823239,-0.036201413227583,0.110713673854003,-0.12687020249698,,,,,,0.0402788886535896,133.9098,0.104140259252596,0.00474062475206161,0.186713184287775,0.128292321252219,0.215430668225582,-0.649744292557726,-0.522929691385025,,-18.6875,,,38.14,4210,23027,-217.272,-40.2819999999999,0.067511157361519,,0.0522262352693748,,,18.9929999999999,-51.0276,0.023794979578474,-19.795,-0.846964312355404,160.6717,0.173304973823239,,0.023794979578474,-0.0867740241727297,,0.0402788886535896,-8653,-0.0480340204661083,0.0680929164239608,0.0211916898429312,0.0114216664826339,,476.647,0.00474062475206161,,-2.012,-0.0527735600290553,
2020-02-29,-4.2385,-2.893,-0.0891588772461134,-29.718,6.58299999999997,-0.0908181407789135,,0.400865281612665,0.119178877032746,-0.061690662799319,-0.0612868031711518,0.1349234133052,-49.605,-34.405,-3269993,-0.0240862257811578,-0.125405388040512,-10931,-9890,-0.110795914346038,684785.199999999,0,-0.597499999999997,0.175517383560664,0.0499440038276431,-0.0416253742935835,-0.126885562915316,-0.0628753524844754,,,,0.807691461008987,,0.440571687513279,-82.5111000000001,0.180488375712294,-0.100421387471936,0.0557886497987665,0.252909105696736,0.240663714716006,0.189780984419867,0.105001626416165,,-4.2385,,,-2.893,-27730,-31752,-29.718,6.58299999999997,-0.0879377326031703,,-0.0855556809848661,,,-99.1759999999999,-0.597499999999997,-0.0482157435671446,6.965,0.400865281612665,44.8913,0.0499440038276431,,-0.0482157435671446,-0.0588242238717687,,0.440571687513279,-9890,-0.137621377876048,0.0756930640567717,-0.0503745727954144,-0.069837656812159,,-49.605,-0.100421387471936,,-1.67,-0.0460225044626861,
2020-03-31,6.678,-4.256,0.00928028842676021,273.1358,63.7631,0.00952645563679955,,0.0329887662711208,-0.219761513226106,0.0430800003481915,-0.191402089704214,-0.00653040571896657,-48.081,41.911,-33308343,0.0223464996160896,0.0832959158055786,13932,5843,-0.145118402499163,3776123.82,0,29.9129,0.200181014995135,0.0019516059652851,0.0275972171317438,0.10301861738286,0.716186043520228,,,,1.82406386251223,,-0.023799223349056,-78.217,0.176186568226439,-0.280320304230168,-0.162778047813086,0.140160015705522,-0.174674489360615,0.185706916924104,0.161975303499065,,6.678,,,-4.256,20128,33707,273.1358,63.7631,-0.18180243168867,-0.0281720536218764,0.00939869397392101,-0.0360265995835896,-0.0392946202198825,9.98540000000003,29.9129,0.0185839196303572,9.589,0.0329887662711208,-78.8297,0.0019516059652851,,0.0185839196303572,0.126011377733235,,-0.023799223349056,5843,-0.509005787049004,-0.617265336798259,-0.00639884982720496,0.0524714395407226,,-48.081,-0.280320304230168,,0.736000000000004,0.0205444617618205,0.0213425854542955
2020-04-30,2.6474,-4.451,-0.10131245966247,-245.7056,-170.0152,-0.202681770917434,,-0.800462797677982,-0.775253437844303,-0.0738560853664927,-0.472024718155121,-0.0462694552392708,-59.546,32.428,-8852218,-0.0704961461830074,-0.0798794858264635,-15812,-59313,0.133779533836302,-24187105.31,,-135.9108,0.0747253624497741,0.0416860180248948,-0.0549686630694231,-0.102383580366878,0.100069154378629,,,,-0.134848005670886,,-0.25158577636167,70.3091000000001,3.74329479292192,-0.842549131265432,-0.0915470797796782,-0.0997671242258207,-0.202567504287521,0.183484420431655,0.100606380407616,,2.6474,,,-4.451,-34238,-90937,-245.7056,-170.0152,-0.313868224098902,,-0.106173226084978,,,-193.2178,-135.9108,-0.141477539338574,4.101,-0.800462797677982,-173.0077,0.0416860180248948,,-0.141477539338574,-0.284845786216413,,-0.25158577636167,-59313,-0.348054200894826,-0.405293183410758,-0.133110925369553,-0.0707528425806023,,-59.546,-0.842549131265432,,8.203,0.204278540349812,
2020-05-31,1.5201,-3.573,0.116113039505656,9.9348,49.7621,0.0996272085010892,,0.0498827453883699,0.0153281273883019,0.0843098761647889,0.219699558611296,0.0387654663778898,-59.013,12.0603,426344,0.0717305959652723,0.0522799648382666,7202,19972,0.137543855491421,0,,0,-0.0622785512634048,0.143019006332647,0.072540464680583,0.0774086804906897,0.0601319081165617,,,,0.223285924537172,,0.185901538656171,65.5037,-3.84014461891185,0.370425237869487,0.121825830989659,-0.0479230032440912,0.180525818625774,-0.121666013898523,0.00995053584683392,,1.5201,,,-3.573,30170,34376,9.9348,49.7621,-0.266064961416632,,0.115797579708936,,,90.0884,0,0.0943676738130357,-3.439,0.0498827453883699,2.2818,0.143019006332647,,0.0943676738130357,0.0589312557930732,,0.185901538656171,19972,0.285533843913492,0.329596816789546,0.0996839464439452,0.0741381186113133,,-59.013,0.370425237869487,,-1.924,-0.0443033196599134,
2020-06-30,-0.846299999999999,-2.429,0.0174575993933352,267.295,159.335,0.0556919144791452,,0.56800610287485,0.62569656684795,0.00421558508979647,0.400319964780814,0.0316880002766577,-42.1543,17.627,34051232,0.0172938828654932,0.0103779844285032,1255,18396,-0.0455702973030103,361500.25,,0.131100000000004,-0.0483688993506295,0.00977024779175562,-0.000868682203184257,-0.00635191016588177,0.0502224406503213,,,,0.304696463831374,,0.106415561432937,-9.12630000000001,3.49586534193379,0.620400365546476,0.0579190214498659,0.199294127384344,0.0691376793139198,-0.174052459892391,-0.261281971427199,,-0.846299999999999,,,-2.429,7220,20906,267.295,159.335,0.58357859350588,0.229232912645772,0.0207818822033037,0.046744449071868,-0.0517991593973477,54.4109999999999,0.131100000000004,0.084453760908259,-2.527,0.568006087386784,130.4386,0.00977024779175562,,0.0844537922149424,0.234398093167267,,0.106415561432937,18396,0.25489224962879,0.252097174937552,0.0757920835125336,-0.00266779956045671,,-42.1543,0.620400365546476,-0.000999323122395479,-11.167,-0.305058807461876,-0.0970147629221021
2020-07-31,-2.8607,-3.17,0.046501789461848,-138.949,6.57399999999996,0.174393248644191,,0.912140676518636,0.608656784416136,0.117449252745382,0.234374653189038,0.303156730539444,-44.659,25.007,11694686,0.00585422148751746,-0.0149678018517978,12329,17317,0.0437042562961647,36580520.91,,206.5855,0.127154590073017,-0.116967547522131,0.0109966793349265,0.0189924245550337,-0.408117708713242,,,,-0.0118056855171487,,0.501111116761462,55.1966,-0.0455012191819055,0.331795690639413,0.307137937406702,0.409493775905287,0.356215032756144,0.0914993005188345,0.0675201259983527,,-2.8607,,,-3.17,-490,41975,-138.949,6.57399999999996,-0.142765210830582,,0.057000496348989,,,191.373,206.5855,0.156262753655714,6.914,0.912140698227692,235.0028,-0.116967547522131,,0.156262695571346,0.0134908304253702,,0.501111116761462,17317,0.0676586484738149,0.085063675742707,0.153951645794988,0.0136224015384219,,-44.659,0.331795690639413,-1.23272669711394,2.038,0.0630680736648705,
2020-08-31,-196.6494,-2.583,-0.0444476033221282,46.5069999999999,-29.851,-0.0713663625916077,,-0.368465495248429,-0.213562884984408,-0.0664379565754576,-0.0911695653838045,-0.0501203736097038,-28.963,77.595,-4547062,-0.00157170473260315,0.0398548197487738,-10850,15798,-0.203786049329349,-3815950.19,,-25.5782,-0.131281467761271,-0.157271328779395,0.00669109291896319,0.023439416444651,-0.0487302787149746,,,,0.217081691997755,,-0.0463668538514144,-146.2108,0.0101675837129211,-0.0761061755850365,-0.00540760134313256,-0.0496351405836437,-0.0136646199431314,-0.120836070743603,-0.234801719507209,,-196.6494,,,-2.583,5940,-5902,46.5069999999999,-29.851,-0.0882136165808687,,-0.0494220533794909,,,-82.3679999999999,-25.5782,-0.0514292088263595,-7.124,-0.368465501469419,-99.1201,-0.157271328779395,,-0.0514291820486754,-0.0294021538414304,,-0.0463668538514144,15798,0.0321866864959013,-0.140890299143315,-0.127879045161389,0.0122368819372065,,-28.963,-0.0761061755850365,,-12.976,-0.492912804315851,
2020-09-30,393.9024,-3.028,0.0338328356257147,181.452,82.526,-0.00262409278600817,,-0.0634291829984654,-0.394944149193453,0.0293731235674723,-0.0332218743703558,-0.19009014972072,-43.33,0.942999999999998,692283,-0.0333958342783127,-0.0375069797206855,3859,-9906,0.212869071561311,687541.649999999,,4.9615,0.0309452947956772,-0.244350160885961,-0.0329640482929925,-0.0390549000011227,0.204052759794364,,,,0.390891330059435,,-0.456998267357907,142.8967,-0.0102482668300226,-0.00554964883222109,-0.213461373275488,-0.481594418190252,-0.262595905840683,0.370773597744714,0.37329683879306,,393.9024,,,-3.028,-16770,-2188,181.452,82.526,0.420750992383069,-0.381153117782331,0.0324783999863136,-0.122261552574832,-0.0462230127534209,-2.91799999999989,4.9615,-0.0249803833733946,1.596,-0.0634291829984654,-135.8407,-0.244350160885961,,-0.0249803833733946,0.11926901142752,,-0.456998267357907,-9906,-0.0702865327281716,0.13918193046595,0.112544227765554,-0.0349880720452829,,-43.33,-0.00554964883222109,,12.374,0.474693615617099,0.114417799543279
2020-10-31,-199.3996,-4.577,-0.0649953870790565,-288.725,-101.472,-0.0405989682479051,,-0.39555581058362,-0.255682889743279,-0.00525245545223907,-0.191974988494597,-0.165006286444804,-49.446,13.3869,1350987,-0.0264380217977216,0.00597997181099252,-43612,-3127,-0.00661172805212829,83638.5700000003,,-1.55849999999998,-0.0464445582426012,0.070985413759975,-0.0227384329668769,0.0118531793928431,0.0942756164705081,,,,0.585971427646415,,-0.175001108508897,-8.35919999999999,-0.186499066339314,-0.249239132158865,-0.196762161382952,-0.0950981143009004,-0.125434886386226,-0.183533888082031,-0.211748367844208,,-199.3996,,,-4.577,-7260,-90351,-288.725,-101.472,0.182455863624141,,-0.0683288613880784,,,-44.184,-1.55849999999998,-0.0525241110751526,-2.377,-0.39555581058362,-63.2816,0.070985413759975,,-0.0525241110751526,-0.142674247739443,,-0.175001108508897,-3127,-0.00975617494536474,0.0730665634291929,-0.107388634738783,-0.0111336923433614,,-49.446,-0.249239132158865,,3.283,0.095554484453436,
2020-11-30,-4.9196,-2.02,0.0125639634710293,-34.5860000000009,-39.611,-0.0367797568715869,,0.00780126887571164,0.221739292235422,-0.112986124540141,0.199769669992637,-0.255579525337864,-45.585,10.001,491128,-0.228482304199202,0.0105435583652689,47480,17624,0.0230892961392684,435215.200000003,,4.1936,-0.184766944318312,-0.327974410173566,-0.235370344032429,-0.00809363710817568,-0.632764451614606,,,,-0.117327034107024,,-0.464090464368136,18.1120999999999,-0.512068766373997,0.309709631262955,-0.326615249299615,-0.609801479582628,-0.265379710681766,0.030119308701213,0.185401884660302,,-4.9196,,,-2.02,-60930,112584,-34.5860000000009,-39.611,0.128806757793191,,0.0125844215222095,,,-38.508,4.1936,-0.0549743341456299,-8.4351,0.00780126887571164,53.9206,-0.327974410173566,,-0.0549743341456299,-0.03112498836669,,-0.464090464368136,17624,0.0571584138399488,0.0455438010039382,-0.0552478836358503,-0.152323978673411,,-45.585,0.309709631262955,-0.281726128698932,-3.061,-0.0887970849844484,
2020-12-31,-299.7065,-2.5405,-0.0398080603257434,195.085400000001,38.322000000001,0.153327822421859,,0.211286900453471,0.23426341427202,0.0116322712198071,-0.0730279532188591,0.121460749293026,-56.1989,80.7773,521719,0.239168641283543,0.0545143266608523,934,-31958,-0.324143635324472,43525.8399999961,,-1.5652,0.0833741025774093,0.0871811877035595,0.231562343020899,0.0467313079114557,0.146606739571461,,,,0.798029654558296,,0.219505620211636,-226.719699999999,-0.501584160120974,-0.101066986111317,0.170976566460182,0.472399834087709,-1.00977788932855,0.000623743409537969,-0.0253612246723245,,-299.7065,,,-2.5405,74980,-30090,195.085400000001,38.322000000001,-0.614747667213714,-0.220132774856928,-0.0373286388621654,-0.0759108117446754,-0.0378502890432948,170.3225,-1.5652,0.0207057395300279,3.614,0.211286900453471,71.5714,0.0871811877035595,,0.0207057395300279,0.104588523693132,,0.219505620211636,-31958,0.144180507507408,0.176662660891926,0.00168252127357782,0.163122415601245,,-56.1989,-0.101066986111317,,7.0866,0.194727597774421,-0.016022429172736
2021-01-31,299.518,35.5025,0.0618004023587773,-201.9997,-93.609200000001,-0.0416903404034983,,0.158147301197731,0.0821995335856442,0.0845925171818598,-0.0697615879304783,0.202603108055413,522.15,-292.2227,-10065383,0.0336738134737971,-0.147626017094556,-761,-7200,0.30792625820431,-2055492.46,,-13.8674,0.0990059954883593,0.247840935678773,0.0377010693983761,-0.166003190441394,0.242054283899955,,,,0.148599628656434,,0.228237952793156,194.848099999999,1.58176551414837,-0.14060054389982,0.328215643266638,0.146838984056886,0.104363804721131,0.0483067495466787,0.0863379036927787,,299.518,,,35.5025,-12824,-8722,-201.9997,-93.609200000001,0.313510721920964,,0.0628906194908581,,,-48.9254000000001,-13.8674,0.0115081019405352,4.7019,0.158147301197731,29.3598,0.247840935678773,,0.0115081019405352,-0.110396829480431,,0.228237952793156,-7200,0.0920456111296648,0.0315671858846684,0.0544902985518139,-0.0287645703308499,,522.15,-0.14060054389982,,-0.6297,-0.0158475221613807,
2021-02-28,3.7612,-3.5038,-0.160727161242232,-77.7498000000001,-18.4785,-0.138308064067489,,-0.563790633486661,-0.354544445819041,-0.16229745385645,-0.0355269339516262,-0.167370847180449,-39.2664,4.9495,4278001,-0.084227909269007,-0.643061437794577,-10435,8016,-0.114447326816965,-1718116.86,,-8.1875,-0.0419329250295237,-0.200319469964695,-0.0814477737295176,-0.651046297982303,0.0746024362061561,,,,-0.314215751537186,,-0.309124072253508,-75.879,0.302727075774763,-0.0120300933298774,-0.237568697064716,-0.334234128095759,0.0815082957500288,0.116780355317415,0.0212410787835187,,3.7612,,,-3.5038,-95771,-12854,-77.7498000000001,-18.4785,0.0441197695334061,,-0.164714519397791,,,-148.4482,-8.1875,-0.111182888204388,-2.0484,-0.563790633486661,-111.062,-0.200319469964695,,-0.111182888204388,-0.100117600227787,,-0.309124072253508,8016,0.116718496639476,0.0610798229015552,-0.134084697873406,-0.223112493086973,,-39.2664,-0.0120300933298774,0.056567263157498,-10.9739,-0.326253425656543,
2021-03-31,14.3022,-3.1385,0.18525261987897,280.0142,145.4396,0.0866901163018419,,-1.18691388214731,-0.0692008326447828,0.160825840204674,-0.024346477254559,0.117032088485024,-45.7519,-50.4773,-31726172,0.134359243753606,0.133237603992029,11050,30759,0.199847914011041,3963258.62,,19.5924,4.80834059035651e-05,0.551672926164723,0.137606686256007,0.145074158294647,0.117317109558546,,,,-0.213615017416867,,0.345981076461677,162.3008,-0.100818471452798,-0.150001918015387,0.118493468667842,0.320541596104213,0.161664673037408,-0.0544866105618702,-0.0572017989642806,,14.3022,,,-3.1385,53405,52859,280.0142,145.4396,0.0895676586162972,0.0142685058755223,0.179261180778044,0.00229530861793847,-0.00180293681088806,90.6312999999999,19.5924,0.10645089625516,0.00229999999999819,-1.18691393834348,-17.4504,0.551672926164723,,0.10645089625516,0.215269822033076,,0.345981076461677,30759,0.0583046581734434,-0.0149563741250276,0.124001887738475,0.139091765906026,,-45.7519,-0.150001918015387,-0.22419800159725,5.3681,0.172864741432381,0.0217529032326009
2021-04-30,-6.82700000000001,-3.0025,-0.0518267092638034,-220.7344,-53.4997,-0.037613646552602,,0.502886537592964,0.0498903978831775,-0.0380044010089238,0.16241425266141,-0.0536998790619947,-39.3424,-43.9137,27415356,-0.123009081321257,0.575119726092833,-5205,-3738,-0.248299802048422,-894692.620000005,,-2.02889999999999,0.0146513037384932,-0.11721991048527,-0.12137793765554,0.608363702428169,0.220337140773427,,,,-0.0554310205265605,,-0.194751334719177,-193.4616,0.297797156137819,0.245730334996831,-0.129499738356984,0.0877252897076759,-0.240225581462372,-0.129964212957769,-0.0537393185621102,,-6.82700000000001,,,-3.0025,29780,-14148,-220.7344,-53.4997,0.0102958272417535,,-0.0503049470560164,,,-40.2902999999999,-2.02889999999999,0.00397685289490646,0.706000000000003,0.502886627775585,12.4588,-0.11721991048527,,0.00397685289490646,-0.11949545218988,,-0.194751334719177,-3738,-0.00624723550523143,-0.124892383212685,-0.000112030259765916,0.0728209267311524,,-39.3424,0.245730334996831,-0.0855737657418771,-5.6768,-0.183775810653256,
2021-05-31,2.5345,-4.1326,0.0560709138249234,38.856,7.94409999999993,0.00707149918524941,,0.282728328537917,-0.0364862543977118,0.086003747198208,-0.240736879307846,0.329939869059924,-46.2075,-61.5565,-31433006,0.0267221171378864,0.0627207257375808,2860,-12277,0.157056123376139,833168.090000004,,3.2336,0.205073406462011,0.0788046363279369,0.0191651693032817,0.0307152479251753,-0.0807566875537233,,,,-0.047041716306675,,0.685294179837864,121.7958,-0.0623201971762399,-0.382629208510601,0.416033025720668,0.321343760590652,1.42178879450907,-0.0577716660357455,-0.0781857562057202,1.36002781293552,2.5345,,,-4.1326,18250,-6557,38.856,7.94409999999993,-0.32641565817935,,0.0569345778371364,,,7.45949999999993,3.2336,0.0327678987582569,11.0486,0.282728294551464,-9.17229999999998,0.0788046363279369,,0.0327678987582569,-0.00532633693007689,,0.685294179837864,-12277,0.04930173403854,-2.23505169500982e-05,0.0394342949584559,0.0231160573210403,,-46.2075,-0.382629208510601,0.218329833939549,5.7005,0.184476435479599,
2021-06-30,-20.2744,-2.8769,0.00447034664257906,232.5594,137.543,0.0540880330025084,,0.162217884809722,0.0920873861734943,0.00625998039274567,0.210886064484178,0.074285697631403,-41.0285,-10.3756,32253140,-0.00807367431605321,0.0279195265792005,3230,-20263,0.0667159848774403,-4888566.81,,-24.1038,-0.187867767353123,0.0149861736342896,-0.0324406933534291,-0.000251317628690018,0.122572784087242,,,,-0.0174138209260435,,-0.0506418688242727,52.7438,0.774825792822728,0.301445470854567,0.104500751297741,0.0985652680884881,0.240710256962705,-0.139338913326886,-0.149304298677146,0.127639792380089,-20.2744,,,-2.8769,2280,-13803,232.5594,137.543,0.00151427807253146,0.192777563545476,0.00524548733798191,0.0392873704767389,-0.000698375053604039,58.8344999999999,-24.1038,0.0603410772480633,-10.2062,0.162217884809722,23.8096,0.0149861736342896,,0.0603410772480633,0.161704943679002,,-0.0506418688242727,-20263,0.0712366670180309,0.173676178000521,0.0424321823319733,-0.0212707454272625,,-41.0285,0.301445470854567,-0.0569210009041756,-3.5241,-0.109975329732675,0.0253032608158232
2021-07-31,12.1723,-4.0166,0.00260579442176656,-154.8234,-71.4508999999999,0.0620396285889919,,1.71031621249034,1.22758809224455,-0.0045444253877589,0.232191451405493,0.0858217841498972,-54.2796,68.6116,12470220,0.0706518534116292,0.0466609696722333,4860,4013,-0.136482617220308,10884244.92,,65.0136,0.216024752840521,-0.00220411343991511,0.0731541108034266,0.0332263618255917,-0.449812437975255,,,,0.0430741681911173,,0.202166329205344,-116.3626,0.206930877280536,0.285584472723165,0.0102120850864598,0.10059190813723,0.0808494968098117,0.195675752074042,0.251101265349372,0.801631650966788,12.1723,,,-4.0166,30450,13733,-154.8234,-71.4508999999999,-0.147773878053263,,0.0262454334145268,,,71.5210000000002,65.0136,0.074559774579912,11.9079,1.71031621249034,653.0556,-0.00220411343991511,,0.074559774579912,-0.0641992835031227,,0.202166329205344,4013,0.0179338685957529,0.118018796995996,0.0565294778805061,0.05933381078877,,-54.2796,0.285584472723165,0.133268061484094,8.9073,0.257605070474964,
2021-08-31,-1.0685,-3.1932,0.0231603117824548,59.8403000000001,37.005,0.00669017181970588,,-0.269531692641594,-0.705251462476137,-0.00140650274737997,0.026673479114371,-0.13703167673031,-37.9262,81.8361,-4451365,0.068899971634357,-0.0666929035331254,-2705,37548,-0.106464164753236,-2193953.54,,-13.5448,-0.360713041549989,-0.0689665279114893,0.0696200421573696,-0.0238336959527707,0.345264709435832,,,,-0.0599200353306411,,-0.22002896598783,-55.4496999999999,-0.138444075636557,0.0769805967317403,-0.0372565494607153,-0.150053440086968,-0.116672228642646,-0.374263154319421,-0.447028287205246,0.00516740196613208,-1.0685,,,-3.1932,11600,32138,59.8403000000001,37.005,0.209991489921181,,0.0155906000357575,,,7.98099999999999,-13.5448,0.00284310285768719,-18.5602,-0.269531692641594,-467.4054,-0.0689665279114893,,0.00284310285768719,0.0506401534754009,,-0.22002896598783,37548,-0.0605196057887927,0.0440351241534813,-0.00519822224989142,0.0386662567226139,,-37.9262,0.0769805967317403,-0.181537034483025,-10.8464,-0.323708192906192,
2021-09-30,-14.067,-4.4318,0.0457661513722005,181.8839,57.875799999999,-0.0332131671079754,,0.321199338169723,0.649391783669641,0.0263878390656362,-0.214432372279256,-0.287095921850399,-38.9734,48.101,-22673002,-0.0882064879662874,0.00578971995282629,-1867,-2109,0.285584112269596,-129930.109999999,,2.36280000000002,-0.235219813447008,-0.407918460255739,-0.0641816864282649,0.00665115386435211,-0.26845736000334,,,,-0.30242359829725,,-0.375736599948704,214.469,-0.0250563285415395,-0.19057252675386,-0.300923257449358,-0.386609577279811,-0.378229273779452,0.0376093872060062,-0.0505975961242333,0.217564542015656,-14.067,,,-4.4318,-28490,-5843,181.8839,57.875799999999,0.200065882018236,0.0983146902245498,0.052744214530728,0.0491644231375741,0.0401003606012065,-39.1012000000001,2.36280000000002,-0.060118325896612,-8.95650000000001,0.321199338169723,417.2226,-0.407918460255739,,-0.0601182979687547,0.0818326669446297,,-0.375736599948704,-2109,0.0633211811739303,0.0823040816412943,-0.0506650864448321,-0.0408983303055246,,-38.9734,-0.19057252675386,-0.183753114829286,-0.293799999999997,-0.0104079412852243,0.0158724557012508
2021-10-31,11.8955,-5.8494,-0.0942418551185202,-274.9449,-90.8043999999991,-0.0240293717199345,,-0.65835729143971,-0.578086710574218,-0.0246936279275962,-0.0315176682016123,0.109850294426277,-34.4623,-58.8738,24262011,-0.0282245195675177,-0.00790125230950345,-53976,-8734,-0.0437584897957866,-2340826.47,,-17.4322,0.687467008868169,0.139456389571559,0.00433518542003775,0.0164112743431648,0.00632766786039873,,,,0.431964221355901,,-0.239616685023879,-53.4225,0.141065106351677,-0.125541931714675,0.0408575096488475,-0.332399467936097,-0.0947152070497022,0.682396618755071,0.811130911603536,-0.162799196133521,11.8955,,,-5.8494,-10230,-116686,-274.9449,-90.8043999999991,-0.324507041565284,,-0.106387446391969,,,-27.4905000000001,-17.4322,-0.0445197895286231,33.3917,-0.65835729143971,-383.4986,0.139456389571559,,-0.0445198466557724,-0.160419518220079,,-0.239616685023879,-8734,0.111531931132414,0.145230798886672,-0.0146575435228957,0.00841574790529354,,-34.4623,-0.125541931714675,0.492109575296554,-3.0068,-0.113250345819232,
2021-11-30,5.0787,-3.8728,0.053643329272262,-73.5671,-55.1553,-0.0384912777978466,,1.76459409205435,0.851991425962151,-0.116172353652828,0.152387626015181,-0.232874556252527,-54.1373,-10.7948,-45311634,-0.0410915921574766,0.00265648504220906,51713,3165,0.0173892432336356,-35835084.99,,-198.2076,-0.390508142934507,-0.218282410514716,-0.0772858919061576,-0.0198379633724608,-0.339258184167642,,,,0.530571823362211,,-0.214139120213443,12.408499999999,-0.245467550210984,0.265466013065422,-0.105123962678519,-0.209584264686508,-0.260151712680443,-0.466186945754678,-0.425849280580338,-0.251823755658373,5.0787,,,-3.8728,-12060,106591,-73.5671,-55.1553,0.44108586818662,,0.12290722813578,,,-42.6817999999998,-198.2076,-0.0527313233590476,-21.7139,1.76459409205435,658.7339,-0.218281027911869,,-0.0527312941597557,-0.0311526255729691,,-0.214139120213443,3165,-0.024273036356206,-0.0584692345388618,-0.0603240434769798,-0.0574241973057639,,-54.1373,0.265466013065422,-0.357878738523766,14.8371,0.464808202219725,
2021-12-31,-16.8002,-2.9352,0.0600531558154742,253.744300000001,58.7574000000001,0.0492293047053849,,0.213792119902484,0.123181048044213,0.0320897101332722,0.104388455317824,0.0723798072028448,-55.0173,-70.7902,0,0.110840773104982,0.0482237683496809,2210,3762,0.0251063696801683,0,,0,0.15901836165191,-0.0680641930870181,0.0879147581230324,0.0329631077032149,-0.227448295034885,,,,-0.316426569213975,,0.0619923719983175,20.8582000000031,-0.050224417731862,0.120764541884112,-0.273731754184277,0.262375875430565,0.161427583404894,0.372654402870737,0.356337188507979,0.412208700656053,-16.8002,,,-2.9352,43295,8182,253.744300000001,58.7574000000001,0.0694784705380869,0.104567581334413,0.0734830751929962,0.0304234887312891,-0.000377044880654154,54.8849,0,0.0308116583018236,7.8341,0.213792119902484,150.5887,-0.0680670556771066,,0.0308116583018236,0.141324640711124,,0.0619923719983175,3762,-0.0912643212847817,-0.0938371864910206,0.0475596552217645,0.0689007145841503,,-55.0173,0.120764541884112,0.287234010313004,-0.208200000000005,-0.00523011642367699,0.0138196358846692
2022-01-31,1.6347,40.4634,0.00539583928849829,-241.793000000001,-98.7461000000001,-0.0222726300896232,,-0.410485374532843,-0.430514123161545,0.0114975220915943,-0.129781484292135,0.209843733362431,483.7117,106.0767,0,-0.0032411820494076,-0.0231597410549309,5825,-3903,0.0276724319659571,0,,0,0.21964761349744,-0.0936239740448546,0.0183221415480466,0.00643263066796251,-0.0297195778246877,,,,-0.372067093077207,,0.209662713713361,11.7699999999979,0.00040293778819489,-0.165212153178486,0.153185852105716,0.339560936019262,0.18818160139657,0.209644568725885,0.184337535836859,-0.162428766614998,1.6347,,,40.4634,-5135,7747,-241.793000000001,-98.746,-0.199954558745489,,-0.0272319255530107,,,-25.1663000000001,,-0.00827719923123382,13.0891,-0.410485374532843,-454.5415,-0.0936224940576134,,-0.00827719923123382,-0.153012094313329,,0.209662713713361,-3903,0.140316531379261,0.156985805559941,-0.0110981931881646,0.014297658673085,,483.7117,-0.165212153178486,0.0415626821989687,2.081,0.0510856106031858,
2022-02-28,-3.5248,-2.7444,-0.172774271473548,-66.3765,-3.03379999999993,-0.0948087680124523,,0.288398901339612,0.385234551671105,-0.16969328211732,0.0322916463822658,-0.0805514087517283,-45.0069,44.168,0,-0.181820562019833,-0.10632736735994,-7415,-14262,-0.218564717074981,0,,0,-0.185166717530219,0.136361602618497,-0.173404132409056,-0.101871237073759,-0.365997988390386,,,,-0.0671273920906774,,0.0692129458215378,-169.3419,-0.0332640038774552,0.0432568763950805,0.0562285669118934,-0.0718663185695432,-0.0423693398430323,-0.290186079742402,-0.274811164736659,0.492488043853841,-3.5248,,,-2.7444,-72670,-29092,-66.3765,-3.03399999999999,-0.0943435164875455,,-0.135686209109281,,,-101.0709,,-0.0794651008890277,-11.2197,0.288398901339612,397.0201,0.136361602618497,,-0.0794651008890277,-0.0789386205116607,,0.0692129458215378,-14262,0.113443684739965,0.00731752847087552,-0.11318238369258,-0.148710429894205,,-45.0069,0.0432568763950805,-0.208187935590484,-10.0197,-0.27416367931056,
2022-03-31,9.1611,-3.0244,0.110099749959804,283.467,94.5536,0.113327919232329,,0.0764593110379757,0.0372771986269562,0.108301310649272,0.086827296968802,0.127972934300482,-58.3753,-22.0197,0,-0.021010065678766,0.0821275471498328,9980,18340,0.215257831491234,0,,0,-0.15039535372865,-0.0292764055954819,-0.0220399736288268,0.0454166400996385,0.412212949158927,,,,0.625426001745783,,0.287957286273486,139.3902,0.242380562485276,0.110829548641941,0.224625547127033,0.259493630439079,0.106703128871493,-0.116605029386401,-0.129661119196815,-0.464180396836876,9.1611,,,-3.0244,7570,38300,283.467,94.5536999999999,0.0318108710613156,0.0971629294360206,0.106790850871283,0.0248348885864811,-0.000700594923433329,121.9567,,0.0826812652752587,-7.7015,0.0764593110379757,47.1651000000002,-0.0292764055954819,,0.0826812652752587,0.197418470051844,,0.287957286273486,18340,0.188181739964213,0.0967099591791696,0.106230326137286,0.00231709060490726,,-58.3753,0.110829548641941,-0.203398308284577,10.8844,0.294646544293494,-0.0635858178619184
2022-04-30,16.3208,-2.9546,-0.0136820839447296,-211.7675,-84.6392999999999,-0.0430009229871811,,-0.477198202107628,-0.755662297112077,0.0397123165443167,-0.191957318270671,-0.0742161512694848,-54.1566,45.6162,0,0.0782114217175174,-0.0184155390540006,-6600,-12277,-0.0414949430065583,0,,0,0.0522180764790909,0.109378779410252,0.0366518595398624,0.0134949371264366,0.63369726563961,,,,-0.047756876574474,0.383363405118243,0.00296872404035753,-10.3993,0.0686788597767864,-0.249838487112723,-0.133970651743938,-0.0357301697112584,-0.0336391376599687,-0.0895430527156487,-0.11915411571174,0.752894993902846,16.3208,,,-2.9546,18970,-25477,-211.7675,-84.6392999999999,0.115626701444238,,-0.0498898161863455,,,-47.9092000000001,,0.0011703702641217,2.5438,-0.477198202107628,-683.5481,0.109378779410252,,0.0011703702641217,-0.119519438522754,,0.00296872404035753,-12277,-0.0885023883829534,-0.0824262899184935,-0.0201073398008376,0.0281719754782683,,-54.1566,-0.249838487112723,-0.225493834678074,-3.4971,-0.0855536178717156,
2022-05-31,-7.5029,-3.5598,0.025618429716932,37.6367,97.068,0.0507466836047321,,0.439320893321099,0.258033922503108,0.0591712694951188,0.13711699238088,-0.00820848625065196,-46.5475,38.0507,0,0.0341830516494586,0.612074643290088,3640,-985,-0.571715079964145,0,,0,0.0849142582524522,-0.0998223311871644,0.107581872399169,0.0197078830975324,0.118317053200292,,,,-0.134407295242649,0.622388619338004,-0.18343350964376,46.8048,-0.0437803339741811,0.173594672549346,0.0893188934415852,-0.213853785891061,0.0463328851538258,0.0611115274255307,0.121231214409221,-0.412659297766765,-7.5029,,,-3.5598,150281,6295,37.6367,97.068,0.0307171674698212,,0.0567355267721918,,,56.7601999999999,,0.0701143531922863,4.431,0.439320893321099,178.229400000001,-0.0998223311871644,,0.0701143531922863,0.0762631088918004,,-0.18343350964376,-985,0.0605134180353923,-0.0220477717089889,0.0700382714207155,0.0765249413837772,,-46.5475,0.173594672549346,0.203757611123204,-6.182,-0.171851055088015,
2022-06-30,-7.1506,-2.7325,-0.0497308766228475,232.9733,122.3639,0.0357767235081337,,0.289235365025547,0.491391346859063,-0.0692203513114036,0.106521491212515,0.241376170941554,-28.1088,205.2027,0,0.0539939996490446,-0.752876419783462,-2519,1709,0.470194356333732,0,,0,-0.096062636766082,-0.155345080181116,0.0333600738355155,-0.172490719890553,-0.209223061724033,,,,-0.573998882561482,0.375912781582528,0.435994190869055,-130.9957,-0.107748464855227,0.147655939273939,0.259392525309857,0.497062839247469,0.376184384288119,-0.21139638310332,-0.294093515321323,0.189714186712767,-7.1506,,,-2.7325,-145051,-3329,232.9733,122.3639,-0.15295288360148,0.407542183575394,-0.0135447921232803,0.146335578025106,0.0263438706851638,41.7832000000001,,0.046589111518859,-4.9853000000001,0.289235365025547,497.304299999999,-0.155345080181116,,0.046589111518859,0.125664599045661,,0.435994190869055,1709,0.064594124573877,-0.0966251352618395,-0.00437720785010853,-0.0326660656084838,,-28.1088,0.147655939273939,0.0806163738622994,-13.0087,-0.501792775092402,0.00902096583624079
2022-07-31,17.611,-2.9338,0.103723786936346,-120.260999999999,-114.5456,0.0739346041895423,,-0.276933126844256,-0.397672249085338,0.125302794879715,-0.0400408218407282,0.0500515197256766,-27.1022,152.5762,4766387,0.020844841340141,0.186006847001602,2974,9036,0.166268706641011,1398151.59,,6.6731,0.184659535723563,0.0357231803598816,0.0512178136057244,0.202877474889894,-0.0444366604022379,,,,0.0292189743442406,0.168427132486362,0.101693711765777,155.8827,0.0498504558374249,-0.063160189313523,0.0183750636058448,-0.0753411828316342,0.0516636434311724,0.368538559158754,0.369441832609747,0.00945946327910563,17.611,,,-2.9338,36210,14984,-120.260999999999,-114.5456,-0.342467459738842,,0.0638886316886111,,,91.2321999999999,,0.06507050285283,10.0276000000001,-0.276933126844256,-420.3084,0.0357231803598816,,0.06507050285283,-0.0688093914712464,,0.101693711765777,9036,-0.0989866545336335,-0.159679851580969,0.0815824481829122,0.098962280042441,,-27.1022,-0.063160189313523,0.0965930734221581,0.278600000000001,0.0138651004934141,
2022-08-31,-11.1183,-3.5322,-0.063359833606329,18.807899999999,70.1261000000001,0.00715413097031803,,0.343293346414411,0.351595579565103,-0.0223367128392393,0.0108395475112193,-0.0109916011744922,-26.1196,291.8857,204266,-0.0325663456021577,-0.0412473848559056,-3384,-34912,-0.0143692637868718,-2381.98999999999,,0.1212,-0.38260625753823,-0.210880471127974,-0.0224518836217582,-0.0303001134242589,-0.18757069296747,,,,-0.028871742844184,-0.464065842067809,0.0689759643491588,-0.79200000000003,-0.0836520216204941,0.0529217429041218,0.0517815099403309,0.177000659279865,0.0672186171091402,-0.644011944250644,-0.737214928553252,0.0991498666467245,-11.1183,,,-3.5322,-17490,-41680,18.807899999999,70.1261000000001,0.230592801741746,,-0.0204273694221371,,,9.19110000000001,,0.0191252657736136,-18.907,0.343293346414411,362.6248,-0.210880471127974,,0.0191252657736136,0.04655807685333,,0.0689759643491588,-34912,-0.0966001458912453,-0.0992140909471839,-0.0162128935608408,-0.0250453881138659,,-26.1196,0.0529217429041218,-0.179274535139216,-2.0968,-0.109373177825042,
2022-09-30,-5.0423,-4.6454,-0.0874463895397124,226.1431,33.6928,-0.0879140377116956,,-0.102843591638837,-0.146511749503686,-0.0412419177425747,-0.189885178163222,-0.330023621573483,-27.6005,242.8754,6583802,-0.0412971812981429,-0.0410376195296891,-54185,7262,-0.0351002337658937,6624476.4,,34.8895,0.0133363062878198,-0.167611780528019,-0.0487360161400421,0.0006213098708443,0.0912290930199129,,,,0.347094001797245,0.244874116497342,-0.505003382429694,-55.0465,-0.0192944676625939,-0.206674041205338,-0.433526769348787,-0.385340265459551,-0.518598027398435,0.144707107771431,0.307335498282161,-0.173637408288524,-5.0423,,,-4.6454,-19500,-101108,226.1431,33.6928,0.303841548585435,0.219586489632043,-0.0894185654270867,0.0871983821414783,0.0103752702157038,-108.5103,34.8895,-0.104201948254198,0.544600000000003,-0.102843591638837,-166.7146,-0.167611780528019,,-0.104201948254198,0.0699793559546311,,-0.505003382429694,7262,-0.0890418345400112,0.0236589743166471,-0.0967719959023423,-0.0321980454240576,,-27.6005,-0.206674041205338,-0.0167135846666442,1.9785,0.103506343696024,-0.00480416973629261
2022-10-31,-0.2439,-3.7561,0.0162309852935429,-315.982500000001,-95.3657000000001,-0.00902873555973027,,-0.235846941296781,0.155886087657116,-0.0918927670028999,0.196693128034623,-0.227701684706325,-35.7246,239.8035,11124551,-0.182417727931226,0.0206802966746658,49732,17586,-0.0207754800096076,-2695503.07,,-16.7758,-0.108642295213395,0.189004621201518,-0.183430425457693,0.00565634684858463,-0.344272815703705,,,,-0.171770341371703,-0.527669894718418,-0.342272593346995,23.7818000000001,0.039500625149731,0.217104856086723,-0.147714688992928,-0.49686243091662,-0.248855858652357,0.23776307483263,0.00873054084888558,-1.35825289667933,-0.2439,,,-3.7561,-47290,117050,-315.982500000001,-95.3657000000001,0.131495223239281,,-0.0113736612006328,,,-10.6133,-16.7758,-0.0286688619392077,-4.2321,-0.235846941296781,178.2361,0.189004621201518,,-0.0286688619392077,-0.127804393069106,,-0.342272593346995,17586,0.0316447572144432,0.0369164050941881,-0.0273768359973214,-0.114940908838345,,-35.7246,0.217104856086723,-0.302702698188341,5.0536,0.224060530038095,
2022-11-30,15.0596,-3.2287,-0.0262620593588441,-91.388499999999,-33.6644,-0.0635115523266743,,-0.504084583313364,-0.554551156281445,0.0081808616501613,-0.142668489492884,0.00368118660242445,-27.6277,95.3202999999999,17402086,0.150379170723195,-0.0571494046345222,-11250,-13184,-0.10633475848684,645274.45,,4.1016,-0.146438927966252,-0.316341222760349,0.135069316190965,-0.0753948814127439,0.12580060066796,,,,0.405580890780483,0.132770931145309,-0.000282233029591517,-87.8791000000001,0.0266315071432315,-0.136813140911439,0.113241348098085,-0.252243198798481,0.0986494825911448,-0.159680828259267,-0.0450350734239904,1.29848153698849,15.0596,,,-3.2287,31990,-35684,-91.388499999999,-33.6644,-0.000962147690258597,,-0.0648368869644358,,,-72.0105000000001,4.1016,-0.0652246085792427,-5.0234,-0.50408457624251,-525.62,-0.316341222760349,,-0.0652246085792427,-0.0721725336748014,,-0.000282233029591517,-13184,-0.021716380017109,-0.00268244736783529,-0.026965226261801,0.0593502824123586,,-27.6277,-0.136813140911439,-0.299599194972409,-5.4303,-0.242958690753872,
2022-12-31,-4.2535,-4.482,0.0211947077602481,255.3759,-13.4611,0.0197542721937536,,-0.0308017654388522,-0.284927027368944,-0.00363821787562824,-0.11716018864377,-0.166193465575834,-25.068,120.5222,50108,0.0700057363153128,0.070470723426288,-26185,1748,0.036119364133917,-5966804.09,,-29.0096,0.247264094939082,-0.104483535810732,0.0387521678659102,0.0426546924626301,-0.161656038214415,,,,-0.0450584123109512,0.354369156896665,-0.403535418294073,3.31150000000105,-0.144234594002742,-0.136759548932842,-0.436753268653758,0.0364724208270784,-0.868488273245292,0.151536479108963,0.259756243484268,0.209304270062503,-4.2535,,,-4.482,32580,-50622,255.3759,-13.4611,0.0512393215639459,0.103089691082808,0.0177722239785769,0.0618018579628341,0.00657309951550467,21.9097000000002,-29.0096,-0.0307554644596024,8.9353999999999,-0.0308017889167953,-175.828999999999,-0.104483535810732,,-0.0307554644596024,0.100574915309333,,-0.403535418294073,1748,-0.131181951493684,-0.0966382852360708,-0.0397372771484754,0.0400643018268427,,-25.068,-0.136759548932842,0.178492338477508,-2.2874,-0.123122556513497,-0.0308377748401991
2023-01-31,-20.1615,37.4151,-0.0225730232034511,-262.1595,-49.6185,0.0277007228412662,,-0.496475879557698,-0.519126301499598,0.00357504712367351,0.0243532011480925,0.421755208677363,444.2671,-1265.1901,8450252,0.0240002372395871,-0.0588945420704086,24327,-15142,-0.10094946492009,8900.71000000089,,0,0.0373767807001033,-0.0992700415530523,0.0179234318534522,-0.0792554470287952,0.368810345585998,,,,0.0268893188059813,0.308610243482062,0.704898394568826,-70.551700000001,0.126858315867722,0.0268670177725419,0.643019137758797,0.418070579232921,1.05406286383066,0.0514394178001023,-0.0545757829900593,-0.090535121048007,-20.1615,,,37.4151,-1800,33512,-262.1595,-49.6185,-0.307367177918857,,-0.0458302191522897,,,31.4613999999999,0,0.0315094717662028,1.5534000000001,-0.496475860155549,-215.988100000001,-0.0992700415530523,,0.0315094717662028,-0.132040837243061,,0.704898394568826,-15142,0.0392688490891739,0.161038544327341,0.0254657368455309,-0.0137499953442983,,444.2671,0.0268670177725419,0.280798217946209,-6.188,-0.437653668261473,
2023-02-28,-2.4564,-3.0932,-0.0795133510359509,-25.1141,-33.3633,-0.0734616958752028,,0.306234459413776,0.224438366190502,-0.105109097266607,0.0611687851699392,-0.240038268295247,-21.442,187.1123,-9583969,-0.0529089765542174,-0.0546334134825308,2287,22306,-0.294308055033731,11667623.99,,60.1038,0.193219920272836,-0.134162712205196,-0.0526411996591438,-0.0288558869810815,-0.184616597919228,,,6.361106935922,-0.0250976863021832,0.0930905513135523,-0.65790293760885,-167.7368,-0.116624036289073,0.0648687730334911,-0.48610844268826,-0.351827993766569,-0.695133069845227,0.319923572260784,0.331813841281468,-0.274520900063968,-2.4564,,,-3.0932,-24940,26880,-25.1141,-33.3633,0.330302603404134,,-0.0614606148139565,,,-81.5633,,-0.0552148370822696,9.0252,0.30623445421371,79.8562,-0.134162712205196,,-0.0552148370822696,-0.0208181895962172,,-0.65790293760885,22306,-0.00482509983175738,0.0632877392359186,-0.073397753896641,-0.045080060606149,,-21.442,0.0648687730334911,0.0793345401398313,3.2871,0.255941388531052,
2023-03-31,13.3751,-2.7874,0.0233071658661732,259.1487,167.4243,0.0958707697838852,,-0.162341558336891,-0.444459285150392,0.13242710106238,0.049644424068739,0.379524918518503,-17.2108,134.8809,5887751,-0.0100403470780162,0.113334489856221,5004,5451,-0.0380367959732144,17706171.72,,103.4944,-0.338554715269158,0.352003411358838,0.0365093059863355,0.0657271813840845,0.802427202046093,,,2.41567453695691,-0.103885945656601,-0.285964134290062,0.671043980423806,-50.7752,0.43983015339813,0.0487001128279294,0.816571636673979,0.358631801835767,0.69481811251934,-0.603631610600756,-0.45538051839676,0.448372714191804,13.3751,,,-2.7874,14660,15459,259.1487,167.4243,-0.058927248756909,-0.200331614504469,0.0136756234354447,-0.0569495430122497,0.0337615342100825,107.6601,,0.111588243825242,-14.7527,-0.162341556131885,-142.5359,0.352003411358838,,0.111588243825242,0.187621025565973,,0.671043980423806,5451,-0.0521209772412821,-0.143935568230042,0.131288845918652,0.0459661387683425,,-17.2108,0.0487001128279294,0.0608387422352819,-2.0119,-0.148755565492814,-0.122401604802485
2023-04-30,-2.1713,-2.7895,0.0387845520384307,-86.2936,-91.2893,-0.0800895176515599,,-0.968465337930224,-0.216850696385434,0.0244642322884223,-0.1670028259486,-0.000681987087655322,-19.2628,104.3641,-2079799,0.000787579354724954,-0.109738263366149,-13254,-7797,0.327546941286986,-1330396.71,,-12.8332,0.0401555901796358,0.303301687482331,-0.0440929272404116,-0.137298698385345,-0.159510921407662,,,0.793339581272078,-0.314994514876194,0.0754371163354572,-0.0784618812352003,199.2403,0.0114984692072562,-0.218033311838203,-0.0413283580712509,0.089706855713291,-0.156295024416675,0.124208117037367,0.0513166655345354,0.0587053198016072,-2.1713,,,-2.7895,-16950,-34305,-86.2936,-91.2893,-0.164968681688825,,0.00872349139706685,,,-90.6402,,-0.0297131250477758,1.5002,-0.968465337930224,-49.6516,0.303301687482331,,-0.0297131250477758,-0.109371502999482,,-0.0784618812352003,-7797,0.0677181740549502,-0.0970621552426083,-0.0209760086720134,-0.0736138231521091,,-19.2628,-0.218033311838203,-0.124446917918356,0.8268,0.063832817467929,
2023-05-31,-6.3527,-2.9051,0.0462213163426295,-184.0072,88.6020000000001,0.0802662931247546,,0.0494917796348826,-0.0428719920724063,0.0743959258713058,0.0536365897825535,0.0377462603104135,-10.6123,115.871,928276,0.0922837964550425,-0.323953004497467,16614,-291,0.129142037681516,2619896,,14.1454,-0.177294700423436,-0.287212458929825,0.0954758077398932,-0.263560444782344,0.133714626565234,,,0.459778860739579,0.195027861219882,-0.263828245223079,0.1260233728798,130.9882,-0.0415558919593657,0.0955674978246144,0.137144468998663,0.164788194097873,-0.122314131192687,-0.445195102830146,-0.570418267113145,-0.257273701293203,-6.3527,,,-2.9051,-11660,32937,-184.0072,88.6020000000001,0.170756242334483,,0.0462577841905798,,,90.8484000000001,,0.0690750107668681,-6.1924,0.0494917796348826,-8.6046,-0.287212458929825,,0.0690750107668681,0.0152882230385991,,0.1260233728798,-291,-0.10403863839991,-0.276245333031866,0.0651327014695156,-0.00160451890421065,,-10.6123,0.0955674978246144,-0.168329985820134,-5.95650000000001,-0.589590564357973,
2023-06-30,16.8827,-2.586,0.0476921360892995,322.380100000001,46.2473,0.0257889631824932,,0.398728234058449,0.572114888723622,0.0190952459567635,0.134130906980552,-0.178748436106543,-17.1242,42.7198,-339664,-0.0696066594145979,0.371824097490885,-1844,15065,0.0101605378572884,-653637,,1.52349999999998,0.379624314284956,0.49356076727203,-0.0672877899770654,0.386898432309384,0.0330153384038958,,,0.254731699344217,-0.147650023910392,0.346630753323324,-0.422828086124794,10.3720000000001,-0.0122014298904416,0.0991247030873561,-0.357422618112251,-0.296561644404408,-0.214267372839752,0.633441372111863,0.717291785133526,-0.216657835854427,16.8827,,,-2.5513,25890,11377,322.380100000001,46.2473,-0.640551898496967,0.268664833401365,0.0552090895578949,0.0814827950604649,-0.0201674924700761,30.7710999999999,,0.0133482655430388,14.7397,0.398728234058449,151.6483,0.49356076727203,,0.0133390027879372,0.0904211271102966,,-0.422828086124794,15065,-0.0106242699202292,-0.13891089337682,0.0353220677946275,0.0599493476019903,,-17.1242,0.100612277728009,0.394653095313705,4.21120000000001,0.449731773141158,0.0472201858772916
2023-07-31,-8.2456,-3.9516,-0.000697875059874065,-80.799100000002,-8.7704,0.0981712558509766,,0.833922127897843,0.741997372708343,0.0803567265496739,-0.0169484853848187,0.511146431325959,-15.2737,174.4651,4293020,0.096280439492185,0.0800931750159819,-39331,-5884,0.000828041168677629,-3778307,,-25.6071,-0.149154832633887,-0.229694897490476,0.0958464797141501,0.0866229450143745,-0.133044756243147,,,0.44321756055889,-0.0141451759300515,-0.426361221871959,0.918884130578236,4.10949999999991,-0.0180602688707734,0.00791666712872896,0.618796035756841,0.790477493083253,0.886486886591295,-0.682199451783559,-0.750685478044063,0.548635972563118,-8.2456,,,-3.9863,44350,-84546,-80.799100000002,-8.7704,0.0349472616792337,,0.0315010915039604,,,124.6733,,0.119820213408286,-6.46570000000001,0.833922127897843,382.9332,-0.229694897490476,,0.119837692895512,0.0134159496034627,,0.918884130578236,-5884,0.0671219635511395,0.172625816955099,0.0884540591724114,0.0928369968058069,,-15.2737,0.00495105797360917,-0.0896790933428975,-0.878599999999999,-0.0785751825745056,
2023-08-31,12.2217,-3.5875,-0.0797467817209281,26.4207000000009,49.4318999999999,0.0482491634622839,,0.510262920175748,0.402018660022445,-0.0344523908031729,0.021262187340362,-0.0401423259385725,-16.0871,376.7215,445334,-0.0874703747497687,-0.00393816058147678,-38581,7508,-0.0309444030270143,6764634,,40.8425,0.0856074885883817,-0.234097306607884,-0.0738968678257281,0.0097655463769124,-0.27575626248551,,,0.417391635032384,-0.2065240920078,0.298509519284481,-0.271051134079371,-28.9485,0.00899062749497537,0.0335641869053758,0.0623489771135546,-0.375119512263016,-0.221112612421748,0.507891799987787,0.471448905277268,-0.128573047127773,12.2217,,,-3.5875,-29300,-69654,26.4207000000009,49.4318999999999,-0.0812488108764979,,-0.035809207281936,,,65.9085,,0.0283916451955477,3.5927,0.510262920175748,361.7346,-0.234097306607884,,0.0283834284634228,0.0415120025059625,,-0.271051134079371,7508,0.0710714421791936,0.15781686820767,-0.0200668416768011,-0.0459085942637421,,-16.0871,0.0350422214198431,0.113679909499536,0.741099999999999,0.0666784689086155,
2023-09-30,-5.9996,-4.4158,-0.0322825382474221,187.9121,-4.39629999999897,-0.160253070155817,,-0.90526405133204,-1.0008871883529,-0.0625841919537571,-0.248706527240421,-0.112307781193617,-12.8476,170.1459,-6165720,0.00414725560426632,-0.206726432423983,17190,-7682,-0.021596015674568,-991574,,-5.5334,-0.121578271605151,0.153364022255245,0.00513875757307236,-0.256264225061243,0.0664264607666167,,,0.290554792211275,0.12106751026138,0.0112274253420952,-0.680405969675054,-9.23379999999997,-0.125671857620393,-0.288282474237421,-0.0366027959165267,-0.413995101101659,-0.384213033749038,0.113961849311113,0.204426172195594,-0.990717255546002,-5.9996,,,-4.4158,-30030,26698,187.9121,-4.39629999999897,0.0920863029609178,-0.151291675794132,-0.0902366126790959,0.0739022164179204,0.0210968912455609,-207.1854,,-0.148965072199992,-5.01289999999999,-0.90526405133204,-691.1056,0.153364022255245,,-0.148965072199992,-0.00295311467740156,,-0.680405969675054,-7682,0.0889474860164965,0.0834740545887787,-0.104773441400388,-0.0772709316423636,,-12.8476,-0.288282474237421,-0.0165323444792527,-2.7691,-0.275776757930106,0.00207719445817389
2023-10-31,-2.2908,-2.6831,0.0633561864858123,-321.866399999999,-64.242800000001,0.0259221997588703,,0.0248911721094665,0.587388194534944,-0.0210579344948085,0.210127599476964,-0.119059871934317,-26.5839,148.1379,-9262215,-0.124413886217827,0.198232350819881,59087,7158,-0.0249639646535904,112230,,-0.17519999999999,0.321102736809206,-0.147001500712226,-0.107444730376473,0.206666638418372,-0.103549117656999,,,0.195976651262014,0.283938030102702,0.205779451555291,-0.0497314849402288,-27.352099999999,-0.0380712929948932,0.235029236245664,-0.206315282891391,-0.357908510184616,-0.13345631918459,0.306880563889707,0.387270725287223,0.0457021534808553,-2.2908,,,-2.6831,-6890,125332,-321.866399999999,-64.242800000001,0.191802311879785,,0.062090209569293,,,31.3041999999998,-0.17519999999999,0.00760606497451555,14.6825,0.0248911721094665,321.0267,-0.147001500712226,,0.00760606497451555,-0.106624503390515,,-0.0497330358387806,7158,-0.0335050785573978,-0.0536834064414551,0.017311639628975,-0.006593908002821,,-26.5839,0.235029236245664,0.192090508683684,11.1007,0.821101185611651,
2023-11-30,-18.1068,-2.8413,-0.0956227472195135,-52.807000000001,-64.9153,-0.080133876108059,,-0.405070373292446,-0.912070334592565,-0.0772346763820559,-0.121787940464534,-0.0183292110187026,-27.1721,157.196,-1497004.5153,-0.0579140279966683,-0.142540085636506,-9582,-4713,-0.10472739323189,-4671129,,-28.5078,-0.315660616490282,0.395225169165887,-0.0561318646486164,-0.1254920381395,0.0341801825682015,4.67060674127227,,0.177836304070702,-0.0166030169948681,-0.210294420501359,0.137865082773864,-83.190200000001,-0.0491849872390184,-0.149237972367353,0.0489134089326422,0.213951259563728,0.107028101945129,-0.476257975114428,-0.501485042208521,0.513630963468859,-18.1068,,,-2.8413,-37730,-23877,-52.807000000001,-64.9153,0.072151411462305,,-0.10696921303559,,,-94.2060999999999,-28.5078,-0.0817904995510172,-14.4709,-0.405070373292446,-432.3795,0.395225169165887,,-0.0817904995510172,-0.07175587039589,,0.137867984838438,-4713,-0.0889883687959543,0.0111546053401774,-0.0870625009325021,-0.0802681957178546,,-27.1721,-0.149237972367353,-0.188082959708602,-0.4132,-0.0210671494250958,
2023-12-31,-4.80090000000001,-3.2326,0.0764525078503677,200.444100000001,56.417200000001,0.0463985033247321,,0.520524050092089,0.360485229430482,0.067730605394825,0.0264767992860184,-0.0897479259462433,-30.7647,106.1742,3474644.5153,0.0909417595784188,0.123128246961175,9125,-16064,0.10020348691107,211736.07,,0.526800000000009,-0.298912494249262,-0.450314970819338,0.0989516047145784,0.0927945623671214,-0.0741436478934538,2.34190261952386,,0.135252461037702,0.0297213289659499,-0.043193891521474,-0.231724365540203,80.7334000000001,-0.133362579410122,0.0846279120588518,-0.0617079214596687,-0.160084212298383,0.000839037952427013,-0.162065779479975,-0.222503230268259,0.108104184679141,-4.80090000000001,,,-3.2326,43860,2186,200.444100000001,56.417200000001,0.149602174666926,0.228951160118177,0.093315522364934,0.121131081312049,0.0393322708494956,53.6245999999999,0.526800000000009,0.0283249450290963,-10.0735,0.520524050092089,125.9934,-0.450314970819338,,0.0283249450290963,0.122231645421447,,-0.231725716706226,-16064,-0.0658954145376489,0.0895963119592631,0.0452605385208447,0.0968615678336588,,-30.7647,0.0846279120588518,-0.238289519589038,2.3829,0.115809353067315,-0.0104818116311538
2024-01-31,3.70080000000001,35.4528,-0.0244272343456906,-223.193200000001,-79.151700000001,0.0137627882410598,,-0.161018679180568,-0.550085669815421,0.00532565503809401,-0.010370842689154,0.144851264151328,196.9308,-1811.2587,6586913,0.0240094806824303,-0.0269424462132513,1317,-18585,-0.0218921951410973,2237321.93,,10.3825,0.552387656277769,0.0569601374183533,0.00843434964882483,-0.000535067429456859,-0.157208003963416,0.510249108200993,,-2.03068923663137,0.103326739888152,0.175653267923447,0.141451732617681,-14.5525,0.0317656144472145,-0.0496442518274289,-0.00461638585424584,0.309056245051701,0.0571184756110705,0.505096513025804,0.631825489335062,-0.0815258951242339,3.70080000000001,,,35.4528,2640,-15951,-223.193200000001,-79.151700000001,-0.165150785393495,,-0.0305509246423146,,,16.3906000000002,10.3825,-0.00577872815122582,21.3213,-0.161018682052745,-176.1296,0.0569601374183533,,-0.00577872815122582,-0.114240834534431,,0.141451732617681,-18585,0.0299803715746707,-0.0342163525667187,0.0137815772156458,0.00540483023636895,,196.9308,-0.0496442518274289,0.537753459336201,1.4489,0.0643750190955825,
2024-02-29,1.8327,-3.2912,-0.106930815156197,-30.6694,-30.5318,-0.0695144124651836,,-0.0190090121327504,0.0446134208571767,-0.125984496325919,-0.0130485769251196,0.17484990031239,-34.3832,79.9275,-2992191,-0.0909845697051761,-0.159936186560769,-8708,12890,-0.162071532659049,-28235765,,-148.2527,0.138533234807264,0.0561315663788777,-0.0800896290973512,-0.178083982616046,0.0765163032118412,0.874831593898177,,0.813981411335186,0.326717131532403,0.275566267977443,0.509034950799551,-134.5526,0.126429712987946,-0.0353279786686338,0.147424495758068,0.319414721328199,0.28971689115071,0.149139530815857,0.0464485534406935,0.139423477836427,1.8327,,,-3.2912,-49050,-4526,-30.6694,-30.5318,-0.297799900570472,,-0.103156806181621,,,-80.5269000000001,-148.2527,-0.0612361791023766,7.4644,-0.0190090063332775,10.9567,0.0561315663788777,,-0.0612361791023766,-0.0759380946145365,,0.509034950799551,12890,0.0431540370142631,0.0197443199581846,-0.0730980972755173,-0.112029353642026,,-34.3832,-0.0353279786686338,0.208298533650119,1.1958,0.0501756015746886,
2024-03-31,-1.4888,-3.9959,0.0667667887429033,263.8392,110.3282,0.062754762713201,,-0.813156534816251,0.399258319138237,0.0943117672826359,-0.091533458346551,-0.179498434662136,-38.9128,252.5999,2577425,0.141173363109626,0.0895971699824099,-9686,-3141,0.0464963037369479,20597552,,105.6555,0.0232679181002817,0.369776106547353,0.123195665074176,0.053238467776386,0.0655683641958342,0.792880454525007,,0.359859465912235,0.0603392812968249,-0.165629247135169,-0.250423786905071,20.4717999999999,0.108410796010948,-0.153371736448222,-0.186930399837545,-0.270089098132921,-0.442411165758288,-0.0176972380775506,-0.079174826546526,0.501925791343384,-1.4888,,,-3.9959,53400,-22513,263.8392,110.3282,0.401550885168947,-0.0353273955539475,0.040685716015604,-0.0377391713898181,-0.0175556330605335,72.4484,105.6555,0.0765596912692796,1.3583,-0.813156537743547,123.2249,0.369776106547353,,0.0765596912692796,0.191612145680469,,-0.250423786905071,-3141,0.0206713495394171,-0.0468712381788228,0.0292915506529159,0.101666469568952,,-38.9128,-0.153371736448222,-0.116508248037813,2.9701,0.114711709676479,0.0293667797510366
2024-04-30,3.3689,-3.276,-0.120937261113474,-218.35,-80.6718000000001,-0.0671345335676623,,0.303708531473459,-0.465934300101979,-0.0842134473829388,-0.0477990663074834,0.115991109324719,-36.0852,267.7564,-5460224,0.00210944985420269,-0.0294998958044044,6180,-3853,-0.489253311635137,7648839,,45.5465,-0.194985926406491,-0.03761263849914,-0.0318248794133122,-0.00889723528538067,0.159089243857177,0.417585009203984,2.36983915910904,0.28586563636221,-0.309074675885112,-0.261394662444073,0.129416927975571,-243.7198,0.0510355613930455,-0.0378892843500198,0.200263041377295,0.205623825395453,0.234027340585278,-0.222173422669437,-0.244268716742045,-0.384082285592467,3.3689,,,-3.276,-3650,8507,-218.35,-80.6718000000001,-0.337868835312738,,-0.111161938945939,,,-77.337,45.5465,-0.048299128820835,-10.4624,0.303708531473459,-139.422,-0.03761263849914,,-0.048299128820835,-0.159652693824912,,0.129416927975571,-3853,0.0517033641036866,-0.0358618743918155,-0.0571904326762116,-0.0248836133073569,,-36.0852,-0.0378892843500198,-0.225800456702367,-1.6351,-0.0615176397491446,
2024-05-31,7.195,-3.1632,-0.0157598873121696,18.1605999999999,117.8793,0.091211819077218,,0.492957776411851,0.55931605888143,0.0604497752219695,0.225338884498769,0.223907811787964,-44.1863,303.4086,8240429,-0.00123347179784261,0.0456429508220548,14876,-4605,-0.21838668492668,2864219,,18.1888,0.139622629454268,0.170067870875538,0.0376285825776073,0.0764987272234752,0.0445936712515431,0.501517410450491,0.953090944858006,0.281866124441376,-0.370244297260563,0.126006987004482,0.361017662406863,-64.5539,0.0310627891252917,0.247854910867693,0.201421560514222,0.361599370135781,0.36561517874116,-0.04229210236613,0.0535401411842007,0.272920991492721,7.195,,,-3.1632,6330,25147,18.1605999999999,117.8793,0.0224015950219778,,0.00321467901324723,,,106.3628,18.1888,0.11393231181045,7.2816,0.492957776411851,176.0623,0.170067870875538,,0.11393231181045,0.091903372991065,,0.361017662406863,-4605,-0.0922748541425618,-0.14423354956654,0.113945378583441,0.0496515780839699,,-44.1863,0.247854910867693,0.184209235747212,0.982800000000001,0.0374278309899205,
2024-06-30,-5.656,-3.0134,0.0391817701969686,244.6921,-17.6181,-0.0462586186830531,,-0.0245289486696869,-0.060600122528613,0.0138883976666566,-0.0467501328101649,-0.0308313155728639,-42.5986,202.7319,-3226530,-0.0341763337989232,-0.065522812460836,-1743,3672,0.338942127794088,-10526303,,-58.8607,0.0474841607821102,-0.269130980382128,-0.0306273885228707,-0.0261510879730755,0.0656464374082866,0.291699831500473,0.520727835534426,0.218292641999722,0.117044266755706,0.146136505084209,-0.0315709343969974,120.5482,-0.0461913090571073,-0.0338326943569998,-0.0433277948582722,-0.0734992186312979,-0.0428503800252145,0.0636597187022958,0.183343591647355,-0.408777065520604,-5.656,,,-3.0134,-19940,186,244.6921,-17.6181,-0.112552177054328,0.0256139513365188,0.0362524194085161,-0.0108821313380787,-0.0371320391953471,-55.1545000000001,-58.8607,-0.0315878652496302,2.7173,-0.0245289486696869,-24.1656,-0.269130980382128,,-0.0315878652496302,0.0534717627910366,,-0.0315709343969974,3672,0.00534029636903899,0.074814783694956,-0.00583505737975365,-0.0292220271927741,,-42.5986,-0.0338326943569998,0.2157527736988,-8.5143,-0.383100906410041,-0.0474179307558522
2024-07-31,-3.3367,-3.468,0.142944386063407,-146.2649,84.3165,0.193834012969283,,0.837080641300346,0.924665518743362,0.132082729789738,0.27489086704376,0.138559446758458,-47.3504,309.9411,4914561,-0.0327879282838488,0.0620401937166015,7952,16613,0.434122980466213,11860638,,70.6511,-0.162651051936513,0.273757855598886,-0.0272714878311229,0.0323190675020735,-0.334889348231887,0.267772156976162,0.272211366669174,0.220366531763165,-0.0495380261995533,-0.343127421797527,0.249193134100082,256.892,-0.00542563102360782,0.317115584125027,0.193910469111923,0.193715418651391,0.269576497252961,-0.375887128953041,-0.399801868583016,0.445447117888572,-3.3367,,,-3.468,-630,32517,-146.2649,84.3165,0.203208466884053,,0.186454055042203,,,249.1752,70.6511,0.17997188110526,-8.7958,0.837080641300346,588.3487,0.273757855598886,,0.17997188110526,0.0721286873158657,,0.249193134100082,16613,0.0326435580729436,0.085679286743364,0.163242590501751,-0.00814841174469194,,-47.3504,0.317115584125027,-0.297663973136464,2.7515,0.140509951957583,
2024-08-31,-0.9549,-2.7794,0.131836374623461,215.8703,-13.8613,-0.00238007145940777,,-0.817788106306276,-0.63573439052645,0.0625552480667944,-0.128121409125442,-0.0465807355426646,-28.3498,290.1542,-75422,0.0882384975695878,0.105246442993415,7076.28,17107,0.182263593586937,497804,,1.71370000000002,-0.071189100586488,-0.457723203686243,0.0722288678568317,0.0883203355237301,-0.147258938278458,0.171318033217692,0.187500611341162,0.166317762503762,-0.000243712289678122,-0.0216009323641506,-0.0354103083184443,138.0783,-0.0669534213665903,-0.110330600347345,-0.0347920993037105,-0.0639298523663072,-0.0266898171687657,-0.0255573632306731,-0.119130372263365,-0.100367456684504,-0.9549,,,-2.7794,43340,31259.56,215.8703,-13.8613,0.132604564866093,,0.0784163348153388,,,-3.36169999999993,1.71370000000002,0.00833543071200005,-3.4219,-0.817788106306276,-458.7672,-0.457723203686243,,0.00833543071200005,0.068347104777839,,-0.0354103083184443,17107,-0.0532304184357058,-0.0127272768427646,0.00887058726048018,0.0775261590072089,,-28.3498,-0.110330600347345,-0.000102863461703517,-7.9855,-0.478744831550185,
2024-09-30,1.0932,-3.2435,-0.126513672348073,-101.246700000001,-205.219700000001,-0.11116584419279,,-0.15044760752026,-0.353906633801272,-0.143779744457193,-0.0920332736236951,-0.196843995096446,-32.4502,310.9573,-2221157,-0.276882141761096,-0.0533649803727982,-981.460000000094,-14988,-0.0378456407773538,-1356576,,-8.3818,-0.114119301597011,0.0748405259575349,-0.261525052679505,-0.0426347143079564,0.0667885813256328,0.10509906835373,0.154459738826634,0.115929078727876,-0.236181225781013,0.023267175482887,-0.511679700576964,-42.3783,-0.0502864809809922,-0.102539589623291,-0.193513297022638,-0.457358808552844,0.0266898171687657,0.198402436408136,0.11573627867064,-0.0734066891150407,1.0932,,,-3.2435,-85120,-16950.92,-101.246700000001,-205.219700000001,-0.00588042050848347,0.11912986747633,-0.12743145498523,0.0489411432191922,-0.0140435188669645,-148.4252,-8.3818,-0.12490946965063,-5.0017,-0.15044760752026,-153.9156,0.0748405259575349,,-0.12490946965063,-0.143906150787621,,-0.511679700576964,-14988,-0.0819388065119737,0.0249325472206534,-0.137464838983503,-0.183649277812928,,-32.4502,-0.102539589623291,-0.142905016537576,-4.84690000000002,-0.466336305801646,0.100587875391312
2024-10-31,-2.87549999999999,-2.6741,0.0332288319898915,-393.809199999998,-295.719399999999,0.408879873713286,,-0.142526742891766,0.361728329357847,0.015509701730501,0.0287568637448947,-0.28201393623027,-39.4214,270.5903,1243993,0.180676441870343,-0.0414169722815743,-6675.81999999991,8375,-0.0534783726764392,543914,,-0.778800000000018,0.0766469744934022,0.111919454481503,0.140851009532748,-0.0606626525442397,-0.0611150156997464,0.162437108461766,0.160498443378466,0.0785730002196541,0.414789095139274,0.123024538499594,-0.300007634064001,-27.8798,-0.040380814557254,0.0217429421569211,-0.307809774084656,-0.337695267132381,-0.891799595549611,0.00193087220491739,0.16691746075099,0.245427944603498,-2.87549999999999,,,-2.6741,41060,-4976.64000000001,-393.809199999998,-295.719399999999,0.334946479837844,,0.0279859453835023,,,637.6425,-0.778800000000018,-0.0187695638819267,3.2959999999999,-0.142526742891766,157.9705,0.111919454481503,,-0.0187695638819267,0.0106281761918838,,-0.300007634064001,8375,0.0154150689237431,0.140163344928275,-0.00734194317769088,0.0687600120730592,,-39.4214,0.0217429421569211,-0.0396711728345198,0.93090000000004,0.108057358878292,
2024-11-30,0.91279999999999,-3.3526,-0.0351349912200085,-173.247800000001,-70.6314,0.134325673625041,,0.518479403178743,0.0754664296769549,-0.0285809700657511,-0.0679257383632654,-0.285570898405244,-56.4743,233.9686,-5558652,0.082877093894993,0.0838306466635199,-42692,793,-0.101334024892138,2407310,,19.9207,-0.21869646390314,0.398540413859415,0.102987548423695,0.0865424694768322,-0.471925052249189,0.0808744100095851,0.14506314890972,0.0447597466698628,-0.0441144208858422,-0.33103882108299,-0.564003405120713,-55.0349,-0.177829700945822,-0.101788288526555,-0.379297683077813,-0.320067622761199,-0.147319377968596,0.128189457418655,-0.0193545413982816,-0.625013728026496,0.91279999999999,,,-3.3526,38060,-84591,-173.247800000001,-70.6314,0.155932700401564,,-0.014416005228524,,,273.1502,19.9207,-0.0651785400658564,-8.7749999999998,0.518479403178743,40.7963,0.398540413859415,,-0.0651785400658564,0.0260802467730752,,-0.564003405120713,793,-0.0169529243017834,-0.0321447680889717,-0.0536173618605726,0.097511126445414,,-56.4743,-0.101788288526555,-0.00684531091753682,4.12669999999998,0.374343365613734,
2024-12-31,0.728499999999999,-2.4129,0.109480925724883,63.6673,4.91849999999999,0.0692097676397578,,0.00122108713064684,-0.175330556358437,0.0768372580580952,0.113923508086686,0.347712770843384,-69.1408,-20.8094000000001,-6833800.6943,0.0471413798332847,-0.0183725207674463,38243,8305,0.143326267296175,-5353161.5895,,-41.0764,0.281422341076132,-0.114535943868768,0.0629866911752837,0.0135823113312545,-0.0254949699101585,0.0872394792247526,0.158253405170951,0.0639361455328658,-0.383713740110806,0.470314795438481,0.440908789590445,109.7689,0.00721372102102436,0.131652148917836,0.370184605625423,0.500184106996838,0.39934595369064,0.107833421593544,0.197661752108005,0.0184703434438129,0.728499999999999,,,-2.4129,12060,84791,63.6673,4.91849999999999,-0.135443152716361,0.118647476706427,0.104375443115435,0.0627147342228493,0.00578810311782441,155.7282,-41.0764,0.0295038821283899,11.6667999999998,0.00122108713064684,-90.2594000000009,-0.114535943868768,,0.0295038821283899,0.0575015053048347,,0.440908789590445,8305,,,0.102694752384849,0.0468937309679713,,-69.1408,0.131652148917836,0.194334254444792,6.1656,0.382923115123608,0.0115181001740545
2025-01-31,-1.5361,33.8007,-0.0297739826547758,-98.7434,-54.8975,0.00514136008405774,,0.109158009401304,-0.266496454716389,0.0183975198110566,-0.144315772792649,-0.0148052528197855,427.3994,-2449.2484,-12873305.3057,-0.0327884977751474,-0.0695790880809461,1400,-18349,0.0394908514592611,7154018.5895,,50.3014,-0.0138497982937875,0.161551118198676,-0.0563067058102567,-0.0792148564090995,0.485317661816793,-2.19982137883546,-2.00130806597854,-2.74829840583109,0.589091271198044,-0.0588978584821498,0.0541874990777895,0.257799999999975,0.0935000010596556,-0.196184487047609,0.0278645836836278,-0.16177900698422,-0.0786692041283565,-0.0804441127541033,-0.000403992528939856,0.389608629491908,-1.5361,,,33.8007,-21420,-15549,-98.7434,-54.8975,0.0797187991290143,,-0.0234336491966758,,,12.0043000000001,50.3014,0.00914568256825454,-0.654199999999904,0.109158009401304,-110.182599999999,0.161551118198676,,0.00914568256825454,-0.0367446452345916,,0.0541874990777895,-18349,,,-0.0183898986160873,-0.0635880463818701,,427.3994,-0.196184487047609,-0.165084343654352,36.4559,1.05813657675597,
2025-02-28,-2.5482,-2.6955,-0.191413664067785,-16.9333,-18.8186,-0.0942692866297596,,-0.0428087281733394,0.351345461014066,-0.173139549366411,0.0484253798576315,-0.00606831793886276,-61.5905,148.1758,18841035,-0.076090599215064,-0.369558832825877,-4514,-12090,-0.275574001670774,-9015953,,-50.5297,-0.473547816296486,-0.258092277332285,-0.0774635998536013,-0.372322864339129,-0.323911249504032,0.627093434790005,0.51234601679359,0.856987293365005,-0.249754316120057,-0.269575197938662,0.152904199144714,-176.3345,0.0660174248326779,0.114955495920479,0.118516771957258,0.0333235964549359,0.0148463143411921,-0.500504125057069,-0.598990869326224,-0.214321004298529,-2.5482,,,-2.6955,-69800,-21118,-16.9333,-18.8186,-0.145325026929415,,-0.18323939419829,,,-210.5889,-50.5297,-0.0920891461479911,-17.6946,-0.0428087281733394,151.8895,-0.258092277332285,,-0.0920891461479911,-0.097561292344678,,0.152904199144714,-12090,,,-0.113391382042717,-0.161424755878881,,-61.5905,0.114955495920479,-0.292750813776135,-9.9622,-0.196521174309933,
2025-03-31,5.5338,-2.7601,0.100025246088395,123.4795,44.573,0.0629125213252406,,-0.252042852450774,-0.492668024118843,0.0956927362618831,0.0256004921125941,-0.224531862763474,-75.27,168.8176,3346161,0.0809699338592758,0.296151691019116,5039,-12997,0.108460124936865,2940977,,11.5126,0.685953671077641,0.340644006854879,0.0528992585163186,0.260608238980597,0.168371760474026,0.53161011926187,0.490508886754797,0.273533379999293,0.697999685915481,0.371243389850836,-0.213164971052687,59.2935,0.220627769977614,-0.061471598209347,-0.614068566039687,-0.0531757745871784,-0.444318217485987,0.711977273322663,0.743149647827575,0.519772643649374,5.5338,,,-2.7601,60670,-2919,123.4795,44.573,0.251452748589298,0.0143420412384625,0.0826753278153962,0.0250855818642677,0.0913712153399651,138.3261,11.5126,0.0587062747132663,28.7956,-0.252042852450774,-199.4398,0.340644006854879,,0.0587062747132663,0.127944768428638,,-0.213164971052687,-12997,,,0.0581959803440508,0.110187164032292,,-75.27,-0.061471598209347,0.523822527394455,11.6496,0.226293700381238,-0.0640900842189289
2025-04-30,-0.243499999999999,-2.6589,-0.0269607933759861,-105.3577,-24.8242,-0.00163300433670255,,-1.6357711416003,0.160172259875773,-0.0190298035002767,-0.109151913744558,0.281631566382179,-51.4249,218.1214,-3743486,-0.0656797317436588,-0.0393773710946963,-8765,32487,-0.0843717533397204,-2869931,,-17.9008,-0.0777127802666047,-0.0390623778441324,-0.033679846087443,-0.0410756695689454,0.332669807965877,0.292545190386954,0.332982575602549,0.337895310137065,-0.307807945404122,-0.145577354758805,0.413783678568134,-63.1664999999999,-0.0708292920641806,-0.124252851150794,0.477382092114267,0.265152537369144,0.583671421186086,-0.128338276137952,-0.112023422319034,-0.347670818030021,-0.243499999999999,,,-2.6589,-25630,14957,-105.3577,-24.8242,-0.252422837590193,,-0.06003636116594,,,-3.70160000000033,-17.9008,0.00407503823147159,-4.3374,-1.6357711416003,54.4158,-0.0390623778441324,,0.00407503823147159,-0.068892451995195,,0.413783678568134,32487,,,-0.00464747479977312,-0.0358696595894941,,-51.4249,-0.124252851150794,0.0232298757842639,-18.4349,-0.386356136732157,
2025-05-31,-0.146500000000001,-2.6336,0.0442019841796863,1.59890000000001,-27.3156,0.0891074244906287,,1.00995441946882,-0.209960060874996,0.0432657777065213,0.0884312291723077,-0.0235013185059731,-49.6244,444.4347,1924085,-0.0428928221330818,0.0935981326802118,4534,6787,0.100968036949322,1521214,,6.90030000000002,-0.177845872384882,-0.058408736477614,-0.0311922562772251,0.101514271654088,0.326054819719987,0.215039375912911,0.225367346832892,0.263659438160118,-0.326685409352425,-0.0120494043152402,-0.136729612721926,77.5857999999999,0.107543235360908,0.131003866414853,0.0841563739034523,-0.131487516725656,-0.0505103302934877,-0.339353131728314,-0.218665433668686,-0.0823530932152436,-0.146500000000001,,,-2.6336,720,15855,1.59890000000001,-27.3156,0.204313247246287,,0.0577264850008685,,,211.0836,6.90030000000002,0.102520944846203,-8.74480000000001,1.00995441946882,-69.63,-0.058408736477614,,0.102520944846203,0.0795794000519603,,-0.136729612721926,6787,,,0.0469301844734353,0.00986324945245798,,-49.6244,0.131003866414853,-0.084837965606591,-2.8974,-0.077013230559186,
2025-06-30,-2.34350000000001,-3.9037,-0.0687948893265453,91.3904,35.677,0.0845912960089672,,0.867223788688117,0.786968975564863,0.0307411339209249,-0.0201024367036524,0.427491755329852,-36.2367,394.5241,5511364,0.0909737592678397,-0.00877487332548732,-38375,-6592,-0.15708179835144,3956033,,27.6508,-0.0962251767879252,-0.190087163872966,0.100150551071908,0.024893639027459,-0.200766085103833,0.185693176064119,0.178690030505527,0.279556064790811,-0.189105463876482,-0.218433198635752,0.529155863716931,-108.3959,-0.114322442648132,0.00869410511606272,0.23224237010802,0.537571906089674,0.43934031730528,-0.079839247005197,-0.126719945767634,-0.26249444495362,-2.34350000000001,,,-3.9037,25880,-83342,91.3904,35.677,-0.357931422861685,-0.040669199556838,-0.0350277553047089,-0.00662059810843019,-0.00976740636228968,218.5598,27.6508,0.0429592655348507,-4.1217,0.867223788688117,356.6691,-0.190087163872966,,0.0429592655348507,0.0718820610948612,,0.529155863716931,-6592,,,0.0234600289907512,0.0764070127615541,,-36.2367,0.00869410511606272,0.066900529703485,-10.8558,-0.356603896822624,-0.0109469608200001
2025-07-31,20.2216,-2.9874,0.147481093227579,-123.538,-72.6289,0.16831183771162,,0.25308493729626,0.191247458574257,0.0954082545978299,0.226439640165287,-0.0521629915778581,-23.062,430.6137,1644725,0.000729373634767327,0.0616044869700207,46821,-560,0.275826811095914,882952,,7.8031,0.161825532983688,-0.0732653696111703,-0.00421180422538026,0.0493134546221192,0.173347509251045,0.171234136191915,0.16344157114094,0.203392936254645,-0.157139073647939,0.137374486823521,0.0709742492506562,212.7374,0.0888079402857742,0.262036890755192,-0.0128872984739834,0.0926086667367674,0.0594609557597612,0.225704787294245,0.0833009825174047,0.300677535243351,20.2216,,,-2.9874,9550,93082,-123.538,-72.6289,0.0116545731554316,,0.153499207083126,,,493.9233,7.8031,0.113386932558479,7.1678,0.25308493729626,137.9852,-0.0732653696111703,,0.113386932558479,0.0825104304196156,,0.0709742492506562,-560,,,0.13364989282119,0.0125495648474452,,-23.062,0.262036890755192,0.0178203947044708,-8.184,-0.390107757842916,
2025-08-31,1.4088,-2.9578,0.00623616441546559,-0.672799999999995,-17.656,0.0276900501974549,,0.0634122408691802,0.0558781136001265,0.00311426156866368,-0.0038694052622974,-0.0851555871493153,-35.4403,447.8855,945031,-0.0188324254923344,0.0230860865182567,815,-11715,0.0644547627823773,768726,,2.97669999999999,0.0855052583599019,-0.0703577834336677,-0.0192227344089639,0.0438292056468077,-0.118929735663736,0.149332601449913,0.151916714491965,0.180052625821759,0.15886196065527,0.174834297236059,-0.174194706937935,20.8337,-0.183489122017126,0.00049736820996138,-0.0700021018805765,-0.232424170311161,-0.137695075824655,0.109834064798963,0.238452219619595,0.0553250357013786,1.4088,,,-2.9578,-2190,-10085,-0.672799999999995,-17.656,0.032098432567488,,0.00977401856679627,,,89.5223000000001,2.97669999999999,-0.00467844013337526,4.2825,0.0634122408691802,45.5550000000001,-0.0703577834336677,,-0.00467841907379096,0.0206309110020246,,-0.174194706937935,-11715,,,-0.00624704030278345,0.00132104842229541,,-35.4403,0.00049736820996138,-0.619875615584519,8.0079,0.383132961118969,
2025-09-30,4.6761,-2.5485,-0.1001292905173,-14.9247,-40.1146999999999,-0.0843947814213948,,0.170026678833105,0.151943848177269,-0.0663008382912702,-0.0339436723908033,-0.126718082183992,-39.0876,339.195,-47473060,-0.0710952699570289,-0.137625792646165,-4727,-25100,-0.0513639852096937,-36193191,,-0.31219999999999,-0.12956436554227,0.0272347086345999,-0.0773312641820416,-0.116994491746973,0.0021838844078319,0.132508957249664,0.116709020356301,0.137138714153378,-0.231746808800131,-0.209406403392665,-0.256497778959678,-13.4248,0.0861162959913324,-0.0358134302150779,-0.100931411603039,-0.252995504969089,-0.210885195574219,-0.224099672268045,-0.204714770897864,-0.187333587986024,4.6761,,,-2.5485,-41590,-34554,-14.9247,-40.1146999999999,0.400878678494354,-0.020105299372144,-0.0805959810406502,-0.0129350390453613,0.0170403558225889,-265.2924,-0.31219999999999,-0.0823375712176073,-6.3503,0.170026678833105,137.5519,0.0272347086345999,,-0.0823376151441586,-0.052115252290168,,-0.256497778959678,-25100,,,-0.0626224949689203,-0.0903562487701546,,-39.0876,-0.0358134302150779,-0.192322449134188,4.0335,0.148690100781879,0.0726483567256153
2025-10-31,-10.2834,-3.1728,0.0880887279310496,-110.5371,-85.2182000000001,0.0251850049904228,,-0.487455628936621,-0.432094205744453,-0.0036571837766326,-0.0299971510243529,-0.241288293600988,-22.7922,390.2898,46081467,0.0789114360276617,0.122302917291906,-3480,40206,-0.00956729203177886,36337777,,-0.679600000000022,0.0835772936304759,-0.147524722041333,0.0922278022496661,0.0891260916837506,0.134264765106193,0.0721870070449731,0.115922462645323,0.0806520028949551,0.0849157381436516,0.105985786202221,-0.497693992354045,-22.2921,-0.0109075791307296,-0.0291078969602596,-0.360113993299023,-0.365086379810856,-0.343160608632038,0.367314733989383,0.223448996299454,-0.377022782322157,-10.2834,,,-3.1728,41570,33246,-110.5371,-85.2182000000001,0.207170536585949,,0.0516849182797028,,,76.8380999999999,-0.679600000000022,-0.0122948081368488,4.0016,-0.487455628936621,-342.360500000001,-0.147524722041333,,-0.0122947852698818,-0.00895173916480729,,-0.497693992354045,40206,,,-0.029937463721522,0.0912238217970121,,-22.7922,-0.0291078969602596,0.404383385161184,-10.9983,-0.472786188194655,
2025-11-30,-3.7701,-2.7592,-0.0110428574226091,-93.7993999999999,-1.03970000000004,0.00499574331653996,,-1.32795607021695,-0.437674726409005,-0.0487247347329429,-0.233666139022379,-0.155208195982639,-25.5096,315.8509,-8229166,0.0393749030782686,-0.0835986850900774,4591,169,-0.0524050066506749,-4746098,,-29.4187,-0.291852438819555,-0.239997944384188,0.00217218955953591,-0.104358785698255,-0.27612467465884,0.091836359737834,0.0807199051577401,0.0657025394816113,0.74774815980373,-0.0784698471246057,0.0602407283255166,-57.8509,-0.0491569386589363,-0.235394023587305,-0.117439871721376,-0.066463139753862,-0.140899778121668,-0.392526553121673,-0.411612905541248,0.504330678266617,-3.7701,,,-2.7592,-190,9351,-93.7993999999999,-1.03970000000004,-0.085856627192741,,-0.0463401845871054,,,15.4731000000002,-29.4187,-0.10660614076145,-12.6327,-1.32795607021695,-224.530999999999,-0.239997944384188,,-0.10660614076145,-0.032696323691578,,0.0602407283255166,169,,,-0.0954456027660022,-0.0310486418566605,,-25.5096,-0.235394023587305,-0.0799664503813959,-0.348600000000001,-0.0193447017895902,
2025-12-31,-4.3477,-3.7679,0.0196550250412315,-0.0126000000000204,0,0.0439057786049197,,0.981142540957745,0.557534700047302,0.0394343018805801,0.0416053256846247,-0.0141058269431911,-37.5925,317.4323,-883399,-0.0930764731441087,0.13419664414436,-18407,5131,0.134904532137451,6790179,,44.3208,-0.287143876147338,0.242303807617116,-0.0640712315801917,0.145795220822772,-0.278714636635438,0.0666968907158934,0.0712494805449415,0.054454817005948,0.0983096796633207,0.0830804076937253,0.0113888119415426,105.627800000001,-0.30910735201263,0.0540241562305352,-0.00806214504806846,-0.030138579435488,-0.159759545311858,-0.0247410069328855,0.0296486050138984,-0.343257061811457,-4.3477,,,-3.7679,-7820,-31683,-0.0126000000000204,0,0.00102765547008854,0.0566400145740769,0.0408565786493522,0.0795355434279479,0.161266768096445,139.3645,44.3208,0.0297186782470522,-9.3037,0.981142540957745,305.1923,0.242303807617116,,0.0297186782470522,0.038862503069323,,0.0113888119415426,5131,,,0.0351537510280675,0.00374481824910688,,-37.5925,0.0540241562305352,-0.244526368805235,9.9273,0.442281714092415,-0.0191714590402032
2026-01-31,2.4836,32.6687,-0.0344802965708304,0,0,-0.031394675021069,,-0.594162659659453,-0.242392602539534,-0.00555588761536452,0.0170358823397736,0.331039327171654,498.0106,-3502.9452,-1915564,0.0778952681300336,-0.265941869122571,12546,-10899,-0.0584602512538392,-2663015,,-17.0422,0.445328947820637,0.658296310889825,0.04748268645743,-0.303600905206509,0.183615230110679,-2.4629881021449,-2.25906991056192,-2.53437684713174,0.196589855105459,0.3156651937435,0.265576325423685,-65.517300000001,0.108970897331563,-0.0863161661526126,0.295550082590256,0.473273655639486,0.426617091719139,0.490001384650474,0.342519690908731,0.230044903901831,2.4836,,,32.6687,-14880,14193,0,0,-0.272940009860995,,-0.0490661788103033,,,-100.2735,-17.0422,-0.00579986085628192,15.692,-0.594162659659453,-153.7112,0.658296310889825,,-0.00579986085628192,-0.0564530288604299,,0.265576325423685,-10899,,,0.023362993976626,-0.0607120365088649,,498.0106,-0.0863161661526126,0.481588166289563,-1.8518,-0.0690005868517147,
2026-02-28,2.6336,-2.7507,-0.31614237662698,0,0,-0.117251349987424,,-0.458596631945417,0.107755129308932,-0.273750587440618,0.100023695212388,-0.0532221101046062,-37.0253,319.2872,-6530845,-0.194982997078494,-0.17334953457949,-14615,-12076,-0.62082708190195,-6848191,,-42.0387,-0.159070775664531,1.14955209082542,-0.197924283128972,-0.211360098054835,0.123318997565884,0.69279158269816,0.640518272491408,0.709961068657551,-0.293009142755205,-0.13753281525027,-0.131933942440493,-372.9379,0.0778409267175109,-0.254095293271141,0.0576040619857867,-0.335022390658479,0.00936101353500529,-0.0645275204610294,-0.180754809652938,0.0587012410072696,2.6336,,,-2.7507,-76310,-41306,0,0,-0.190664401385419,,-0.318387939695414,,,-347.8571,-42.0387,-0.126739174466591,-6.4213,-0.458596631945417,63.7581,1.14955209082542,,-0.126739174466591,-0.12384706258549,,-0.131933942440493,-12076,,,-0.167530486764306,-0.201556524973134,,-37.0253,-0.254095293271141,0.0548814288812147,2.8979,0.105973315952513,
2026-03-31,17.3043,-4.5019,0.169605843782247,0,0,0.0713870678951904,,-0.286398595998262,-0.231801788208399,0.224071239491335,-0.349422870361942,0.260593833208582,-24.598,244.1399,-18170795,0.0602619951907251,0.279421260341563,4108,-4367,0.360151289464735,-1286012,,-5.69460000000001,0.530399198147577,-0.709347171268401,0.12518797954865,0.371576140572924,0.157612066979763,0.492096856551101,0.393039667367026,0.497788563121463,-0.19336441025508,0.155019468387634,0.602826255144352,182.3322,0.0502833698257388,-0.277660083122726,0.209691888426073,0.516339201378261,0.446158258932597,0.142107263479374,0.353589571573142,-0.218709458437305,17.3043,,,-4.5019,50560,3849,0,0,-0.0767931770877208,0.0410697816226797,0.16309371070083,-0.0289352311958826,-0.0932156567468816,206.9125,-5.69460000000001,0.0867479252909291,26.0549,-0.286398595998262,-129.1337,-0.709347171268401,,0.0867479252909291,0.0593504563612051,,0.602826255144352,-4367,,,0.11196702151352,0.197659471052916,,-24.598,-0.277660083122726,-0.156607187359435,-6.1258,-0.238959268743431,-0.0771317041623973
2026-04-30,4.4619,-3.6444,0.0836468381986428,0,0,0.029825611068107,,0.200546048283503,-0.0436991992068343,-0.0219173028313113,0.156346497662879,-0.240648879739267,-40.2444,428.7876,-578033,-0.101379361392354,0.0493277978647271,11742,16361,0.228795571972201,-2746358,,-12.7282,-0.364881573915242,-0.025559900697103,-0.119013412433485,0.0420867515742609,0.135127002544075,0.242393136636545,0.235078426138266,0.21496345487308,-0.17357520126047,-0.292957558934349,-0.56860567935981,184.9365,0.0630901978118845,0.299596945865898,-0.138219343765101,-0.37175224955282,-0.505896039612162,-0.419777722995817,-0.433649159783393,-0.21662415118606,4.4619,,,-3.6444,-19570,39845,0,0,0.266350742600302,,0.0849020036822541,,,90.9197999999997,-12.7282,0.0346766998257433,-19.3512,0.200546048283503,-21.1658,-0.025559900697103,,0.0346766998257433,0.049854166338088,,-0.56860567935981,16361,,,,-0.064565520392347,,-40.2444,0.299596945865898,-0.654219816643594,8.2007,0.308480566878387,
2026-05-31,4.7422,-3.8925,-0.0580809554967008,0,0,0.0547390017893417,,-0.0126399996427331,-0.137775181703931,0.0772797309784918,-0.0858496654610308,0.205711821361381,-35.6015,439.664,18983779,-0.0443627553769943,0.0415822931468721,-53754,634,0.0399152415058772,13377841,,75.7691,0.130081710785507,-0.0496368381586292,-0.0472570668356624,0.10162201625667,0.1227805738159,0.207372802055705,0.208611676852074,0.242610138009611,-0.343286245809919,0.0141679522714124,0.122130361520424,50.6685,0.0738082389140593,-0.129128812269395,0.249800523649007,0.126679271322952,0.21807463989649,0.102787505702707,0.178683422623972,-0.137333207369483,4.7422,,,-3.8925,-4570,-106874,0,0,-0.0640474582451951,,-0.057563565017384,,,174.0873,75.7691,0.058147000057394,6.105,-0.0126399996427331,-60.9866,-0.0496368381586292,,0.058147000057394,0.0441389697545009,,0.122130361520424,634,,,,0.00834140223108903,,-35.6015,-0.129128812269395,0.488929136805969,-4.2873,-0.149393710930502,
