"date","Finances et assurances :: Administrations locales","Finances et assurances :: Autres crédits(3)","Finances et assurances :: Autres secteurs résidents","Finances et assurances :: Autres sociétés financières","Finances et assurances :: Autres(2)","Finances et assurances :: Avoirs officiels de réserve","Finances et assurances :: Comptes débiteurs et crédits de trésorerie","Finances et assurances :: Comptes débiteurs et crédits de trésorerie — Finances et assurances (MDH)","Finances et assurances :: Créances diverses sur la clientèle","Finances et assurances :: Créances en souffrance","Finances et assurances :: Crédit bancaire","Finances et assurances :: Crédit bancaire Activités financières (MDH)","Finances et assurances :: Crédits à caractére financier(2)","Finances et assurances :: Crédits à l'équipement","Finances et assurances :: Crédits à l'équipement — Finances et assurances (MDH)","Finances et assurances :: Crédits à la consommation","Finances et assurances :: Dépôts à vue auprés des banques","Finances et assurances :: Entrepreneurs individuels","Finances et assurances :: Etablissements de crédit assimilés(1)","Finances et assurances :: ISBLSM","Finances et assurances :: Masse monétaire (M3)","Finances et assurances :: OPCVM autres que monétaires","Finances et assurances :: Particuliers et Marocains Résidant à l'Etranger","Finances et assurances :: Prestations (MDH)","Finances et assurances :: Primes versées (MDH)","Finances et assurances :: Secteur privé","Finances et assurances :: Secteur public hors AC","Finances et assurances :: Sociétés de financement","Finances et assurances :: Sociétés non financières privées","Finances et assurances :: Sociétés non financières publiques","CIBLE"
1998-06-30,,,,,,,,,,,,,,,,,,,,,,,,,,,,,,,-0.0270543364347855
1998-07-31,,,,,,,,,,,,,,,,,,,,,,,,,,,,,,,
1998-08-31,,,,,,,,,,,,,,,,,,,,,,,,,,,,,,,
1998-09-30,,,,,,,,,,,,,,,,,,,,,,,,,,,,,,,-0.0169278000843178
1998-10-31,,,,,,,,,,,,,,,,,,,,,,,,,,,,,,,
1998-11-30,,,,,,,,,,,,,,,,,,,,,,,,,,,,,,,
1998-12-31,,,,,,,,,,,,,,,,,,,,,,,,,,,,,,,-0.00849827539721915
1999-01-31,,,,,,,,,,,,,,,,,,,,,,,,,,,,,,,
1999-02-28,,,,,,,,,,,,,,,,,,,,,,,,,,,,,,,
1999-03-31,,,,,,,,,,,,,,,,,,,,,,,,,,,,,,,-0.000722083028444231
1999-04-30,,,,,,,,,,,,,,,,,,,,,,,,,,,,,,,
1999-05-31,,,,,,,,,,,,,,,,,,,,,,,,,,,,,,,
1999-06-30,,,,,,,,,,,,,,,,,,,,,,,,,,,,,,,-0.00114791050400953
1999-07-31,,,,,,,,,,,,,,,,,,,,,,,,,,,,,,,
1999-08-31,,,,,,,,,,,,,,,,,,,,,,,,,,,,,,,
1999-09-30,,,,,,,,,,,,,,,,,,,,,,,,,,,,,,,0.00265519777894418
1999-10-31,,,,,,,,,,,,,,,,,,,,,,,,,,,,,,,
1999-11-30,,,,,,,,,,,,,,,,,,,,,,,,,,,,,,,
1999-12-31,,,,,,,,,,,,,,,,,,,,,,,,,,,,,,,0.0140501747822661
2000-01-31,,,,,,,,,,,,,,,,,,,,,,,,,,,,,,,
2000-02-29,,,,,,,,,,,,,,,,,,,,,,,,,,,,,,,
2000-03-31,,,,,,,,,,,,,,,,,,,,,,,,,,,,,,,0.00791720284457575
2000-04-30,,,,,,,,,,,,,,,,,,,,,,,,,,,,,,,
2000-05-31,,,,,,,,,,,,,,,,,,,,,,,,,,,,,,,
2000-06-30,,,,,,,,,,,,,,,,,,,,,,,,,,,,,,,0.0120260945871351
2000-07-31,,,,,,,,,,,,,,,,,,,,,,,,,,,,,,,
2000-08-31,,,,,,,,,,,,,,,,,,,,,,,,,,,,,,,
2000-09-30,,,,,,,,,,,,,,,,,,,,,,,,,,,,,,,0.011072368249712
2000-10-31,,,,,,,,,,,,,,,,,,,,,,,,,,,,,,,
2000-11-30,,,,,,,,,,,,,,,,,,,,,,,,,,,,,,,
2000-12-31,,,,,,,,,,,,,,,,,,,,,,,,,,,,,,,0.0131150081319884
2001-01-31,,,,,,,,,,,,,,,,,,,,,,,,,,,,,,,
2001-02-28,,,,,,,,,,,,,,,,,,,,,,,,,,,,,,,
2001-03-31,,,,,,,,,,,,,,,,,,,,,,,,,,,,,,,0.0195812669654032
2001-04-30,,,,,,,,,,,,,,,,,,,,,,,,,,,,,,,
2001-05-31,,,,,,,,,,,,,,,,,,,,,,,,,,,,,,,
2001-06-30,,,,,,,,,,,,,,,,,,,,,,,,,,,,,,,0.00199988302641074
2001-07-31,,,,,,,,,,,,,,,,,,,,,,,,,,,,,,,
2001-08-31,,,,,,,,,,,,,,,,,,,,,,,,,,,,,,,
2001-09-30,,,,,,,,,,,,,,,,,,,,,,,,,,,,,,,-0.00672132711361151
2001-10-31,,,,,,,,,,,,,,,,,,,,,,,,,,,,,,,
2001-11-30,,,,,,,,,,,,,,,,,,,,,,,,,,,,,,,
2001-12-31,,,,,,,,,,,,,,,,,,,,,,,,,,,,,,,0.000709639296488263
2002-01-31,-0.00137087567167171,-0.190049917731407,0.166654296509805,0.00427043445951014,0.193557171648655,,-0.0148611865071917,,-0.0207555854844408,-0.0011096127190946,,,0.00390402036054383,-0.00765034431413802,,,,0.700364219588208,-0.0638402553837718,-0.18506959916798,,-0.0908225038365176,-0.0309642779899519,,,-0.00404538441388347,-0.0749219728888697,-0.00918451329320646,-0.0968258888213605,-0.243524603442649,
2002-02-28,-0.000457078124354027,0.536168281443949,0.0796972217514966,0.034726357481599,-0.0486067667656096,,0.00563064447606898,,0.08890173188672,0.00511959867999323,,,0.0115054299737132,-0.00870739070482784,,,,0.207132378144971,-3.28393101180954,0.081746705795295,,0.203769883778589,0.00467448632026723,,,0.00767995887150974,-0.00370243021616545,0.0495851071371352,-0.0396875516735093,-0.0121566951333874,
2002-03-31,-0.000734268005876615,-0.0516369389537497,-0.0573207754585265,0.0601916087850611,-0.0937809374278151,,-0.0541673068667503,,0.067225891054699,-0.0339570831068094,,,0.091926303783735,0.015416778050259,,,,-0.164708608985014,2.4533837765662,0.0502464571077477,,-0.606637823234931,0.00648110511180988,,,-0.0146157019802029,-0.139141667984413,0.1077701289357,0.0141511502849792,-0.63175126678524,-0.0070199317358739
2002-04-30,-0.000734807551577177,-0.191931861169602,0.0105161500551443,0.0510673232362695,0.00654247256517504,,-0.00355161400937831,,0.0251347833226863,0.0285039973457764,,,0.0621579980024229,0.00492358250789771,,,,0.0292947826943273,0.656214144977402,-0.0181490278725329,,-0.0376194526912812,0.00017024626907336,,,0.00105901998012392,0.0192469865066567,0.0528058094793202,-0.00513587653520631,0.112220703002321,
2002-05-31,0.00629664719950362,0.199569227210836,-0.0105008528865174,0.0568946770141689,0.0341282180684708,,-0.0185426765844685,,0.0696882772665965,0.0280706696275939,,,0.0486752617977739,-0.0258136544197782,,,,-0.0515334884239049,1.00979314205073,-0.170404909226854,,-0.476912248614259,0.0124928309126275,,,-0.00492445040464595,0.102310510291312,0.0539366708907778,-0.00125990259167708,0.440720628119162,
2002-06-30,0.00149633033167973,0.215366650467674,0.00952926241946273,-0.00866507303242869,0.101575421640588,,0.049972343449685,,0.0260781739360461,0.036958432702523,,,-0.0109301313030592,-0.0154878648486392,,,,0.00559852427300811,-0.752015982889007,0.0219107537140477,,0.342854703492596,0.0115669433767707,,,0.0126826310530124,0.231979332324519,-0.0107758868292205,0.0147399535600918,0.693477298649303,-0.00846947600175518
2002-07-31,-0.00233916829234815,-0.059263304358451,0.00763622759549065,-0.0471106926183964,-0.170194382499871,,0.0316863730202908,,-0.0636138097540897,0.0188551321919341,,,-0.0645674469243378,-0.0201149117084434,,,,-0.012681414148803,-0.184046518191817,0.214741313982235,,0.075788887620309,0.0174574945762878,,,0.00958704687856127,0.017293653198271,-0.0378116315963712,0.0108544500521983,0.0446419201618777,
2002-08-31,0.00744615925284542,0.0480872371422549,-0.000926601318278486,0.00793877658754205,0.000750274845154664,,-0.00826870836622184,,0.0285604561185657,0.00155181907937241,,,0.0242172000035463,0.00371816744281084,,,,-0.0370027325534572,-1.67170559163482,-0.118191315435398,,-0.772679131388474,0.0174347340200267,,,0.00241191247245354,-0.0162516432974105,0.0371118400069257,0.00457143622071499,-0.0494257891217948,
2002-09-30,0.0192628465593288,-0.0506677099117603,-0.000848534200489581,0.0139943097068986,0.0147895025253701,,-0.0053266078550287,,0.00473628730964748,0.0140319879688011,,,0.0167951452097395,-0.0281205863776819,,,,-0.00308799702677121,0.980274943793014,0.0239111018855853,,0.569105484467534,0.000149779430289598,,,-0.00284578107617683,-0.0127297428171662,-0.00118487386806265,-0.00413627666839567,-0.0606851742852763,0.0332816296031844
2002-10-31,0.000675775597503758,-0.0190468295812023,0.0101915459687127,0.01721444159217,-0.00525134447559772,,-0.00656054844311882,,0.0176242468444467,0.00629523732307291,,,0.025171760481534,0.00240259991667635,,,,0.0103522828656146,0.608459925837145,-0.290938481604787,,0.169134676522368,0.0110035155200539,,,0.00321445756764049,-0.0530436815438069,0.00953857361787946,-0.0013272028114244,-0.14308164625493,
2002-11-30,-0.00306297446803505,-0.0350883133734872,0.00859285323244663,0.0920663770828405,0.0394936447389123,,0.0193635880228111,,0.0206428129511878,-0.00145887296777758,,,0.0314959402340307,-0.00451128227663844,,,,-0.0033338609865492,-1.62143327743653,0.0354795647748478,,1.10168929910989,0.0142234651451076,,,0.000536894063534632,0.0153193073127866,0.0509611040740978,-0.00477270010007835,0.0476034786825474,
2002-12-31,0.0328728754129823,0.109102160753188,0.00433621980898025,0.00567366975829664,-0.0338119091532842,,-0.0359980040429964,,0.0730151986799896,-0.00720094976035668,,,0.0660704110447394,0.0110571680733873,,,,-0.00637201813469446,0.239692209198245,0.0680661771677942,,-0.0540045301557406,0.00919958495998152,,,-0.00223535725554846,-0.0580931259847741,0.013357303228851,-0.00661960337561496,-0.236111858540588,-0.00201523117400093
2003-01-31,-0.084942565176382,0.0821273780236353,0.0148822182699604,0.0420750299938781,0.283066950411186,,0.00813915081058525,,0.0325529818238355,0.00553283498634904,,,0.0225096901400139,-0.020490262149865,,,,0.00647468996138301,1.9608101412754,-0.61662420101877,,0.426525542032241,0.0200569319263249,,,0.00520174294280906,-0.122758684280212,-0.0369900796245268,-0.00134499751066208,-0.213081987754098,
2003-02-28,-0.0156910027796897,-0.049452384760464,0.036857594778807,-0.0399144233941495,-0.38450571468183,,-0.00315084865412985,,-0.00900709850614767,0.00539958576741562,,,-0.000768628671758975,0.012779748336385,,,,0.0746454879036307,0.709461413605601,0.321567311451392,,-0.505441494557501,0.0184943205012065,,,0.00470444697669592,0.10054832983197,0.0161170183596688,-0.0178254133692253,0.347040058973302,
2003-03-31,-0.0691191822607102,-0.00495540327029786,0.00254897537310583,0.0603072135471017,-0.28925327644241,,-0.00967821928276713,,0.0567233939638392,-0.0177253402337971,,,0.068543485829089,0.0187548542745297,,,,-0.00490083655358831,-0.526704580592518,0.189423280848949,,0.424405389629417,0.00575231444424062,,,0.00122280378180939,0.114892636749852,0.065131809118121,0.000266721949861548,0.375623155415207,0.0283971469077002
2003-04-30,0.0420834880150487,-0.0193495480375514,0.0556412396690753,-0.00930046298747556,0.526856594456782,,0.0248368961120331,,-0.0207824141156259,0.0220476227813489,,,-0.0209329730819441,0.0172589326567323,,,,0.128408806114644,0.495184019690806,0.126357331050687,,-0.435152830960033,0.018441576337942,,,0.0149928672234569,0.117335122116085,-0.0209756607025753,-0.0154072483567074,0.196470179407687,
2003-05-31,-0.0246367571805095,-0.0785137869361012,0.00317989906889693,0.0690709861139656,-0.217021658494446,,0.00786333517005744,,0.0597014213789144,-0.00183675594424315,,,0.0831891264764621,0.00339458616119437,,,,-0.0199727950682309,1.39563699523449,0.14826655922767,,-0.0333979439892698,0.0150000889157269,,,0.00590580535747698,0.00282714513016558,-0.00909918085794637,0.00801301889653416,0.0288578907270107,
2003-06-30,0.0342173441094289,0.00267660563419625,0.0048138693240336,0.0553553619640024,-0.0320086595830027,,0.0109098939606458,,0.0402187611445282,0.02581441205038,,,0.0460004670989296,-0.0415798163452941,,,,0.0365488652949146,-0.575926087945878,-0.017575318467383,,0.566564639908822,-0.0119943993518756,,,-0.00233911916702034,-0.0454411392686254,0.0843510487192543,-0.00789041822197412,-0.12504274835816,0.00820530904598726
2003-07-31,0.0144639996039473,0.169197150611462,0.0106044479730016,-0.111642594238603,-0.055658930634964,,0.00679472297255401,,-0.0728153544230583,0.0149088562458726,,,-0.114953140368677,0.0769864427512381,,,,0.019391148956041,-0.360481566283137,0.0123638859149526,,-1.08447466474176,0.00577942924835995,,,0.0277427329898519,0.00496873807395914,-0.0286124066159399,0.0409268310677575,-0.00540880338598271,
2003-08-31,-0.0123825310153389,0.113108133286786,0.0152250397655784,0.0235614664392312,-0.157327610556513,,-0.0149463832179553,,0.0435699276766108,0.00827056188581565,,,0.0290464686447969,-0.0215659342965928,,,,-0.00298388201313315,0.378386358403194,-0.0722383211297721,,0.193799105539454,0.0253902465025426,,,0.00248677653186036,-0.0685505275017686,0.0017208612522257,-0.00727420571160131,-0.134449263120899,
2003-09-30,-0.028576459248411,-0.0473320838730107,0.0198113725568856,-0.0335057204615072,-0.142867769945989,,-0.0459758706499009,,-0.0285442092014119,0.00546418077753863,,,-0.0244989319943407,0.00377847901510187,,,,0.0514877839070067,-0.0847142419472595,-0.117128062917513,,-0.494473707993066,0.00273862914804646,,,-0.0112303624032766,0.0123711006553098,-0.00612303535522685,-0.0359665123621493,0.0611955751618609,0.00522223616279405
2003-10-31,0.00976610541874301,-0.0540924713555277,-0.00267648593865211,0.088802696267912,0.16783901914379,,0.00547349396774344,,0.0587740283392133,-0.001378143203981,,,0.0812385882828082,0.0157149115980211,,,,-0.0487463939104735,0.429738251677803,0.153530654154201,,0.933306039339373,0.0219857469086371,,,0.00634085306444199,0.0242772104806637,0.010852670472083,0.0136694550199987,0.0405679037156155,
2003-11-30,-0.0163651672833147,0.0273852706000373,0.0101645745244419,-0.0399760841487105,-0.212653837800255,,-0.0228833135868545,,-0.0251036636550097,0.0131257767245927,,,-0.0351736202287984,0.00364935730902971,,,,0.0178457854598761,-0.413467880318412,0.0284033091996028,,-0.104064938024348,0.0060560474925051,,,-0.000647316280092625,-0.0143741801907655,0.00828204222086804,-0.00944876407623418,-0.0121777839291823,
2003-12-31,0.0212635034645192,-0.137859657094632,0.00521914106283994,0.0347071925506377,-0.0381126879027418,,0.000801448511019487,,0.0143997539813405,0.0254215974320449,,,0.0419697783605351,-0.0366469661920235,,,,0.02302549964425,0.246418694393222,0.319305268624592,,0.448317258733326,-0.00542495625252393,,,-0.000613729497521476,-0.0809665701672238,-0.0164172908168752,-0.0054343926283984,-0.207091087065306,0.0159262249591698
2004-01-31,0.0432302999988146,-0.0748838783443322,0.00570224292601651,-0.00751872825171773,0.289794593665015,,-0.00291117526462514,,-0.0429759514183257,0.0520227802583122,,,-0.0377967830183223,-0.0364681433338365,,,,0.0290753018364338,0.152343630122916,-0.0614786361031259,,-0.677317822638048,-0.00705401572781383,,,-0.00473760096534903,0.0178021415603329,0.0134314521671346,-0.0134955181696021,-0.018472873247882,
2004-02-29,0.0320513084752907,-0.000503997793922295,0.00547779549159877,0.0472422477865884,0.127104290458977,,0.00545840367624173,,0.039021023514044,0.0272838524255885,,,0.0451765219107543,0.00894801732356676,,,,-0.00842738982858116,0.436168469602245,-0.00856264639016668,,-0.188732284476498,0.0133257415086607,,,0.0109960925954233,-0.00601992574666887,-0.0013031233501124,0.0156462987839863,-0.0648090622362902,
2004-03-31,-0.00376117479360616,-0.00851853328445351,-0.00425273261827996,-0.0363353439177576,-0.0555278196892859,,-0.031168138684059,,-0.0215994883221882,0.0377788886878339,,,-0.0236057909440603,-0.0181755856725978,,,,-0.0603584854380745,-0.185273971637245,0.101301614866,,-1.16177565549556,0.0251686152821442,,,0.00485137951914716,-0.140506632198189,0.0181763025150854,0.0124210383589034,-0.411695921492637,0.00504037007053526
2004-04-30,-0.0286597967896363,-0.0362901649627299,9.68423822396147e-05,0.123352765029047,0.206655675220992,,0.0151632049413397,,0.0994464352822888,0.00498154120357874,,,0.118870547666981,-0.0112060632928106,,,,-0.0307182482677231,0.536667922636222,-0.0891447207801415,,1.3203622185762,0.0157574677959094,,,0.00445140953892675,0.0621686463888675,0.00597128146763737,0.00802776451680565,0.254136805932818,
2004-05-31,0.0061151319934023,0.0498941654361369,0.016604253181427,-0.110544049929821,-0.231703630965326,,-0.0063091138776592,,-0.0777012031996698,-0.0011721038076864,,,-0.0958728782818792,0.0198805975645406,,,,0.0158755302339912,-0.525938391696729,0.204951183225475,,-0.450239393288363,0.0162299513921607,,,0.00830704004663474,0.0156134059893702,-0.009594044087331,0.00146803826386055,0.0328303485590977,
2004-06-30,-0.0160102664510706,0.00491976518167725,0.0019946101799917,0.115853807948271,0.180735924211038,,0.0585103152243018,,0.0929055107408061,0.00193597606127405,,,0.105716524423988,-0.00328496448567073,,,,-0.0182572374158365,0.322156410177333,0.0401365548533477,,0.514674273141266,0.0115248718248164,,,0.0100560170916069,0.295502570539471,0.0608167153580208,0.016702078268521,0.686693389119293,0.00950005331873882
2004-07-31,0.0377505672335925,0.237985925952483,0.0106260928756789,0.0111501656814692,0.116023352078668,,0.0132203329838525,,0.0445048502415784,-0.0143337303674613,,,0.0145150155522522,-0.00186930395977392,,,,0.00282756384435778,-0.0268063048110694,0.0283872421528297,,0.0241959917114194,0.0142050131333917,,,0.00776023749014598,0.0177898809038641,0.0104253945526267,0.0054087273867669,-0.000230246023392056,
2004-08-31,-0.0163486078801842,-0.196977603025033,0.000593398714451965,0.0270485515316565,0.0722668196642529,,-0.0137433013921093,,-0.00409246498839266,0.0115302828205817,,,0.0258150820995358,-0.00884829937019305,,,,-0.0257117232096089,0.0432008568633435,-0.0623769596306563,,-0.435745653886145,0.0128933673241871,,,-0.0215233849193677,0.314504385666309,0.0402673472554138,-0.0400922188231689,0.544963796343609,
2004-09-30,0.0268838385953405,-0.0868134099221374,0.0052873044519508,-0.0481124286958572,-0.194607733082651,,0.0100767461461668,,-0.046523533971623,-0.00322596424681088,,,-0.0410695079396479,0.0144813446857537,,,,0.0191115080745572,-0.309747746856987,-0.0927933378622683,,-0.222728707387661,-0.000591016461374494,,,0.0109458694181903,-0.0303791721577937,0.00783859025666267,0.0157689589667758,-0.0618006664004529,0.0167836608056007
2004-10-31,-0.088826993022705,-0.0221237907904399,0.046951725062506,0.0277144779098606,0.0984919432651301,,0.00690075779689359,,0.00463261322764197,0.00630982227364463,,,0.00811964319165348,-0.0299331401560217,,,,0.0490750144027245,-0.0604096475984592,-0.0141567672130902,,0.630749194791643,0.0462009892694528,,,-0.00234473436812443,0.0210337672173786,0.0128566904530878,-0.0461353787087511,0.0789936094400314,
2004-11-30,-0.00577657550764599,-0.0817450752448829,0.00941444456493379,0.00710939734440075,0.00961394753288136,,-0.00743208091023284,,0.00901640467619202,0.00627739333222799,,,0.0200922064832767,-0.00408877342183089,,,,0.00793767314213767,0.0671578964424038,-0.00911324043929529,,-0.604793813207761,0.0101560560750489,,,0.00352180861212581,-0.0491355441574122,0.0213116326211011,-0.00199333548020952,-0.0708586559979807,
2004-12-31,0.146208697225655,0.0278073847663132,0.0149143160878271,0.123807157213154,0.0435612602681434,,-0.0199481670681365,,0.113380109740678,-0.0133620517818223,,,0.12284344634412,0.0299784830650189,,,,0.0523094983361467,0.311576065163147,-0.130122930827314,,1.55929503998827,-0.00220982702429318,,,0.0160030643059557,-0.414036975987715,0.0132468295108605,0.0170268131143807,-0.906255314723211,0.0194344645320665
2005-01-31,-0.00156947158552967,0.0188393433236698,-0.0450930209735674,-0.0254671345242219,0.0745375466447893,,-0.00943845768094498,,-0.0230046064000469,0.0167908490739475,,,-0.0275197500617583,0.101581763298972,,,,-0.218334144800359,-0.220830113644991,0.642677730746476,,-0.364628592020565,0.0262007972935425,,,0.010609822309819,0.300383434908746,0.0318175940839325,0.0602486025739051,0.627101468792112,
2005-02-28,-0.00190486207584506,-0.00637421420276318,0.00672223904356173,0.061920412954489,0.0430865204063355,,0.00425698585039669,,0.057804564730942,0.00332783102135359,,,0.0646455374847008,-0.0113446929004191,,,,0.00498114696695495,0.550130152467228,-0.00646377164929746,,-0.0597550377175535,0.00745447381453879,,,0.0101080670458451,-0.156682114604775,-0.0159607252499256,0.0129614998522989,-0.298658488647158,
2005-03-31,-0.0408570972659952,0.0357898568147901,0.012146193783753,-0.0135468677742701,-0.055781414209731,,0.0146457584357638,,-0.0178093382055202,-0.0373640788731411,,,-0.016146141287642,0.0047501092783051,,,,0.0200987802218648,-0.0991969345927739,-0.0210744786224444,,-0.00254236148573028,0.00930837428794362,,,0.0106899069610353,-0.0569415836050648,0.00807525585748436,0.00946479228378649,-0.0743418939401916,0.0400142062839652
2005-04-30,-0.0116515059456201,0.0175147716885293,0.0202248153380271,0.0433645495818205,-0.00510129328814202,,0.121924315624058,,0.0470273732126785,0.0315578688244784,,,0.0428534895294241,-0.000839746775861627,,,,0.141588794651732,-0.0149146114972751,-0.276898138080876,,0.315837677815109,-0.0288354188498765,,,0.0425282245859915,0.0861201646280136,0.0345648948106643,0.0609378837654617,0.18366903250484,
2005-05-31,-0.00163946153098138,0.0803893182044737,0.0469037515321702,-0.00239741511755298,-0.0524406435457587,,0.0114997628310025,,0.0120497760579159,-0.00486804042917477,,,0.00455068998698671,0.0150500412405314,,,,0.00371304667087635,-0.303463289909224,1.33229043757099,,0.0154207706677747,0.0549949964886274,,,0.0188111041113626,-0.139302824359714,0.0508106673609454,-0.00450148647695237,-0.282655713329367,
2005-06-30,-0.00168958933650032,-0.0803444703098908,0.0475552613901211,-0.0168928698402624,-0.329111736468591,,0.0200164350416774,,-0.0101608865458189,0.000205327895253404,,,-0.00200156727242096,0.0358180884487922,,,,0.195831688165871,-0.0983675333997889,0.0928501440082954,,0.239238008938515,-0.0244150296006804,,,0.0287876706338199,-0.231880072803099,-0.0183784903268585,0.0125257203156863,-0.603262772272799,0.0440416845339282
2005-07-31,-0.0310200639752853,0.0204500890716934,-0.0337248716034999,0.0209595869096724,0.306084601137024,,0.0128616870780842,,0.00957751445321797,-0.00849606999030605,,,0.00795895935975821,0.0046501243479824,,,,-0.119770053294786,-0.21818124145731,-0.469056001604941,,-0.194341386686349,0.0152446493529936,,,0.00654696850333636,0.060981919275326,0.0586785805275305,0.0407610046712517,0.236825993272503,
2005-08-31,-0.0172329071625335,-0.0243314989053092,0.00521450544152202,-0.0158761272632209,0.211154429501174,,-0.0259161324116395,,-0.0206006612282454,-0.00310328745084298,,,-0.0201938204803831,0.0124910853696356,,,,-0.0314595894946343,-0.195813111667577,-0.0216626825620523,,-0.400877876222478,0.0222117477425652,,,-0.00182074724630255,0.0259609976524136,0.0174696071089766,-0.00761618779828588,0.0943089400680757,
2005-09-30,-0.0279521215503333,-0.0149021677652108,-0.0291042721877819,0.00895851072391629,-0.00248988006389794,,0.0229935845553886,,0.0100882871506691,-0.00522667257354037,,,0.0126974242850881,0.0169466892252021,,,,-0.105907343755995,0.148874732098412,-0.188772655713358,,-0.128546448896358,0.00461297353891155,,,0.0100001859850227,0.148053160757648,0.00593611708871045,0.0412999236094347,0.364410516174668,0.0418614042291718
2005-10-31,-0.0314364184270666,0.00517981278895707,0.0422751041608755,0.0018048181487007,-0.234943239848305,,0.0168705728025973,,0.00958295268284459,0.00248872606351824,,,0.0100369442912225,-0.0259238628491296,,,,0.103671970477544,0.124431738242624,0.504695004074192,,0.0479524915483704,0.0117986430864079,,,0.00917056060666077,-0.15701849002636,0.00121776404055751,-0.0171819622287064,-0.302361172686821,
2005-11-30,0.00695596349119221,0.0584151074934569,-0.00396645595159306,-0.00368864422337722,-0.0750540635966255,,-0.00406389028082721,,0.0043609506163822,0.00152874796044244,,,-0.00136819966557056,-0.00686029117800935,,,,-0.0424582068814114,0.400870774935893,-0.288834279001011,,-0.548875907919482,0.0156397166949489,,,0.004126897974988,-0.0885263298765047,-0.0279687577792931,0.0107152851495069,-0.231017755945917,
2005-12-31,0.0762252865354629,0.372888212158303,0.00442378398978605,0.004140166422685,0.355486543706018,,-0.035584401193816,,0.0320199675845565,-0.0656475559880967,,,-0.0133438318997285,-0.00828797525576874,,,,-0.00335554484970402,-0.232319483667773,-0.703283510570064,,0.708689468171167,0.0126287144915231,,,-0.0236523520653389,0.179840498065984,-0.0198389816468119,-0.046930873917912,0.333011485040641,-0.0137963055574915
2006-01-31,0.0191128141798718,-0.0314900663550723,-0.0175916549613557,0.135688750036131,-0.464077700636621,,-0.0131163172599571,,0.125553353766376,-0.0909591008464101,,,0.148635250767743,-0.00501382396213579,,,,-0.0684188445608793,0.760240221617089,1.42623722193369,,0.465267680153377,-0.0133122439398701,,,-0.0207515582311011,0.0319570494517283,0.0199290594795247,-0.023447500224707,0.0484221607806354,
2006-02-28,0.0278244599574222,-0.157708680309968,-0.0124888848386853,0.0193497481098532,0.122130051047544,,0.0267876505778268,,0.00550367369597282,-0.0692861013895776,,,0.0255089155694623,0.0180799369010973,,,,-0.0687157491324193,0.00938025281823052,-1.3218828509884,,-0.0780981991666723,0.0228100241432294,,,0.00317292888422571,0.0603735866359632,0.0277620532064624,0.0163823055111045,0.100032800794549,
2006-03-31,0.0135098959813131,0.225596372922048,-0.00470891921606942,0.0305325122468343,0.0191282313092067,,0.0158044145286933,,0.0398805599474361,-0.0061824224540814,,,0.0168168018022836,-0.0183135828789975,,,,-0.0400973661120947,0.0553482526612719,0.294485505666613,,0.0963860707336641,0.00551947882961912,,,0.00734611845079591,0.022456198671895,0.0171613108841644,0.0172582941568287,0.0328691413987769,-0.00790271023168998
2006-04-30,-0.0274043987959356,-0.0417615203177046,0.00189514001761815,-0.039763249450008,-0.0239449669828415,,-0.0199271751575605,,-0.0228540824073793,0.00442729512019291,,,-0.0202790840255478,0.0113590199975775,,,,-0.0525046762163921,-0.108491877158791,-0.0161644200848858,,-0.388707114657138,0.0195403999950763,,,0.000729104995881968,0.0339073649395871,0.0098843138692768,-0.00022018824617831,0.100212508311337,
2006-05-31,-0.0154558902297293,-0.0714119435165301,0.00442531656201872,-0.0651098854121113,0.478910093484748,,0.0216760453729918,,-0.0951275492678487,-0.0102085919052293,,,-0.0983662464166493,-0.0347168682932484,,,,-0.0279389046293517,-0.557365405140914,-0.0638292652814165,,-0.185075427801025,0.0147186813492031,,,0.000880484787217028,0.0114385419404819,0.00286582065955265,-0.00201781254440547,0.0380064147439043,
2006-06-30,-0.0997616855694847,-0.127030849695455,-0.00090333927245112,0.082412727036095,0.051068122102234,,0.0466308257695403,,0.058038035351121,-0.00647687771786032,,,0.0811541967954419,0.0924451307149123,,,,-0.0842910817832454,0.0680544171041664,0.474394102419435,,0.498800493701259,0.0188334459561315,,,0.0354593771540195,0.149060684912687,0.0542914705505009,0.0643293519059096,0.341222701284927,0.0217910713908296
2006-07-31,0.0431094984829148,0.150585975240135,0.0276834627978797,0.102480664771702,0.145764036902624,,0.0345523480022969,,0.110981746746226,-0.0088233431627831,,,0.106430573648105,0.016205266491399,,,,0.00657171624476049,0.42809327772323,0.0179079423841966,,0.0698591149009626,0.0333734916055004,,,0.0252470659977,-0.0540715981136568,0.0447710353818103,0.0233707728415737,-0.119311413991824,
2006-08-31,0.0344709275197506,-0.279635911747484,0.0482806674476883,-0.0435698799421296,-0.323402833885209,,0.00275072599426629,,-0.0554569185695808,-0.012867655224575,,,-0.0321388370355056,0.032354649863974,,,,0.0853964984915052,-0.0707535527769831,0.279378057193532,,-0.290465517137516,0.0357453377818722,,,0.015262111125276,-0.0391507786451495,0.00399180797385768,-0.01098759212387,-0.0963728244345941,
2006-09-30,-0.0643343972661352,0.0151807733045395,0.0140384800678319,0.00292879195800744,-0.180116860888215,,0.0146342086484719,,-0.00234626793830905,0.00328675853495142,,,-0.00396930300965082,0.0121079475200165,,,,-0.0418803857527301,-0.146180719304351,0.123583586404607,,0.219726043564579,0.0274240522453653,,,0.0155267596875284,-0.0312583891621561,0.0225336973902639,0.0167438591745981,-0.00462143411404448,0.0363364119701455
2006-10-31,-0.0179264058092432,0.147743931267135,0.011060246785906,0.045757282779487,0.276545648166755,,0.0469014527939997,,0.0555447626574122,-0.00173157066783602,,,0.0464740352759438,0.00442096985409357,,,,0.0165497542479205,0.22598450746198,0.155671394851458,,-0.174065103455601,0.00747940843905326,,,0.0107069797958967,0.304989708845714,0.0170433614852001,0.0104183796779314,0.500310786721824,
2006-11-30,0.0502963281653361,0.163974426156571,0.0300049956348634,0.0734616121077032,0.557195331028125,,0.000611714673699026,,0.0912240479750697,-0.013073565161994,,,0.0833864616572981,0.0197373166380288,,,,0.0725024969951917,0.242018136897531,0.0839071153904092,,-0.189649338311884,0.0178102823235857,,,0.01688018659957,-0.0360956247792821,0.00986330666087376,0.00602508293676607,-0.0790081025573155,
2006-12-31,0.110566027806575,-0.0834466142666095,0.0141716844440829,0.029845629442077,-0.768690691490326,,0.058508655745408,,0.0443208202853409,-0.033255171717343,,,0.0576812007833585,0.0489920445165168,,,,-0.044783493574494,0.279181051455081,0.200304656866043,,0.361375960196448,0.0262124385416449,,,0.0399259610365714,-0.0587655933437468,-0.00510355559527653,0.0609848348289468,-0.161628381260716,0.044941145511169
2007-01-31,0.0446637833206935,-0.0858570543034958,0.0122628398231992,-0.0152337489770922,0.49150169393201,,0.00839441713414857,,-0.0341925950341295,0.00921512605806818,,,-0.0293013452247006,-0.00805776640452471,,,,0.0131251902170568,-0.0747635279350156,-0.0459279762195184,,-0.528860272748804,0.0132021124043256,,,0.005167851937804,-0.0056679193251945,0.00468632207928188,-0.000535728620231879,-0.0422300273042158,
2007-02-28,0.03709797369204,-0.0760908142439103,0.0693781390118939,0.0965240168769732,0.270068683451086,,-0.0519145955881495,,0.0788539151565093,-0.0129254064661755,,,0.091976273998986,0.0280248516682011,,,,0.260108628639442,0.168229442918189,-0.419967902908427,,0.491922008867664,0.0223059582501115,,,0.0217350472141842,0.0358686770373851,0.0291070846148838,-0.0185439366593485,0.0349350722181843,
2007-03-31,0.00169223169235089,-0.0492448316081866,0.0258258414515655,-0.00221139604789222,0.214960696859375,,-0.010966632553469,0.36799028714443,-0.0213696452408527,0.0195996317343212,,0.0699536222135499,-0.0192335360378362,0.0260388433358063,-0.172017085629191,,,0.0423914673029984,-0.196723921431674,0.198110269552261,,0.18507348554138,0.018070127452555,,,0.0179686380157076,-0.175745623636237,0.0183546043641414,0.0109758267335351,-0.335459229284753,0.0820947841639352
2007-04-30,-0.00759879636848559,-0.110504558989063,0.00184545301301497,0.0591539202460059,0.413636457973849,,0.0323065489616692,,0.0632770529722464,-0.00407241333195607,,,0.0752468557677783,-0.00756251453123014,,,,0.0282044013141487,0.142311672060446,-0.181373089505775,,-0.571741118486316,-0.00451701378526259,,,0.0161242115895668,0.0942045361421791,0.02114506096121,0.0287557408817065,0.192325405323457,
2007-05-31,-0.00955731404230598,0.383491126804638,0.0427317838869925,0.0375720829961548,-0.0713821224234188,,0.0364034709956513,,0.0608473384778403,-0.0217297323801571,,,0.036686808411158,0.0144952270708405,,,,0.0849277168118228,0.185758520145727,0.250065915631784,,0.0327037288016738,0.024979330339951,,,0.0324671452082654,-0.0521824378784093,0.00477770328733484,0.0234211044725683,-0.0908999840332356,
2007-06-30,-0.0275176528807748,-0.106470462831838,0.0367208823400755,0.00362679786803,-0.093080398404636,,0.0176369563823862,-0.296693932103981,-0.00570769955728245,-0.0139318859567918,,0.0995880324642844,0.00275645084256126,0.0270277085046811,0.0735011686400142,,,0.0883146472978726,-0.0706599777870363,-0.247619590508723,,-1.18001203609783,0.0212562057936072,,,0.023101593222524,-0.04129396480206,0.0841599708781402,0.0108247687777929,-0.0545036642915253,0.033693492577461
2007-07-31,-0.00884766256116265,-0.349551785091004,0.0327104396932647,0.0672747062293055,0.342676586722643,,0.0188027259892376,,0.0368908642240608,-0.00460648228606786,,,0.0620546469321273,0.0448705546331567,,,,-0.0253354153869783,-0.0846704694903657,0.125898106204676,,1.46897950621182,0.053210682445636,,,0.0240072006159728,0.038700726396991,0.0173307278357235,0.0159929023257579,0.0828426039564416,
2007-08-31,0.0401953758762605,-0.235633975468118,-0.00986838567228965,0.0180635957590916,-0.130400031392599,,-0.0183628091291226,,0.0111010556713165,-0.0158649627376271,,,0.022553260350529,0.00765004560406979,,,,-0.0791509006317312,0.0885005072365139,-0.00920107763180233,,-0.494629755783305,0.0138448964593181,,,0.000879567012798788,0.051307849775128,0.0512877928623947,0.0107574025644741,0.0610595361998829,
2007-09-30,-0.0383017190588255,0.617348052798504,0.0232504307134089,0.119607572487524,0.0453618916978762,,0.00341554407826017,0.331419484983792,0.10372677384855,0.0147759957888933,,0.164478081142757,0.0760297525255176,0.00556425514195702,0.0559424061742035,,,0.0771449156821227,0.115701390351036,0.218643955994947,,0.592582008429838,0.00223185475630849,,,0.0107549509377627,0.0241674357474562,0.11023805361326,-0.000748325203923983,0.0754219119891335,0.0321560751069399
2007-10-31,0.00770624397315167,-0.306921001157805,0.0238799218835233,-0.0206584033394943,-0.137857575840203,,0.0347091490843177,,-0.0137567614578344,0.00146137428176907,,,0.00385335279484522,0.0337332755416,,,,0.0482247287976669,-0.102331273256498,-0.196734144947802,,0.144837168694758,0.0182654737475154,,,0.0372512412856132,-0.0215030255690358,0.0112890130421466,0.0495505273295258,-0.044744529155496,
2007-11-30,0.0353039598101379,0.0724826941828596,0.0145878639012267,0.00348421970446822,-0.0374484029426387,,-0.00534579373883126,,0.00560871369135718,-0.0116586476670211,,,0.0020585421999435,0.0391507571268228,,,,0.0334940037724749,0.0806209106174176,-0.079938915481498,,-0.124772358859222,0.00877655920060683,,,0.0151234359094534,0.070959886977656,-0.00518416976782277,0.015609537864604,0.0991696528214678,
2007-12-31,0.146849813944923,0.154979938617005,0.00535627297824171,0.0457843854266926,0.0997510434437867,,0.0424034157415853,0.0568332885217444,0.0521983626353784,-0.0199530992580801,,0.070530481802086,0.046229049182811,0.0634305139808351,0.596554891153039,,,-0.0673486202555935,0.00894859380829693,0.0309150298338974,,-0.0960453071402654,0.0308178310576395,,,0.0416288562515952,0.0976932525594592,0.0576700719869265,0.0734333412712918,0.0583190047514321,0.0279919402569462
2008-01-31,0.0244009476013378,0.110863757644104,0.00479406810493366,0.0199333125170682,0.0109616150790615,,-0.00224076742901502,,0.0192069270652802,-0.0126182563241599,0.0126313944014509,,0.0133058101250203,0.0276239074574605,,0.0156239283211814,,-0.0343597600305259,0.0757192438320367,0.00529824782595067,,0.0317805108019726,0.0176531414381333,,,0.0110464487529391,0.0193902955815588,0.00336156623908046,0.0163146891201773,0.0151758844760419,
2008-02-29,-0.000509349170357609,-0.0875238279436399,0.00186745746983519,-0.0294458222632752,-0.097261595926323,,0.037810102577108,,-0.0253223171673618,-0.0405335502056161,0.010115190354286,,-0.0212552323547683,0.00722001619476664,,0.0266095502175077,,-0.0489347929499306,-0.0963466267259712,0.324192376052081,,-0.0811202977236096,0.0133429182728158,,,0.0139026315914421,0.0950605787188934,0.00316902560892807,0.0238748698422313,0.169254592123639,
2008-03-31,0.00405004481534377,-0.414048888899267,-0.00661506851272264,0.0151404745767092,-0.0667900777305306,,-0.0325031107035461,-0.0510162195164021,0.00303189008513449,0.00901882664006592,0.0054865600041154,-0.00101792542216472,0.0243709798761955,0.0299907208551442,0.0205819793333344,0.0231051577709689,,-0.0533286428202242,-0.012031838016247,-0.364979515379208,,-0.0516122977514888,0.011608493631142,,,0.0142531263502548,-0.294118137572081,0.0364363181682581,0.0310362342884556,-0.578743885395227,-0.0218866478931652
2008-04-30,-0.00425913042306547,-0.0414537336725873,0.031566562991312,0.00992116416880862,-0.104595606744489,,0.0170530303007546,,0.033507189322254,-0.00587956901069475,0.0250244404173028,,0.0364491633736925,0.0335149742566383,,0.0269155455424723,,0.0572177012006954,0.127114890830153,0.025200930514254,,-0.170128587744946,0.0242834799924392,,,0.025168483775543,0.105234879133063,-0.00380405158833064,0.0200898034412251,0.229618673794432,
2008-05-31,0.0121391577744099,-0.0402071500271353,0.0146237407764644,-0.0093899727475506,-0.203328178732216,,0.0439366917992299,,0.000872760209443157,-0.000505041759021552,0.0160910317137564,,0.00239049626496346,-0.0143042289444644,,0.0300266680758661,,0.0112009017770873,0.0590058492083845,0.0608706919864579,,-0.11084100377237,0.015115741933732,,,0.0247831867936412,-0.129437063525584,-0.00875790848220781,0.0328205293975241,-0.296348758599725,
2008-06-30,0.0618075349095459,0.802834376693382,0.0368203492621486,0.0137158931610166,0.0599691592305192,,0.0637746749812429,-0.189811639569029,0.0525447306861224,0.0187035687813033,0.0360199862235362,0.0485462985478193,0.0112869310481045,0.00491959818564602,0.200522527347585,-0.0234460654337578,,0.117874659627281,0.0356502362796132,-0.0263114984340458,,-1.03573803954288,0.0127134131398101,,,0.0379307726688403,0.0982230083768698,0.0253606780518929,0.0388004317170711,0.146257721809857,-0.00228208059613522
2008-07-31,0.0281609049785487,-0.0408019969859801,0.0053782521274357,0.0319613786543815,0.329630028568941,,-0.0173507676074447,,0.0199519144335305,-0.0352331252791185,0.00860245519168856,,0.0246452320479058,0.0127166578089533,,0.0306135964890668,,-0.101903213567551,-0.0315980986219131,0.330264850561965,,-1.14424619307819,0.0336575950862041,,,0.00346417136841382,0.0507604670641122,0.0295756645717304,0.00196403028107284,0.0786271630070896,
2008-08-31,0.00452865441027051,-0.0369837470215177,-0.000458296683101267,0.0208837570994831,-0.101803582256254,,0.0183290117772348,,0.0147354906554984,-0.00160718942743721,0.00933619118105788,,0.0184962933517507,-0.00329829774134538,,0.019942106642258,,-0.0170274387528924,0.0898905207114051,-0.329780083242573,,0.989235799913049,0.00817082084944154,,,0.00626828539265389,0.0447675314960403,0.00597517644072987,0.0115176583788745,0.0910983106916046,
2008-09-30,0.0082610717933882,-0.133530464215212,0.0412761460917146,0.0359056002621507,0.056906760341997,,0.0262568794406413,0.135159090789953,0.0208327171558729,0.0167878170986206,0.0207029370829641,0.0569641390384472,0.030897418059336,0.00605923430812894,-0.235046395383401,0.0270297183924129,,0.177617538422098,0.0215911978942476,-0.0408265872776825,,0.59812588482223,0.00119837439403447,,,0.0250716842948009,-0.22536151781518,0.0306986670331693,0.0123179686903931,-0.568105371378518,0.00906111218203876
2008-10-31,-0.0326860680954066,0.0552033571217656,0.0111779782249588,0.0398383674519867,-0.114149232727117,,-0.00600460832134075,,0.125424850089926,-0.000502844918543133,0.0315828428506499,,0.129485090433905,0.0297495032139921,,0.0104693318454192,,0.0178888474307559,0.137306436117733,0.00998378930204868,,-1.39799903616641,0.00898250144012636,,,0.00524156742158333,0.717164910009261,0.0347233692599271,0.000475758475294796,1.42775643279723,
2008-11-30,0.0372545728524116,0.317660884350783,-0.0299363648891635,0.0428821909918948,-0.0418630727931806,,-0.0188797568592616,,0.0505880509051071,-0.00301565394951808,0.00896952967174514,,0.0333889452259886,0.00239568095454779,,0.0121784251774706,,-0.150684402354932,0.0859961362042654,-0.00368235405979256,,1.82843607011244,0.00669957441019164,,,0.0121732430242805,-0.194577301482461,0.012088164865153,0.0449131124423268,-0.32109642294196,
2008-12-31,0.0615126806586677,0.306611605105193,0.0187737917776172,0.0267557104707041,0.191754158564825,,0.0456740059539147,0.0351395625460871,0.0624615005115547,-0.0119938645202282,0.0304081002329788,0.11173018580566,0.0417812941260145,0.0401538169154545,0.145434824099105,0.0454328063528351,,0.10386542041039,0.00502312204740818,0.302474981891672,,-1.15650649753246,-0.0099037797933601,,,0.0143144533673869,0.368594679346483,0.0372449004264155,0.010961738264001,0.527598720739819,0.0256098073542006
2009-01-31,0.0103483075230439,0.0924896504382318,-0.0235148884021719,-0.0162039927261581,-0.286375849149595,,-0.0436026492633967,,-0.0129426669028607,-0.0629599987731737,-0.0119855614118656,,-0.023725760969624,0.0135263936764431,,0.0122256907459466,,-0.134522357225057,-0.0392352840070576,-0.24976813230308,,0.340570705251077,0.0117848933042968,,,-0.0100046841032402,-0.0325427296809622,0.0147903575445074,7.30698381090633e-05,-0.050628277135905,
2009-02-28,0.0105666453851043,-0.258732947407596,0.036617720140546,-0.00739743980661878,-0.0478638237338167,,0.0216457404699852,,-0.0306666403346902,0.00451222594935885,0.0107830344724942,,-0.00881267333682878,0.0365693953650883,,0.0172704577151794,,0.113596414163881,-0.0216899966734694,0.00351530929465316,,0.201523860310871,0.0148535147457576,,,0.0122587392211067,0.0425299841258493,-0.00145057449993224,-0.0060861498166993,0.0561117404057914,
2009-03-31,0.0217854996740208,0.00623624938569378,0.00333152324321873,7.19256691397163e-05,0.277681649030509,,0.00711888700980978,-0.236832551024193,-0.011356469451151,-0.0186085151771422,0.00591449517449405,-0.0110072546731903,-0.0128552982659986,0.0108210257683439,0.330911596567519,-0.0161756472827417,,-0.00954244678812799,-0.066439282455125,0.049594458952491,,-1.2162185151393,0.0067029254448876,,,0.0144543859031145,-0.129493206086288,0.00879144161386769,0.0229283468963679,-0.199736372378082,-0.0238650996915464
2009-04-30,-0.00567742890880751,-0.0176746861256518,-0.0219061038173027,-0.00829936605602555,-0.0867241949167781,,-0.0368673092002858,,0.0141712808634935,0.0272159657077271,0.0071055204083379,,0.0168636313146173,0.0508206418820603,,0.0271290173776624,,-0.113230447522044,-0.00345999834305388,0.0550020212843574,,-0.226020207693363,0.00283580007713624,,,0.0139863362514987,-0.0774709701744136,-0.0015807229163034,0.0402365767337614,-0.116815867524325,
2009-05-31,0.0180577368145123,-0.0967049642004216,0.0142517815218621,-0.00608010908345236,-0.163404083631779,,-0.00035649082516187,,-0.0121111364850215,-0.0119002059144169,0.00300565680275255,,-0.00539378115211164,0.000521066926062019,,0.0177402162554046,,-0.0152780904770502,-0.0402010664797139,0.0935700701685906,,1.59742674105284,0.0209955098673085,,,0.00178543195270642,0.0610084545072915,0.00606515337212166,-0.00714788815720624,0.085069423838636,
2009-06-30,0.0247340714212321,0.0397296924887378,0.0156050714004472,0.020460997589419,0.0684688105429281,,0.0538718545307812,-0.0747045224328886,0.0253687471166479,0.0295690873396168,0.0287184260279432,0.00619599149442429,0.0242711420215045,0.0183035158663074,0.0147045369552252,0.0201942803644961,,0.0011289962237111,0.00825003471940278,-0.172742903709526,,0.309756256547963,0.0213110677867174,,,0.0277723782936228,0.0752869998147254,0.0152661961761673,0.0364936327745049,0.101641102304605,0.0143588538076731
2009-07-31,0.0129939560443795,-0.0458319540338739,0.0103549877304445,-0.0138948739753317,0.0663770039862914,,0.0349422459196465,,-0.0128577181329739,0.00261484208890472,0.0151828893755273,,-0.0103624992798164,0.0165587460984433,,0.0210826048835102,,-0.0190589484380315,0.0651576494767809,-0.0219989066419233,,-1.27088471067638,0.0178791242887009,,,0.0154714946461212,0.100511413695111,-0.0325103156146831,0.0190849731556639,0.141685658770403,
2009-08-31,0.00846315568784384,-0.00531649514924304,0.00903425207029684,0.0126049917775539,-0.023611626083424,,-0.0254978911928205,,0.00762958676282821,0.00951832751616344,0.000702085774747729,,0.00858531769761228,0.0160673432195164,,0.0122132354704974,,0.00374331218936064,0.0412296192413191,0.0285500126235272,,-0.189492020131591,0.0101163678908112,,,0.00266823553753959,-0.0717383332725401,0.00655560251907339,-0.00183250264750257,-0.109262858885113,
2009-09-30,-0.00639330905096891,-0.127654035462859,0.02082659204879,-0.0202027106463483,0.00913871378587494,,0.00322243877605466,-0.100624663227729,-0.00492989689423595,0.0149119392079093,0.0100006196513149,-0.0173534519977618,0.0035014354121703,0.0285632664138191,-0.0626867320795839,0.0422660651157187,,0.0356938625342469,-0.0555852167310178,0.670428306593312,,-0.224813491546161,0.00831622256928988,,,-0.0068709837372225,0.35527595270695,-0.00907562809578089,-0.0270368556888023,0.495535783956729,0.0260836551490407
2009-10-31,0.0307593787387948,-0.18504758718765,-0.000911878069821626,-0.00426891150989128,0.104596252980164,,-0.0160237548927853,,-0.0205764147825818,0.0010147203173787,-0.00196863441448869,,-0.0108719744840631,0.0165342511200723,,0.00676437946496655,,-0.0206125537534447,0.0178408152864211,-0.0347131140155641,,-0.0783019576862873,0.00449119220530392,,,-0.0023225671707241,0.00770941696196381,-0.0224129206291117,-0.00337580997589093,0.000681429352701102,
2009-11-30,0.0018621408289583,-0.00222314479938568,0.00387118258485408,0.0223843164190001,0.11613143189124,,0.00597391852785201,,0.0126827134401371,0.0175476372558521,0.0082475162926734,,0.0134816692856123,0.000922418592459451,,0.01047860854551,,-0.0108270634382759,0.0501890077844696,-0.0278491766797835,,0.789413913430993,0.00792304506225783,,,0.00645032022563186,0.000718302308857943,-0.00281121410044172,0.00837398331781536,0.000364000428504596,
2009-12-31,0.0476469945546096,-0.0133390321550095,-0.00178437899877082,0.0762515918798279,0.235014611352414,,-0.000237543672376717,0.0360571367730564,0.066904009981533,-0.00104033495214573,0.0166199809605789,0.0735672196509025,0.0709962516987996,0.0168177888577201,0.0350656221481742,0.00413501295969176,,-0.0398937092530485,0.148185620032354,0.0382779849081221,,0.395370207593495,0.00626684358564056,,,0.00922101835039335,-0.0238691338406163,0.0228609406768321,0.0173330958305797,-0.0471178362478142,0.0170224182955963
2010-01-31,-0.00337777867287592,-0.00662596272067084,-0.00249670788045186,0.0523133786459535,0.486430127785399,,-0.00781821149549877,,0.0452540250510918,-0.0127438558183268,0.0066989730478948,,0.0477221743252176,0.000657945931168413,,0.00622430897302984,,-0.0292211883799709,0.0299958469705928,-0.00322670456208485,,0.0308983429307386,0.00342172572469046,,,0.00129894114752105,-0.035671646785099,-0.0175051402893924,0.00406102101601569,-0.0469198086994265,
2010-02-28,0.021303936280237,0.0179618888499178,0.0124568509811152,0.0125903993161511,0.0888109572848119,0.00625400271068699,0.0080828401182238,,0.00564519876481384,-0.00578540545439132,0.00868136090330829,,0.00507131199783117,0.00770484747326883,,0.00718468719633947,-0.0015303325506153,0.0345074519240942,0.00852750106066757,-0.0767758017527429,-0.00278428559520982,-0.0681453346772258,0.00912845834327136,,,0.0159644817639144,-0.111799665238399,-0.00332839279148267,0.0185009392724389,-0.163806149517075,
2010-03-31,-0.00492606735259038,-0.092557970653834,0.0175440160106941,-0.00247082154993805,0.0868963200356809,0.0082754474252571,-0.00814591725761638,-0.106184500609674,0.00683719859869036,0.0158083298372134,0.010938393695767,0.0412897119629392,0.011264293150667,0.0416807646598158,0.253943485452284,0.0104116125136908,0.00460283525422867,0.0412911498778392,-0.0305793173121192,-0.0759100358003302,0.00166780293946722,-0.814333399097857,0.0136395840568699,,,0.0111601491086191,0.0471747615260742,-0.00694227600802222,0.00653232881281696,0.0686873494061615,0.0533518771081489
2010-04-30,-0.000551467218906865,-0.00361317525430493,-0.00614265154458238,0.0171190400981018,0.112803837351066,-0.00725365521361709,0.0161409603890412,,-0.0115566695950839,0.0203952082618049,0.00344801148883889,,-0.0118938229840602,-0.0157627785344108,,0.00745571362537589,-0.00895133813677162,-0.0860103918457717,-0.0559768231965307,-0.0533502365642269,-0.00200098496293144,0.822089683660156,0.0119787191719372,,,0.00581710188527396,-0.0760430446653899,0.0140763001619284,0.014445620707134,-0.107744740085126,
2010-05-31,0.023262949454093,0.0340333078953314,0.0245438541427898,0.0320947698332343,-0.0169614385193242,-0.0140532832638218,0.00844254103572339,,0.0292784403056441,-0.000622756101225974,0.0161467597163067,,0.02907521624868,0.0192903159837101,,0.0109175577550289,0.0142670771709152,0.0977147983658977,0.144753938621189,-0.0945564818325284,0.0100800437315236,0.459625696914272,0.0102401024498526,,,0.0127608038724762,0.0217986017222973,-0.0110397499151986,0.00426106891412914,0.0211492514750447,
2010-06-30,0.0126179254001997,0.0325002170535562,0.0299271299262465,0.0219050621924026,0.0773949055725751,-0.0287565632450626,0.0587127232382532,0.00594918147124623,0.037363732756166,0.00401474038817184,0.0240343589641618,0.0490112162497258,0.0375715862730299,0.0117825086996994,-0.33436290702436,0.0130975074353596,0.0365213424133444,0.121212364732672,0.00500571569401487,0.0453115812307567,0.00758920541136021,-0.347351115075748,0.00780763221099079,,,0.0261729768323136,-0.00513436802507172,0.0184620463260714,0.0234284083219798,-0.0131169062876335,0.0228723642540416
2010-07-31,-0.00730212418534748,-0.0621797740695804,0.0132718513211785,-0.077671894518371,-0.243525759018553,0.0156044837501241,-0.031980126599688,,-0.0600218606938103,0.00899883216687236,-0.00623516746717456,,-0.0599300004453909,0.0369179329431422,,0.00565726333304539,-0.00121649063276408,0.0267186289653765,-0.0369951986582961,-0.0331822087685518,0.00156512640375794,-2.34639633159858,0.0104237740596176,,,0.00572605191876008,0.0143208860682336,-0.0363079839095999,0.000155129441749224,0.0240168796139848,
2010-08-31,-0.00212002628612495,0.0450188904928996,-0.00503268306865934,0.0205315043821219,0.071690151317986,0.0288952609449318,-0.00567335698494986,,0.0117619231854427,0.00174028239617563,0.00162896169805471,,0.0103230020163441,0.0112745961124538,,0.00399496195507076,-0.00198028075998558,-0.0824548939770047,0.0202456815223933,0.50512362664876,-0.000714511741488622,1.67035914151586,0.00578955668956205,,,-0.00105064371526709,-0.0102775790904541,0.000746201887412923,0.00189832595274986,-0.0138999039562044,
2010-09-30,0.0104833971049487,0.0289097299849725,-0.0292442725708977,-0.00247410970461814,0.0882382224757077,0.00982650536278307,0.0100999055980129,-0.29378736747516,-0.00273408129079833,0.0296735224277409,0.00701319018650004,-0.0236478693190438,-0.00415037810572194,0.00994641390338735,0.198366812131777,0.004395554787056,0.00810127725915422,-0.186782818658878,-0.0364831541435713,0.00840413085260927,0.00171509551533866,-0.56881598370737,0.00386881033973019,,,0.0101488764770643,-0.0179133828070572,-0.0100924162275451,0.0382572861092392,-0.030862594345356,0.0293609911023349
2010-10-31,0.0100313738105804,0.011153810673294,0.00434766628261052,-0.0173990907007564,-0.053355107508807,0.0482410796878661,-0.00460561032200246,,-0.0305547917320865,0.00941768243079721,0.0013067291876343,,-0.0324946120486462,0.0170077603821781,,-0.000438164222089199,-0.00362663814017239,0.00287648171144461,-0.0147038070886669,0.00813127339200648,-0.000323824053767297,1.28051562022803,0.00455609592945372,,,0.00485242347378723,-0.00306441874719887,-0.0183035621273291,0.00520047358479658,-0.00921980607353845,
2010-11-30,0.0274055140706544,0.00921742549398807,0.0220826063377118,-0.0383136164346976,0.00897451630598667,0.00825984969253746,0.0119518955766793,,-0.0246564809760894,0.013598659681044,0.00412465504340709,,-0.0262954853759663,0.00914274183999098,,0.00083575021100657,0.0151989820586333,0.0833581807308388,-0.083507791032817,-0.0417617886694241,0.00785157986375573,-0.978908795298096,0.0109850074670899,,,0.00945875571519927,0.0373145362217677,-0.0226340857063896,0.000664118049542139,0.041982938324173,
2010-12-31,0.0382791115429963,-0.0794273076390599,0.00457309773187831,0.00140955794431541,-0.0888949253588702,0.00810005539118208,0.001842898170068,0.306505834099047,-0.00192927465811898,-0.118531527943597,-0.00366084882062978,-0.0269075984168037,0.00173662330172952,0.00739543745000937,0.0285232974217493,0.00823173575504121,0.0326461395173787,-0.0222846190714296,0.0317506687880993,-0.0183499080739136,0.01389902978101,0.0499407836404142,0.0105608081907533,,,0.00389594481140065,-0.161219158638755,0.0142537472443394,0.00341884055266384,-0.270213271269526,-0.0120421486852003
2011-01-31,0.00386234352117221,0.0567618455910708,0.0151604376877046,-0.0420786411728411,-0.922620884091648,-0.00140645746263424,-0.0265062487529804,,-0.0339823423188523,-0.0131337790309018,-0.00964924921607668,,-0.0383051681149453,-0.00530424672275487,,0.004589214291423,-0.0176437132569252,0.0745595951024036,-0.0126543793852214,0.0631068260935912,-0.00445630977263711,2.90863414955909,0.00170717805495002,,,-0.00320464097962869,-0.0338676173218673,0.00276981696376843,-0.0163573931877767,-0.0586545931422755,
2011-02-28,-0.0100402919607614,0.0212946665215057,0.00749335559057052,0.0277152405452412,0.618428630049596,-0.00707682959955314,0.0372519591686533,,0.0265129198236167,0.0271330428718599,0.0161024475907716,,0.0267728039590907,-0.00579033723262867,,0.00504494917723086,-0.000164348490544697,-0.00863378592984532,0.127561431461684,-0.0399827412270337,0.00312554831088541,-2.52769963920306,0.0119230988497989,,,0.0105364661318941,0.090784521109109,-0.0126354958505726,0.0127446863881904,0.153765237524315,
2011-03-31,-0.00748118787863561,0.10112904786221,-0.0316237671756454,-0.000324070406707122,0.0153545786887932,-0.0370882995002475,0.0134036651429934,-0.284231255613083,0.0118561292153014,0.0268731429906239,0.00886183884757941,-0.010962940533414,0.00720752140594882,-0.00124728756703263,-0.00618766934262993,0.00158657618076141,0.0144551130692037,-0.239251055715171,0.00581627853057043,-0.0425858939304877,0.00568535458732988,-0.706509458958116,0.0078866388297314,,,0.0136457473084644,-0.0575655692088848,-0.00251310870664234,0.0451763492327579,-0.0875626490792474,0.0260481077173296
2011-04-30,-0.00321579772215408,-0.0877922219432072,0.00139332133904269,-0.016625797110752,-0.0929763434515127,-0.0104896320689587,0.0241224652343863,,-0.0270623215281631,0.0145776484023656,0.00616112498085286,,-0.0238528094722543,0.00138042638500124,,0.00178840475809494,-0.0111699614505714,-0.0233744582655859,-0.0188071397882581,0.0505956313519089,-0.00612419134755093,1.21551593599508,0.00454322256161177,,,0.00821139771531421,0.038019547598342,-0.0100803774384399,0.012755263743939,0.062889313418399,
2011-05-31,0.000278355631804672,-0.000400298314820802,0.00491435372185656,-0.00448517619277311,0.0104168759759169,-0.00852160555826842,0.000961262347445313,,-0.00309085160862388,0.00524749497447985,0.00821134894530573,,-0.00322874439387455,0.0189943562252619,,0.00827548874118023,0.00130977931517862,-0.0443529640497591,-0.0155427424867085,-0.0316856326073047,0.011054853133377,-0.149883241802558,0.013380188289057,,,0.00556599300026583,0.0973983916221197,0.000332956100058013,0.00599757997613715,0.149993712946785,
2011-06-30,0.0217210725656116,0.199010374141318,0.0222709410769024,0.035154688205866,0.211711253694958,-0.0256947689023317,0.0941227787162706,0.0585195709321464,0.0324945539102472,0.019833468550889,0.0308725187470849,-0.00515715947918061,0.023152192274523,0.0010664907395217,0.0357227468768961,0.00863823627762805,0.0371610722273665,0.105067231788569,-0.0362199451775531,0.010925195222061,0.00828599731972091,0.832417577468286,0.00916131450467361,,,0.0231337756208099,0.153108234452851,0.0164485133942769,0.0237045201647845,0.213121251387753,0.0367315800042309
2011-07-31,-0.021942937935302,-0.114641377467084,0.0120836428506443,-0.0390664172252091,-0.195692240371365,-0.0158747423294816,-0.00922585475003501,,-0.0334242081731695,0.0227289387916763,-0.00181969905570512,,-0.0286622573357267,0.00741208399033866,,0.00595397086058647,-0.00515441254534288,0.0330935919455122,-0.0481678650625756,-0.00860618508445654,0.00461086388861176,-1.9525778316959,0.00887501062417684,,,0.00350601463128442,0.00430598419160511,0.0234835414917978,-0.00220447764547949,0.0149961391827205,
2011-08-31,0.00648533515198224,0.049245799969114,0.0015646605679045,0.0164755672230683,0.177332218059775,0.0218011034066059,0.00358044832585591,,0.0154107491956168,-0.00302898600221191,0.00632744524149409,,0.013476554924738,-0.000341233188841272,,0.00937678833681233,-0.0030866142403152,-0.0616752398342673,-0.0220853082468331,0.0159517662090369,0.00330632894869431,1.26115235291977,0.0118413785520097,,,0.00382733701204785,0.0218795823417359,-0.0106892229160067,0.00534163249515984,0.027968470242925,
2011-09-30,-0.00433971441943015,0.102393740340839,0.024573395627753,0.00308709079339842,0.104103725436381,-0.0286002838529615,0.0101250690966399,0.206218274049798,-0.00746436796904604,0.00952418037605796,0.0081391637513164,0.000802311504132902,-0.0142448490345597,-0.00424770921451412,0.0918520852817011,0.0426363736916127,0.0122347185262921,0.0767379692199501,-0.0348740069898383,0.0305297194816045,-0.000754845490186895,0.0233284028695886,0.0158257418939414,,,0.00941299064858292,2.25120122543387e-06,-0.00553955320157051,-0.000843532392513779,0.00169614781792582,0.0192870194863595
2011-10-31,-0.00706261486914173,0.0750926710452671,-0.00259830684837503,0.00100332686145244,0.0310449166456621,-0.0087232417659262,-0.0344917074614646,,0.00160435174417728,0.00836184764743209,-0.00611477193361054,,-0.00339480540325354,-0.00046063076862346,,0.00877761173245517,-0.013881881350569,0.0157801104926385,-0.0181299610013355,-0.0692594176276735,0.00177908318240583,-0.645264234587872,-0.00457152607400602,,,-0.00219641837922602,-0.0898461407205691,0.00823982501833598,-0.00192114431795076,-0.123991138834384,
2011-11-30,0.0187064371807004,-0.0249200522730995,3.83880627197186e-06,-0.00312418818873361,-0.340673959054023,0.00172048860986251,0.00555479764566336,,-0.00620616876445901,0.0135540522478799,0.00348185231261766,,-0.00489564009663646,0.000966333695252786,,0.00834465074558288,0.016023185431747,-0.0594904709722517,-0.0135844177234929,-0.0385119922925519,0.0120781009675426,2.35725516054939,0.0106649340811433,,,0.00100713113675965,0.0624787775447793,0.00594023840308289,0.00169352407748846,0.0810297147862258,
2011-12-31,0.0707711082766735,0.213694736171808,0.0176173835770381,0.090356692296659,0.22643355114319,-0.0144476438670775,0.0674092541356206,0.128707525816868,0.0795200910121707,-0.0409670360553402,0.0301323937162135,0.0622379740164423,0.069514777553179,0.0282215204017415,0.13741212151568,0.00108754214658546,0.0443548468108936,0.127929996854709,-0.0292738528928993,0.00500113480728359,0.0238049357924375,0.640359997693739,-0.00129352935815419,,,0.0231221892275393,-0.00970194208809971,0.0505837076214526,0.0268677081753932,-0.0447311857884589,0.0183332099292191
2012-01-31,0.0152658512635462,-0.31170126451638,-0.00518157207807945,-0.00540050035102801,-0.0304025727209876,-0.0303687853168082,-0.0283855686639836,,-0.023073680772006,0.0214147694984508,-0.0105413775194894,,-0.00319486962720106,-0.0084340918284056,,0.00721466334705845,-0.015844759155657,-0.0433868476708437,0.0264064859455591,-0.0166033307547337,-0.0120467923324661,-0.0782628152692499,0.00190953362029944,,,-0.0194805723784413,0.118197092989435,-0.00222243569202618,-0.0292822873947713,0.162307428398679,
2012-02-29,-0.00727524541103897,-0.216944966063789,0.00874180132089641,-0.018048665709669,-0.185815473818485,-0.0154019876045979,-0.0192629895522582,,-0.00852784756446567,0.0141983176261196,-0.00785681207435296,,0.00247821031017814,-0.02720439704032,,0.00757854005028591,-0.00563691559855961,0.0200244562729761,0.0176384767050752,-0.0557192661158403,0.00184952029851004,0.0378300248276577,0.00775693198373339,,,-0.00493222248508296,-0.026898327310457,-0.00604106864176224,-0.0145301913255622,-0.0348171511012882,
2012-03-31,-0.0187345297128889,0.460537369597999,0.000840129690358182,0.00237197679647849,-0.0770942858117483,-0.0222868140733805,0.0338492332087981,-0.388574791510569,0.027318260245659,0.0144596792584242,0.0151583241529529,-0.025789132205702,0.00137286402227943,0.00544115789180566,-0.24279897022811,0.0108316497175984,0.0154056965999168,-0.0287267732509342,-0.0582323725882521,-0.12429261581732,0.00391870504790504,0.307819250648196,0.00782782876705745,,,0.00956542262212956,0.124628494392903,-0.00924733257201282,0.0157155666420987,0.177832231102702,-0.00630271920688763
2012-04-30,-0.0124691151943974,0.164222373889052,0.0102598975604149,-0.0590978406982945,-0.206816933169625,-0.0192334576795385,-0.0352745982074847,,-0.033596360969586,0.0054782430794571,-0.00992100276936192,,-0.0500850826627541,0.00292550449699114,,0.0049527031981853,-0.02254465014407,0.0226908697328447,-0.0169104080252183,-0.0221789195819504,-0.00780748933203412,-0.470992179610494,0.00853085975323431,,,-0.00246121172603075,-0.00722593560799112,0.0101796800918219,-0.0114586106712586,-0.00546972863919848,
2012-05-31,0.0375308932519296,0.194470222543515,0.0205907664455705,0.00874844270997777,0.0837997078432586,-0.0362511993324635,-0.00127364964485643,,0.0313763488803769,-0.0176466039358605,0.00929636072464213,,0.0148310374396718,0.00944984599392562,,0.0128874526130893,-0.0015317951078071,0.0293087062036168,0.053939262765633,-0.0512206036178933,-0.0016530411408695,-0.40258491850507,0.0199622299108029,,,0.0105495394530095,-0.00673850085665606,0.0201711257891706,0.00330772706762339,-0.0219619894554963,
2012-06-30,0.0132171429978989,0.0758177435016254,0.00921538887632245,0.0579145848751192,0.0292941467559302,-0.0448654909029909,0.0976093273811731,-0.153675560893376,0.0504667010090643,0.0334849266738111,0.0357885486389886,-0.0371757323614226,0.0476163369076943,-0.00151247979826152,0.0831718001559612,0.0121940329284076,0.041645617008502,-0.0107530555455604,0.000597382924347301,0.064031995280323,0.0247805133911712,1.11184738366273,0.0120170816000247,,,0.0298226050011365,0.0706593516961043,-0.068818601288049,0.0445512425494901,0.0902413209904207,0.0176538532416171
2012-07-31,-0.00327929776016411,0.0574123648067193,0.0162791515385745,-0.0740169169926226,-0.0358013117981972,-0.018229265112339,0.0353322730024104,,-0.0613289820842393,0.0126824063187829,-0.000829932542499634,,-0.0758099973282675,-0.0342101126718184,,0.0350229920328893,-2.36179400125991e-05,0.05422152332957,-0.0781837672091257,0.012858413712352,-0.00307664880524072,-0.573650307529416,0.00962954200604926,,,0.017211867866882,-0.101789062699758,0.0165833972635241,0.0178663101446492,-0.136333045736826,
2012-08-31,0.00551159776348875,-0.0648048889380632,0.0130370606443186,0.0261037896393521,-0.051430523900688,0.00408013673218655,-0.0375270868958353,,0.0111161912316504,0.000584993313864857,-0.00477439591077733,,0.020595901842885,0.00843542657214691,,0.000970996648927525,-0.00776342725635892,0.0398480480209802,0.0496448274671693,-0.00810974740297343,-0.00364715432259644,0.227820326876031,0.00839305793379985,,,-0.0115003611120628,0.0283660977551836,-0.00317087455484355,-0.0290696710031568,0.0367959114278182,
2012-09-30,0.0133448279636905,-0.183236850356932,0.0029143019587643,-0.0192855162176304,0.0242352481517774,-0.0137930247556106,0.00659948581489722,0.0535200121097397,-0.0449581862201871,0.0132836650735548,-0.00158200939768705,-0.0372714988618412,-0.0296287271664308,0.00728071647727546,-0.00870661161401109,0.00388182628299738,0.00254152378911066,-0.0438238988244013,-0.0560494074949442,-0.0255213426669432,0.00393592889897576,0.0801923594715852,0.0117285374162535,,,0.000236509743302804,0.00933601582572408,-0.0298086500240444,-0.00172616574930551,0.00787636760972177,0.00338681497401261
2012-10-31,-0.000369375830615581,0.155007716647562,0.00412312478636778,0.00242167363947132,-0.12144168436086,-0.0143282064463737,-0.0258181491484244,,0.00266927808848827,0.0118068923763186,-0.00485071837675655,,-0.0143552544710133,-0.000964506328088532,,0.000394377873909946,-0.0202270423798101,0.0126222667604896,0.0354647434826525,-0.0820578668958394,-0.00717590440083349,0.0183172582889171,0.00362320898574175,,,-0.00843652612867274,0.0304507231396371,0.00427730530471671,-0.0177650080401399,0.0414707652401436,
2012-11-30,0.0127573308942566,0.087876896101502,0.0019084785450989,0.00445264128331502,0.042540263175356,-0.0074858082722109,0.0061354586722846,,0.0181684366210533,0.00490685248834843,0.00547919433820709,,0.00935692980014302,0.00222083834531439,,-0.0016443338084926,0.0111977230274007,-0.0121610290198753,-0.00489623253069027,-0.12137827164291,0.0147163712870562,-0.0558255042312972,0.00567704688507575,,,0.00689953519802167,-0.0120776576798676,0.0145161581254385,0.0106310374913114,-0.0209213925568417,
2012-12-31,0.0469354845788601,0.0578665767190163,-0.000321859324429852,0.0414325180365118,0.0156363318605912,0.0369843556501888,0.0428438948527639,0.268230501875637,0.0532585561987773,-0.0316761568461512,0.0199554203344761,0.0575344925455088,0.0526512945787285,0.0160540564746796,-0.151540737929331,-0.000975051055736031,0.0439974632990996,-0.0101981708545651,-0.111222447929302,0.068469050147117,0.030395217019338,0.511268589672506,0.000693532290126697,,,0.0188073291564343,-0.00855330763676143,-0.0116106613997875,0.0328129186297161,-0.0294323905132678,0.00211669506602519
2013-01-31,0.00811145787550949,-0.0271571458577018,-0.00248532923544076,-0.0881579919335973,-0.162562482944304,-0.000528422346755875,-0.0416288768632302,,-0.0835766418625585,0.00363127949005282,-0.0238920574365888,,-0.0912750741945381,-0.00685986445408027,,0.00188867176574981,-0.0278018816930281,-0.0216068935324394,0.0333546748590479,-0.039855926056438,-0.0300659210794407,-0.708082714285641,0.00116330752705807,,,-0.0163707258535997,0.00053202334454383,0.0153510483745052,-0.0264906972625081,-0.00244629876716651,
2013-02-28,-0.0057255987889917,0.105229551084609,0.00479513272107468,0.00197095084316246,0.0428140615742461,-0.000770565869995465,-0.0313688897811986,,0.00531248553116193,0.00434129664892069,8.52761500169663e-06,,-0.00960141052447305,0.000217867674205507,,-0.00981307857067826,-0.00523010656437251,0.0241056548732068,-0.0374570619853518,-0.0679169751997781,0.0093305744833998,0.0965953554603782,0.0022087850571193,,,-0.00121244066131965,0.0132804847145671,-0.00406379431272086,-0.00566698398247389,0.0206899808268144,
2013-03-31,-0.00656513617940746,-0.255521804292897,0.00928472701737348,0.0224771819287444,0.00615223329576331,-0.00559800485565098,-0.00686681082505025,0.0189954108458537,-0.0080940072130975,0.0473407369873744,-0.00373846524103705,-0.0584521389876276,0.0259564224768738,-0.0164911080825263,0.0022692867482359,0.00427060734098994,0.000491046613452895,-0.0107624517331359,0.0149734389860736,-0.0200387600723859,-0.00396806815119533,-0.0217057088135419,0.0129731851836521,,,-0.00812498466533107,0.0056864269092376,0.0344280371141021,-0.0213018283670188,0.0103602572889585,-0.0250691486515962
2013-04-30,-0.00241734335840249,-0.0292596708993216,0.00955541219300571,0.0211335567777251,-0.00591989431558382,0.00718747477582937,0.00883169788905391,,-0.00362858569831026,0.0163299451341121,0.00731961878760146,,-0.00061541103695717,0.00758958038017532,,0.00568573708513931,0.000150331504354284,0.0107708332906444,-0.0291108868160865,0.00181684905522772,0.0035363883837416,0.327306969976515,0.00942068329530166,,,0.00654418402244161,-0.0095405999954199,-0.0162532809608091,0.00422379535064898,-0.012248408754159,
2013-05-31,-0.0014562834383085,0.109596068073458,0.0086647112093523,-0.0328459897366304,0.0127311389485829,0.0538950916125494,-0.00365087020612975,,0.00348045809561093,-0.00502014982425258,0.000914342498019138,,-0.00957775676830686,-0.00432535466049799,,0.0107024998627061,0.0100606239084957,-0.0202451777768999,0.0932441090740959,-0.0399334131288906,0.00929480472787603,-0.431536036300837,0.0138858667326129,,,0.00551084830985893,0.00403870339622436,-0.0113066167327762,0.00306723115764029,0.00612989201651004,
2013-06-30,-0.00406323925487939,0.121268859472393,0.0127906230192636,0.0635620534900063,0.238019313902777,0.00265544374933491,0.063888101203851,0.00513442597019598,0.0648191459887588,0.0355540323010217,0.0322114819091954,0.0590466224832067,0.057208686532217,0.0205771292055381,0.0267117157254191,0.0063185345249348,0.0457394572992698,0.0537587256589767,-0.0423164943686469,-0.0312708317433792,0.0245271583258688,0.234390713360327,0.0063215614095693,,,0.0226629358163688,0.100164330404574,0.0497877873264585,0.0302667315454332,0.13700277514498,0.015777667590406
2013-07-31,0.0232772315680059,-0.0280133257149284,0.00502337780152828,-0.0194135392606363,-0.226323628240223,-0.000198716250976005,0.0109971569781582,,-0.0248885299776251,0.0143022532362771,-0.00520864473800842,,-0.0244543677170839,-0.0270076126788545,,0.00698144373606446,-0.0126888788797626,-0.0102695832497002,-0.0333475600880213,0.0202597213386611,0.00533167653865441,0.105626191305465,0.00748798580517729,,,-0.0041466562251955,0.0075579557848755,-0.00920681830852743,-0.0112051408538019,0.0023279742213056,
2013-08-31,-0.00259817945000762,-0.0192554497927233,0.00424270368665702,-0.00173298714605963,0.111846059801824,-0.00871300860761792,-0.0184207913860526,,0.00233387559300446,0.00276919546701748,-0.00107994184554627,,0.00529171517319149,0.00353961938892411,,-0.00435887416036174,0.00719974607611817,0.0150196542915566,-0.0426269448073722,-0.108663613272412,0.00250546972889509,-0.07420043877711,0.0033139112457512,,,0.0010548660765668,-0.027487956520007,0.0106846926424939,-0.00142593004857616,-0.0359973019840414,
2013-09-30,0.011714197176234,0.00445493939595387,0.00259525766028545,0.0280819949828448,-0.000545281253135244,-0.0385419409246932,-0.00923870853679176,0.153849522810672,0.0161847469936358,0.0251104230847741,0.00261175516505041,-0.00919273179659008,0.0177616328065717,0.00332238266612173,-0.154272036335747,7.73931957915863e-05,-0.00637131398832125,-0.014139252735891,-0.0143968068809404,0.129025049900812,-0.00670173740364888,0.186621105025985,0.00440745656581853,,,0.00392287556318749,-0.0653896913900276,0.0138715796399129,0.00495774567779605,-0.0936493283532513,0.0130811196170004
2013-10-31,-0.000479669085832413,0.0416121205679243,0.00640032496091081,-0.0250785040705566,0.0499954365308426,0.00512452976247424,-0.0134924519208717,,-0.0202182196018175,0.0315581951625958,-0.00403452414214911,,-0.0287722538534609,0.00947497470269987,,-0.00239871207353204,-0.00953886906002488,0.0598694694838571,0.02444152295792,-0.0552503099988275,-9.12877381527011e-05,-0.352607160020371,-0.00229217663489578,,,-0.00240986155122513,0.0158988025949061,0.00852756056660375,-0.00932338958696377,0.0221539746648958,
2013-11-30,0.02083415505437,-0.0142341093399363,0.00637395605537883,0.0196775709754018,-0.144330450171955,0.00309070063149619,-0.0248211695822445,,0.0147175651625435,-0.0169297204325964,-0.00074645856999922,,0.0187979488456325,0.0127459695604184,,0.00341909514652095,0.0033413425404234,0.0213300034427277,-0.0138681362144908,-0.206310264376786,-0.00581303052909021,0.145537973533484,0.00523495661804496,,,-0.00413410574166662,0.00504360901462064,0.0313323114334914,-0.0125239794683054,-0.000984565059876985,
2013-12-31,0.0218284072166206,0.0874110231764114,0.019557910180545,0.18671207987518,0.447665339471845,0.0405930570654913,0.00797969684773214,0.105339126287893,0.184076860615534,0.0546717717430649,0.0335698733199461,0.165056147313956,0.196768918464313,0.0125631402785196,0.0593227590794942,-0.0041257193074955,0.0337539754564258,0.135700480549174,0.179583776166812,-0.584175159731751,0.0225283597342543,0.690447523067087,9.87805147651954e-05,,,0.00967582142028434,0.0237595118794882,0.0303655051687368,0.00163915256348446,0.0245038111108276,0.00803627470383006
2014-01-31,0.00537562067745867,-0.0341200067680028,-0.0106851051572736,-0.124924698771705,-0.443573589452791,0.0349391535702637,-0.0477352623768219,,-0.12505255624346,0.021535099101806,-0.0313401450284125,,-0.136952428428886,-0.013011563960136,,-0.00968248221434997,-0.0319405751665531,-0.085690367031825,0.00446743084550683,0.163627797965934,-0.0281754418144793,-0.526186365620276,0.00345100111482743,,,-0.0137822801182246,-0.0592321815792047,-0.0211910527477865,-0.0163309260403448,-0.0852571155325119,
2014-02-28,-0.000847148504764306,0.0390861154492388,0.00901151772993103,-0.0255939946884975,0.00421168036318065,0.0135780907158605,0.011133024436198,,-0.019609093085009,-0.00605553136128911,0.000378515793004297,,-0.0279695572260028,-0.00151938081113556,,0.00330567435225504,0.0030706795010822,-0.00394371035530483,-0.0270265338537516,-0.0293663842065808,0.00352809520139807,-0.139676166684971,0.0115998762603002,,,0.00562094891343534,-0.0171600141796677,-0.00744261605347951,0.00281430044752717,-0.0241152015593489,
2014-03-31,-0.00483997187079943,0.0205307448371155,0.00847969971071372,0.072457582356444,0.37456696293545,-0.00857413470007273,0.0166671023503451,-0.0507034322184676,0.0754314514712568,0.0424267451068179,0.0170710116927122,-0.0852991322147645,0.0832681955267347,-0.0077094993301916,0.000385899082639085,0.00313780639255334,0.0146439597573735,0.0326165705970514,0.0273150517015459,-0.0850321567589729,0.00390285209920194,0.252410727224508,0.00429024380877863,,,0.0089795320951076,0.00826247944393721,0.00953207393182431,0.00939437806227161,0.0138616193988099,-0.00657198480570287
2014-04-30,-0.0235370487063697,0.0152904591630563,0.0029092916310649,-0.0569933918800363,-0.229621324539918,0.0775559405256434,0.00738987283080483,,-0.0507774840879343,0.00994666882631101,-0.00138885329156935,,-0.0602694627338174,0.0184934141759072,,0.00744474871247114,-0.017912235563033,0.00654055746271176,0.0285215178399945,-0.0579397734695242,0.00953076992093926,-0.358997025006802,0.00243305158961604,,,0.00292668275194075,0.0608900266471153,-0.00543801370752028,0.00294111003407593,0.0945911355021742,
2014-05-31,0.028927106361099,0.0131760148785016,0.00429930730399875,-0.0184253687565707,-0.0559710702660663,0.00513928965032306,-0.00416115273838535,,-0.0111205368867271,0.0110873035235777,0.00168740352005159,,-0.014796114264108,0.00924631595300696,,0.00698639683629843,0.0117030657080495,0.00231166222531876,0.0161183358806749,0.0093851073386233,0.0141161944768289,-0.261378277834861,0.00466289740859338,,,0.00393938898698565,0.0123568250634829,0.00675699164483134,0.00364071527230969,0.00605154608493308,
2014-06-30,-0.00395423018644436,0.18573060726516,0.00997618484502638,0.0256704592714208,0.253916830201977,0.0517894371427463,0.0840819248175393,0.284317279069139,0.00828225527087767,0.0192466520050125,0.0245619471641216,-0.0171626843454895,-0.0219568006362891,0.00407849668497029,0.00645337993499595,-0.0231372011924886,0.0284989535189055,0.0284810593273797,-0.040074668853844,0.0480951278092645,0.0155164997739181,0.13494417188225,0.00625191043097395,,,0.0251301726397219,0.0145822123987038,0.0023849821755757,0.0375375358647574,0.021626134522581,0.00979204446059612
2014-07-31,0.00564429829638868,-0.044094895870165,0.018056979941111,-0.0635960567200637,-0.263489703712683,-0.0275477338024395,-0.00976478372536249,,-0.0464697894564097,0.038243872032826,-0.00283892920889883,,-0.0469188443052833,-0.000269172815256624,,0.0877339097105381,-0.00426392800460995,-0.0102247408527294,-0.105518567052494,0.00751331753446394,0.00541195257116378,0.0101392706970334,0.0235462041214465,,,0.0100827589946988,-0.0619436998427609,-0.0294101941069993,0.0035964891506115,-0.0885274794209003,
2014-08-31,0.00395837183611114,-0.0214347857605777,0.00262980837984017,-0.0305172634392061,0.0132150300501817,0.0178834348350616,-0.023295850355689,,-0.0229025524906312,0.00805577071166574,-0.00843948673407446,,-0.0231807188146007,-0.00639778140635805,,0.00195002575240721,-0.00218806426152796,0.0016740662942496,0.0143931178383063,0.00354603591052616,0.00448169556351985,-0.437256409684766,0.00280750210136915,,,-0.00904262707050485,0.0435753830212811,-0.00494280792102941,-0.0187085262919631,0.0594601155318486,
2014-09-30,0.000664644805567605,0.0108501935161183,0.00486259248350152,0.0643916836971865,0.0413163480071113,0.00175063011579368,0.0140511185439784,-0.095938447380103,0.0488135240493932,0.0308705036763257,0.013811431457377,-0.0270334161453363,0.0558546723076123,0.000576589384625237,-0.00284665917546079,0.00545562896934371,0.00260516979562198,0.00310868170098644,0.0437114852349669,0.0962185933526261,0.00634455954295809,0.63655852262632,0.00484799335819197,,,0.0052460660097946,0.0342403114506027,0.00170191281027066,0.00556691125050968,0.0470339895469998,0.0108712876306072
2014-10-31,0.0188446407725564,-0.0520736417602894,-0.000166682368963222,-0.00999392128914778,-0.0305812121248437,-0.00525278430813003,-0.0233563986965848,,-0.0214467183977529,-0.0121163304945995,-0.00171253543786243,,-0.0159920759139673,0.0371755120928832,,0.00353322619749186,-0.00748101396616718,-0.00514625493073062,0.0378548478246827,-0.09611872217934,-0.00206279876317339,-0.117150874592451,0.00113394576563408,,,-0.000435945530334436,-0.00291487891180253,-0.00705439785324913,-0.000661209342322167,-0.011138284679749,
2014-11-30,0.015448489746122,-0.0556910077921611,0.00535392289191705,-0.00211159711402331,0.157283990106986,0.00761486796526079,-0.0271884019728628,,0.00353717731551662,0.0120975592657633,-0.00353838534182849,,0.0135456284100712,0.00162932235837054,,0.00136954628422181,0.00331263013294958,0.00650980654040367,0.00362344690994298,-0.039030078122086,0.00109841836110647,-0.177012839062037,0.00529299215140355,,,-0.00526483362395602,0.0169006997208623,-0.00303657732489881,-0.0142381100162225,0.0174572431169402,
2014-12-31,0.0281680536903774,-0.0608112037013271,-0.01090572853529,0.0830793067381173,0.449095031849915,0.0103473241226872,0.0323703887620077,-0.281299698644187,0.0635400800208483,0.0082527176029128,0.0134547335732229,0.0601492202881868,0.0824442816854845,-0.0198754628990461,-0.178331565862244,0.000338785012251819,0.0432836692787415,-0.0874017255326081,0.00279585581101749,-0.112789465292845,0.0264578334620804,0.186081647079986,0.00317317028823361,,,-0.000178295564383646,0.0552466434789345,0.0252745900077027,0.00888591237123393,0.0654227366995848,0.00817212302553116
2015-01-31,-0.00205504442236659,-0.0379060525359556,0.00299036805368402,-0.041364677411142,0.00190981306512761,0.0115313731925166,-0.0232593421627989,,-0.0336638238377649,-0.0075301644522181,-0.0108170852887941,,-0.0330653151411244,-0.0112523497848311,,-0.00014562487328007,-0.0266184025495715,-0.00648540199027536,-0.0482008860721042,0.195075537500922,-0.0208223673216175,-0.0681805627468464,0.00396012770786491,,,-0.00609144219192359,-0.0114977909116458,-0.0456789501640529,-0.0137534835035922,-0.0150034147348048,
2015-02-28,0.00696185182609099,0.0402669728287588,0.00229378775364353,0.00822075815916712,-0.120942302714267,-0.00491078267473988,-0.0163863570509495,,0.00084239595886082,0.00857524208496763,-0.00193823458861253,,-0.00483321843502793,0.00119341500023395,,0.00929625998233696,-0.0120971388426856,-0.00721035869532116,0.0670402509989163,-0.196891552440935,0.0051599316271691,0.207145945574194,0.00456895787069023,,,-0.00320706329549125,-0.00530513785251863,-0.016022390765901,-0.00791091337958605,-0.00992772549923693,
2015-03-31,0.00280241008970705,-0.132744599150145,0.00184951566600944,0.0446102286391454,0.139488045417682,-0.00511735566440841,-0.00870255043374968,-0.0432962982134981,0.0337682274147753,-0.00332780327712356,0.00598733359738723,0.00515107995567377,0.0561011025071334,0.00905276366917462,-0.0647113919554432,0.00668753936642297,0.0143455162073227,-0.010977823888096,0.0550071321757741,0.0413134150664103,0.00449958205844148,-0.0125337006282553,0.00386588674821375,,,0.000379581477446322,0.00100698412428102,0.0276136557066451,-0.000885536923215469,0.000323830917242418,0.0025733872860485
2015-04-30,-0.0503873707958302,-0.0404099957297035,0.00652692251741804,-0.0269245211466984,-0.106062425928682,0.0577639874739653,0.00532407889430608,,-0.0336449719308831,0.0302629413081377,-0.00576129332616127,,-0.0328234477439882,-0.0208344094998356,,0.00922923984228596,-0.00493759350453615,0.00830805199815821,0.0229045230875649,0.0613540289149039,0.00586402522910667,-0.0700709699173139,0.00605428845874201,,,-0.00351244461179334,0.00774472397780812,-0.0205524991869073,-0.012246391232253,0.0290316076690242,
2015-05-31,0.00485890381194132,0.0994834480052962,0.00310914592929556,0.00277982281051159,-0.0257552717285119,0.0117114742691538,-0.0246362234246984,,0.00915034800556036,0.0107798891507382,-0.00224502693133033,,-0.00235256564880792,0.000819702395725486,,0.00942886098139617,0.0107913888805307,-0.0139746893276609,0.0419895316439067,-0.0315356351357075,0.00160822555858964,-0.10253427044657,0.00602745454676423,,,-0.00300119381347308,-0.00256780119895339,0.00944240704485111,-0.00839809696518401,-0.00519430253324238,
2015-06-30,0.0363987776577606,-0.0495170010151309,0.00458704383824404,0.133092100056565,0.27648891908855,0.00758510668753587,0.0668285365897674,0.328924798350203,0.100778445884362,0.0171019003636363,0.0320147623312508,0.0617241292397388,0.119297540160762,-0.00071280805478402,-0.00411732010453925,0.00296134017990113,0.0284134053644589,-0.00580263045715235,0.00582888862039077,0.135923206418029,0.0258406795710044,0.734346844201353,0.00581646627191645,,,0.0163917234336868,0.0181852219604437,0.0180424882672803,0.0267626433549708,0.0116306869025635,-0.000283635140750249
2015-07-31,0.000968612583426065,0.0705737047788659,0.0049810236834027,-0.0468650787606659,0.0578058739936136,0.0208052136910641,-0.0102591788038193,,-0.0386736244398911,0.000548900841673472,-0.00826666884310789,,-0.0518202702868589,-0.00792028765574138,,0.00499065488610917,0.00109399435477897,0.0106636224128493,-1.03246620675179e-05,-0.0734928400784103,-0.00331120288787723,-0.433694466878736,0.00434075371665799,,,0.000305899891920092,-0.0331387086799033,-0.00130555010954936,-0.00377392422178602,-0.0458606924667073,
2015-08-31,0.0077679522903189,-0.0415507663690562,0.00283191610146183,-0.0489885579505103,-0.0897315678831045,0.0477589919126373,-0.0204813491158511,,-0.0386188442512054,0.0127376595376134,-0.00998013141915699,,-0.0382445593301668,-0.00691489259188494,,0.00148223896252908,0.00214989536101307,-0.000841283141152616,-0.0425792174210216,0.00663723552168793,0.00910959747239559,-0.208852706688605,0.00341174162032409,,,-0.00559640342842904,0.0155937258354459,-0.00995893141213777,-0.0130426555626197,0.0185656757593513,
2015-09-30,0.00386083076023702,-0.0627890364128252,0.00355558989048177,0.0126634282639859,-0.127673828037006,0.0154752903962212,-0.00564625964017118,-0.295131139168685,0.0180894299513543,0.0169666511039122,0.00247963810291374,-0.0586472648323024,0.0279426994360676,0.00188216975733368,0.157876527389286,0.00254652289133439,0.000383759936562811,0.00925208514480502,-0.0247542702993453,-0.0754840646817208,-0.00249927464860455,0.370325534999585,0.00289311441946083,,,0.00214661705465247,-0.0141675794618425,-0.00536522804068618,0.000890225561928304,-0.0210627196364044,0.00555168992811517
2015-10-31,0.00663452599715342,-0.0368079046021581,0.000249400036624436,0.0113129745420597,-0.000488801230986269,0.0227088615003517,-0.0251195005178921,,0.00527064720380999,-0.000464805533059831,-0.00368842261808311,,0.0100552391937718,0.00348677347898629,,0.00155481261074364,-0.00330636251879035,-0.000519945759270612,0.200591759407395,0.0825172082454104,0.00144726067478196,-0.268318923376912,0.000105283655164712,,,-0.00651105863314783,0.00107207267603648,-0.0133126113980158,-0.0125863162351116,-0.00109033220757127,
2015-11-30,0.00430885245895496,-0.0131679580834234,0.00423546398718244,0.0167028205389581,0.0586985343195465,0.0077138070713012,0.00113218633443246,,0.00954506087623841,0.00326262616938422,0.00414292133758565,,0.0120361391994823,0.00753777711902615,,0.0018552653718924,0.00603656122990337,-0.00472055474618571,-0.00531874751166939,0.0208975576769737,0.0055820398787656,0.0686975068255986,0.00562120287451329,,,2.1546082008328e-05,0.0296811395487637,0.00661571867623323,-0.00380500671222705,0.0394107368561034,
2015-12-31,0.0419712507101444,0.192450358418233,-0.00209527020065536,0.120191264267074,0.128355986495542,0.0137591616673802,0.0111117197674009,0.061965701097936,0.141116577691774,0.000199380937566218,0.0259614038680134,0.158970606484846,0.13539560438787,0.0164865924459843,0.0525336395192681,-0.00174547849433004,0.0514803982160874,-0.0603725986608943,-0.195831115676196,-0.0161926672855248,0.02286634805494,0.779990325434502,0.0069852264303627,,,0.00624859438307368,0.0619306964423529,0.0674387586093932,0.0137957678120788,0.0693491382253573,0.0216448096360278
2016-01-31,-0.00076628559617653,0.0903941509171382,-0.00524342113559939,-0.157320428477236,-0.125964055625287,0.0232285535385319,-0.017558815076141,,-0.143805714590016,-0.00650742291305129,-0.0253401276252454,,-0.174531168274392,0.00389669465659814,,0.00382790933197086,-0.0407853955291841,-0.0654321975129033,0.00820105967445528,0.0428156357091094,-0.0289446668271136,-0.775675937879598,0.00330606692807223,,,-0.00307454283528585,-0.0171162581259541,-0.0544362861610619,-0.00113227715818986,-0.0231780472215792,
2016-02-29,0.00101026679039151,-0.00506127431352255,0.0011531190550933,-0.00371806429331478,-0.106417657989452,0.016339575646052,-0.0124721677028248,,-0.0015871995056802,0.0136693698209367,0.000243569465316895,,-0.00106907164116876,0.00977417233822742,,0.0082310580501268,0.0144152544902543,-0.047121373494722,0.0242486328727747,-0.127889956722123,0.0130856636480612,0.0484761630570461,0.00814616923448774,,,-0.000320367722526527,0.0143852893467891,0.000455353892167665,-0.0016390290495174,0.0193541893391291,
2016-03-31,-0.00270111524519123,-0.02210809597827,0.0100224005301754,-0.00863358197177533,0.0878083192265944,0.0246434074934889,0.019677724564902,-0.0294876974685536,-0.0133055333664789,0.0263618630043627,0.0051601318109693,-0.150935244520813,-0.0120019264948716,-0.003356230401657,0.0963745043665938,0.0105108341675102,0.0039125536764093,0.0543486364208317,0.0615129187908039,-0.0534338471875317,0.00295208264045677,-0.29725289040559,0.00419491853984333,,,0.00655126696091912,0.0145345965708437,-0.0122309167399077,0.00343024977036777,0.0208051975712831,0.0116644403276638
2016-04-30,-0.0141581296260362,-0.065932247938683,-0.000437934293564979,-0.0248962404438604,-0.0868414393597146,0.0154187537491204,-0.00533861811215708,,-0.0180254276211755,0.0198904759125984,-0.000402142008351092,,-0.0111565583197173,0.00606985111279457,,-0.000730983214296543,-0.00825373649383465,-0.0244051320111183,-0.057765266969156,0.0469794497803537,0.00292987657191013,0.0692817600974376,0.00271238985487621,,,-0.000163604260155381,0.0403379740706775,-0.00939229819097065,8.38052121832078e-05,0.0592286693234421,
2016-05-31,-0.00846657933223227,0.0238292065571013,0.00425250547037948,0.0291391401908978,0.0528683216096049,0.0107262113077606,-0.00504665642178992,,0.0171753040140441,0.0119955531009097,0.00375141055340933,,0.0162436015274245,-0.00604190601994681,,0.00855508047925824,0.0112745569727952,0.00554408114752292,-0.0154118429578887,-0.153968417353903,0.00237238691923558,0.140018170371192,0.0045200947518822,,,-0.000458302361469265,0.00639351098705809,0.0222935776757236,-0.0047248297340694,0.0113097173644814,
2016-06-30,0.0258216674603986,-0.0121583158622123,0.0149489104233798,0.0775495308955918,0.222376870241007,0.000488302843567823,0.0649024101894806,-0.00524616811981282,0.0639978883126116,-0.0161503362898383,0.0260972116765572,0.0711322838700905,0.0742518532712424,0.00699421459781213,-0.0266899954371436,0.00765851178167942,0.040027467698506,0.0884356127875137,0.0581592970636162,0.254935948109326,0.0224887981317199,0.124898908220844,0.00384844947205565,,,0.0212387776189935,-0.0138136353445564,0.0352907500157205,0.0269269018722138,-0.0271463931164622,0.0132480316692885
2016-07-31,-0.00270849359210246,0.0158861987565011,0.0016551235259854,-0.0606847807774535,-0.193961877346702,0.00193384149879527,-0.00990191668060625,,-0.0460147535539068,0.0155126231727145,-0.00845196153801986,,-0.0542812572756421,-0.00972435754859546,,0.00420784041394562,-0.0061394600006448,-0.00282476063136805,0.075765297345237,0.116894488991542,-0.00294255280513589,-0.591270064464732,0.00190929857445177,,,0.000880396601592892,-0.0179825358522052,-0.000877743083540494,0.000183457974030077,-0.0233127704468039,
2016-08-31,-0.00851245883354501,-0.0342526314151108,0.000968083813505771,0.0221754313667226,-0.0200228141808463,0.0195576535665829,-0.00749557071914886,,0.0132745789496713,-0.00395466270731681,0.00177158853609072,,0.0196728964011239,0.00456072257990492,,0.00868911392208105,-0.00267941699047824,-0.0241196794301786,0.0586173660089635,-0.185911571194342,0.0142995702005742,0.175798035362417,0.00523199782904626,,,-0.00267977214889115,0.0155229330374826,-0.00393873664486755,-0.00597519447393857,0.0238615354950138,
2016-09-30,0.00623635893343355,-0.0353703914830952,0.000694934956531057,0.0355774145590804,-0.0378884629780725,0.0105977360960754,0.00346396590400033,0.394279261579621,0.0106698820502853,0.0158432837357019,0.00950280961655636,0.00486243210020021,0.0165484985550552,0.0288541537970417,-0.0658909637796601,0.000800760347658525,0.00329468751168704,-0.0234109015948469,-0.0512402774738288,-0.148699809471923,0.00133025155878919,0.371098451753589,0.00451094538184904,,,0.00565541745504916,0.00447542890649544,0.039542026784499,0.0101310666811614,0.003873620633426,0.0406230501366736
2016-10-31,-0.018142965732169,-0.0796589950296784,0.0041377956784423,0.000104243243701063,0.125367035072596,-0.00527210212771756,-0.0232622134250615,,-0.000381887730561914,0.00192836604739099,-0.00504751889485,,0.0090548384924567,-0.00707724031421542,,-0.000608331792236072,0.000763564084547141,-0.00388175565907822,-0.0191889810071189,0.0817333384229517,-0.00286794455480788,-0.220683673034186,0.00503222658093883,,,-0.00833467104155439,0.0223549550930304,0.015514895593796,-0.0196692521487378,0.0358435020214163,
2016-11-30,0.0246519457252461,0.00588292714891736,0.00289959777282078,0.0401954735139363,0.277365991901522,-0.00209999607008626,-0.0182247422201502,,0.0448254516736277,0.0107658231995007,0.00627631713381405,,0.0491640600900087,0.0180240495063746,,0.0026893978563951,0.00483041980089283,0.00950231356639719,0.00999709304336527,-0.0846411242001111,0.0035437522701951,0.0130449419404659,0.00222759868054645,,,-0.00287314413330364,0.0423886592476954,-0.0140185741473058,-0.00821162020543831,0.0480716347134251,
2016-12-31,0.0628611677249129,0.244002853022854,-0.0063742308738739,0.108723218801375,0.0449491397937649,0.00194325038975052,0.0164677326771461,-0.357796000467076,0.137237079893348,-0.0231945115451868,0.0277490105012514,0.126727596428411,0.124877490197258,0.0255235360424937,-0.112617735910412,-0.00166879543257537,0.0440303878563153,0.0128115606212376,0.0542534901509626,0.213547973700603,0.0180285746497564,0.620876539150094,-0.00970415638639643,72.8999999999996,690,0.0103079700640141,0.0537422971811186,0.0478204530949231,0.0255753397719225,0.0508371684527962,-0.0101673768515305
2017-01-31,0.00564480353056318,0.0204239500533756,0.00251294735074481,-0.0830141724781761,-0.151416997638078,-0.00620803295710459,-0.0747188395638485,,-0.0775139253399768,0.0130268790719779,-0.0232695048567653,,-0.0902309636253946,-0.00306836848930381,,0.00610792876777921,-0.0183694960172236,-0.0247119075130797,-0.0291554297839483,-0.0227819417421511,-0.00697874314378133,-0.467062396231846,0.00639016315373198,,,-0.0084275599177559,-0.0618232351404959,-0.000182600072227146,-0.0183850082012071,-0.0844471820598311,
2017-02-28,0.0127568492363199,-0.0230115231735777,-0.00398661157414359,-0.0632071508022953,0.00142931250881162,0.000849231963700348,0.00748059358122433,,-0.0625423721892773,0.000572783817387901,-0.00716475606747302,,-0.0680892086515126,0.00306493788548856,,0.00426265739332621,0.00364321924981326,-0.0423235079201323,-0.0345490924154959,0.0739567839314805,-0.00254421136875216,-0.864719433044515,0.000907231282758048,,,0.00184719253820198,0.000876253315341913,-0.00215394475371866,0.00718268760382479,-0.00332416765147947,
2017-03-31,-0.0113837384720039,0.0153700519575235,0.00677354563838861,0.064226697009456,-0.0318645865078757,-0.00710660442051214,0.0187765125518862,0.0908775311515697,0.0589447699087273,-0.00371773260107311,0.0133947061550881,-0.0767084326835956,0.0650450738950195,-0.00651247341582994,-0.180213618855126,0.00335011831301379,-0.000171069122963274,0.0294048163097358,0.016048999625248,0.00312199827174808,0.00523043574838056,0.957522969346256,0.00377241756297586,,,0.00978518253654848,-0.0440132036952914,0.00420530990871626,0.0125163793380647,-0.0559047569602846,0.00552692213443429
2017-04-30,-0.0420663303525934,0.0268354764121082,0.00737026319848866,-0.000768619351021016,0.130269847776418,-0.00825887004015158,0.0340290546447441,,-0.0247238200251463,0.019587513942728,0.00523088019841822,,-0.031975208878924,0.0020115001671055,,0.00328383733410575,0.00697477774255795,0.0114426640786878,-0.031381173316797,0.0795501458288834,0.0040745159273019,-0.0673636945945013,0.00656438591891728,,,0.00319666081089665,0.0397803644770836,-0.0163065581967885,-0.000592504359639534,0.0686436952738738,
2017-05-31,0.0217953947348803,0.0111747713066421,0.00908613507727019,0.0158737512797025,-0.0434694917460146,-0.0503560179714277,0.00297953996446054,,0.0162650761639291,-0.00323537725534884,0.00365121461949869,,0.0170001262460797,-0.0052273383024346,,0.00919786582450399,-0.00642634459846292,0.0323365141768459,0.0739885457742169,-0.0719891961234564,0.000788284520202964,0.105536946178212,0.00617935983658313,,,0.00457359809162838,-0.0308965970524113,-0.00721137349665746,0.000442559378361906,-0.049109722939523,
2017-06-30,-0.0261603343074022,0.0728214348628526,0.0059945816029785,0.104016634695387,0.237371544397796,-0.106914670595925,0.0666331128424655,0.589082359304129,0.0887668781255311,-0.0116394748613562,0.0371478266023129,0.0970346737553029,0.0910419351730383,0.0391394844345569,-0.0662568958359948,0.00394959821245955,0.0339209237173677,0.0151142437728602,0.046453557318852,-0.0916047936920501,0.0138176936227996,0.457899066666398,0.00503490081588964,,,0.0256416012358134,0.0262138847936182,-0.00841166171991681,0.0433711271044768,0.0443209859009848,0.0236163865511507
2017-07-31,0.0525889395579107,-0.0340112722188337,-0.000246474715577705,-0.0932415529887027,-0.0500417486923972,-0.00376396895409137,-0.0337478690850244,,-0.0595740603037864,0.0118806369016209,-0.0130430049275265,,-0.0632414893299238,0.0073023726380157,,0.00628357363543586,-0.00367536253100198,-0.0418644334305789,-0.0599851770508728,0.0841728951530447,0.00316904396891893,-0.717170608678096,0.005196239051795,,,-0.00397398357627843,0.0509780305041065,0.0155114201186777,-0.00728705280847919,0.0504398591597415,
2017-08-31,-0.0229658455974402,0.0195335344251308,0.00556476387913563,-0.0381391755186158,-0.0785630564649207,0.0573857581978761,-0.0339595541946007,,-0.0271601142272999,0.0122174309579037,-0.00501768189017859,,-0.0341431114831749,0.0242550770911762,,0.00662203963775099,-0.00370993689014298,0.0017264291487038,-0.0369334440435107,0.263118103617781,0.0115627835905272,-0.154392342824233,0.00509944774028703,,,0.000713757915635327,-0.00469451523433406,-0.00684580663891765,-0.00363304366202399,0.00134237474420118,
2017-09-30,0.0343366928664661,0.0148778629451112,0.00303513478612416,0.00194830903335586,-0.0519255054445722,0.0264095726651767,0.00452106712353739,-0.540642734106685,0.000793327535347998,-0.00576251107203163,0.00376060213667451,-0.112881666296625,-0.00138777893015885,0.0164932935000675,0.0521230876286971,-0.00158084924848012,0.0282261433711266,0.0243670772179314,0.0475278048852399,-0.132330362946107,0.00468602724568612,0.0201193586680262,0.000697366761214013,,,-0.000277006906546973,0.0494866969872394,-0.00186006029340113,-0.00326798188254784,0.0543824875164809,-0.00152331413688955
2017-10-31,0.0337772477772713,-0.0134695130132378,0.00135033726516021,-0.00612674082806741,0.0411451065933264,0.0189510153785264,-0.00978612238844612,,-0.00684957141891118,0.0119168845506934,0.00235012023932413,,-0.00581999499900476,0.00682153320569334,,0.00113007348932648,-0.0175571946635333,-0.0253247332139743,-0.103799401869994,-0.0765867033465186,-0.00153550043237161,0.170215273481295,0.00522745640475897,,,0.00143193095995287,0.0262875695461897,-0.00657757532408176,0.0015058396346479,0.0238795123145561,
2017-11-30,0.0701544553984785,0.0329229632788959,-0.000113691627477763,0.00152069054062842,0.0189514861979525,0.0298307328019174,-0.0164630276812474,,0.00832135355574515,-0.0104681133084359,0.00239186656918378,,0.0044550270734991,0.0268175350386208,,0.00236389704881645,0.004757851536489,0.0102726890096552,0.00737221484232009,0.0941096795490326,0.0103861722489729,0.0405549322882433,-0.0018444765467045,,,-0.00228074162687975,0.0494079982283573,-0.0138348392308512,-0.00424759352951121,0.0426115225265509,
2017-12-31,0.00834275185534494,-0.0269280954099447,0.000629525521038232,0.0842883792950886,0.150957587486426,0.0124931703834097,0.00282257000188402,0.20646201525067,0.0665117442642416,0.0019201580538315,0.0109173064750969,0.0532066785467809,0.0806317923891093,-0.00178149987666743,-0.272060200190998,-0.000367915844288191,0.045625423692595,-0.00331734754363211,0.0112492829237265,-0.0693178184712036,0.0113184909757358,0.511099357770693,0.00141704559309908,1381.2,961,0.00231359372755158,-0.0318116480704802,-0.00716370371427999,0.00384278677218397,-0.0455131229280052,-0.00363516724733692
2018-01-31,3.14487987562728e-05,-0.0406771884776411,0.00266073163447622,-0.0745698425362509,-0.208897221810199,-0.00279159873224977,-0.0551864120716825,,-0.0607944921488404,0.0125228716154879,-0.0202808355829873,,-0.0637076991115233,-0.0153856863615172,,0.00821895293396224,-0.0234496123407624,0.0052190548860267,0.0315275684077321,-0.0909901959063903,-0.0151281250861253,-0.366004601693692,0.00263724730404924,,,-0.0101496817509918,-0.0243504507295054,0.00192931100392713,-0.0219068646883791,-0.03303927870415,
2018-02-28,-0.00145531128590903,0.020612157840084,-0.000516889982066004,-0.0374751531322488,-0.0686598296806142,-0.0292643738406007,0.00170823802970332,,-0.0301893650508891,-0.00226777669529454,-0.00231463681856603,,-0.0378526204080174,0.00864694255975351,,0.00151058875333909,-5.22558877893431e-05,-0.0320031609116889,-0.0362418253384753,0.0557379264521405,0.00224329480030683,-0.160739939745937,0.00344180004168493,,,0.00197234563568927,0.0144332907748641,-0.00456310310425501,0.00427961860594372,0.0201279587716066,
2018-03-31,-0.0128681790957952,-0.0164062058922099,0.00439758524035838,0.00458430880894056,0.00559885718249475,-0.00546325422632243,0.0296730756860306,-0.0378036811770031,-0.0134633541645588,-0.00715373453786228,0.0068154919133665,-0.0786883070188917,-0.0130070886227038,0.00944586716063789,0.108687347374504,0.00532601543075906,0.0150508053552265,0.00774831701527567,-0.00972420866964718,-0.0882854101176758,0.0107682030640923,0.193162747769223,0.0042664136300008,,,0.00453916121812981,0.0325418282446428,-0.0255819749536155,0.00467005523494102,0.0481597919406838,0.0129764503213643
2018-04-30,-0.0342960466091942,-0.0031272667256701,0.00834454117425842,-0.0320310949927709,-0.0234129434474735,-0.011711930002587,-0.00508985825178598,,-0.01488201474519,0.0172084916362429,0.000614990004281779,,-0.016713806776794,0.00151308032503117,,0.00974951788227507,-0.0061967064688524,0.00464129672709035,-0.0351393947990051,-0.0654293190594508,-0.0062474305213982,-0.257158647956249,0.00904611391258214,,,0.00603015939091556,-0.000124043046337619,0.0084423820239472,0.00388590575069436,0.0110198512892516,
2018-05-31,0.00187488189878771,-0.00229584167639274,0.00641012266298979,0.00285331855912752,0.00644866588545767,-0.00238749383590076,-0.00286536900263457,,0.000833648276584498,0.00571075503073537,0.00268663458299123,,0.00132376474617857,0.00320016226463693,,0.0116556089306297,0.00318962166543635,0.0109267139084714,0.0404764523714807,0.12258471793696,0.00727219801583168,-0.0115150109277486,0.00546771503293009,,,0.00156542347971111,0.0131751040339552,-0.0121549833416186,-0.00295427751852451,0.0167508464198409,
2018-06-30,0.0464936152440849,0.0255057933190166,0.00250059063224839,0.0835556361625134,0.160821343825825,-0.00532273635401559,0.0804671405079986,-0.104186974281951,0.0678789407945501,-0.0194723980257567,0.0285860858116234,0.04958385872626,0.074343764424702,0.00520656961983512,0.0283762972550345,0.0063577289662895,0.0246296656285079,-0.017668831973662,0.00723411511232719,0.0809655593516077,0.00713705903490158,0.422027601077602,0.00482693460451955,,,0.0220242407754832,0.00411730968798096,0.0212342842126212,0.0399839358960374,-0.00957174699261998,-0.00435156893570188
2018-07-31,0.0167833080795621,-0.0199111592819126,0.00603092856626652,-0.0629724542517405,-0.144348524405759,-0.00303086794681384,-0.0149148557009262,,-0.0478767701315679,0.0114915024061055,-0.00711563326015607,,-0.0521079263423889,0.00277194891122257,,0.00699295268012179,-0.00806551400663658,0.00544243760229435,-0.0432578964628885,-0.111035270434319,0.00255837112776192,-0.322292552987633,0.00649383878747045,,,-0.00124237156615692,0.0252378438794185,0.011466417332036,-0.00785454665845542,0.0280306729136619,
2018-08-31,-0.00313490788665938,-0.0178382605354095,0.00634886620732367,-0.0177238738316561,-0.0523450565760264,-0.00139528038998549,-0.00195852873005364,,-0.0254681602436122,0.0168412754900729,-0.00152019501870981,,-0.0266464281306718,0.00130480933304611,,0.00645510406654459,-0.00314234288809168,0.0232397589745279,0.0277851105958966,0.0112152608935121,0.00945395238065494,-0.0919490481705871,0.00416903861080975,,,0.00156791840271531,-0.00636352859537226,-0.0131343700812163,-0.00282886272989025,-0.00742634969521383,
2018-09-30,-0.00344996575477019,0.0352223665162441,0.00480104864286801,0.0399029285159269,0.119821035788995,-0.00727457188830449,0.0223590345370113,0.0980122993474772,0.0265176168564984,-0.0044189893215183,0.00575978002922106,-0.0312511101655968,0.0251606173749401,-0.0104095994695399,0.134567319864825,-0.000657133979373725,0.00981930310826229,0.0328397188181402,-0.0367999153084941,0.0676765301324647,-0.00264704959358397,0.326652437598739,0.000910401680316753,,,0.000678099644952468,0.0019164260988962,-0.00973964433715047,-0.00314616043194249,0.00368046979384218,0.00735193248656962
2018-10-31,0.0169154366761575,-0.0660405082361972,0.000872239057674307,-0.0260166190573692,-0.0885173666459664,-0.00258319368110982,-0.0424253622992055,,-0.0215046853819505,0.0151168393896892,-0.00925390083715882,,-0.014715888454651,0.000924348119795582,,0.00123831318837375,-0.0170369194717157,-0.0375226076404012,0.0733972719811735,0.118632788412232,0.00839446305736402,-0.359642278362253,0.00547254197538471,,,-0.00656922788622083,-0.00891918232602862,0.0155395165007608,-0.0135492270352788,-0.0175285320040253,
2018-11-30,0.018565578578988,-0.0324602146342468,0.00237485817739014,0.0121595856395817,0.0329382649311096,-0.00567803317248305,0.00201815825419338,,0.00307110752250672,-0.00731476919242624,0.00186061696331663,,0.00817957053878615,0.00371804696086286,,0.000205138830461138,0.010391624172863,0.0054656627038483,-0.0305767327952733,-0.0555555371206946,0.00137780753073535,0.171140307724622,0.00219079077521656,,,-0.000775956458618055,0.0110615233763625,-0.00306645000675054,-0.00376191511481849,0.00850459478920129,
2018-12-31,0.0756345225961574,0.0115697816205405,0.00251214585649606,0.147275365389847,0.52857855986527,0.0325874303060747,0.0461663990426242,0.396192497992701,0.110677074772266,-0.0133885555386453,0.0260302192588124,0.116411663726991,0.123999546874396,0.00667978960119697,0.0322837185143214,0.00241610928308056,0.0430490377140611,-0.0159835446848007,-0.00246591373169736,-0.0298836402180482,0.0146159698350203,0.275975184232363,0.00497496979223477,461.5,1700.3,0.00765578416235435,-0.000461170832856794,0.0162891717821729,0.0125208706381592,-0.0279111662206635,0.0110438895944789
2019-01-31,9.42404054349311e-06,-0.00314815794929579,0.000703491982488202,-0.087876808386568,-0.235185603768034,-0.00846976661728149,-0.0278820819213941,,-0.0869931911503574,-0.00636979766693635,-0.0207023303449478,,-0.0980713718630017,-0.0085179779419704,,-0.00117492670766239,-0.0396363353488312,-0.00977679906754503,0.00183634951400435,-0.0293099250797608,-0.0112034836724195,-0.250119659845996,0.00211462687597752,,,-0.00916037412459225,-0.015484473529451,-0.0167812650236758,-0.0185332153914377,-0.0214328195284104,
2019-02-28,0.00647107513125889,0.0351529222687716,0.00314275793441787,-0.00923950141541852,-0.017488516118723,-0.0078120200511389,0.0164762288629579,,-0.00124310421331586,0.0313175962954446,0.00720836501084143,,-0.00646464002088543,0.00124852683352294,,0.00712431389447055,0.00447030984212837,-0.00719053358596433,0.000545749579233146,0.00669827105546172,0.00239968295103843,-0.0366765811779892,0.0044071354854065,,,0.00871611080659562,0.0196813916897511,-0.00461240093766335,0.0140341639522887,0.0247610238700435,
2019-03-31,-0.0157629438760178,-0.0844920475984807,0.00717355561318733,0.0737720748115489,0.115065275372249,0.00262893795500041,0.0241345484398501,0.186846863439504,0.0376080733072204,0.00673548666520496,0.0153060104771185,-0.014051588002264,0.0542919924457976,0.0127766587626006,0.0404355855472698,0.00741350240448213,0.0114766033069493,0.00610254575425806,-0.0164598303505947,0.0373255654390023,0.00418631022231963,0.501605502873709,0.00720289339141367,-4978,-10284.4,0.00537728944029148,0.0119826113026171,-0.00928628533356601,0.00366962470863541,0.0223548610365594,0.0315392522985256
2019-04-30,-0.00105095278542144,-0.0563189690564521,0.00446833878408803,-0.0730464739266647,-0.0929835129037624,0.02021862624769,-0.021501686023301,,-0.0578168102080969,0.0120201554481607,-0.00983721681611627,,-0.0580104763270839,-0.00202600133930453,,0.00247334003306321,-0.00895592029121417,-0.00829411739004016,-0.0370330540743176,-0.184955181744392,-0.00279524909818818,-0.314533163858769,0.00661466285159129,,,0.0023341232599261,-0.0202300596820617,-0.0147936967413198,0.000297378000500004,-0.0273575544728377,
2019-05-31,-0.00341541660759148,0.0637248241179602,0.0107810820553649,-0.0219257211893087,-0.0342966080302336,0.0111236449346848,0.000931599106015923,,0.0207013050631399,-0.00638728906860386,0.00693545840473142,,0.0150683750496263,0.00612089383202274,,0.00823322150355565,0.00530363672037915,0.0450415088677385,0.0507610988014395,0.178229084211977,0.00445144330772962,-0.235420510424992,0.00604070332484063,,,0.0114853440196363,0.00923833053940015,-0.00433223875222133,0.0121583813882626,0.0139618251411893,
2019-06-30,-0.00200680607662918,0.0026667932906399,-0.00022267810404486,0.158831693615138,0.155724260668766,-0.000758596808259071,0.0560184169635107,-1.03389200271456,0.148127763155641,-0.000438883267563028,0.0347367797166473,0.0419374309816583,0.16610898204617,0.00688824183241366,0.162552989791331,0.000776893014906577,0.0296462281365066,-0.00712121916487085,0.154452269404553,0.00882938908128317,0.0134769689230314,0.711743442189656,0.000610116824343976,5903,10354.3,0.0176899739044298,-0.0111500342809308,0.0200202766282285,0.0345022386523759,-0.0145548529986854,0.000435811706188005
2019-07-31,0.0615930810118126,0.014496222516593,0.0029924526123466,-0.0596079088694648,-0.0695610742582531,-0.00949293633128079,0.00175459916811427,,-0.0569090033170045,-0.00175197027913399,-0.00708859120692651,,-0.0653722318763705,0.00271843776708103,,0.0116853939344725,-0.0117470244744897,-0.00323432027156301,-0.060882914697526,0.0112244746905477,0.0040048471618217,-0.217099677039291,0.00373801538267671,,,0.000700059752769988,0.0105512133333381,-0.00301342402043936,-0.00141914195804738,-0.00926732585796763,
2019-08-31,0.0140065312864373,-0.0109443934013012,-2.95576253623864e-05,-0.0125016078891083,0.0188029439309787,-0.00119181794942946,-0.0121536906888835,,-0.0169976616311338,0.0152015452559944,-0.00210071232299036,,-0.0177504264058612,0.00783749614688389,,-0.000628182133446842,0.00322503580276567,-0.00603441980774022,-0.01355124847084,0.02487471209328,0.00696821943588155,-0.0801804896607443,0.000625117251706442,,,4.36704279671574e-05,-0.00520581447507418,-0.00854198963907926,0.000111510765608003,-0.0130392281861962,
2019-09-30,-0.00330961209329317,-0.00836645331868979,0.00592605969823623,0.0205979808869383,0.0857169004779408,0.0210075541314847,0.0219593566600391,0.42205840030392,0.0138135225440994,0.00486244896459098,0.00695837640424379,-0.0354741298103018,0.0165280094489866,-0.00661001372778536,-0.00424808345132277,0.00182566351816149,0.00742514471394529,0.0153573499160427,-0.043167407347843,-0.00974048566934638,-0.00506000914511873,0.101463015880912,0.00481453137167875,-950.2,-795.599999999999,0.00504973073784143,0.00208745837162105,-0.006890954767373,0.00423724870504572,0.00430944827450475,0.0130609593133908
2019-10-31,-0.000178670001993453,0.012023858717475,0.0072280829081155,-0.00912166563715111,-0.0468854197205104,-0.00515123581684485,-0.013942707384702,,0.0015127044605947,0.0110008043020109,-1.52526526946417e-05,,0.000228189248915101,0.0044066977895163,,0.0045857925645123,0.00271093948987122,0.0149129619607571,0.0509663937008522,0.0245404403708092,0.00113117777768679,-0.0506871675223355,0.00620830064780264,,,0.00310223719531599,-0.0151016654433498,-0.00490989443681755,-0.000741528650198831,-0.0212871266003916,
2019-11-30,0.0119860594030534,0.020178452359918,0.000125420441753121,-0.0641606331705589,-0.0487739558071532,0.0323174492794109,-0.00243758045811049,,-0.0628604980486642,0.00295157715468086,-0.00707251529176567,,-0.0735332342524035,0.00797354584179288,,0.00110990036639969,0.00286258849167886,-0.0284091154731634,-0.0377519579751944,0.267189176150828,0.000248417989276106,-0.315034080684693,0.00257134740686205,,,0.00174433130631257,0.00167081982773709,-0.0223952120173152,0.003256212202702,-0.00268191685611008,
2019-12-31,0.0771096570881706,0.0716897763644777,-0.00227132126784646,0.127636483917904,0.243730051778378,0.0262479876401738,0.0220844854035604,0.385523719914396,0.11921794510118,0.000507421072519776,0.027744531307059,0.0728164942742247,0.125442462410208,0.0231797650068106,0.11818287447357,0.00196803989388528,0.0393328607142127,-0.0321338100058792,0.0511337036393105,0.000312041951974429,0.0192760749129164,0.489486133390905,0.0012867949732005,237.2,924.599999999999,0.00820874427424023,0.0487264342664773,-0.00213437393803062,0.0178826689681735,0.0364130537528222,0.00825566078032658
2020-01-31,-0.0100704569154519,-0.0245436195805429,0.00611988847513523,-0.0925472265131848,-0.148827791808248,-0.00960097422435702,-0.0321442805406846,,-0.0973018106471866,0.00977391197527666,-0.0225939808261799,,-0.106982728851928,-0.00900132696149392,,-0.00394814297747814,-0.0199693275298909,0.046885284072534,-0.0521521390535042,-0.150849531564346,-0.0146769649539884,-0.340632941570968,0.00188549126721504,,,-0.011500192384057,-0.00971583950359012,-0.00423495913601712,-0.0278779038025867,-0.009558879180247,
2020-02-29,0.0268330468244073,0.02273534637688,0.00287276000804582,-0.0485731065908883,-0.0565177605053204,-0.0128673565928548,0.00450122266736841,,-0.04070489086536,0.0123416860890622,-0.00170092955506718,,-0.0498244260940854,0.00231704657564791,,0.00508916118715597,-0.00265686321649206,-0.0276992044961606,-0.0396668286347772,0.136849894730192,0.000149929143505645,-0.271370605189221,0.00600627823483535,,,0.00611140858377546,-0.0020246200469618,0.000492353668731127,0.00916369235049075,-0.0150649923509718,
2020-03-31,-0.00794431339522816,-0.0590121275937125,0.00166297205011112,0.0636224770535918,-0.0249717495864576,0.0528902655329784,0.051848123234608,0.0101863938677624,0.0489428137941594,0.00647894923431558,0.0267943192084488,-0.0661664957481456,0.0640565509698927,0.0386171123779739,0.0415572717873776,-0.000712542637188562,0.0204460091575029,0.0117115714187701,0.198246390623732,0.0472128695804797,0.0225946009608382,0.194043898290895,0.000252173660902244,1066.2,3987,0.0208641890508154,0.025382206757909,0.0148257894161201,0.0385738241089424,0.0403937155659833,-0.0212114526144092
2020-04-30,-0.0176597393263584,0.0117542337043872,-0.00283347447050453,-0.0214400818433607,-0.00203522486443752,0.092569647268542,0.0350072612694099,,-0.00216383552008637,0.0124584304655322,0.00397575413666296,,-0.00401900047515014,-0.00854377102174553,,-0.0147134931848303,-0.00456940384521332,0.0100718755514624,-0.025275512090424,0.0501123584027008,0.00645678896342261,-0.117550720031849,-0.0046528859842212,,,0.00709180441631574,0.0146604695086303,-0.0085747409476209,0.0159944570802377,0.028546493232037,
2020-05-31,0.00313348217088461,0.0270445822853063,-0.00349637224695876,0.00748415707518646,-0.0350497398164862,0.00895027271339188,0.0162837253219017,,0.00895225806096356,0.0120400323199092,0.00457418188458725,,0.0064981197669276,0.000231215208280844,,-0.0144680220191464,0.0153923978035397,-0.0165022877055172,0.063283684169452,0.00580269891462848,0.0135991630246455,0.0566510311935158,-0.00196682632207157,,,0.00440387994011715,0.00161658370106466,-0.0127203995757199,0.0113717578535617,0.000979085234652288,
2020-06-30,0.00256188669967905,-0.0185510401237856,0.00559229318804455,0.169550395422075,0.26573478354679,0.0108190545777838,0.00984767945670484,-0.257452917195378,0.174793574016391,0.0266872975357106,0.0265072612757002,0.132646582095168,0.19851275110082,-0.0270015419364569,-0.0230464381723827,-0.00800194797180254,0.0350458561359108,0.0579991711933996,-0.0232255955419074,0.0240325604407499,0.0179032243263375,0.78299584384397,-0.000994618421687576,-951.099999999999,-3901.8,0.0032354097091698,0.00445441676955305,0.0255332441459508,0.00116750900723517,0.00524956782111907,0.0113083327777996
2020-07-31,0.0138672411555021,0.042358261356382,0.00387892222926567,-0.0921701243586348,-0.0976759179744899,0.000953160894962224,0.0187884675161705,,-0.0935407448590269,0.0184142637808211,-0.00542181551649001,,-0.109676516072717,0.0109797710022939,,0.00950445430945024,-0.00854866523699549,0.0105234269742294,-0.0886884859823898,-0.00771949203880684,0.0046222867685124,-0.287817966392193,0.00308711969799802,,,0.00797572907418953,0.0196341636869057,-0.0107105447412685,0.0115643629011242,0.0220440259503647,
2020-08-31,-0.00786047279185098,0.0147938118077757,0.00278350983721332,-0.0591538305307004,-0.0847211153920622,0.0101035235089206,-0.014811285881839,,-0.0397105489144938,0.00111638019336979,-0.0107860327828,,-0.0469664528589284,-0.00786678045239597,,-0.00378349875200534,-0.0009153971450786,0.000682911157060317,-0.00837664435598384,-0.0176882675372561,-0.00732346278463147,-0.221395100014629,0.003156054331237,,,-0.00153546057025089,-0.0204085431420324,-0.0188445101962866,-0.00531949051559089,-0.0256774465752745,
2020-09-30,0.0218461750227146,0.000848805952360365,0.0072924100726155,0.0652195604623884,0.0803785877909586,0.0360697015741387,0.00989142796427167,0.0557934182999862,0.0564968002285333,0.0227793948845765,0.00998048459620371,-0.0775194610326473,0.0638005614607966,-0.0187979300490149,0.0126109448238978,0.00184387830546129,0.0196656373619568,0.0361405825557313,0.0335377650783641,-0.0971960721710907,0.00951410626653093,0.324559403052744,0.00402711382828613,-111.900000000001,-490.799999999999,0.000860998592346007,0.00674755153708695,-0.0160018102727122,-0.00483110531616937,0.000281587742025025,0.00678756570547989
2020-10-31,0.00951037642521158,-0.0425840819054368,0.0034824168097991,-0.0548152334608005,-0.0288642069662473,-0.0456506101973559,-0.00756633133811491,,-0.0549921962494313,0.00850609366324484,-0.00728834817490664,,-0.0566746468681245,0.00324653388405416,,-0.00376610886941897,-0.00229875207209673,-0.019465183611711,-0.0617729851094051,0.193002000612301,-0.00192346393395937,-0.251442245398788,0.00554688010240412,,,-0.0009876366206516,0.010701336043013,0.00396425846767734,-0.00498478587395468,0.011216448228085,
2020-11-30,0.0182760695007307,0.0414277147661686,0.00298135596489857,0.0209757166632798,-0.0364566953921397,-0.00291028842586094,-0.0207343761389609,,0.0262467560272857,0.00611960404859957,0.00214743519174654,,0.0242699648472318,0.006182594688104,,-0.00302804479715668,0.00953045643487727,-0.0177187177801095,0.0413672119709858,0.0825512340329846,0.00430933693963276,0.129367051394716,0.00517602941494744,,,-0.00147947067635101,0.00631118420614563,0.0071009732571401,-0.00550232057192446,0.00109592911660528,
2020-12-31,0.024383785221449,-0.0223139739053817,0.00477317923212084,0.116827516530496,0.272477485027661,0.0938714730056489,0.00346822304369887,-0.209335538103055,0.109350749433775,0.000525185410067408,0.0195284494600134,0.0755894193731432,0.125632351317673,-0.00191775147759543,0.0200143268082478,-0.00623715967895322,0.0393933701936415,-0.00709782526618419,-0.131882315231108,-0.190518531776912,0.0250798185833538,0.429676013962416,0.00729827479372247,2045.4,804.5,0.00413575716079251,-0.00175586622458468,0.00152338259883855,0.00355812473288175,-0.013467690723612,0.0114494849451461
2021-01-31,-0.00156115055976258,-0.0276597938803409,0.00319554436877034,-0.181068582972793,-0.268242516332593,-0.0210276253124491,0.0143888624615514,,-0.183927526707874,0.0153563569731023,-0.0262348063499598,,-0.203374809756095,-0.0112340103221822,,0.00179930697984787,-0.0172218096681416,0.014336632238896,-0.00972161851762721,-0.0767040095305545,-0.00584964893507234,-0.707539621814636,0.002170002509013,,,0.000941036961110697,-0.0267355173405104,0.000280552143740564,-0.00110764442544919,-0.0384442755139052,
2021-02-28,-0.00018122502994089,-0.00120186990994675,0.006394651441882,-0.0197243047147264,-0.00788907914681047,-0.0173288874651654,0.00329170834798553,,-0.0253878009888666,0.00100587995022039,-0.00153461657249565,,-0.0288022541991193,0.000768079730516291,,0.00384386740255671,-0.00123668833458623,0.00392159904478717,-0.0190761521493208,0.0642384665240829,-0.00112434898641744,-0.0710149312618462,0.00644134094753213,,,0.0028262275617017,-0.0162215127699614,-0.0133102845087301,-0.000434515466553265,-0.0239114190901599,
2021-03-31,0.00609116237671792,-0.0159871177656665,0.00676065447701824,0.0895887178952552,0.0620082529218458,-0.0110389984276384,0.00602342060035177,0.066536299953432,0.0925648658878515,-0.00401654082519265,0.0178864632114308,-0.101882262694662,0.10680846135029,0.0101942957251779,0.103041078755533,0.00572104666309059,0.0139149904822133,0.0192103526664766,0.115695158915896,0.0120379763639509,0.00788377686035169,0.332276612744561,0.00516068790523505,22.6999999999998,3835.9,0.00661274939051282,0.0138631461723353,0.0206590018311488,0.0064771156579031,0.0176119203463116,-0.00739307250548649
2021-04-30,-0.000776515699170588,-0.0221882517443532,0.00407673828234323,-0.0361588367929162,0.00934981067979734,-0.00354047220799281,0.0146860085634035,,-0.0446556554820887,0.00539191521914262,-0.000412067475416222,,-0.0475099521155258,0.00159424736086322,,0.0039231684600729,-0.00779572334560186,-0.0303449274193142,-0.0350559647991187,0.077537228088695,0.00518403949267032,-0.264791964253579,0.00801877622527591,,,0.00511871583807277,0.00368226293806195,0.00576090200061152,0.00607342472661543,0.00581354058500239,
2021-05-31,-0.000379797685976513,0.00620608484567775,0.00542720741248992,-0.0165568885982097,-0.112178326177421,0.00136230100575041,0.00143639998287881,,-0.00877647402212389,0.0117105640392232,0.000863723522991577,,-0.010679397865843,-0.00503673712857022,,-0.00328980352258945,0.00884011044975708,0.0187650545002906,-0.00210930850612812,0.018202308784308,0.0076310736034273,0.150676657166128,0.00371415814568543,,,0.00694890348855104,-0.0323072867073293,-0.0174696217345947,0.00833973494262352,-0.0478844058671992,
2021-06-30,-0.00236810759387929,-0.00422711458997505,0.00574736863968539,0.178892482556373,0.294174904643642,-0.0120970199954513,0.0562066833827028,0.0430786475775093,0.164265325885596,0.00151217938581816,0.0390293648155424,0.111449477034116,0.184152974833886,0.00075159761764354,0.0119566346824556,0.00966675465951639,0.0281280650251396,-0.0207426038307421,0.0312159383322719,0.116526298872261,0.0236719752588606,0.57834234478821,0.00839425506144131,1420,-1266.5,0.0107649226329105,0.0793103938097737,0.013036653824626,0.0153224264600116,0.117746814401364,0.0281576114642981
2021-07-31,-0.00536251192977666,-0.0138661211892686,0.00231836846206157,-0.179893280070402,-0.218599927317241,0.000913883210653665,0.000919647677500635,,-0.171748055160091,0.0104316749741802,-0.0253135821878541,,-0.190287226474663,-0.00181842246005992,,0.00430619160975709,-0.0084483894715337,0.000788927517033855,-0.0595951773388474,-0.0373080912063548,-0.000502300195721617,-0.723573963985837,0.00272604739377869,,,-0.000901455484365599,-0.00392505315551084,-0.00183418571462823,-0.00382103973306691,-0.00328883844679595,
2021-08-31,0.00194309576419727,0.00496044629865722,0.000704400802336025,0.0120708035611923,-0.0869732869235182,0.0376731144639688,-0.0184234281760567,,0.0570073247718028,0.0060344989789467,0.00206522497067851,,0.0635732136762162,-0.0105905279546938,,-0.000310002155973876,0.000673178374100303,0.00616959767448577,0.0729722174486565,-0.00675716887027189,-0.00150286770337971,0.180579981346087,8.39640925338614e-05,,,-0.00395128905863373,0.0438268848542123,-0.0126734733871245,-0.00820473357159202,0.0618003580126825,
2021-09-30,0.0119378082026351,0.0154567433890289,0.00268782948013246,0.112930257907429,0.222851853666885,0.0164474560698498,0.0215491013918765,0.0502544550886324,0.0917065365905181,0.00491257706234194,0.0189476529817814,-0.0669745438008906,0.100318096582026,-0.00381982502421074,-0.229700014217562,0.000850955810186349,0.0143409566038173,-0.0123605702638656,-0.0375229663266907,0.132967459615224,0.00824139990764117,0.387597743742784,0.00373832414564212,-1373,-2305.2,0.00618739170418436,-0.00980957845077057,0.0149610314053703,0.0093881295541216,-0.0190076360985767,0.00585438399346749
2021-10-31,0.0029413242729639,-0.0444693688996711,0.00376780753677153,-0.132669605267258,-0.137898730369677,0.00916295804310074,-0.00150696211469636,,-0.128753654068758,0.00791480724065785,-0.0177765193229131,,-0.138410201525996,0.00377643021121443,,-0.00209396990014632,-0.00732894975146614,0.0196897789395116,-0.0654682536316162,-0.142321953367814,-0.00374430091606293,-0.544318711785499,0.00269712823779855,,,-0.000141974865016437,-0.00364459949877727,-0.0113627454181859,-0.00371931166588269,-0.00648687641460022,
2021-11-30,0.00309238127530698,-0.0326712167887884,0.00221337649837494,0.00474152046891341,-0.0756564499342645,0.00601762442995835,-0.0153108407585609,,0.00701934271200599,-0.00447660340489087,-0.000379864783884187,,0.0117041462848668,0.00849574254267615,,0.00464009464599258,0.00913482551039024,-0.00215908374554097,0.00158903147956302,-0.0164128650306585,0.00391030867256781,0.126670274174403,0.00284278571922059,,,-0.00167912848686669,0.00428662546824832,0.0152125944968446,-0.00526741047285917,0.0048040152410298,
2021-12-31,0.0263300972552987,0.0504525188940015,-0.00214700422200487,0.174747405490342,0.371028761153674,0.0249629458350977,-0.0130464334042557,-0.0945562916109548,0.167026799890559,0.000108693632791201,0.0184077481363545,0.0237010180099251,0.179633062361335,-0.0264399288988582,-0.0972258432256083,-0.00404658421799731,0.0403845508988194,-0.0234006103863038,0.0298843085668388,0.00731297803391229,0.00588534198224622,0.44684998441025,0.00034206510156487,180.7,-167.5,0.00267745984681866,-0.0892333277992048,0.0113240786833,0.00712089120425219,-0.143719606959284,0.016641170500078
2022-01-31,-0.00110050149956287,0.0242341681845151,0.00636184805781781,-0.14833529466172,-0.239632283485138,0.000540004668948768,-0.00729374897337465,,-0.131892800125868,-0.00759096415474758,-0.0204813428197408,,-0.149242271125717,0.00147843319105156,,0.0016483254551769,-0.0190648980136086,0.0301968138933528,0.0405960283789497,-0.0645666704374346,-0.00483313862666002,-0.622611725570151,0.00387557065337774,,,-0.000845434700821102,0.00506577589076329,-0.00796250120334818,-0.00749875304748038,0.00821501314334405,
2022-02-28,-0.00234616657158426,-0.0984399029848841,-0.000979305354913862,-0.0252209840724866,-0.0691064227538085,0.0139917037361919,-0.0133737278410138,,-0.00881400887817563,0.019586171022258,-0.0026946585747627,,0.0014964103357844,0.000448582195351932,,0.00377456149163713,-0.00685959230737865,-0.0141455591327748,0.0129974478407231,-0.00619674385200053,0.00166331705175971,0.00421604117806496,0.000630719658436973,,,0.00062191197115169,-6.8106713069227e-05,-0.0260565449888457,0.00210803991626207,0.00108794821203873,
2022-03-31,-0.00207621704607774,0.0790557339950251,0.00396241569889533,0.167011049973954,0.227870938774592,-0.0089709771099713,0.0254502299632264,-0.0103177920524864,0.107868428187047,0.00547949408826476,0.0268009786906358,-0.00107698561378733,0.110998850205625,0.0167156836473268,-0.127869605478779,0.00537240049849608,0.0277719952932713,0.0210906959633803,0.0327272718972438,-0.0459794715125232,0.015739811099321,0.635308681374248,0.00213805617418039,1031.8,4321.4,0.00977901253318159,-0.0438284865938972,0.0253563108836126,0.0151391707842432,-0.0656647658875649,0.0414257987284206
2022-04-30,-0.00634200282789799,0.00674113088724582,0.00340475365703874,-0.116377300470482,-0.17475039542664,-0.0106004919031495,0.0421951759667198,,-0.130632598901535,-0.00362557219018633,-0.00851613649196636,,-0.146391035457885,0.00273638457835546,,0.00243728736678328,-0.0113727922812341,0.00758066072653918,0.0210557754235676,0.0252900767088127,-0.00437999206643802,-0.534727319071759,0.00279106114289718,,,0.00956545368996053,-0.00317897505359177,0.00839429660585189,0.015177939549968,-0.00147552224931324,
2022-05-31,-0.00294674244978665,0.00321296966889051,0.00406241659928064,-0.0358788764391651,-0.0255980026567926,-0.00995235711291897,0.0113236162595491,,-0.000497178555608713,0.0162747940883268,0.00464340638635719,,-0.00095861294680688,-0.00314497216854548,,0.00590510590460624,0.0086933135643168,0.0142274504395221,0.0250639943449027,0.0113239844153181,0.00415550477854509,-0.386545450038627,0.0027769475661561,,,0.00998130454513912,0.0161755737527773,0.00889400241887728,0.015311780827659,0.026299865832808,
2022-06-30,0.0060672833055051,0.0858553271946576,0.00655525145981706,0.214593147669154,0.291673371224134,0.0106685533868145,0.0436843990822702,-0.220479589995412,0.202678866369373,-0.00223020197267054,0.0427123004147116,0.0655885098553721,0.216305730338881,0.00273879547357936,0.188168991887835,0.00832548483698048,0.0277708636782794,0.025396656387608,0.112643285758125,0.0508833755167304,0.0181955488183476,0.870723250627234,0.00397885138162479,820,-938.4,0.0160215707603353,0.0140400233182341,0.0245589925989016,0.0244236048387485,0.0181747606562119,0.031410255383383
2022-07-31,-0.00596940550139458,0.0192313888335374,0.0027858061295305,-0.154965917815035,-0.354661191675524,0.00210048016132802,0.021013461147648,,-0.147698412165701,0.0077295606176282,-0.0161658635718247,,-0.167711528949916,0.00582198129278488,,0.0013507010130489,-0.00715238524412065,0.0141665221876561,0.0557173739433789,0.0149523004764518,-0.000803688778560741,-0.672644806409687,0.00127575108557743,,,0.00545327128500084,0.011058802233352,0.0114743567198214,0.00779390884963327,0.0197245060908031,
2022-08-31,0.00174446505143777,0.0131848073182077,0.000145428358102606,-0.00508472834764184,-0.0199989118044481,0.0219273093504277,0.00789915986459278,,0.0100120783560591,0.00703557332774629,0.00383627903239514,,0.00945131004839617,-0.00438470590078666,,0.00305399011286056,-0.00114022802889124,-0.0242812047411807,0.0248366982548607,0.119550127522007,0.00927932283876665,-0.0410363820441777,0.00257763550509793,,,0.00540175188000447,0.00230338967524446,-0.00774225467751322,0.00997994975703342,0.00258407685799611,
2022-09-30,0.00192159934617564,0.00514194001157442,0.00286040832908085,0.0869834352315699,0.14054264573965,0.00979051352248739,0.0391875808583304,0.245447259155593,0.0637369129204313,0.00052335161715078,0.0208949429311325,-0.0673259134409641,0.0713286679092437,0.00791465117293555,-0.0495380881062477,0.00153940666101704,0.0174387778902858,0.00629230176343754,0.0541854787281313,0.0331386272757204,-0.00515176397657946,0.309080792841113,0.00225347831819356,-1136,-1928.3,0.00724290249054427,0.0498086238743642,0.022481076626498,0.0110258050375176,0.0730092727107188,0.0122236867003789
2022-10-31,0.0185507534229945,0.0177692110355849,0.00552561362964354,-0.0748277420182006,-0.10710671321235,-0.00346891548885608,0.00578546161789539,,-0.0634331432652537,0.00936774192424039,-0.00467928219757674,,-0.07401713460753,0.00555532992151697,,0.00357255038831994,-0.00272167209127971,0.00869639130794297,-0.00692298014230808,0.0249665551021039,0.00480190617875209,-0.653321867787584,0.00501064354639347,,,0.004108746360453,0.0240753319877314,0.0215582360702147,0.00288910452412949,0.0266478318418866,
2022-11-30,0.00206020568298371,0.0734688187071679,0.00437192788604612,-0.0351267462252647,-0.0955764243757677,0.0144384132227078,-0.0346004068939525,,-0.00956722400313836,0.00363357771701622,-0.00730465868557317,,-0.0212489216736902,0.0101335161391169,,0.00416438543834552,0.00696522054755988,0.0154717106952624,-0.0710530026413014,-0.128308691990555,0.0205173241227641,-0.120071040388193,0.00372793111544567,,,-0.00742407381016719,0.0371336474823245,0.0267076501582828,-0.0177043523483729,0.0529911248759483,
2022-12-31,0.0162958427875228,0.178722166922755,-0.0306275435118852,0.185695595842356,0.474089194466123,-0.0200690879627921,0.0151684975432449,-0.293481503146795,0.182097427647371,-0.0100567437962304,0.0334530072946997,0.0637321907828525,0.182624093359575,0.0129735976859209,-0.189690274960395,-0.00837425289403093,0.0447591349651404,-0.29033871888428,-0.0305230297590029,0.123665874311166,0.0179027622274202,0.791629320649896,-0.00284114500837696,1025.6,110.299999999999,0.0069244798407162,0.0409250951786735,0.0276351412780933,0.0388846619765637,0.051590430689668,0.00818990746985371
2023-01-31,-0.0171179653582225,-0.0477363659635053,0.00384349282643548,-0.110309293812959,-0.21591018628938,-0.0120592262954791,-0.0238928206956253,,-0.110828981282175,0.00591981381777806,-0.0244948570763803,,-0.120390106032447,-0.0134390809398894,,0.0016219145630707,-0.0191494777160361,0.00705198280495445,-0.0281192697532671,0.0470384813200013,0.00641752805600682,-0.627206869759238,0.00326911702348909,,,-0.0114722766183171,-0.00512376471736786,0.0166554102764707,-0.0242399819235501,-6.41143769914976e-05,
2023-02-28,-0.00354018052108351,-0.133410638072236,0.000363612302418659,0.0177679782641142,-0.0445679359222364,-0.00418012554655611,-0.0226804999399146,,0.00681959943542054,0.00448832326277682,-0.00302344762977391,,0.0272872994651046,0.00574970416180065,,0.000134048716374124,0.00643948447060261,-0.0204675424504384,-0.0302848933403794,-0.049000297823504,-0.0011044729128038,0.336932118889038,0.00263915906819889,,,-0.00631337255332376,-0.00518445412461865,0.0208665060518261,-0.0119931958869923,-0.00587298678597392,
2023-03-31,0.0151632110720943,0.0597880165434752,0.00384529930709832,0.0586213262963362,0.113436386146406,0.0835874987713066,-0.00762084295146082,0.335973479631857,0.0547952255938817,0.00937758735700633,0.0093126084281181,-0.0282534011428215,0.0541977947005758,0.00892093042787678,0.18742128241062,0.00340249448339947,0.0221021040103135,0.0260935833855331,-0.045785790793536,0.0941245114630211,0.000595404414710288,0.278862942580767,0.00116920907773732,-733.299999999999,4067.3,0.000281740812823728,0.012332791581219,0.0281993457886944,-0.00277852963850123,0.0111437947029795,0.0177076136496304
2023-04-30,-0.00308681778619935,0.0655591653213961,0.00160549670386878,-0.0670849126689781,-0.117355038102257,-0.00705792336319,-0.00242343493367869,,-0.034244497466327,0.0149806810898063,-0.00432874430680741,,-0.048652525770521,-0.00285491567271556,,0.000761479692817701,-0.0154989860233972,0.00313893935155463,-0.0437284142445158,-0.00180292206862642,0.00124026244973052,-0.405524764190185,0.00148084794050263,,,0.00460701998126467,0.0146162832258447,0.019284483849173,0.00718597722793746,0.0219752100151052,
2023-05-31,0.000915640788747396,0.241184760632379,0.00286227686693508,0.0467188029504459,0.165156966677488,-0.0149730789391125,0.0118145276065693,,0.0521453991911489,0.0102895984202593,0.0138794211480295,,0.0198856253644806,0.0128503432434197,,0.000635532218854706,0.00804931347321869,0.00712702203780857,0.0152802895027619,0.0473608153346063,0.00504978800857536,0.0178941660033267,0.00215197313880644,,,0.011413957023624,-0.0155598763188145,0.00156840200812525,0.0186834961858846,-0.0224025352002961,
2023-06-30,-0.000838712635777838,0.0190279962757298,0.00314473510240276,0.108267072008866,0.141182530098364,-0.020402462659515,0.0207024600262375,-0.304677344911354,0.0837676970757979,-0.00660746428906478,0.0252080665364467,0.0574674688546111,0.0957209233533884,0.0276411239124954,0.211398676584874,0.00546662943701826,0.0244191652410635,0.00125512387016968,0.0522054359007598,0.0123350706108845,0.0146737175366791,0.53360282385445,0.00326330533193797,-8497.1,-2175.5,0.00598579349219719,0.0607026195472553,0.0185581497043401,0.00837560618230349,0.0854726926161824,0.0142309413674457
2023-07-31,0.00877879741762833,-0.0313289355701123,-0.000462518600143014,-0.0501031589891738,-0.0851618858534096,0.0114623931515947,-0.0186576623089891,,-0.055875343309383,0.0138390845548351,-0.0119665532153874,,-0.0602990317764753,0.011173459526173,,-0.00618518298684911,-0.012084729724096,-0.00844884303542059,-0.00933794391248455,-0.0405438395285298,-0.00562040653016282,-0.31326231256827,0.000576214339078618,,,-0.00597069626036451,-0.000956020214323061,0.0172969870098925,-0.0106154272485561,-0.0047336914386733,
2023-08-31,0.017400896049665,0.067135192018636,0.000611622696579772,0.0101178701445743,0.00523882945874199,0.023436383781517,-0.0295280475160968,,0.0227289513592659,0.00426152454348738,-0.00235087849252658,,0.0144700517613163,-0.00105721216147003,,0.00353041595051451,0.0025693689111872,-0.0093937490388285,0.0223247664588389,0.00688954438283318,0.00553846973824967,0.0603816387843104,0.00151941514785214,,,-0.00646073842216488,0.0131392468921536,-0.00288992820272149,-0.0124942161615369,0.0114693291615282,
2023-09-30,-0.00356962038669728,0.148193557374318,0.00072166442565802,0.0965181861449071,0.12248802862829,-0.00921108041204022,0.0207087333348177,0.306423624508632,0.0931347947271703,0.0093325001717357,0.0219166147254981,0.0628151981456568,0.0822871909981018,0.00449526233271058,0.212644949118443,-0.00259704866124011,0.0108392105205244,0.000388047748428377,0.0758127517171019,-0.0866925719688361,0.00260944824581699,0.458032161320256,0.00131447917007144,8500,-2525.5,0.00979885570525951,-0.000654592754472105,-0.0100859101350714,0.0175283542660178,0.000488724283394859,0.0138611051650379
2023-10-31,0.00350744673128922,-0.0335323502102209,-0.000151889549798057,-0.079171031990116,-0.0511166286950022,4.98717145465122e-05,0.0288043660312063,,-0.0671966997908022,0.00297412195808988,-0.00282382953556493,,-0.0743162689262444,0.00782105322567261,,-0.00125796523505706,-0.00221970798552462,0.000172277441828683,-0.0781978640098711,0.00856630543070303,-0.00346963960327962,-0.398347867463841,-0.000236265574535821,,,0.000955481067318686,0.0917148479349734,-0.00702826707279236,0.00188959420429313,0.124227711508588,
2023-11-30,5.21944981013434e-05,-0.0251246972325934,0.00372964752161487,-0.00761506340348994,0.0780933875630581,-0.00388044407955768,-0.00990781882528857,,-0.0141254911775164,-0.00623726579099326,-0.00270844016751504,,-0.0118209822688975,0.0114940467178943,,0.00122007674982783,0.00996530268318097,-0.00427093064505968,-0.0229778188868686,0.0503395206343447,0.00494122728406765,-0.196319998548553,0.00418578698013938,,,-0.00280171840887,0.00542391491783434,-0.0189208094143076,-0.00833889230928797,0.00728068735125298,
2023-12-31,0.0248410488228732,0.0723084317200247,0.000669577503213503,0.159486451911441,0.413843933905607,0.0157017487136031,0.0236491442034321,-0.00941202890998838,0.120415714081267,0.00260161547464399,0.0333616162624555,0.0670673110235942,0.130260132326175,0.0391156640728454,0.454018068565803,-0.00152227892719559,0.0305273898600511,0.00409820344291489,0.0483822949713897,0.00734154451957814,0.00751976573456581,0.0457488272332434,0.00030470406363392,3500,2146.8,0.0100120967442194,0.014586687330544,0.00862960706017191,0.0179120564110455,0.0110305019589987,0.0205123675274645
2024-01-31,-0.00145838947122279,-0.0440067721394328,0.000589513294569244,-0.0438469238857291,-0.118665595862526,-0.00791852453129493,-0.0532216050755867,,-0.0591714663159415,-0.0101171614255513,-0.0230913394457755,,-0.0621129468155726,0.00242372692719606,,0.00162803958247437,-0.0163237208659321,0.000334860349779476,0.00332571633744294,-0.0643230768859242,-0.00344720775598617,0.136817113439779,0.0010241254928065,,,-0.0179388152438538,-0.0282490139392184,-0.0290712660453369,-0.0337407011026229,-0.0377759545352561,
2024-02-29,-0.00373755275135146,-0.0487225487110798,0.00855442819623597,-0.0037149393801954,-0.0158025688544789,0.00840398499472705,-0.0160236194490704,,-0.00318568505954175,0.0130976963122311,-0.000863994949373392,,0.00576374330541363,0.011001171806484,,0.000125070004513006,0.00543076943179877,-0.0114660803596198,-0.0328579193887606,0.950140606990932,0.0072319312771203,0.0686087111745568,0.000808975031405978,,,0.00101958887088216,-0.0110682114291123,0.00389717697449399,-0.00556404544262179,-0.0137360560002886,
2024-03-31,-0.0181637084689967,0.00451445030107855,0.000470230752890544,0.0491909263244246,0.109394613028773,0.00657331717876275,0.0407555007378058,0.198356734310881,0.0322514711875979,0.00708570184096047,0.0174605004176769,8.10566845057537e-05,0.0374467650573287,0.00376913836613468,0.053194738275895,0.00183062035964277,0.0251274549259861,-0.022588998289601,-0.0246471991077257,-0.0411242944817616,0.00691688075506924,0.118334668416185,0.00322443145587314,-2622.2,3187.9,0.00936508777608935,0.0270318896663415,0.00283652609364538,0.0171271939023754,0.0430651044308785,0.034226988537851
2024-04-30,-0.00846086648511424,-0.0294194974398145,0.00071727973271507,-0.045577799358961,-0.0913205264939627,-0.00923801219729548,-0.0154837132604726,,-0.0398958587951608,0.00926627393798896,-0.00972708303142689,,-0.0418665333028034,0.00154141419177556,,-0.00339481627713134,-0.0101459165346416,0.00634039949978771,0.00247542732086181,-0.0198957339324899,-0.000106829636791872,-0.184048564467926,0.000516543303040962,,,-0.00417018141182623,0.00780365142277439,0.0155788718621324,-0.00841921974490312,0.013338531832451,
2024-05-31,0.00366302474352231,-0.0729797537667096,0.0130540733794948,-0.016935763464172,-0.0429120815130943,0.0329938413906348,-0.00593701898909593,,-0.0214931491220511,-0.00049307362422546,-0.00055836904953388,,-0.0120901258293458,0.0121900223187321,,0.0100925297736225,-0.000924960955066112,0.00476631311508768,0.033698903368208,0.509342394254574,0.00498296869110959,-0.0631326003065134,0.00423640434457973,,,0.00521470413892899,-0.0189783213469923,-0.00474096151139669,-0.001682491492069,-0.0267164579442465,
2024-06-30,-0.00500101861289615,0.0322676462404878,0.00160601269377558,0.0650488855668474,0.133777256512435,-0.0122453096782653,0.00169663358213512,-0.180482870511204,0.0559908073604838,-0.00620659325256767,0.0125722169925329,0.00120428755326074,0.0600564041168745,0.00750410721353667,0.0593255434477165,0.00241299408257944,0.0296163079362177,-0.0136637711690515,-0.0638022460152197,-0.02505671174508,0.017664383118225,0.163221539440555,0.00362838567116697,1322.2,-2097.4,0.00904370715911007,-0.0509765620726235,0.0313778274304966,0.0155899657928202,-0.0674369774493684,0.00677789865920531
2024-07-31,-0.0125506449401964,0.0167967766258048,0.0020628800724527,-0.0478223745916804,-0.104097247897935,-0.000777445054145787,0.0436128048589577,,-0.0504871840947185,0.00313232617144621,0.000663120942610007,,-0.0625484979910489,-0.00278103512536987,,-0.00269596352007717,-0.00180516306736145,0.017649387229751,-0.00294039525521406,0.0369814459200981,0.0104969987587253,-0.0804760087914413,-0.000192035256741718,,,0.00820611650505931,0.0245520973976561,-0.00361526693934877,0.0135446526256775,0.0379152072264493,
2024-08-31,-0.00397218788499742,-0.0244719910259636,0.00398754637628862,-0.0446796078182867,-0.0332497230150111,-0.00732483064400036,-0.0224793996605968,,-0.0493426370534262,0.00929806553929069,-0.00798410794673821,,-0.0540476610273153,0.0207978602925945,,0.00170962840833333,0.00143225788849932,-0.0196103357655257,-0.0639426933105263,0.12419151854516,-0.000470815812761316,-0.237051614373883,0.00294332062730085,,,-0.000189642815204394,-0.0107397025908522,-0.00695794303662467,-0.00381298742587433,-0.0131271798462365,
2024-09-30,0.0118297497010786,0.0277925368625329,0.00256922915148472,0.135591728297985,0.161435429367945,0.0131528872617217,0.0383354171489163,0.158702585391003,0.122931067805863,0.0154829925719309,0.0305704307436248,0.0443347228869495,0.140126299939402,-0.002251354041654,0.113801643343287,0.000591627156470764,0.026201940359913,0.0258244398551,0.0119836018890798,0.000760930967778961,0.0119222837494988,0.666627997395855,0.000524941960454939,-2000,-2765.3,0.0059092699796981,0.0500317612785111,0.0210087915691481,0.00880872394583854,0.0632278680196912,0.0307983277209374
2024-10-31,0.0035397051087287,-0.0250205101124372,0.00648586377214855,-0.0847579033736814,-0.0856822076170882,-0.0199855389487578,-0.0129187451377177,,-0.101726774885959,-0.00258317077204673,-0.0139921845221664,,-0.115499323827697,0.0239584794797185,,0.00332174524441342,-0.0151099841658056,-0.0209611422215499,-0.052884665974064,0.15829768329322,-0.00285834315143063,-0.361651655186478,0.00436576889793905,,,-0.00120739096306188,0.00691268545939749,-0.0131018330354706,-0.00791312909502828,0.00804563590513752,
2024-11-30,0.00381610309210245,0.0181088541061332,0.0010542265419442,0.00191895348643811,-0.0185337777944614,0.0247939957038312,-0.00794412903211672,,-0.000728449687288801,-0.0036309388502378,0.00127971102262947,,-0.00412558849934541,0.0148849016650399,,-0.000274243693803911,0.00926524597814726,0.0007505755731394,-0.0223534106668222,0.00380509602766388,0.00562717050839368,0.0511934307561521,0.000991314933440179,,,-0.000293895105103914,0.0127632206477202,0.0178584424457444,-0.0014789596063256,0.0157438832397609,
2024-12-31,0.00666051183483951,0.0168622726391323,0.00245435684121098,0.164511307880376,0.317037221037378,0.0153596395592039,0.0162246188357464,-0.186667369637219,0.115115347075426,-0.00637259787091615,0.036812010828239,0.0815449341568044,0.132714560999123,0.0704438396263214,0.558625591127962,-0.00206840389808427,0.0574113847146904,-0.00464298421718823,0.027964948731702,0.110616317995753,0.0190390063515586,0.385424175232428,-0.00066059413855335,1900,2321.6,0.00815212974675639,0.0352674527051864,-0.0243037209369579,0.0131403760429976,0.0445633745195124,0.024404004984877
2025-01-31,-0.001083351911074,-0.00518448964161244,0.00653543706749105,-0.0979829897685587,-0.128741246592602,-0.0195332206629715,-0.0494333370722497,,-0.109949657733427,-0.000815015318545775,-0.0270491426765389,,-0.129006728023006,0.00268397943195176,,0.0045078145393127,-0.0281635488055674,-0.000706089010861888,0.00700055111458298,0.0740938559247617,-0.013652650607483,-0.460290148391067,0.00461560746951228,,,-0.0117128120051362,-0.0173260239026387,0.0120869734633722,-0.0278793770756796,-0.0225608568890134,
2025-02-28,0.00200430521917738,-0.0281312933946722,0.00129819648108231,-0.0214933440228098,-0.0399482442808328,-0.000855098054515224,-0.00261338866349803,,-0.0241049651182834,0.00729312696822149,-0.00203487879089614,,-0.023424845553544,0.00787559412127692,,0.00183943362110384,0.00535101178689246,-0.00369852299529327,0.0777321421680988,-0.00167688561780821,0.00490268013217943,-0.194205870815834,0.00185366111715979,,,-5.12512596735348e-05,0.0158777758563584,-0.00188212726699355,-0.0012690678641345,0.0203560231635844,
2025-03-31,-0.0239976669050481,-0.000286118110425448,0.00428465873848971,0.0986338546365495,0.0918291513501348,0.00816444331319843,0.0545972922931863,0.41478344780999,0.0807901955807431,0.0240232428080382,0.0293662443781262,-0.0198135567188427,0.0958376855436072,0.00709280006482693,0.00984476505675147,0.0026765363761232,0.0349557915312815,-0.00290349648175869,-0.00129717271520313,0.0765272084576125,0.019104458831956,0.670769099283621,0.0019818431896681,-571.6,3482.9,0.0107539581151297,0.049863587418244,-0.0163363893391502,0.0165639330308203,0.0723807016981279,-0.00576523644903126
2025-04-30,-0.00727110982792389,-0.0538516002637408,0.00784962681715307,-0.0389979266644431,-0.0476358593728499,0.0518259242696573,-0.0246793148779432,,-0.0370349932804839,0.00482535825670993,-0.00705321145219706,,-0.0341582687192385,0.0105784567386067,,0.00378484046464322,-0.0347494329360067,0.00898136530295979,0.0745976974497591,0.095591351244904,-0.00853270722386235,-0.320427325198324,0.00388183871988623,,,0.00268428974389323,-0.0237625663218495,0.0175950377833782,-0.00194886649142489,-0.0286040013130648,
2025-05-31,-0.00466048696578092,0.0291406681653239,0.00924206990772802,-0.0369884946556809,-0.0127300745331294,0.0283255680039254,-0.0392065150559198,,-0.0429886784870757,6.86002520744466e-05,-0.00987186640228899,,-0.0558900453283648,0.0155542019358261,,0.00871225680583798,0.0126500364145894,0.0157171733650099,-0.031323566697413,0.140052299622074,0.0113809223736396,-0.513156814545452,0.00219880873265232,,,0.00708113063122617,-0.0960126375520698,0.0375021296338112,0.00512930280928359,-0.124805638798048,
2025-06-30,0.00447828803359585,0.025147479365879,0.0033942459093268,0.0965888536411335,0.145761070344181,0.0123344546433639,0.0280093081944095,0.306131651649611,0.0803829078647187,0.0174745233680262,0.0249370583300266,0.0244563803347084,0.0903708521415076,0.0153924441666611,0.0429163614273147,0.00558047337665712,0.0432232301646245,-0.0293658660239284,0.0927190242243405,0.00455509423941436,0.0202144747101247,0.230139351037081,0.00619155197319365,1771.6,-1464.7,0.0102322591141988,0.0104276301232069,0.016424485358904,0.0163812246927293,0.0124103822653669,-0.000740007216192495
2025-07-31,-0.0055331366897331,-0.0431153287673549,0.00452607252158188,-0.049253937063181,-0.145768140363863,-0.00224262894752236,-0.00422479466681658,,-0.0640983647210245,-0.0122478809243827,-0.00680919954705672,,-0.0679734283513245,0.016962073862274,,0.00809181225091393,-0.00656161229145802,0.0140238436044999,-0.0157586994080994,0.00634753621512552,0.00865291151368019,0.27436366352871,0.003611201703837,,,-0.00651451602917241,0.0707729982116181,-0.0280455815542311,-0.0164824800231163,0.0948681096747457,
2025-08-31,0.0227999520064106,-0.0377219935888817,0.00175809090263002,-0.0204128413907743,0.0247893030434856,0.0116542295331197,-0.0329747540574719,,-0.00539831896784371,0.0108646096514882,-0.0045975283290165,,0.000307709965531089,0.0101600740051602,,0.00159542298998439,-0.00298494356384182,-0.0243765931420779,-0.0275658549049993,-0.00287309929560742,0.00402503747270089,-0.359596699405875,0.00423446065841304,,,-0.00237280450149768,0.00596933622528972,0.010463042782888,-0.00615669621324244,0.000860269462064522,
2025-09-30,-0.00218489681566503,0.0376407463302932,0.00155374129084151,0.0983128406113725,0.0636653492093959,0.0218074593476008,0.0291410499615381,-0.0618148682779882,0.092014472203001,0.00423231761447518,0.022860820811557,0.0199640182127947,0.101399190933817,0.00778983545994194,-0.00974643631250238,0.00284358000770268,0.0206290062068177,0.0106712621683958,-0.00925381116380919,-0.000874521494599989,0.0071875427149326,0.702231295773338,0.000910249651241202,-1700,-3532.9,0.0041380686151431,0.029598397873821,0.020154756719462,0.00650881274310677,0.0391536040133396,0.0383171453817219
2025-10-31,0.000801071162301881,-0.00334344236203421,0.00472707452633081,-0.0231883434403937,0.0449849948225367,0.026935802675208,0.0248833401506818,,-0.0604190147967163,-0.00937841620027413,0.000307034484853475,,-0.0702745419354365,0.0172166986396469,,0.0063776295327127,-0.0136887356219546,-0.00213361560260594,0.0548561327303201,0.0128752538397041,-0.00705220953781094,-0.52730558246706,0.0048782342099738,,,0.000732398329196471,0.0393371332360619,0.00833321548184607,-0.002937102977846,0.0504076535215692,
2025-11-30,0.0135262833987948,-0.029973383352651,0.0035474054035376,-0.0133148826421223,0.0158403912065275,0.00670310403909902,-0.00192076703323529,,-0.0237782743329245,0.0160820815882392,0.00321307275547511,,-0.0228449026892399,0.0238404160765864,,0.00153895324269548,0.0176923239665356,0.00851917504437161,-0.0619461611110399,-0.000236984758371861,0.0152939614363401,-0.283009420120093,0.00332679948572512,,,0.0068053861027213,0.00583618125497765,0.023198527554511,0.00980027295207897,0.00367058573929313,
2025-12-31,0.451081882459848,0.106352769929549,0.00182717974259106,0.216158479913942,0.269397486017226,0.0199915425235666,-0.000504285149123262,0.220798524453601,0.208640573419716,-0.0213210069366934,0.0539430023321543,0.167582931651431,0.225188865702874,0.0889794057521289,0.314038479480169,0.00108844723814983,0.0484615790979355,0.00249393215401916,0.0280043129202987,-0.0160814536325464,0.0275568572413611,0.941856449341055,0.00270720814746284,1100,2873.3,0.0159518865305337,0.0213000289760341,0.0308506890459483,0.0287225638231554,-0.143513613268381,0.02252710319177
2026-01-31,0.00185477387812583,-0.0286003368583962,-0.000127351269107123,-0.0956581215153758,-0.142269666991696,0.0215597216472574,-0.023295536930382,,-0.134763730740845,0.00281418071187289,-0.0237052670617963,,-0.151973553244165,0.00715189624001056,,-0.00728520131810839,-0.0178219377804343,-0.00146832362334059,0.0664882869766856,0.000512080572217855,-0.00518687525631734,-0.285701771620303,-4.6816960574958e-05,,,-0.0126926469155535,0.0389217406068081,-0.0297621578154441,-0.0240364481040309,0.0574125294995653,
2026-02-28,0.00469553413075197,0.0278136666104309,0.00287437321435391,-0.0426714004149691,-0.0639550781276483,0.0206953771016334,-0.00823522433521617,,-0.0278113831705333,0.01265696688702,-0.00325821120204495,,-0.0376799282477958,0.00540522873154359,,0.00286008926047998,-0.000468339988460187,-0.00432783471960008,0.0550807745767798,0.0138802158459619,0.00450401070479067,-0.303674952481495,0.00290859778490393,,,0.00359843183128916,0.0197186618155385,0.0105581137547794,0.0042595061029207,0.0269267742668458,
2026-03-31,0.00189567301320182,-0.0494752468829436,0.00107043872936075,0.032849350207929,0.0538326324080192,-0.00913144699694257,0.0526101908907197,-0.32947516183453,0.0602450130105616,-0.000544302811636754,0.0223721556146916,-0.0892904378565937,0.0791196344092295,0.00750475601322442,0.0596035614079558,0.00311069534589947,0.0335792511355191,0.00380753071113205,-0.0859275142460127,-0.00280362202083317,0.0176302802922681,0.304947477864721,0.00104258632348753,-708.700000000001,5255.2,0.0162529065128485,0.0449976980304729,-0.0141649707345906,0.0299068161548153,0.0648171461851472,0.0131482423939122
2026-04-30,0.253266955883117,-0.0714034094396876,0.00513156829139838,-0.0983533944855477,-0.125761962992794,0.0257794766232191,-0.00927432189118704,,-0.112470376244563,0.0045904554994376,-0.004430319777045,,-0.119384781431158,0.0441784222277271,,0.0112189392737978,-0.0195156189906971,-4.95024904374475e-05,0.00942554145907692,0.0209924941275847,0.00767656636589287,-0.719395876253632,0.00473260400133491,,,0.00738991913647169,0.0664583185544458,0.0260645443014571,0.00938756883296676,-0.0295197677388934,
2026-05-31,0.000256180399663464,0.012566371910868,0.00834800894743282,0.0417567085641704,0.0338692737046351,,-0.00743573447419621,,0.0491166706230128,0.0226112663900082,0.00981311856281586,,0.0555205647648371,0.00802295998294333,,0.0041961846338836,,-0.00149012270035342,0.0617041447249047,0.081573609337676,,0.11783067288798,0.00513302814611194,,,0.00716309575830287,-0.0207221044440082,0.0304736475298046,0.00611602796457156,-0.0333341629643389,
