"date","Industrie de transformation :: Comptes débiteurs et crédits de trésorerie — Industrie de transformation (MDH)","Industrie de transformation :: Comptes débiteurs et crédits de trésorerie — Industrie de transformation (MDH) (2)","Industrie de transformation :: Comptes débiteurs et crédits de trésorerie — Industrie de transformation (MDH) (3)","Industrie de transformation :: Comptes débiteurs et crédits de trésorerie — Industrie de transformation (MDH) (4)","Industrie de transformation :: Comptes débiteurs et crédits de trésorerie — Industrie de transformation (MDH) (5)","Industrie de transformation :: Crédit bancaire Industries alimentaires et tabac (MDH)","Industrie de transformation :: Crédit bancaire Industries chimiques-parachimiques (MDH)","Industrie de transformation :: Crédit bancaire Industries manufacturières diverses (MDH)","Industrie de transformation :: Crédit bancaire Industries métallurgiques-mécaniques-électriques (MDH)","Industrie de transformation :: Crédit bancaire Industries textiles-habillement-cuir (MDH)","Industrie de transformation :: Crédits à l'équipement — Industrie de transformation (MDH)","Industrie de transformation :: Crédits à l'équipement — Industrie de transformation (MDH) (2)","Industrie de transformation :: Crédits à l'équipement — Industrie de transformation (MDH) (3)","Industrie de transformation :: Crédits à l'équipement — Industrie de transformation (MDH) (4)","Industrie de transformation :: Crédits à l'équipement — Industrie de transformation (MDH) (5)","Industrie de transformation :: DEMI PRODUITS","Industrie de transformation :: Evolution de la production au cours des trois prochains mois","Industrie de transformation :: Evolution de la production au cours des trois prochains mois (2)","Industrie de transformation :: Evolution de la production au cours des trois prochains mois (3)","Industrie de transformation :: Evolution de la production au cours des trois prochains mois (4)","Industrie de transformation :: Evolution de la production au cours des trois prochains mois (5)","Industrie de transformation :: Evolution de la production au cours des trois prochains mois (6)","Industrie de transformation :: Evolution de la production par rapport au mois précédent","Industrie de transformation :: Evolution de la production par rapport au mois précédent (2)","Industrie de transformation :: Evolution de la production par rapport au mois précédent (3)","Industrie de transformation :: Evolution de la production par rapport au mois précédent (4)","Industrie de transformation :: Evolution de la production par rapport au mois précédent (5)","Industrie de transformation :: Evolution de la production par rapport au mois précédent (6)","Industrie de transformation :: Evolution des nouvelles commandes par rapport au mois précédent","Industrie de transformation :: Evolution des nouvelles commandes par rapport au mois précédent (2)","Industrie de transformation :: Evolution des nouvelles commandes par rapport au mois précédent (3)","Industrie de transformation :: Evolution des nouvelles commandes par rapport au mois précédent (4)","Industrie de transformation :: Evolution des nouvelles commandes par rapport au mois précédent (5)","Industrie de transformation :: Evolution des nouvelles commandes par rapport au mois précédent (6)","Industrie de transformation :: Evolution des ventes au cours des trois prochains mois","Industrie de transformation :: Evolution des ventes au cours des trois prochains mois (2)","Industrie de transformation :: Evolution des ventes au cours des trois prochains mois (3)","Industrie de transformation :: Evolution des ventes au cours des trois prochains mois (4)","Industrie de transformation :: Evolution des ventes au cours des trois prochains mois (5)","Industrie de transformation :: Evolution des ventes au cours des trois prochains mois (6)","Industrie de transformation :: Evolution des ventes par rapport au mois précédent","Industrie de transformation :: Evolution des ventes par rapport au mois précédent (2)","Industrie de transformation :: Evolution des ventes par rapport au mois précédent (3)","Industrie de transformation :: Evolution des ventes par rapport au mois précédent (4)","Industrie de transformation :: Evolution des ventes par rapport au mois précédent (5)","Industrie de transformation :: Evolution des ventes par rapport au mois précédent (6)","Industrie de transformation :: IPI — Autres industries manufacturés","Industrie de transformation :: IPI — Fabrication de boissons","Industrie de transformation :: IPI — Fabrication de machines et équipements n.c.a.","Industrie de transformation :: IPI — Fabrication de meubles","Industrie de transformation :: IPI — Fabrication de produits en caoutchouc et en plastique","Industrie de transformation :: IPI — Fabrication de produits informatiques, électroniques et optiques","Industrie de transformation :: IPI — Fabrication de produits métalliques, à l’exclusion des machines et des équipements","Industrie de transformation :: IPI — Fabrication de produits à base de tabac","Industrie de transformation :: IPI — Fabrication de textiles","Industrie de transformation :: IPI — Fabrication d’autres matériels de transport","Industrie de transformation :: IPI — Fabrication d’autres produits minéraux non métalliques","Industrie de transformation :: IPI — Fabrication d’équipements électriques","Industrie de transformation :: IPI — Imprimerie et reproduction d’enregistrements","Industrie de transformation :: IPI — Industrie automobile","Industrie de transformation :: IPI — Industrie chimique","Industrie de transformation :: IPI — Industrie du cuir et de la chaussure (à l’exception de l’habillement en cuir)","Industrie de transformation :: IPI — Industrie du papier et du carton","Industrie de transformation :: IPI — Industrie d’habillement","Industrie de transformation :: IPI — Industrie pharmaceutique","Industrie de transformation :: IPI — Industries alimentaires","Industrie de transformation :: IPI — Industries manufacturières hors raffinage de pétrole","Industrie de transformation :: IPI — Métallurgie","Industrie de transformation :: IPI — Réparation et installation de machines et équipements","Industrie de transformation :: IPI — Travail du bois et fabrication d’articles en bois et en liège, à l’exception des meubles ; fabrication d’articles en vannerie et sparterie","Industrie de transformation :: Industries","Industrie de transformation :: Industries (2)","Industrie de transformation :: Industries (3)","Industrie de transformation :: Niveau des carnets de commandes par rapport au mois précédent","Industrie de transformation :: Niveau des carnets de commandes par rapport au mois précédent (2)","Industrie de transformation :: Niveau des carnets de commandes par rapport au mois précédent (3)","Industrie de transformation :: Niveau des carnets de commandes par rapport au mois précédent (4)","Industrie de transformation :: Niveau des carnets de commandes par rapport au mois précédent (5)","Industrie de transformation :: Niveau des carnets de commandes par rapport au mois précédent (6)","Industrie de transformation :: Niveau des stocks de PF","Industrie de transformation :: Niveau des stocks de PF (2)","Industrie de transformation :: Niveau des stocks de PF (3)","Industrie de transformation :: Niveau des stocks de PF (4)","Industrie de transformation :: Niveau des stocks de PF (5)","Industrie de transformation :: Niveau des stocks de PF (6)","Industrie de transformation :: PRODUITS FINIS D'EQUIPEMENT INDUSTRIEL","Industrie de transformation :: Taux d’Utilisation des Capacités","Industrie de transformation :: Utilisation des capacités de production (cumulé)","CIBLE"
1998-06-30,,,,,,,,,,,,,,,,,,,,,,,,,,,,,,,,,,,,,,,,,,,,,,,,,,,,,,,,,,,,,,,,,,,,,,,,,,,,,,,,,,,,,,,,,-0.0702618219238254
1998-07-31,,,,,,,,,,,,,,,,,,,,,,,,,,,,,,,,,,,,,,,,,,,,,,,,,,,,,,,,,,,,,,,,,,,,,,,,,,,,,,,,,,,,,,,,,
1998-08-31,,,,,,,,,,,,,,,,,,,,,,,,,,,,,,,,,,,,,,,,,,,,,,,,,,,,,,,,,,,,,,,,,,,,,,,,,,,,,,,,,,,,,,,,,
1998-09-30,,,,,,,,,,,,,,,,,,,,,,,,,,,,,,,,,,,,,,,,,,,,,,,,,,,,,,,,,,,,,,,,,,,,,,,,,,,,,,,,,,,,,,,,,0.00618790040622486
1998-10-31,,,,,,,,,,,,,,,,,,,,,,,,,,,,,,,,,,,,,,,,,,,,,,,,,,,,,,,,,,,,,,,,,,,,,,,,,,,,,,,,,,,,,,,,,
1998-11-30,,,,,,,,,,,,,,,,,,,,,,,,,,,,,,,,,,,,,,,,,,,,,,,,,,,,,,,,,,,,,,,,,,,,,,,,,,,,,,,,,,,,,,,,,
1998-12-31,,,,,,,,,,,,,,,,,,,,,,,,,,,,,,,,,,,,,,,,,,,,,,,,,,,,,,,,,,,,,,,,,,,,,,,,,,,,,,,,,,,,,,,,,-0.0337077318520045
1999-01-31,,,,,,,,,,,,,,,,,,,,,,,,,,,,,,,,,,,,,,,,,,,,,,,,,,,,,,,,,,,,,,,,,,,,,,,,,,,,,,,,,,,,,,,,,
1999-02-28,,,,,,,,,,,,,,,,,,,,,,,,,,,,,,,,,,,,,,,,,,,,,,,,,,,,,,,,,,,,,,,,,,,,,,,,,,,,,,,,,,,,,,,,,
1999-03-31,,,,,,,,,,,,,,,,,,,,,,,,,,,,,,,,,,,,,,,,,,,,,,,,,,,,,,,,,,,,,,,,,,,,,,,,,,,,,,,,,,,,,,,,,0.0384555969246563
1999-04-30,,,,,,,,,,,,,,,,,,,,,,,,,,,,,,,,,,,,,,,,,,,,,,,,,,,,,,,,,,,,,,,,,,,,,,,,,,,,,,,,,,,,,,,,,
1999-05-31,,,,,,,,,,,,,,,,,,,,,,,,,,,,,,,,,,,,,,,,,,,,,,,,,,,,,,,,,,,,,,,,,,,,,,,,,,,,,,,,,,,,,,,,,
1999-06-30,,,,,,,,,,,,,,,,,,,,,,,,,,,,,,,,,,,,,,,,,,,,,,,,,,,,,,,,,,,,,,,,,,,,,,,,,,,,,,,,,,,,,,,,,0.0292115937150079
1999-07-31,,,,,,,,,,,,,,,,,,,,,,,,,,,,,,,,,,,,,,,,,,,,,,,,,,,,,,,,,,,,,,,,,,,,,,,,,,,,,,,,,,,,,,,,,
1999-08-31,,,,,,,,,,,,,,,,,,,,,,,,,,,,,,,,,,,,,,,,,,,,,,,,,,,,,,,,,,,,,,,,,,,,,,,,,,,,,,,,,,,,,,,,,
1999-09-30,,,,,,,,,,,,,,,,,,,,,,,,,,,,,,,,,,,,,,,,,,,,,,,,,,,,,,,,,,,,,,,,,,,,,,,,,,,,,,,,,,,,,,,,,0.00725319286042669
1999-10-31,,,,,,,,,,,,,,,,,,,,,,,,,,,,,,,,,,,,,,,,,,,,,,,,,,,,,,,,,,,,,,,,,,,,,,,,,,,,,,,,,,,,,,,,,
1999-11-30,,,,,,,,,,,,,,,,,,,,,,,,,,,,,,,,,,,,,,,,,,,,,,,,,,,,,,,,,,,,,,,,,,,,,,,,,,,,,,,,,,,,,,,,,
1999-12-31,,,,,,,,,,,,,,,,,,,,,,,,,,,,,,,,,,,,,,,,,,,,,,,,,,,,,,,,,,,,,,,,,,,,,,,,,,,,,,,,,,,,,,,,,0.00373267261364063
2000-01-31,,,,,,,,,,,,,,,,,,,,,,,,,,,,,,,,,,,,,,,,,,,,,,,,,,,,,,,,,,,,,,,,,,,,,,,,,,,,,,,,,,,,,,,,,
2000-02-29,,,,,,,,,,,,,,,,,,,,,,,,,,,,,,,,,,,,,,,,,,,,,,,,,,,,,,,,,,,,,,,,,,,,,,,,,,,,,,,,,,,,,,,,,
2000-03-31,,,,,,,,,,,,,,,,,,,,,,,,,,,,,,,,,,,,,,,,,,,,,,,,,,,,,,,,,,,,,,,,,,,,,,,,,,,,,,,,,,,,,,,,,-0.00506560322954108
2000-04-30,,,,,,,,,,,,,,,,,,,,,,,,,,,,,,,,,,,,,,,,,,,,,,,,,,,,,,,,,,,,,,,,,,,,,,,,,,,,,,,,,,,,,,,,,
2000-05-31,,,,,,,,,,,,,,,,,,,,,,,,,,,,,,,,,,,,,,,,,,,,,,,,,,,,,,,,,,,,,,,,,,,,,,,,,,,,,,,,,,,,,,,,,
2000-06-30,,,,,,,,,,,,,,,,,,,,,,,,,,,,,,,,,,,,,,,,,,,,,,,,,,,,,,,,,,,,,,,,,,,,,,,,,,,,,,,,,,,,,,,,,0.0151163924331996
2000-07-31,,,,,,,,,,,,,,,,,,,,,,,,,,,,,,,,,,,,,,,,,,,,,,,,,,,,,,,,,,,,,,,,,,,,,,,,,,,,,,,,,,,,,,,,,
2000-08-31,,,,,,,,,,,,,,,,,,,,,,,,,,,,,,,,,,,,,,,,,,,,,,,,,,,,,,,,,,,,,,,,,,,,,,,,,,,,,,,,,,,,,,,,,
2000-09-30,,,,,,,,,,,,,,,,,,,,,,,,,,,,,,,,,,,,,,,,,,,,,,,,,,,,,,,,,,,,,,,,,,,,,,,,,,,,,,,,,,,,,,,,,0.00911015376317792
2000-10-31,,,,,,,,,,,,,,,,,,,,,,,,,,,,,,,,,,,,,,,,,,,,,,,,,,,,,,,,,,,,,,,,,,,,,,,,,,,,,,,,,,,,,,,,,
2000-11-30,,,,,,,,,,,,,,,,,,,,,,,,,,,,,,,,,,,,,,,,,,,,,,,,,,,,,,,,,,,,,,,,,,,,,,,,,,,,,,,,,,,,,,,,,
2000-12-31,,,,,,,,,,,,,,,,,,,,,,,,,,,,,,,,,,,,,,,,,,,,,,,,,,,,,,,,,,,,,,,,,,,,,,,,,,,,,,,,,,,,,,,,,0.00163209938707176
2001-01-31,,,,,,,,,,,,,,,,,,,,,,,,,,,,,,,,,,,,,,,,,,,,,,,,,,,,,,,,,,,,,,,,,,,,,,,,,,,,,,,,,,,,,,,,,
2001-02-28,,,,,,,,,,,,,,,,,,,,,,,,,,,,,,,,,,,,,,,,,,,,,,,,,,,,,,,,,,,,,,,,,,,,,,,,,,,,,,,,,,,,,,,,,
2001-03-31,,,,,,,,,,,,,,,,,,,,,,,,,,,,,,,,,,,,,,,,,,,,,,,,,,,,,,,,,,,,,,,,,,,,,,,,,,,,,,,,,,,,,,,,,0.00387966685631724
2001-04-30,,,,,,,,,,,,,,,,,,,,,,,,,,,,,,,,,,,,,,,,,,,,,,,,,,,,,,,,,,,,,,,,,,,,,,,,,,,,,,,,,,,,,,,,,
2001-05-31,,,,,,,,,,,,,,,,,,,,,,,,,,,,,,,,,,,,,,,,,,,,,,,,,,,,,,,,,,,,,,,,,,,,,,,,,,,,,,,,,,,,,,,,,
2001-06-30,,,,,,,,,,,,,,,,,,,,,,,,,,,,,,,,,,,,,,,,,,,,,,,,,,,,,,,,,,,,,,,,,,,,,,,,,,,,,,,,,,,,,,,,,0.00329173470419342
2001-07-31,,,,,,,,,,,,,,,,,,,,,,,,,,,,,,,,,,,,,,,,,,,,,,,,,,,,,,,,,,,,,,,,,,,,,,,,,,,,,,,,,,,,,,,,,
2001-08-31,,,,,,,,,,,,,,,,,,,,,,,,,,,,,,,,,,,,,,,,,,,,,,,,,,,,,,,,,,,,,,,,,,,,,,,,,,,,,,,,,,,,,,,,,
2001-09-30,,,,,,,,,,,,,,,,,,,,,,,,,,,,,,,,,,,,,,,,,,,,,,,,,,,,,,,,,,,,,,,,,,,,,,,,,,,,,,,,,,,,,,,,,-0.00190547691553888
2001-10-31,,,,,,,,,,,,,,,,,,,,,,,,,,,,,,,,,,,,,,,,,,,,,,,,,,,,,,,,,,,,,,,,,,,,,,,,,,,,,,,,,,,,,,,,,
2001-11-30,,,,,,,,,,,,,,,,,,,,,,,,,,,,,,,,,,,,,,,,,,,,,,,,,,,,,,,,,,,,,,,,,,,,,,,,,,,,,,,,,,,,,,,,,
2001-12-31,,,,,,,,,,,,,,,,,,,,,,,,,,,,,,,,,,,,,,,,,,,,,,,,,,,,,,,,,,,,,,,,,,,,,,,,,,,,,,,,,,,,,,,,,0.0433289280751286
2002-01-31,,,,,,,,,,,,,,,,,,,,,,,,,,,,,,,,,,,,,,,,,,,,,,,,,,,,,,,,,,,,,,,,,,,,,,,,,,,,,,,,,,,,,,,,,
2002-02-28,,,,,,,,,,,,,,,,,,,,,,,,,,,,,,,,,,,,,,,,,,,,,,,,,,,,,,,,,,,,,,,,,,,,,,,,,,,,,,,,,,,,,,,,,
2002-03-31,,,,,,,,,,,,,,,,,,,,,,,,,,,,,,,,,,,,,,,,,,,,,,,,,,,,,,,,,,,,,,,,,,,,,,,,,,,,,,,,,,,,,,,,,-0.0125519156164184
2002-04-30,,,,,,,,,,,,,,,,,,,,,,,,,,,,,,,,,,,,,,,,,,,,,,,,,,,,,,,,,,,,,,,,,,,,,,,,,,,,,,,,,,,,,,,,,
2002-05-31,,,,,,,,,,,,,,,,,,,,,,,,,,,,,,,,,,,,,,,,,,,,,,,,,,,,,,,,,,,,,,,,,,,,,,,,,,,,,,,,,,,,,,,,,
2002-06-30,,,,,,,,,,,,,,,,,,,,,,,,,,,,,,,,,,,,,,,,,,,,,,,,,,,,,,,,,,,,,,,,,,,,,,,,,,,,,,,,,,,,,,,,,-0.00619448540804868
2002-07-31,,,,,,,,,,,,,,,,,,,,,,,,,,,,,,,,,,,,,,,,,,,,,,,,,,,,,,,,,,,,,,,,,,,,,,,,,,,,,,,,,,,,,,,,,
2002-08-31,,,,,,,,,,,,,,,,,,,,,,,,,,,,,,,,,,,,,,,,,,,,,,,,,,,,,,,,,,,,,,,,,,,,,,,,,,,,,,,,,,,,,,,,,
2002-09-30,,,,,,,,,,,,,,,,,,,,,,,,,,,,,,,,,,,,,,,,,,,,,,,,,,,,,,,,,,,,,,,,,,,,,,,,,,,,,,,,,,,,,,,,,0.0374799746932837
2002-10-31,,,,,,,,,,,,,,,,,,,,,,,,,,,,,,,,,,,,,,,,,,,,,,,,,,,,,,,,,,,,,,,,,,,,,,,,,,,,,,,,,,,,,,,,,
2002-11-30,,,,,,,,,,,,,,,,,,,,,,,,,,,,,,,,,,,,,,,,,,,,,,,,,,,,,,,,,,,,,,,,,,,,,,,,,,,,,,,,,,,,,,,,,
2002-12-31,,,,,,,,,,,,,,,,,,,,,,,,,,,,,,,,,,,,,,,,,,,,,,,,,,,,,,,,,,,,,,,,,,,,,,,,,,,,,,,,,,,,,,,,,0.0419616143509582
2003-01-31,,,,,,,,,,,,,,,,,,,,,,,,,,,,,,,,,,,,,,,,,,,,,,,,,,,,,,,,,,,,,,,,,,,,,,,,,,,,,,,,,,,,,,,,,
2003-02-28,,,,,,,,,,,,,,,,,,,,,,,,,,,,,,,,,,,,,,,,,,,,,,,,,,,,,,,,,,,,,,,,,,,,,,,,,,,,,,,,,,,,,,,,,
2003-03-31,,,,,,,,,,,,,,,,,,,,,,,,,,,,,,,,,,,,,,,,,,,,,,,,,,,,,,,,,,,,,,,,,,,,,,,,,,,,,,,,,,,,,,,,,-0.0361181223415787
2003-04-30,,,,,,,,,,,,,,,,,,,,,,,,,,,,,,,,,,,,,,,,,,,,,,,,,,,,,,,,,,,,,,,,,,,,,,,,,,,,,,,,,,,,,,,,,
2003-05-31,,,,,,,,,,,,,,,,,,,,,,,,,,,,,,,,,,,,,,,,,,,,,,,,,,,,,,,,,,,,,,,,,,,,,,,,,,,,,,,,,,,,,,,,,
2003-06-30,,,,,,,,,,,,,,,,,,,,,,,,,,,,,,,,,,,,,,,,,,,,,,,,,,,,,,,,,,,,,,,,,,,,,,,,,,,,,,,,,,,,,,,,,-0.00373996613279992
2003-07-31,,,,,,,,,,,,,,,,,,,,,,,,,,,,,,,,,,,,,,,,,,,,,,,,,,,,,,,,,,,,,,,,,,,,,,,,,,,,,,,,,,,,,,,,,
2003-08-31,,,,,,,,,,,,,,,,,,,,,,,,,,,,,,,,,,,,,,,,,,,,,,,,,,,,,,,,,,,,,,,,,,,,,,,,,,,,,,,,,,,,,,,,,
2003-09-30,,,,,,,,,,,,,,,,,,,,,,,,,,,,,,,,,,,,,,,,,,,,,,,,,,,,,,,,,,,,,,,,,,,,,,,,,,,,,,,,,,,,,,,,,0.00364616823718045
2003-10-31,,,,,,,,,,,,,,,,,,,,,,,,,,,,,,,,,,,,,,,,,,,,,,,,,,,,,,,,,,,,,,,,,,,,,,,,,,,,,,,,,,,,,,,,,
2003-11-30,,,,,,,,,,,,,,,,,,,,,,,,,,,,,,,,,,,,,,,,,,,,,,,,,,,,,,,,,,,,,,,,,,,,,,,,,,,,,,,,,,,,,,,,,
2003-12-31,,,,,,,,,,,,,,,,,,,,,,,,,,,,,,,,,,,,,,,,,,,,,,,,,,,,,,,,,,,,,,,,,,,,,,,,,,,,,,,,,,,,,,,,,-0.000345252037414312
2004-01-31,,,,,,,,,,,,,,,,,,,,,,,,,,,,,,,,,,,,,,,,,,,,,,,,,,,,,,,,,,,,,,,,,,,,,,,,,,,,,,,,,,,,,,,,,
2004-02-29,,,,,,,,,,,,,,,,,,,,,,,,,,,,,,,,,,,,,,,,,,,,,,,,,,,,,,,,,,,,,,,,,,,,,,,,,,,,,,,,,,,,,,,,,
2004-03-31,,,,,,,,,,,,,,,,,,,,,,,,,,,,,,,,,,,,,,,,,,,,,,,,,,,,,,,,,,,,,,,,,,,,,,,,,,,,,,,,,,,,,,,,,0.00630454236534916
2004-04-30,,,,,,,,,,,,,,,,,,,,,,,,,,,,,,,,,,,,,,,,,,,,,,,,,,,,,,,,,,,,,,,,,,,,,,,,,,,,,,,,,,,,,,,,,
2004-05-31,,,,,,,,,,,,,,,,,,,,,,,,,,,,,,,,,,,,,,,,,,,,,,,,,,,,,,,,,,,,,,,,,,,,,,,,,,,,,,,,,,,,,,,,,
2004-06-30,,,,,,,,,,,,,,,,,,,,,,,,,,,,,,,,,,,,,,,,,,,,,,,,,,,,,,,,,,,,,,,,,,,,,,,,,,,,,,,,,,,,,,,,,-0.0120298027197645
2004-07-31,,,,,,,,,,,,,,,,,,,,,,,,,,,,,,,,,,,,,,,,,,,,,,,,,,,,,,,,,,,,,,,,,,,,,,,,,,,,,,,,,,,,,,,,,
2004-08-31,,,,,,,,,,,,,,,,,,,,,,,,,,,,,,,,,,,,,,,,,,,,,,,,,,,,,,,,,,,,,,,,,,,,,,,,,,,,,,,,,,,,,,,,,
2004-09-30,,,,,,,,,,,,,,,,,,,,,,,,,,,,,,,,,,,,,,,,,,,,,,,,,,,,,,,,,,,,,,,,,,,,,,,,,,,,,,,,,,,,,,,,,0.00766013519123021
2004-10-31,,,,,,,,,,,,,,,,,,,,,,,,,,,,,,,,,,,,,,,,,,,,,,,,,,,,,,,,,,,,,,,,,,,,,,,,,,,,,,,,,,,,,,,,,
2004-11-30,,,,,,,,,,,,,,,,,,,,,,,,,,,,,,,,,,,,,,,,,,,,,,,,,,,,,,,,,,,,,,,,,,,,,,,,,,,,,,,,,,,,,,,,,
2004-12-31,,,,,,,,,,,,,,,,,,,,,,,,,,,,,,,,,,,,,,,,,,,,,,,,,,,,,,,,,,,,,,,,,,,,,,,,,,,,,,,,,,,,,,,,,0.0155596277544259
2005-01-31,,,,,,,,,,,,,,,,,,,,,,,,,,,,,,,,,,,,,,,,,,,,,,,,,,,,,,,,,,,,,,,,,,,,,,,,,,,,,,,,,,,,,,,,,
2005-02-28,,,,,,,,,,,,,,,,,,,,,,,,,,,,,,,,,,,,,,,,,,,,,,,,,,,,,,,,,,,,,,,,,,,,,,,,,,,,,,,,,,,,,,,,,
2005-03-31,,,,,,,,,,,,,,,,,,,,,,,,,,,,,,,,,,,,,,,,,,,,,,,,,,,,,,,,,,,,,,,,,,,,,,,,,,,,,,,,,,,,,,,,,0.00221421201364436
2005-04-30,,,,,,,,,,,,,,,,,,,,,,,,,,,,,,,,,,,,,,,,,,,,,,,,,,,,,,,,,,,,,,,,,,,,,,,,,,,,,,,,,,,,,,,,,
2005-05-31,,,,,,,,,,,,,,,,,,,,,,,,,,,,,,,,,,,,,,,,,,,,,,,,,,,,,,,,,,,,,,,,,,,,,,,,,,,,,,,,,,,,,,,,,
2005-06-30,,,,,,,,,,,,,,,,,,,,,,,,,,,,,,,,,,,,,,,,,,,,,,,,,,,,,,,,,,,,,,,,,,,,,,,,,,,,,,,,,,,,,,,,,0.0242285383596155
2005-07-31,,,,,,,,,,,,,,,,,,,,,,,,,,,,,,,,,,,,,,,,,,,,,,,,,,,,,,,,,,,,,,,,,,,,,,,,,,,,,,,,,,,,,,,,,
2005-08-31,,,,,,,,,,,,,,,,,,,,,,,,,,,,,,,,,,,,,,,,,,,,,,,,,,,,,,,,,,,,,,,,,,,,,,,,,,,,,,,,,,,,,,,,,
2005-09-30,,,,,,,,,,,,,,,,,,,,,,,,,,,,,,,,,,,,,,,,,,,,,,,,,,,,,,,,,,,,,,,,,,,,,,,,,,,,,,,,,,,,,,,,,0.00761480400457337
2005-10-31,,,,,,,,,,,,,,,,,,,,,,,,,,,,,,,,,,,,,,,,,,,,,,,,,,,,,,,,,,,,,,,,,,,,,,,,,,,,,,,,,,,,,,,,,
2005-11-30,,,,,,,,,,,,,,,,,,,,,,,,,,,,,,,,,,,,,,,,,,,,,,,,,,,,,,,,,,,,,,,,,,,,,,,,,,,,,,,,,,,,,,,,,
2005-12-31,,,,,,,,,,,,,,,,,,,,,,,,,,,,,,,,,,,,,,,,,,,,,,,,,,,,,,,,,,,,,,,,,,,,,,,,,,,,,,,,,,,,,,,,,1.06943293314288e-05
2006-01-31,,,,,,,,,,,,,,,,,,,,,,,,,,,,,,,,,,,,,,,,,,,,,,,,,,,,,,,,,,,,,,,,,,,,,,,,,,,,,,,,,,,,,,,,,
2006-02-28,,,,,,,,,,,,,,,,,,,,,,,,,,,,,,,,,,,,,,,,,,,,,,,,,,,,,,,,,,,,,,,,,,,,,,,,,,,,,,,,,,,,,,,,,
2006-03-31,,,,,,,,,,,,,,,,,,,,,,,,,,,,,,,,,,,,,,,,,,,,,,,,,,,,,,,,,,,,,,,,,,,,,,,,,,,,,,,,,,,,,,,,,0.0152929112121694
2006-04-30,,,,,,,,,,,,,,,,,,,,,,,,,,,,,,,,,,,,,,,,,,,,,,,,,,,,,,,,,,,,,,,,,,,,,,,,,,,,,,,,,,,,,,,,,
2006-05-31,,,,,,,,,,,,,,,,,,,,,,,,,,,,,,,,,,,,,,,,,,,,,,,,,,,,,,,,,,,,,,,,,,,,,,,,,,,,,,,,,,,,,,,,,
2006-06-30,,,,,,,,,,,,,,,,,,,,,,,,,,,,,,,,,,,,,,,,,,,,,,,,,,,,,,,,,,,,,,,,,,,,,,,,,,,,,,,,,,,,,,,,,0.0180528591950075
2006-07-31,,,,,,,,,,,,,,,,,,,,,,,,,,,,,,,,,,,,,,,,,,,,,,,,,,,,,,,,,,,,,,,,,,,,,,,,,,,,,,,,,,,,,,,,,
2006-08-31,,,,,,,,,,,,,,,,,,,,,,,,,,,,,,,,,,,,,,,,,,,,,,,,,,,,,,,,,,,,,,,,,,,,,,,,,,,,,,,,,,,,,,,,,
2006-09-30,,,,,,,,,,,,,,,,,,,,,,,,,,,,,,,,,,,,,,,,,,,,,,,,,,,,,,,,,,,,,,,,,,,,,,,,,,,,,,,,,,,,,,,,,0.00928662182647777
2006-10-31,,,,,,,,,,,,,,,,,,,,,,,,,,,,,,,,,,,,,,,,,,,,,,,,,,,,,,,,,,,,,,,,,,,,,,,,,,,,,,,,,,,,,,,,,
2006-11-30,,,,,,,,,,,,,,,,,,,,,,,,,,,,,,,,,,,,,,,,,,,,,,,,,,,,,,,,,,,,,,,,,,,,,,,,,,,,,,,,,,,,,,,,,
2006-12-31,,,,,,,,,,,,,,,,,,,,,,,,,,,,,,,,,,,,,,,,,,,,,,,,,,,,,,,,,,,,,,,,,,,,,,,,,,,,,,,,,,,,,,,,,0.0035939739096591
2007-01-31,,,,,,,,,,,,,,,,,,,,,,,,,,,,,,,,,,,,,,,,,,,,,,,,,,,,,,,,,,,,,,,,,,,,,,,,,,,,,,,,,,,,,,,,,
2007-02-28,,,,,,,,,,,,,,,,,,,,,,,,,,,,,,,,,,,,,,,,,,,,,,,,,,,,,,,,,,,,,,,,,,,,,,,,,,,,,,,,,,,,,,,,,
2007-03-31,-0.0564736189278676,0.0818981303303747,-0.11148359806135,0.157291436318474,0.0243990982261675,-0.0908046416124133,-0.102365297070058,0.0034143096794832,0.111640856345087,0.0598003234232483,-0.164592154066478,-0.033422040773428,0.156936373284043,0.0336876584582795,0.208029153256889,,,,,,,,,,,,,,,,,,,,,,,,,,,,,,,,,,,,,,,,,,,,,,,,,,,,,,,,-0.010915149377789,0.0237806698000487,-0.0232500698162621,,,,,,,,,,,,,,,,0.0283688405516873
2007-04-30,,,,,,,,,,,,,,,,,,,,,,,,,,,,,,,,,,,,,,,,,,,,,,,,,,,,,,,,,,,,,,,,,,,,,,,,,,,,,,,,,,,,,,,,,
2007-05-31,,,,,,,,,,,,,,,,,,,,,,,,,,,,,,,,,,,,,,,,,,,,,,,,,,,,,,,,,,,,,,,,,,,,,,,,,,,,,,,,,,,,,,,,,
2007-06-30,0.0916789842158572,0.0188226128226923,0.329919110669081,0.132628495083754,0.0537324798536396,0.047406665881347,0.273885499858688,0.0589990989351623,0.119080254186118,0.0203576938668384,-0.00493204896294941,-0.0199845656069675,0.162864134522835,0.127018852123224,0.0565190500941437,,,,,,,,,,,,,,,,,,,,,,,,,,,,,,,,,,,,,,,,,,,,,,,,,,,,,,,,0.0830166571341771,0.109564089608558,0.0404413761728204,,,,,,,,,,,,,,,,0.0368829314513857
2007-07-31,,,,,,,,,,,,,,,,,,,,,,,,,,,,,,,,,,,,,,,,,,,,,,,,,,,,,,,,,,,,,,,,,,,,,,,,,,,,,,,,,,,,,,,,,
2007-08-31,,,,,,,,,,,,,,,,,,,,,,,,,,,,,,,,,,,,,,,,,,,,,,,,,,,,,,,,,,,,,,,,,,,,,,,,,,,,,,,,,,,,,,,,,
2007-09-30,0.00675349966443406,-0.130099343308784,0.0350956198220196,0.0146193751479498,0.0564559025037603,-0.00938957454072842,0.0174866641694607,0.0639256210445343,0.00766673112534733,-0.0803127042563698,-0.0570098343060508,0.00335605381297377,0.00723001394486911,0.0882219320021687,0.114566912792549,,,,,,,,,,,,,,,,,,,,,,,,,,,,,,,,,,,,,,,,,,,,,,,,,,,,,,,,0.000835081720440556,-0.000212097192164862,0.0178276835977194,,,,,,,,,,,,,,,,0.00125874967027073
2007-10-31,,,,,,,,,,,,,,,,,,,,,,,,,,,,,,,,,,,,,,,,,,,,,,,,,,,,,,,,,,,,,,,,,,,,,,,,,,,,,,,,,,,,,,,,,
2007-11-30,,,,,,,,,,,,,,,,,,,,,,,,,,,,,,,,,,,,,,,,,,,,,,,,,,,,,,,,,,,,,,,,,,,,,,,,,,,,,,,,,,,,,,,,,
2007-12-31,0.147941314130097,0.0724917202505022,0.0277936794438762,0.0039882956585835,0.126112346987082,0.111034791078316,0.0696210250428528,0.118517268332331,0.0215534368855153,0.105336394957551,0.0722760033021359,0.372746898807894,0.259171820999316,0.0709755236005831,0.123710945746438,,,,,,,,,,,,,,,,,,,,,,,,,,,,,,,,,,,,,,,,,,,,,,,,,,,,,,,,0.089606931261903,0.083283162717203,0.132678449207551,,,,,,,,,,,,,,,,0.0299296740881498
2008-01-31,,,,,,,,,,,,,,,,,,,,,,,,,,,,,,,,,,,,,,,,,,,,,,,,,,,,,,,,,,,,,,,,,,,,,,,,,,,,,,,,,,,,,,,,,
2008-02-29,,,,,,,,,,,,,,,,,,,,,,,,,,,,,,,,,,,,,,,,,,,,,,,,,,,,,,,,,,,,,,,,,,,,,,,,,,,,,,,,,,,,,,,,,
2008-03-31,-0.0653696011005493,0.00924728294294042,0.15922882145605,-0.0110972889089425,0.151768847035607,-0.0627609920751944,0.120911037841305,0.0983934681312721,0.0221998238741357,-0.0340108037567415,-0.0751827907965747,-0.0793767805345951,0.045804397228439,0.141884358026482,0.108091165984323,,,,,,,,,,,,,,,,,,,,,,,,,,,,,,,,,,,,,,,,,,,,,,,,,,,,,,,,0.0162398685120895,0.0353821960957745,0.0193108260749746,,,,,,,,,,,,,,,,0.0485250562747819
2008-04-30,,,,,,,,,,,,,,,,,,,,,,,,,,,,,,,,,,,,,,,,,,,,,,,,,,,,,,,,,,,,,,,,,,,,,,,,,,,,,,,,,,,,,,,,,
2008-05-31,,,,,,,,,,,,,,,,,,,,,,,,,,,,,,,,,,,,,,,,,,,,,,,,,,,,,,,,,,,,,,,,,,,,,,,,,,,,,,,,,,,,,,,,,
2008-06-30,-0.00377778842334209,0.0718922816311327,0.0621741141257779,0.0376011504232974,0.0341141647513385,-0.0363466446597176,0.0560846670708326,-0.00303323291289992,0.0386672035103111,0.0375576247294003,-0.0912342155241497,0.00396250220744943,0.0452982235600592,0.07093570352413,-0.0165328475841076,,,,,,,,,,,,,,,,,,,,,,,,,,,,,,,,,,,,,,,,,,,,,,,,,,,,,,,,0.00892435994414598,0.0346590815164642,-0.020127033536772,,,,,,,,,,,,,,,,-0.019444181646433
2008-07-31,,,,,,,,,,,,,,,,,,,,,,,,,,,,,,,,,,,,,,,,,,,,,,,,,,,,,,,,,,,,,,,,,,,,,,,,,,,,,,,,,,,,,,,,,
2008-08-31,,,,,,,,,,,,,,,,,,,,,,,,,,,,,,,,,,,,,,,,,,,,,,,,,,,,,,,,,,,,,,,,,,,,,,,,,,,,,,,,,,,,,,,,,
2008-09-30,-0.0450500863602361,0.0190848577056535,0.0510840269234958,0.195152051646575,0.101828198329196,-0.0306209410870935,0.000458953612861634,0.0768964503611045,0.145720445365114,-0.0174973273231913,-0.0407990044482673,-0.114619555051744,-0.218423433274052,0.110843219142014,0.0462919665828849,,,,,,,,,,,,,,,,,,,,,,,,,,,,,,,,,,,,,,,,,,,,,,,,,,,,,,,,0.0369923363998907,0.0666837856937867,-0.0154257079090296,,,,,,,,,,,,,,,,0.00219221058634211
2008-10-31,,,,,,,,,,,,,,,,,,,,,,,,,,,,,,,,,,,,,,,,,,,,,,,,,,,,,,,,,,,,,,,,,,,,,,,,,,,,,,,,,,,,,,,,,
2008-11-30,,,,,,,,,,,,,,,,,,,,,,,,,,,,,,,,,,,,,,,,,,,,,,,,,,,,,,,,,,,,,,,,,,,,,,,,,,,,,,,,,,,,,,,,,
2008-12-31,-0.0497722638715334,-0.300149062511725,-0.151998393239712,-0.11213968702752,-0.145721611336782,-0.0506534585663516,-0.0577122515901802,0.0448792053946505,-0.0254439664262129,-0.0637396728894366,-0.045494710702636,0.3772435524488,0.185188932094484,0.184818463616335,0.153650647396116,,,,,,,,,,,,,,,,,,,,,,,,,,,,,,,,,,,,,,,,,,,,,,,,,,,,,,,,-0.0240640000300765,-0.135835156792295,0.124671117471758,,,,,,,,,,,,,,,,-0.00887640327285766
2009-01-31,,,,,,,,,,,,,,,,,,,,,,,,,,,,,,,,,,,,,,,,,,,,,,,,,,,,,,,,,,,,,,,,,,,,,,,,,,,,,,,,,,,,,,,,,
2009-02-28,,,,,,,,,,,,,,,,,,,,,,,,,,,,,,,,,,,,,,,,,,,,,,,,,,,,,,,,,,,,,,,,,,,,,,,,,,,,,,,,,,,,,,,,,
2009-03-31,0.05430892958897,-0.0399790409126179,-0.056815689288074,-0.0716804601285173,-0.0949662634749995,0.0295176737053904,0.0323016791975004,-0.117661055901316,-0.0654692708796851,0.0865349604187173,0.0312479638205669,0.0557265432429013,-0.00329152015077749,-0.000240435247526705,0.0104951285587802,,,,,,,,,,,,,,,,,,,,,,,,,,,,,,,,,,,,,,,,,,,,,,,,,,,,,,,,-0.0181219997989341,-0.0375403144038202,0.0177280925709642,,,,,,,,,,,,,,,,-0.056254430503234
2009-04-30,,,,,,,,,,,,,,,,,,,,,,,,,,,,,,,,,,,,,,,,,,,,,,,,,,,,,,,,,,,,,,,,,,,,,,,,,,,,,,,,,,,,,,,,,
2009-05-31,,,,,,,,,,,,,,,,,,,,,,,,,,,,,,,,,,,,,,,,,,,,,,,,,,,,,,,,,,,,,,,,,,,,,,,,,,,,,,,,,,,,,,,,,
2009-06-30,0.0631440952834872,0.0469862560141916,0.0107965754873973,0.0138834447592231,0.172240813738163,0.0878630315950488,0.0567214193574159,0.117531476727557,0.0582377305854767,0.0430205817186078,0.163246896592689,0.088534093368053,0.193419778174285,0.151040469000796,0.0438228575880899,,,,,,,,,,,,,,,,,,,,,,,,,,,,,,,,,,,,,,,,,,,,,,,,,,,,,,,,0.0781111935337151,0.0678324644350781,0.118420920971388,,,,,,,,,,,,,,,,0.0144930533059835
2009-07-31,,,,,,,,,,,,,,,,,,,,,,,,,,,,,,,,,,,,,,,,,,,,,,,,,,,,,,,,,,,,,,,,,,,,,,,,,,,,,,,,,,,,,,,,,
2009-08-31,,,,,,,,,,,,,,,,,,,,,,,,,,,,,,,,,,,,,,,,,,,,,,,,,,,,,,,,,,,,,,,,,,,,,,,,,,,,,,,,,,,,,,,,,
2009-09-30,0.0533695927985391,0.117218373818108,-0.0559655136681361,0.114367458350369,0.109080772841654,0.0795796637144583,0.0928298046774376,0.102381493401232,0.0822380075762013,-0.000184180191149963,0.0576876968834288,0.0612400514214162,0.372855377510872,0.0271737413177373,0.0620182202850987,,,,,,,,,,,,,,,,,,,,,,,,,,,,,,,,,,,,,,,,,,,,,,,,,,,,,,,,0.0761265225489165,0.0748091157188746,0.0949338947483032,,,,,,,,,,,,,,,,0.0181214217607
2009-10-31,,,,,,,,,,,,,,,,,,,,,,,,,,,,,,,,,,,,,,,,,,,,,,,,,,,,,,,,,,,,,,,,,,,,,,,,,,,,,,,,,,,,,,,,,
2009-11-30,,,,,,,,,,,,,,,,,,,,,,,,,,,,,,,,,,,,,,,,,,,,,,,,,,,,,,,,,,,,,,,,,,,,,,,,,,,,,,,,,,,,,,,,,
2009-12-31,-0.0575619489453416,-0.00531777422369117,-0.0981824293911586,0.0576587394445092,-0.22146719772071,-0.0235118693317808,0.00293493781022036,-0.143807710034316,0.0563477755570183,0.0310849128217878,0.106233539568164,0.083128309511717,0.119141607602225,0.0799585716560198,-0.0515248842046194,,,,,,,,,,,,,,,,,,,,,,,,,,,,,,,,,,,,,,,,,,,,,,,,,,,,,,,,-0.0237895127039351,-0.0656254958939435,0.0572205587293251,,,,,,,,,,,,,,,,0.0205372442070448
2010-01-31,,,,,,,,,,,,,,,,,9.8175,47.2676,73.0252,66.7282,10.0165,14.7639,13.2414,27.7702,62.7009,-32.4445,14.2463,5.3855,2.323,-6.3416,-20.2621,1.0372,2.5142,25.8057,14.4991,35.116,42.0292,68.1675,11.7951,16.6178,-13.6528,22.9182,61.4964,-11.9422,7.9888,5.3977,,,,,,,,,,,,,,,,,,,,,,,,,,,,-12.7443,-11.6423,-3.9087,-27.5163,-45.3577,10.0073,-0.7408,2.7759,4.7815,-1.9009,-15.0894,30.6325,,,,
2010-02-28,,,,,,,,,,,,,,,,,54.4302,48.0695,49.9528,59.5812,6.2743,23.768,-34.6043,-31.9141,-58.1157,6.4756,10.1283,23.7533,-20.5543,-8.8619,-27.3858,43.4099,-8.3797,38.8312,52.8189,36.6187,19.9784,75.1769,10.9053,18.3278,-41.9382,-0.7652,2.6135,44.4294,11.0402,21.8234,,,,,,,,,,,,,,,,,,,,,,,,,,,,-32.8494,-23.3266,-15.0631,-24.3825,-46.5608,-15.7373,4.3604,1.4841,1.8322,1.1554,-11.978,1.7342,,-0.0640467224127983,,
2010-03-31,-0.0391121568316937,-0.107484187339834,-0.0257481710690701,0.058357018338496,0.0586570062751122,-0.0253153354934508,0.0135867031574151,0.0359526286325522,0.0440004437700612,-0.0370311942279571,0.00249962714917551,0.00390202421927022,0.0555180208009052,0.0411520899043367,0.0382817848247505,,57.2167,42.1635,51.9155,6.3958,0.6868,37.0104,67.0616,43.202,29.9028,59.7031,14.6015,28.3637,45.4668,43.5167,51.2608,52.6465,2.7979,2.5539,57.6517,41.5785,52.1451,8.8407,7.8766,12.1428,69.7872,15.726,-32.1088,57.1522,16.0255,29.0197,,,,,,,,,,,,,,,,,,,,,,,,,0.00759583494041394,0.00196288640410813,0.0275983382098772,-11.1493,1.5586,28.7709,-36.0994,-31.7989,-14.1259,0.2942,2.2848,2.742,-1.9992,-10.7031,29.8423,,0.0271101535832194,,0.00936650621360968
2010-04-30,,,,,,,,,,,,,,,,,52.4206,43.4256,55.5361,15.1485,36.4123,-5.4327,7.6164,26.5387,50.7202,5.7506,1.32,8.9363,14.6002,18.8782,27.4945,6.2078,15.268,9.1635,47.8188,49.4431,52.5092,69.2679,31.7493,7.9489,2.9047,11.0761,25.9743,-11.7838,13.7922,-9.2977,,,,,,,,,,,,,,,,,,,,,,,,,,,,-11.3282,-8.5443,4.9463,-35.5397,-22.493,-15.3027,1.0788,-1.7371,-6.2637,7.4905,-5.0438,0.4325,,0.0194619296969281,,
2010-05-31,,,,,,,,,,,,,,,,,51.6155,35.2355,52.2879,-17.395,21.6873,-5.3677,55.1036,7.1085,-22.4703,5.787,22.4528,2.975,41.0266,-18.409,-54.9623,-43.9378,34.83,0.3897,45.9825,41.9697,51.2808,35.5189,16.725,3.0654,48.6089,6.3448,5.8762,-56.7742,13.9917,-14.8167,,,,,,,,,,,,,,,,,,,,,,,,,,,,-4.294,3.722,31.7255,-40.6836,-31.304,-12.0981,-2.7948,18.6102,28.5652,33.5896,-5.8237,24.6836,,-0.00466735873443902,,
2010-06-30,0.10472109697197,0.0762162395431893,0.177557213011136,0.113409120890237,0.18871926324192,-0.00868035697842728,0.0454089318187822,0.0581351686343243,0.0756119717653831,-0.0477656658913919,-0.178317488965241,-0.496856934408278,-0.105390613837246,-0.01320135622192,-0.148756851619888,,48.5912,30.2272,43.3755,-32.5849,2.8104,46.1996,34.6798,4.9625,-36.9587,51.6956,39.1168,22.2585,28.5767,37.714,50.7671,15.9594,23.4517,52.008,29.9475,29.2204,39.7409,20.9388,-6.595,11.0281,47.1398,42.7164,49.6392,24.4468,21.5971,43.1092,,,,,,,,,,,,,,,,,,,,,,,,,0.0286710119060185,0.132084267370432,-0.154508108569276,-6.3578,9.1669,44.2317,-48.7028,-15.9312,-0.6938,-3.777,6.7099,5.6691,25.702,3.2309,12.7874,,0.00117882708704808,,0.0228780422433399
2010-07-31,,,,,,,,,,,,,,,,,24.8657,10.8753,17.3902,-24.1751,-24.2986,40.6901,37.5131,22.9446,18.4483,2.6731,35.3356,24.5385,30.4848,33.4564,48.6804,8.4974,11.8202,50.6234,8.3323,9.4884,5.6788,28.0258,-20.7976,16.7095,44.0721,33.3791,46.9202,-4.69,19.2745,30.024,,,,,,,,,,,,,,,,,,,,,,,,,,,,-10.4208,-4.8517,19.0604,-47.5756,-21.6475,17.9102,1.6483,3.7815,4.5407,2.5702,8.2836,6.9852,,0.00129798323717978,,
2010-08-31,,,,,,,,,,,,,,,,,-10.2405,32.3237,55.5883,24.0748,24.496,88.1202,4.2277,-20.4806,-32.6729,-7.2768,-26.1711,-68.8116,18.9194,7.6658,6.7838,40.2079,-35.5095,-59.3039,-1.016,40.0122,50.7751,76.0499,39.2785,40.9732,8.1613,-11.0638,-0.5317,-13.4302,-48.5577,-82.6446,,,,,,,,,,,,,,,,,,,,,,,,,,,,7.1733,-18.6442,-35.5567,-38.0462,-18.8554,21.4864,-0.9099,2.1963,8.0156,0.6791,-9.2716,-0.7771,,-0.112064669091151,,
2010-09-30,0.152167079694093,0.0315847450605347,-0.000648893053527999,-0.208822548773838,0.0358911188836331,0.0848657708544138,-0.0174419929870595,0.0327219767246643,-0.159460829387173,-0.063118675444894,0.000940652201430581,0.0305439311562594,0.127541168262191,-0.0582607569810243,0.0140247339157824,,-9.5364,17.509,13.2669,53.6249,37.4201,38.227,-5.0909,26.4691,46.9031,8.7988,11.0866,50.615,-5.6072,23.6077,44.4317,-1.2464,12.9523,48.463,-8.2089,31.0999,39.8734,57.0895,44.1025,36.1878,-12.513,26.7238,50.0791,15.6484,7.7298,46.5365,,,,,,,,,,,,,,,,,,,,,,,,,-0.014703912624169,0.00278488270622468,0.017729020240159,-8.0229,-2.9103,8.1452,-27.7845,-3.9509,-3.3276,-2.5594,5.1994,4.9377,8.4445,-3.5165,33.7141,,0.163848962227313,,0.0313908655441804
2010-10-31,,,,,,,,,,,,,,,,,13.9783,23.7719,29.4646,33.3428,2.8562,22.5805,13.0789,18.8257,9.2134,23.1954,49.358,65.4805,7.3139,33.3459,45.8296,24.9879,41.9205,60.5345,9.6387,15.1253,26.6479,-2.2582,14.9108,-1.6204,25.8544,26.4697,20.8026,16.3732,52.1338,63.5028,,,,,,,,,,,,,,,,,,,,,,,,,,,,-13.6656,-9.2053,-14.3651,-13.4883,6.5479,35.7339,-4.7456,6.268,9.068,11.9368,7.2134,16.6957,,-0.0126487707350096,,
2010-11-30,,,,,,,,,,,,,,,,,42.9071,43.7287,39.3564,69.9441,30.8741,26.7514,-24.8004,-30.8675,-37.9043,-44.1712,-5.4163,-1.1147,-25.5556,-5.7668,-11.8703,28.4317,10.7998,14.9476,32.5941,59.1532,77.087,77.6817,38.4673,19.9675,-27.1409,-14.4219,-13.8316,-7.2685,3.626,-3.154,,,,,,,,,,,,,,,,,,,,,,,,,,,,-19.9447,-15.1303,-17.194,-30.0067,-2.6765,39.4415,-2.2285,0.6558,2.9315,3.7949,3.786,-13.3571,,-0.0212353349569012,,
2010-12-31,0.0362069873451585,-0.131458898693715,-0.0978642422356373,0.0118393993082684,0.122748739636741,0.0988500489459714,0.03487816390993,0.0642342858865668,0.11464719079895,-0.0292507036620968,0.176265962721132,0.320325390453969,0.172751264064285,0.30190501208504,-0.046538186955928,,36.2756,55.593,71.067,59.1268,7.5117,66.5799,39.2482,20.6388,30.0625,-29.9154,44.7604,-17.8466,29.7756,44.7965,70.6566,14.707,44.9317,3.9721,34.3924,52.2124,68.1353,54.0613,7.4835,55.3067,47.7533,48.6916,75.0903,10.815,54.4946,-36.6534,,,,,,,,,,,,,,,,,,,,,,,,,0.0701587664656067,0.0207702999841306,0.159758993343111,-10.6672,2.0437,20.1544,-32.5653,8.7847,6.5056,3.0146,5.0718,7.5012,-5.1923,-0.6697,26.1584,,0.00797080712911313,,0.00497740767046295
2011-01-31,,,,,,,,,,,,,,,,,46.1263,45.9721,46.6159,50.6505,10.7161,62.7957,14.671,17.1973,12.9917,31.892,2.9255,34.1197,6.9157,4.835,-22.516,51.5158,2.2546,72.3643,47.8031,41.3081,45.2388,16.6636,21.5942,64.4843,18.2229,-8.4925,-46.8215,44.7925,-14.4255,25.093,,,,,,,,,,,,,,,,,,,,,,,,,,,,-3.7083,4.373,20.9744,-37.0605,-8.595,32.0676,-1.6384,11.6743,35.4773,-28.4544,-4.3351,12.1618,,0.0108313964945186,,
2011-02-28,,,,,,,,,,,,,,,,,57.8705,43.0603,21.6182,75.3428,35.1811,60.4239,-22.9978,-31.8846,-55.2714,-7.2145,-6.301,8.4543,-5.3754,12.7859,37.4245,-33.4581,3.9908,37.1481,60.1161,59.7184,53.5385,83.6111,43.2106,58.3587,-20.126,20.8215,55.1995,-4.6506,5.6975,24.3043,,,,,,,,,,,,,,,,,,,,,,,,,,,,-12.0888,-10.1296,-5.8428,-27.1728,-0.8216,0.7568,-7.4577,13.2945,34.8119,2.7152,-10.0618,-3.5265,,-0.0419912105851772,,
2011-03-31,0.0267465125578177,-0.0118483856039351,0.117050391443597,-0.089392703507583,-0.098006034893297,-0.0054524674124572,0.0165199874256725,-0.133071978603153,-0.0678220831059981,0.0276941370831167,0.000223594556516105,-0.0486487062382217,-0.094069060202326,0.00700913966292305,-0.217966236648824,,38.9851,20.9592,-12.7842,73.2379,39.4088,34.7532,53.6126,28.111,17.2716,17.1593,26.9501,30.8507,42.4281,37.9451,43.811,18.758,15.9941,48.4049,51.2052,51.8731,47.2789,80.7677,34.975,32.714,51.5734,26.5431,12.0428,14.4797,30.2526,52.8855,,,,,,,,,,,,,,,,,,,,,,,,,-0.0418576926915755,-0.0248966136434756,-0.0645275887618819,-7.502,-5.7572,-2.3818,-30.4958,9.8451,21.7907,0.4448,16.4636,33.8449,2.3057,-10.3806,20.737,,0.0410242279445772,,0.0113067432877774
2011-04-30,,,,,,,,,,,,,,,,,45.7398,62.6366,71.5407,82.6127,42.1662,41.5135,-12.1157,-33.0311,-39.75,-58.5515,-7.9685,-32.9982,17.4865,14.6904,42.1637,-36.3018,-10.9152,-32.8076,56.4217,66.0788,71.9232,84.4773,40.8379,45.2277,-15.3856,-7.3358,9.6952,-36.4254,3.9881,-30.2066,,,,,,,,,,,,,,,,,,,,,,,,,,,,-17.9617,1.0824,30.3367,-36.6635,-10.6653,-17.7971,-6.1441,-5.0314,-0.9115,-18.365,-6.1347,4.5754,,-0.026353028842351,,
2011-05-31,,,,,,,,,,,,,,,,,32.8465,44.1149,44.8443,81.0445,33.7361,5.6041,50.91,2.3015,-37.9417,25.9425,28.5141,0.6631,31.4325,31.6727,43.843,5.7895,18.8007,25.5544,43.9219,51.236,68.2792,39.2179,33.6288,12.26,39.4828,-5.8905,-40.5986,14.6709,-5.2603,-0.478,,,,,,,,,,,,,,,,,,,,,,,,,,,,-0.3954,6.9703,27.1583,-27.9155,1.2533,-9.9667,-12.2998,-18.6219,-31.6086,-18.3568,4.2134,20.2629,,-0.0207650564430493,,
2011-06-30,0.0745454211371559,0.190673423339815,0.331122418337506,0.123994766004046,0.174058446166823,0.12006588578028,0.123824624923056,0.172405063558042,0.0757873321418341,0.084648363742426,0.210210625540874,-0.107077367779771,-0.114800344866984,-0.000962701035943425,0.189928839250079,,27.5486,19.9813,7.5043,72.0095,-4.284,-17.716,34.2469,24.1425,20.776,17.4972,33.7899,12.4735,33.9853,34.2678,46.3348,11.0105,25.6349,13.3875,42.4751,28.8268,31.2277,29.5888,-4.643,-10.5791,45.3666,14.8941,-5.9885,36.5184,10.9722,-7.6782,,,,,,,,,,,,,,,,,,,,,,,,,0.119365218643997,0.156290016371708,0.0755389460363922,-5.3465,3.7755,25.0817,-33.0585,-8.7003,-11.0138,-4.5373,2.5739,-1.1131,15.2738,15.0639,15.2007,,0.0168275991975433,,0.0192187002912672
2011-07-31,,,,,,,,,,,,,,,,,-0.869,2.507,-4.354,5.1296,12.2119,37.2723,22.3116,14.7833,36.3911,-21.4045,-10.0583,-29.2996,29.1366,-10.7885,-39.8484,-7.1198,5.3826,-24.6816,27.7862,24.9273,27.5684,12.8571,13.5474,36.4096,37.0424,15.7526,29.1436,-11.0711,-6.3055,-57.3929,,,,,,,,,,,,,,,,,,,,,,,,,,,,-7.29,-14.964,-6.3656,-31.2177,-15.673,-54.4197,-3.4622,1.3397,0.9472,6.3211,4.9847,7.203,,0.0345556047533773,,
2011-08-31,,,,,,,,,,,,,,,,,10.2494,47.9898,59.1151,74.7808,46.1908,66.6501,-1.281,-24.2093,-15.5008,-64.9897,-40.2598,-46.2014,25.1424,-8.836,-11.0501,-61.2189,-13.3685,3.7143,33.3948,56.8008,62.5588,93.1373,42.9817,40.5777,7.2634,-37.4139,-59.5086,-55.6354,-31.3778,-46.2014,,,,,,,,,,,,,,,,,,,,,,,,,,,,-5.1941,-18.3477,-22.5453,-40.5415,-15.0622,4.357,1.7797,-0.4806,10.1522,-26.2227,9.7374,-16.205,,-0.0784316519479269,,
2011-09-30,0.0766783398402797,0.0214057115913242,-0.0142483509845253,-0.0220566156965152,0.0480583187139896,0.0271848619574531,-0.0193918705829912,0.0346570459879878,0.00219558847757284,0.0123282733735639,-0.0550123358873833,0.00597059679731338,-0.0264342969600566,0.0445855324620812,-0.0389253686553204,,30.9956,38.7867,39.6786,43.3688,44.9088,46.4465,19.8732,-8.2266,-43.6388,29.3834,10.1861,11.7775,7.9679,20.7033,34.8956,1.6975,20.3969,20.8406,34.1807,27.9229,11.9072,49.3998,39.8187,47.9683,28.6553,39.0526,68.0156,-3.6093,15.5836,9.9358,,,,,,,,,,,,,,,,,,,,,,,,,0.0157931320487119,0.0314789217468725,-0.019825589127926,1.6012,-9.6649,-8.8423,-39.4571,-14.7988,15.53,-3.5731,12.2275,35.3905,1.0763,0.3519,-41.9239,,0.033646160667673,,0.00986823152435257
2011-10-31,,,,,,,,,,,,,,,,,18.8345,23.0384,25.303,33.8747,2.3632,17.8787,34.657,40.5998,47.2667,38.8365,20.0759,42.8946,27.5035,13.2368,-13.3919,62.1193,-1.3916,36.968,30.712,15.865,3.4259,43.4518,4.0165,-14.4971,30.6863,3.4484,-37.6348,62.9434,-2.7496,41.9556,,,,,,,,,,,,,,,,,,,,,,,,,,,,-2.6365,-15.6891,-27.8356,-9.9238,-17.9637,5.5313,-1.2141,16.4492,36.58,-3.463,1.263,10.97,,0.0330183524886269,,
2011-11-30,,,,,,,,,,,,,,,,,32.8059,37.5453,72.4362,-6.0496,17.5899,-56.3034,-11.7913,-10.825,-11.2316,4.8169,-12.9627,-40.6083,-35.7082,-25.1891,-32.8064,15.4552,-15.6058,-39.9423,34.1588,2.1191,-12.0215,7.844,16.8784,-58.7556,-22.5999,-37.5511,-72.8636,35.4773,-14.9679,-57.3207,,,,,,,,,,,,,,,,,,,,,,,,,,,,-16.2805,-24.0164,-35.8866,-6.9765,-22.7835,-16.8234,-1.1297,14.1755,29.7983,-3.004,-7.1414,31.9011,,-0.0217903986979495,,
2011-12-31,-0.209461320259969,-0.268912289959946,0.124407700299145,0.0533739091080125,-0.0337190529974194,-0.213963953185793,0.102432681718302,0.0496310944679426,0.00548308520986041,-0.155559738667822,-0.255249291138044,0.0971731526404103,0.0589472288814683,-0.0799215645750948,0.292823755275066,,29.0529,15.7553,-8.3206,56.3214,14.3113,25.4606,51.2817,9.8961,-18.2103,20.7198,17.2052,-0.4678,24.1255,17.8884,13.8104,34.2341,15.5049,-15.7252,30.3785,31.954,25.1787,61.5224,17.0837,26.0594,41.3528,23.6272,13.0889,38.1914,14.6972,-2.3125,,,,,,,,,,,,,,,,,,,,,,,,,-0.0493620781861619,-0.0640337230501569,-0.00499460451628941,-4.6028,-2.1697,1.6065,-13.6619,-17.1226,23.6613,-4.2018,1.5421,2.6409,10.8004,-6.4043,2.2081,,0.00525707972785039,,0.0156182789385557
2012-01-31,,,,,,,,,,,,,,,,,42.4149,32.6314,23.3196,66.0547,10.2698,0.6509,23.3319,-9.9174,-44.9658,-3.8175,20.8584,51.9671,24.3088,-0.5935,-23.0025,28.0361,0.9935,-14.7846,47.8111,21.9029,-10.3917,76.1318,9.6944,22.2607,1.9221,-7.8523,-17.3989,-12.3456,17.3733,4.8201,,,,,,,,,,,,,,,,,,,,,,,,,,,,11.7892,-12.6917,-25.9208,-10.5285,-39.572,2.3962,-4.4388,3.3757,3.4851,6.4359,4.8845,23.3335,,-0.01341782466287,,
2012-02-29,,,,,,,,,,,,,,,,,41.1598,38.2372,43.7107,58.1645,5.2189,-20.5916,-44.1383,23.5801,60.8941,23.6521,18.9054,40.3858,7.6377,18.953,26.0654,15.8063,-4.6365,44.0081,46.2938,56.3646,71.2614,58.6803,6.2734,38.8438,-0.9967,23.5857,28.1583,40.4651,2.7504,69.832,,,,,,,,,,,,,,,,,,,,,,,,,,,,5.2142,-5.5189,-6.4856,-12.8358,-22.7397,-8.0876,-9.6706,-2.3367,1.9592,0.8397,-3.6489,-8.2278,,0.0211720595480953,,
2012-03-31,0.0107093702608942,0.0642688054389993,0.23664079181863,-0.010449095475165,0.0281792430804426,0.0346622677706279,0.107947445215419,0.0365177150533782,-0.0448425169669786,0.0423906424651737,0.0837726050378915,0.0120982192835424,-0.18740284659213,-0.124682695573989,0.0524080056416967,,21.0521,40.8916,74.196,0.2731,7.7076,22.6984,59.6836,32.3331,7.9699,66.7694,-1.4271,40.2712,43.9902,16.6031,-18.1974,60.1961,-4.7277,59.9935,22.034,41.4728,72.5817,7.5823,8.2792,20.6592,65.0447,61.4681,67.5928,71.3848,2.3124,40.2712,,,,,,,,,,,,,,,,,,,,,,,,,0.0319590195216595,0.0568514271651512,-0.0158063064801617,-2.4261,4.4388,17.2873,-10.2931,-24.8512,7.6578,-5.5875,-2.7306,-0.9236,5.4785,-2.4733,-22.8228,,-0.00500033026140922,,0.00541060562860274
2012-04-30,,,,,,,,,,,,,,,,,34.5575,53.5983,75.7999,38.2177,16.9371,52.3387,-14.6836,15.5648,56.7921,-23.609,-10.599,-21.4388,-1.3963,-10.6902,-24.5098,9.5671,-9.351,-4.3413,32.6383,55.6745,74.3602,58.4064,13.6776,56.0221,-8.0268,21.5072,60.7101,-3.4847,-13.7981,-28.9176,,,,,,,,,,,,,,,,,,,,,,,,,,,,-7.7509,0.1383,17.704,-13.1212,-24.5435,-29.7788,0.7751,5.3591,4.4248,1.789,-9.2657,50.7655,,0.00943160461899506,,
2012-05-31,,,,,,,,,,,,,,,,,31.4836,31.7739,59.4883,-8.2911,6.8044,0.7718,53.4688,28.7755,13.7597,3.6328,32.486,70.6997,55.8898,25.3164,6.7914,10.9725,24.6374,42.6535,37.2217,20.4629,22.8942,3.6138,2.3025,-0.0223,42.5718,31.7614,16.3608,37.3136,28.1672,63.9158,,,,,,,,,,,,,,,,,,,,,,,,,,,,6.2364,-10.46,-12.3224,-28.1447,-25.0635,-8.9935,0.9465,1.8448,3.2183,-9.0652,-2.8832,27.8146,,-0.0106311962533141,,
2012-06-30,0.143790689104204,0.012923356093431,-0.0837124296445513,0.028050405151113,0.0799051510505766,0.0472336373097235,-0.057181232658138,0.0588178251493385,0.0229679700375556,-0.0143671634685028,-0.0694689974313878,-0.0291251272420716,-0.17326788025512,-0.0474023451252776,0.0358265946590119,,30.4922,30.7534,56.6103,11.8079,-13.2013,-24.2082,7.2468,22.8907,47.5407,-4.1246,17.0147,16.6589,31.4694,-1.1584,-24.1226,-5.6982,7.2058,0.6212,38.2708,20.6326,13.2343,40.6423,-13.6361,-20.9854,49.7182,5.527,-22.1252,-5.3967,18.4776,-1.343,,,,,,,,,,,,,,,,,,,,,,,,,0.0221850695375352,0.0505171140131715,-0.0427233546673342,-8.8187,-30.8497,-42.6566,-41.3984,-21.1068,-36.3724,-9.0207,-2.8906,3.3787,-8.2178,-5.2993,1.1033,,-0.0386738018774873,,-0.0157956413338525
2012-07-31,,,,,,,,,,,,,,,,,4.9556,15.6422,36.718,9.1873,6.2664,-63.272,5.221,-10.0723,-7.2426,-34.8713,-41.6623,-3.8348,-3.5065,-15.4827,-8.8111,-47.3884,-16.694,-35.9544,3.4369,-11.4028,-27.5767,26.8645,5.9469,-63.272,13.8775,10.1339,19.8911,14.0812,-42.822,-29.6662,,,,,,,,,,,,,,,,,,,,,,,,,,,,-4.0072,-15.3635,-8.9514,-42.442,-30.4098,-29.0307,-4.9337,-3.8787,5.5652,-20.6047,-12.0741,-18.8637,,0.00407881972809676,,
2012-08-31,,,,,,,,,,,,,,,,,16.4747,54.6535,73.3868,69.4596,19.8704,73.8113,-34.5996,-20.9805,8.9885,-54.1941,-49.4067,-67.839,-0.4283,-15.033,-11.2051,-59.0435,-14.2283,7.8056,10.8751,52.1123,69.7384,72.4786,31.4482,63.4595,-19.2527,-3.801,39.0002,-57.249,-50.5789,-65.6766,,,,,,,,,,,,,,,,,,,,,,,,,,,,-12.8546,-21.4279,-14.1661,-42.9721,-17.2796,-58.2779,-8.1248,5.4972,8.1107,16.6341,-9.1531,28.979,,-0.0945341590841782,,
2012-09-30,-0.0379623197042722,-0.0318201614276159,-0.0565070987176544,0.0368309979304851,0.0737995997280496,0.00281375002655082,-0.0366102919579916,-0.0417517807714631,0.0533573379867178,0.00173936701439459,0.0352126735572842,-0.00539618086635851,0.0522992635945059,0.0312225946548406,-0.367958395585125,,6.2566,45.6773,61.462,63.6646,20.3729,73.3442,12.8841,7.0974,-15.4162,14.3484,50.8712,80.0338,7.4795,40.9471,44.5572,70.1192,46.6983,70.6464,15.6767,34.0146,38.2302,40.3275,23.141,73.3442,22.1143,56.8773,74.4492,57.54,51.1793,76.9443,,,,,,,,,,,,,,,,,,,,,,,,,-0.00539637915002622,0.00593781480851163,-0.0792912677358952,-0.7749,2.7326,23.2711,-24.9856,-5.7393,-49.6318,-10.7329,0.2144,-0.3921,24.8538,-9.561,-3.7793,,0.0742015670754084,,-0.00152105279663495
2012-10-31,,,,,,,,,,,,,,,,,30.0333,30.3025,39.003,33.4238,17.3757,-23.5554,-39.4575,-2.3764,1.5188,42.7847,-7.6289,14.8761,-12.926,4.4784,-5.763,50.1002,-2.0667,39.7411,34.5339,24.4256,14.7136,33.23,26.0937,27.1948,-33.7151,-3.7596,-11.3235,48.6662,22.5697,14.6963,,,,,,,,,,,,,,,,,,,,,,,,,,,,-7.0217,-6.8519,-8.7473,-5.2136,-15.4279,11.3259,-8.4451,-0.9463,2.5673,-8.775,-6.3323,29.7354,,0.00805721322484665,,
2012-11-30,,,,,,,,,,,,,,,,,6.9447,-4.0863,-18.8662,12.8407,11.9932,-20.4536,20.4881,12.3109,12.0731,0.7798,-0.1408,20.8736,-6.468,15.5191,38.9314,18.8325,-7.5995,-13.7386,29.2648,15.8749,25.0388,3.2397,18.2366,-57.6763,-2.079,18.0085,35.4229,7.5048,15.2243,27.2894,,,,,,,,,,,,,,,,,,,,,,,,,,,,-10.6259,-25.9802,-48.7291,-16.3746,-9.2705,0.8518,-2.086,10.6837,46.0159,-26.817,-2.7224,-32.3233,,0.0225435871642778,,
2012-12-31,0.0379498885493081,0.0493245997533158,-0.0419170726558917,-0.0454707810512129,-0.0298359304594928,-0.0078365794137607,-0.00378234513570064,0.018523932920596,-0.0748634322417043,-0.043814965967087,-0.0919008440363918,-0.199406401752388,-0.0601665970729393,-0.124204278704626,0.217247297524473,,16.8633,17.2389,2.8226,46.0072,8.7574,54.2372,0.8139,-6.7475,-10.0077,1.627,20.3074,-59.7233,2.6814,12.1673,37.0583,3.7914,-9.3052,-74.9737,20.001,4.1356,-2.7435,-24.2255,4.5372,54.2372,27.1807,16.9672,3.4495,69.5179,15.3506,-54.875,,,,,,,,,,,,,,,,,,,,,,,,,-0.0170822263407722,-0.010129860949041,-0.0201008836791878,-21.3119,-25.1775,-26.7006,-18.343,-33.9743,-37.6773,0.8057,10.5895,38.1822,-26.9176,0.3537,-35.699,,-0.0226994214589045,,-0.00600117803558753
2013-01-31,,,,,,,,,,,,,,,,,37.8765,42.5364,46.1357,58.8682,-2.2065,41.3473,-22.8118,-31.4919,-33.3673,-60.3938,-15.6906,-1.3315,-7.1764,-16.7686,-32.2809,-6.3102,-20.6028,27.8786,37.1762,32.5295,19.4773,70.9117,2.02,41.3473,-26.7527,-41.8552,-47.5622,-83.5441,-4.4733,-2.1609,,,,,,,,,,,,,,,,,,,,,,,,,,,,-16.6436,-27.394,-40.2821,-26.3264,-40.3547,25.5432,0.5415,12.983,39.9912,-27.5358,-4.3184,-7.9324,,-0.0513915048359159,,
2013-02-28,,,,,,,,,,,,,,,,,50.5346,39.3539,40.6886,51.4273,-0.2571,-3.6483,-15.8982,-21.5786,-39.4213,5.9362,-14.2139,1.5442,5.2965,-4.9239,-20.8448,4.0134,-21.7377,54.3221,52.8702,32.9924,15.5963,67.3233,0.2706,20.0232,-15.4194,-12.1906,-25.7311,-5.188,-3.6926,64.2374,,,,,,,,,,,,,,,,,,,,,,,,,,,,-23.0919,-36.3783,-51.1678,-27.6019,-43.9468,-4.6409,6.3408,14.7706,38.6134,-28.5918,-4.5358,11.4338,,-0.00871391124826193,,
2013-03-31,-0.010367083632989,-0.090209052499695,-0.0457961542725478,-0.00695023977032783,0.0164446438869312,-0.00599861562823811,-0.0459443344147719,-0.0316816449875663,0.0228435719600633,-0.085974594310068,-0.0301661887793845,-0.186092635910369,0.0616935275534445,0.0139531475682784,-0.178176601531476,,58.5126,46.8188,50.622,32.8377,2.4831,51.928,55.1846,48.1464,45.6627,58.2931,9.5108,50.677,16.4957,14.6416,7.4683,58.2749,-0.0623,-33.7137,54.0678,44.6805,47.6009,31.5232,15.1131,48.4034,44.6364,37.3828,38.3491,56.2081,7.9116,-13.2317,,,,,,,,,,,,,,,,,,,,,,,,,-0.0210248584064576,-0.0137568935699175,-0.0622753187281369,-17.324,-16.0056,-11.8249,-19.9223,-43.4309,-2.8876,6.6508,15.617,34.8527,-2.8938,-14.6127,-4.4162,,0.0222600224662743,,-0.00389322263739089
2013-04-30,,,,,,,,,,,,,,,,,27.9474,38.7725,45.7251,52.8402,7.6054,31.8678,23.2069,25.5891,38.5293,7.0043,-7.2067,24.6406,0.3486,-5.1811,-1.738,0.3836,-13.8384,-53.6339,11.3123,31.1697,46.6711,29.3314,8.9357,31.8678,5.2764,12.8536,32.5086,3.5047,-25.0873,-28.4499,,,,,,,,,,,,,,,,,,,,,,,,,,,,-32.2331,-26.7658,-16.947,-43.9746,-34.8457,-22.0543,1.5314,15.0239,36.0109,-3.3123,-6.5634,-6.7542,,-0.00424377379643914,,
2013-05-31,,,,,,,,,,,,,,,,,34.3059,33.0089,44.5493,32.31,5.274,-19.4851,27.0874,18.2054,23.1054,11.9627,1.679,-17.2566,19.4131,17.561,12.5671,39.4657,-14.5128,22.2237,18.5405,24.3426,43.7867,0.7529,18.5319,-20.1546,1.084,16.7189,29.0487,42.8772,-10.795,-39.678,,,,,,,,,,,,,,,,,,,,,,,,,,,,-13.6654,-15.9894,-11.5335,-16.7,-45.0518,-24.9089,0.7628,21.5291,39.0483,15.5206,-2.7173,22.4668,,0.0233462159449953,,
2013-06-30,0.0943130761863635,0.0778264766021142,0.125204387166631,0.00727622596145849,-0.137461875709437,0.0631726142714299,0.0703642517488223,-0.0993133717481758,0.00970771280264948,0.0275555608610034,-0.0136350029771108,-0.107716875222177,-0.0392706577872151,-0.0225249266642731,-0.0557699609181945,,8.4676,15.1961,40.5811,-12.91,-1.0186,-46.1921,28.0337,-7.6986,-33.833,22.7785,5.6536,-55.4051,18.7001,27.6834,42.2021,44.9422,-7.4143,-40.0376,6.6536,-2.6479,11.6137,-41.4979,-0.6169,-44.8866,28.1855,23.4212,28.5785,44.0473,10.6442,-64.0255,,,,,,,,,,,,,,,,,,,,,,,,,0.00796531236703579,0.0172075321927441,-0.0371215002331908,-21.1779,-21.3373,-20.1788,-19.0674,-51.2739,-6.9658,-2.9445,2.9234,4.3683,3.0792,-7.2802,25.0609,,-0.0255281872261319,,-0.000402198141355115
2013-07-31,,,,,,,,,,,,,,,,,30.4397,14.4985,11.6593,30.2869,-9.2872,-41.8457,-21.0252,-23.9952,-26.1395,-61.0384,14.7407,28.3102,-9.9653,-13.9708,5.2105,-66.5139,-2.7298,-42.1331,43.1282,30.2229,41.8705,21.6167,-4.227,-41.8457,-16.3112,12.3835,52.7358,-59.1972,16.8368,21.5338,,,,,,,,,,,,,,,,,,,,,,,,,,,,-19.4034,-8.0782,22.6572,-50.2749,-53.3303,-23.7124,0.9215,5.7309,5.0832,11.0889,-2.4453,23.4779,,0.0110002486270728,,
2013-08-31,,,,,,,,,,,,,,,,,26.6914,63.4924,77.6639,72.8337,58.6227,92.4014,16.2619,-25.6264,-23.1913,-61.3598,-63.4131,-80.7955,-10.67,-13.1029,-15.3621,-9.5499,-13.469,-15.3725,14.0709,46.9727,50.2823,65.8649,60.7761,92.4014,12.4134,2.9762,29.0519,-26.0193,-57.2258,-78.8179,,,,,,,,,,,,,,,,,,,,,,,,,,,,-22.6166,-5.6616,14.9834,-3.4785,-45.0335,-44.4871,5.3606,-3.2695,-0.874,-11.9007,-25.3691,-10.5632,,-0.0914989360558005,,
2013-09-30,-0.00823313283973626,0.0106375149687654,-0.18647636560997,-0.0234928815221966,-0.0905646507863,-0.0118535318888,-0.0925168743301725,-0.0690239782697439,-0.0178905112425358,-0.00105348952108564,-0.0341635512648661,-0.0721493079762059,0.0776350712594915,-0.0383606526417051,-0.0353676476293163,,4.3301,-8.6235,-21.6733,-14.7678,24.8795,8.3385,28.1163,54.2538,56.5146,76.1727,58.0871,85.4151,4.9584,43.6,59.3422,56.887,29.5217,73.012,2.4689,1.4972,-1.5832,-8.9587,26.7082,18.2483,31.7246,60.9573,68.4115,76.4081,58.9273,91.17,,,,,,,,,,,,,,,,,,,,,,,,,-0.0385681795711523,-0.0589342818748104,-0.0201166075754458,-14.8457,3.0533,23.5507,-16.9262,-38.6576,25.2872,-0.8187,4.1281,7.1639,-6.9063,-6.5564,38.9217,,0.132849612024886,,0.00940779657934065
2013-10-31,,,,,,,,,,,,,,,,,26.4629,13.7355,17.2826,-5.1016,34.8774,-32.7747,-21.7787,-3.5452,9.7096,-8.294,-2.3634,-7.6065,14.3045,3.1922,14.6923,-10.242,6.8363,-83.7728,25.0979,18.2658,16.8885,24.5357,37.6054,-31.4738,-8.0119,-9.6741,-3.3203,-7.584,-1.581,-68.368,,,,,,,,,,,,,,,,,,,,,,,,,,,,-9.9043,-26.5549,-25.2685,-38.8301,-27.077,-69.1217,-1.0774,7.0444,4.861,22.8148,-6.1798,27.2493,,-0.0118370676503625,,
2013-11-30,,,,,,,,,,,,,,,,,27.0003,23.0536,47.0711,-14.2499,24.5595,-71.2378,7.4277,-2.9533,-12.9805,-2.2399,-4.2673,23.8667,-14.2004,-6.9702,-2.1697,2.6338,2.4362,-43.4091,25.8156,8.6193,17.5623,-18.1346,20.2405,-70.7001,-17.448,-17.3226,-31.4818,-1.4671,-7.7042,33.7372,,,,,,,,,,,,,,,,,,,,,,,,,,,,-5.6817,-1.8281,14.5954,-23.4206,-21.5636,-28.3658,-5.3767,7.4662,3.2969,32.3535,-0.8442,36.9363,,-0.0253449380084323,,
2013-12-31,0.033366075003638,-0.062334670813879,0.000967825997948424,-0.170927369525346,0.280211387720536,0.0747122215104454,0.0180976585114081,0.243684153812872,-0.0536282588828261,-0.0340263815259885,0.21340552094402,-0.0373682532129784,0.0238600497574364,0.136929765735072,0.191951943583272,,-14.9879,13.6569,26.3729,9.9026,15.1824,46.3477,6.1799,7.5428,16.4644,14.7324,-9.4126,-46.5486,15.3872,-9.988,-20.0209,-7.1584,-8.7102,-48.3335,-12.1192,9.8367,28.1848,-17.5845,8.0149,38.625,34.4969,12.0689,13.406,12.4582,-9.2918,-62.5801,,,,,,,,,,,,,,,,,,,,,,,,,0.0750289140001481,0.0528449987960418,0.14755786062797,-9.7138,-5.9536,13.5591,-13.766,-33.8529,-75.0317,1.0843,-11.2269,-23.7245,-20.5998,-4.2897,39.2798,,-0.0147158607871525,,0.0207392264897024
2014-01-31,,,,,,,,,,,,,,,,,39.4477,38.416,54.6397,32.7823,18.5787,-21.6774,-8.6393,1.5636,-6.9916,19.5221,-4.3451,51.0042,7.4536,17.3841,27.5116,13.9254,6.3835,19.0243,22.6754,16.011,13.4736,16.2409,11.7057,7.7122,-31.4951,8.6644,27.2982,23.5875,-3.8107,38.9748,,,,,,,,,,,,,,,,,,,,,,,,,,,,-9.2719,-0.3083,15.7516,-17.6609,-34.2376,19.3558,1.1227,-14.755,-29.3074,-21.2843,1.3754,3.0938,,0.0158208864332661,,
2014-02-28,,,,,,,,,,,,,,,,,46.7304,58.8525,73.7466,58.1257,36.6844,33.3129,-32.9692,-32.9808,-58.3153,-1.1278,3.0595,24.9723,-0.4686,17.8462,37.085,1.1769,-10.2298,36.2058,45.0087,58.2667,74.5822,41.4033,32.5435,72.7552,-13.2937,-26.7521,-45.9458,-28.1769,3.0264,20.487,,,,,,,,,,,,,,,,,,,,,,,,,,,,-15.4249,-1.9238,12.8616,-21.3071,-31.8033,35.0911,1.4154,-10.3775,-23.2618,-1.0821,7.1457,-14.4798,,-0.00757154465991494,,
2014-03-31,-0.0574001523251741,0.0245564628602946,0.0215454309744718,0.0512255796068892,-0.0268553678479559,-0.0394272069617596,-0.000325392747257069,-0.0220005741291445,0.0259391501320216,0.0517733524381025,-0.00507384557754875,0.0356944231729104,-0.0580115562227093,-0.0361604246575276,-0.252672472681951,,32.0356,35.4033,34.9663,30.5569,30.739,69.1504,33.7471,43.0856,64.6301,27.5035,-14.472,22.5556,23.9332,8.3098,4.9248,-12.1513,14.9929,11.1592,17.8074,15.1354,-13.8688,64.1308,30.8322,76.9059,53.5505,32.3903,44.5977,-18.394,-13.308,26.6233,,,,,,,,,,,,,,,,,,,,,,,,,-0.00850051673613272,-0.0121583664687055,-0.079473469039705,-11.8929,3.433,25.7457,-21.1465,-28.5787,-1.0763,-1.6441,6.0667,11.2422,2.7577,4.5793,10.5396,,0.0522586820383451,,0.0199535007459719
2014-04-30,,,,,,,,,,,,,,,,,26.9673,43.6771,64.8176,25.4342,9.9522,43.0263,21.325,2.2406,1.8629,-44.2094,11.4032,28.7086,19.4118,17.8225,38.8758,-28.5535,-1.3495,-2.9258,28.1175,47.4681,62.5227,52.6727,14.0402,43.0263,-6.6266,3.4465,13.1993,-20.5769,1.6009,35.8879,,,,,,,,,,,,,,,,,,,,,,,,,,,,-1.7953,-13.7134,-8.1176,-49.9869,-25.2155,-2.9258,-0.0925,17.9083,34.9179,2.704,-4.5011,32.1796,,-0.0049586162749975,,
2014-05-31,,,,,,,,,,,,,,,,,29.7025,31.9191,62.6,-35.0945,6.3536,13.797,32.9962,16.7335,21.9237,-13.4233,-14.005,16.049,-1.9607,-12.15,-33.727,14.7869,6.1481,13.5601,32.1958,37.4378,64.6094,-24.1374,5.3605,49.8952,34.3561,1.1886,-25.6103,20.4325,-15.4077,20.6905,,,,,,,,,,,,,,,,,,,,,,,,,,,,-21.3731,-32.1836,-41.0327,-31.1027,-34.8045,-15.0495,2.5728,14.2617,31.337,-0.3488,-16.2998,8.5401,,-0.0214565275898169,,
2014-06-30,0.0443048486691477,0.0129253051244387,0.112363714451343,0.0398905617377263,0.0975964215999721,0.0206941599085972,0.0578940250106346,0.0593551855147094,0.00883143222557514,0.00564837970721044,-0.0449086082724968,0.0192015426336019,-0.0197106315534921,-0.0117388359422126,0.00975787596907374,,16.7266,31.1856,63.354,5.0764,-3.3912,-42.0695,17.1998,19.2696,24.2688,-0.4842,4.1674,55.5847,18.5432,-3.5324,-7.0184,-23.3815,2.4118,-26.95,17.9141,33.2806,57.3876,30.9399,-1.1857,-37.0344,9.8381,16.1983,28.5653,-20.1787,9.5496,50.1093,,,,,,,,,,,,,,,,,,,,,,,,,0.0334764970140977,0.0679234551939221,-0.0173160100730048,-2.0243,-7.1472,5.25,-43.3985,-32.8921,-2.8299,6.6959,1.2309,0.0375,0.3323,-7.0412,-2.5676,,0.00851453296728266,,0.0134903455131372
2014-07-31,,,,,,,,,,,,,,,,,42.1853,31.9812,44.9305,38.9203,-22.0236,-47.27,4.2362,-19.6179,-52.3026,-10.8156,-14.351,30.1693,9.9915,-12.8891,-14.9363,-41.8864,4.0792,-45.3555,40.3791,21.7104,2.7455,73.4301,-19.4724,-44.1812,0.5291,-23.822,-51.9924,-35.4304,3.2786,28.2485,,,,,,,,,,,,,,,,,,,,,,,,,,,,-7.5853,-20.3816,-17.3694,-42.621,-33.0136,-23.5691,4.8999,-3.1821,-4.7794,-5.9024,-15.8199,-9.8009,,-0.0705337407137252,,
2014-08-31,,,,,,,,,,,,,,,,,32.5314,57.8899,64.2498,79.2065,51.2215,88.4113,15.2286,-19.6358,-11.8942,-67.2045,-37.4309,-80.5573,21.2258,-13.3773,-39.9737,1.7046,-20.8583,-46.8021,34.2416,56.1987,67.4155,67.0247,35.2049,85.3225,36.8039,-27.0056,-49.6439,-65.3691,-29.5421,-84.5341,,,,,,,,,,,,,,,,,,,,,,,,,,,,0.9505,-29.2712,-55.0237,-27.4203,-36.501,-15.9636,-5.9041,1.6637,-1.7852,27.9981,-20.3161,12.0621,,-0.0364106040380783,,
2014-09-30,0.068414572679897,-0.0941373667317649,-0.104477788207285,-0.0346383134547921,-0.00936953572796639,0.0655558263017841,-0.0819805682944583,0.00172430797674572,-0.018272958179594,-0.0788388214155482,0.0294772384491928,-0.107101501301155,-0.090929521729354,-0.0399575946399526,-0.0937869555637718,,11.3826,28.1651,40.987,28.487,38.7063,-1.9536,9.8597,38.8324,76.0506,-24.2924,22.7579,70.9525,-2.896,-7.8527,-29.076,21.0184,25.6888,16.5943,3.6048,27.7046,38.8785,48.664,25.6841,2.366,15.237,14.0689,14.87,-17.9572,31.2685,65.0178,,,,,,,,,,,,,,,,,,,,,,,,,-0.0017553238711816,-0.0103582627084879,-0.0396932746307854,-10.6169,-29.0394,-44.7632,-29.6734,-21.7843,-2.4005,3.7084,5.9946,-2.7591,33.3549,-18.3704,34.73,,0.0879963401114505,,0.00323811979902189
2014-10-31,,,,,,,,,,,,,,,,,15.445,22.7048,25.6189,21.575,38.2024,24.6063,-39.697,4.7302,38.3524,4.8282,-6.7264,8.679,-15.4518,-12.6491,-10.1917,-18.7078,-3.5019,-8.5832,25.9017,44.6051,60.7184,52.8136,33.3019,21.6746,-28.8863,-39.2475,-45.577,-60.9759,-16.2841,-14.6002,,,,,,,,,,,,,,,,,,,,,,,,,,,,-7.548,-16.7366,-15.8341,-22.9158,-41.7874,-21.1998,-7.9935,2.4871,4.1719,11.2298,-22.7262,37.2192,,-0.00772488133778193,,
2014-11-30,,,,,,,,,,,,,,,,,8.9668,-9.6446,-25.0529,1.868,15.1341,-58.6281,0.1394,2.827,-26.8774,44.0336,-5.6652,75.8729,-44.5559,-16.4812,5.4174,-41.4274,-8.0581,39.8925,15.5848,10.9529,10.0636,30.9632,16.0958,-58.6281,-5.8367,21.6908,55.1274,-13.2821,-0.9199,69.4741,,,,,,,,,,,,,,,,,,,,,,,,,,,,-22.8994,-26.5423,-8.6377,-66.4594,-40.5321,-23.2057,1.4794,2.0218,3.21,9.5911,-22.8562,2.7686,,0.00668782267272316,,
2014-12-31,-0.0413154308641666,-0.0690332952374,-0.0711636433332838,-0.04841612431429,0.0549288792253915,-0.041507835669977,-0.059283439146169,-0.0041645693151473,-0.0248978668012985,-0.109748662358585,-0.0802599069067274,-0.250619602835334,-0.157623058735574,-0.0369405875947759,-0.122463191456802,,24.5761,33.5678,63.49,2.4483,29.3256,-47.5029,9.3298,3.0439,-9.6136,16.3306,7.7841,24.0833,18.2039,3.5265,-7.2559,6.5428,-7.6335,17.2121,21.0958,12.0656,11.0386,20.0363,22.8603,-47.5029,42.238,14.1564,-6.6349,16.6035,1.3199,41.4032,,,,,,,,,,,,,,,,,,,,,,,,,-0.0355046040265474,-0.0169643203712475,-0.0994085210466569,-16.9306,-21.1597,-11.1136,-45.7546,-26.9308,-40.2302,-0.3247,-5.569,-2.9013,-22.1308,-10.9002,0,,-0.064254922676362,,-0.0476741243890952
2015-01-31,,,,,,,,,,,,,,,,,18.7904,33.6927,47.2467,42.1102,4.4435,3.6043,-18.3264,-14.5355,-12.8581,-15.2924,-3.0753,-18.7702,-12.6869,0.0305,-6.2046,41.2287,-6.5974,-15.27,18.1906,36.7725,46.6904,56.4794,17.3926,6.1952,-47.9748,-41.0175,-58.6105,-10.6659,16.0341,-27.5921,,,,,,,,,,,,,,,,,,,,,,,,,,,,-8.7602,-17.3713,-18.5634,-21.9043,-16.9709,-33.8844,-13.1246,-19.1547,-31.0615,-7.8507,-11.6073,0,,0.0202226757917119,,
2015-02-28,,,,,,,,,,,,,,,,-0.0735195198097625,28.3852,48.421,78.8581,23.237,0.034,36.3729,3.6316,15.308,12.0572,55.1276,-29.637,13.9143,9.3342,28.1004,36.5439,48.6297,-18.5669,32.2533,28.3059,47.3816,73.7368,21.1215,7.8739,55.9446,15.5458,38.6038,55.8036,44.5834,-6.731,40.1223,,,,,,,,,,,,,,,,,,,,,,,,,,,,-13.4638,-20.3868,-22.515,-12.227,-41.2131,-40.1479,-18.0458,-15.2377,-28.7634,15.344,-11.9595,1.0681,-0.14371652260018,0.0229555600774933,0.00854117329058468,
2015-03-31,-0.0175694876070196,-0.00520721675953695,-0.0506058828391716,0.0372298169107204,-0.2650388168133,0.0298454865275559,-0.0225269867502575,-0.180783273332393,0.0108477706301127,-0.0237641117708449,0.192639918996319,0.109443058178806,0.0268350138609366,0.0525134835603929,0.0360022334426766,0.161295678298321,29.503,45.4545,66.6664,32.542,24.5328,17.4962,39.0105,20.3936,14.2856,5.5629,-3.8363,51.2389,34.1034,13.1075,-5.2656,12.1461,6.2035,65.7105,28.0452,41.2596,69.043,13.1804,18.3643,0.113,54.2772,28.7057,18.1541,15.3862,2.6927,59.3321,,,,,,,,,,,,,,,,,,,,,,,,,-0.0432491959471601,-0.0890622129937473,0.10199714963243,-15.4789,-24.9821,-35.6469,-27.9196,-25.5816,20.6571,-14.6438,-6.5715,-1.6749,0.3322,-13.771,-20.7965,0.203737026747746,0.00573574198980609,-0.00260971235264701,0.0304379715047673
2015-04-30,,,,,,,,,,,,,,,,0.0119326421445809,32.4262,32.4702,59.1693,-2.8028,16.2358,-43.6208,22.2486,34.7696,61.5768,17.9759,13.7515,-37.0067,48.5067,24.1333,32.6853,-19.1351,-1.7002,6.2982,23.3277,20.6945,37.4177,-9.2888,30.3516,-34.5396,7.6657,29.7802,65.31,0.1728,-4.4862,-14.5452,,,,,,,,,,,,,,,,,,,,,,,,,,,,-14.5858,-15.6316,-13.5903,-13.7136,-39.4424,-17.8077,-10.6502,-1.173,5.4829,-0.0812,-14.5159,0.9372,0.121626380950843,0.0580637105235136,0.00507580484784059,
2015-05-31,,,,,,,,,,,,,,,,-0.100262417362789,32.1597,32.3978,61.6051,-7.0012,20.1527,-55.5648,14.4518,-20.8254,-43.3917,-20.6667,-5.2017,-24.915,39.6677,5.914,-2.3177,-17.6243,13.7381,-21.5096,25.028,32.8713,58.6624,-2.3572,37.1141,-25.0339,-4.4928,-20.1038,-48.5933,27.6653,-8.0522,-26.295,,,,,,,,,,,,,,,,,,,,,,,,,,,,-2.9846,-17.9813,-18.1989,-34.1909,-34.7532,-19.8541,-5.8375,1.7015,5.4939,1.9974,-11.2463,18.1122,-0.239372180108743,-0.0181198089820453,-0.00123228604626507,
2015-06-30,0.025952883521402,-0.0223425687800738,0.0681258095654691,0.0274529503320782,-0.287391522064491,0.0118390675635283,0.0293492727904106,-0.121523933769215,0.021323258412183,0.0119923405618305,-0.0252287331689178,-0.0815373867791829,-0.070187772675494,-0.0020289891867904,0.238046041910119,0.0799923246332792,25.0633,26.1292,54.9489,-11.1993,11.338,-57.3539,24.5195,30.1575,53.0771,-23.6684,40.4578,31.0389,25.5637,6.9995,-21.425,25.7367,32.9666,54.3622,38.837,21.1387,30.5787,-6.4861,22.2216,-45.8178,6.5653,6.0797,-2.721,18.6317,28.5076,10.6561,,,,,,,,,,,,,,,,,,,,,,,,,-0.016423950416419,-0.0505332165903365,0.0317626705395053,-2.9227,-16.4854,-25.8152,-10.7495,-41.8876,0.4743,-12.5824,8.9951,32.3976,-20.1777,-2.5723,26.1679,0.132309221213287,0.0451168845931997,0.000821692733167623,0.0194938047357773
2015-07-31,,,,,,,,,,,,,,,,-0.0275992021353542,29.4264,17.6958,33.7106,-13.0247,-18.3033,9.9757,-3.3448,-0.6873,19.8535,-18.7986,0.8874,-46.9234,2.9496,-14.2263,-31.8022,-7.0532,20.4328,-47.0231,46.5896,31.6238,32.3065,38.4932,-3.6883,-21.0819,20.9276,-19.5283,-50.3757,-21.9049,2.9886,-37.9964,,,,,,,,,,,,,,,,,,,,,,,,,,,,4.6298,-18.9492,-25.7343,-21.6811,-30.9977,-61.3272,-3.3083,2.6286,7.5516,0.9496,-8.5924,17.0087,-0.189314261283421,-0.0304974583929862,0.00232446949538156,
2015-08-31,,,,,,,,,,,,,,,,-0.112621524181966,13.3042,37.7534,44.8611,56.6083,47.7052,39.1555,-2.948,-2.6518,15.6094,-32.312,-28.5284,10.1979,-16.3023,-5.5556,-11.5591,23.539,18.3442,-34.0268,28.0811,11.2073,-16.1238,12.8052,46.2949,46.9478,12.6335,8.5595,29.1366,-9.9701,-38.7012,-19.0598,,,,,,,,,,,,,,,,,,,,,,,,,,,,-13.0485,-20.0712,-25.682,-10.7832,-30.1477,-35.5052,-3.0659,0.0834,5.4279,3.4438,-11.0272,-13.5991,0.0194698219900982,-0.057659961599307,-0.0136131356293346,
2015-09-30,0.0135914702999251,0.0613606025201126,-0.0499494849958033,0.0922655383652362,-0.137034655432061,0.00290011789655686,-0.0334296939023577,-0.107633521862679,0.0720543583501492,0.0244682021489755,-0.0275081010958846,0.0357646963143985,-0.18724737973377,0.0126222165825549,-0.0673150449067528,0.00843763575437784,19.9448,44.368,50.6503,60.9561,51.5746,60.8924,0.6843,1.8558,-13.3744,9.5102,46.7904,21.457,0.7059,3.3432,-9.4398,17.8639,35.7019,8.0609,22.9034,46.4889,54.7638,61.1335,53.2563,54.8885,14.4866,1.5265,-25.8762,15.8331,43.8629,7.1525,,,,,,,,,,,,,,,,,,,,,,,,,-0.0103741438299867,-0.00829359191859425,-0.0423372731524836,-22.2566,-26.814,-25.6827,-32.6706,-35.402,-26.8303,0.6687,-1.9763,0.5576,-5.4306,-16.7053,-2.2714,0.0298860554073723,0.0697989584989944,0.00248893933797384,0.00620713596259748
2015-10-31,,,,,,,,,,,,,,,,0.119015479741147,26.9291,39.1013,49.4091,39.3038,42.502,33.5546,22.6247,28.5958,28.856,28.8085,40.7313,40.6186,15.3018,21.1216,1.2264,57.9723,37.0387,25.5988,15.6809,42.9597,51.1807,72.3922,39.2714,33.5546,14.5043,22.8582,-2.6485,61.7312,49.2128,51.7323,,,,,,,,,,,,,,,,,,,,,,,,,,,,-8.436,-19.0754,-29.2265,-11.7596,-19.8396,-32.8342,6.4,2.176,9.0469,-8.9515,-11.2014,-6.0407,0.0722024588824297,0.049925991190503,0.00220720188931622,
2015-11-30,,,,,,,,,,,,,,,,-0.0203628089603978,32.345,10.8601,10.3144,-14.9241,27.7827,-7.5962,-19.5519,0.443,-13.8202,37.7083,18.869,22.1002,7.3881,16.5548,7.9619,39.0026,21.1413,24.9167,21.595,18.1597,11.6766,28.2111,32.9447,-6.8537,-10.7523,25.8473,45.0004,40.2756,24.064,21.1086,,,,,,,,,,,,,,,,,,,,,,,,,,,,-17.1296,-24.4182,-24.9239,-24.5382,-24.3844,-50.3934,-9.3822,-0.0101,0.7759,13.6204,-8.6889,-1.2539,-0.00535367323513114,-0.0378986271409696,0.00192731337191981,
2015-12-31,-0.0258681310175461,-0.0361851800903246,0.116071001492596,-0.0852793828712013,0.00471634037697122,-0.0175027052807781,0.0267719711419279,0.0456980603549457,0.0176634000005595,-0.0133833282541289,0.018708054169581,-0.0243552647877188,-0.0660324665880809,-0.0143835145829616,-0.210794877559252,0.0241634087860074,27.4882,24.2776,11.7409,39.4615,30.1268,28.3772,20.8588,-8.1514,-17.8954,-31.0978,-6.727,3.0046,20.0051,3.64,-18.9526,16.6778,39.603,-13.2951,32.9873,19.8694,7.0613,28.1749,22.6583,10.3127,22.7261,23.4299,37.2569,17.3218,-2.5683,-7.0743,,,,,,,,,,,,,,,,,,,,,,,,,0.0103700720626971,-0.0100706303279239,-0.0512471991583165,-5.4461,-25.1963,-32.5097,-26.673,-18.8472,-66.4751,-14.3166,-5.2125,-0.0903,-5.8524,-5.1174,4.524,0.124864707267893,-0.0356870902663831,0,-0.00664650552544366
2016-01-31,,,,,,,,,,,,,,,,-0.0794333372288687,32.2766,19.2577,16.2612,14.1133,2.7057,16.7621,0.4112,29.3407,36.667,41.32,28.9415,70.1878,0.0343,15.7433,14.2084,37.7457,22.8048,9.6737,48.9615,30.784,18.4185,46.9452,-10.7528,16.7621,-8.0547,-2.9544,-29.2438,35.179,19.5284,25.984,,,,,,,,,,,,,,,,,,,,,,,,,,,,-17.7962,-14.0121,-17.6483,-1.7376,-6.0916,-26.4911,5.5138,-0.4547,-1.336,-7.9623,-3.3155,8.3113,-0.072994375390401,-0.00629767684349414,0.0256615805477498,
2016-02-29,,,,,,,,,,,,,,,,0.104499076057506,22.8273,28.8177,32.6333,22.1977,25.4747,55.8394,-4.9504,0.1096,-40.1114,50.7349,15.0788,69.0255,29.005,15.3642,-7.693,32.7347,5.7922,44.2998,38.0441,29.465,34.1031,8.9405,10.7421,53.5991,-14.3479,-15.6483,-42.0908,-2.7986,-1.4211,72.1397,,,,,,,,,,,,,,,,,,,,,,,,,,,,-0.914,-16.4421,-24.0987,-24.7139,-19.1906,-6.2584,-3.4001,6.7552,7.4652,22.6154,-13.9413,13.3134,0.012395781582665,-0.0161588637987098,0.00441383716650418,
2016-03-31,0.00262348081455599,-0.0016919911481903,0.0200876045418177,-0.0276582668777099,-0.197592521019406,0.0156171144054031,0.0206007239657993,-0.0610922284653981,-0.0102340160637002,0.035199598705951,0.037829920552138,0.0414642099067999,-0.045365957725517,0.0557962516449138,0.032421830272753,0.158032428935456,47.1638,30.6747,47.3707,-11.6507,4.4176,33.125,42.0119,52.8568,59.8773,72.3255,-3.9644,51.7055,4.6879,17.4825,3.5948,45.729,1.5325,71.7061,34.4891,30.9726,47.1935,6.4581,2.3122,33.125,40.5522,51.9236,60.4953,64.2204,1.443,60.5607,,,,,,,,,,,,,,,,,,,,,,,,,-0.00395602183780852,-0.0376696533147545,0.0335021272716975,-14.6044,-12.3221,-18.7145,0.3232,-21.6536,1.5678,-11.3811,-3.5747,1.2547,-2.2899,-13.2553,5.8728,0.175985371989517,0.0637861551298151,-0.0013354702839522,-0.00323991776717136
2016-04-30,,,,,,,,,,,,,,,,-0.148148914848198,35.2993,22.1813,20.8807,14.6685,10.1919,13.7633,-8.1383,11.6121,49.0596,-25.7993,-10.3921,21.8102,-18.0401,6.6707,14.0004,34.7896,-25.2161,6.8898,26.6258,18.0608,18.9633,6.1672,21.1518,13.7633,-21.5833,-7.1705,-22.9968,35.5932,-11.7473,7.0598,,,,,,,,,,,,,,,,,,,,,,,,,,,,-9.849,-10.7088,-12.5201,-1.3369,-35.7338,-8.1131,-12.6999,-10.1042,-0.0466,-31.0565,-17.4322,17.7939,-0.0333972901734896,-0.062037173724284,0.0013354702839522,
2016-05-31,,,,,,,,,,,,,,,,0.0750785533173595,25.2517,13.2978,15.8297,5.3466,29.2309,-41.9503,28.6718,22.27,38.6809,-19.9061,0.204,64.2295,27.5333,9.1718,3.3832,-9.7501,33.3621,2.3109,44.8267,14.7956,13.3392,-7.4123,26.6449,-40.9062,37.1725,-6.7469,-22.5697,-50.8508,11.0414,28.2277,,,,,,,,,,,,,,,,,,,,,,,,,,,,6.8343,-11.7015,-18.3957,-19.396,-40.7521,7.2366,-6.1415,-5.3058,7.8427,-36.5643,1.527,17.8338,0.0581351546989737,0.0236802067637996,0.000533689138751403,
2016-06-30,-0.0235953655920476,0.0335394548589036,-0.106117413139595,0.072383163731299,0.0746545005610475,-0.0552735661212758,0.0300835649313047,0.0819983024738331,-0.0154883340894436,0.0294393986712862,-0.112318686136966,0.0475332295106341,0.488496443124509,0.0147283734684489,0.0687751761081969,-0.0571927664671321,28.1343,16.6925,26.7371,2.9232,9.4748,-19.4212,17.7045,2.5201,-3.4195,-8.9712,6.1605,-2.8745,14.9449,-5.8961,-7.9549,-18.2735,12.8498,-65.0662,40.3297,20.4096,20.4243,17.9317,-10.6734,-23.5315,1.0218,-1.1648,10.7845,-11.657,11.4148,-37.8594,0.250497100895807,-0.111166695434965,0.124580562104438,0,0.182641096659271,0.0492912917168775,0.0478178743504927,-0.020943173845243,-0.0539629948904841,-0.0031007776782479,0.000967585948735916,0.110882699578743,-0.0942902919035795,0.0259081848586646,0.172432724664707,-0.115001392694507,0.0695396681833413,0.0580143950606287,-0.027212563524885,-0.00556071868469754,0.0411657749625336,-0.0370794279685098,-0.0283637595982134,-0.213677625325327,0.00277189424005009,0.0040876820546174,0.032269452020671,-2.9145,-23.7798,-37.4738,-32.6191,-31.2785,-18.5344,-11.3044,1.9334,4.4937,15.2021,-9.9431,15.7672,0.0346720192239705,0.0838625295636142,-0.0008006405551792,-0.00999549769479913
2016-07-31,,,,,,,,,,,,,,,,-0.105861048491171,31.2008,26.7955,36.0734,22.4445,7.1373,2.6212,30.7753,-19.0296,-23.4496,-67.4713,-15.1242,-58.7386,37.6414,5.0165,-11.7281,3.7795,-2.897,-59.6636,39.1554,24.907,23.2576,29.0793,-20.8619,2.6212,10.6808,-15.6711,-10.0979,-39.6356,-19.5399,-72.2947,,,,,,,,,,,,,,,,,,,,,,,,,,,,-7.8055,-23.3323,-22.9946,-37.366,-31.5288,-36.5508,-1.0089,6.6065,8.1466,22.8133,-14.7311,0,-0.00439158562570086,-0.122917484469222,0.00240000115200101,
2016-08-31,,,,,,,,,,,,,,,,0.0893019481530022,14.809,23.7373,20.3893,18.7736,45.879,78.9693,8.2387,-13.7306,-32.411,-1.4393,2.1585,-56.8404,21.5772,3.0721,0.1392,-16.4121,7.0448,3.261,11.079,31.8563,21.8212,61.5818,31.1226,84.2867,13.7882,-22.8796,-30.8604,-39.6639,-26.0752,-75.038,,,,,,,,,,,,,,,,,,,,,,,,,,,,3.9911,-28.5587,-43.4797,-29.4551,-35.4299,-70.8258,7.1093,6.3105,3.2801,19.1642,-15.4241,-0.0085,0.0430827710789998,-0.00989773852260623,-0.0105764423880791,
2016-09-30,0.0128239959290024,0.0190529258263101,-0.0378854788277341,0.0431339769900827,-0.0159050095984892,0.00475748672432097,-0.0416076833702448,-0.0114073289223029,0.038798723622012,0.0100390498492668,-0.0178246115238263,0.0329786478759475,-0.0942006904099486,-0.0105722862186628,0.00375346959246947,-0.149287249680071,16.6624,34.7924,29.2788,52.5556,57.4411,75.8332,-4.1163,-3.3177,-28.6439,18.1465,31.2027,45.7764,-17.3337,-6.9472,-24.7097,10.9875,19.079,66.2963,6.1274,30.3328,32.4355,46.2728,34.0178,82.5839,-0.6344,15.478,21.1313,18.5652,6.9961,62.158,-0.178567369735545,0.102107750746213,-0.15882358552665,-0.165079750359448,-0.30595232810345,-0.0759595387990384,0.0202221623811862,0.0250796843970233,-0.263553089652087,0.274592113150251,-0.110315820422195,-0.308301359654516,0.00913248356327223,-0.0900385070227285,-0.0841920912203484,-0.373179444610195,-0.128684073390198,-0.268473798813514,-0.113604585432908,0.0129272345014595,-0.0781349654794612,-0.205462383470984,-0.0190291170086017,0.0485978749658784,0.00228290674770548,0.00670611231477558,-0.0190547704822297,-2.1982,-18.8563,-30.5561,-23.2323,-31.3985,-2.7065,-8.3144,-2.001,-7.8482,18.7043,-11.7617,5.4227,-0.197077697626906,0.0144564471513373,-0.0013468015503787,0.0228243332255111
2016-10-31,,,,,,,,,,,,,,,,0.112757695678315,22.6317,21.2186,17.6834,19.0301,42.9603,19.752,56.5213,38.6072,10.7513,69.6421,22.1316,41.1179,0.1995,14.604,18.6205,24.1681,-5.8287,42.7246,24.0686,26.5904,22.8078,31.6956,41.6363,26.3184,18.2118,25.7015,0.0726,67.8837,7.8476,87.9673,,,,,,,,,,,,,,,,,,,,,,,,,,,,-2.8879,-15.9127,-18.6309,-16.9517,-38.7173,-27.2248,-9.0552,0.7719,10.259,0.4911,-9.4297,-1.3377,0.10657045333682,0.0666563690424802,0.00228848454187408,
2016-11-30,,,,,,,,,,,,,,,,-0.00606487960010149,27.6951,16.2114,6.2385,10.7811,14.067,45.4443,-3.2787,-7.7439,-38.0786,19.9686,22.2774,26.4481,24.279,14.8946,21.7911,-2.958,10.5761,-1.6899,22.5738,17.3343,12.8286,27.284,13.1302,-6.0651,-0.2838,-6.1167,-29.6364,17.6416,25.4304,-5.6536,,,,,,,,,,,,,,,,,,,,,,,,,,,,-9.185,-14.8977,-12.0996,-31.3884,-14.8452,-1.7645,-2.8725,4.4808,15.8342,3.1964,-17.8633,-1.9626,0.0240273252827823,-0.0322836313643444,-0.000268961809044677,
2016-12-31,-0.106214233334594,-0.158574255076902,-0.35287917105113,0.00783979687280478,-0.0756720525073273,-0.0505171024511384,-0.265589910853837,0.170195418309028,0.0286687904472256,-0.168635557418531,0.0897978073454002,-0.616907933019827,-0.197775166627718,0.0779303996516791,-0.313520442369276,0.0247282613467004,23.3498,28.0783,20.4818,40.0903,7.2531,76.3567,23.4744,-8.0288,-26.9679,-18.3156,-12.4444,-16.1026,16.6186,10.0468,-5.5555,32.8676,1.6124,0.6737,22.1334,21.0847,26.4008,15.6063,-1.4542,28.1547,31.6162,25.3079,23.5279,39.0944,-2.0092,-10.3327,0.0560716934548005,0.136812152664985,0.206614249362999,0.272383456889917,0.136644762313644,0.0849371552061369,-0.0144025533279226,0.0591058341243444,0.194913762450239,-0.172108402337714,0.0996205313054475,0.398385432520103,0.0692621954853472,0.0745742813251464,-0.110629628337838,0.378374261487299,-0.0364392851065363,0.231432527133165,0.088665637085656,0.00640148505204152,0.0502521182603735,0.174559551458465,0.00805643833912573,0.0729167867835692,-0.0161455870644502,-0.112109783659907,-0.0555949652309273,-0.9822,-9.4108,-17.6301,-4.0309,-16.9096,-13.5276,-9.2894,-0.6467,5.4472,3.4306,-10.4503,4.2591,0.220777650235227,-0.0227307356024351,-0.0013458952233551,0.0116788252925897
2017-01-31,,,,,,,,,,,,,,,,0.0280724476226837,34.9157,32.6441,28.3832,33.318,5.6198,75.8563,-39.7274,-8.201,-34.2948,60.5219,-17.0442,42.9657,17.3236,5.4265,4.6424,-19.9434,6.2396,52.3814,35.919,30.4039,19.2411,34.528,14.2678,76.6996,3.2192,11.9334,23.7449,6.5992,-25.5134,39.2654,,,,,,,,,,,,,,,,,,,,,,,,,,,,-6.6309,-21.6932,-27.4728,-31.6582,-34.6229,-1.4149,-6.341,-1.509,1.7752,0.7058,-14.436,5.597,-0.183158834924413,0.0355486615411502,-0.0413833192613481,
2017-02-28,,,,,,,,,,,,,,,,-0.100773884422653,25.1014,46.7879,76.1369,27.0789,10.4121,68.0743,-9.22,14.4872,20.3396,43.5302,-27.8282,18.0821,14.3225,18.1012,12.3262,25.45,-0.0352,61.8642,33.9077,38.5402,43.6935,31.8816,19.0768,70.951,16.3063,7.7605,14.0782,-17.4423,-18.6801,51.2763,,,,,,,,,,,,,,,,,,,,,,,,,,,,0.6371,-21.0637,-36.0793,-30.6958,-30.0216,22.8769,-3.8765,-5.6664,-23.6267,22.5831,-17.649,7.0103,-0.106366996138552,0.0262714886205355,0.00266349074542022,
2017-03-31,0.0688350835722709,0.00774777183220188,-0.0381329286640408,-0.00132798086031194,-0.111335790942215,0.04595753957536,-0.013570845116698,-0.0533605054454735,-0.0407907794050164,-0.0102894088010537,-0.00140170249756189,-0.0285345528768151,0.00457847405919765,-0.0746738700595024,-0.0162927529572272,0.264978493873382,33.2469,45.787,53.6944,58.3273,22.6101,48.4373,43.6786,29.7737,30.1466,8.2435,27.3957,20.3429,35.5041,25.0631,44.2876,-19.7695,-1.8087,3.9282,42.7698,31.6656,24.6985,25.1765,24.5155,46.119,39.5397,36.6404,61.1706,-0.4097,21.859,-14.6597,-0.0541185678339184,-0.249049421650054,-0.0943106794712412,-0.0691397035847112,-0.0229675167505992,-0.0979950121235937,-0.158997999061583,-0.074706774566824,0.134723682624677,0.0465518683479509,-0.000977995187977143,-0.143989337701789,0.0415380434682975,0.0766403227241428,0.0586248433475243,0.126381540911615,0.241233697752549,-0.0132955424812442,0.0502321254863336,0.105451669206041,0.014038602107747,-0.152888850006835,0.0498880949191491,0.0339810081931438,-0.0106726149717051,0.00222720022015466,-0.0236171393556006,-1.4168,-8.9729,1.7388,-39.9285,-13.823,-23.8844,-7.6635,-3.219,-1.9057,-8.497,-8.7422,30.2919,0.18408837283379,0.023706519167038,-0.0758864402301264,0.00953178833632684
2017-04-30,,,,,,,,,,,,,,,,-0.136088363719157,36.8006,25.277,17.6921,14.649,12.3348,47.1702,0.0347,8.8958,23.6623,4.9428,-2.105,8.1765,6.971,0.056,3.422,2.6409,-28.7887,-25.2971,29.7948,22.4797,29.4854,-14.1112,18.8151,59.1689,-23.1908,-7.5507,-3.5885,30.5358,-13.3794,-46.7912,,,,,,,,,,,,,,,,,,,,,,,,,,,,4.9301,-7.9803,-10.3337,-9.7055,-20.2354,-44.072,-6.2366,1.2283,1.2178,10.0002,-2.184,18.8621,-0.230600819964479,-0.0107158838680794,-0.0757474597451647,
2017-05-31,,,,,,,,,,,,,,,,0.121232803053196,33.0103,22.7264,25.5298,4.426,8.5265,47.4794,7.3637,6.2378,11.8598,10.3579,-8.6489,-23.8724,-12.5529,-0.7222,-5.4615,8.6953,-7.1202,48.2519,30.9089,18.396,22.0489,-2.3061,3.343,38.8717,-12.1072,0.5573,-1.8113,4.4712,6.3536,49.6673,,,,,,,,,,,,,,,,,,,,,,,,,,,,4.7248,-13.9951,-17.5604,-31.5216,-25.7061,-5.3876,-4.5034,0.3055,9.0365,-9.2719,2.8952,16.3221,0.157236190724763,0.024148307058522,-0.0174203254918895,
2017-06-30,0.080513431983789,-0.00560223981753083,-0.0357581607680402,0.0657478964284373,0.105388898250673,0.039704629525561,0.0148613791946008,0.0112578687776992,0.0351858732009216,0.0309351328328944,0.00590561469722672,0.169117791966957,-0.0266961722963988,-0.0131676843043991,-0.0330539074821754,-0.167943469035693,31.8459,29.3106,27.0937,45.1591,-9.9211,18.2339,29.9677,-24.561,-46.2416,-61.6425,-2.0136,-4.9883,19.7707,2.6269,-13.3343,18.9865,6.5216,-31.4299,40.3942,30.0747,25.1584,43.0943,-6.3963,11.6297,29.5214,14.1648,0.9087,13.8666,18.3006,27.9639,0.141668924624853,-0.0558284495529424,0.067282007083322,-0.173986347316837,0.210478988472889,0.124454174473406,0.208064444487089,-0.00104876779408425,-0.101352494260287,0.180647916235925,-0.0868334885252278,0.0948438706329,-0.103754412120442,-0.000802246332638035,0.191325972197829,-0.00825314175672087,-0.0803711041166704,-0.0540141102948803,-0.0502321254863336,-0.0591388516325164,0.0284031919869072,0.0492104205319945,-0.0251220941173376,-0.154150679827258,0.028094305033548,0.0614240342166017,-0.00406608196466962,-8.7504,-20.2041,-31.8034,-18.2853,-14.2821,-10.3689,-2.2134,5.3797,7.6083,10.0098,-5.8793,17.204,0.0184407438823477,-0.0356579741434171,0.00989780432726045,0.0149267146411702
2017-07-31,,,,,,,,,,,,,,,,-0.0441696687072604,33.065,20.5441,40.2853,-12.7808,-25.7581,18.6736,4.0915,10.7995,48.7113,-24.7921,21.0744,-68.8855,18.4773,7.1867,8.7049,9.4142,9.0957,-59.7509,26.6459,9.9878,13.5632,-8.6356,-21.9143,18.6736,24.645,20.869,36.7826,11.9925,20.7826,-57.7537,,,,,,,,,,,,,,,,,,,,,,,,,,,,-4.9095,-12.78,-5.9418,-34.5678,-12.975,-8.1378,-7.3519,-0.2946,3.6305,2.6628,-6.6077,2.25,-0.17818606504602,-0.0665442439643922,0.0146654086770092,
2017-08-31,,,,,,,,,,,,,,,,0.0126961635577505,8.3326,40.1869,46.497,58.9466,41.3982,63.3495,19.6149,-1.8652,-26.7889,38.5626,-30.1816,-61.1013,22.9559,9.1975,-13.5557,53.6562,-2.0645,-65.6158,13.4346,30.1862,16.7577,62.0442,32.3207,63.3495,9.6657,-9.1309,-35.201,32.6868,-31.6636,-61.1013,,,,,,,,,,,,,,,,,,,,,,,,,,,,-5.7009,-16.7499,-9.4554,-28.821,-7.9314,-75.4407,-2.4012,2.2463,6.418,-1.8872,-5.1717,20.162,0.0161714191866906,0.00507217789658654,0.00290744834112139,
2017-09-30,-0.00568513853070662,-0.0437646414788802,0.17069969977695,-0.0273205325597434,-0.195077087052594,0.00105592291566481,0.0977969315339262,-0.0625352282126528,-0.0145551852049426,-0.024735171788409,-0.0055280903519499,-0.000862670655685349,0.00745494522130308,-0.0270195564108544,0.0358056845498691,0.0286632203631623,38.493,52.6216,47.7938,74.1316,42.5976,73.6867,-22.9887,-7.1547,-25.562,14.4983,33.3336,54.4248,-8.0307,11.1421,0.8636,36.0148,30.7165,44.26,29.1918,40.3097,21.2941,74.7636,42.7166,76.8987,-36.646,-21.506,-52.8943,21.5523,19.1466,38.0679,-0.162369515945687,0.35727285128091,-0.145342553552867,-0.0373875320716204,-0.321989385950843,-0.0700987604578289,0.0109891215755953,0.0197409008062364,-0.2269971206302,-0.0421955411632364,-0.00749869609111986,-0.306515020784873,0.00500251168297172,-0.252461612070821,-0.104462886155309,-0.44060575826007,-0.129270627763668,-0.214102806662061,-0.0550216608902137,-0.00611088763279977,-0.0740384866935262,-0.0329498996602142,-0.0287861067184769,0.0433993155345549,-0.00862144745797089,-0.023493887482525,-0.00229653931118712,-12.7353,-13.929,-25.8139,-8.9013,-13.1339,39.0899,-8.0839,-6.7867,-1.1293,-2.9349,-15.4738,-44.2536,0.104717864226414,0.0462795281876378,0.0136165499911648,-0.0114616897126858
2017-10-31,,,,,,,,,,,,,,,,0.0582687018764148,34.5738,41.8357,34.5322,64.7607,27.1559,50.1581,16.6187,30.6004,63.6425,-5.9923,14.6761,44.1344,14.7135,21.3633,40.2666,-1.0198,14.486,25.8992,21.9863,27.1037,4.475,64.5135,27.5246,50.1581,25.7822,20.3047,10.4565,29.391,4.4548,41.0622,,,,,,,,,,,,,,,,,,,,,,,,,,,,-6.6999,0.5765,11.379,-5.7654,-25.8184,20.1288,-1.39,-1.8036,-1.5469,-1.2867,4.141,-14.2667,0.0479396441320521,0.016447888775474,0.0139044742899463,
2017-11-30,,,,,,,,,,,,,,,,-0.0183936950755239,19.7455,19.8893,-9.2078,47.6687,7.6692,67.3988,16.7788,22.6634,17.3856,29.0819,47.0568,24.6074,-3.0362,10.7509,5.7132,21.5179,29.5559,40.4492,40.5752,27.9584,-4.2862,46.361,11.2863,67.3988,6.2605,21.0145,4.8464,48.46,44.8462,40.0824,,,,,,,,,,,,,,,,,,,,,,,,,,,,-7.6031,-8.5002,-8.8378,-25.9656,-7.6548,51.9564,-3.243,-2.6547,4.3587,-1.8182,-12.518,-24.2465,0.231290807400747,-0.0011825729475321,0.00952611248467755,
2017-12-31,0.0176337137577658,0.00383926814106061,-0.097388155785433,-0.0594873444567074,-0.0229122805632223,0.00580157087431132,-0.0728254747151844,0.0494596513930556,-0.0318681679589297,-0.00765298852461882,-0.0210207027961964,-0.0938486828147811,0.124542318580104,0.0422702884613404,0.336422584593313,0.00397181259406842,33.9512,24.7729,4.9739,41.6879,11.7941,28.1587,-14.0541,2.4366,-3.6464,31.475,-12.1306,11.4711,2.198,4.7143,-16.0298,17.0826,-7.8469,70.3828,43.2755,23.9174,6.6721,30.6509,13.2085,8.6311,-6.5206,17.4478,10.325,50.9248,4.1518,43.581,0.196496839479866,0.0345429080268769,0.171537545192209,0.236388778064231,0.0608792367127817,0.112698670647589,-0.240830930986048,0.047221228762286,0.243274183962341,0.248787456385149,0.126111459762865,0.479150515286234,0.140369238624249,0.240350038907876,-0.0868630860425199,0.20844376219392,-0.0487901641694313,0.237046456483202,0.146651983736138,-0.0660574791909108,0.0576446769178496,0.134461481049965,0.0140002286733898,0.0366433921389815,-0.00234776450991347,-0.0222134548531923,0.0802272302540317,-3.4476,-13.4036,-24.8507,-24.8139,-9.0455,26.4846,0.533,0.3141,5.6663,-2.4187,-10.5724,-2.1176,-0.200898195389904,-0.00704487800492526,0.0078953889515726,0.00280821148239063
2018-01-31,,,,,,,,,,,,,,,,0.00185518754339853,38.1141,34.6299,29.6209,42.3517,15.6884,35.4152,9.4689,-5.5563,-10.1665,-7.1202,8.8476,-53.8368,-9.9715,-3.5335,-32.3763,13.9846,9.1777,65.2875,49.0568,34.3266,7.8212,54.8456,21.4576,29.8655,-1.4334,-0.8546,-29.7392,35.4549,2.97,-5.3887,,,,,,,,,,,,,,,,,,,,,,,,,,,,-14.9853,-22.4492,-44.1327,-10.618,-19.9986,-5.8869,-0.5115,2.9251,6.2899,4.3896,-21.3974,22.4912,-0.0186519913507119,-0.0191534632514943,0.0979002201028057,
2018-02-28,,,,,,,,,,,,,,,,0.00670659547382968,43.5692,42.8193,41.2365,53.1627,26.0691,29.8655,-1.4803,4.7571,15.4063,-19.5531,33.7773,34.8231,27.4114,6.4622,-9.4416,-7.6375,2.6274,39.4741,44.8082,45.9684,45.6731,60.5742,27.4444,23.2613,11.4539,10.9805,-7.0242,13.3387,32.5255,51.5897,,,,,,,,,,,,,,,,,,,,,,,,,,,,-16.9668,-18.122,-14.7961,-29.3033,-8.3376,-9.6516,1.4361,2.6104,3.068,4.5526,-11.6152,13.0836,0.225098251453385,0.0168680119604856,-0.000279681165296697,
2018-03-31,0.0393864590623405,0.0444933299229096,-0.0187092200404404,0.0847196321982526,-0.0341535550722654,0.0182468987557947,0.0402992570175034,-0.0266867057466236,0.0428536469363223,0.0234568552094032,-0.0386305029092,0.207402398896939,0.0059574260531301,0.0200806916511347,0.116019949461974,0.0500688348329081,39.4202,39.3185,34.6628,48.8709,21.7716,43.6434,33.2961,34.5249,14.051,59.6865,19.1032,52.0305,24.8031,28.5545,6.7973,52.374,20.6255,57.1088,40.853,33.4432,32.6353,30.2981,14.9057,37.6316,31.4971,33.9193,20.0837,50.9483,21.3371,53.7157,-0.105178680945079,-0.325857791515989,-0.0672667319553542,-0.0957399176708433,0.133276777728176,-0.0770351866095806,0.0541282061765305,-0.0627736417697706,0.127712274369648,-0.289196994723026,-0.045572597278853,-0.338672457530815,0.0531995422570537,0.0750939081477542,0.070415346833494,0.160600714592741,0.287937141959604,-0.0433317158598037,0.0494482754139813,0.117263204070108,0.0109590137897193,-0.0661305324731662,0.0644143823502477,0.0613541760911511,0.0157289038470996,0.0337659949195892,0.0252518952356269,6.5445,-4.4216,-10.9417,-14.9882,0.6326,8.5672,2.2929,12.9188,10.6068,32.5041,-6.8454,18.1648,-0.158570610974692,-0.0159733107579498,0.00139762426663798,0.0234087617899217
2018-04-30,,,,,,,,,,,,,,,,0.0562622842521954,22.9567,3.8614,4.4214,-17.4866,16.6073,-18.573,26.6391,29.3962,28.6765,40.0773,26.2411,10.8238,-2.4395,18.7265,31.742,47.2167,-6.3981,-17.4007,13.6673,1.0918,-10.1505,-6.6604,17.1863,4.5961,19.3208,24.4977,27.0167,47.2403,14.5551,-31.2168,,,,,,,,,,,,,,,,,,,,,,,,,,,,10.3624,-10.1588,-23.6834,-14.4982,-12.22,-22.6661,5.208,3.0157,7.9922,-2.8487,-9.8114,6.8846,-0.123863323618735,0.0247387981440443,-0.00251713180029756,
2018-05-31,,,,,,,,,,,,,,,,0.0807250256707803,31.2387,15.7199,1.8387,23.4447,-10.1159,11.2538,26.2243,19.6259,36.3887,2.946,-6.5106,4.5695,-24.5949,12.7188,17.6903,41.644,5.515,56.8312,20.5306,5.0461,6.4242,-12.8154,-8.2708,9.1364,16.3039,18.8822,11.2452,32.7729,10.8142,23.6705,,,,,,,,,,,,,,,,,,,,,,,,,,,,-20.2778,-15.6228,-9.2589,-18.635,-22.4934,-5.8967,9.0205,3.0797,10.9793,-10.0636,-13.7766,6.8846,0.121053589545568,-0.0208030587898644,0.00614183951907038,
2018-06-30,0.121012244153055,-0.0377429389914585,0.0866167601201564,0.00964065447675999,0.0987257853013368,0.0946637911537476,0.0496340186028998,0.0362694814198949,0.00471680922075102,-0.033699806781641,0.0458658991622407,-0.0919459519681283,-0.0401655274334756,-0.0575066479760835,-0.0399955205931324,-0.239186904152984,25.9647,21.8825,25.8908,11.9191,13.3319,29.8655,-15.354,-21.3286,-36.1893,-25.1287,-17.0875,22.2768,13.5531,9.5426,-4.7483,7.0335,-2.3116,70.8209,24.0178,18.5561,38.2994,-12.3683,15.4907,19.1509,-16.1419,-20.3906,-32.3753,-27.0199,6.165,5.0828,0.0036297680505788,-0.190642756276027,0.0461955773158822,-0.00830865313901707,0.175315491019301,0.0373324295809736,0.126647157808416,0.0145230768383708,-0.1156760207377,0.163034260609411,0.0137933221323356,0.193637611111567,-0.119532097267978,-0.0197875558197023,0.173158643872434,-0.0119404403719177,-0.059095569530756,0.027426808020139,-0.14411350195506,-0.0778266402846253,0.0251134274269829,-0.164634177122116,-0.0379552200004358,-0.125396542418247,0.0463186017901069,0.0754530494443042,-0.0140173343434729,-6.981,-15.8791,-34.6244,-14.5527,-22.6183,26.3736,15.306,4.3243,0.2647,-1.6926,-6.2645,6.6043,-0.0996999429608536,0.01033435646392,0.00790079652186204,-0.00382899876597698
2018-07-31,,,,,,,,,,,,,,,,0.0926444809156166,11.3514,13.1793,22.1193,23.6198,-18.0819,-37.2206,10.4336,29.0252,40.4085,41.8489,-3.5441,41.1971,16.2043,9.9111,-2.7705,26.8527,-29.5271,39.8198,10.8765,6.4684,20.4288,-7.1409,-18.5792,-27.0402,21.5807,24.2186,26.6532,24.6632,-8.6209,56.7629,,,,,,,,,,,,,,,,,,,,,,,,,,,,-14.5631,-14.6591,-17.2579,-22.172,-25.0658,39.8171,15.6123,2.1553,-0.49,-10.6106,-18.6217,19.4642,0.0620295153834007,0.0113165192482843,-0.00193477119502899,
2018-08-31,,,,,,,,,,,,,,,,-0.159808157823822,0.9025,36.9938,52.6116,43.2336,27.2111,80.1296,-19.4687,-24.231,4.4406,-67.6458,-39.541,-51.5175,28.459,-0.3624,-24.9438,10.2774,-35.0297,31.4681,3.213,33.6833,61.612,9.2108,29.4558,80.1296,4.4891,-22.0719,-37.3134,-6.0062,-38.8423,-78.4249,,,,,,,,,,,,,,,,,,,,,,,,,,,,0.8622,-19.1794,-24.7418,-32.6032,-29.163,-9.9697,7.3773,3.5641,2.53,-9.8736,-8.2282,55.1554,0.00494635173875224,-0.127938405919468,-0.00207713153681277,
2018-09-30,0.17188917659049,-0.00166080959653314,0.0561212588562991,-0.00881071637767405,-0.00291124481317873,0.0158590231521085,0.111673794448569,-0.0397385844838443,-0.00661995962907369,0.00736425267756857,-0.553070117258619,0.0609948104209055,0.195382927586844,-0.00722291428136046,-0.181972334139479,0.0759280331108076,15.344,38.4548,49.1308,41.2986,37.9983,60.2307,2.1811,18.2813,-11.3093,63.833,37.205,87.0618,-15.3756,23.3859,28.5372,57.112,14.7762,44.3326,15.6425,31.4938,51.2814,10.5644,22.7152,60.2307,17.1758,27.7861,7.6971,59.0491,33.3055,80.1296,-0.0635728040176131,0.241936050663577,-0.104982014517804,-0.0488497607009322,-0.389144271058964,-0.0126154026300744,0.054576101236476,0.00411100270652209,-0.286685560162042,-0.0437026637952256,-0.0847012915553869,-0.339198271930451,-0.0224939193479674,-0.223912486377087,-0.0965661983910513,-0.462623521948113,-0.150369956987353,-0.136111299458961,-0.0692100031781751,0.0576578894010042,-0.0706391708520071,0.0963032285453167,-0.0314367734235645,-0.0281708769666968,0.00948354150967035,0.0835523229428272,-0.195385653175871,-24.3096,-9.7303,-0.9972,-20.9152,-13.2747,41.9307,-5.2165,1.7823,4.5979,-8.6023,-8.232,62.6463,-0.183638733794266,0.122984223233333,0.00138523363333704,0.0197648970716831
2018-10-31,,,,,,,,,,,,,,,,0.108585105794187,11.0621,18.3357,20.2136,38.9861,27.5323,-42.1321,14.5655,40.0015,47.8847,62.1,16.8467,64.816,0.6169,14.6703,-3.8387,58.5712,-10.1463,69.4701,9.2809,10.1855,25.4723,0.1321,15.35,-50.1501,16.6546,20.3184,-8.8457,66.9513,6.2754,67.2254,,,,,,,,,,,,,,,,,,,,,,,,,,,,-27.4935,-20.0558,-25.2394,-19.5718,-14.517,42.3033,0.0031,-0.4872,1.0422,-8.0824,3.3222,10.9221,0.190749924940819,0.00167755311456474,-0.00069237695766039,
2018-11-30,,,,,,,,,,,,,,,,-0.0538599333405863,10.0588,12.5908,19.4528,11.5112,33.5599,-38.2072,18.9149,-0.1596,-49.9905,41.1622,21.1504,47.4081,11.1531,12.2473,-11.8273,51.7542,-3.6395,42.5221,11.0018,5.0821,2.5699,8.9014,19.4662,-37.7034,40.2264,30.7258,10.3539,57.9219,13.8475,32.9335,,,,,,,,,,,,,,,,,,,,,,,,,,,,-0.8465,-11.4874,-22.4095,-19.1505,-13.4312,36.6656,-5.1767,-5.3372,-5.9798,-6.7391,-3.616,1.1632,0.155989609507547,0.00243555488739755,0.0011075731438201,
2018-12-31,-0.00657855353972892,-0.00201878662555011,-0.0329713557871578,0.0118410940240921,-0.0623077156599408,0.00525115729394443,-0.0261086488583704,-0.0153944555544268,-0.00798196896760572,-0.0239209003982364,0.0321978375669296,0.0175521061145085,-0.0147679546607691,-0.00604378785250681,0.0405191763393518,0.0684265811788016,31.5228,25.6658,44.647,-20.5769,30.4641,41.3184,12.149,11.3567,-9.8432,60.3951,16.434,-45.7963,39.2814,22.7011,27.1867,18.6543,-6.9621,-41.3184,37.1081,16.4188,4.1323,4.9521,15.4383,41.3184,0.8499,37.1578,69.135,54.3318,12.6025,-34.9918,0.182160668691283,0.291398561996337,0.22673218487557,0.25006207996444,0.131183163076659,0.178407657472818,-0.226124179452348,0.0826428746035592,0.269591126802742,0.167592153010826,0.0944384668332452,0.520460586739916,0.145310091817136,0.305077959717396,-0.0407579924721668,0.225366833157438,-0.0703414893582446,0.174445231377025,0.156474640901082,-0.0469243337578948,0.0829632704971557,0.0648486467409244,0.0158419154656579,0.196953219062019,-0.00825176577531117,-0.0121443104304362,0.015302505215999,15.9619,4.1063,9.3221,-15.7016,-9.8503,2.2671,-2.1793,-3.3899,-1.4092,-5.4483,-11.8852,-4.9152,0.0524027723261966,-0.0203610656009614,0.000553326891970685,0.00254844063750426
2019-01-31,,,,,,,,,,,,,,,,0.0662167586337912,25.9092,34.2345,40.4825,53.3303,13.4911,0.2485,-12.0979,4.9372,9.815,4.3128,23.628,49.4396,-4.705,28.1254,40.2118,50.8563,36.0754,45.029,14.5181,17.0008,33.0763,3.0906,12.4963,11.026,-31.5774,-6.5923,22.0532,-19.3566,-4.5554,30.7817,,,,,,,,,,,,,,,,,,,,,,,,,,,,-14.8631,-5.5246,2.7559,-14.2939,-8.9543,38.9034,10.0482,2.6022,5.6728,-6.2467,-10.3613,-2.2338,-0.194839857970745,0.0262592568474727,-0.0535449157403976,
2019-02-28,,,,,,,,,,,,,,,,-0.127147513771337,36.682,43.5982,63.3958,51.8246,6.5672,-1.8652,16.1996,6.217,-3.3672,-6.6992,4.9203,47.9515,20.2412,11.795,-10.3332,20.6291,8.2621,48.7891,40.6968,47.6449,64.0813,63.2285,11.2205,-7.3027,13.797,11.7994,-11.4916,25.4925,14.7846,61.1719,,,,,,,,,,,,,,,,,,,,,,,,,,,,0.007,-1.2722,-16.0555,10.6449,-31.8077,55.0774,2.856,-3.0483,4.6265,-22.3226,-2.9745,-2.2338,-0.0495256216814965,0.00872874919963795,0.0180732165825974,
2019-03-31,-0.200734397546567,-0.0389827379751484,-0.0821836494486998,0.027309196741248,-0.132555896861298,-0.0477556071074794,-0.169286103593958,-0.134514251202159,0.0251178612857625,0.0138931194399881,0.50866276822047,0.0619342216124705,-0.382717892949102,0.0247308166973887,-0.197459848003556,0.144955133476945,33.0988,30.9338,33.1529,30.6933,14.382,29.911,25.4005,33.8074,59.3124,22.5777,13.4204,18.9083,36.5541,38.9508,47.4081,59.8731,7.4455,-19.2946,23.5515,18.9381,18.6072,12.5386,7.3217,32.1588,48.3709,47.524,69.0262,47.2289,16.863,-14.6374,-0.155492421609122,-0.396759077654163,-0.356890437959607,-0.176490636483162,0.102063702820105,-0.0442660994745543,-0.0374312703852961,-0.106515310810041,0.0751940237393125,-0.290568954347342,0.000968523078130445,-0.286421197237452,0.0089759884571512,0.0382389305937822,0.0314986670593704,0.210885992328126,0.250301769966519,-0.00774447239547804,0.0193109449130873,0.0670930846415159,-0.0105541876786903,0.0868175597586713,0.0544807434512951,-0.0191771246397385,-0.0605668176525427,-0.114957113810988,0.0892814367081947,-1.9703,-12.7747,-3.8607,-32.9008,-23.6296,-23.6807,2.7572,3.0172,8.6656,-6.0739,-2.8397,14.7613,0.307574203941432,-0.00831997625659042,0.0105474181910277,0.00525129663060397
2019-04-30,,,,,,,,,,,,,,,,-0.0154937839880489,23.1641,15.287,4.9428,23.9923,4.6814,4.1112,23.1227,5.09,-2.1301,-21.4188,0.0345,60.3876,26.4535,17.9958,-13.623,59.8995,-17.1196,6.1465,32.5744,12.8435,7.107,1.0931,9.6702,-9.2226,33.8811,14.4802,-0.7521,22.9787,-2.5229,-23.1422,,,,,,,,,,,,,,,,,,,,,,,,,,,,25.5273,-3.5686,-11.9778,-15.0436,-3.2052,-65.7517,3.9945,4.8782,4.0573,-7.1222,-5.6454,73.9951,-0.124121683094504,0.00794383728542147,0.00692337629485401,
2019-05-31,,,,,,,,,,,,,,,,-0.0190658247402595,22.7236,1.4057,9.0676,-38.2157,-1.5599,8.0281,6.2882,19.6216,11.3572,42.8252,-3.9965,70.3699,23.1978,12.0765,11.1691,0.68,2.9343,12.0678,31.6578,19.9585,20.6535,9.7257,7.6878,8.0281,-3.2485,2.0038,14.75,-6.8384,-5.2285,12.1745,,,,,,,,,,,,,,,,,,,,,,,,,,,,0.2052,-13.1494,-17.5913,-6.7609,-35.3454,-63.0522,18.5072,7.3489,-2.0197,-6.0561,-9.3663,66.3893,-0.152899862774493,-0.00113059740832888,0.00575642165193924,
2019-06-30,-0.00860798080785408,0.00345901447773045,0.115969618687954,0.0332887236119266,0.0153895799474171,-0.00142611892068878,0.139974221342561,-0.0496038155058844,0.0277089525183403,0.0561779056620519,0.0101497455975945,0.41064489865011,0.342507068932631,0.010813666701825,-0.268391824130389,-0.122194337472337,32.0932,25.9208,24.9727,28.9254,-1.0122,18.7266,29.6193,13.3522,-12.8463,19.4196,-14.3416,64.783,27.2526,19.7631,-4.4047,64.0811,-38.6291,6.1457,39.877,24.4514,33.4081,-7.0203,20.9807,16.0913,24.2397,16.8879,-7.2228,52.8567,-7.8876,-6.5873,0.0158511477376182,-0.196607514041432,0.252869731579411,-0.095077648702242,0.24253474062886,-0.0744364764765075,0.157380601887259,0.0310262735630999,-0.0541194856233851,0.185562394145389,-0.0284751688679634,0.106972119552168,-0.117986143202527,-0.0248631591926438,0.144133901583787,-0.169860972733576,-0.0609201737618399,0.00484731923432502,-0.0561945583436421,-0.0494559431554098,0.0209981468397729,-0.292669613962819,-0.0168859546915252,-0.111962875852708,0.0173067239218572,0.0203996417128653,0.0254716916219007,3.159,-14.9841,-16.063,-14.6846,-45.1564,-72.9107,17.7393,5.4529,-4.5022,-10.888,1.1079,52.598,0.236952672019779,-0.00709735287020408,0.00530579295534495,0.0369509505888086
2019-07-31,,,,,,,,,,,,,,,,0.0421872460688508,19.5569,6.8766,-5.9985,27.5555,-3.4569,-62.6006,29.9919,24.8199,49.5547,-25.4383,16.1205,82.9564,42.343,28.5792,43.3483,-10.7427,-2.8989,77.1894,26.9772,2.9876,-0.1339,-6.5068,-9.3153,-51.7431,49.0836,31.3689,55.8575,-34.807,33.3661,76.7631,,,,,,,,,,,,,,,,,,,,,,,,,,,,18.3866,5.643,15.0205,-14.5383,-20.8194,4.722,10.7433,7.8616,4.3589,-1.8777,-1.4606,60.8203,-0.237211743782193,0.0209051503530331,-0.000975270018089502,
2019-08-31,,,,,,,,,,,,,,,,-0.186644580512109,24.8992,41.6077,43.4737,52.1447,20.9914,91.5248,-20.2644,-41.3372,-38.1026,-57.1856,-39.4537,-93.7317,15.1084,-4.3525,-18.3442,16.0533,-39.8617,-58.9824,21.1483,33.2732,54.8967,11.616,16.5713,83.2759,-5.0502,-36.8705,-42.6979,-53.8655,-42.9368,-77.4821,,,,,,,,,,,,,,,,,,,,,,,,,,,,-6.5293,-29.0835,-40.1071,-31.1711,-29.8074,-66.1426,-0.5683,0.1712,-5.7427,0.7553,-16.8483,52.3241,0.0156815726324169,-0.102634429527373,-0.00559129217339105,
2019-09-30,0.158291105711992,-0.0146330961961372,0.157501665975607,-0.024546356117126,0.0156766084786799,0.115102995367771,0.0900289017647875,0.00239066112418129,0.00421475481497957,-0.0201002290512307,0.025064463208178,-0.00207559535115909,0.193043855351892,0.0327926105990208,-0.0379187114262818,0.182460026199207,6.0582,31.3481,31.6807,50.1658,20.6154,72.6676,-3.216,37.7449,39.3359,66.3129,41.4311,80.7687,-5.9208,30.2047,32.1063,69.5,-18.8412,74.0468,13.414,20.7711,22.7397,17.3488,19.8785,55.3899,-0.3054,37.2255,38.6379,67.9435,34.78,66.0724,-0.0859187103543348,0.357825361091782,-0.0692917804713922,0.0904156355964307,-0.494723677054699,-0.0308291580199018,0.0525653973450035,-0.0237002334710272,-0.285367639281113,-0.0685235319834181,-0.0637420256753121,-0.214350799366231,0.021700670733118,-0.289081652806204,-0.118118662442551,-0.349220631879433,-0.169340845321234,-0.113560820565522,-0.0463365293958455,0.0343676435042077,-0.0773767119308486,0.208174935620288,-0.0464749655166283,0.0101395038524394,0.0551373988335246,0.0863758890487105,0.0423344185758712,-6.9491,-4.8609,6.7219,-7.4092,-27.9828,-18.7576,1.5534,6.4857,-2.698,8.5596,9.4405,63.3849,0.0623244750385616,0.0654884897591925,0.00405680069561437,-0.0175063522194137
2019-10-31,,,,,,,,,,,,,,,,0.124817399765444,16.0732,14.5579,-7.0985,44.1398,23.1066,-3.2643,7.1498,37.5804,61.0668,33.0603,28.0905,90.0637,-2.9402,26.6943,52.9712,31.1757,-31.468,85.4649,7.591,8.5517,2.1309,19.1861,25.4897,-13.8104,5.2023,30.4235,52.2226,24.2552,11.1943,84.467,,,,,,,,,,,,,,,,,,,,,,,,,,,,-18.844,-6.445,10.4745,-0.7737,-41.6594,-12.4748,4.7209,8.7024,1.1752,19.945,-1.1797,34.9455,0.0678734648642347,0.0331594629763856,0.00334495085399134,
2019-11-30,,,,,,,,,,,,,,,,-0.162340912899264,9.0653,15.5581,5.0133,32.4077,19.4518,31.3882,-32.4445,-24.939,-27.2488,-17.0791,-13.4649,-20.7303,-33.9808,-19.6928,-19.9884,5.4727,0.476,-66.7773,21.9114,14.8611,12.5507,0.755,17.0651,42.5794,-17.4903,-21.7357,-29.6717,-16.2618,-10.8142,-34.3482,,,,,,,,,,,,,,,,,,,,,,,,,,,,-11.2262,-21.5234,-30.3198,-21.3927,-26.5475,-20.305,-0.8658,-1.6633,4.6359,-8.6798,-8.3812,-3.1769,-0.175267710053607,-0.0232382262484938,0.00388835373952867,
2019-12-31,-0.0466177164924435,0.0472059881272582,-0.157680357016666,-0.0490878203379399,-0.0429390265047207,-0.0696881211899356,-0.0553406295485264,0.0197669401512677,-0.0156802912651859,0.00626171127027142,-0.163062253234214,-0.0157949912370947,0.0810145830993889,-0.034230962958377,0.123715392548811,0.101632904745131,25.3055,26.9791,21.9668,48.3977,14.7781,-5.5967,5.359,-16.0651,-2.6299,-57.1962,-8.4752,-31.1771,14.9754,1.6983,-6.3955,7.431,-21.9271,-8.9512,22.3635,15.8046,23.1464,5.1586,11.5665,-4.303,21.5235,6.0439,9.1001,-4.9079,-10.1932,-16.103,0.00803217169726445,0.234746001933673,0.110281125004589,0.187952092977897,0.230986728775235,0.184848405895863,-0.119959315078979,0.0508239454701709,0.199348818204235,0.183493942733354,0.115184711293875,0.446870546308996,0.0765965673824871,0.290479277072842,0.00602411460338104,0.262762750226898,0.0503007384747987,0.105793791227862,0.117895149564231,-0.0449125566808224,0.0911344525726721,0.199193122633962,0.076300102579351,0.148550448408238,-0.0332247671132198,-0.0547163628967304,-0.0396852405878612,-4.435,-19.4433,-26.9232,-22.9054,-30.5216,-21.1043,2.5337,-12.125,-5.9801,-41.8,-5.4383,-3.6557,0.14532078109621,-0.0130525945221116,0.00235343086404111,-0.00688096519466086
2020-01-31,,,,,,,,,,,,,,,,-0.0203766505005643,37.4282,28.3868,17.3853,48.2662,-5.8622,7.6836,-16.261,-5.3672,22.868,-52.5669,23.9463,47.8697,-9.762,-2.1651,-11.0398,12.3601,-7.6248,20.1962,39.6346,23.7339,20.329,17.1595,0.5372,21.2031,-5.9912,2.0537,2.7543,0.4601,26.4653,10.3557,,,,,,,,,,,,,,,,,,,,,,,,,,,,-6.2546,-18.6859,-33.0969,-10.8787,-30.7794,-22.479,-0.9384,-0.7616,6.1749,-5.9752,-11.9737,0.8848,-0.00211101507953515,-0.0267764700758555,-0.00318537766743382,
2020-02-29,,,,,,,,,,,,,,,,-0.0325518058340055,34.1915,16.6655,4.1126,37.6187,-4.326,-45.7742,-2.5324,11.2582,8.7667,27.993,13.8864,21.3874,3.8966,1.6247,9.2291,-22.4408,5.8217,32.2701,45.8832,11.3561,-3.5332,1.2199,-2.946,-21.6497,11.7567,14.0256,32.0714,-0.7202,0.0486,13.4614,,,,,,,,,,,,,,,,,,,,,,,,,,,,-13.6238,-20.3836,-23.6643,-19.599,-29.4991,-27.233,0.2552,1.9809,13.606,-5.5514,-13.6433,3.6235,-0.0822149276167714,0.00529037691770284,0.00622279543826915,
2020-03-31,-0.101885614921892,-0.00980527831039169,-0.0172271621030617,0.0126344239888301,0.123349555251526,-0.086489402613017,0.0141930447665306,-0.0205982883833471,0.0203151838717641,-0.000771613802099225,-0.0497722667103346,-0.0170569470406807,0.00783838891832644,-0.021761391035751,-0.12604277322238,0.0280380216772382,-2.2982,-14.2578,-10.9553,-24.1362,-14.1135,-50.0803,4.7586,-28.6072,-20.6006,-60.0849,-53.6267,-79.7549,-11.3229,-31.5822,-15.6496,-77.6003,-48.5332,-42.7026,-8.6139,-15.9826,-12.2963,-16.9787,-13.7276,-67.3544,6.8342,-32.7512,-28.2511,-65.792,-61.3951,-77.2484,0.0449733656427309,-0.424742813534067,-0.358397597250178,-0.239491359571828,0.0106572944739884,-0.246481600667183,0.00108873173519708,-0.102172123093651,0.11633899208415,-0.281243478673427,-0.0695336312676025,-0.34555861917717,0.00742884142858102,-0.202923386048522,0.0469294322219831,-0.0489893872002725,0.270315155648231,0.0650866165198867,0.145787813461498,0.132205425579419,-0.0294648698471809,-0.273836665629728,-0.033616610798985,0.0108109161042158,-0.0288340494340069,-0.0311123236351243,-0.0409351793460395,-47.7245,-50.4171,-52.2658,-45.2856,-69.1276,-45.0932,0.1168,-11.929,-0.9868,-46.2244,-13.6811,-14.5772,-0.119428121010685,-0.250121152108214,0.0041271210046509,-0.00162253854886352
2020-04-30,,,,,,,,,,,,,,,,-0.340233720090149,23.9151,6.8273,0.2928,18.7806,-24.13,-28.8656,-20.2967,-50.9121,-38.7255,-91.9424,-78.4317,-82.7318,-26.82,-53.7323,-45.578,-88.5687,-88.9088,-58.0624,5.4552,-5.0526,3.571,-15.3982,-17.9008,-52.8617,-31.8065,-51.6953,-30.9304,-91.9424,-78.0802,-97.6952,,,,,,,,,,,,,,,,,,,,,,,,,,,,-34.8421,-58.8179,-51.6227,-94.4531,-88.9088,-47.9658,-1.4527,-12.1967,-5.3327,-27.6073,-34.4537,-22.6522,-0.273081876067749,-0.173473481786641,-0.00302488887321756,
2020-05-31,,,,,,,,,,,,,,,,-0.0568867056923974,9.3846,30.3186,47.0427,22.4072,32.5291,32.6592,4.734,6.052,22.8738,-4.5892,-12.984,-33.7292,8.7861,-0.2026,4.8132,11.9596,-35.6471,-66.7816,9.8481,24.7058,49.5586,-10.9382,32.4895,42.8678,5.1702,-29.1368,-58.8848,-14.6257,-18.2843,-40.2218,,,,,,,,,,,,,,,,,,,,,,,,,,,,-30.5525,-41.1964,-40.8625,-48.5137,-74.1324,-21.8297,2.69,-8.9202,-4.7316,-25.2891,-39.6431,11.719,0.0234243304334569,0.179102071497835,0.00220082619782408,
2020-06-30,0.114829421704572,0.0956486362169269,0.0245475904848433,0.0206612623878559,0.0429550514509689,0.0997772348440211,-0.00845125961972037,0.00449204491760824,0.0166372130999495,0.0771713911129961,0.0158950625680099,0.0601344702070978,-0.0247232645575668,0.0887705314925444,-0.0667729839074855,0.135290529824648,7.3653,31.5549,49.7458,39.3048,20.5648,11.9976,38.3195,50.2356,62.4814,57.6444,-2.7468,62.4733,2.0908,37.4186,70.8031,34.397,18.5195,21.5161,6.0187,26.1961,38.5882,42.0322,11.5154,0.2695,22.1928,23.0097,6.231,49.3729,8.7551,48.613,-0.319410211344492,-0.277193876268727,-0.270211062172195,-0.156819263983019,-0.402378005325679,-0.0370031938492579,-0.622776948312997,-0.0266979149503781,-0.620692101344523,-0.73895671659124,-0.359867516669292,-0.438457791262513,-0.312100599799927,-0.643909033324927,0.0975218505165616,-0.426607544681974,-0.274095878488137,-0.524618945898327,-0.340200106735227,-0.132205425579419,-0.224904115149243,-0.790208893403076,-0.508928089989799,-1.15160481880862,0.0457443608223684,0.0714356157956626,0.0192375496443038,-16.5956,-21.3044,-12.76,-30.5125,-82.1664,9.4567,-0.1163,0.0248,2.9088,1.5281,-25.6361,7.5471,0.270586476552459,0.130374575898468,0.00342912344800456,-0.213797918505946
2020-07-31,,,,,,,,,,,,,,,,0.0507382504703333,0.0322,8.8376,6.426,33.8277,5.9608,-23.7393,20.4417,33.2707,35.7143,52.5213,27.1235,21.0109,-8.8597,-5.4191,-21.3169,16.7893,8.1229,-10.675,2.3268,0.1068,-3.4028,7.0422,6.8168,-26.1183,24.6426,25.5315,4.0145,52.1623,31.5332,27.1575,,,,,,,,,,,,,,,,,,,,,,,,,,,,-9.6639,-38.3713,-60.9401,-29.0393,-59.0243,-77.2212,-1.2128,0.444,8.3866,-0.9731,-10.5371,-10.3864,-0.153519086589181,0.0511003077528809,0.00464481709388459,
2020-08-31,,,,,,,,,,,,,,,,0.0480960924246538,-11.3541,23.4718,31.1669,62.9124,15.2377,19.7289,-31.249,-27.1758,-28.7255,-12.0538,-13.2874,-67.0055,-43.1558,-41.8778,-39.7584,-24.3809,-48.3609,-95.242,-12.3917,9.9976,35.4904,-7.1278,31.8051,19.7289,-37.0777,-12.7524,-31.6596,59.5332,-11.1051,-56.522,,,,,,,,,,,,,,,,,,,,,,,,,,,,-37.0824,-52.8587,-36.371,-85.6846,-52.5472,-90.7549,4.4336,0.2734,11.832,-7.6199,-34.2252,-6.294,0.0833730035895819,-0.0612982098069832,0.00394477829101636,
2020-09-30,0.080004864151455,0.106302003716158,-0.0900948275520808,-0.0796090678372039,0.0407320267005495,0.0551954152510632,-0.0353309464371563,0.0257451304635534,-0.0457692933160967,0.0507850947162467,-0.0165369965757556,-0.000311318790015669,0.0168831872775801,-0.0941104146564857,-0.0163221118588348,0.0567218762457902,6.2258,18.5635,11.5462,44.4388,13.7417,30.9207,17.5244,18.028,14.1361,29.669,41.6288,-23.0279,-9.0266,-11.0289,-15.1052,-2.4811,1.3634,-38.3049,14.9055,5.6687,4.7494,0.2185,-8.4542,6.221,3.1689,16.7795,12.3642,41.0899,38.1446,-5.7687,0.156778802233528,0.46819621837114,0.534342111551572,0.197788849087263,0.199348818204235,-0.197302320130322,0.395271339918622,0.130850236710891,0.265942085815375,0,0.280754059326615,0.279393096632826,-0.191350963513349,0.453168906065376,-0.0424748650649587,0.184811332222043,-0.0455284439125974,0.336251753762863,0.0540672212702757,0.0044072349874078,0.136692690013676,0.911319719152134,0.445212275603692,0.894281590382365,0.015081021948129,0.0236192043119452,-0.0296917118305,-24.8192,-35.7782,-41.5634,-23.5084,-49.8019,-74.761,-12.6162,-6.3354,-10.191,5.1369,-8.3873,7.2809,0.178871567236939,0.0958730260883662,0.00338822577987608,0.176609534773862
2020-10-31,,,,,,,,,,,,,,,,0.0318914660733274,36.2721,19.8452,7.6597,37.7653,7.9508,-28.6368,50.0428,40.8961,40.8652,46.5628,8.8492,15.2676,36.6971,19.955,8.6683,29.8744,7.2748,-6.9643,28.9397,4.4701,3.2745,-5.8544,-1.6917,-55.6898,49.1287,37.9056,46.8144,22.0183,15.8775,12.0952,,,,,,,,,,,,,,,,,,,,,,,,,,,,-17.8082,-22.5006,-27.3457,-15.5346,-38.4334,-20.8412,-1.7837,-1.6116,-3.3884,2.7305,-19.7297,14.6237,-0.114843755051936,0.0289802721208634,0.00256739550524582,
2020-11-30,,,,,,,,,,,,,,,,0.00420454743187371,31.4087,29.8523,31.9702,34.3455,8.8228,17.1871,34.6732,9.2643,16.8749,-30.8057,21.4935,-23.4663,3.1192,-28.7323,-48.1204,-30.914,-30.1727,-35.7941,33.1776,20.4654,35.266,2.6695,-3.9244,-39.0605,20.5703,14.5629,22.8656,9.2616,-16.1541,-11.9286,,,,,,,,,,,,,,,,,,,,,,,,,,,,-24.0984,-31.9393,-43.731,-10.5714,-54.7316,-40.6049,-1.4198,0.0391,-1.033,12.2438,-21.6326,-5.4654,0.119343295024201,-0.0171233541923712,0.00282999986733667,
2020-12-31,-0.0471791313861267,0.0654943267076398,0.103351980732583,-0.00558323449085663,0.136921580607488,-0.0227495188038436,-0.0608684732728442,0.133822171965907,-0.0251494656525892,0.00988655968849095,0.0110034100831218,-0.0430638915820625,-0.382185261873033,-0.0350276734972379,0.147192534290029,0.125435209024689,6.6997,25.7023,33.3882,52.3178,5.9892,-2.5028,-6.5969,4.6193,20.6931,-30.3099,30.7752,46.2897,20.9648,6.3345,-1.5004,-11.6961,26.4706,25.9923,9.5909,19.3162,32.7792,20.443,6.0402,-5.5314,-3.0028,31.4566,59.6096,26.2088,35.9112,30.3683,0.0610876919798384,0.216083511903485,0.158051773304202,0.241162056816888,0.224873655551993,0.19099977825952,0.278417981491982,0.000988630826939563,0.229715316477445,0.38100163592979,0.129544310969569,0.310313457156423,0.451118947855209,0.297724644299987,0.011459511989786,0.0451465555118959,0.150604828299866,-0.0827107252642811,0.206283957464533,0.00351185611153948,0.105648658578708,0.165946051308804,0.0843932428138947,0.23228109239409,0.00650945043949491,0.011905503517351,-0.0498291001257218,-9.0124,-27.4728,-46.6925,-17.3441,-50.5103,-6.3167,0.3267,1.5871,2.248,6.7776,-14.9207,3.223,0.0393083124520111,0.000716638895061017,0.00134480923979202,-0.00858663289649719
2021-01-31,,,,,,,,,,,,,,,,-0.157602360356496,17.7975,20.3339,15.7407,36.7059,0.7561,25.7315,-2.9205,18.5357,27.8444,39.6692,2.4206,2.7481,-15.4082,-23.5123,-27.4286,-32.1736,-21.2856,-8.7679,18.7352,13.6471,16.2676,3.9967,-1.2469,23.4267,-24.7673,5.465,25.9715,22.3186,-37.4005,2.7481,,,,,,,,,,,,,,,,,,,,,,,,,,,,-22.8911,-33.5231,-48.8788,-22.4525,-49.3824,-6.7214,-4.3245,3.2836,3.7445,20.4903,-16.5608,-2.3048,-0.117000129608741,0.014458103537601,0.0486557645993083,
2021-02-28,,,,,,,,,,,,,,,,0.0241172873576154,10.1259,17.7627,7.0504,59.7898,-1.2841,0.7087,-0.5142,39.0739,58.1526,69.8427,15.0231,-0.6444,15.1791,4.8654,14.2182,-23.6552,-8.752,12.3359,13.1108,8.5074,9.7765,6.1613,-1.1224,0.7087,-5.4652,22.4407,45.6822,22.3239,16.4576,-9.2612,,,,,,,,,,,,,,,,,,,,,,,,,,,,-4.0769,-30.3991,-43.09,-32.8076,-48.722,-24.5362,7.1515,-7.3133,-10.4409,-8.6357,-20.7278,-24.6997,0.00254752415620985,-0.000615404431032474,0.00510726339978215,
2021-03-31,-0.0117016306952333,0.031553838489236,0.071949685735925,0.060394242177404,0.117993087325429,-0.00558371364148158,0.111391394629363,0.0751526554931363,0.0385259122456887,0.0251399037929563,0.000686046201483492,0.060394150466454,0.295326273404681,0.023422601369294,0.0411974174329286,0.251694882129833,12.1019,5.5812,4.6397,0.6602,-5.2467,9.6387,29.9346,36.1598,45.2264,53.0607,3.0407,-9.0937,16.7355,23.1285,22.3765,35.5545,-28.1904,71.8632,23.9504,6.9195,1.7248,0.1737,-15.4424,9.6387,29.435,37.4918,51.1925,48.2557,1.7558,-7.0912,-0.063339945184163,-0.427983971643514,-0.433743645084655,-0.410580208774936,0.0994659077438032,-0.234003146845793,-0.0729154609816733,-0.0909717782057271,0.139382147459845,0.290666512953031,-0.0423500015729532,-0.112457225556862,0.0750978262310795,-0.229698423444131,-0.00605043862577404,0.241647022878769,0.224336360520986,0.252644215710907,0.0860313279087359,0.161510533419603,-0.00868061006430576,-0.274634357059305,-0.0417914565448028,0.00659343047983185,0.0379792614533496,0.0360389283400355,0.0628470080986467,-32.6224,-32.2151,-36.4597,-8.166,-55.25,-52.7781,-13.1137,-10.7262,-13.0098,2.6943,-15.2404,-22.2335,0.139499235850177,0.00456872611655346,0.00355962745557314,0.0682885003101887
2021-04-30,,,,,,,,,,,,,,,,-0.0971417049318504,30.5742,18.6936,2.4416,37.5634,6.8648,21.893,1.0542,3.1191,27.8087,-43.3566,0.9509,16.4301,-17.4141,-10.7548,-15.5488,0.7818,-11.0806,7.4104,36.0006,12.6748,5.4359,0.8688,-3.5487,21.893,-7.0621,-0.9364,12.4694,-28.3092,7.9334,22.4193,,,,,,,,,,,,,,,,,,,,,,,,,,,,-20.2237,-27.8938,-31.468,-30.1098,-57.6312,4.1511,1.8222,-4.5028,-0.6741,-8.954,-21.9338,-19.3939,-0.0515364864642471,-0.0129520600659525,-0.00228687687011919,
2021-05-31,,,,,,,,,,,,,,,,0.0104626898708062,40.7194,21.4047,6.9389,37.4513,2.7595,12.5844,29.1337,25.6381,28.7967,37.2221,-21.8064,9.8622,3.6321,-13.3587,-30.743,-2.2006,-6.2876,-8.9311,41.5244,13.0569,5.3127,-0.0613,1.4158,12.5844,17.6184,26.5658,35.8427,49.876,-20.319,-19.5336,,,,,,,,,,,,,,,,,,,,,,,,,,,,-3.5876,-26.1849,-39.2584,-20.4781,-36.5173,-32.4634,-6.009,-7.3453,-7.5652,-10.4206,-1.5638,-7.5952,-0.0172010694059281,0.0380376084435481,-0.0028021926373521,
2021-06-30,0.0829732662959888,0.0349692604775544,0.187297369863453,0.0817536054912154,-0.0178207600551996,0.0550172481884754,0.0833173800955311,-0.0292131446462527,0.00662912070059996,0.00937660367465298,-0.0349547201043023,-0.0268587844723864,-0.125229810009625,-0.159866793478216,-0.0473741959061442,0.0696998066458114,28.0492,19.9649,4.3605,47.6824,-0.7262,10.8695,8.6385,26.826,22.9201,60.2937,22.734,17.1123,4.6365,28.4295,30.0879,66.8701,9.0141,6.2427,23.651,10.263,-3.7993,19.7303,8.7722,10.8695,-4.0635,21.7198,21.7591,54.6276,29.9233,6.2427,0.0134380521620407,-0.073439299444086,0.345566966527096,0.0411016756855522,0.0585050983763216,0.273264387669347,-0.257371188906829,-0.0374906089154985,-0.268556234715412,-0.578633282915631,-0.0421223030023716,0.0513420736856256,-0.154418668573335,0.0958375596179017,0.0416038870094351,-0.190353728491218,-0.25287266778592,-0.107947839222777,-0.182013437857608,-0.133851034628202,-0.0518899941964106,-0.117783035656384,-0.0548218976038672,-0.68117098951323,0.0265506303140519,0.0765658340406858,-0.081904593928666,-22.061,-14.7781,-2.0011,-11.5891,-28.8918,-67.6747,-4.7736,-3.9995,-2.8042,5.9394,-2.4751,-52.4616,-0.120119749626788,0.0222704337712667,-0.00819676720417858,-0.0226087358268856
2021-07-31,,,,,,,,,,,,,,,,-0.161092486090034,14.0846,24.4776,17.1004,53.0203,6.4091,24.6906,8.7,-11.3852,-1.3149,-46.3496,-15.9102,-15.1618,23.4865,-14.9792,-45.4312,-15.3505,-2.7244,10.175,17.3398,22.946,23.769,29.555,20.8278,17.3906,31.2445,-7.117,-22.1314,-26.7664,-12.8156,16.7016,,,,,,,,,,,,,,,,,,,,,,,,,,,,-1.655,-22.5951,-42.8868,-3.0173,-28.5063,-45.321,-2.4557,2.6193,6.486,10.6559,-0.2558,-28.2375,-4.00943672804743e-05,-0.0523557168180924,-0.00386548606557752,
2021-08-31,,,,,,,,,,,,,,,,0.104026926949143,19.1657,17.922,16.6783,24.1115,23.6479,-7.8919,28.3228,8.6127,-1.223,16.8008,-14.6863,-18.606,14.0408,12.6697,-4.9027,57.2356,-26.3282,8.4797,16.9272,20.5728,19.682,24.0253,29.3341,20.121,30.8209,18.3271,-4.7334,59.1221,-18.7368,9.4555,,,,,,,,,,,,,,,,,,,,,,,,,,,,-5.9856,-17.5155,-25.1992,-9.5349,-22.1143,-43.0549,2.6055,2.3717,8.5405,7.1229,-3.6702,-46.1613,0.115937787080904,-0.0048785683614474,-0.00116256552524291,
2021-09-30,0.0502929586286349,0.0167847783480095,-0.166818636760484,-0.0578898270885695,0.0891529083288791,0.0331068599707436,-0.155460194740829,0.0948213046685424,0.0211803049265242,0.0521456159302769,0.066290605846115,0.183864147016882,-0.254986304773224,0.203493419689755,0.249094222556485,0.0236481854523163,12.1839,25.0414,52.7259,9.0128,11.0703,-26.9996,39.0431,17.9477,18.2042,-11.3306,16.7875,29.9492,27.9425,13.1159,9.6301,10.3535,6.6662,-8.404,19.8889,21.0153,33.8579,8.9246,7.6331,1.0133,36.8934,21.9341,31.9586,-21.2537,18.6783,46.4691,-0.106720975950525,0.295339842518699,0.0291991546922628,0.141219881108403,-0.310826069268629,-0.197635791766997,0.101179123940852,0.152865745503342,0.00865806274311431,-0.0183913229714232,0.00627617122923585,-0.0445360192166264,-0.240650504243707,-0.28944108785696,-0.0807976281731264,0.00803217169726445,-0.0755935555183038,0.00413651055178033,-0.0262187303051196,0.0539326045910657,-0.0129391823711975,0.375387652870886,0.0401660417253344,0.706050585395853,0.0229548638450492,0.00549376771902388,0.0946236679814998,-8.8029,-14.3507,-6.0873,-15.1083,-30.6689,-67.2347,1.4617,-4.825,-4.5853,-2.8612,-18.602,-22.1465,0.00124877277396607,0.0264114862679588,0.00219482368141988,0.0119171102444078
2021-10-31,,,,,,,,,,,,,,,,-0.0642801734246419,-3.061,7.8923,-22.7467,69.925,16.9651,25.0722,41.4378,10.6262,-33.9883,62.6015,0.4123,3.1169,29.1158,24.3414,16.1586,38.0222,-9.8748,53.0891,1.8865,31.5995,37.4694,63.1845,14.7452,25.0722,46.4297,7.5914,-35.4831,53.4877,-32.8883,15.8069,,,,,,,,,,,,,,,,,,,,,,,,,,,,-11.7123,-4.6254,0.9101,-11.1682,-30.2774,46.0121,-4.4895,1.9918,-7.4235,26.7675,-4.7327,11.862,-0.134024490695575,-0.0168089757594805,0.00128882605802644,
2021-11-30,,,,,,,,,,,,,,,,0.165709779505761,-4.0455,2.457,20.7192,-19.5848,17.038,-37.2489,3.6867,22.5392,14.5441,54.578,0.4207,60.5323,-5.5337,1.6065,-30.3419,56.0738,4.8573,47.0098,-4.9996,7.27,17.7384,12.6488,11.8616,-44.4094,3.2047,29.4274,36.2477,43.1715,-8.2568,79.4848,,,,,,,,,,,,,,,,,,,,,,,,,,,,-14.5528,-21.2989,-41.0728,-6.5992,-35.0576,54.0868,-3.6376,3.8034,-3.8257,26.3405,-2.7874,10.8247,0.184038155141574,0.0181806373411915,0.000386324130746407,
2021-12-31,-0.00298163364308657,0.0132863960806642,-0.0898132822004474,0.0250811078356037,0.0242531408141087,0.0206606928517878,-0.107787528249618,0.0145489841867299,0.0102779831730651,0.0227397011574197,-0.0144288814998141,0.0862917941406538,-0.229819932023005,-0.0509765800093689,0.0669433095341301,0.0234516426937006,1.5145,-13.4787,-36.5609,1.2388,19.0183,-5.803,11.5931,-0.7784,18.301,-45.0583,8.5336,-33.0823,33.0176,11.2734,36.1283,-56.1598,2.6409,8.4939,-4.7772,-14.5004,-40.713,-0.5082,27.223,25.1459,34.4518,35.2713,47.3229,40.8202,1.6012,-20.4781,0.0135220253319739,0.159679080044195,0.0353393664453083,0.2484613592985,0.230967846421739,-0.055852077925894,0.644519551945524,-0.0184920111190596,0.171590954448868,0.346530858817578,0.133531392624523,0.116058897298243,0.384564025702371,0.495926447836165,0.0221923115943623,-0.0593254660848155,0.16770884442611,-0.0606246218164346,0.116306086342643,0.024732014469846,0.12324612196435,0.0217092055667614,0.363932012171297,0.16144998230887,0.00389370929207189,-0.000956314373684819,-0.0227203021094571,-9.7101,-13.8848,18.1681,-67.7419,-18.0366,-52.8458,-7.6414,-19.8772,-0.2653,-65.0991,-6.5883,-56.9997,0.0237060491868952,-0.00521740313968788,0,0.0157395324071921
2022-01-31,,,,,,,,,,,,,,,,0.0953433308263314,9.3525,38.719,51.2272,70.527,12.4238,-0.9245,-14.3738,-13.8844,-5.7344,-32.0599,5.2067,-24.6639,-25.7341,-35.6646,-46.4735,-46.4952,-1.6936,-9.0597,8.5828,33.5143,53.0517,34.6957,8.5417,38.5825,-15.0102,-35.8818,-37.8562,-64.9969,-22.1669,-24.6639,,,,,,,,,,,,,,,,,,,,,,,,,,,,-17.4367,-40.5789,-65.9396,-15.7975,-32.1658,-73.2716,-8.8066,-10.3219,5.0062,-26.1591,-5.9414,-69.4779,-0.0703288098637707,-0.0591553319211808,0.00372679220780411,
2022-02-28,,,,,,,,,,,,,,,,-0.0338450164659037,1.4933,28.6286,42.9832,30.3111,12.1649,46.6266,-4.8269,14.4264,-2.3658,41.9939,33.9659,61.1374,-1.9807,0.3605,-30.3971,33.7121,22.7029,50.7019,-3.0697,23.7635,35.2504,26.541,7.7784,53.8115,-10.7565,2.8782,-18.7689,28.9296,26.525,60.8084,,,,,,,,,,,,,,,,,,,,,,,,,,,,-29.8749,-33.7705,-44.1059,-20.7702,-10.173,-58.1291,2.2081,-6.6227,4.2152,-33.3751,-2.035,-12.2133,0.0539489263245549,0.0357326463249645,-0.00244012193250817,
2022-03-31,0.0638032110424547,0.0192840243503021,0.0851264484890244,0.0338609483904762,0.0169532761307849,0.0554890792030598,0.0276668655066654,0.00289567694898274,0.00149335262179129,0.00604956884514607,0.041466732310635,-0.0660345456682743,-0.0552364483375882,-0.0376324064241036,-0.0212043310133794,0.29410617053103,14.3031,21.2376,44.3245,-10.9979,17.0765,31.8946,17.5017,38.6029,54.6002,51.9983,33.0709,-16.9321,16.2311,30.4869,32.2621,38.7289,21.9841,57.4529,11.8267,16.5265,27.2127,7.396,-7.2461,31.8946,14.2829,40.4659,69.9328,37.6819,24.788,-5.2379,-0.0322608622182212,-0.372921560375693,-0.383712676308259,-0.381659807022327,-0.0112541380744231,-0.0508811215439051,-0.502893570846087,-0.0925634643242672,0.0652514412235039,0.27696032025764,-0.101717524379326,-0.157607900211116,0.074340044561354,-0.328782081946919,-0.0732641792548021,0.261449650174949,0.128217297800753,0.148495622343913,0.186675802032886,0.0424282687825661,-0.0813456394539527,-0.264607675391568,-0.531791718325469,-0.263728831429288,0.025637905534019,0.0490882936608319,-0.00879592158271336,-26.6121,-17.2293,-28.1881,4.9832,-0.4274,-13.5105,-9.5919,-3.4323,-3.4783,5.0422,-5.7971,-6.5903,0.0442630509220372,0.0137028568622162,0.0041062549677319,-0.00935236645143078
2022-04-30,,,,,,,,,,,,,,,,-0.0925345165419671,6.4622,15.0246,38.6913,-12.0848,9.2511,-3.6172,8.1525,-7.4616,-21.976,7.8926,-22.8988,-11.9384,29.3584,-26.083,-45.7079,-59.3504,-21.2616,-18.9268,2.7536,21.0157,45.7226,5.9504,7.1231,4.1172,-3.9864,-5.6926,-24.0731,39.9134,-28.6323,-22.8283,,,,,,,,,,,,,,,,,,,,,,,,,,,,-21.3647,-19.8677,-29.038,-1.7112,-14.4435,-23.1418,-11.3351,-4.4722,-5.9493,6.0457,-4.7099,-2.3454,-0.0192586603427358,0.00658371954980019,-0.00487805845343289,
2022-05-31,,,,,,,,,,,,,,,,0.027046293112317,8.5429,31.8344,46.2327,36.3087,-19.9576,79.2135,16.1154,9.2357,-18.1096,62.7856,12.4442,-46.1649,23.6036,38.3729,55.0643,51.5477,-2.3776,-6.4432,21.8016,26.6713,44.855,1.4157,-11.952,69.1389,0.3707,2.4701,-17.9857,43.1085,-17.4843,13.4745,,,,,,,,,,,,,,,,,,,,,,,,,,,,0.8365,-2.8938,2.8562,-8.4235,-24.1712,-9.0049,-6.2013,-6.2658,-4.4701,-11.6898,-1.8535,-3.108,0.0890921938563523,0.00810040301146575,0.00141451833525669,
2022-06-30,0.0793265579771578,0.0111578933957261,0.0731574519531843,0.153817442270501,0.097405868601335,0.0443910273519439,0.0306742789653729,0.0402214900451856,0.0988126559383886,0.00196625026971908,-0.0271637673002108,-0.0267450266937708,-0.0926284894886447,-0.0386354188176732,-0.0544367270309873,0.0927980976693767,0.0681,9.4074,33.4442,5.1963,-15.4771,-52.7903,42.1023,21.3084,-11.1084,57.5279,9.9252,17.2295,40.9241,40.2099,39.5094,57.362,17.6666,6.8618,0.5119,15.1944,33.3585,-2.3722,-0.885,43.9703,45.382,28.3886,-0.5122,59.9127,-2.5575,55.7842,0.123232640423947,-0.0544093706560336,0.266797319665098,0.0988145033711598,0.115174768674262,0.2340726218464,-0.20746573859498,-0.0418102700600151,-0.153017535230089,-0.559460327383224,-0.113247880490992,0.286165771933817,0.00451468035452685,0.277451165994683,0.0587561527652234,-0.00130804466001511,-0.188392020836823,-0.0704792578156095,-0.279539652218702,-0.0416405570443166,-0.0107624357217926,0.0370191524354988,0.109078855986604,-0.632313739614919,0.0501071893035281,0.0916619108993828,-0.0412375907924964,3.5072,-16.7903,-35.504,-6.6087,-14.4409,-23.6418,-6.6611,-2.2514,-1.4427,-3.9945,1.3919,12.019,0.000109849050311084,0.0083800286557274,0.00141252029906203,0.0265199585031901
2022-07-31,,,,,,,,,,,,,,,,-0.198671874318407,11.0706,48.6649,103.5819,36.4822,27.9521,-80.9241,-9.4695,-41.8904,-24.6259,-109.6323,-30.7897,-32.8311,-26.6749,7.408,31.7207,11.0756,0.8385,-25.0529,21.5875,54.5631,117.349,30.7049,32.0326,-94.6564,-5.8847,3.7036,44.7177,-64.3626,-22.804,56.8333,,,,,,,,,,,,,,,,,,,,,,,,,,,,-27.1702,-22.6184,-18.7858,-20.7617,-44.837,-12.1936,-10.5101,-3.888,-12.9758,13.5057,-10.9326,19.6032,-0.0857730746884542,-0.0325513059895313,0.00256311815318339,
2022-08-31,,,,,,,,,,,,,,,,0.0067816702455481,-0.2841,35.4132,52.4583,52.3159,48.4781,2.3185,33.5815,-11.7699,-18.2315,-50.4884,-34.0769,7.3241,16.1815,-14.6772,-16.9715,-47.5456,-28.3657,6.6007,5.4294,31.5042,62.047,17.768,31.8929,1.1243,34.1785,-8.269,-18.7002,-49.713,-25.2524,48.0015,,,,,,,,,,,,,,,,,,,,,,,,,,,,-5.4591,-10.9751,-9.8818,-16.0366,-21.3851,-10.0393,-12.6012,-7.299,-9.826,-0.987,-2.1561,0.5565,0.0714285979698666,-0.0398520628490875,0.00217349698810451,
2022-09-30,0.0178442797551988,0.00743789469566103,0.160875350044744,0.105774918943835,0.111693203500275,0.0131357519901041,0.117427313542516,0.0503800509463215,0.061826777362592,-0.00490233687019881,-0.00337802078965055,-0.0345536024903099,0.027452556904823,-0.033922276510026,-0.0332852122445626,-0.00856537600501639,-7.9057,27.2898,55.1919,27.4153,38.7215,-15.7834,37.0728,27.9178,9.9652,44.6526,43.4962,31.5025,10.4277,4.298,-20.7414,30.9326,24.2761,26.5864,-0.7755,32.8571,59.0857,39.2914,35.0863,-15.7834,5.0672,34.2977,44.3326,33.4193,42.4927,80.9472,-0.0885327526063673,0.300923021593583,0.00346320692461788,0.146713129326587,-0.333881934410176,-0.0969419451922304,0.209720530982069,0.32517268136728,-0.0912414580973318,0.0300129708303905,-0.0380449340642697,-0.385930302087522,-0.255182905058827,-0.248094850483718,-0.0639355946067726,0.0258412311838878,-0.268329343935966,-0.0868269942104583,0.187098513254371,0.0566333416304579,-0.000902120043138055,0.272324416797461,0.0237246815945031,0.933513502473701,0.0410908728394386,0.0665143084024749,-0.0164521719000099,-19.2761,-25.2736,-31.5243,-27.0314,-22.3781,-8.8981,-8.3524,-3.2899,-9.9148,18.3097,-9.1685,-4.366,0.1567766356258,0.0760022027306047,0.00178639833138805,0.00503674468161641
2022-10-31,,,,,,,,,,,,,,,,0.0523239555967798,-12.3295,21.1813,46.1798,29.7844,-1.6898,6.4927,31.545,-13.1088,-40.6355,-43.8224,-18.5493,68.9901,4.9001,-17.6496,-34.5087,-13.0798,-40.3789,2.354,-3.0174,28.6511,47.3342,47.6063,8.2909,10.0349,26.849,6.6863,-30.8342,44.096,-24.9781,69.2071,,,,,,,,,,,,,,,,,,,,,,,,,,,,-16.8448,-27.4366,-41.5259,-11.2363,-26.029,-36.9141,-7.9875,-5.3791,-6.5165,-17.0161,-5.9554,47.5126,-0.0966710915451401,0,0.0019104635499381,
2022-11-30,,,,,,,,,,,,,,,,0.00680543508080333,0.3024,20.6354,37.5616,22.6598,9.595,14.493,-0.7955,11.353,11.462,29.1404,25.3867,-8.3121,11.8991,14.2006,4.1714,25.7601,11.5185,53.5306,3.0438,34.033,62.7604,37.1807,8.6508,15.7824,27.4009,10.2332,-0.755,6.3275,25.8456,-5.7333,,,,,,,,,,,,,,,,,,,,,,,,,,,,4.6932,-14.3168,-19.8916,-17.135,-16.7996,-55.9669,-9.2618,-2.8793,-6.4027,15.095,-15.5855,4.3278,0.0065315174114069,0.013931257570917,0.000763164626203183,
2022-12-31,-0.0837632156309152,-0.00949642191015343,-0.0887435346539398,-0.0648092304398737,-0.145981221676873,-0.0432721855621701,-0.0320098982382948,-0.0402503210490313,-0.0383718033377249,-0.0074556772795642,0.107223899607911,0.0472779478610814,0.169425025640245,-0.053105992385003,0.17569912141491,-0.0424501883691946,-3.6868,28.063,56.1592,17.4844,4.5568,40.5668,12.0324,-21.6571,-42.1115,-59.2233,9.4721,46.906,-9.7893,-4.4234,17.9793,-39.1243,-10.2727,-7.7725,9.5484,32.413,56.624,23.8105,-7.8193,45.9717,18.898,10.6826,18.2958,-20.9054,28.8972,7.4129,0.143831392802594,0.373188467668622,0.163123759515781,0.192684343829502,0.241090194505047,0.242358945050734,0.221340124315059,-0.012250051105938,0.0923733201310153,0.250022969340034,0.124679166037171,0.448427667127531,0.325476231888359,0.443003027427229,-0.054108435439713,-0.107630664192365,0.21600703574489,0.0673691350611172,0.0280427621756685,-0.0210534091978323,0.101200249188928,0.0863415098215645,0.0151747980192347,-0.100313921096317,-0.0376650113138837,-0.0848516186552946,0.0864429997995853,-8.3794,-23.9572,-45.8865,-5.728,-28.9181,-2.4566,-9.7332,-10.4194,-7.2336,-19.7776,-6.965,-8.0652,0.0494288526051925,-0.011597660288885,0.0003813640165716,-0.00375576483451212
2023-01-31,,,,,,,,,,,,,,,,-0.134779966539188,8.3845,36.2645,56.0779,47.0199,-7.3389,39.4913,-14.466,-19.6606,-32.7664,-29.3352,26.9309,18.4923,-38.7207,-0.4623,-16.2221,56.7407,-4.7278,68.6779,-3.8294,24.9208,54.1353,9.8703,-2.4909,38.3044,-26.8603,-22.189,-28.8626,-36.0667,30.2608,22.7103,,,,,,,,,,,,,,,,,,,,,,,,,,,,-16.4475,-14.1329,-21.7774,-10.1637,-19.5404,33.6345,-13.1996,-4.7141,-5.4523,1.3188,2.1022,6.5918,0.0590955531681345,-0.0279806634661126,-0.0160146911222262,
2023-02-28,,,,,,,,,,,,,,,,0.00698749123336029,12.0876,36.6528,50.0443,49.4789,-2.5222,52.7595,20.0646,14.9147,34.7061,-26.034,5.8307,15.5218,-6.1235,20.4877,26.823,51.7298,-6.1347,17.0983,18.3208,42.1053,54.2445,58.2496,-2.5222,57.8286,-2.7471,22.9447,38.3823,32.021,0.4425,26.8223,,,,,,,,,,,,,,,,,,,,,,,,,,,,-10.197,-18.7061,-31.4669,-6.7769,-39.6973,5.8135,-5.6089,4.7797,-4.7141,39.7041,-7.8054,5.0692,-0.154644769224703,0.0125496513670784,0.000774593377226684,
2023-03-31,-0.026627284000778,-0.0713088630533694,0.0522143487339566,0.00612212521869715,-0.093551283055973,-0.0124495486801148,0.0993769377975671,-0.0438250953746735,-0.0265053744775123,-0.0291034913896056,0.0166184658969986,-0.00733576473585806,0.379576083925274,-0.185253815296168,-0.0585048362004361,0.117224964111216,8.6422,28.1924,36.4439,47.9542,1.2917,8.3568,12.7413,38.8923,57.4307,45.3637,15.1111,19.1286,16.772,17.1779,0.479,56.764,6.2189,1.841,13.4382,27.5565,37.168,43.2382,-13.0054,8.3568,21.4885,38.2298,53.7496,45.3839,13.6019,0.0338,-0.115017874897848,-0.573966109283487,-0.508625402856388,-0.426299195011007,-0.0111288906947093,-0.331222880735069,-0.0405211974056394,-0.333354669078548,0.070951735972284,0.588334760284434,-0.00103788281241979,-0.138942605991756,-0.0946106344802393,-0.226244328992458,-0.00786167571139984,0.0224728558520582,0.21143697908205,0.117897931962594,0.0671975388682764,0.0128352082934464,-0.0709757262802011,-0.487352267580349,-0.175118644499896,-0.297735667752383,-0.0112315898446429,-0.0231436907349423,0.00434913141648074,-12.9924,-16.1631,-21.3069,-5.3493,-25.7829,-21.3239,-14.0506,4.8383,-4.9465,40.1212,19.4881,0,0.111095765337442,0.00596709294394504,0.00257765318647063,0.00769564383733545
2023-04-30,,,,,,,,,,,,,,,,-0.157326103885893,1.2703,31.8395,38.5053,50.1299,-4.0077,78.6084,-11.2102,-12.8167,22.1921,-54.9419,-46.5071,-57.0371,-7.6125,22.4227,34.1345,58.8716,-58.0844,11.6401,4.4093,35.0829,49.6373,44.6365,-14.6865,78.6084,-1.6101,-8.8412,22.8875,-54.8332,-27.1277,-55.7697,,,,,,,,,,,,,,,,,,,,,,,,,,,,-14.3552,-14.9358,-18.8383,-4.7442,-30.5479,-11.5248,-12.6985,1.4385,-8.0356,29.5473,19.4973,-10.3129,-0.155868938902625,-0.0203633745976211,,
2023-05-31,,,,,,,,,,,,,,,,0.134574428043848,20.5707,17.0126,33.4642,-16.3385,-2.4376,45.6915,-0.4772,27.137,34.8709,44.2773,-25.5605,73.0146,-11.7997,25.3569,51.3596,23.5501,-34.2922,66.9159,20.3368,26.2867,36.44,19.3693,-16.0127,56.4111,4.272,1.7968,-10.301,8.3014,-18.3711,70.3742,,,,,,,,,,,,,,,,,,,,,,,,,,,,-8.6304,-13.3696,-12.4919,-17.1739,-33.8418,1.3286,-0.8602,6.5675,-4.526,31.0932,27.3246,-10.7196,0.216060887145975,0.0203633745976211,,
2023-06-30,-0.0435609551417624,0.0108509331772755,-0.10212359378464,-0.0400766672674262,0.0600340941997572,-0.0240470500671943,-0.0661246509040936,0.0202243666446371,0.00921773352864896,-0.0125202033406495,-0.0078965887246607,-0.104432740544803,-0.0188897307747746,-0.0395745127641458,-0.0730513217792517,-0.0649272568253778,8.3328,27.3755,44.804,32.2015,-12.2406,9.3326,30.2657,38.6696,30.1488,65.8857,4.9544,59.0587,18.5165,21.2614,34.1344,14.0452,-2.7336,2.4425,12.1514,31.0485,46.4176,27.396,-9.3192,60.5381,18.7276,5.7592,-44.7371,65.6751,-2.8411,68.3913,0.0641686302511637,0.0116960397631907,0.28584889137012,0.188878957340114,0.16403656228237,0.167154764250465,-0.421571567139218,-0.303090697804626,-0.196114878926291,-0.7143754811798,-0.103861697137775,0.135372448683051,0.0925090575246132,0,0.0179903170345783,-0.0615799390978262,-0.171080625632587,-0.0509063723475141,-0.031951599806602,-0.105110484402617,-0.0651224627600042,-0.0013342230131359,0.157903029445809,-0.626329641668902,-0.0110364597886079,-0.0301528561482272,-0.034896964247487,-6.7977,-6.5369,-6.6497,-1.345,-22.088,-6.89,-3.6126,10.1744,2.4008,41.981,9.0516,-11.2503,-0.138291725953891,0.0107431942004315,,-0.0170061439275049
2023-07-31,,,,,,,,,,,,,,,,-0.0480351610687961,27.7177,42.8898,54.6427,60.5603,2.9833,7.5815,36.347,41.5959,39.1093,61.7234,9.4783,42.9694,17.8182,24.7821,2.584,67.7515,6.9392,60.974,31.2889,47.0582,56.8452,63.1366,4.4026,34.6458,20.2893,3.7707,-46.2865,61.1899,-10.9434,78.0953,,,,,,,,,,,,,,,,,,,,,,,,,,,,9.8101,-2.1258,-15.5629,9.1304,-21.7417,23.2602,-11.534,-3.6275,0.1209,1.0574,7.0717,-27.2189,0.00557866217836178,0.0160658369546507,,
2023-08-31,,,,,,,,,,,,,,,,-0.0478831270999542,1.7096,24.8243,53.8408,-4.7513,37.9863,12.0922,51.3217,9.7999,32.0374,-73.2845,14.4388,-5.4312,41.3348,13.6566,7.9526,0.1445,-5.236,15.8668,10.2301,28.7536,54.491,7.4013,24.461,12.0922,61.3673,24.971,47.767,-49.5663,-3.9916,34.5739,,,,,,,,,,,,,,,,,,,,,,,,,,,,-1.273,-18.0514,-34.6136,-18.6706,-15.1364,23.2602,-13.1326,-11.02,-11.4033,-11.5283,3.6936,-16.0841,-0.100293176668693,0.00352277994021843,,
2023-09-30,0.0167667195230994,-0.0782902054096457,-0.015161812869243,-0.0646487645899541,-0.0367066456082306,0.0180770757738298,0.0505254615155515,-0.0101369861082787,-0.0843914284307949,-0.0326577795417116,-0.00390688193907884,0.0296290223168567,0.192436738901163,0.00380774072501389,0.00437616126006368,0.0567510712354711,5.535,33.219,53.8362,30.1681,37.2459,18.9353,-14.5295,27.9977,33.2368,59.025,34.1723,47.0852,-6.3664,7.3713,19.4617,-17.6821,35.7164,38.544,27.2655,44.8812,52.9752,55.4793,35.6489,37.5321,-11.8985,5.9437,-21.7964,45.4239,44.3202,67.119,-0.263919301990668,0.198660219148744,0.062242308877221,0.247676737838082,-0.175290700356793,0.116921338058902,0.0784986464866524,0.415763860308739,0.0228146777661715,-0.0467865756791204,0.0828745679731071,-0.246116434617217,-0.322406131854603,-0.155963916951439,0.0252596667592382,0.176890785608821,-0.144027259800102,-0.236775700104268,0.0790432073404528,0.111094047505587,0.0447767808559743,0.407687825182416,-0.0154403479199647,0.975939267717535,-0.00988188670356394,-0.0200133648655658,0.0325203042843452,-2.642,-30.5468,-57.7164,-35.0091,-17.2627,28.7021,-14.5974,-9.8781,-1.5043,-20.8546,-3.6294,-13.0173,0.115583758051482,0.00313911953624313,,0.0317188158621384
2023-10-31,,,,,,,,,,,,,,,,0.108776342526888,12.4042,34.386,48.6079,35.9837,16.5937,44.373,6.5083,37.7119,42.8073,65.264,28.3724,33.8278,26.1129,2.259,-8.3742,-4.7855,-13.3597,20.2916,1.8795,30.697,51.1097,22.1282,31.3732,45.6543,11.2708,10.7207,-24.5398,52.627,14.5958,67.119,,,,,,,,,,,,,,,,,,,,,,,,,,,,3.361,-18.4644,-27.4218,-28.4675,-15.4046,-12.8676,-5.717,-7.2891,-3.5399,-17.6898,6.2475,-13.0173,0.128418775844722,-0.00139555960662729,,
2023-11-30,,,,,,,,,,,,,,,,0.0802504604016079,-5.5482,27.9228,35.5774,49.6563,12.4407,56.0988,-5.2081,12.7035,9.7087,49.3144,-4.7689,-6.8745,-21.5945,7.2056,18.3482,22.4118,-2.2983,10.0812,-4.4475,23.8404,35.5663,23.1439,23.7865,68.3058,-12.9847,26.8822,54.6659,35.6917,11.7679,-3.0507,,,,,,,,,,,,,,,,,,,,,,,,,,,,-22.9822,-15.0954,-7.3902,-22.2434,-17.147,-3.9787,3.8605,-10.3849,-10.3886,-22.2628,-12.8123,-23.8612,0.00721174243950529,0.00715613102901624,,
2023-12-31,-0.00986943930783823,-0.0522818592613934,0.0402173337438683,0.00956363324970511,-0.0814333171868107,0.00125024217313197,0.028705740768256,-0.0254780056735573,0.000367769196911283,-0.0139133172009327,0.0389907975913601,-0.00126086295047312,0.0707477206237641,0.0316567771085108,0.0119876356490618,-0.05616158442432,-15.8841,3.1873,-11.288,32.698,11.7655,59.9227,13.4301,11.2396,32.2588,-25.7588,16.0296,-4.5822,20.6096,15.0539,22.9496,0.9918,-11.2491,21.5428,-13.6215,-4.7637,-14.3966,-7.07,11.7655,85.5463,17.5806,17.0972,40.5291,-12.4879,8.2639,-19.2602,0.274956941642288,0.360290896113488,0.161268147596123,-0.111425735160917,0.0702316619397196,0.277781001469069,0.414693914545786,0.295082897350607,0.105736384859771,0.488286116799167,0.065664610085105,0.316538898913763,0.334257089654233,0.577856499201551,0.164783936128627,-0.146342955758723,0.157691007818809,0.128617377822094,-0.0422118488093091,-0.0864014349152153,0.168222028185028,0.102870740229737,0.174685282268967,-0.064538521137572,-0.0026434971441418,-0.0133058164846336,0.035499282705274,-15.5544,-10.0972,-7.3716,-3.2023,-31.2633,-6.3966,7.2348,1.8373,-3.1007,16.2653,-14.0572,-23.8612,-0.0148986114253091,-0.0113452636628599,,0.0560799603193818
2024-01-31,,,,,,,,,,,,,,,,-0.0655164471086458,19.7782,32.7189,43.2175,24.6886,5.4294,81.4056,11.9151,29.1899,53.0832,17.5518,23.9024,-11.9843,-1.2207,6.9888,5.377,16.5663,-5.2504,33.4161,32.465,32.8228,43.1599,9.3607,5.9259,85.589,23.6684,-2.7301,-26.0413,2.0501,11.2808,8.7972,,,,,,,,,,,,,,,,,,,,,,,,,,,,6.7539,-9.6027,-19.9884,-4.4893,-27.7778,-7.5071,3.8014,3.8504,0.8013,18.5074,-10.6222,-14.2412,-0.127269559576341,0.0339102917849559,,
2024-02-29,,,,,,,,,,,,,,,,-0.0499580688513923,18.8623,38.6196,-1.6847,40.1826,82.8645,51.2689,18.964,27.6823,22.0496,54.3625,-61.2343,32.2184,19.4025,13.3567,8.5998,39.4952,82.8167,-13.6919,17.2535,36.6348,-1.2406,50.9195,13.7647,51.088,14.9968,-9.7041,43.5228,0.5228,-52.1486,-34.4265,,,,,,,,,,,,,,,,,,,,,,,,,,,,9.3928,-11.5114,-4.7021,-12.1631,12.2305,-29.2137,-1.9537,4.2471,7.5251,18.6031,0,0.5023,0.0580360504119355,0.0102179523956307,,
2024-03-31,-0.0388768405122786,-0.126869695130168,0.0672941900515021,-0.0298766851679151,-0.0571003231280045,-0.0241246033118703,0.102281349042997,-0.0363046243476095,-0.0166119010968284,-0.0610461430991283,-0.0101691871054381,-0.0330722222041508,0.204716365404439,0.0221509669106297,-0.0222603350406594,0.0283947927540247,10.2216,28.9684,49.0731,8.7343,4.0773,81.3302,14.8776,34.8728,54.5303,23.2288,-7.069,82.9945,-2.7019,-2.5558,-5.889,-4.3129,-19.3826,48.2494,10.5224,37.1732,51.7952,44.8296,-8.6277,81.3302,-3.1639,23.2209,56.0631,11.4741,-27.3869,18.4733,-0.0859142841752565,-0.605360395057357,-0.551759713914124,-0.281364932050519,-0.0923003957414208,-0.289674104983021,-0.195531788530761,-0.743998964976247,0.0123250859926198,0.284678165116381,-0.0302442406757795,-0.305619773138448,-0.152419677144729,-0.334234416543801,-0.0842180790840175,-0.0424350426341435,0.226023200970777,0.0717190371756375,0.065277121740305,0.106335649816033,-0.127936370497152,-0.468722399089687,-0.277283365230883,-0.316861861560557,-0.0115237276606219,-0.0316117446850512,0.0332128838694938,-5.4109,-19.1831,-14.6176,-32.2687,-20.7531,-62.3722,-6.2065,1.1446,-1.4311,15.4345,1.9476,-3.0564,0.0513800421826964,0.00542238933793548,,-0.0663244948448725
2024-04-30,,,,,,,,,,,,,,,,0.11625164965303,27.6497,33.7831,48.093,-0.4693,37.7201,84.3509,3.3194,8.7452,24.7483,-12.8765,-33.2568,50.6144,-2.3974,-1.357,-7.6417,6.9252,12.3104,-0.3265,10.546,39.8073,52.4801,37.4605,37.7201,84.3509,-12.7194,2.9351,27.6992,-13.4696,-21.2236,-15.429,,,,,,,,,,,,,,,,,,,,,,,,,,,,-0.0343,-16.4179,-42.8744,6.9252,-5.4322,0,-6.7284,0.857,0.2713,16.3186,-4.8289,-15.4647,-0.0193225599207558,-0.0159360912013558,,
2024-05-31,,,,,,,,,,,,,,,,0.0723076237664912,18.4705,30.3727,32.7444,41.854,-14.2011,71.9426,29.8695,47.4855,60.9758,43.9524,9.1939,82.9945,-17.9885,27.3608,30.8529,65.6813,15.9072,56.2785,17.4864,26.9655,33.7368,22.9611,-5.4333,71.9426,31.0654,38.4714,57.9473,26.999,-7.3923,28.0216,,,,,,,,,,,,,,,,,,,,,,,,,,,,-5.0107,-2.8496,10.6006,-20.9545,-33.9422,16.3747,-0.6968,-5.0628,0.5066,-20.063,-19.893,12.4083,0.0898049617292358,-0.00731395083243669,,
2024-06-30,-0.00727890886560445,-0.013567977677349,-0.0620746048500287,0.00319153214529599,0.110142987578225,0.0111351936803423,-0.0440569609962012,0.0417305260655372,0.0130858623937424,-0.0386707645810525,0.0483383573432388,-0.0217818659528035,-0.0218272106565056,-0.0120999515914022,-0.0220426370357281,-0.154975719073722,31.2104,21.7624,24.1634,14.9527,6.5249,6.0225,-4.8296,-5.8622,4.3714,-36.8649,-45.249,71.0831,-12.1491,22.1525,17.6505,57.9482,27.1626,69.43,23.3633,32.6796,58.35,6.0187,7.2103,9.1004,-11.3691,12.1091,7.801,39.2313,-15.5546,81.248,-0.09794522744233,-0.097138891072869,0.216753753215438,0.180430601298254,0.264903948372251,0.1253977057886,-0.368907512374367,0.262487728879032,-0.233497638498959,-0.560631646705554,-0.0865462390678529,0.122497896173724,0.0723769694711924,0.117308764838862,0.0661063291409709,0.112954923388991,-0.257908711292192,-0.0284861580710718,-0.11957617331184,-0.202703299113296,-0.0287351072366731,0.0438392051244207,0.0826917158451135,-0.660053492130032,0.00748848934450841,0.00516951728453385,0.00742778640793595,-9.2517,-21.3914,-47.5301,-13.9813,-2.6805,69.43,-3.2026,-5.417,-2.1305,-13.6797,-24.7418,13.2428,-0.17653025634942,-0.0389019032092826,,-0.00790860641250291
2024-07-31,,,,,,,,,,,,,,,,0.0930625334725939,30.2879,17.9325,10.0619,28.7239,-1.9371,1.3564,33.7385,26.1058,17.696,37.5154,31.0469,4.5428,23.179,42.1658,49.2957,62.9323,49.633,0,30.8483,32.9742,45.6596,30.2101,-1.0933,1.3564,28.0602,41.3744,64.7203,25.7918,19.3118,16.9511,,,,,,,,,,,,,,,,,,,,,,,,,,,,-21.0829,-6.3422,3.1068,-14.9385,15.6844,0,8.662,-2.9212,1.9844,-28.1333,-18.1641,12.4083,0.191805943142519,0.0145408018472386,,
2024-08-31,,,,,,,,,,,,,,,,-0.1465318258706,-11.0236,29.614,53.7607,34.509,28.6241,13.7647,60.6147,36.2345,33.1281,50.697,-24.118,-21.9924,52.6368,39.2103,31.8321,69.5623,-37.2668,23.1786,2.8481,19.727,28.5401,20.9687,28.268,13.7647,51.7543,50.042,59.6076,64.2519,-25.753,16.9511,,,,,,,,,,,,,,,,,,,,,,,,,,,,-6.8626,2.2875,17.5418,-16.2153,-20.7091,23.1786,-0.3373,-4.9496,2.4458,-24.5214,-11.0265,-3.0564,-0.0852159299838036,0.0139127748478591,,
2024-09-30,0.0538288304800378,0.0160488172038207,0.0867766763182178,0.0548869872766549,-0.0941451641925202,0.0308824449514571,0.0408666291299653,-0.0248685398340953,0.0477132564836289,0.0213245860955436,-0.0330182629041644,-0.0510809527392233,-0.00308293313063146,0.0725502460349521,0.0405144940514752,0.0843312106129765,-4.5347,30.2335,48.7855,42.5703,16.5842,21.8127,3.3699,26.0068,33.1844,39.0005,0.1893,58.6669,12.7056,18.4178,4.7902,50.1455,26.5045,20.4216,1.0941,20.2818,19.0322,51.477,13.404,12.4801,7.3231,30.3223,33.5874,46.2688,2.3268,84.5815,-0.132401236165937,0.270078368033533,0.338667627184649,0.258880081548075,-0.22998363206697,0.0413495598186957,0.271787184601997,0.283971493055245,0.0613689463762928,-0.105799786475345,0.102790251070243,-0.106339555387134,-0.0390405492035999,-0.204190834270285,0.0206725708047202,-0.0478560211776351,-0.0114488260662933,-0.0606246218164346,0.0667387420471739,0.269158841240523,0.0765028809684125,0.34917137222957,-0.225792559485787,0.65194533960161,0.0230347420676917,0.0342786304479894,0.00229870310881353,-7.9265,-0.7828,8.3908,-7.4749,-19.8705,11.0891,-7.6678,-6.8178,3.0986,-25.6015,-11.8492,-2.7712,0.0354046627806852,0.0276358899559463,,0.069343487988764
2024-10-31,,,,,,,,,,,,,,,,0.128042090149751,9.8299,22.796,33.5157,32.493,-3.6579,1.3801,26.0967,16.6906,-2.8214,29.1775,16.6542,71.8054,23.526,36.3358,53.0603,37.7648,0.8376,11.0891,6.8774,26.5752,29.9545,55.6184,15.075,1.3801,20.9043,47.212,68.3555,39.9639,15.8865,72.5102,,,,,,,,,,,,,,,,,,,,,,,,,,,,7.3279,6.7625,17.4532,-10.8744,-8.301,7.3936,-9.2005,-5.0492,3.5848,-16.6754,-11.0647,-1.3911,0.0937003348707464,-0.00335925586813612,,
2024-11-30,,,,,,,,,,,,,,,,-0.0639432991811617,,,,,,,,,,,,,,,,,,,,,,,,,,,,,,,,,,,,,,,,,,,,,,,,,,,,,,,,,,,,,,,,,,,,,,0.0457134637780605,-0.00799057036823214,,
2024-12-31,-0.0398557405056792,-0.0889559974399834,-0.0296503496362082,-0.0521527648519289,-0.230231307962343,-0.0125223836975525,-0.022124948733433,-0.0647075987889174,-0.0130071374789207,-0.0535882238962646,0.0724612672117821,-0.0180947270813432,0.0270346523364182,0.152773880851724,0.130952089337349,0.036955587022824,,,,,,,,,,,,,,,,,,,,,,,,,,,,,,,0.193801593030194,0.450866763887444,0.0512932943875501,-0.173271721274038,0.0444864612991287,0.35142914123304,0.295273349783006,0.251727395455886,0.136997600601009,0.224899478016475,0.131893596982834,0.401598932288708,0.0737175758965671,0.452690143512812,0.0613765580876713,-0.0985366678386841,0.120829271982446,-0.0121347324659942,0.0606246218164346,-0.148693640364201,0.128814886393196,0.146092618497496,0.454634131914634,0.456170260329327,-0.0273097266555773,-0.0683579624464201,0.0832720706722974,,,,,,,,,,,,,0.092634703170738,-0.00530515454739078,,0.0165418381598617
2025-01-31,,,,,,,,,,,,,,,,-0.1260121001824,,,,,,,,,,,,,,,,,,,,,,,,,,,,,,,,,,,,,,,,,,,,,,,,,,,,,,,,,,,,,,,,,,,,,,-0.295890082420918,0.0050383835648482,,
2025-02-28,,,,,,,,,,,,,,,,-0.0245084561270552,,,,,,,,,,,,,,,,,,,,,,,,,,,,,,,,,,,,,,,,,,,,,,,,,,,,,,,,,,,,,,,,,,,,,,0.0210972573669217,-0.00487337918799025,,
2025-03-31,-0.0413186034983593,0.0492567165189364,-0.0157509416186681,-0.0899037629066655,0.0689311053512309,-0.0158476417908542,-0.0275109500311981,0.0665650556566604,-0.0452534878694149,0.0266313704045835,-0.017951654257498,-0.0189603115715489,-0.0600858108166076,-0.0727122301227876,0.177964727435171,0.0540146267485966,,,,,,,,,,,,,,,,,,,,,,,,,,,,,,,0.0135553523533742,-0.680176830117317,-0.60544160014084,-0.244854368704015,-0.0646403074881094,-0.575628101616194,-0.260707696670725,-1.11684101069458,0.0484056227303533,0.312631391499729,-0.11988144053483,-0.196969435453548,-0.13903704201721,-0.245972460140619,-0.0690787784497635,0.0319418790357453,0.143780884469329,0.0962178496765356,0.0925444146611607,0.0887954987831314,-0.145316911029584,-0.408456882964987,-0.469330455204831,-0.529339314256439,-0.00345204625515549,-0.0298545961292653,0.00363281518619551,,,,,,,,,,,,,0.000977490549146864,0.0147069753539553,,-0.0681965626927639
2025-04-30,,,,,,,,,,,,,,,,0.186459365732389,,,,,,,,,,,,,,,,,,,,,,,,,,,,,,,,,,,,,,,,,,,,,,,,,,,,,,,,,,,,,,,,,,,,,,0.259967411269145,-0.0277250734274732,,
2025-05-31,,,,,,,,,,,,,,,,-0.0636278647346344,,,,,,,,,,,,,,,,,,,,,,,,,,,,,,,,,,,,,,,,,,,,,,,,,,,,,,,,,,,,,,,,,,,,,,-0.114178146151673,0.0217680416056121,,
2025-06-30,0.0421995915023317,-0.0904835341502093,-0.0643379906826755,0.067025050455813,0.0807860387485189,0.0297025601823684,-0.00068862083582566,0.0177597601641537,0.0434243354944854,-0.0114940872086322,-0.00820698335521897,0.0795594957134194,0.087487152380433,0.0693984407476815,-0.0462472398394667,-0.0751868338564776,,,,,,,,,,,,,,,,,,,,,,,,,,,,,,,0.00610130019617738,0.00514139950041859,0.210339279068222,0.143347422362179,0.217918196511545,0.239274622788601,-0.280535154688336,0.756235975855952,-0.176186568226439,-0.588916666563272,-0.0120121564480034,0.0523087438111371,0.0968241846355404,0.0522392190994205,0.0756715503062564,0.0192741326128667,-0.18055561189435,-0.146285188687093,-0.147006743783058,-0.122697050458813,0.00745962845793979,0.0715364503252163,0.208228020557763,-0.477329669337808,0.0233930118136119,0.0312922516612044,0.020057195012118,,,,,,,,,,,,,0.0496894779646979,0.00248343653349714,,0.0247579899121657
2025-07-31,,,,,,,,,,,,,,,,0.0952554331388065,,,,,,,,,,,,,,,,,,,,,,,,,,,,,,,,,,,,,,,,,,,,,,,,,,,,,,,,,,,,,,,,,,,,,,0.0391712837087255,0.0110833811954638,,
2025-08-31,,,,,,,,,,,,,,,,-0.13340046979355,,,,,,,,,,,,,,,,,,,,,,,,,,,,,,,,,,,,,,,,,,,,,,,,,,,,,,,,,,,,,,,,,,,,,,-0.204496625767938,0.00178962906989266,,
2025-09-30,0.0139663503332788,-0.0153348578552137,0.00393267192349001,0.0320214377728547,0.0170400624017564,0.00645087194131655,0.244912364598292,0.0143265640163648,0.0138857002420636,-0.0195490132150073,-0.0171977077811256,0.018931749507674,0.609563107343165,-0.0279449017992235,0.10209237300778,0.0642511835106703,,,,,,,,,,,,,,,,,,,,,,,,,,,,,,,-0.258115396163489,0.21593816759294,0.291283825766607,0.319230430186707,-0.0476120764620012,-0.0599494549466728,0.178064632874591,-0.225737586491256,0.0271509890659516,0.2325350207642,0.114981756442057,-0.228841572428848,-0.220876833305519,-0.187123486789362,-0.0254097155253685,0.0501178608111328,-0.117375952402237,0.0433857996770755,-0.196205895582402,0.289527658949195,0.0308967665724849,0.107032756850188,-0.217693946546645,0.716404042724212,0.0414756351835592,0.0156979027349511,0.160609999627999,,,,,,,,,,,,,0.198459161584278,,,0.0308834262611075
2025-10-31,,,,,,,,,,,,,,,,0.0565752483189321,,,,,,,,,,,,,,,,,,,,,,,,,,,,,,,,,,,,,,,,,,,,,,,,,,,,,,,,,,,,,,,,,,,,,,0.131941287290637,,,
2025-11-30,,,,,,,,,,,,,,,,-0.0588561810857371,,,,,,,,,,,,,,,,,,,,,,,,,,,,,,,,,,,,,,,,,,,,,,,,,,,,,,,,,,,,,,,,,,,,,,-0.0435165364416257,,,
2025-12-31,-0.0277558528084736,-0.0778751871153309,0.121764754802536,-0.140918818260403,-0.0294718706427517,-0.009559082386982,0.073286375270758,-0.10050525014827,-0.0659972128157627,-0.00763677232074933,0.0225653219462902,0.112770716022603,0.0277164791206008,-0.0542795777250191,0.0498715387771682,-0.03562373452041,,,,,,,,,,,,,,,,,,,,,,,,,,,,,,,0.0714046589507706,0.478490243123054,0.0827650861081786,0.0343414135144098,-0.0927721944244233,0.261073459573431,0.498453290713819,0.632238427472952,0.129057112229601,0.358945092473271,0.0634719741224385,0.349985955787936,0.288153659350406,0.317205824483897,0.0260069087351145,-0.127960347575067,0.120627987788615,-0.0410547962905996,0.504493324653017,-0.161037688597599,0.146457892593133,0.25423413838424,0.623523287039094,0.337292917832642,-0.0255449768300462,-0.0352424106225158,0.0229250330128306,,,,,,,,,,,,,-0.060659078891117,,,0.0330754169078045
2026-01-31,,,,,,,,,,,,,,,,-0.235737901654574,,,,,,,,,,,,,,,,,,,,,,,,,,,,,,,,,,,,,,,,,,,,,,,,,,,,,,,,,,,,,,,,,,,,,,-0.156557971520602,,,
2026-02-28,,,,,,,,,,,,,,,,0.195656167587043,,,,,,,,,,,,,,,,,,,,,,,,,,,,,,,,,,,,,,,,,,,,,,,,,,,,,,,,,,,,,,,,,,,,,,0.0476141818813822,,,
2026-03-31,-0.0236998137243649,-0.0255554624300167,-0.12319527222145,0.0513757089210305,-0.00759582598763409,-0.0110312899192557,-0.0483481703148527,-0.00224930531270573,0.00914346831051915,-0.00761280374278606,0.0299508603460534,0.0485794302728708,0.0173177211055169,0.0192882057275057,0.0022017776651353,0.156014736373443,,,,,,,,,,,,,,,,,,,,,,,,,,,,,,,0.228408260754318,-0.679160938585206,-0.601065934784792,-0.48588297992041,-0.050222991231049,-0.372039536450309,-0.455475528682825,-1.1738357099057,0.0513493466282533,0.245723359403095,-0.25589827225398,-0.293597439012289,-0.27596410382582,-0.137897225678772,-0.0905454298726855,0.113895418107663,0.160162258625244,0.059871068090076,-0.117469644447575,-0.0412733599081934,-0.199058349149478,-0.525756754170417,-0.477166878938655,-0.585165001922576,-0.0114126662411742,-0.0191382323223461,0.020175824421651,,,,,,,,,,,,,0.224717575033775,,,-0.101743963623765
2026-04-30,,,,,,,,,,,,,,,,0.077552208671424,,,,,,,,,,,,,,,,,,,,,,,,,,,,,,,,,,,,,,,,,,,,,,,,,,,,,,,,,,,,,,,,,,,,,,0.0319764034626502,,,
2026-05-31,,,,,,,,,,,,,,,,-0.199824577928879,,,,,,,,,,,,,,,,,,,,,,,,,,,,,,,,,,,,,,,,,,,,,,,,,,,,,,,,,,,,,,,,,,,,,,-0.189264550208051,,,
