"date","periode","- Apport des Tiers Nationaux","- Auxiliaires des centrales pompes du réseau THT-HT","- Charbon (en Tonnes) :","- Clients BT","- Clients MT","- Distributeurs","- Eolien Loi 13-09_Via réseau client","- Fioul (en Tonnes)","- Gasoil (en Tonnes)","- Production Privée d'Électricité :","- Production Totale ONEE-Branche Électricité :","- Projets développés dans le cadre de la loi 13-09 relative aux Energies Renouvelables :","- STEP Energie absorbée pour le pompage","- Solde des échanges d'énergie (Espagne-Algérie) :",". Centrale Thermo-solaire d'Ain Béni Mathar",". Centrale de JLEC 1-4",". Centrale de JLEC 5-6",". Centrale de Jerada",". Centrale de Mohammedia",". Centrale de SAFIEC",". Centrale de Tahaddart",". Compagnie Eolienne du Détroit (CED)",". Energie Electrique de Tahaddart (EET)",". Eolienne",". Hydraulique",". Jorf Lasfar Energy Company (JLEC 1-4)",". Jorf Lasfar Energy Company (JLEC 5-6)",". Moroccan Agency for Sustainable Energy (MASEN) (Solaire Noor 1)",". Parc Eolien JBEL LHDID",". Parc Eolien KOUDIA AL BAIDA",". Parc Eolien de Boujdour",". Parc Eolien de Midelt",". Parc Eolien de TAZA I",". Parc Eolien de Tarfaya (TAREC)",". Safi Energy Company (SAFIEC)",". Solaire (Centrale solaire d'Assa + Tafilalet PV)",". Thermique",".Parc éolien Afissat",".Parc éolien Akhfennir",".Parc éolien Dakhla",".Parc éolien Foum El Oued",".Parc éolien Haouma",".Parc éolien Khelladi",".Parc éolien Oualidia","Apport des Tiers Nationaux","Autoproducteurs","Autres PP","Auxiliaires des centrales pompes du réseau THT-HT","Charbon importé","Charbon local","Clients BT","Clients MT","Clients THT-HT","Consommation de combustibles (Fioul, Charbon, Gaz oil) Tonnes","Distributeurs","Energie Electrique de Tahaddart","Energie nette appelée","Eolienne","Fuel","Gasoil","Hydraulique","I- ENERGIE NETTE APPELEE (en GWh) y compris l’énergie éolienne via réseau clients","II- ENERGIE NETTE APPELEE (en GWh) dont :","III- VENTES D'ÉLECTRICITE (en GWh) dont :","Parc Eolien : CED","Parc Eolien de Tarfaya","Petcoke","Prix du Brent (USD/baril)","Prix du Butane (USD/mt)","Production d'électricité","Production thermique : JLEC","Pétrole brut","STEP Energie absorbée pour le pompage","Thermique (y compris ABM)","dont Production de source renouvelable (éolien)","dont Turbinage de la STEP","dont Turbinage de la STEP (2)"
1998-01-31,"1998-01",,,,,,,,,,,,,,,,,,,,,,,,,,,,,,,,,,,,,,,,,,,,,3,,,,38766,12470,125.54,,,,516.39,,1012,,55070,818,75,,,,,,,,,,,,,823,,,
1998-02-28,"1998-02",,,,,,,,,,,,,,,,,,,,,,,,,,,,,,,,,,,,,,,,,,,,,19,,,,28013,16409,151,,,,457.45,,901,,30981,693,101,,,,,,,,,,,,,737,,,
1998-03-31,"1998-03",,,,,,,,,,,,,,,,,,,,,,,,,,,,,,,,,,,,,,,,,,,,,-14,,,,41277,29690,108.25,,,,494.01,,1019,,65204,701,164,,,,,,,,,,,,,718,,,
1998-04-30,"1998-04",,,,,,,,,,,,,,,,,,,,,,,,,,,,,,,,,,,,,,,,,,,,,5,,,,67286,30588,129.44,,,,483.41,,939,,40549,670,246,,,,,,,,,,,,,611,,,
1998-05-31,"1998-05",,,,,,,,,,,,,,,,,,,,,,,,,,,,,,,,,,,,,,,,,,,,,3,,,,77663,29295,144.64,,,,462.6,,1008,,74919,737,217,,,,,,,,,,,,,660,,,
1998-06-30,"1998-06",,,,,,,,,,,,,,,,,,,,,,,,,,,,,,,,,,,,,,,,,,,,,3,,,,74156,14065,135.06,,,,474.17,,1044,,63226,730,244,,,,,,,,,,,,,672,,,
1998-07-31,"1998-07",,,,,,,,,,,,,,,,,,,,,,,,,,,,,,,,,,,,,,,,,,,,,6,,,,75184,29220,119.77,,,,530.17,,1113,,52172,743,178,,,,,,,,,,,,,783,,,
1998-08-31,"1998-08",,,,,,,,,,,,,,,,,,,,,,,,,,,,,,,,,,,,,,,,,,,,,9,,,,66191,30233,191.98,,,,482.04,,1087,,53736,685,198,,,,,,,,,,,,,699,,,
1998-09-30,"1998-09",,,,,,,,,,,,,,,,,,,,,,,,,,,,,,,,,,,,,,,,,,,,,5,,,,72975,29679,128.62,,,,503.150000000001,,1071,,56518,657,148,,,,,,,,,,,,,779,,,
1998-10-31,"1998-10",,,,,,,,,,,,,,,,,,,,,,,,,,,,,,,,,,,,,,,,,,,,,100,,,,63265,20061,124.29,,,,514.07,,1091,,49606,725,118,,,,,,,,,,,,,837,,,
1998-11-30,"1998-11",,,,,,,,,,,,,,,,,,,,,,,,,,,,,,,,,,,,,,,,,,,,,34,10,,,56870,27298,168.18,,,,492.12,,1047,,69772,859,128,,,,,,,,,,,,,771,,,
1998-12-31,"1998-12",,,,,,,,,,,,,,,,,,,,,,,,,,,,,,,,,,,,,,,,,,,,,35,19,,,61733,33614,135.97,,,,556.79,,1121,,91645,1010,121,,,,,,,,,,,,,816,,,
1999-01-31,"1999-01",,,,,,,,,,,,,,,,,,,,,,,,,,,,,,,,,,,,,,,,,,,,,18,10,,,59318,24462,121.63,,,,532.53,,1051,,88755,1178,256,,,,,,,,,,,,,692,,,
1999-02-28,"1999-02",,,,,,,,,,,,,,,,,,,,,,,,,,,,,,,,,,,,,,,,,,,,,5,5,,,31317,18055,200.69,,,,499.52,,995,,103917,1061,179,,,,,,,,,,,,,668,,,
1999-03-31,"1999-03",,,,,,,,,,,,,,,,,,,,,,,,,,,,,,,,,,,,,,,,,,,,,3,7,,,33203,16876,101.54,,,,509.96,,1028,,95257,1001,159,,,,,,,,,,,,,800,,,
1999-04-30,"1999-04",,,,,,,,,,,,,,,,,,,,,,,,,,,,,,,,,,,,,,,,,,,,,5,8,,,37116,18167,116.36,,,,498.22,,1068,,80662,692,178,,,,,,,,,,,,,740,,,
1999-05-31,"1999-05",,,,,,,,,,,,,,,,,,,,,,,,,,,,,,,,,,,,,,,,,,,,,9,9,,,42925,26510,184.99,,,,516.63,,1104,,95874,997,229,,,,,,,,,,,,,752,,,
1999-06-30,"1999-06",,,,,,,,,,,,,,,,,,,,,,,,,,,,,,,,,,,,,,,,,,,,,-22,-21,,,47602,17746,134.19,,,,505.92,,1092,,74828,991,177,,,,,,,,,,,,,807,,,
1999-07-31,"1999-07",,,,,,,,,,,,,,,,,,,,,,,,,,,,,,,,,,,,,,,,,,,,,39,40,,,45662,24058,139.12,,,,540.01,,1195,,107493,1138,158,,,,,,,,,,,,,869,,,
1999-08-31,"1999-08",,,,,,,,,,,,,,,,,,,,,,,,,,,,,,,,,,,,,,,,,,,,,9,10,,,79671,14173,208.59,,,,507.33,,1150,,72006,939,116,,,,,,,,,,,,,882,,,
1999-09-30,"1999-09",,,,,,,,,,,,,,,,,,,,,,,,,,,,,,,,,,,,,,,,,,,,,11,9,,,73070,12722,140.67,,,,522.73,,1145,,62024,920,126,,,,,,,,,,,,,658,,,
1999-10-31,"1999-10",,,,,,,,,,,,,,,,,,,,,,,,,,,,,,,,,,,,,,,,,,,,,85,-40,,,71776,15600,131.77,,,,537.25,,1158,,64479,839,92,,,,,,,,,,,,,386,,,
1999-11-30,"1999-11",,,,,,,,,,,,,,,,,,,,,,,,,,,,,,,,,,,,,,,,,,,,,-41,56,,,73305,12718,200.9,,,,519.03,,1105,,64061,1071,159,,,,,,,,,,,,,378,,,
1999-12-31,"1999-12",,,,,,,,,,,,,,,,,,,,,,,,,,,,,,,,,,,,,,,,,,,,,106,11,,,54904,15216,136.09,,,,584.08,,1174,,71699,1242,233,,,,,,,,,,,,,338,,,
2000-01-31,"2000-01",,,,,,,,,,,,,,,,,,,,,,,,,,,,,,,,,,,,,,,,,,,,,7,8,,,50861,15460,129.03,,,,553.7,,1121,,66215,1190,214,,,,,,13587,,,,,,,329,,,
2000-02-29,"2000-02",,,,,,,,,,,,,,,,,,,,,,,,,,,,,,,,,,,,,,,,,,,,,-1,3,,,53398,5490,210.91,,,,520.62,,1094,,58925,992,285,,,,,,3027,,,,,,,214,,,
2000-03-31,"2000-03",,,,,,,,,,,,,,,,,,,,,,,,,,,,,,,,,,,,,,,,,,,,,6,8,,,56302,16548,128.29,,,,528.78,,1131,,48952,1015,181,,,,,,9984,,,,,,,403,,,
2000-04-30,"2000-04",,,,,,,,,,,,,,,,,,,,,,,,,,,,,,,,,,,,,,,,,,,,,6,7,,,57445,20298,132.17,,,,518.52,,1074,,17563,923,122,,,,,,18962,,,,,,,370,,,
2000-05-31,"2000-05",,,,,,,,,,,,,,,,,,,,,,,,,,,,,,,,,,,,,,,,,,,,,24,5,,,65098,13022,207.08,,,,537.99,,1142,,35292,1051,156,,,,,,12205,,,,,,,536,,,
2000-06-30,"2000-06",,,,,,,,,,,,,,,,,,,,,,,,,,,,,,,,,,,,,,,,,,,,,79,4,,,46709,14348,,,,,,,1183,,29026,1103,138,,,,,,6207,,,,,,,459,,,
2000-07-31,"2000-07",,,,,,,,,,,,,,,,,,,,,,,,,,,,,,,,,,,,,,,,,,,,,70,0,,,72988,9642,,,,,,,1252,,88204,1440,147,,,,,,8001,,,,,,,432,,,
2000-08-31,"2000-08",,,,,,,,,,,,,,,,,,,,,,,,,,,,,,,,,,,,,,,,,,,,,65,1,,,89476,7001,232.06,,,,547.949999999999,,1227,,61628,1184,149,,,,,,8207,,,,,,,422,,,
2000-09-30,"2000-09",,,,,,,,,,,,,,,,,,,,,,,,,,,,,,,,,,,,,,,,,,,,,173,2,,,40240,3612,156.11,,,,557.360000000001,,1208,,60060,1035,145,,,,,,9821,,,,,,,449,,,
2000-10-31,"2000-10",,,,,,,,,,,,,,,,,,,,,,,,,,,,,,,,,,,,,,,,,,,,,174,1,,,65849,5548,141.85,,,,562.23,,1183,,56653,1044,89,,,,,,8493,,,,,,,383,,,
2000-11-30,"2000-11",,,,,,,,,,,,,,,,,,,,,,,,,,,,,,,,,,,,,,,,,,,,,80,0,,,48176,438,228.45,,,,560.63,,1154,,60284,938,78,,,,,,3516,,,,,,,452,,,
2000-12-31,"2000-12",,,,,,,,,,,,,,,,,,,,,,,,,,,,,,,,,,,,,,,,,,,,,75,3,,,23693,12138,151.32,,,,572.23,,1173,,27810,922,55,,,,,,23102,,,,,,,549,,,
2001-01-31,"2001-01",,,,,,,,,,,,,,,,,,,,,,,,,,,,,,,,,,,,,,,,,,,,,73,2,,,35562,9148,142.72,,,,579.42,,1202,,28463,814,32,,,,,,16879,,,,,,,513,,,
2001-02-28,"2001-02",,,,,,,,,,,,,,,,,,,,,,,,,,,,,,,,,,,,,,,,,,,,,63,1,,,11978,7675,218.06,,,,548.5,,1107,,15910,681,43,,,,,,7519,,,,,,,488,,,
2001-03-31,"2001-03",,,,,,,,,,,,,,,,,,,,,,,,,,,,,,,,,,,,,,,,,,,,,70,2,,,13971,9087,136.42,,,,552.81,,1175,,15186,786,45,,,,,,4865,,,,,,,462,,,
2001-04-30,"2001-04",,,,,,,,,,,,,,,,,,,,,,,,,,,,,,,,,,,,,,,,,,,,,69,1,,,31603,27537,148.94,,,,553.67,,1188,,14023,816,125,,,,,,11352,,,,,,,425,,,
2001-05-31,"2001-05",,,,,,,,,,,,,,,,,,,,,,,,,,,,,,,,,,,,,,,,,,,,,209,2,,,52515,27072,226.47,,,,570.42,,1231,,13096,872,93,,,,,,10977,,,,,,,507,,,
2001-06-30,"2001-06",,,,,,,,,,,,,,,,,,,,,,,,,,,,,,,,,,,,,,,,,,,,,181,2,,,60070,46676,163.72,,,,570.71,,1225,,22570,877,86,,,,,,5632,,,,,,,433,,,
2001-07-31,"2001-07",,,,,,,,,,,,,,,,,,,,,,,,,,,,,,,,,,,,,,,,,,,,,199,6,,,55647,86552,167.14,,,,596.94,,1293,,51434,887,84,,,,,,7054,,,,,,,548,,,
2001-08-31,"2001-08",,,,,,,,,,,,,,,,,,,,,,,,,,,,,,,,,,,,,,,,,,,,,207,3,,,54617,25138,252.11,,,,570.76,,1294,,34522,775,84,,,,,,11420,,,,,,,486,,,
2001-09-30,"2001-09",,,,,,,,,,,,,,,,,,,,,,,,,,,,,,,,,,,,,,,,,,,,,213,1,,,57387,16638,176.13,,,,579.160000000001,,1262,,31020,844,66,,,,,,4066,,,,,,,438,,,
2001-10-31,"2001-10",,,,,,,,,,,,,,,,,,,,,,,,,,,,,,,,,,,,,,,,,,,,,193,3,,,64952,29866,157.93,,,,608.809999999999,,1301,,15762,831,59,,,,,,6225,,,,,,,445,,,
2001-11-30,"2001-11",,,,,,,,,,,,,,,,,,,,,,,,,,,,,,,,,,,,,,,,,,,,,195,1,,,52992,24711,248.36,,,,587.58,,1263,,22992,1055,56,,,,,,6268,,,,,,,429,,,
2001-12-31,"2001-12",,,,,,,,,,,,,,,,,,,,,,,,,,,,,,,,,,,,,,,,,,,,,201,3,,,65555,30894,165.58,,,,589.27,,1248,,26604,1148,44,,,,,,7847,,,,,,,477,,,
2002-01-31,"2002-01",,,,,,,,,,,,,,,,,,,,,,,,,,,,,,,,,,,,,,,,,,,,,200,3,,,64699,22785,157.7,,,,611,,1268,,57366,1009,48,,,,,,5767,,,,,,,415,,,
2002-02-28,"2002-02",,,,,,,,,,,,,,,,,,,,,,,,,,,,,,,,,,,,,,,,,,,,,218,0,,,59095,22407,253.6,,,,530.5,,1123,,19758,891,80,,,,,,4328,,,,,,,365,,,
2002-03-31,"2002-03",,,,,,,,,,,,,,,,,,,,,,,,,,,,,,,,,,,,,,,,,,,,,232,2,,,64721,15645,148.3,,,,586.8,,1259,,8506,892,84,,,,,,3488,,,,,,,362,,,
2002-04-30,"2002-04",,,,,,,,,,,,,,,,,,,,,,,,,,,,,,,,,,,,,,,,,,,,,249,1,,,20831,23520,164.89,,,,581.44,,1213,,15983,950,62,,,,,,6285,,,,,,,273,,,
2002-05-31,"2002-05",,,,,,,,,,,,,,,,,,,,,,,,,,,,,,,,,,,,,,,,,,,,,253,5,,,31098,29156,204.61,,,,596.66,,1286,,26525,931,61,,,,,,7344,,,,,,,331,,,
2002-06-30,"2002-06",,,,,,,,,,,,,,,,,,,,,,,,,,,,,,,,,,,,,,,,,,,,,240,6,,,19992,26071,155.5,,,,612.2,,1309,,40989,655,66,,,,,,7507,,,,,,,266,,,
2002-07-31,"2002-07",,,,,,,,,,,,,,,,,,,,,,,,,,,,,,,,,,,,,,,,,,,,,166,2,,,38086,30558,174.6,,,,630.3,,1404,,65547,441,61,,,,,,7360,,,,,,,526,,,
2002-08-31,"2002-08",,,,,,,,,,,,,,,,,,,,,,,,,,,,,,,,,,,,,,,,,,,,,169,3,,,66746,24703,280.1,,,,590.900000000001,,1347,,61660,441,57,,,,,,5840,,,,,,,429,,,
2002-09-30,"2002-09",,,,,,,,,,,,,,,,,,,,,,,,,,,,,,,,,,,,,,,,,,,,,165,3,,,65425,21756,187.9,,,,610.599999999999,,1349,,45899,434,37,,,,,,4490,,,,,,,396,,,
2002-10-31,"2002-10",,,,,,,,,,,,,,,,,,,,,,,,,,,,,,,,,,,,,,,,,,,,,192,5,,,49527,20611,179.5,,,,642.5,,1374,,51535,435,47,,,,,,4035,,,,,,,394,,,
2002-11-30,"2002-11",,,,,,,,,,,,,,,,,,,,,,,,,,,,,,,,,,,,,,,,,,,,,157,4,,,54217,26866,271.99,,,,616.05,,1300,,17441,462,54,,,,,,5700,,,,,,,353,,,
2002-12-31,"2002-12",,,,,,,,,,,,,,,,,,,,,,,,,,,,,,,,,,,,,,,,,,,,,161,5,,,54495,26592,177.21,,,,618.75,,1306,1,10779,423,48,,,,,,5680,,,,,,,223,,,
2003-01-31,"2003-01",,,,,,,,,,,,,,,,,,,,,,,,,,,,,,,,,,,,,,,,,,,,,159,1,,,62479,23138,168.4,,,,667.3,,1366,0,8558,407,82,,,,,,4462,,,,,,,242,,,
2003-02-28,"2003-02",,,,,,,,,,,,,,,,,,,,,,,,,,,,,,,,,,,,,,,,,,,,,155,2,,,49327,22821,275.6,,,,561.1,,1185,1,3648,444,88,,,,,,4848,,,,,,,112,,,
2003-03-31,"2003-03",,,,,,,,,,,,,,,,,,,,,,,,,,,,,,,,,,,,,,,,,,,,,123,4,,,63387,28694,162.6,,,,628.4,,1355,2,4840,422,116,,,,,,6211,,,,,,,115,,,
2003-04-30,"2003-04",,,,,,,,,,,,,,,,,,,,,,,,,,,,,,,,,,,,,,,,,,,,,129,8,,,50780,32584,166.4,,,,603.1,,1318,1,17402,403,89,,,,,,7275,,,,,,,202,,,
2003-05-31,"2003-05",,,,,,,,,,,,,,,,,,,,,,,,,,,,,,,,,,,,,,,,,,,,,127,5,,,22094,38755,275.2,,,,615.7,,1390,2,41380,492,58,,,,,,8860,,,,,,,249,,,
2003-06-30,"2003-06",,,,,,,,,,,,,,,,,,,,,,,,,,,,,,,,,,,,,,,,,,,,,122,3,,,57428,34950,194.3,,,,637.3,,1433,1,52054,430,79,,,,,,7526,,,,,,,332,,,
2003-07-31,"2003-07",,,,,,,,,,,,,,,,,,,,,,,,,,,,,,,,,,,,,,,,,,,,,156,6,,,59657,32899,204.6,,,,671.4,,1518,2,63665,411,79,,,,,,6734,,,,,,,388,,,
2003-08-31,"2003-08",,,,,,,,,,,,,,,,,,,,,,,,,,,,,,,,,,,,,,,,,,,,,161,9,,,50213,11758,305.6,,,,643.599999999999,,1501,1,85183,480,71,,,,,,2395,,,,,,,299,,,
2003-09-30,"2003-09",,,,,,,,,,,,,,,,,,,,,,,,,,,,,,,,,,,,,,,,,,,,,125,9,,,63918,28919,219.4,,,,647.8,,1464,1,74014,455,44,,,,,,6116,,,,,,,282,,,
2003-10-31,"2003-10",,,,,,,,,,,,,,,,,,,,,,,,,,,,,,,,,,,,,,,,,,,,,158,5,,,65483,35489,198.7,,,,666.2,,1469,1,70096,534,64,,,,,,7734,,,,,,,268,,,
2003-11-30,"2003-11",,,,,,,,,,,,,,,,,,,,,,,,,,,,,,,,,,,,,,,,,,,,,149,15,,,42725,33440,298.9,,,,615,,1334,0,62957,448,40,,,,,,9690,,,,,,,251,,,
2003-12-31,"2003-12",,,,,,,,,,,,,,,,,,,,,,,,,,,,,,,,,,,,,,,,,,,,,75,8,,,42786,32283,190.8,,,,689.8,,1446,1,45474,498,46,,,,,,9240,,,,,,,307,,,
2004-01-31,"2004-01",,,,,,,,,,,,,,,,,,,,,,,,,,,,,,,,,,,,,,,,,,,,,0,3,,,48103,35690,180.4,,,,678.2,,1466,1,29300,204,23,,,,,,9746,,,,,,,418,,,
2004-02-29,"2004-02",,,,,,,,,,,,,,,,,,,,,,,,,,,,,,,,,,,,,,,,,,,,,72,1,,,25796,32203,189.1,,,,603.3,,1307,2,29778,263,43,,,,,,8584,,,,,,,272,,,
2004-03-31,"2004-03",,,,,,,,,,,,,,,,,,,,,,,,,,,,,,,,,,,,,,,,,,,,,149,9,,,52144,30098,305.6,,,,662.5,,1447,1,47640,412,30,,,,,,7462,,,,,,,224,,,
2004-04-30,"2004-04",,,,,,,,,,,,,,,,,,,,,,,,,,,,,,,,,,,,,,,,,,,,,166,18,,,64666,29872,181.4,,,,632.7,,1393,1,36146,324,73,,,,,,7141,,,,,,,168,,,
2004-05-31,"2004-05",,,,,,,,,,,,,,,,,,,,,,,,,,,,,,,,,,,,,,,,,,,,,140,6,,,51977,24089,187,,,,631,,1415,1,31749,138,99,,,,,,8848,,,,,,,245,,,
2004-06-30,"2004-06",,,,,,,,,,,,,,,,,,,,,,,,,,,,,,,,,,,,,,,,,,,,,146,2,,,37004,26923,310.7,,,,674,,1535,2,49512,193,68,,,,,,15219,,,,,,,265,,,
2004-07-31,"2004-07",,,,,,,,,,,,,,,,,,,,,,,,,,,,,,,,,,,,,,,,,,,,,92,2,,,50970,28494,219.7,,,,714.7,,1649,1,69685,199,61,,,,,,16203,,,,,,,405,,,
2004-08-31,"2004-08",,,,,,,,,,,,,,,,,,,,,,,,,,,,,,,,,,,,,,,,,,,,,189,8,,,56732,26531,236.5,,,,674.200000000001,,1614,1,64751,211,72,,,,,,14990,,,,,,,450,,,
2004-09-30,"2004-09",,,,,,,,,,,,,,,,,,,,,,,,,,,,,,,,,,,,,,,,,,,,,116,11,,,58621,30045,346.7,,,,678.099999999999,,1561,1,65400,234,54,,,,,,15081,,,,,,,377,,,
2004-10-31,"2004-10",,,,,,,,,,,,,,,,,,,,,,,,,,,,,,,,,,,,,,,,,,,,,169,10,,,75653,29717,224.9,,,,690.900000000001,,1582,1,48405,533,81,,,,,,15597,,,,,,,358,,,
2004-11-30,"2004-11",,,,,,,,,,,,,,,,,,,,,,,,,,,,,,,,,,,,,,,,,,,,,111,3,,,68613,28176,220.6,,,,637,,1436,1,29520,188,102,,,,,,15050,,,,,,,262,,,
2004-12-31,"2004-12",,,,,,,,,,,,,,,,,,,,,,,,,,,,,,,,,,,,,,,,,,,,,125,10,,,48795,23532,335.2,,,,707.799999999999,,1540,1,72318,314,136,,,,,,11296,,,,,,,236,,,
2005-01-31,"2005-01",,,,,,,,,,,,,,,,,,,,,,,,,,,,,,,,,,,,,,,,,,,,,151,6,,,55362,28582,204.1,,,,685.4,,1503,1,75256,359,138,,,,,,15301,,,,,,,242,,,
2005-02-28,"2005-02",,,,,,,,,,,,,,,,,,,,,,,,,,,,,,,,,,,,,,,,,,,,,101,3,,,56950,27123,205.4,,,,652.9,,1433,1,65144,215,112,,,,,,15452,,,,,,,192,,,
2005-03-31,"2005-03",,,,,,,,,,,,,,,,,,,,,,,,,,,,,,,,,,,,,,,,,,,,,133,1,,,66804,25979,338.3,,,,689.2,,1560,1,76865,336,117,,,,,,13185,,,,,,,241,,,
2005-04-30,"2005-04",,,,,,,,,,,,,,,,,,,,,,,,,,,,,,,,,,,,,,,,,,,,,185,3,,,59620,20943,202.8,,,,646.1,,1525,1,39254,180,157,,,,,,9794,,,,,,,264,,,
2005-05-31,"2005-05",,,,,,,,,,,,,,,,,,,,,,,,,,,,,,,,,,,,,,,,,,,,,213,6,,,46297,30456,220.3,,,,702.7,,1639,2,59934,264,172,,,,,,13256,,,,,,,298,,,
2005-06-30,"2005-06",,,,,,,,,,,,,,,,,,,,,,,,,,,,,,,,,,,,,,,,,,,,,99,2,,,66289,34449,358.5,,,,722.2,,1697,1,46850,296,102,,,,,,15558,,,,,,,402,,,
2005-07-31,"2005-07",,,,,,,,,,,,,,,,,,,,,,,,,,,,,,,,,,,,,,,,,,,,,77,9,,,60069,36916,228.4,,,,747.8,,1745,2,80576,284,102,,,,,,16562,,,,,,,445,,,
2005-08-31,"2005-08",,,,,,,,,,,,,,,,,,,,,,,,,,,,,,,,,,,,,,,,,,,,,108,6,,,38337,21998,255,,,,728.9,,1757,1,88247,328,114,,,,,,14457,,,,,,,454,,,
2005-09-30,"2005-09",,,,,,,,,,,,,,,,,,,,,,,,,,,,,,,,,,,,,,,,,,,,,125,2,,,39110,44718,419.8,,,,722.8,,1695,1,71622,276,80,,,,,,17893,,,,,,,501,,,
2005-10-31,"2005-10",,,,,,,,,,,,,,,,,,,,,,,,,,,,,,,,,,,,,,,,,,,,,82,0,,,75782,15499,277,,,,733.7,,1705,2,79605,295,68,,,,,,14777,,,,,,,503,,,
2005-11-30,"2005-11",,,,,,,,,,,,,,,,,,,,,,,,,,,,,,,,,,,,,,,,,,,,,112,3,,,55625,38227,235.1,,,,682.8,,1564,1,61004,241,72,,,,,,18023,,,,,,,425,,,
2005-12-31,"2005-12",,,,,,,,,,,,,,,,,,,,,,,,,,,,,,,,,,,,,,,,,,,,,97,4,,,59193,14738,384.1,,,,760.4,,1695,1,70265,200,207,,,,,,18392,,,,,,,354,,,
2006-01-31,"2006-01",,,,,,,,,,,,,,,,,,,,,,,,,,,,,,,,,,,,,,,,,,,,,139,7,,,64542,20374,235.4,,,,736.7,,1615,1,72811,382,120,,,,,,13732,,,,,,,331,,,
2006-02-28,"2006-02",,,,,,,,,,,,,,,,,,,,,,,,,,,,,,,,,,,,,,,,,,,,,133,7,,,65493,14482,235.3,,,,694.5,,1502,1,81882,380,98,,,,,,9798,,,,,,,255,,,
2006-03-31,"2006-03",,,,,,,,,,,,,,,,,,,,,,,,,,,,,,,,,,,,,,,,,,,,,85,2,,,67939,24722,384.6,,,,734.6,,1678,1,57949,300,110,,,,,,16307,,,,,,,380,,,
2006-04-30,"2006-04",,,,,,,,,,,,,,,,,,,,,,,,,,,,,,,,,,,,,,,,,,,,,169,4,,,55053,31811,241.9,,,,685,,1649,1,57498,151,147,,,,,,11378,,,,,,,373,,,
2006-05-31,"2006-05",,,,,,,,,,,,,,,,,,,,,,,,,,,,,,,,,,,,,,,,,,,,,122,2,,,29408,31569,233.1,,,,740,,1771,1,89456,314,231,,,,,,11208,,,,,,,317,,,
2006-06-30,"2006-06",,,,,,,,,,,,,,,,,,,,,,,,,,,,,,,,,,,,,,,,,,,,,123,3,,,29457,31754,412.1,,,,745.4,,1776,1,80998,279,159,,,,,,11785,,,,,,,361,,,
2006-07-31,"2006-07",,,,,,,,,,,,,,,,,,,,,,,,,,,,,,,,,,,,,,,,,,,,,127,7,,,55874,29269,270.4,,,,810.3,,1981,1,102126,447,166,,,,,,10435,,,,,,,466,,,
2006-08-31,"2006-08",,,,,,,,,,,,,,,,,,,,,,,,,,,,,,,,,,,,,,,,,,,,,126,9,,,60338,26705,267.5,,,,770.4,,1895,1,56779,267,130,,,,,,9528,,,,,,,453,,,
2006-09-30,"2006-09",,,,,,,,,,,,,,,,,,,,,,,,,,,,,,,,,,,,,,,,,,,,,91,13,,,70993,28544,453.2,,,,770.1,,1902,2,61988,358,122,,,,,,9518,,,,,,,469,,,
2006-10-31,"2006-10",,,,,,,,,,,,,,,,,,,,,,,,,,,,,,,,,,,,,,,,,,,,,206,12,,,61026,699954,328.8,,,,743.9,,2419,0,39330,250,132,,,,,,5691,,,,,,,445,,,
2006-11-30,"2006-11",,,,,,,,,,,,,,,,,,,,,,,,,,,,,,,,,,,,,,,,,,,,,140,7,,,57068,-632377,315.5,,,,733.8,,1113,2,27329,219,99,,,,,,7168,,,,,,,362,,,
2006-12-31,"2006-12",,,,,,,,,,,,,,,,,,,,,,,,,,,,,,,,,,,,,,,,,,,,,150,3,,,60226,23462,449.2,,,,766.900000000001,,1804,1,23189,253,87,,,,,,6100,,,,,,,436,,,
2007-01-31,"2007-01",,,,,,,,,,,,,,,,,,,,,,,,,,,,,,,,,,,,,,,,,,,,,58,12,,,62218,29364,265.5,,,,768.2,,1806,2,28614,205,105,,,,,,10430,,,,,,,478,,,
2007-02-28,"2007-02",,,,,,,,,,,,,,,,,,,,,,,,,,,,,,,,,,,,,,,,,,,,,25,11,,,58886,29424,260.6,,,,707.8,,1648,1,35129,221,112,,,,,,10429,,,,,,,456,,,
2007-03-31,"2007-03",,,,,,,,,,,,,,,,,,,,,,,,,,,,,,,,,,,,,,,,,,,,,37,1,,,38613,32318,419,,,,747.9,,1848,1,43145,475,132,,,,,,7505,,,,,,,512,,,
2007-04-30,"2007-04",,,,,,,,,,,,,,,,,,,,,,,,,,,,,,,,,,,,,,,,,,,,,35,9,,,39037,31623,252.5,,,,716.3,,1741,1,36918,456,145,,,,,,6535,,,,,,,350,,,
2007-05-31,"2007-05",,,,,,,,,,,,,,,,,,,,,,,,,,,,,,,,,,,,,,,,,,,,,70,7,,,61942,36625,266.9,,,,763.7,,1891,2,67441,895,129,,,,,,5283,,,,,,,416,,,
2007-06-30,"2007-06",,,,,,,,,,,,,,,,,,,,,,,,,,,,,,,,,,,,,,,,,,,,,33,11,,,67262,31484,358.85,,,,774,,1925,1,61892,1537,138,,,,,,7732,,,,,,,424,,,
2007-07-31,"2007-07",,,,,,,,,,,,,,,,,,,,,,,,,,,,,,,,,,,,,,,,,,,,,39,7,,,68673,31411,358.85,,,,838.3,,2096,2,65372,4141,132,,,,,,8063,,,,,,,519,,,
2007-08-31,"2007-08",,,,,,,,,,,,,,,,,,,,,,,,,,,,,,,,,,,,,,,,,,,,,174,8,,,66450,24980,324.8,,,,803.8,,2032,1,60210,5878,104,,,,,,6031,,,,,,,487,,,
2007-09-30,"2007-09",,,,,,,,,,,,,,,,,,,,,,,,,,,,,,,,,,,,,,,,,,,,,125,6,,,64725,32174,488.7,,,,777.6,,1973,1,79326,6141,93,,,,,,6782,,,,,,,433,,,
2007-10-31,"2007-10",,,,,,,,,,,,,,,,,,,,,,,,,,,,,,,,,,,,,,,,,,,,,159,6,,,69977,703283,377.6,,,,798.9,,1949,1,91232,4391,102,,,,,,6673,,,,,,,536,,,
2007-11-30,"2007-11",,,,,,,,,,,,,,,,,,,,,,,,,,,,,,,,,,,,,,,,,,,,,101,4,,,39392,-688256,298.4,,,,777.200000000001,,1860,1,80110,5725,108,,,,,,8371,,,,,,,430,,,
2007-12-31,"2007-12",,,,,,,,,,,,,,,,,,,,,,,,,,,,,,,,,,,,,,,,,,,,,43,4,,,26870,31036,448.8,,,,782.099999999999,,1839,1,85460,7494,112,,,,,,6627,,,,,,,468,,,
2008-01-31,"2008-01",,,,,,,,,,,,,,,,,,,,,,,,,,,,,,,,,,,,,,,,,,,,,83,3,,,33684,22857,288.6,,,,822.1,,1920,1,84978,8199,81,,,,,,4371,,,,,,,465,,,
2008-02-29,"2008-02",,,,,,,,,,,,,,,,,,,,,,,,,,,,,,,,,,,,,,,,,,,,,158,1,,,30540,34375,273.5,,,,764.7,,1824,1,84571,7014,79,,,,,,5640,,,,,,,474,,,
2008-03-31,"2008-03",,,,,,,,,,,,,,,,,,,,,,,,,,,,,,,,,,,,,,,,,,,,,172,6,,,39246,40987,452.4,,,,775.6,,1954,1,91959,6047,132,,,,,,6831,,,,,,,440,,,
2008-04-30,"2008-04",,,,,,,,,,,,,,,,,,,,,,,,,,,,,,,,,,,,,,,,,,,,,120,3,,,37330,31185,297.4,,,,772.9,,1956,1,102679,7132,172,,,,,,5659,,,,,,,420,,,
2008-05-31,"2008-05",,,,,,,,,,,,,,,,,,,,,,,,,,,,,,,,,,,,,,,,,,,,,122,2,,,22476,29117,290.7,,,,792.3,,2023,1,92369,7516,162,,,,,,9068,,,,,,,470,,,
2008-06-30,"2008-06",,,,,,,,,,,,,,,,,,,,,,,,,,,,,,,,,,,,,,,,,,,,,108,6,,,30056,32753,448.6,,,,812.4,,2056,1,110773,8835,163,,,,,,5826,,,,,,,442,,,
2008-07-31,"2008-07",,,,,,,,,,,,,,,,,,,,,,,,,,,,,,,,,,,,,,,,,,,,,104,4,,,33039,32365,337.8,,,,884.8,,2261,0,99356,9524,175,,,,,,4406,,,,,,,558,,,
2008-08-31,"2008-08",,,,,,,,,,,,,,,,,,,,,,,,,,,,,,,,,,,,,,,,,,,,,204,1,,,25892,38339,342.2,,,,836.7,,2203,1,121457,7281,164,,,,,,6423,,,,,,,414,,,
2008-09-30,"2008-09",,,,,,,,,,,,,,,,,,,,,,,,,,,,,,,,,,,,,,,,,,,,,226,1,,,34711,375168,535.7,,,,828.7,,2093,0,93988,6320,127,,,,,,5613,,,,,,,448,,,
2008-10-31,"2008-10",,,,,,,,,,,,,,,,,,,,,,,,,,,,,,,,,,,,,,,,,,,,,207,6,,,23940,-313857,351.5,,,,796.1,,1968,1,83247,2103,111,,,,,,4539,,,,,,,347,,,
2008-11-30,"2008-11",,,,,,,,,,,,,,,,,,,,,,,,,,,,,,,,,,,,,,,,,,,,,229,1,,,18415,39470,318.6,,,,792.7,,1848,1,77290,3684,117,,,,,,6271,,,,,,,311,,,
2008-12-31,"2008-12",,,,,,,,,,,,,,,,,,,,,,,,,,,,,,,,,,,,,,,,,,,,,333,6,,,21898,31111,517.6,,,,823.5,,1898,0,59699,1105,102,,,,,,7518,,,,,,,280,,,
2009-01-31,"2009-01",,,,,,,,,,,,,,,,,,,,,,,,,,,,,,,,,,,,,,,,,,,,,274,4,,,9977,32196,332.9,,,,871,,1980,0,79930,981,135,,,,,,7698,,,,,,,323,,,
2009-02-28,"2009-02",,,,,,,,,,,,,,,,,,,,,,,,,,,,,,,,,,,,,,,,,,,,,252,3,,,15984,31534,304.6,,,,765.4,,1758,1,60402,1176,79,,,,,,7540,,,,,,,342,,,
2009-03-31,"2009-03",,,,,,,,,,,,,,,,,,,,,,,,,,,,,,,,,,,,,,,,,,,,,333,1,,,23980,28744,452.7,,,,800.9,,1937,3,49012,130,142,,,,,,6867,,,,,,,327,,,
2009-04-30,"2009-04",,,,,,,,,,,,,,,,,,,,,,,,,,,,,,,,,,,,,,,,,,,,,290,2,,,20817,20417,307.9,,,,775,,1939,6,38942,189,117,,,,,,4880,,,,,,,292,,,
2009-05-31,"2009-05",,,,,,,,,,,,,,,,,,,,,,,,,,,,,,,,,,,,,,,,,,,,,387,3,,,22989,25268,326.2,,,,820.5,,2104,12,77951,297,121,,,,,,6056,,,,,,,463,,,
2009-06-30,"2009-06",,,,,,,,,,,,,,,,,,,,,,,,,,,,,,,,,,,,,,,,,,,,,337,2,,,17192,23151,436.5,,,,859.2,,2184,13,80533,106,119,,,,,,5242,,,,,,,455,,,
2009-07-31,"2009-07",,,,,,,,,,,,,,,,,,,,,,,,,,,,,,,,,,,,,,,,,,,,,319,2,,,22231,27689,360.4,,,,928.1,,2395,20,97479,126,153,,,,,,2099,,,,,,,491,,,
2009-08-31,"2009-08",,,,,,,,,,,,,,,,,,,,,,,,,,,,,,,,,,,,,,,,,,,,,290,3,,,20324,18918,390,,,,893,,2341,14,98603,155,129,,,,,,0,,,,,,,457,,,
2009-09-30,"2009-09",,,,,,,,,,,,,,,,,,,,,,,,,,,,,,,,,,,,,,,,,,,,,944.9,72.8,,-25.1,16122,26565,557.3,,,,828.299999999999,,2098.2,5.90000000000001,89602,2296,1494.6,,,,,,0,,,,,,-422,250.1,,,
2009-10-31,"2009-10",,,,,,,,,,,,,,,,,,,,,,,,,,,,,,,,,,,,,,,,,,,,,558.7,9.7,,-28.4,15389,30869,427.2,,,,877.9,248.3,2215,0.399999999999991,138098,2835,187.9,,,,11.8,,0,,,,659.8,,-456.7,581.2,,26.3,
2009-11-30,"2009-11",,,,,,,,,,,,,,,,,,,,,,,,,,,,,,,,,,,,,,,,,,,,,413.6,17.9,,-32.3,14523,39535,354.7,,,,796.400000000001,256.2,2004.9,3.8,80782,1490,130.9,,,,11.9,,0,,,,765.400000000001,,-479.7,441.2,,16.9,
2009-12-31,"2009-12",,,,,,,,,,,,,,,,,,,,,,,,,,,,,,,,,,,,,,,,,,,,,349.400000000001,5.69999999999999,,-36.8,23899,21691,462.5,,,,852,244.5,2060.2,31.2,78265,3430,143.9,,,,12.6,,0,,,,868.4,,-504.8,427.9,,17.4,
2010-01-31,"2010-01",,,,,,,,,,,,,,,,,,,,,,,,,,,,,,,,,,,,,,,,,,,,,197.2,4.5,,-5.2,11141,22093,368.5,,,,865.3,218,2048.4,24.7,79171,1564,377.1,,,,11.5,,,,,,857.3,,0,362.1,,0,
2010-02-28,"2010-02",,,,,,,,,,,,,,,,,,,,,,,,,,,,,,,,,,,,,,,,,,,,,76.6,7.3,,-8.2,13074,20794,312.2,,,,775.4,199.2,1829.6,32.8,52380,2129,517.3,,,,15.3,,,,,,713.5,,0,270.6,,0,
2010-03-31,"2010-03",,,,,,,,,,,,,,,,,,,,,,,,,,,,,,,,,,,,,,,,,,,,,171.1,12.4,,-12,688,29258,455.1,,,,845.2,189.9,2065.1,29.1,43729,465,596.5,,,,13.9,,,,,,791.1,,0,269.5,,0,
2010-04-30,"2010-04",,,,,,,,,,,,,,,,,,,,,,,,,,,,,,,,,,,,,,,,,,,,,359.8,8.4,,-16,43,28990,345.4,,,,823.2,193.4,2133.6,23.5,96700,1045,312.9,,,,12,,,,,,829.1,,-2.6,396.8,,2.2,
2010-05-31,"2010-05",,,,,,,,,,,,,,,,,,,,,,,,,,,,,,,,,,,,,,,,,,,,,348.1,10.1,,-19.1,2787,30470,344.8,,,,848.8,245.6,2252.1,37.6,108808,4473,214.6,,,,16,,,,,,897.4,,-2.6,482,,0,
2010-06-30,"2010-06",,,,,,,,,,,,,,,,,,,,,,,,,,,,,,,,,,,,,,,,,,,,,417.8,16.1,,-22.8,22715,35687,496.6,,,,868.1,184.6,2275.7,30.1,120408,640,179.7,,,,12.8,,,,,,871.3,,-5.1,570.2,,3,
2010-07-31,"2010-07",,,,,,,,,,,,,,,,,,,,,,,,,,,,,,,,,,,,,,,,,,,,,458.4,17.8,,-25.9,26708,38807,403.2,,,,950.9,8,2493.8,31.1,139899,308,254.9,,,,16.6,,,,,,929.1,,-51.6,828.8,,35.7,
2010-08-31,"2010-08",,,,,,,,,,,,,,,,,,,,,,,,,,,,,,,,,,,,,,,,,,,,,506.8,17.7,,-28.7,5070,43722,428.5,,,,979.400000000001,133.4,2583.7,29.5,179753,2287,275.2,,,,13.5,,,,,,893.4,,-95,765,,32,
2010-09-30,"2010-09",,,,,,,,,,,,,,,,,,,,,,,,,,,,,,,,,,,,,,,,,,,,,527.2,16.7,,-32.4,2705837,432836,602.3,,,,885.7,81.3000000000002,2321.4,33.4,141358,3498,212,,,,14.6,,,,,,774.2,,-134.4,710,,29.7,
2010-10-31,"2010-10",,,,,,,,,,,,,,,,,,,,,,,,,,,,,,,,,,,,,,,,,,,,,510.4,3.5,,-35.1,249254,125096,449.1,,,,881.700000000001,237.4,2303.4,24.1,142351,2662,184.9,,,,11,,35360,,,,672.4,,-180.7,708,,34.1,
2010-11-30,"2010-11",,,,,,,,,,,,,,,,,,,,,,,,,,,,,,,,,,,,,,,,,,,,,305.4,13.8,,-38.8,293759,89947,403.5,,,,809.5,226.9,2049.7,31,101300,7467,148.4,,,,14.4,,20665,,,,790.800000000001,,-203.4,550.7,,16.2,
2010-12-31,"2010-12",,,,,,,,,,,,,,,,,,,,,,,,,,,,,,,,,,,,,,,,,,,,,212.5,23.5,,-41.9,301379,87872,526.3,,,,893.5,235.3,2174.1,38.7,73384,6252,357.3,,,,14,,0,,,,827.6,,-218.4,496.1,,10.1,
2011-01-31,"2011-01",,,,,,,,,,,,,,,,,,,,,,,,,,,,,,,,,,,,,,,,,,,,,299.3,16.1,,-2.9,303132,50069,380.2,,,,888.1,256.3,2237.8,34.6,102983,4665,234.9,,,,12.9,,,,,,817.7,491297,-10.8,590.9,,8.5,
2011-02-28,"2011-02",,,,,,,,,,,,,,,,,,,,,,,,,,,,,,,,,,,,,,,,,,,,,,8.5,,-6.1,260378,41643,339.5,,,,801.3,211.8,2031.9,39.2,99397,5064,200.2,,,,12.2,,,,,,724.5,417746,-20.6,568.6,,6.3,
2011-03-31,"2011-03",,,,,,,,,,,,,,,,,,,,,,,,,,,,,,,,,,,,,,,,,,,,,,13,172760,-9.1,-535674,34874,483.8,,,,881.5,196.4,2274.5,25.6,93037,-231,174.8,,,,14.8,,,,,,846.7,461585,-20.6,658.5,,0,
2011-04-30,"2011-04",,,,,,,,,,,,,,,,,,,,,,,,,,,,,,,,,,,,,,,,,,,,,431.8,18.1,195176,-12.9,23731,27945,392,,,,857.9,213.4,2278.2,34.5,120996,2369,196.6,,,,12.1,,,,,,859.1,307007,-42.4,548.1,,16.9,
2011-05-31,"2011-05",,,,,,,,,,,,,,,,,,,,,,,,,,,,,,,,,,,,,,,,,,,,,-1287.5,,179836,-17.9,1458682,34570,371.7,,,,911,226.7,2359.4,79.4,106900,3421,206.1,,,,16.8,,,,,,913.2,266739,-61,539.7,,14.2,
2011-06-30,"2011-06",,,,,,,,,,,,,,,,,,,,,,,,,,,,,,,,,,,,,,,,,,,,,2150.6,,210371,-20.3,-1394571,29913,549.9,,,,947.099999999999,227.5,2547.4,-5.30000000000001,150042,-1720,203.2,,,,15.3,,,,,,859.6,489404,-82.2,786.2,,15.7,
2011-07-31,"2011-07",,,,,,,,,,,,,,,,,,,,,,,,,,,,,,,,,,,,,,,,,,,,,533.2,20.7,211561,-24.9,2009801,36280,463.2,,,,978.700000000001,203.1,2696,101.3,194027,5156,222.4,,,,12,,,,,,910.9,472044,-110,797.8,,20.9,
2011-08-31,"2011-08",,,,,,,,,,,,,,,,,,,,,,,,,,,,,,,,,,,,,,,,,,,,,,27.7,160363,-28.6,330054,41535,468.2,,,,984.299999999999,182,2691.1,40.1,173521,7705,208.1,,,,9.40000000000001,,28140,,,,893.900000000001,496972,-123.8,779.099999999999,,9.59999999999999,
2011-09-30,"2011-09",,,,,,,,,,,,,,,,,,,,,,,,,,,,,,,,,,,,,,,,,,,,,,27.9,232826,-31.1,1,576376,651.8,,,,907.3,24.5,2459.1,-51.9,160646,-3418,128.7,,,,15.6,,18387,,,,891.2,419614,-133.1,886.700000000001,,6.90000000000001,
2011-10-31,"2011-10",,,,,,,,,,,,,,,,,,,,,,,,,,,,,,,,,,,,,,,,,,,,,407.6,17.4,221269,-33.4,674699,126527,499.7,,,,941.7,107.9,2531.9,49.4,167904,3433,145.4,,,,14.9,,26133,,,,881.599999999999,465446,-151.4,939.599999999999,,14.1,
2011-11-30,"2011-11",,,,,,,,,,,,,,,,,,,,,,,,,,,,,,,,,,,,,,,,,,,,,277.9,15.2,159874,-35.9,332800,144976,443.9,,,,843.6,243,2201.5,39.2,113821,1539,92.5999999999999,,,,9.19999999999999,,35490,,,,688.1,435063,-168.8,866.3,,12.5,
2011-12-31,"2011-12",,,,,,,,,,,,,,,,,,,,,,,,,,,,,,,,,,,,,,,,,,,,,307.400000000001,9.69999999999999,208825,-38,227240,144356,544.8,,,,950.700000000001,236.5,2443.2,30.2,118519,670,125.7,,,,11.6,,37496,,,,847.5,396642,-180.6,891,,7.70000000000002,
2012-01-31,"2012-01",,,,,,,,,,,,,,,,,,,,,,,,,,,,,,,,,,,,,,,,,,,,,334.1,2,32940,-3.2,339416,109925,403.2,,,,1855.1,244.7,2483.8,43.8,121510,1288,104.9,,,,12.2,,10339,,,,932.4,489902,-4.3,819.5,,2.8,
2012-02-29,"2012-02",,,,,,,,,,,,,,,,,,,,,,,,,,,,,,,,,,,,,,,,,,,,,322.3,1.3,228655,-5.6,292819,109703,395.3,,,,0,228.5,2338.6,44.1,124112,1007,104.5,,,,10.3,,6147,,,,831.9,406758,-15.4,810,,8.5,
2012-03-31,"2012-03",,,,,,,,,,,,,,,,,,,,,,,,,,,,,,,,,,,,,,,,,,,,,381.7,10.2,188297,-8.7,318821,114611,552.1,,,,923.8,233,2552.1,57.7,105595,1509,166.9,,,,12,,28573,,,,902.8,408914,-20.9,806.9,,3.1,
2012-04-30,"2012-04",,,,,,,,,,,,,,,,,,,,,,,,,,,,,,,,,,,,,,,,,,,,,412.1,13.9,206241,-12.3,259129,111727,406.5,,,,869.7,233.5,2370,59.8,130790,1304,109.2,,,,14.4,,11931,,,,721.6,428396,-27.1,849.1,,4.4,
2012-05-31,"2012-05",,,,,,,,,,,,,,,,,,,,,,,,,,,,,,,,,,,,,,,,,,,,,408.1,3.2,229372,-132,306210,-206721,415.2,,,,957.2,252.1,2678,59.5,133148,1638,172.1,,,,14.7,,20946,,,,873.1,392910,-42.1,894.3,,11,
2012-06-30,"2012-06",,,,,,,,,,,,,,,,,,,,,,,,,,,,,,,,,,,,,,,,,,,,,415.7,15.6,192704,-15.3,301611,427996,603.8,,,,968.599999999999,238.6,2716.6,55.3,154098,1605,150.6,,,,12.8,,36301,,,,874.099999999999,470178,-45.5,983.9,,9.7,
2012-07-31,"2012-07",,,,,,,,,,,,,,,,,,,,,,,,,,,,,,,,,,,,,,,,,,,,,485,20.7,208876,-17.8,310163,124240,480.7,,,,1030.8,238.8,2937.8,54.5,184000,2890,171.2,,,,12.6,,34716,,,,906.8,454219,-76,1093,,15.8,
2012-08-31,"2012-08",,,,,,,,,,,,,,,,,,,,,,,,,,,,,,,,,,,,,,,,,,,,,522.9,22.7,105416,-20,295851,-424561,549.7,,,,1005.4,234.8,2884.5,48.3,172882,2779,171.6,,,,10.4,,35858,,,,861.2,517942,-109.7,1071.1,,25.6,
2012-09-30,"2012-09",,,,,,,,,,,,,,,,,,,,,,,,,,,,,,,,,,,,,,,,,,,,,497.7,13.4,209433,-23.1,321408,657051,725.3,,,,963.5,238.5,2653.7,46.6,123929,2574,137.2,,,,14.4,,35126,,,,884.6,314132,-145.1,873.099999999999,,27.5,
2012-10-31,"2012-10",,,,,,,,,,,,,,,,,,,,,,,,,,,,,,,,,,,,,,,,,,,,,353.2,19.1,123754,-26,341816,136755,517.099999999999,,,,826.5,250.8,2503.4,40.1,124294,1659,111.8,,,,10.6,,37629,,,,907.9,557636,-182.4,869.4,,28.3,
2012-11-30,"2012-11",,,,,,,,,,,,,,,,,,,,,,,,,,,,,,,,,,,,,,,,,,,,,424.7,12.6,129051,-29.2,241582,108369,495.6,,,,893.699999999999,246.4,2369.6,41.6,126767,1600,132,,,,11.6,,33927,,,,666,524918,-215.6,883.900000000001,,24.3,
2012-12-31,"2012-12",,,,,,,,,,,,,,,,,,,,,,,,,,,,,,,,,,,,,,,,,,,,,1102.1,683.6,170925,,0,91989,588.5,,,,1092.2,191,2567.5,30.7,114211,1708,284,,,,10,,36675,,,,828.700000000001,572130,-248.3,836.299999999999,,24,
2013-01-31,"2013-01",,,,,,,,,,,,,,,,,,,,,,,,,,,,,,,,,,,,,,,,,,,,,494.2,5.3,85001,-3.6,240720,136063,435.1,,,,962.9,234.3,2536,51.6,126230,2286,215.7,,,,14.8,,38975,,,,692.5,379265,-30.9,866.3,,22.8,
2013-02-28,"2013-02",,,,,,,,,,,,,,,,,,,,,,,,,,,,,,,,,,,,,,,,,,,,,415.3,3.2,32940,-6.7,256063,134759,417.7,,,,878,205.2,2314.4,47.1,70725,1803,276.9,,,,11.9,,51173,,,,704.7,489902,-52.5,672.8,,16,
2013-03-31,"2013-03",,,,,,,,,,,,,,,,,,,,,,,,,,,,,,,,,,,,,,,,,,,,,,8.3,179969,-10.3,278107,-145715,578.1,,,,956.1,226.3,2520.6,72,48011,1634,485.3,,,,17.3,,55375,,,,699.8,355357,-79.9,653.9,,20.5,
2013-04-30,"2013-04",,,,,,,,,,,,,,,,,,,,,,,,,,,,,,,,,,,,,,,,,,,,,,6.6,147006,-14,223113,358455,417.7,,,,917.7,207,2507.9,57.5,88098,1461,499.3,,,,14.7,,27507,,,,588.6,422631,-107.6,699.4,,20.5,
2013-05-31,"2013-05",,,,,,,,,,,,,,,,,,,,,,,,,,,,,,,,,,,,,,,,,,,,,466.1,7.7,135433,-17.4,316858,-286526,459.5,,,,957.6,219.2,2659.9,53.7,100152,869,226.3,,,,13.5,,20764,,,,872.3,337031,-119.9,785.1,,9.10000000000001,
2013-06-30,"2013-06",,,,,,,,,,,,,,,,,,,,,,,,,,,,,,,,,,,,,,,,,,,,,500,8.2,147036,-21.1,296293,30328,630.7,,,,968.5,220.1,2691.1,62.6,108632,1326,180.6,,,,15.9,,46958,,,,855.2,546836,-123.5,856.6,,2.39999999999999,
2013-07-31,"2013-07",,,,,,,,,,,,,,,,,,,,,,,,,,,,,,,,,,,,,,,,,,,,,465.6,20.1,151169,-24,334832,600544,476.8,,,,1079.8,229.7,3029.4,53.3,131207,1143,253.1,,,,11.3,,64706,,,,935.599999999999,578672,-129.3,999.099999999999,,4.40000000000001,
2013-08-31,"2013-08",,,,,,,,,,,,,,,,,,,,,,,,,,,,,,,,,,,,,,,,,,,,,505.4,7.6,150877,-27.3,327798,109156,566.4,,,,3919.2,230.9,2941.7,57.9,130962,1268,224.4,,,,11.5,,60230,,,,940.1,522063,-146.9,942,,13.5,
2013-09-30,"2013-09",,,,,,,,,,,,,,,,,,,,,,,,,,,,,,,,,,,,,,,,,,,,,494.9,11.9,114779,-30.5,334832,125285,756.4,,,,1341.8,234.2,2738.9,53.6,111383,1242,168.2,,,,13.9,,63343,,,,872.8,598365,-167.7,891.1,,15.5,
2013-10-31,"2013-10",,,,,,,,,,,,,,,,,,,,,,,,,,,,,,,,,,,,,,,,,,,,,404.5,3.3,1341852,-34.2,231796,130630,562.8,,,,-2239.8,238.3,2688.1,36.7,117961,1567,170.1,,,,7.60000000000001,,51022,,,,916.599999999999,4594214,-195.6,914.400000000001,,20.9,
2013-11-30,"2013-11",,,,,,,,,,,,,,,,,,,,,,,,,,,,,,,,,,,,,,,,,,,,,451.700000000001,12.3,50107,-37,303267,2861221,502,,,,951.1,222.5,2571.4,52.4,106695,1508,150.8,,,,14.1,,29155,,,,895.8,475927,-228.9,780.199999999999,,25.7,
2013-12-31,"2013-12",,,,,,,,,,,,,,,,,,,,,,,,,,,,,,,,,,,,,,,,,,,,,522,56.7,220645,-40.6,320846,-2614276,636.3,,,,1024.9,195,2685.3,62,124860,1984,139.7,,,,14,,44138,,,,941.299999999999,478133,-274.2,844.4,,34.1,
2014-01-31,"2014-01",,,,,,,,,,,,,,,,,,,,,,,,,,,,,,,,,,,,,,,,,,,,,468.1,7.5,120537,-3.8,311122,135978,482.1,,,,1016.1,226.1,2664.9,52.4,86507,1080,128.1,,,,14.6,,57950,,,,959,498724,-39.8,804.1,,29.3,
2014-02-28,"2014-02",,,,,,,,,,,,,,,,,,,,,,,,,,,,,,,,,,,,,,,,,,,,,499.6,3.3,92024,-7.4,345717,-64345,435.5,,,,914.6,210,2409,51.2,79063,1208,174.4,,,,12.3,,56699,,,,839.1,413554,-77.4,611.7,,28.2,
2014-03-31,"2014-03",,,,,,,,,,,,,,,,,,,,,,,,,,,,,,,,,,,,,,,,,,,,,537.2,4,132486,-10.4,383702,40106,624.7,,,,987.1,221.8,2688.4,63.6,54234,1423,224.4,,,,12.8,,71593,,,,1038,591553,-114.8,617.7,,28.3,
2014-04-30,"2014-04",,,,,,,,,,,,,,,,,,,,,,,,,,,,,,,,,,,,,,,,,,,,,478.5,9.3,121104,-13.5,408709,27918,449.5,,,,962.5,205.9,2673.4,51.3,77572,1214,164.8,,,,12.7,,54906,,,,1106.4,508596,-132.2,645.8,,13.2,
2014-05-31,"2014-05",,,,,,,,,,,,,,,,,,,,,,,,,,,,,,,,,,,,,,,,,,,,,480.9,13.6,,-17.4,346123,33131,493.5,,,,1024.5,223.8,2903.4,67.1,103217,1673,193,,,,13.7,29.7,71547,,,,952.5,,-161.9,861.5,,23.6,
2014-06-30,"2014-06",,,,,,,,,,,,,,,,,,,,,,,,,,,,,,,,,,,,,,,,,,,,,534.4,18.7,,-21,-36979,610587,676.9,,,,1012.3,216.1,2862.3,42.3,32142,666,188.2,,,,9.80000000000001,43.5,59054,,,,1236.4,,-198,579,,29,
2014-07-31,"2014-07",,,,,,,,,,,,,,,,,,,,,,,,,,,,,,,,,,,,,,,,,,,,,510.9,17.6,,-24.2,906116,127166,525.7,,,,1054.2,236.5,3030.6,49.3,57383,776,189.7,,,,12.7,71.3,56226,,,,1242.9,,-238.1,700.599999999999,,30.7,
2014-08-31,"2014-08",,,,,,,,,,,,,,,,,,,,,,,,,,,,,,,,,,,,,,,,,,,,,554.2,17.8,,-27.3,496165,136773,581.4,,,,1044.2,231.3,3056.2,49.9,19023,806,179.1,,,,8.80000000000001,86.8,61425,,,,1350.9,,-278.3,563.900000000001,,33.7,
2014-09-30,"2014-09",,,,,,,,,,,,,,,,,,,,,,,,,,,,,,,,,,,,,,,,,,,,,627.7,14.6,,-31.5,470331,78206,788.599999999999,,,,1048.5,236.3,2916.7,26.9,53413,2059,183.2,,,,9.09999999999999,50,17124,,,,1235,,-335.6,575.7,,43.5,
2014-10-31,"2014-10",,,,,,,,,,,,,,,,,,,,,,,,,,,,,,,,,,,,,,,,,,,,,432.8,11.2,,-35.6,477336,101918,588.1,,,,1006.2,150.1,2823.7,53.3,84823,1600,161.6,,,,13.3,37.2,21366,,,,1280.2,,-402.8,733.1,,50.3,
2014-11-30,"2014-11",,,,,,,,,,,,,,,,,,,,,,,,,,,,,,,,,,,,,,,,,,,,,519.9,8.30000000000001,,-38.7,462297,-837176,522.6,,,,973.5,144.1,2651.4,44.9,49979,1505,107.3,,,,10.7,49.4,29641,,,,1193.2,,-457.2,600,,39.6,
2014-12-31,"2014-12",,,,,,,,,,,,,,,,,,,,,,,,,,,,,,,,,,,,,,,,,,,,,494.1,2.19999999999999,,-43.3,506825,1048021,665,,,,1050.2,202.2,2699.8,42,14993,1463,139.1,,,,10,64.7,28386,,,,1295.2,,-518.9,461.5,,46.1,
2015-01-31,"2015-01",,,,,,,,,,,,,,,,,,,,,,,,,,,,,,,,,,,,,,,,,,,,,358.4,6.4,,,537955,119775,514.3,,,,1041.8,211.9,2744.2,53.8,13139,846,169.9,,,,13.1,89.4,38309,,,,,,-41.8,486.3,,29.7,
2015-02-28,"2015-02",,,,,,,,,,,,,,,,,,,,,,,,,,,,,,,,,,,,,,,,,,,,,364.9,5.3,,-8.9,461277,-46371,431.1,,,,943.9,195.2,2514.6,62.9,8682,474,179.1,,,,15.4,82.5,46088,,,,,,-80.4,401.7,,27.9,
2015-03-31,"2015-03",,,,,,,,,,,,,,,,,,,,,,,,,,,,,,,,,,,,,,,,,,,,,410.2,5.3,,-17.9,455836,33757,654.9,,,,1002.3,212.4,2694.2,36,13706,851,222.1,,,,8.7,87.1,64763,,,,,,-121.1,542.7,,38.1,
2015-04-30,"2015-04",,,,,,,,,,,,,,,,,,,,,,,,,,,,,,,,,,,,,,,,,,,,,503.1,7.6,,-21.7,421690,367322,475.6,,,,968,207.7,2693,47.1,27668,647,278.9,,,,10.8,76.7,35287,,,,,,-158.2,524.6,,27.8,
2015-05-31,"2015-05",,,,,,,,,,,,,,,,,,,,,,,,,,,,,,,,,,,,,,,,,,,,,537.1,9,,-25.4,418075,129047,498.3,,,,1039.8,217.6,2953.1,59.8,50649,509,224,,,,15,95.3,57243,,,,1129.1,,-193.3,667,,27.8,
2015-06-30,"2015-06",,,,,,,,,,,,,,,,,,,,,,,,,,,,,,,,,,,,,,,,,,,,,373.4,2.9,,-29.5,460099,135611,689.2,,,,1048,188.2,2977.4,58.5,96840,1523,203.3,,,,15.1,81.3,61703,,,,1223.5,,-231.4,834.7,,36,
2015-07-31,"2015-07",,-33,,,,,,,,,,,-252.4,2898.2,,,,,,,,,,,,,,,,,,,,,,,,,,,,,,,491.8,4.8,,-33,493928,138662,577.6,,,,1140.5,221.5,3356.5,39.8,93035,1043,200.6,,,,8.2,114.8,73984,,,,1334.8,,-252.4,839.3,,46.2,
2015-08-31,"2015-08",2.7,-37,590261,628,545.7,1091.7,,57391,1055,1684.7,922,62.8,-279,3427,52646814,335263,171451,33158,50389,,38034793,11.7,213.5,51.1,186.1,892.4,450.2,,,,,,,115.9,,0.2,685.7,,36.3,,14.3,13.2,,,544.1,2.7,,-37,506714,116705,628,545.7,350.5,,1091.7,213.5,3185.6,51.1,57391,1055,186.1,3185.6,3170.3,2615.2,11.7,115.9,50389,,,,1342.6,,-279,685.7,,29.5,29.5
2015-09-30,"2015-09",3.5,-40.9,565076,803.2,534.2,1005.5,11.5,59323,881,1531.5,900.2,43.1,-294.3,3809.6,50740000,327583,138912,29200,69381,,36461198,12.1,205.1,46.7,153.8,880,368.3,,,,,,,66.9,,0.1,698.7,,21.1,,7.59999999999999,13.4,,,399.7,3.5,,-40.9,466495,127781,803.2,534.2,317.2,,1005.5,205.1,2853.7,46.7,59323,881,153.8,2853.7,2842,2660.8,12.1,66.9,69381,,,,1248.3,,-294.3,698.7,,23.4,23.4
2015-10-31,"2015-10",4.566,-44.359,564328,588.236,467.949000000001,1052.685,7.111,78503,867,1621.046,904.378,25.9929999999999,-333.073,4173.315,53191705,333600,161038,34943,34747,,38751907,6.68900000000001,219.219,29.175,161.973,909.486,441.813999999999,,,,,,,43.938,,0.0599999999999998,713.070000000001,,12.127,,4.642,9.22399999999999,,,379.54,4.566,,-44.359,0,104633,588.236,467.949000000001,354.853,,1052.685,219.219,2769.866,29.175,78503,906,161.973,2884.477,2877.366,2463.723,6.68900000000001,43.938,34747,,,,1351.3,,-333.073,713.070000000001,,38.74,38.74
2015-11-30,"2015-11",5.081,-48.292,549418,522.955,450.61,994.054,10.596,49017,1051,1474.574,832.09,44.138,-373.122,4586.783,50903463,303432,156090,37441,52455,,31805471,11.68,177.715,50.64,141.355,804.575,409.534000000001,,,,,,,71.0590000000001,,0.107,639.987999999999,,17.954,,11.264,14.92,,,432.507000000001,5.081,,-48.292,954160,127337,522.955,450.61,347.504,,994.054,177.715,2725.369,50.64,51396,1051,141.355,2735.965,2725.369,2315.123,11.68,71.0590000000001,52455,,,,1214.109,,-373.122,639.987999999999,,32.566,32.566
2015-12-31,"2015-12",2.558,-51.3573,561891,718.297,530.58,1034.321,14.608,43626,692,1617.088,801.365,51.158,-423.17,4973.525,49335289,330708,154259,37958,38966,,38809584,13.143,220.722,48.336,160.382,887.472,406.657999999999,4.294,,,,,,84.799,,0.0920000000000001,592.555,,25.959,,10.245,14.954,,,403.224999999999,2.558,,-51.3573,484967,166752,718.297,530.58,317.425,,1034.321,220.722,2805.7977,48.336,41247,653,160.382,2820.4057,2805.7977,2600.623,13.143,84.799,65066,,,,1294.13,,-423.17,592.555,,38.511,38.511
2016-01-31,"2016-01",2.172,-4.904,578993,511.524,455.505,1026.843,8.691,39563.77,617,1587.161,789.061,41.049,-52.887,423.751,52442001,336147,153703,33478,55665,,39369927,12.382,222.701,47.094,123.756,875.588,398.695,19.195,,,,,,58.6,,0.074,618.137,,14.471,,11.772,14.806,,,438.052,2.172,,-4.904,489850,122621,511.524,455.505,341.465,,1026.843,222.701,2785.403,47.094,39565,617,123.756,2794.094,2785.403,2335.337,12.382,58.6,55665,30.5,338.2,,1274.283,,-52.887,618.137,,38.851,38.851
2016-02-29,"2016-02",4.864,-9.02,444603,450.393,427.128,971.522,8.344,60875.84,777,1361.876,820.608,69.259,-96.857,850.09,50279581,292601,80665,33687,37650,,37817905,12.923,214.024,62.233,120.335,798.358,209.117,16.027,,,,,,111.427,,0.089,637.951,,36.189,,14.404,18.666,,,442.237,4.864,,-9.02,373266,-55456,450.393,427.128,314.415,,971.522,214.024,2634.86,62.233,60876,778,120.335,2643.204,2634.86,2163.458,12.923,111.427,37650,33.2,311.4,,1007.475,,-96.857,637.951,,33.873,33.873
2016-03-31,"2016-03",2.033,-12.753,557230,703.421,530.542,1032.373,12.647,35979.186,621.951,1629.689,713.474,65.796,-138.982,1293.578,46321288,316119,144731,36773,59607,,37828071,10.85,213.341,40.691,128.382,868.054,380.779,43.712,,,,,,112.953,,0.128,544.273,,42.292,,11.948,11.556,,,456.496,2.033,,-12.753,460850,36773,703.421,530.542,343.726,,1032.373,213.341,2808.622,40.691,35978,629,128.382,2821.269,2808.622,2610.062,10.85,112.953,59607,39,338.7,,1248.833,,-138.982,544.273,,31.517,31.517
2016-04-30,"2016-04",,,,,,,,,,,,,,,,,,,,,,,,,,,,,,,,,,,,,,,,,,,,,485.315,1.031,,-16.1,439089,383213,,,,,,215.834,2759.115,40.882,9389,542,162.727,,,,7.845,88.72,70431,42.3,310.3,,1189.109,,-173.1,508.939,,27.059,
2016-05-31,"2016-05",,-21.205,,,,,,,,,,,-207.087,2278.549,,,,,,,,,,,,,,,,,,,,,,,,,,,,,,,529.061,3.932,,-21.205,458542,108931,,,,,,224.295,2904.734,55.88,28037,434,149.891,,,,11.568,100.079,49265,47.1,292.9,,1223.733,,-207.087,543.941,,26.476,
2016-06-30,"2016-06",14.573,-25.561,561929,741.108,580.936,1064.889,16.494,27943.46,351,1728.923,773.728,91.561,-259.326,2783.682,49658175,326553,157389,24818,53169,,38880812,12.58,222.07,56.979,176.508,873.539,427.624,58.059,,,,,,135.051,,0.131,540.11,,66.15,,12.327,13.084,,,532.251,14.573,,-25.561,483942,102805,741.108,580.936,273.52,,1064.889,222.07,3057.323,56.979,27943,351,176.508,3073.817,3057.323,2660.453,12.58,135.051,53169,48.5,365.6,,1301.163,,-259.326,540.11,,41.02,41.02
2016-07-31,"2016-07",16.174,-29.524,569979,592.061,546.13,1140.167,10.535,68394.63,706,1743.532,981.925,121.791,-308.326,3278.533,37923013,317020,152104,24702,76153,,51629161,13.19,213.771,58.668,175.298,893.197,423.526,41.916,,,,,,157.932,,0.123,747.836,,86.134,,22.559,13.098,,,525.469,16.174,,-29.524,469124,125557,592.061,546.13,315.309,,1140.167,213.771,3305.31,58.668,68390,701,175.298,3315.845,3305.31,2593.667,13.19,157.932,76153,45.1,326.6,,1316.723,,-308.326,747.836,,39.506,39.506
2016-08-31,"2016-08",6.73999999999999,-33.424,576058,628.666,599.992999999999,1193.61,16.019,96856.13,1003,1766.044,1039.109,93.518,-355.739,3845.391,51963284,332733,161828,17568,63929,,40473947,9.04000000000001,231.2,57.841,162.959,909.727,449.633,32.672,,,,,,133.772,,0.112,818.197,,66.256,,14.204,13.058,,,585.968,6.73999999999999,,-33.424,494561,99065,628.666,599.992999999999,312.542,,1193.61,231.2,3420.956,57.841,96856,1003,162.959,3436.975,3420.956,2734.811,9.04000000000001,133.772,63929,46.2,344.3,,1359.36,,-355.739,818.197,,37.177,37.177
2016-09-30,"2016-09",11.351,-37.305,531766,909.961,548.604,1042.04,13.376,86944.3,1073.4711,1619.437,994.616999999999,96.1,-401.464,4123.664,52199668,306796,134864,18985,71121,,37742068,12.151,214.362,53.955,139.671,868.71,379.801,31.04,,,,,,113.373,,0.101,800.89,,68.9709999999999,,13.199,13.93,,,301.016,11.351,,-37.305,441660,109091,909.961,548.604,254.743,,1042.04,214.362,2950.172,53.955,86944,1049,139.671,2963.548,2950.172,2755.348,12.151,113.373,71121,46.2,414,,1248.511,,-401.464,800.89,,35.125,35.125
2016-10-31,"2016-10",6.367,-42.777,500787,595.681,512.447,1067.592,10.156,127431.9582,2386.056,1454.887,1091.773,47.1949999999999,-442.232,4603.144,54894389,251761,175743,18742,54541,,40582233.91,10.329,232.388,45.746,126.672,692.04,454.11,24.291,,,,,,41.7289999999999,,0.081,919.273999999999,,30.675,,3.46300000000001,13.057,,,491.451,6.367,,-42.777,427504,92025,595.681,512.447,380.586,,1067.592,232.388,3033.462,45.746,127432,2356,126.672,3043.618,3033.462,2556.306,10.329,41.7289999999999,54541,49.8,433.2,,1146.15,,-442.232,919.273999999999,,30.661,30.661
2016-11-30,"2016-11",14.732,-46.546,505022,512.626,451.809,1022.861,11.138,110924.493,2005.521,1442.908,1025.125,51.04,-485.085,4922.423,53761611,260953,166736,16671,60662,,40023611.41,10.646,230.43,46.574,108.164,691.353999999999,432.727,24.658,,,,,,53.0930000000001,,0.0860000000000001,870.301,,33.785,,2.70499999999998,14.55,,,340.515,14.732,,-46.546,427689,94004,512.626,451.809,366.402,,1022.861,230.43,2806.462,46.574,110925,2064,108.164,2817.6,2806.462,2353.698,10.646,53.0930000000001,60662,46.4,386.3,,1124.081,,-485.085,870.301,,32.451,32.451
2016-12-31,"2016-12",39.686,-50.136,561828,754.347,466.03,1064.746,12.474,78735.1907,1343.555,1626.331,871.090999999999,85.2080000000001,-529.223,5154.103,53123325,318795,167510,23839,51684,,30898314,12.445,174.641,54.462,87.865,882.966,442.325,25.697,,,,,,88.2570000000001,,0.087,728.677,,56.8390000000001,,9.40300000000002,18.966,,,284.628,39.686,,-50.136,486305,99362,754.347,466.03,321.344,,1064.746,174.641,2806.268,54.462,78735,1344,87.865,2818.742,2806.268,2606.467,12.445,88.2570000000001,51684,54.1,436.4,,1325.291,,-529.223,728.677,,32.794,32.794
2017-01-31,"2017-01",25.459,-3.738,536802,476.386,443.309,1092.911,7.555,60006.3278,995.9721,1571.052,852.048,85.433,-45.708,426.835,52591683,316492,133680,17240,69390,,38928241.45,9.534,220.803,36.455,111.586,873.369,356.661,30.261,,,,,,80.424,,0.102,703.905,,59.259,,13.698,12.476,,,463.357,25.459,,-3.738,450172,103870,476.386,443.309,354.375,,1092.911,220.803,2911.381,36.455,60006,996,111.586,2918.936,2911.381,2366.981,9.534,80.424,69390,55,517.3,,1230.03,,-45.708,703.905,,34.075,34.075
2017-02-28,"2017-02",32.222,-7.415,419679,462.282,393.719,957.562,8.017,67270.1576,966.1041,1307.196,721.067,74.114,-89.841,929.218,47969583,223156,162498,13299,20726,,35792604,9.426,204.252,42.617,103.057,590.756,406.927,19.418,,,,,,76.417,,0.097,575.296,,48.049,,12.032,14.033,,,545.396,32.222,,-7.415,385654,47324,462.282,393.719,341.664,,957.562,204.252,2589.172,42.617,67270,966,103.057,2597.189,2589.172,2155.227,9.426,76.417,20726,55.5,545.2,,997.683,,-89.841,575.296,,32.814,32.814
2017-03-31,"2017-03",28.049,-12.194,502963,709.386,541.792,1045.204,10.866,51715.361,824.4137,1624.169,679.548,95.095,-130.519,1463.986,49193561,289525,174986,13457,24995,,39028316.29,10.087,221.889,53.925,151.435,780.331,449.533,48.605,,,,,,113.724,,0.123,474.065,,65.128,,14.013,15.954,,,577.508,28.049,,-12.194,464511,51909,709.386,541.792,365.982,,1045.204,221.889,2916.172,53.925,51716,824,151.435,2927.038,2916.172,2662.364,10.087,113.724,24995,52,456.5,,1229.864,,-130.519,474.065,,30.915,30.915
2017-04-30,"2017-04",34.737,-15.53,502739,511.374,531.399,1017.772,9.937,68600.1161,698.2019,1479.308,884.065,61.618,-167.104,2013.252,45776971,319547,103157,18693,61342,,37302599.89,9.69,211.292,47.572,173.78,873.647,272.036,40.376,,,,,,72.267,,0.113,662.6,,43.677,,4.84,13.101,,,595.898,34.737,,-15.53,422704,98728,511.374,531.399,391.641,,1017.772,211.292,2969.073,47.572,68600,699,173.78,2979.01,2969.073,2452.186,9.69,72.267,61342,53.1,403.2,,1145.683,,-167.104,662.6,,27.121,27.121
2017-05-31,"2017-05",23.983,-19.432,546175,506.815,564.959,1091.989,13.326,60570.9191,699.7701,1672.906,862.739,76.586,-207.76,2599.115,49043049,335786,140570,7794,62025,,39474110,11.763,224.654,60.175,155.063,938.003,363.603,45.446,,,,,,89.437,,0.119,647.382,,53.004,,8.375,15.207,,,622.588,23.983,,-19.432,476356,77613,506.815,564.959,374.406,,1091.989,224.654,3177.519,60.175,60571,699,155.063,3190.845,3177.519,2538.169,11.763,89.437,62025,51,365.4,,1301.606,,-207.76,647.382,,30.218,30.218
2017-06-30,"2017-06",28.046,-24.533,564840,788.897,596.579,1091.999,7.907,58426.8322,646.6707,1713.397,868.981,104.811,-241.478,3145.882,50548632,326649,165417,11332,61442,,39225177.52,12.023,225.214,58.114,147.643,892.628999999999,426.888,33.369,,,,,,123.274,,0.104,663.12,,70.685,,19.319,14.807,,,588.005,28.046,,-24.533,492066,84106,788.897,596.579,300.988,,1091.999,225.214,3223.183,58.114,58427,647,147.643,3231.09,3223.183,2778.463,12.023,123.274,61442,46.9,333.3,,1319.517,,-241.478,663.12,,25.187,25.187
2017-07-31,"2017-07",25.248,-29.376,535182,626.581,616.461,1182.707,8.99,118047.0249,1143.597,1669.859,1094.995,124.56,-282.322,3768.428,51764206,287659,172378,6690,68455,,40337114.2,11.221,232.74,50.899,159.514,780.712,446.786,42.277,,,,,,156.123,,0.11,884.472,,90.105,,23.37,11.085,,,659.518,25.248,,-29.376,460037,81835,626.581,616.461,345.533,,1182.707,232.74,3491.521,50.899,118047,1144,159.514,3500.511,3491.521,2771.282,11.221,156.123,68455,48.7,374,,1227.498,,-282.322,884.472,,30.586,30.586
2017-08-31,"2017-08",29.173,-35.058,606314,675.555,599.433,1199.557,14.439,115649.7203,901.642400000001,1776.056,1101.925,93.3920000000001,-324.722,4364.937,53097921,345560,177409,13886,69459,,40142934.26,9.84999999999999,230.704,52.832,152.676,924.78,455.365,30.85,,,,,,124.507,,0.109,896.308,,68.123,,12.127,13.142,,,643.387,29.173,,-35.058,522969,97231,675.555,599.433,373.967,,1199.557,230.704,3548.973,52.832,115649,901,152.676,3563.412,3548.973,2848.512,9.84999999999999,124.507,69459,51.4,476.4,,1380.145,,-324.722,896.308,,31.587,31.587
2017-09-30,"2017-09",13.497,-43.796,594203,888.501,584.191,1055.489,14.612,51309.0969,484.7661,1700.617,852.116,96.0999999999999,-363.102,4843.641,50732142,330883,172005,19268,72047,,35422830.23,14.66,204.878,61.007,129.947,895.201,438.279,41.205,,,,,,106.394,,0.091,661.071,,69.451,,10.73,15.919,,,510.583,13.497,,-43.796,502888,110583,888.501,584.191,299.906,,1055.489,204.878,3093.916,61.007,51310,485,129.947,3108.528,3093.916,2828.087,14.66,106.394,72047,55.2,510.7,,1333.48,,-363.102,661.071,,27.172,27.172
2017-10-31,"2017-10",4.49200000000002,-49.308,621249,603.241,581.015,1130.717,14.34,111315.3787,1128.6619,1652.128,1150.855,49.726,-404.303,5274.141,54369243,334046,165581,51769,69853,,37789961.55,16.387,215.665,57.051,124.699,906.861000000001,432.061,31.974,,,,,,49.1799999999999,,0.0860000000000001,969.019,,24.518,,5.068,20.14,,,446.424,4.49200000000002,,-49.308,499627,173391,603.241,581.015,393.581,,1130.717,215.665,3240.988,57.051,111315,1129,124.699,3255.328,3240.988,2708.554,16.387,49.1799999999999,69853,57.6,520.1,,1338.922,,-404.303,969.019,,30.915,30.915
2017-11-30,"2017-11",2.56199999999998,-54.309,633552,586.661,525.105,1030.44,10.967,67549.098,573.127,1614.979,988.925999999999,65.226,-453.955,5634.345,51464810,329397,153624,76516,74015,,38431514.94,9.29599999999999,221.852,37.9019999999999,91.6239999999998,890.532999999999,406.465999999999,22.689,,,,,,58.6160000000001,,0.0700000000000001,859.33,,44.756,,8.66499999999999,11.805,,,375.643,2.56199999999998,,-54.309,483021,227047,586.661,525.105,392.662,,1030.44,221.852,2977.244,37.9019999999999,67549,573,91.6239999999998,2988.211,2977.244,2534.868,9.29599999999999,58.6160000000001,74015,62.7,551.7,,1296.999,,-453.955,859.33,,37.649,37.649
2017-12-31,"2017-12",11.472,-59.7232,654941,767.682,516.146,1092.334,15.737,28968.608,616.1885,1789.967,860.267,78.3270000000001,-509.845,5896.433,50906641,327507,171355,82611,73468,,37350802.23,13.621,211.989,55.061,63.6880000000001,874.504999999999,444.700000000001,27.629,,,,,,91.6209999999999,125.902,0.0939999999999999,741.424,,50.939,,9.244,16.855,,,288.447,11.472,,-59.7232,498862,238690,767.682,516.146,335.524,,1092.334,211.989,2940.8168,55.061,28969,616,63.6880000000001,2956.5538,2940.8168,2711.686,13.621,91.6209999999999,73468,64.2,560.5,,1319.205,,-509.845,741.424,,41.72,41.72
2018-01-31,"2018-01",11.27,-4.296,592228,493.837,462.111,1116.007,10.355,70165.2272,892.3042,1530.284,973.68,77.143,-64.877,483.978,53011941,332395,135381,72106,52346,,26243599,11.848,152.882,41.841,76.252,885.385,359.383,18.874,,,,,,93,8.912,0.093,855.494,,49.187,,11.629,13.19,3.137,,504.082,11.27,,-4.296,467776,196558,493.837,462.111,358.528,663285.5314,1116.007,152.882,3007.182,41.841,70165,892,76.252,3017.537,3007.182,2430.483,11.848,93,52346,69,545.3,2592.377,1244.768,,-64.877,855.494,,47.197,47.197
2018-02-28,"2018-02",3.605,-7.171,621279,496.486,423.045,1012.73,10.859,68539.5717,741.6947,1363.498,938.248,82.488,-120.608,882.657,47459001,321909,162579,66994,69797,,2438365.03,9.009,8.80500000000001,33.836,71.733,809.48,407.218,39.072,,,,,,89.914,0,0.094,832.585,,53.574,,9.787,10.593,8.534,,412.97,3.605,,-7.171,484488,203785,496.486,423.045,328.412,690560.2664,1012.73,8.80500000000001,2727.912,33.836,68540,742,71.733,2738.771,2727.912,2260.673,9.009,89.914,69797,65.4,463.5,2409.053,1216.698,,-120.608,832.585,,39.653,39.653
2018-03-31,"2018-03",5.049,-11.613,600776,734.4334,533.6016,1072.5839,10.627,22228.3251,469.1724,1723.289,762.777,126.812,-156.066,1279.738,29172958,325960,172387,70458,31971,,39487337.33,10.19,226.34,56.178,210.43,872.813,442.364,61.297,,,,,,110.285,0,0.124,496.045,,72.919,,13.879,18.59,17.023,,414.977,5.049,,-11.613,498347,172887,734.4334,533.6016,348.4417,623473.4975,1072.5839,226.34,2975.108,56.178,22228,470,210.43,2985.735,2975.108,2689.0606,10.19,110.285,31971,66.5,483.9,2628.554,1315.177,,-156.066,496.045,,26.887,26.887
2018-04-30,"2018-04",6.507,-15.845,569633,507.8146,503.7414,1016.6201,13.904,12116.4711,392.3501,1561.17,858.288,137.49,-182.099,1657.737,29541674,268413,169126,70522,61572,,35042500.16,12.09,199.772,54.275,275.926,723.859,428.449,79.704,,,,,,117.296,0,0.135,527.952,19.432,72.367,,10.623,16.112,18.956,,399.488,6.507,,-15.845,437539,202616,507.8146,503.7414,313.6133,582141.8213,1016.6201,199.772,2911.189,54.275,12117,392,275.926,2925.093,2911.189,2341.7894,12.09,117.296,61572,71.9,492.8,2577.359,1152.308,,-182.099,527.952,,23.342,23.342
2018-05-31,"2018-05",9.569,-18.672,657051,514.493,535.502,1066.558,15.322,4912.28140000001,334.6113,1658.226,913.825,152.662,-203.526,2060.484,48817831,317347,177033,85175,77496,,38274164.79,10.826,215.081,52.207,194.08,811.751,438.746,64.754,,,,,,117.068,0,0.156,667.382,33.144,77.886,,8.72,13.051,19.861,,427.785,9.569,,-18.672,494380,247846,514.493,535.502,311.7,662297.8925,1066.558,215.081,3112.775,52.207,4912,335,194.08,3128.097,3112.775,2428.253,10.826,117.068,77496,76.6,538.5,2749.604,1250.497,,-203.526,667.382,,16.107,16.107
2018-06-30,"2018-06",11.237,-21.607,647508,789.654,575.905,1028.548,11.898,3273.6537,291.0073,1812.1,905.543,164.079,-233.061,2257.24,49568668,318715,170595,81826,76372,,36103540.12,12.124,201.882,47.627,197.031,847.964000000001,429.405,128.714,,,,,,109.82,82.191,0.147,660.738,45.812,68.987,,11.536,12.268,25.476,,232.305,11.237,,-21.607,489310,240024,789.654,575.905,253.26,651072.6611,1028.548,201.882,3057.245,47.627,3273,291,197.031,3069.143,3057.245,2647.367,12.124,109.82,76372,75.2,531.6,2904.857,1277.369,,-233.061,660.738,,23.107,23.107
2018-07-31,"2018-07",4.086,-24.823,677162,601.76,628.611,1160.226,14.289,28244.0934,360.5357,1850.345,1008.52,217.089,-262.278,2700.169,50092671,341171,175329,88237,72425,,38604760.08,9.64699999999999,218.056,46.012,192.449,905.034,446.122,60.465,,,,,,185.741,25.28,0.121,769.938,66.697,109.792,,14.419,8.863,17.318,,464.239,4.086,,-24.823,516500,248899,601.76,628.611,283.525,705766.6291,1160.226,218.056,3490.536,46.012,28195,360,192.449,3504.825,3490.536,2674.122,9.64699999999999,185.741,72425,74.4,544.9,3094.329,1351.156,,-262.278,769.938,,22.503,22.503
2018-08-31,"2018-08",7.057,-28.183,649754,629.352,575.976000000001,1161.188,14.762,39487.7921,674.828500000001,2054.305,1006.41,214.993,-275.525,2896.203,47558518,323337,167593,86489,72335,,35350954.73,8.346,199.136,55.142,163.251,873.169,426.034,73.378,,,,,,126.986,347.256,0.11,787.907,81.678,73.273,,10.554,13.691,35.797,,230.655,7.057,,-28.183,490930,245313,629.352,575.976000000001,201.78,689916.6206,1161.188,199.136,3462.192,55.142,39537,675,163.251,3476.954,3462.192,2568.296,8.346,126.986,72335,73.1,568.2,3083.534,1299.203,,-275.525,787.907,,9.376,9.376
2018-09-30,"2018-09",10.63,-31.704,659657,904.884,648.04,1143.615,12.477,14468.0404,540.2374,2002.016,899.154,187.115,-295.13,3143.775,47326500,338461,166239,85868,69089,,35007783.78,11.821,198.298,48.107,159.936,896.437,422.242,73.1239999999999,,,,,,90.276,309.818,0.102,691.009,72.552,53.979,,10.243,16.518,33.823,,284.004,10.63,,-31.704,504700,240825,904.884,648.04,229.1,674665.2778,1143.615,198.298,3323.361,48.107,14468,503,159.936,3335.838,3323.361,2925.639,11.821,90.276,69089,78.9,638.2,2925.277,1318.679,,-295.13,691.009,,15.504,15.504
2018-10-31,"2018-10",1.86499999999999,-35.643,647019,594.714,572.411999999999,1129.852,11.87,29317.5145,595.904,1929.673,999.607,132.627,-327.492,3377.845,52414100,286161,177029,92486,62423,,38218719.42,9.163,215.832,39.38,181.803,745.914000000001,439.57,107.608,,,,,,54.6410000000001,356.945,0.099,778.325,51.353,33.0169999999999,,3.456,14.086,30.715,,268.12,1.86499999999999,,-35.643,463190,247395,594.714,572.411999999999,364.788,676932.4185,1129.852,215.832,3261.541,39.38,29318,633,181.803,3273.411,3261.541,2661.766,9.163,54.6410000000001,62423,80.5,609.3,3475.75,1185.484,,-327.492,778.325,,23.845,23.845
2018-11-30,"2018-11",2.587,-38.76,680035,603.035,467.795,1041.959,11.537,7387.82089999999,369.3224,1907.824,871.179,140.711,-369.585,3411.708,50414806,260006,170164,84564,72248,93053,34020234.07,8.81800000000001,190.833,37.842,149.903,664.496999999999,418.478,99.441,,,,,,46.7179999999998,479.039,0.106,683.328,64.73,32.468,,3.541,12.328,27.644,,103.384,2.587,,-38.76,430170,241376,603.035,467.795,303.977,687792.1433,1041.959,190.833,2910.954,37.842,8067,369,149.903,2922.491,2910.954,2416.766,8.81800000000001,46.7179999999998,72248,65.2,433.1,2933.838,1082.975,,-369.585,683.328,,30.519,30.519
2018-12-31,"2018-12",4.03,-42.16,770655,758.633,574.667,1099.244,13.204,7280.47779999999,271.0063,2098.718,854.394,174.521,-405.565,3374.442,50275817,244970,167420,85381,75691,197193,36151677.91,10.797,207.062,37.1609999999999,125.04,653.333000000001,424.880999999999,142.322,,,,,,65.8770000000002,594.446,0.115,692.078,82.028,37.9830000000001,,9.449,12.642,32.419,,59.5410000000002,4.03,,-42.16,412390,246453,758.633,574.667,260.006,778206.484200001,1099.244,207.062,3055.017,37.1609999999999,6601,271,125.04,3068.22100000001,3055.017,2692.55,10.797,65.8770000000002,75691,56.5,383.3,3144.867,1078.214,,-405.565,692.078,,26.351,26.351
2019-01-31,"2019-01",17.602,-5.091,871834,531.898,528.18,1138.55,12.826,4682.6481,243.8115,2319.358,794.053,198.123,-45.822,-126.371,49039897,353118,156922,87421,52461,221912,30897560.09,11.256,175.866,46.609,134.845,934.786,381.753,123.553,,,,,,82.219,609.925,0.101,612.498,76.687,54.209,,15.593,15.734,35.9,,17.602,,,-5.091,510040,227303,531.898,528.18,238.607,876760.4595,1138.55,175.866,3151.852,46.609,4683,244,134.845,3131.851,3151.852,2437.235,11.256,82.219,52461,59.6,415.8,3329.136,1316.539,,-45.822,612.498,,33.344,33.344
2019-02-28,"2019-02",25.2044,-7.185,781741,499.073,487.01,1006.4,11.641,3016.8049,227.547,2128.476,692.374,191.4166,-84.212,-309.536,43112123,314165,153915,72135,33068,208458,28865893.59,7.921,161.092,46.285,134.48,814.455,375.919,147.125,,,,,,74.384,547.58,0.117,511.492,81.295,43.541,,13.4786,15.256,37.846,,25.2044,,,-7.185,468080,177338,499.073,487.01,187.851,784985.352,1006.4,161.092,2813.822,46.285,3016,227,134.48,2834.585,2813.822,2180.334,7.921,74.384,33068,64.1,489.9,3037.471,1190.374,,-84.212,511.492,,28.185,28.185
2019-03-31,"2019-03",17.0563,-10.187,846362,777.686,626.711,1082.384,12.893,3233.1025,251.3977,2463.021,700.304,213.6577,-125.092,-524.704,46124770,337632,167738,52711,32510,255771,29452188.72,7.5,160.071,56.064,168.486,912.775,425.934,170.358,,,,,,82.635,703.748,0.134,475.62,93.299,45.234,,16.6347,13.848,44.642,,17.0563,,,-10.187,505370,137932,777.686,626.711,213.494,849846.5002,1082.384,160.071,3134.989,56.064,3234,248,168.486,3134.393,3134.989,2700.275,7.5,82.635,32510,66.4,512.6,3394.039,1338.709,,-125.092,475.62,,30.649,30.649
2019-04-30,"2019-04",12.5167,-15.313,793897,521.934,548.159,1043.721,13.061,9229.8994,266.9545,2502.099,486.49,213.0433,-166.676,-634.613,33446589,320197,161493,38190,0,274017,32128800.91,7.054,176.004,49.948,119.492,864.136,423.01,165.974,,,,,,102.765,763.156,0.138,316.912,76.042,71.764,,16.1853,13.911,35.141,,12.5167,,,-15.313,481690,76380,521.934,548.159,227.279,803393.8539,1043.721,176.004,3057.53,49.948,9229,262,119.492,3057.369,3057.53,2341.093,7.054,102.765,0,71.2,466.8,3214.149,1287.146,,-166.676,316.912,,30,30
2019-05-31,"2019-05",13.9279,-19.218,845470,622.045,596.197,1133.441,12.048,9108.4689,299.9619,2541.821,741.83,234.2151,-200.237,-713.853,45176973,308149,166011,84630,8702,277978,32931633.75,10.463,178.255,57.681,170.048,838.509,436.791,192.589,,,,,,121.108,764.106,0.138,513.963,90.307,71.091,,20.4571,14.368,37.992,,13.9279,,,-19.218,0,177962,622.045,596.197,210.051,854878.4308,1133.441,178.255,3415.088,57.681,9109,295,170.048,3411.8974,3415.088,2561.734,10.463,121.108,8702,70.5,423.3,3531.794,1275.3,,-200.237,513.963,,26.866,26.866
2019-06-30,"2019-06",19.4897,-22.32,870448,804.041,651.115,1065.936,9.447,4987.8443,216.7954,2429.619,686.947,206.5353,-233.127,-779.688,24055565,321175,167405,80155,56989,244724,31158920,9.354,168.28,42.383,156.724,884.883,426.11,174.503,,,,,,98.921,667.568,0.136,487.704,84.501,69.233,,17.0823,11.267,24.452,,19.4897,,,-22.32,0,217299,804.041,651.115,194.858,875652.6398,1065.936,168.28,3240.764,42.383,4988,214,156.724,3242.9636,3240.764,2715.95,9.354,98.921,56989,63.3,363.2,3342.591,1310.993,,-233.127,487.704,,24.905,24.905
2019-07-31,"2019-07",18.9717,-24.42,904404,634.614,673.566,1199.523,16.362,5141.7525,208.3433,2541.437,861.658,319.0173,-272.46,-826.911,44645347,331060,167240,87130,72982,245992,32393338.88,11.379,173.721,52.169,162.019,923.597,434.365,152.41,,,,,,171.725,674.24,0.125,647.345,132.711,115.857,,31.5423,11.516,27.391,,18.9717,,,-24.42,819475,247242,634.614,673.566,172.683,909754.095699999,1199.523,173.721,3652.428,52.169,5142,225,162.019,3652.41,3652.428,2680.386,11.379,171.725,72982,64,374.4,3741.084,1357.962,,-272.46,647.345,,29.95,29.95
2019-08-31,"2019-08",24.492,-27.518,884690,700.62,582.888,1143.96,10.67,7718.4977,334.9982,2480.046,781.064,275.376,-319.747,-824.152,31387363,337953,166497,88340,58072,233828,35495246.69,9.738,197.78,53.637,163.825,917.296,434.094,100.57,,,,,,162.978,657.589999999999,0.083,563.519,112.997,88.381,,26.969,14.259,32.77,,24.492,,,-27.518,504450,234752,700.62,582.888,130.963,892743.4959,1143.96,197.78,3513.352,53.637,7718,335,163.825,3523.68,3513.352,2558.431,9.738,162.978,58072,59.2,266.2,3560.978,1351.39,,-319.747,563.519,,35.839,35.839
2019-09-30,"2019-09",17.0516,-30.452,836762,911.593,687.532,1159.113,13.308,27663.7113,797.8066,2288.563,863.657999999999,222.3444,-361.311,-765.429,47183198,281557,155609,86120,59199,254277,34916452.29,0.86999999999999,192.844,35.543,118.828,772.599,411.77,93.0259999999998,,,,,,100.433,717.021000000001,0.115,709.172,106.223,61.21,,19.9924,10.592,24.327,,17.0516,,,-30.452,437166,231439,911.593,687.532,199.009,865223.5179,1159.113,192.844,3405.842,35.543,27614,795,118.828,3420.0627,3405.842,2957.247,0.86999999999999,100.433,59199,62.3,362.9,3391.617,1184.369,,-361.311,709.172,,31.361,31.361
2019-10-31,"2019-10",22.326,-34.046,832960,637.355,627.203,1140.131,13.19,38203.6724,848.659,2248.159,956.607,206.179,-420.795,-785.488,48053608,333831,85413,87605,69878,256233,34538992.08,0,188.927,39.148,130.803,934.111999999999,224.083,85.0700000000002,,,,,,93.3749999999999,722.592,0.108,786.548,100.124,55.076,,16.892,10.367,23.72,,22.326,,,-34.046,1060809,245088,637.355,627.203,233.657,872012.3314,1140.131,188.927,3350.134,39.148,38253,851,130.803,3333.2523,3350.134,2638.346,0,93.3749999999999,69878,59.4,451.1,3433.271,1158.195,,-420.795,786.548,,42.451,42.451
2019-11-30,"2019-11",30.5597,-37.683,755307,596.340999999999,532.829000000001,1061.085,,36101.9683,447.045700000001,2066.86,850.718,224.5543,-473.36,-880.344,43704864,312285,78085,80930,52199,231808,31830278,0,172.89,63.5890000000001,101.28,850.269,203.036,88.1899999999998,,,,,,113.249,639.226000000001,0.095,685.754,89.8469999999999,58.6319999999999,,15.1163,19.111,41.848,,30.5597,,,-37.683,390370,214059,596.340999999999,532.829000000001,180.389,791856.013999999,1061.085,172.89,3021.634,63.5890000000001,36102,447,101.28,,3021.634,2370.644,0,113.249,52199,62.8,482.8,3172.692,1053.305,,-473.36,685.754,,38.31,38.31
2019-12-31,"2019-12",46.0146,-40.725,844685,776.975,585.15,1123.374,,11714.077,194.099899999999,2228.231,738.581,186.5594,-527.284,-927.629,44935743,331465,153965,61565,72013,225677,28814490.73,0,157.623,56.097,92.951,900.279,401.089,86.722,,,,,,64.6090000000002,617.909,0.0820000000000001,589.451,73.577,37.2940000000001,,12.1824,18.373,45.133,,46.0146,,,-40.725,485430,195143,776.975,585.15,209.057,856593.176900001,1123.374,157.623,3095.135,56.097,11714,194,92.951,,3095.135,2694.556,0,64.6090000000002,72013,66.1,466.9,3199.386,1301.368,,-527.284,589.451,,39.14,39.14
2020-01-31,"2020-01",27.3271,-2.585,897142,559.703,544.868,1142.367,,5021.9605,354.6717,2318.8587,739.185,182.539,-50.637,-45.021,45731071,318718,170922,77405,63360,266737,19726196.29,0,106.5954,36.302,110.54,868.2705,448.0465,76.3889,,,,0.4742,,67.2645,751.8188,0.091,592.252,88.681,42.399,,15.111,9.594,26.754,,27.3271,,,-2.585,489640,218170,559.703,544.868,223.658,902518.6322,1142.367,106.5954,3169.6669,36.302,5021.9605,354.6717,110.54,,3169.6669,2470.596,,67.2645,63360,63,499.8,3267.9099,1316.317,,-50.637,592.252,,37.128,37.128
2020-02-29,"2020-02",23.0886,-5.478,820616,529.985,551.451,1043.191,,7498.3701,399.563,2180.1299,695.243,208.9066,-100.242,-79.426,42461078,311133,150777,66474,53470,238762,20410981.49,0,105.9979,43.267,116.201,832.8703,394.6548,71.7338,,,,1.0635,,104.5018,669.3077,0.109,535.666,93.769,54.6,,19.2226,11.599,29.716,,23.0886,,,-5.478,461910,186418,529.985,551.451,204.83,828513.9332,1043.191,105.9979,3020.4649,43.267,7498.3701,399.563,116.201,,3020.4649,2329.457,,104.5018,53470,54.9,539.1,3107.3679,1227.5251,,-100.242,535.666,,35.458,35.458
2020-03-31,"2020-03",29.7666,-9.734,828267,803.1208,615.2141,1053.1764,,7749.8574,320.7333,2276.1023,574.132,207.5468,-148.323,-37.515,9152735,318164,163874,80406,59313,206510,24187105.31,0,135.9108,52.856,116.428,856.1753,437.4796,146.8113,,,,6.5905,,102.0441,591.0907,0.13,404.718,79.683,62.815,,16.1418,13.966,34.941,,29.7666,,,-9.734,482038,220125,803.1208,615.2141,170.7803,836337.5906,1053.1764,135.9108,3077.1218,52.856,7749.8574,320.7333,116.428,,3077.1218,2642.2916,,102.0441,59313,33,290.8,3087.5478,1293.6549,,-148.323,404.718,,36.194,36.194
2020-04-30,"2020-04",32.414,-14.185,748464,557.4152,445.1989,859.9586,,3480.6242,147.7256,2114.056,358.108,198.1625,-207.869,-5.087,300517,296507,151293,64594,0,236070,0,,0,56.957,121.384,810.3826,394.9055,162.2628,,,,5.7591,,79.3461,661.3998,5.4908,174.2762,72.7122,56.8506,,13.1819,16.7787,38.6392,,32.414,,,-14.185,447800,129188,557.4152,445.1989,124.7747,752092.3498,859.9586,0,2671.1715,56.957,3480.6242,147.7256,121.384,,2671.1715,1987.3474,,79.3461,0,23.3,193.9,2702.7405,1205.2881,,-207.869,174.2762,,44.397,44.397
2020-05-31,"2020-05",33.9341,-17.758,840617,567.35,494.961,950.047,,3658.6506,150.0074,2300.021,446.096,205.9952,-266.882,6.9733,726861,318557,159413,71796,19972,270879,0,,0,53.518,140.047,871.3528,426.6889,172.3193,,,,7.1999,,95.5568,726.9035,0.117999999999999,252.413,82.1326,54.1904,,15.7899,14.8566,39.0256,,33.9341,,,-17.758,477970,163564,567.35,494.961,95.626,844425.6581,950.047,0,2935.5206,53.518,3658.6506,150.0074,140.047,,2935.5206,2107.984,,95.5568,19972,31,269.6,2986.0463,1298.0417,,-266.882,252.413,6.2073,42.473,42.473
2020-06-30,"2020-06",33.0878,-20.187,855421,834.645,654.296,1004.458,,6456.5847,280.446,2309.7374,665.71,212.6273,-309.0363,24.6003,34778093,324114,161076,73051,38368,258812,361500.25,,0.131100000000004,50.991,141.422,870.596200000001,423.9872,181.1946,,,,9.7646,,106.2863,717.7772,3.8915,469.4055,87.0301,66.1416,,16.9202,12.4833,30.0522,,33.0878,,,-20.187,485190,184470,834.645,654.296,171.404,862158.0305,1004.458,0.131100000000004,3194.2061,50.991,6456.5846,280.446,141.422,,3194.2062,2664.803,,106.2863,38368,40,346.9,3221.1624,1294.5834,,-309.0363,469.4055,6.2011,31.306,31.306
2020-07-31,"2020-07",30.2271,-23.357,896139,695.696,660.87,1195.831,,16074.6126,515.4488,2597.5874,841.536,287.9243,-353.6953,49.6073,46472779,326017,158683,85380,55685,270374,36942021.16,,206.7166,57.905,125.811,880.222699999999,432.1167,120.4764,,,,9.65,,175.4313,772.9738,3.7184,654.1016,118.3199,99.6129,,24.1606,13.6794,32.1514,,30.2271,,,-23.357,484700,226445,695.696,660.87,148.6,912729.0615,1195.831,206.7166,3734.4529,57.905,16074.6127,515.4488,125.811,,3734.4528,2700.997,,175.4313,55685,42.8,377.7,3757.2749,1312.3394,,-353.6953,654.1016,1.8076,33.344,33.344
2020-08-31,"2020-08",-166.4223,-25.94,857180,742.203,631.019,1113.463,,11120.3379,416.3287,2430.617,768.206999999999,273.8491,-382.6583,127.2023,41925717,325505,165135,74530,71483,220527,33126070.97,,181.1384,50.781,107.502,886.1321,442.3649,114.7463,,,,11.9896,,167.4828,626.763,3.7564,606.1676,117.6818,94.7893,,23.8327,12.1224,25.423,,-166.4223,,,-25.94,490640,220543,742.203,631.019,136.053,868716.6667,1113.463,181.1384,3547.2481,50.781,11120.3379,416.3287,107.502,,3547.2481,2622.738,,167.4828,71483,44.2,328.0644,3306.2509,1328.497,,-382.6583,606.1676,,20.368,20.368
2020-09-30,"2020-09",227.4801,-28.968,886677,923.655,713.545,1110.545,,10436.8884,280.488,2503.0707,743.105,226.4416,-425.9883,128.1453,42618000,314814,159056,78389,61577,272841,33813612.62,,186.0999,52.377,84.1969999999999,857.397800000001,425.4214,140.7206,,,,17.7242,,106.047,769.6597,3.7181,602.8129,95.0614,58.5605999999999,,18.3286,17.5636,36.9273,,227.4801,,,-28.968,473870,218355,923.655,713.545,207.223,897394.3763,1110.545,186.0999,3459.7341,52.377,10436.8884,280.488,84.1969999999999,,3459.7341,2954.968,,106.047,61577,41.2,377.0553,3700.0973,1282.8192,,-425.9883,602.8129,,32.742,32.742
2020-10-31,"2020-10",28.0805,-33.545,830880,634.93,612.073,1066.361,,7027.21649999999,217.2064,2489.9579,613.305,191.9972,-475.4343,141.5322,43968987,306600,160010,34777,58450,271043,33897251.19,,184.5414,50,90.3910000000001,838.121899999999,430.494,154.6326,,,,31.8457,,89.0218000000001,761.3005,3.0855,469.828500000001,78.0821,53.2482,,16.1679,14.6186,29.8804,,28.0805,,,-33.545,466610,128004,634.93,612.073,248.701,838124.4229,1066.361,184.5414,3282.7045,50,7027.21649999999,217.2064,90.3910000000001,,3282.7045,2562.065,,89.0218000000001,58450,40.8,405.6369,3323.3406,1268.6159,,-475.4343,469.828500000001,0.558,36.025,36.025
2020-11-30,"2020-11",23.1609,-35.565,841385,600.343999999999,572.462,1027.853,,7082.2521,271.127,2223.9384,748.9199,148.6956,-521.0193,151.5332,44460115,243974,161706,82257,76074,277374,34332466.39,,188.735,41.5649,65.116,662.349400000001,427.0238,82.1287,,,,28.3202,,55.9685999999999,779.4126,1.849,640.389999999999,56.3254000000001,28.9382000000001,,12.3994,15.0656,35.9671,,23.1609,,,-35.565,405680,240588,600.343999999999,572.462,282.89,848738.3791,1027.853,188.735,3107.1108,41.5649,7082.2521,271.127,65.116,,3107.1108,2483.549,,55.9685999999999,76074,43.2,424.5383,3144.7129,1089.3732,,-521.0193,640.389999999999,0.420999999999999,32.964,32.964
2020-12-31,"2020-12",-276.5456,-38.1055,808549,795.4294,610.784000000001,1198.1755,,8748.47020000001,342.6984,2249.9589,696.1771,167.8989,-577.2182,232.3105,44981834,309894,170766,83191,44116,200582,34375992.23,,187.1698,45.1789,71.0477000000001,834.936400000001,447.4528,95.0967000000001,,,,62.9037,,69.7067,552.692900000001,1.1197,578.8309,66.8279999999999,46.4122,,4.5171,15.075,35.0664,,-276.5456,,,-38.1055,480660,210498,795.4294,610.784000000001,152.9805,817640.1686,1198.1755,187.1698,3172.1165,45.1789,8748.47020000001,342.6984,71.0477000000001,,3172.1165,2757.3694,,69.7067,44116,49.9,506.5712,3150.0084,1282.3892,,-577.2182,578.8309,,40.0506,40.0506
2021-01-31,"2021-01",22.9724,-2.603,860094,593.4297,517.1748,1149.2501,,10247.4219,372.0582,2448.5707,649.266,205.6067,-55.0682,-59.9122,34916451,320507,147329,82430,36916,272912,32320499.77,,173.3024,49.8808,91.0303,867.0153,379.012,121.1402,,,,72.9814,,87.5784,747.541,5.4457,502.9093,92.7899,53.7531,,5.014,15.8211,38.2285,,22.9724,,,-2.603,467836,201776,593.4297,517.1748,209.311,870713.4801,1149.2501,173.3024,3208.8324,49.8808,10247.4219,372.0582,91.0303,,3208.8324,2469.1656,,87.5784,36916,54.7111,522.8173,3326.4159,1246.0273,,-55.0682,502.9093,7.2855,39.4209,39.4209
2021-02-28,"2021-02",26.7336,-6.1068,732391,515.6799,498.6963,1000.8019,,5831.2741,260.9962,2081.7461,626.6045,173.9198,-94.3346,-54.9627,39194452,294617,77448,71995,44932,243399,30602382.91,,165.1149,47.8324,74.5055,799.1981,197.6547,130.5232,,,,53.3028,,64.2904,671.662,7.371,496.8955,73.1688,38.4811,,5.4398,17.7809,39.0492,,26.7336,,,-6.1068,372065,188922,515.6799,498.6963,218.7525,738483.2704,1000.8019,165.1149,2871.1833,47.8324,5831.2741,260.9962,74.5055,,2871.1833,2233.9307,,64.2904,44932,61.4845,555.7463,2909.0039,996.8528,,-94.3346,496.8955,7.7095,28.447,28.447
2021-03-31,"2021-03",41.0358,-9.2453,881449,795.6941,644.1359,1091.4332,,1779.4808,243.5458,2444.97,611.5331,195.5129,-140.0865,-105.44,7468280,336984,88486,83045,75691,297243,34565641.53,,184.7073,47.8347,129.3531,917.0991,228.5136,146.7702,,,,43.0505,,90.8665,833.9628,6.6641,427.6811,82.3734,53.0221,,6.3943,16.838,36.8782,,41.0358,,,-9.2453,425470,241781,795.6941,644.1359,239.2499,883472.0264,1091.4332,184.7073,3193.6841,47.8347,1779.4807,243.5458,129.3531,,3193.6841,2770.513,,90.8665,75691,65.1759,547.4962,3293.0448,1145.6127,,-140.0865,427.6811,6.1611,33.8151,33.8151
2021-04-30,"2021-04",34.2088,-12.2478,836930,574.9597,590.6362,1051.1429,,2942.3488,256.0046,2353.7939,719.3754,185.2908,-179.4289,-149.3537,34883636,297980,157270,77840,71953,231887,33670948.91,,182.6784,48.5407,115.0453,812.2739,419.876,182.9486,,,,40.7291,,74.7867,640.5012,8.9758,546.8137,72.3679,57.8836,,5.0288,14.7859,34.9487,0.2758,34.2088,,,-12.2478,455250,227633,574.9597,590.6362,241.7259,840128.3535,1051.1429,182.6784,3206.4102,48.5407,2942.3489,256.0046,115.0453,,3206.4102,2458.4647,,74.7867,71953,64.77,483.2157,3292.6759,1232.1499,,-179.4289,546.8137,5.6558,28.1383,28.1383
2021-05-31,"2021-05",36.7433,-16.3804,885198,613.8157,598.5803,1058.6024,,3903.7456,246.8323,2565.1891,565.4639,257.7181,-225.6364,-210.9102,3450630,306050,167450,80700,59676,271322,34504117,,185.912,59.5893,124.4782,827.9914,432.9727,168.7551,,,,38.8575,,148.4034,762.297,8.4335,372.9629,109.7051,79.8203,,20.842,13.9559,32.3203,1.0746,36.7433,,,-16.3804,473500,221076,613.8157,598.5803,174.4065,889348.5779,1058.6024,185.912,3313.2179,59.5893,3903.7456,246.8323,124.4782,,3313.2179,2445.4049,,148.4034,59676,68.0433,483.2049,3425.1144,1260.9641,,-225.6364,372.9629,7.0358,33.8388,33.8388
2021-06-30,"2021-06",16.4689,-19.2573,889164,846.3751,736.1233,1117.4369,,4591.2595,270.6419,2581.2975,698.2188,277.5919,-266.6649,-221.2858,35703770,303589,172191,83930,39413,290041,29615550.19,,161.8082,49.3831,126.3577,801.5618,432.8639,190.761,,,,38.1867,,141.0751,815.0408,18.3025,504.1755,121.7898,88.0886,,26.5142,12.1407,27.8377,1.2209,16.4689,,,-19.2573,475780,207273,846.3751,736.1233,174.6708,894025.9013,1117.4369,161.8082,3519.296,49.3831,4591.2595,270.6419,126.3577,,3519.296,2874.6061,,141.0751,39413,73.0673,574.8545,3573.577,1234.4257,,-266.6649,504.1755,6.6465,30.3147,30.3147
2021-07-31,"2021-07",28.6412,-23.2739,891484,691.5517,664.6724,1188.9579,,25392.9252,923.6975,2569.5936,880.7061,302.4675,-320.9445,-152.6742,48173990,325814,180416,88790,43426,253038,40499795.11,,226.8218,61.291,126.0795,862.3974,447.488,121.6574,,,,39.8675,,172.6832,698.6782,22.5102,670.8254,123.0399,97.4106,,28.7469,14.7647,35.7837,2.7216,28.6412,,,-23.2739,506230,221006,691.5517,664.6724,150.6756,917800.6228,1188.9579,226.8218,3791.7238,61.291,25392.9252,923.6975,126.0795,,3791.7238,2695.8576,,172.6832,43426,74.3895,646.8638,3781.4084,1309.8854,,-320.9445,670.8254,7.594,39.222,39.222
2021-08-31,"2021-08",27.5727,-26.4671,912372,751.392,701.6774,1196.9389,,19393.5184,456.2921,2565.982,904.5137,263.7343,-358.8707,-70.8381,43722625,349054,168776,86085,80974,227483,38305841.57,,213.277,42.7308,117.6773,924.5769,436.9488,171.8245,,,,37.5488,,138.5775,643.2285,19.5999,724.5056,118.5402,83.8376,,25.5812,10.1551,22.8846,2.7357,27.5727,,,-26.4671,517830,253144,751.392,701.6774,185.8836,932221.8106,1196.9389,213.277,3802.5194,42.7308,19393.5184,456.2921,117.6773,,3802.5194,2835.892,,138.5775,80974,70.021,675.985,3761.8028,1361.5257,,-358.8707,724.5056,6.3333,28.3756,28.3756
2021-09-30,"2021-09",13.5057,-30.8989,955098,933.2759,759.553199999999,1157.8377,,26739.403,873.5147,2634.594,729.942,197.9167,-397.8441,-22.7371,21049623,319584,169756,84218,78865,302675,38175911.46,,215.6398,33.7743,78.2593000000001,867.1002,439.8647,131.3698,,,,27.7495,,95.1727,857.6975,19.1149,598.7936,87.7357000000001,56.9556,,17.525,10.5443,21.7555,3.4006,13.5057,,,-30.8989,489340,247301,933.2759,759.553199999999,227.0537,982710.9176,1157.8377,215.6398,3580.6542,33.7743,26739.403,873.5147,78.2593000000001,,3580.6543,3077.7204,,95.1727,78865,74.5982,733.975,3575.9584,1306.9649,,-397.8441,598.7936,5.2702,28.0818,28.0818
2021-10-31,"2021-10",25.4012,-36.7483,869199,658.331,668.7488,1130.3472,,13843.0175,490.0161,2570.333,707.2947,220.897,-432.3064,-81.6109,45311634,310690,168420,30242,70131,289716,35835084.99,,198.2076,67.166,89.9707000000001,870.8674,447.143,132.2037,,,,42.742,,74.8942,804.275,22.0108,528.147199999999,91.3946,40.8485999999999,,15.9413,20.8631,48.9597,2.8897,25.4012,,,-36.7483,479110,130615,658.331,668.7488,164.1334,883532.033600001,1130.3472,198.2076,3424.7406,67.166,13843.0175,490.0161,89.9707000000001,,3424.7405,2621.5603,,74.8942,70131,83.4,848.7,3523.9259,1318.0104,,-432.3064,528.147199999999,8.6208,25.075,25.075
2021-11-30,"2021-11",30.4799,-40.6211,917099,584.7639,613.5935,1087.6654,,80832.1713,1148.75,2288.4234,823.7236,175.0063,-486.4437,-92.4057,0,298182,168868,81955,73296,294798,0,,0,45.4521,72.3272999999999,806.096799999999,438.36,94.1685,,,,72.6573,,60.4573,816.683499999999,17.2199,688.724300000001,82.2746000000001,33.125,,12.2897,13.0893,31.9812,2.2464,30.4799,,,-40.6211,467050,237206,584.7639,613.5935,255.128,999079.921399999,1087.6654,0,3248.8283,45.4521,80832.1713,1148.75,72.3273999999999,,3248.8283,2541.1508,,60.4573,73296,81.4,800.5,3317.6332,1244.4568,,-486.4437,688.724300000001,6.0273,39.9121,39.9121
2021-12-31,"2021-12",13.6797,-43.5563,973861,838.508200000001,672.3509,1142.5503,,100099.7477,1299.3387,2363.0492,914.3592,188.1429,-541.461,-163.1959,0,333134,177211,84165,77058,302293,0,,0,53.2862,67.5681999999999,880.1731,453.0505,75.0111999999999,,,,52.9489,,64.3238000000001,837.541700000002,16.3764,777.1284,62.5727999999999,43.0630000000001,,14.4427,19.0002,45.672,3.3924,13.6797,,,-43.5563,510345,245388,838.508200000001,672.3509,273.4842,1075260.0863,1142.5503,0,3350.4882,53.2862,100099.7477,1299.3387,67.5681,,3350.4882,2926.8937,,64.3238000000001,77058,74.3,728.8,3479.231,1333.2237,,-541.461,777.1284,8.03280000000001,39.7039,39.7039
2022-01-31,"2022-01",15.3144,-3.0929,979130,596.7152,573.6048,1117.384,,66398.9864,844.7972,2390.3752,803.0701,232.0715,-57.7493,-57.1192,0,332056,173154,89990,73155,310775,0,,0,66.3753,61.5293,896.4484,455.9742,72.8147,,,,36.4981,,79.3281,849.3117,16.383,658.7825,72.9312,60.4747,,17.4331,23.4318,54.917,2.8838,15.3144,,,-3.0929,505210,253135,596.7152,573.6049,223.9201,1046373.7836,1117.384,,3322.87,66.3753,66398.9864,844.7972,61.5293,,3322.87,2511.6241,,79.3281,73155,85.4924,852.6807,3440.8313,1352.4226,,-57.7493,658.7825,8.3737,41.7849,41.7849
2022-02-28,"2022-02",11.7896,-5.8373,823769,530.3387,570.571,1016.3131,,88595.4669,1241.8173,2017.2941,829.4258,214.1109,-102.7562,-12.9512,0,276852,155688,82575,58893,249761,0,,0,55.1556,70.5185,753.7318,411.8112,50.4973,,,,34.1285,,85.0131,679.9698,15.847,687.9047,77.1495,56.2811,,16.7099,17.5299,41.7213,4.719,11.7896,,,-5.8373,432540,224043,530.3387,570.5709,203.7606,913606.2842,1016.3131,,3069.0368,55.1556,88595.4669,1241.8173,70.5185,,3069.0368,2320.9834,,85.0131,58893,95.7625,858.9431,3072.6203,1165.543,,-102.7562,687.9047,6.7999,31.7652,31.7652
2022-03-31,"2022-03",20.9507,-8.8617,919647,813.8057,665.1246,1138.2698,,95635.1092,1288.9824,2248.0392,904.6616,243.3418,-161.1315,-34.9709,0,271096,169014,92555,77233,309749,0,,0,47.4541,68.4839,737.3013,430.9455,76.2588,,,,63.7876,7.0039,113.382,819.36,20.1935,768.5302,96.5799,72.9557,,18.5915,15.6005,36.6477,2.9666,20.9507,,,-8.8617,440110,262343,813.8057,665.1246,210.3466,1016571.0916,1138.2698,,3333.5741,47.4541,95635.1092,1288.9824,68.4839,,3333.5741,2827.5467,,113.382,77233,115.5904,946.1609,3416.9934,1168.2468,,-161.1315,768.5302,5.5484,42.6496,42.6496
2022-04-30,"2022-04",37.2715,-11.8163,907150,602.0382,580.4853,1090.3606,,59343.4529,605.4343,2339.1104,746.6553,225.9358,-215.2881,10.6453,0,293150,165930,85955,64956,297159,0,,0,49.9979,76.3996,764.8261,436.8005,143.7147,,,,60.8129,10.2762,113.7191,808.9607,21.6291,598.6286,84.4703,70.395,,17.9765,14.2643,32.5311,6.2985,37.2715,,,-11.8163,459080,236866,602.0382,580.4853,236.1302,967098.8872,1090.3606,,3337.4779,49.9979,59343.4529,605.4343,76.3996,,3337.4779,2509.0144,,113.7191,64956,105.8,871.3,3348.9729,1201.6266,,-215.2881,598.6286,4.4283,39.1525,39.1525
2022-05-31,"2022-05",29.7686,-15.3761,930690,639.6749,677.5533,1147.1208,,92080.454,783.663700000001,2481.6954,856.3855,224.0888,-261.8356,48.696,0,303344,306017,89595,63971,167763,0,,0,54.4289,69.1415,851.6966,445.4943,161.7654,,,,53.1647,19.1484,94.6606,855.7655,20.7026,712.1126,92.3623,56.8416,,18.829,15.1632,36.7239,4.1689,29.7686,,,-15.3761,609361,243161,639.6749,677.5533,243.496,1023554.1177,1147.1208,,3579.8817,54.4289,92080.454,783.663700000001,69.1415,,3579.8817,2707.845,,94.6606,63971,112.4,852.3,3591.9383,1297.1909,,-261.8356,712.1126,5.4291,32.9705,32.9705
2022-06-30,"2022-06",22.618,-18.1086,885538,872.6482,799.9172,1188.904,,122964.7907,1280.968,2315.7222,952.6448,285.265,-289.9444,253.8987,0,320173,144137,87076,65680,268472,0,,0,49.4435999999999,59.1934000000001,880.5885,374.9129,131.2264,,,,29.946,27.8862,146.3926,724.7698,18.5879,825.4197,119.7147,93.4411,,27.4285,12.2739,27.3669,5.0398,22.618,,,-18.1086,464310,239832,872.6482,799.9172,208.961,1009783.7588,1188.904,,3750.6114,49.4435999999999,122964.7907,1280.968,59.1934000000001,,3750.6114,3070.4303,,146.3926,65680,119.9,773.8,3576.25,1255.5014,,-289.9444,825.4197,5.8849,19.9618,19.9618
2022-07-31,"2022-07",40.229,-21.0424,982322,752.387200000001,685.3716,1280.1362,,93220.2463,860.6596,2624.8517,915.2537,299.9063,-317.0466,406.4749,4766387,326917,173603,90050,74716,317036,1398151.59,,6.6731,59.4712,61.3462,926.865299999999,459.2392,125.5228,,,,30.8339,33.0017,162.0631,880.6525,19.538,774.8983,121.9348,86.6598,,28.8828,17.7434,39.5979,5.0877,40.229,,,-21.0424,500520,254816,752.387200000001,685.3716,148.3657,1076402.9058,1280.1362,,4002.781,59.4712,93220.2463,860.6596,61.3462,,4002.781,2866.2608,,162.0631,74716,108.6,659.6,3880.2408,1386.1045,,-317.0466,774.8983,6.4817,20.2404,20.2405
2022-08-31,"2022-08",29.1107,-24.5746,922013,771.1951,755.4977,1289.3273,,131401.5996,1223.2844,2566.8711,925.228599999999,296.6279,-343.1662,698.3606,4970653,316442,166588,86666,39804,312513,1395769.6,,6.7943,40.5642,49.6825,906.2873,445.5329,104.0547,,,,29.9564,20.7489,173.6361,879.8605,17.9701,817.0118,128.4151,103.4399,,30.891,9.3185,18.9453999999999,5.618,29.1107,,,-24.5746,483030,213136,771.1951,755.4977,186.8438,1054637.8839,1289.3273,6.7943,4080.072,40.5642,131401.5996,1223.2844,49.6825,,4080.072,3002.8637,,173.6361,39804,98.6,597.3,3817.8381,1351.8201,,-343.1662,817.0118,5.4179,18.1436,18.1435
2022-09-30,"2022-09",24.0684,-29.22,844811,997.3382,789.1905,1180.817,,118559.4696,1056.5698,2463.1617,765.2141,213.2478,-370.7667,941.236,11554455,303640,159890,32481,47066,301734,8020246,,41.6838,41.1088,42.0156000000001,863.177500000001,445.8098,113.994,,,,42.3868,26.5059,104.79,824.814,17.6267,664.463199999999,83.2411,70.3618,,18.3911,10.7694,25.7619,4.7225,24.0684,,,-29.22,463530,112028,997.3382,789.1905,253.1835,964427.0395,1180.817,41.6838,3676.3216,41.1088,118559.4696,1056.5698,42.0156000000001,,3676.3216,3220.5294,,104.79,47066,90.2,611.6,3465.692,1308.9874,,-370.7667,664.463199999999,5.3281,20.1221,20.1221
2022-10-31,"2022-10",23.8245,-32.9761,858635,681.355699999999,693.8248,1170.2037,,93650.3107,1234.8058,2246.9034,931.549,169.8224,-406.4913,1181.0395,22679006,253009,163231,82213,64652,295530,5324742.93,,24.908,36.8767,50.7568,718.517399999999,448.3386,80.7916,,,,35.697,15.6379,74.4171000000001,848.5958,18.3369,825.578500000001,71.8102,42.8107,,14.3394,13.66,25.9878,1.2142,23.8245,,,-32.9761,416240,229078,681.355699999999,693.8248,288.764,953520.1165,1170.2037,24.908,3572.4221,36.8767,93650.3107,1234.8059,50.7568,,3572.4221,2834.148,,74.4171000000001,64652,93.1,634.6,3372.0993,1166.856,,-406.4913,825.578500000001,3.9365,25.1757,25.1757
2022-11-30,"2022-11",38.8841,-36.2048,836379,589.9672,660.1604,1098.1932,,56570.2463,709.186,2265.3604,807.6916,170.4487,-434.119,1276.3598,40081092,294066,154164,70963,51468,265718,5970017.38,,29.0096,31.8533,36.9920999999999,822.426600000001,415.779,91.6222,,,,53.5517,17.8583,74.3960999999999,760.7167,18.8318,720.0144,80.4204000000001,33.2663,,15.8261,11.644,24.8434,4.4485,38.8841,,,-36.2048,448230,193394,589.9672,660.1604,288.4863,893658.432300001,1098.1932,29.0096,3346.8487,31.8533,56570.2467,709.1859,36.9920999999999,,3346.8487,2636.8073,,74.3960999999999,51468,91.1,632.9,3282.3849,1238.2056,,-434.119,720.0144,2.9174,19.7454,19.7454
2022-12-31,"2022-12",34.6306,-40.6868,854295,845.3431,646.6993,1120.1029,,54854.3449,533.356900000001,2257.1335,718.395399999999,144.35,-459.187,1396.882,40131200,315390,165420,44778,53216,275491,3213.28999999911,,0,40.7886999999999,33.3221,854.923000000001,433.8976,77.9460999999999,,,,51.1923,25.4531,49.6931999999999,764.028200000001,16.3024,627.9821,51.9621,34.5020000000001,,6.6404,13.5492,32.2123,5.4842,34.6306,,,-40.6868,480810,142772,845.3431,646.6993,303.6534,909682.7018,1120.1029,0,3245.48160000001,40.7886999999999,54854.3439999999,533.356900000001,33.3221,,3245.48160000001,2915.7986,,49.6931999999999,53216,79.9,574.6,3154.5094,1288.8206,,-459.187,627.9821,3.4875,17.458,17.458
2023-01-31,"2023-01",14.4691,-3.2717,835227,583.1836,597.0808,1151.5643,,33388.2993,317.3688,2265.2173,736.1054,220.0811,-14.9199,131.6919,48581452,323051,155959,69105,38074,249038,12114,,0,42.3421,30.1731,870.3843,400.8363,112.7111,,,0.0053,52.5875,34.6552,100.5612,693.4765,18.5074,645.0828,98.8431,52.4095,,19.0532,14.2644,30.5014,5.0095,14.4691,,,-3.2717,479010,176284,583.1836,597.0808,223.3008,868932.6681,1151.5643,0,3349.3732,42.3421,33388.2994,317.3688,30.1731,,3349.3732,2555.1295,,100.5612,38074,83.1,675,3235.8729,1271.2206,,-14.9199,645.0828,4.6181,11.27,11.27
2023-02-28,"2023-02",12.0127,-6.3649,771387,558.0695,563.7175,1070.001,,45351.3515,397.225,2039.2082,782.5377,173.1153,-36.3619,318.8042,38997483,306403,147667,71392,60380,185545,11679737.99,,60.1038,51.3673,26.3848,825.7513,389.4351,93.7106,,,3.0681,51.2841,38.0362,52.0843,525.7397,16.4701,688.3156,60.79,36.8649,,9.5077,19.6424,42.5035,3.8069,12.0127,,,-6.3649,454070,203164,558.0695,563.7175,310.6983,817135.5765,1070.001,,3169.451,51.3673,45351.3514,397.225,26.3848,,3169.451,2502.4862,,52.0843,60380,82.7,719.1,3006.8739,1215.1864,,-36.3619,688.3156,4.9994,14.5571,14.5572
2023-03-31,"2023-03",25.3878,-9.1523,789577,817.2182,731.1418,1177.6611,,38555.4868,254.6891,2327.9515,822.3668,253.0236,-53.5727,453.6851,44885234,303342,165388,76396,65831,178620,29385909.71,,163.5982,36.6146,37.5169,856.456,415.8915,209.0636,,,34.3545,46.2238,28.5762,101.8914,474.9645,25.5689,722.6663,137.5513,52.7673,,19.0472,10.7409,26.956,5.9607,25.3878,,,-9.1523,468730,218623,817.2182,731.1418,292.9187,828387.1759,1177.6611,,3543.6123,36.6146,38555.4868,254.6891,37.5169,,3543.6123,3018.9399,,101.8914,65831,78.5,622.7,3428.7296,1272.3475,,-53.5727,722.6663,5.313,12.5452,12.5451
2023-04-30,"2023-04",23.2165,-11.9418,820802,730.9246,639.8525,1087.0209,,14638.1785,205.0375,2385.6054,695.8845,252.8511,-72.8355,558.0492,42805435,303581,148199,63142,58034,247846,28055513,,150.765,38.1148,50.81,819.5128,362.5367,178.2394,,,75.9498,33.7338,30.8153,94.2024,674.2048,25.8646,581.095,131.9824,57.7197,,16.2912,12.1614,28.3754,6.3211,23.2165,,,-11.9418,451780,184318,730.9246,639.8525,248.3717,835645.216,1087.0209,,3439.8694,38.1148,14638.1785,205.0375,50.81,,3439.8694,2706.1697,,94.2024,58034,84,565.1,3357.5576,1182.0495,,-72.8355,581.095,4.6913,13.372,13.372
2023-05-31,"2023-05",16.8638,-14.8469,859631,546.9174,728.4545,1177.8693,,15380.8751,196.4329,2569.8534,734.2285,262.5777,-83.4478,673.9202,43733711,332930,107190,79756,57743,282012,30675409,,164.9104,31.9224,38.1254,901.6134,278.541,203.7395,,,120.2835,40.9982,23.6694,106.8546,805.193,24.8118,639.369,151.383,68.0598,,14.4156,7.79179999999999,16.0403,4.8872,16.8638,,,-14.8469,440120,217255,546.9174,728.4545,294.6189,875208.3081,1177.8693,,3685.8771,31.9224,15380.8751,196.4329,38.1254,,3685.8771,2747.8601,,106.8546,57743,75.7,428.7,3583.5234,1180.1544,,-83.4478,639.369,3.9645,7.41549999999999,7.41549999999999
2023-06-30,"2023-06",33.7465,-17.4329,901622,869.297500000001,774.7018,1208.6404,,22916.4065,348.0812,2619.3969,839.6215,219.598,-100.572,716.64,43394047,310544,155466,77912,72808,284892,30021772,,166.4339,46.6621,62.4547,842.9419,410.1257,210.5783,,,155.1796,35.3705,33.4755,70.0102,815.565,24.5109,705.9938,105.8889,50.5936,,11.6353,14.6804,32.8646,3.9352,33.7465,,,-17.3982,466010,228632,869.297500000001,774.7018,155.2646,924886.4877,1208.6404,,3735.407,46.6621,22916.4065,348.0812,62.4547,,3735.3724,3007.9043,,70.0102,72808,74.9,373.1,3712.3629,1253.0676,,-100.572,707.0448,5.8828,11.6267,11.6267
2023-07-31,"2023-07",25.5009,-21.3845,900993,788.498399999999,765.9314,1333.3137,,52761.1552,731.0144,2838.5712,825.511100000001,366.1141,-115.8457,891.1051,47687067,341930,168430,38581,66924,285128,26243465,,140.8268,40.1964,49.6375,927.7335,447.2361,184.3457,,,241.725,34.8737,21.8555,175.48,819.6745,24.0722,711.6051,196.603,111.531,,28.2341,7.42099999999999,15.5135,6.8114,25.5009,,,-21.3845,510360,144086,788.498399999999,765.9314,160.7866,954485.1694,1333.3137,,4210.9025,40.1964,52761.1552,731.0144,49.6375,,4210.9371,3048.5301,,175.48,66924,80.1,443.4,4055.6973,1374.9696,,-115.8457,710.5541,5.3782,10.7481,10.7481
2023-08-31,"2023-08",37.7226,-24.972,831932,814.9191,815.3633,1399.2222,,87885.7911,1092.749,2742.4411,843.2512,351.7085,-131.9328,1267.8266,48132401,313292,167768,0,74432,276440,33008099,,181.6693,43.7891,39.2774,861.6487,451.625,139.918,,,366.9378,28.3665,29.4579,133.8171,790.726,24.2896,735.8949,209.2512,76.6449,,22.6332,12.3321,24.8575,5.9896,37.7226,,,-24.972,481060,74432,814.9191,815.3633,148.2395,920910.5402,1399.2222,,4332.1703,43.7891,87885.7911,1092.749,39.2774,,4332.1703,3177.7441,,133.8171,74432,86,519.2,3975.1234,1313.2737,,-131.9328,735.8949,6.0257,11.4892,11.4892
2023-09-30,"2023-09",31.723,-29.3878,805504,1002.8312,810.967000000001,1192.0368,,35544.0969,401.6434,2576.0681,657.5747,314.3462,-144.7804,1437.9725,41966681,314594,136436,17190,66750,270534,32016525,,176.1359,38.7762,45.7876,866.0879,349.5295,149.5279,,,490.6579,32.0173,29.7905,67.7665,781.4922,21.4211,551.5899,201.7305,50.6625999999999,,15.4129,13.8207,30.4957,2.224,31.723,,,-29.3878,451030,101130,1002.8312,810.967000000001,162.5386,841449.7403,1192.0368,176.1359,3732.5945,38.7762,35544.0969,401.6434,45.7876,,3732.5945,3168.3737,,67.7665,66750,94,564.4,3579.712,1215.6174,,-144.7804,551.5899,5.9269,8.7201,8.7201
2023-10-31,"2023-10",29.4322,-32.0709,858189,680.964800000001,746.7242,1223.341,,36439.9341,722.6701,2522.3886,811.339,279.0623,-171.3643,1586.1104,32704466,277791,166349,76277,73908,263864,32128755,,175.9607,53.4587,39.5281,777.856200000001,429.7719,134.8191,0.008,,596.8846,42.5302,36.5971,64.4788,754.140100000001,20.6209,697.7313,164.1232,35.4201,,13.4873,18.7848,44.9188,2.328,29.4322,,,-32.0709,444140,226462,680.964800000001,746.7242,196.9043,895351.604300001,1223.341,175.9607,3761.09310000001,53.4587,36439.9341,722.6701,39.5281,,3761.09310000001,2847.9343,,64.4787,73908,90.9027,534.9,3642.2222,1207.6281,,-171.3643,697.7313,7.1821,19.8208,19.8208
2023-11-30,"2023-11",11.3254,-34.9122,779928,628.1578,681.8089,1129.1349,,24302.8807,290.2906,2334.906,718.3077,273.9939,-198.5364,1743.3064,31207461.4847,262160,144250,66695,69195,237628,27457626,,147.4529,38.9878,58.6881,735.396499999999,379.0858,139.5069,0.8541,,713.0561,41.8299,29.6563,74.0101000000001,670.9499,19.6312,601.0007,172.3506,43.87,,15.0109,11.6673,27.2042,3.89089999999999,11.3254,,,-34.9122,406410,202585,628.1578,681.8089,211.6363,804521.1712,1129.1349,147.4529,3465.7156,38.9878,24302.8807,290.2906,58.6881,,3465.7156,2650.7379,,74.0102000000001,69195,83.1629,540.9,3338.533,1114.4823,,-198.5364,601.0007,5.9507,19.4076,19.4076
2023-12-31,"2023-12",6.52449999999999,-38.1448,841894,828.601900000001,738.226100000001,1182.7595,,40899.5451,416.284,2498.5292,737.5802,250.4747,-229.3011,1849.4806,34682106,287119,163151,75820,53131,262673,27669362.07,,147.9797,28.9143,37.4094,811.887200000001,415.9467,129.5375,8.8835,,816.325,43.0918,28.4026,58.7021999999999,751.6833,17.1802,654.0763,162.0367,37.3804,,15.0235,9.92170000000002,21.7773,4.3351,6.52449999999999,,,-38.1448,450270,204771,828.601900000001,738.226100000001,245.7885,883209.8291,1182.7595,147.9797,3565.2853,28.9143,40899.5451,416.284,37.4094,,3565.2853,2995.3758,,58.7021999999999,53131,77.8595,591.6,3493.1085,1227.8339,,-229.3011,654.0763,4.68900000000001,21.7905,21.7905
2024-01-31,"2024-01",10.2253,-2.692,821578,605.4087,659.0744,1199.1501,,34816.8081,240.1544,2511.871,729.9704,289.5156,-32.3703,38.2219,41269019,294096,158814,77137,34546,256985,29906684,,158.3622,50.2356,39.6021,818.7639,415.7242,110.6932,14.7973,,107.1386,47.7825,33.8566,67.6217,737.1308,17.7347,622.398,161.2904,50.9173,,15.9066,16.4417,40.964,3.9957,10.2253,,,-2.692,452910,188820,605.4087,659.0744,208.3711,856634.9625,1199.1501,158.3622,3544.7419,50.2356,34816.808,240.1544,39.6021,,3544.7419,2672.0043,,67.6217,34546,80.2291,571.7,3541.5823,1234.4881,,-32.3703,622.398,8.0283,23.2394,23.2394
2024-02-29,"2024-02",12.058,-5.9832,738260,574.7393,628.5426,1118.6232,,34161.2257,251.1111,2214.5371,720.5072,344.8326,-66.7535,118.1494,38276828,268519,135341,68429,47436,218535,1670919,,10.1095,57.7,41.8886,755.7466,347.908,119.4955,35.4909,,241.7985,66.2461,44.5985,112.5012,602.5782,20.1248,600.7938,186.9107,70.0786,,21.252,19.0861,42.9116,4.5935,12.058,,,-5.9832,403860,184294,574.7393,628.5426,154.7051,772672.3368,1118.6232,10.1095,3334.188,57.7,34161.2258,251.1111,41.8886,,3334.188,2476.6102,,112.5012,47436,83.7671,583.1,3291.9349,1103.6546,,-66.7535,600.7938,9.8875,24.4352,24.4352
2024-03-31,"2024-03",10.5692,-9.9791,789234,838.5785,738.8708,1191.0716,,15149.0029,374.336,2433.5599,657.485,288.1729,-105.6663,370.7493,40854253,309233,148027,58743,44295,228936,22268471,,115.765,59.0583,60.63,854.8293,366.932,127.5932,78.4261,1.9893,346.5282,70.3664,37.791,87.5789,623.05,22.4292,515.3674,155.0427,53.4918,,13.6541,18.7513,39.6451,7.588,10.5692,,,-9.9791,457260,161781,838.5785,738.8708,231.1511,804757.3389,1191.0716,115.765,3599.4781,59.0583,15149.0029,374.336,60.63,,3599.4781,2999.6719,,87.5789,44295,85.5167,556.4,3389.7869,1221.7613,,-105.6663,515.3674,8.8001,27.4053,27.4053
2024-04-30,"2024-04",13.9381,-13.2551,699332,620.2285,658.199,1113.7346,,20524.9916,234.914,2237.0135,626.7971,323.6141,-141.7515,638.5057,35394029,309886,143724,64923,40442,140357,29917310,,161.3115,48.5959,58.3919,828.0528,363.6818,149.5957,119.0736,21.2769,461.1991,51.6578,29.0982,99.6792,379.3302,23.6036,496.2058,189.4194,65.7035,,17.2544,15.0156,31.0531,5.168,13.9381,,,-13.2551,453610,170288,620.2285,658.199,164.8775,720091.9057,1113.7346,161.3115,3429.7581,48.5959,20524.9916,234.914,58.3919,,3429.7581,2557.0397,,99.6792,40442,90.0545,536.8,3201.3629,1191.7346,,-141.7515,496.2058,7.0214,25.7702,25.7702
2024-05-31,"2024-05",21.1331,-16.4183,688397,638.3891,776.0783,1220.0974,,33602.5186,410.9763,2376.4113,785.2183,404.8269,-185.9378,941.9143,43634458,309504,150436,79799,35837,112821,32781529,,179.5003,55.8775,69.2169,859.8049,392.5948,156.4177,196.6173,55.1862,611.3661,35.6731,33.0058,143.0186,314.7763,24.3483,635.7756,231.6865,94.3255,,24.8705,14.3938,32.761,6.7897,21.1331,,,-16.4183,459940,195435,638.3891,776.0783,168.6127,722410.4948,1220.0974,179.5003,3843.6485,55.8775,33602.5186,410.9763,69.2169,,3843.6485,2803.1775,,143.0186,35837,82.1166,464.7,3587.7383,1252.3997,,-185.9378,635.7756,8.4416,26.753,26.753
2024-06-30,"2024-06",15.4771,-19.4317,715905,883.0812,758.4602,1164.9429,,32788.3108,386.8107,2409.6461,749.3541,392.536,-228.5364,1144.6462,40407928,299105,140895,78056,39509,158340,22255226,,120.6396,58.5948,52.8847,833.8705,382.4611,167.0305,263.2118,92.8923,760.5095,40.1026,38.1994,138.5739,435.3245,23.2492,614.6254,221.8624,87.6413,,23.8273,15.3399,39.3534,4.5115,15.4771,,,-19.4317,440000,195621,883.0812,758.4602,150.664,749080.1215,1164.9429,120.6396,3724.1334,58.5948,32788.3108,386.8107,52.8847,,3724.1334,2957.1482,,138.5739,39509,82.5563,500.8,3566.8646,1216.3316,,-228.5364,614.6254,10.4743,18.2387,18.2387
2024-07-31,"2024-07",12.1404,-22.8997,825915,736.8163,842.7767,1414.1181,,75728.3591,975.1594,2749.8947,986.440000000001,450.8739,-275.8868,1454.5873,45322489,289457,149913,86008,56122,244415,34115864,,191.2907,49.799,69.5379,811.4369,395.0238,119.4965,344.0308,121.955,948.0006,38.1644,27.1043,177.7889,692.2165,23.1234,843.9798,269.3382,106.3747,,31.1997,10.5336,26.3846,7.0433,12.1404,,,-22.8997,439370,228138,736.8163,842.7767,184.6128,902618.5186,1414.1181,191.2907,4458.4718,49.799,75728.3591,975.1594,69.5379,,4458.4718,3178.3241,,177.7889,56122,85.2957,545.6,4199.3491,1206.4607,,-275.8868,843.9798,7.7777,20.9902,20.9902
2024-08-31,"2024-08",11.1855,-25.6791,942304.28,952.6866,828.9154,1410.7564,,33427.0218,516.3922,2927.4094,867.8172,430.3535,-304.2366,1744.7415,45247067,316159,166551,93084.28,73229,293281,34613668,,193.0044,46.3771,43.9982,872.2146,431.4995,103.1339,408.3192,147.1059,1119.5397,38.1551,26.5251,171.6035,830.2948,21.6259,755.816,260.1285,99.787,,30.378,10.2678,23.4214,6.3707,11.1855,,,-25.6791,482710,259397.56,952.6866,828.9154,210.7906,976247.6939,1410.7564,193.0044,4495.7904,46.3771,33427.0218,516.3922,43.9982,,4495.7904,3403.1489,,171.6035,73229,80.8741,538.7,4236.7655,1303.7141,,-304.2366,755.816,7.7769,13.0047,13.0047
2024-09-30,"2024-09",12.2787,-28.9226,830322.819999999,851.439899999999,623.695699999999,1262.3312,,28758.0291,362.4766,2535.3663,791.514200000001,353.4574,-336.6868,2055.6988,43025910,239694,157896,92102.8199999999,58241,282389,33257092,,184.6226,41.3754,47.4174,671.4976,413.4893,110.2573,453.5694,171.6766,1257.1493,30.1287,27.1495,102.8742,787.9165,20.5653,682.156,214.3612,63.1605,,31.1997,12.5211,26.2952,5.9198,12.2787,,,-28.9226,397590,242446.64,851.439899999999,623.695699999999,209.5547,859443.3257,1262.3312,184.6226,3967.8803,41.3754,28758.0291,362.4766,47.4174,,3967.8803,2947.0215,,102.8742,58241,74.5116,552.3,3692.6165,1084.9869,,-336.6868,682.156,6.7413,8.15779999999998,8.15779999999998
2024-10-31,"2024-10",9.40320000000001,-31.5967,858377,457.630700000001,327.9763,1899.9737,,24937.938,520.4471,2574.9956,814.6061,266.5999,-376.1082,2326.2891,44269903,287160,151490,85427,66616,267684,33801006,,183.8438,44.6713999999999,53.0327,773.063700000001,389.1516,103.7207,533.5674,201.5648,1359.9116,45.6164,30.7037,76.2104999999999,760.0367,19.7514,697.1505,157.5673,45.0595000000001,,12.7893,12.5453,31.0719,7.5665,9.40320000000001,,,-31.5967,438650,237470,457.630700000001,327.9763,292.9293,883835.3851,1899.9737,183.8438,3894.0995,44.6713999999999,24937.938,520.4471,53.0327,,3894.0995,2978.51,,76.2104999999999,66616,75.6691,635.4,3665.6048,1162.2153,,-376.1082,697.1505,6.4791,9.08870000000002,9.08870000000002
2024-11-30,"2024-11",10.316,-34.9493,828741.6,284.3829,257.3449,2173.1239,,41882.5663,561.2434,2502.4415,761.1108,200.3725,-432.5825,2560.2577,38711251,311973,164737,42735,67409,241887.6,36208316,,203.7645,35.8964000000001,79.0001,856.923799999999,424.329999999999,64.701,578.5123,233.0316,1422.1637,43.6478,22.0507,43.3582000000001,705.0018,16.5336,629.6808,107.8299,32.7176999999999,,11.0374,14.2611,30.4763,4.05,10.316,,,-34.9493,476710,152879,284.3829,257.3449,342.3604,871185.409700001,2173.1239,203.7645,3648.3825,35.8964000000001,41882.5663,561.2434,79.0001,,3648.3825,3057.2121,,43.3582000000001,67409,74.3971,615.3,3474.2408,1281.2537,,-432.5825,629.6808,6.4349,13.2154,13.2153
2024-12-31,"2024-12",11.0445,-37.3622,924626,348.0502,262.2634,2328.8521,,41933.7398,470.983999999999,2702.3023,852.951299999999,283.6925,-501.7233,2539.4483,31877450.3057,327032,161738,80978,75714,279164,30855154.4105,,162.6881,47.5631999999999,70.4507,912.634700000001,430.1327,63.0723,631.2483,272.9879,1516.0611,29.7384,35.2921,67.3838000000001,814.7707,16.6533,718.2841,156.1379,53.9523,,16.4551,15.8849,37.1369,4.1255,11.0445,,,-37.3622,488770,237670,348.0502,262.2634,298.9932,967030.7238,2328.8521,162.6881,3757.6276,47.5631999999999,41933.7398,470.983999999999,70.4507,,3757.6276,3238.1589,,67.3838000000001,75714,,,3849.9907,1342.7675,,-501.7233,718.2841,7.81519999999999,19.381,19.3811
2025-01-31,"2025-01",9.5084,-3.5615,897502,249.3068,207.3659,2340.8564,,46770.3174,360.8014,2752.4781,738.3269,279.5233,-74.3239,90.1999,19004145,316483,150867,82378,57365,290409,38009173,,212.9895,46.909,82.803,862.6672,397.3744,102.473,69.9568,36.8966,97.0836,53.599,33.2735,71.1359,815.0285,18.2855,590.3294,160.5498,45.8934,,15.2102,14.6571,37.1219,6.0909,9.5084,,,-3.5615,467350,222121,249.3068,207.3659,323.8044,944633.1188,2340.8564,212.9895,3792.1513,46.909,46770.3174,360.8014,82.803,,3792.1513,3121.3334,,71.1359,57365,,,3779.8368,1260.0416,,-74.3239,590.3294,6.6259,55.8369,55.8369
2025-02-28,"2025-02",6.9602,-6.257,741149,232.3735,188.5473,2130.2675,,44810.3899,512.6909,2314.8898,774.9605,277.8322,-135.9144,238.3757,37845180,293295,104255,77864,45275,220460,28993220,,162.4598,29.2144,63.9673,798.3646,273.8433,74.1202,130.9704,61.5879,228.734,41.7532,25.4111,82.8885,638.694,19.5334,662.2454,180.7511,47.4485,,15.4377,8.8855,20.3935,4.9159,6.9602,,,-6.257,397550,201003,232.3735,188.5473,280.007,786472.0808,2130.2675,162.4598,3458.5324,29.2144,44810.3899,512.6909,63.9673,,3458.5324,2831.1953,,82.8885,45275,,,3374.6427,1072.2079,,-135.9144,662.2454,4.9443,45.8747,45.8747
2025-03-31,"2025-03",12.494,-9.0171,819117,355.853,233.1203,2268.5936,,34827.1473,313.2511,2547.3531,795.056,221.9574,-211.1844,407.1933,41191341,318031,140189,82903,32278,245716,31934197,,173.9724,58.01,89.9286,841.7345,355.3717,87.7121,222.8684,100.5821,300.694,83.9126,36.8343,66.9758,697.9875,24.3554,622.7621,97.8125,44.9913,,9.8996,18.1088,42.8783,8.2668,12.494,,,-9.0171,458220,198084,355.853,233.1203,360.0588,854257.3984,2268.5936,173.9724,3667.6481,58.01,34827.1473,313.2511,89.9286,,3667.6481,3217.6258,,66.9758,32278,,,3576.8604,1197.1062,,-211.1844,622.7621,8.3483,57.5243,57.5243
2025-04-30,"2025-04",12.2505,-11.676,797328,250.4953,208.2961,2264.892,,6784.40120000001,367.6669,2499.3358,712.8426,294.158,-262.6093,625.3147,37447855,297814,134776,74138,64765,225835,29064266,,156.0716,53.6726,86.4835,813.8571,341.0703,122.3309,298.6065,140.3244,421.5711,61.6805,31.8441,101.3029,634.821,22.69,549.9964,157.659,58.652,,17.7461,15.9277,38.3342,5.8391,12.2505,,,-11.676,432590,213041,250.4953,208.2961,279.7355,804480.068,2264.892,156.0716,3682.6244,53.6726,6784.40120000001,367.6669,86.4835,,3682.6244,3003.419,,101.3029,64765,,,3560.2756,1154.9274,,-262.6093,549.9964,8.5445,39.0894,39.0894
2025-05-31,"2025-05",12.104,-14.3096,833362,252.0942,180.9805,2475.9756,,18626.4098,298.0369,2609.8449,778.7514,287.3255,-312.2337,1069.7494,39371940,285310,148000,78672,71552,249828,30585480,,162.9719,44.9278,81.5768,788.8629,377.5122,169.4884,370.2454,175.796,548.7527,44.4908,31.4627,88.357,712.4068,25.2662,626.9806,171.5013,51.4255,,16.872,11.3442,30.805,5.3775,12.104,,,-14.3096,433310,228896,252.0942,180.9805,343.1466,852286.4468,2475.9756,162.9719,4080.2024,44.9278,18626.4098,298.0369,81.5768,,4080.2024,3252.1968,,88.357,71552,,,3731.3427,1166.3751,,-312.2337,626.9806,7.8495,36.192,36.192
2025-06-30,"2025-06",9.76049999999999,-18.2133,777958.54,343.4846,216.6575,2694.5354,,44336.3217,654.706,2691.3204,763.2529,440.5868,-348.4704,1464.2735,44883304,312483,146707,40297,64960,213511.54,34541513,,190.6227,40.8061,67.4548,871.9596,387.0278,138.6591,445.795,210.1905,725.7488,36.825,25.289,149.9859,604.0109,22.5367,632.4554,216.3361,88.0325,68.2899,26.18,10.4737,27.1386,4.136,9.76049999999999,,,-18.2133,459190,145554,343.4846,216.6575,239.901,822949.5677,2694.5354,190.6227,4259.3044,40.8061,44336.3217,654.706,67.4548,,4259.3044,3494.5785,,149.9859,64960,,,3819.915,1258.9874,,-348.4704,632.4554,8.3926,25.3362,25.3362
2025-07-31,"2025-07",29.9821,-21.2007,901585,219.9466,144.0286,3188.4587,,57104.8574,792.6912,2960.7428,957.215999999999,418.1936,-371.5324,1894.8872,46528029,312711,156029,87118,64400,281327,35424465,,198.4258,47.9739,62.6894,868.294800000001,406.5919,164.9044,529.0555,247.5112,889.4443,31.4701,29.013,161.0179,816.7483,24.6297,821.9229,213.566,96.5745,100.3506,27.7839,13.1257,29.4961,5.5868,29.9821,,,-21.2007,468740,238636,219.9466,144.0286,242.7133,959482.5486,3188.4587,198.4258,4770.6988,47.9739,57104.8574,792.6912,62.6894,,4770.6988,3795.1472,,161.0179,64400,,,4366.1345,1274.8867,,-371.5324,821.9229,8.5435,17.1522,17.1522
2025-08-31,"2025-08",31.3909,-24.1585,907225,219.2738,126.3726,3277.981,,60843.2827,838.2462,2969.9777,953.5193,384.0562,-406.9727,2342.7727,47473060,306877,159673,87933,52685,300057,36193191,,201.4025,52.2564,58.4303,851.763199999999,424.8088,146.4137,614.2647,288.1187,1064.9142,36.8885,34.5559,135.2765,837.582,20.5008,822.3318,199.1272,76.5459,126.5306,24.2099,14.6495,37.4389,5.9046,31.3909,,,-24.1585,466550,228551,219.2738,126.3726,250.6304,968906.5289,3277.981,201.4025,4748.4315,52.2564,60843.2827,838.2462,58.4303,,4748.4316,3874.2578,,135.2765,52685,,,4338.9441,1276.572,,-406.9727,822.3318,4.5965,25.1601,25.1601
2025-09-30,"2025-09",36.067,-26.707,820785,204.3491,86.2579000000001,3012.6886,,72119.7622,975.7981,2779.4515,921.6965,338.3466,-446.0603,2681.9677,0,285817,139143,83206,27585,285034,0,,201.0903,45.9061,60.0435,788.3777,377.9057,146.7338,701.2994,323.7856,1221.443,29.258,28.0271,104.6711,824.1572,22.3445,793.4024,180.01,59.4356999999999,158.7123,19.6068,11.7084,30.5082,4.8959,36.067,,,-26.707,424960,193997,204.3491,86.2579000000001,374.2253,893880.5603,3012.6886,201.0903,4373.1203,45.9061,72119.7622,975.7981,60.0435,,4373.1202,3677.5209,,104.6711,27585,,,4075.5615,1166.2834,,-446.0603,793.4024,3.7923,29.1936,29.1936
2025-10-31,"2025-10",25.7836,-29.8798,896366.999999999,93.8119999999999,1.03970000000004,3089.5267,,44295.0296,633.437599999999,2769.3051,894.458800000001,265.8102,-468.8525,3072.2575,46081467,309285,157245,79726,67791,282320,36337777,,200.4107,49.9077,51.808,864.546499999999,413.1335,167.8188,753.7961,363.5817,1324.0364,31.851,31.1607,63.6328000000001,801.8651,22.1021,770.641,125.5744,41.2565000000001,185.37,13.9115,16.9052,38.1469,3.3581,25.7836,,,-29.8798,466530,227243,93.8119999999999,1.03970000000004,460.3691,941295.467199999,3089.5267,200.4107,4319.6828,49.9077,44295.0296,633.437599999999,51.808,,4319.6828,3644.7476,,63.6328000000001,67791,,,3955.3578,1277.68,,-468.8525,770.641,5.6823,18.1953,18.1953
2025-11-30,"2025-11",22.0135,-32.639,886523,0.0126000000000204,0,3104.9998,,11738.9973,408.9066,2637.606,708.0769,227.5965,-494.3621,3388.1084,37852301,321706,144634,84317,67960,267906,31591679,,170.992,37.275,40.7537,866.426500000001,372.1928,127.3272,826.3003,394.147,1413.9504,67.2769,28.809,67.5838999999999,744.0142,21.0419,609.0063,111.66,38.6036,208.3667,12.0832,11.4169,25.2754,5.5606,22.0135,,,-32.639,466340,236594,0.0126000000000204,0,422.4926,898670.904000001,3104.9998,170.992,3882.8749,37.275,11738.9973,408.9066,40.7537,,3882.8749,3527.5049,,67.5838999999999,67960,,,3595.2929,1238.6193,,-494.3621,609.0063,5.2456,17.8467,17.8467
2025-12-31,"2025-12",17.6658,-36.4069,904120,0,0,3244.3643,,31313.8015,714.0989,2743.6962,738.158099999999,224.4086,-531.9546,3705.5407,36968902,293114,165406,65910,73091,306599,38381858,,215.3128,27.9713,51.9276,812.654499999999,430.6119,96.3555999999999,883.2914,423.2544,1493.0818,74.2269,31.3047,68.3580000000002,849.642000000001,15.4469,642.812300000001,110.7634,37.4575,233.1363,10.2991,11.1379,26.036,3.945,17.6658,,,-36.4069,458520,204911,0,0,422.927,936147.9003,3244.3643,215.3128,4000.0006,27.9713,31313.8015,714.0989,51.9276,,4000.0006,3667.2912,,68.3580000000002,73091,,,3723.9287,1243.2664,,-531.9546,642.812300000001,4.10770000000001,27.774,27.774
2026-01-31,"2026-01",20.1494,-3.7382,873477,0,0,3144.0908,,17285.9889,560.3877,2728.4948,750.841,312.4698,-33.944,202.5955,35053338,316859,126781,78456,62192,289189,35718843,,198.2706,43.6633,100.2981,852.1723,317.8585,115.7764,75.2388,44.2079,118.418,90.3523,42.9241,89.1513,784.1247,17.2253,589.6544,148.8511,60.1283,27.894,15.7789,18.1806,36.6715,4.9654,20.1494,,,-3.7382,443640,219104,0,0,321.906,891323.3766,3144.0908,198.2706,3976.8683,43.6633,17285.9889,560.3877,100.2981,,3976.8683,3465.9968,,89.1513,62192,,,3811.9551,1170.0308,,-33.944,589.6544,6.6489,25.9222,25.9222
2026-02-28,"2026-02",22.783,-6.4889,636726,0,0,2796.2337,,10927.6869,624.1458,2075.0796,829.8273,296.2743,-70.9693,521.8827,28522493,260727,106603,63841,50116,155439,28870652,,156.2319,37.242,316.6189,699.1494,257.3009,130.9715,150.4241,83.8829,240.8518,67.4042,37.4086,78.1321,411.1868,18.6197,457.3465,157.6773,43.0111,54.635,15.9273,17.0445,30.6075,5.2656,22.783,,,-6.4889,367330,177798,0,0,266.0263,648277.8327,2796.2337,156.2319,3503.4755,37.242,10927.6869,624.1458,316.6189,,3503.4755,3062.26,,78.1321,50116,,,3223.9642,956.4503,,-70.9693,457.3465,7.024,28.8201,28.8201
2026-03-31,"2026-03",40.0873,-10.9908,754417,0,0,3003.1462,,8206.291,495.0121,2596.2569,585.107,384.4753,-95.5673,766.0226,10351698,276922,140968,67949,45749,222829,27584640,,150.5373,63.2969,155.7655,792.389,373.091,153.3299,246.0551,124.2706,396.2203,55.5533,43.6813,142.7689,593.519,19.5799,346.4648,194.4631,72.0815,80.2138,24.8832,19.6472,43.5903,4.2312,40.0873,,,-10.9908,417890,181647,0,0,246.362,763118.3032,3003.1462,150.5373,3820.9665,63.2969,8206.291,495.0121,155.7655,,3820.9665,3249.5082,,142.7689,45749,,,3605.9265,1165.48,,-95.5673,346.4648,6.0058,22.6943,22.6943
2026-04-30,"2026-04",44.5492,-14.6352,820236,0,0,3094.066,,10028.6611,473.8463,2539.973,684.1254,302.2428,-135.8117,1194.8102,9773665,250224,148096,79691,62110,280115,24838282,,137.8091,43.9457,151.8346,703.4797,389.1283,175.514,313.5468,157.2033,491.2405,46.7011,32.5886,80.8521,778.4555,20.855,467.4901,169.3594,49.702,103.8198,15.0037,12.912,28.2526,3.4071,44.5492,,,-14.6352,398320,221492,0,0,321.5499,830738.5073,3094.066,137.8091,3955.7891,43.9457,10028.6611,473.8463,151.8346,,3955.7891,3415.6159,,80.8521,62110,,,,1092.608,,-135.8117,467.4901,3.1221,30.895,30.895
2026-05-31,"2026-05",49.2914,-18.5277,773953,0,0,3268.1533,,9902.6966,412.8597,2744.0452,627.8439,371.2748,-171.4132,1634.4742,28757444,239366,154384,25937,62744,291522,38216123,,213.5782,50.0507,144.482,671.0086,430.7514,198.4425,385.8009,193.6692,626.1212,33.1314,33.0536,91.3549,829.124,22.4525,410.8587,217.4184,56.4144,131.5422,18.6598,14.3098,33.78,2.9699,49.2914,,,-18.5277,393750,114618,0,0,301.6011,784268.5563,3268.1533,213.5782,4192.6253,50.0507,9902.6966,412.8597,144.482,,4192.6253,3569.7544,,91.3549,62744,,,,1101.76,,-171.4132,410.8587,5.0908,26.6077,26.6077
