"id_serie","branche","indicateur","frequence","retenu","valide","motif_exclusion","exclure_manuel","frequence_bloc","date_debut","date_fin","n_obs","valeur_min","valeur_max","n_valeurs_distinctes","n_attendu","taux_manquant","unite","agregation","transformation","role","cumul_corrige","doublon_de","partage_avec","commentaire"
"Agriculture :: Moyenne des precipitations","Agriculture","Moyenne des precipitations","mensuel",TRUE,TRUE,,FALSE,"mensuel",2020-01-31,2026-04-30,76,1.1137,63.0148,76,76,0,"","sum","niveau","simple",FALSE,,,""
"Agriculture :: Température_moyenne","Agriculture","Température_moyenne","mensuel",TRUE,TRUE,,FALSE,"mensuel",2020-01-31,2026-04-30,76,10.862,29.2587,76,76,0,"","mean","niveau","simple",FALSE,,,""
"Agriculture :: Comptes débiteurs et crédits de trésorerie — Agriculture (MDH)","Agriculture","Comptes débiteurs et crédits de trésorerie — Agriculture (MDH)","trimestriel",TRUE,TRUE,,FALSE,"trimestriel",2006-12-31,2026-03-31,78,5648.6579,23417.6719,78,78,0,"MDH","mean","dlog","simple",FALSE,,"Pêche","Serie identique a celle de : Pêche. Agregat partage, conserve dans les deux branches ; a surveiller dans les diagnostics."
"Agriculture :: Crédit bancaire Agriculture et pêche (MDH)","Agriculture","Crédit bancaire Agriculture et pêche (MDH)","trimestriel",TRUE,TRUE,,FALSE,"trimestriel",2006-12-31,2026-03-31,78,16033.3789,43582.3799,78,78,0,"MDH","mean","dlog","simple",FALSE,,,""
"Agriculture :: Crédits à l'équipement — Agriculture (MDH)","Agriculture","Crédits à l'équipement — Agriculture (MDH)","trimestriel",TRUE,TRUE,,FALSE,"trimestriel",2006-12-31,2026-03-31,78,5506.0445,19154.2805,78,78,0,"MDH","mean","dlog","simple",FALSE,,"Pêche","Serie identique a celle de : Pêche. Agregat partage, conserve dans les deux branches ; a surveiller dans les diagnostics."
"Commerce :: Evolution des prix des produits finis au cours des trois prochains mois","Commerce","Evolution des prix des produits finis au cours des trois prochains mois","mensuel",TRUE,TRUE,,FALSE,"mensuel",2010-01-31,2024-10-31,178,-8.7065,50.4747,178,178,0,"","mean","niveau","simple",FALSE,,,""
"Commerce :: Evolution des prix des produits finis au cours des trois prochains mois (2)","Commerce","Evolution des prix des produits finis au cours des trois prochains mois (2)","mensuel",TRUE,TRUE,,FALSE,"mensuel",2010-01-31,2024-10-31,178,-19.5955,38.1263,178,178,0,"","mean","niveau","simple",FALSE,,,""
"Commerce :: Evolution des prix des produits finis au cours des trois prochains mois (3)","Commerce","Evolution des prix des produits finis au cours des trois prochains mois (3)","mensuel",TRUE,TRUE,,FALSE,"mensuel",2010-01-31,2024-10-31,178,-60.2379,60.5215,178,178,0,"","mean","niveau","simple",FALSE,,,""
"Commerce :: Evolution des prix des produits finis au cours des trois prochains mois (4)","Commerce","Evolution des prix des produits finis au cours des trois prochains mois (4)","mensuel",TRUE,TRUE,,FALSE,"mensuel",2010-01-31,2024-10-31,178,-36.6935,82.1497,178,178,0,"","mean","niveau","simple",FALSE,,,""
"Commerce :: Evolution des prix des produits finis au cours des trois prochains mois (5)","Commerce","Evolution des prix des produits finis au cours des trois prochains mois (5)","mensuel",TRUE,TRUE,,FALSE,"mensuel",2010-01-31,2024-10-31,178,-11.6511,35.4454,178,178,0,"","mean","niveau","simple",FALSE,,,""
"Commerce :: Evolution des prix des produits finis au cours des trois prochains mois (6)","Commerce","Evolution des prix des produits finis au cours des trois prochains mois (6)","mensuel",TRUE,TRUE,,FALSE,"mensuel",2010-01-31,2024-10-31,178,-50.9807,59.8798,147,178,0,"","mean","niveau","simple",FALSE,,,""
"Commerce :: Evolution des prix des produits finis par rapport au mois précédent","Commerce","Evolution des prix des produits finis par rapport au mois précédent","mensuel",TRUE,TRUE,,FALSE,"mensuel",2010-01-31,2024-10-31,178,-26.8278,38.1531,178,178,0,"","mean","niveau","simple",FALSE,,,""
"Commerce :: Evolution des prix des produits finis par rapport au mois précédent (2)","Commerce","Evolution des prix des produits finis par rapport au mois précédent (2)","mensuel",TRUE,TRUE,,FALSE,"mensuel",2010-01-31,2024-10-31,178,-26.9587,46.0864,178,178,0,"","mean","niveau","simple",FALSE,,,""
"Commerce :: Evolution des prix des produits finis par rapport au mois précédent (3)","Commerce","Evolution des prix des produits finis par rapport au mois précédent (3)","mensuel",TRUE,TRUE,,FALSE,"mensuel",2010-01-31,2024-10-31,178,-72.2496,65.2607,178,178,0,"","mean","niveau","simple",FALSE,,,""
"Commerce :: Evolution des prix des produits finis par rapport au mois précédent (4)","Commerce","Evolution des prix des produits finis par rapport au mois précédent (4)","mensuel",TRUE,TRUE,,FALSE,"mensuel",2010-01-31,2024-10-31,178,-60.1478,69.376,178,178,0,"","mean","niveau","simple",FALSE,,,""
"Commerce :: Evolution des prix des produits finis par rapport au mois précédent (5)","Commerce","Evolution des prix des produits finis par rapport au mois précédent (5)","mensuel",TRUE,TRUE,,FALSE,"mensuel",2010-01-31,2024-10-31,178,-29.0765,40.2594,178,178,0,"","mean","niveau","simple",FALSE,,,""
"Commerce :: Evolution des prix des produits finis par rapport au mois précédent (6)","Commerce","Evolution des prix des produits finis par rapport au mois précédent (6)","mensuel",TRUE,TRUE,,FALSE,"mensuel",2010-01-31,2024-10-31,178,-59.976,58.081,149,178,0,"","mean","niveau","simple",FALSE,,,""
"Commerce :: Exportation ANP","Commerce","Exportation ANP","mensuel",TRUE,TRUE,,FALSE,"mensuel",2009-07-31,2023-02-28,157,637152,10355679,157,164,0.0427,"","sum","dlog","simple",TRUE,,,""
"Commerce :: Importation ANP","Commerce","Importation ANP","mensuel",TRUE,TRUE,,FALSE,"mensuel",2009-07-31,2023-02-28,157,0,10028724,157,164,0.0427,"","sum","diff","simple",TRUE,,,""
"Commerce :: PRODUITS FINIS DE CONSOMMATION 1000 DH","Commerce","PRODUITS FINIS DE CONSOMMATION 1000 DH","mensuel",TRUE,TRUE,,FALSE,"mensuel",2018-01-31,2026-05-31,101,4595575.8318,21363387.522,101,101,0,"","sum","dlog","simple",TRUE,,,""
"Commerce :: TOTAL EXPORTATIONS (1000)","Commerce","TOTAL EXPORTATIONS (1000)","mensuel",TRUE,TRUE,,FALSE,"mensuel",2018-01-31,2026-05-31,101,15083366.25,47938603.6,101,101,0,"","sum","dlog","agregat",TRUE,,,""
"Commerce :: TOTAL IMPORTATIONS (1000)","Commerce","TOTAL IMPORTATIONS (1000)","mensuel",TRUE,TRUE,,FALSE,"mensuel",2018-01-31,2026-05-31,101,26412604.5,87509885.417,101,101,0,"","sum","dlog","agregat",TRUE,,,""
"Commerce :: Comptes débiteurs et crédits de trésorerie — Commerce (MDH)","Commerce","Comptes débiteurs et crédits de trésorerie — Commerce (MDH)","trimestriel",TRUE,TRUE,,FALSE,"trimestriel",2006-12-31,2026-03-31,78,13632.9847,54444.3458,78,78,0,"MDH","mean","dlog","simple",FALSE,,,""
"Commerce :: Crédit bancaire Commerce, réparations automobiles (MDH)","Commerce","Crédit bancaire Commerce, réparations automobiles (MDH)","trimestriel",TRUE,TRUE,,FALSE,"trimestriel",2006-12-31,2026-03-31,78,22124.161,86433.2563,78,78,0,"MDH","mean","dlog","simple",FALSE,,,""
"Commerce :: Crédits à l'équipement — Commerce (MDH)","Commerce","Crédits à l'équipement — Commerce (MDH)","trimestriel",TRUE,TRUE,,FALSE,"trimestriel",2006-12-31,2026-03-31,78,3603.198,12824.8157,78,78,0,"MDH","mean","dlog","simple",FALSE,,,""
"Construction :: Béni Mellal - Khénifra","Construction","Béni Mellal - Khénifra","mensuel",TRUE,TRUE,,FALSE,"mensuel",2000-06-30,2004-02-29,44,50.657,875.749,44,45,0.0222,"","mean","dlog","simple",FALSE,,,""
"Construction :: Casablanca - Settat","Construction","Casablanca - Settat","mensuel",TRUE,TRUE,,FALSE,"mensuel",2000-06-30,2004-02-29,44,211.853,3166.008,44,45,0.0222,"","mean","dlog","simple",FALSE,,,""
"Construction :: Chaouia-Ourdigha","Construction","Chaouia-Ourdigha","mensuel",TRUE,TRUE,,FALSE,"mensuel",2001-01-31,2015-12-31,165,-39.6369,168.325,164,180,0.0833,"","mean","diff","simple",TRUE,,,""
"Construction :: Dakhla -Oued Ed-Dahab","Construction","Dakhla -Oued Ed-Dahab","mensuel",TRUE,TRUE,,FALSE,"mensuel",2000-06-30,2004-02-29,44,1.72,83.475,44,45,0.0222,"","mean","dlog","simple",FALSE,,,""
"Construction :: Doukkala-Abda","Construction","Doukkala-Abda","mensuel",TRUE,TRUE,,FALSE,"mensuel",2001-01-31,2015-12-31,165,6.47840000000008,156.82,165,180,0.0833,"","mean","dlog","simple",TRUE,,,""
"Construction :: Drâa - Tafilalet","Construction","Drâa - Tafilalet","mensuel",TRUE,TRUE,,FALSE,"mensuel",2000-06-30,2004-02-29,44,29.067,457.136,44,45,0.0222,"","mean","dlog","simple",FALSE,,,""
"Construction :: Fès - Meknès","Construction","Fès - Meknès","mensuel",TRUE,TRUE,,FALSE,"mensuel",2000-06-30,2004-02-29,44,70.794,1243.454,44,45,0.0222,"","mean","dlog","simple",FALSE,,,""
"Construction :: Fès Boulemane","Construction","Fès Boulemane","mensuel",TRUE,TRUE,,FALSE,"mensuel",2001-01-31,2015-12-31,165,19.378,96.4399999999999,165,180,0.0833,"","mean","dlog","simple",TRUE,,,""
"Construction :: Gharb-Cherarda-B.Hssen","Construction","Gharb-Cherarda-B.Hssen","mensuel",TRUE,TRUE,,FALSE,"mensuel",2001-01-31,2015-12-31,165,16.59,79.0734,165,180,0.0833,"","mean","dlog","simple",TRUE,,,""
"Construction :: Grand Casablanca","Construction","Grand Casablanca","mensuel",TRUE,TRUE,,FALSE,"mensuel",2001-01-31,2015-12-31,165,-123.998,417.0298,165,180,0.0833,"","mean","diff","simple",TRUE,,,""
"Construction :: Guelmim-Es-Smara","Construction","Guelmim-Es-Smara","mensuel",TRUE,TRUE,,FALSE,"mensuel",2001-01-31,2015-12-31,165,-23.458,71.4,165,180,0.0833,"","mean","diff","simple",TRUE,,,""
"Construction :: Guelmim-Oued Noun","Construction","Guelmim-Oued Noun","mensuel",TRUE,TRUE,,FALSE,"mensuel",2000-06-30,2004-02-29,44,10.564,156.491,44,45,0.0222,"","mean","dlog","simple",FALSE,,,""
"Construction :: Laayoun-S.Elhamra","Construction","Laayoun-S.Elhamra","mensuel",TRUE,TRUE,,FALSE,"mensuel",2000-06-30,2004-02-29,44,22.025,345.525,44,45,0.0222,"","mean","dlog","simple",FALSE,,,""
"Construction :: Laayoune-Boujdour-S.Elhamra","Construction","Laayoune-Boujdour-S.Elhamra","mensuel",TRUE,TRUE,,FALSE,"mensuel",2001-01-31,2015-12-31,167,-61.1222,111.273,167,180,0.0722,"","mean","diff","simple",TRUE,,,""
"Construction :: Marrakech-Safi","Construction","Marrakech-Safi","mensuel",TRUE,TRUE,,FALSE,"mensuel",2000-06-30,2004-02-29,44,141.402,1858.752,44,45,0.0222,"","mean","dlog","simple",FALSE,,,""
"Construction :: Marrakech-Tensift-Haouz","Construction","Marrakech-Tensift-Haouz","mensuel",TRUE,TRUE,,FALSE,"mensuel",2001-01-31,2015-12-31,165,3.54520000000002,251.607,165,180,0.0833,"","mean","dlog","simple",TRUE,,,""
"Construction :: Meknés-Tafilalt","Construction","Meknés-Tafilalt","mensuel",TRUE,TRUE,,FALSE,"mensuel",2001-01-31,2015-12-31,165,-35.992,153.4949,165,180,0.0833,"","mean","diff","simple",TRUE,,,""
"Construction :: Oriental","Construction","Oriental","mensuel",TRUE,TRUE,,FALSE,"mensuel",2001-01-31,2015-12-31,165,19.8615000000001,167.636,165,180,0.0833,"","mean","dlog","simple",TRUE,,,""
"Construction :: Oriental (2)","Construction","Oriental (2)","mensuel",TRUE,TRUE,,FALSE,"mensuel",2000-06-30,2004-02-29,44,100.232,1375.661,44,45,0.0222,"","mean","dlog","simple",FALSE,,,""
"Construction :: Rabat-Salé-Kénitra","Construction","Rabat-Salé-Kénitra","mensuel",TRUE,TRUE,,FALSE,"mensuel",2000-06-30,2004-02-29,44,126.781,1840.324,44,45,0.0222,"","mean","dlog","simple",FALSE,,,""
"Construction :: Rabat-salé-Zemmour-Zaer","Construction","Rabat-salé-Zemmour-Zaer","mensuel",TRUE,TRUE,,FALSE,"mensuel",2001-01-31,2015-12-31,167,38.74,129.257,167,180,0.0722,"","mean","dlog","simple",TRUE,,,""
"Construction :: Souss-Massa","Construction","Souss-Massa","mensuel",TRUE,TRUE,,FALSE,"mensuel",2000-06-30,2004-02-29,44,95.917,1254.822,44,45,0.0222,"","mean","dlog","simple",FALSE,,,""
"Construction :: Souss-Massa-Draa","Construction","Souss-Massa-Draa","mensuel",TRUE,TRUE,,FALSE,"mensuel",2001-01-31,2015-12-31,165,-39.0839999999998,242.3799,165,180,0.0833,"","mean","diff","simple",TRUE,,,""
"Construction :: Tadla-Azilal","Construction","Tadla-Azilal","mensuel",TRUE,TRUE,,FALSE,"mensuel",2001-01-31,2015-12-31,167,-22.7276,90.5455,164,180,0.0722,"","mean","diff","simple",TRUE,,,""
"Construction :: Tanger-Tétouan","Construction","Tanger-Tétouan","mensuel",TRUE,TRUE,,FALSE,"mensuel",2001-01-31,2015-12-31,167,40.671,195.0124,167,180,0.0722,"","mean","dlog","simple",TRUE,,,""
"Construction :: Tanger-Tétouan - Al Houceima","Construction","Tanger-Tétouan - Al Houceima","mensuel",TRUE,TRUE,,FALSE,"mensuel",2000-06-30,2004-02-29,44,141.858,1907.816,44,45,0.0222,"","mean","dlog","simple",FALSE,,,""
"Construction :: Taza-Al Houceima-Taounate","Construction","Taza-Al Houceima-Taounate","mensuel",TRUE,TRUE,,FALSE,"mensuel",2001-01-31,2015-12-31,167,-99.626,171.1096,167,180,0.0722,"","mean","diff","simple",TRUE,,,""
"Construction :: Total (2)","Construction","Total (2)","mensuel",TRUE,TRUE,,FALSE,"mensuel",2000-06-30,2007-03-31,82,1037.005,14251.482,82,82,0,"","mean","dlog","agregat",FALSE,,,""
"Construction :: Vente de ciment (1000tonnes)","Construction","Vente de ciment (1000tonnes)","mensuel",TRUE,TRUE,,FALSE,"mensuel",1995-01-31,2026-05-31,372,386,1934.332,370,377,0.0133,"tonnes","sum","dlog","simple",FALSE,,,""
"Construction :: Comptes débiteurs et crédits de trésorerie — Construction (MDH)","Construction","Comptes débiteurs et crédits de trésorerie — Construction (MDH)","trimestriel",TRUE,TRUE,,FALSE,"trimestriel",2006-12-31,2026-03-31,78,7072.7912,23473.2133,78,78,0,"MDH","mean","dlog","simple",FALSE,,,""
"Construction :: Crédit bancaire Bâtiment et travaux publics (MDH)","Construction","Crédit bancaire Bâtiment et travaux publics (MDH)","trimestriel",TRUE,TRUE,,FALSE,"trimestriel",2006-12-31,2026-03-31,78,23721.8687,107443.7191,78,78,0,"MDH","mean","dlog","simple",FALSE,,,""
"Construction :: Crédits à l'équipement — Construction (MDH)","Construction","Crédits à l'équipement — Construction (MDH)","trimestriel",TRUE,TRUE,,FALSE,"trimestriel",2006-12-31,2026-03-31,78,2599.3611,20925.8197,78,78,0,"MDH","mean","dlog","simple",FALSE,,,""
"Finances et assurances :: Administrations locales","Finances et assurances","Administrations locales","mensuel",TRUE,TRUE,,FALSE,"mensuel",2001-12-31,2026-05-31,294,4008.906,54171.894,294,294,0,"","mean","dlog","simple",FALSE,,,""
"Finances et assurances :: Autres crédits(3)","Finances et assurances","Autres crédits(3)","mensuel",TRUE,TRUE,,FALSE,"mensuel",2001-12-31,2026-05-31,294,1592.0924,32529.2015,294,294,0,"","mean","dlog","simple",FALSE,,,""
"Finances et assurances :: Autres secteurs résidents","Finances et assurances","Autres secteurs résidents","mensuel",TRUE,TRUE,,FALSE,"mensuel",2001-12-31,2026-05-31,294,59625.605,422266.986,294,294,0,"","mean","dlog","simple",FALSE,,,""
"Finances et assurances :: Autres sociétés financières","Finances et assurances","Autres sociétés financières","mensuel",TRUE,TRUE,,FALSE,"mensuel",2001-12-31,2026-05-31,294,13313.7106,254879.1469,294,294,0,"","mean","dlog","simple",FALSE,,,""
"Finances et assurances :: Autres(2)","Finances et assurances","Autres(2)","mensuel",TRUE,TRUE,,FALSE,"mensuel",2001-12-31,2026-05-31,294,684.0275,116865.5826,294,294,0,"","mean","dlog","simple",FALSE,,,""
"Finances et assurances :: Avoirs officiels de réserve","Finances et assurances","Avoirs officiels de réserve","mensuel",TRUE,TRUE,,FALSE,"mensuel",2010-01-31,2026-04-30,196,139287.2038,469783.3587,196,196,0,"","last","dlog","simple",FALSE,,,""
"Finances et assurances :: Comptes débiteurs et crédits de trésorerie","Finances et assurances","Comptes débiteurs et crédits de trésorerie","mensuel",TRUE,TRUE,,FALSE,"mensuel",2001-12-31,2026-05-31,294,65115.9634,261424.328,294,294,0,"","mean","dlog","simple",FALSE,,,""
"Finances et assurances :: Créances diverses sur la clientèle","Finances et assurances","Créances diverses sur la clientèle","mensuel",TRUE,TRUE,,FALSE,"mensuel",2001-12-31,2026-05-31,294,13649.3534,216013.6412,294,294,0,"","mean","dlog","simple",FALSE,,,""
"Finances et assurances :: Créances en souffrance","Finances et assurances","Créances en souffrance","mensuel",TRUE,TRUE,,FALSE,"mensuel",2001-12-31,2026-05-31,294,28080.6213,105973.385,294,294,0,"","mean","dlog","simple",FALSE,,,""
"Finances et assurances :: Crédit bancaire","Finances et assurances","Crédit bancaire","mensuel",TRUE,TRUE,,FALSE,"mensuel",2007-12-31,2026-05-31,222,424406.1244,1259113.9847,222,222,0,"","mean","dlog","simple",FALSE,,,""
"Finances et assurances :: Crédits à caractére financier(2)","Finances et assurances","Crédits à caractére financier(2)","mensuel",TRUE,TRUE,,FALSE,"mensuel",2001-12-31,2026-05-31,294,12010.274,187403.3245,294,294,0,"","mean","dlog","simple",FALSE,,,""
"Finances et assurances :: Crédits à l'équipement","Finances et assurances","Crédits à l'équipement","mensuel",TRUE,TRUE,,FALSE,"mensuel",2001-12-31,2026-05-31,294,40521.9845,329865.6291,294,294,0,"","mean","dlog","simple",FALSE,,,""
"Finances et assurances :: Crédits à la consommation","Finances et assurances","Crédits à la consommation","mensuel",TRUE,TRUE,,FALSE,"mensuel",2007-12-31,2026-05-31,222,19722.08,62338.5727,222,222,0,"","sum","dlog","simple",FALSE,,,""
"Finances et assurances :: Dépôts à vue auprés des banques","Finances et assurances","Dépôts à vue auprés des banques","mensuel",TRUE,TRUE,,FALSE,"mensuel",2010-01-31,2026-04-30,196,322912.3576,1014930.748,196,196,0,"","last","dlog","simple",FALSE,,,""
"Finances et assurances :: Entrepreneurs individuels","Finances et assurances","Entrepreneurs individuels","mensuel",TRUE,TRUE,,FALSE,"mensuel",2001-12-31,2026-05-31,294,12111.8457,45988.7808,294,294,0,"","mean","dlog","simple",FALSE,,,""
"Finances et assurances :: Etablissements de crédit assimilés(1)","Finances et assurances","Etablissements de crédit assimilés(1)","mensuel",TRUE,TRUE,,FALSE,"mensuel",2001-12-31,2026-05-31,294,7.5271,35970.0721,294,294,0,"","mean","dlog","simple",FALSE,,,""
"Finances et assurances :: ISBLSM","Finances et assurances","ISBLSM","mensuel",TRUE,TRUE,,FALSE,"mensuel",2001-12-31,2026-05-31,294,75.4021,21204.7491,294,294,0,"","mean","dlog","simple",FALSE,,,""
"Finances et assurances :: Masse monétaire (M3)","Finances et assurances","Masse monétaire (M3)","mensuel",TRUE,TRUE,,FALSE,"mensuel",2010-01-31,2026-04-30,196,855472.3591,2119882.077,196,196,0,"","last","dlog","simple",FALSE,,,""
"Finances et assurances :: OPCVM autres que monétaires","Finances et assurances","OPCVM autres que monétaires","mensuel",TRUE,TRUE,,FALSE,"mensuel",2001-12-31,2026-05-31,294,66.9354,30774.3401,294,294,0,"","mean","dlog","simple",FALSE,,,""
"Finances et assurances :: Particuliers et Marocains Résidant à l'Etranger","Finances et assurances","Particuliers et Marocains Résidant à l'Etranger","mensuel",TRUE,TRUE,,FALSE,"mensuel",2001-12-31,2026-05-31,294,45884.68,370197.4525,294,294,0,"","mean","dlog","simple",FALSE,,,""
"Finances et assurances :: Secteur privé","Finances et assurances","Secteur privé","mensuel",TRUE,TRUE,,FALSE,"mensuel",2001-12-31,2026-05-31,294,182155.7815,899591.8122,294,294,0,"","mean","dlog","simple",FALSE,,,""
"Finances et assurances :: Secteur public hors AC","Finances et assurances","Secteur public hors AC","mensuel",TRUE,TRUE,,FALSE,"mensuel",2001-12-31,2026-05-31,294,5372.08,145768.6541,294,294,0,"","mean","dlog","simple",FALSE,,,""
"Finances et assurances :: Sociétés de financement","Finances et assurances","Sociétés de financement","mensuel",TRUE,TRUE,,FALSE,"mensuel",2001-12-31,2026-05-31,294,11027.8835,78039.7006,294,294,0,"","mean","dlog","simple",FALSE,,,""
"Finances et assurances :: Sociétés non financières privées","Finances et assurances","Sociétés non financières privées","mensuel",TRUE,TRUE,,FALSE,"mensuel",2001-12-31,2026-05-31,294,104680.4193,477324.8263,294,294,0,"","mean","dlog","simple",FALSE,,,""
"Finances et assurances :: Sociétés non financières publiques","Finances et assurances","Sociétés non financières publiques","mensuel",TRUE,TRUE,,FALSE,"mensuel",2001-12-31,2026-05-31,294,906.686,94355.272,294,294,0,"","mean","dlog","simple",FALSE,,,""
"Finances et assurances :: Comptes débiteurs et crédits de trésorerie — Finances et assurances (MDH)","Finances et assurances","Comptes débiteurs et crédits de trésorerie — Finances et assurances (MDH)","trimestriel",TRUE,TRUE,,FALSE,"trimestriel",2006-12-31,2026-03-31,78,3191.8689,18515.0232,78,78,0,"MDH","mean","dlog","simple",FALSE,,,""
"Finances et assurances :: Crédit bancaire Activités financières (MDH)","Finances et assurances","Crédit bancaire Activités financières (MDH)","trimestriel",TRUE,TRUE,,FALSE,"trimestriel",2006-12-31,2026-03-31,78,48007.1143,256142.612,78,78,0,"MDH","mean","dlog","simple",FALSE,,,""
"Finances et assurances :: Crédits à l'équipement — Finances et assurances (MDH)","Finances et assurances","Crédits à l'équipement — Finances et assurances (MDH)","trimestriel",TRUE,TRUE,,FALSE,"trimestriel",2006-12-31,2026-03-31,78,2469.9293,56787.6049,78,78,0,"MDH","mean","dlog","simple",FALSE,,,""
"Finances et assurances :: Prestations (MDH)","Finances et assurances","Prestations (MDH)","trimestriel",TRUE,TRUE,,FALSE,"trimestriel",2016-09-30,2026-03-31,35,0,12000,34,39,0.1026,"MDH","sum","diff","simple",FALSE,,,""
"Finances et assurances :: Primes versées (MDH)","Finances et assurances","Primes versées (MDH)","trimestriel",TRUE,TRUE,,FALSE,"trimestriel",2016-09-30,2026-03-31,35,0,21317.6,35,39,0.1026,"MDH","sum","diff","simple",FALSE,,,""
"Hébergement-restauration :: Agadir","Hébergement-restauration","Agadir","mensuel",TRUE,TRUE,,FALSE,"mensuel",2007-01-31,2019-07-31,135,43,68,24,151,0.106,"","mean","dlog","simple",FALSE,,,""
"Hébergement-restauration :: Allemagne","Hébergement-restauration","Allemagne","mensuel",TRUE,TRUE,,FALSE,"mensuel",2023-01-31,2025-02-28,26,16601,361116,26,26,0,"","mean","dlog","simple",FALSE,,,""
"Hébergement-restauration :: Arrivés de MRE aux frontières","Hébergement-restauration","Arrivés de MRE aux frontières","mensuel",TRUE,TRUE,,FALSE,"mensuel",2008-01-31,2025-04-30,202,0.19500000000005,1695.181,201,208,0.0288,"","sum","dlog","simple",TRUE,,,""
"Hébergement-restauration :: Arrivés de touristes aux frontières","Hébergement-restauration","Arrivés de touristes aux frontières","mensuel",TRUE,TRUE,,FALSE,"mensuel",2008-01-31,2026-05-31,221,0.768000000000029,2697.017,221,221,0,"","sum","dlog","simple",TRUE,,,""
"Hébergement-restauration :: Arrivés de touristes étrangers de Séjour (TES)","Hébergement-restauration","Arrivés de touristes étrangers de Séjour (TES)","mensuel",TRUE,TRUE,,FALSE,"mensuel",2008-01-31,2025-04-30,202,0.572999999999865,966.724,199,208,0.0288,"","sum","dlog","simple",TRUE,,,""
"Hébergement-restauration :: Belgique","Hébergement-restauration","Belgique","mensuel",TRUE,TRUE,,FALSE,"mensuel",2023-01-31,2025-02-28,26,11842,274058,26,26,0,"","mean","dlog","simple",FALSE,,,""
"Hébergement-restauration :: Canada","Hébergement-restauration","Canada","mensuel",TRUE,TRUE,,FALSE,"mensuel",2023-04-30,2025-02-28,20,6800,125825,20,23,0.1304,"","mean","dlog","simple",FALSE,,,""
"Hébergement-restauration :: Casablanca","Hébergement-restauration","Casablanca","mensuel",TRUE,TRUE,,FALSE,"mensuel",2007-01-31,2019-07-31,135,41,61,19,151,0.106,"","mean","dlog","simple",FALSE,,,""
"Hébergement-restauration :: Divers","Hébergement-restauration","Divers","mensuel",TRUE,TRUE,,FALSE,"mensuel",2023-01-31,2025-02-28,26,109068,1836930,26,26,0,"","mean","dlog","simple",FALSE,,,""
"Hébergement-restauration :: EL jadida-mazagan","Hébergement-restauration","EL jadida-mazagan","mensuel",TRUE,TRUE,,FALSE,"mensuel",2008-11-30,2019-07-31,117,17,47,29,129,0.093,"","mean","dlog","simple",FALSE,,,""
"Hébergement-restauration :: Espagne","Hébergement-restauration","Espagne","mensuel",TRUE,TRUE,,FALSE,"mensuel",2023-01-31,2025-02-28,26,88291,1498347,26,26,0,"","mean","dlog","simple",FALSE,,,""
"Hébergement-restauration :: Essaouira - Mogador","Hébergement-restauration","Essaouira - Mogador","mensuel",TRUE,TRUE,,FALSE,"mensuel",2007-01-31,2019-07-31,135,14,46,29,151,0.106,"","mean","dlog","simple",FALSE,,,""
"Hébergement-restauration :: Etats-Unis","Hébergement-restauration","Etats-Unis","mensuel",TRUE,TRUE,,FALSE,"mensuel",2023-01-31,2025-02-28,26,17490,350692,26,26,0,"","mean","dlog","simple",FALSE,,,""
"Hébergement-restauration :: France","Hébergement-restauration","France","mensuel",TRUE,TRUE,,FALSE,"mensuel",2023-01-31,2025-02-28,26,110335,2421539,26,26,0,"","mean","dlog","simple",FALSE,,,""
"Hébergement-restauration :: Fès","Hébergement-restauration","Fès","mensuel",TRUE,TRUE,,FALSE,"mensuel",2007-01-31,2019-07-31,135,22,55,28,151,0.106,"","mean","dlog","simple",FALSE,,,""
"Hébergement-restauration :: Hollande","Hébergement-restauration","Hollande","mensuel",TRUE,TRUE,,FALSE,"mensuel",2023-01-31,2025-02-28,26,11369,241385,26,26,0,"","mean","dlog","simple",FALSE,,,""
"Hébergement-restauration :: Italie","Hébergement-restauration","Italie","mensuel",TRUE,TRUE,,FALSE,"mensuel",2023-01-31,2025-02-28,26,22442,451589,26,26,0,"","mean","dlog","simple",FALSE,,,""
"Hébergement-restauration :: Marrakech","Hébergement-restauration","Marrakech","mensuel",TRUE,TRUE,,FALSE,"mensuel",2007-01-31,2019-07-31,135,33,71,33,151,0.106,"","mean","dlog","simple",FALSE,,,""
"Hébergement-restauration :: Meknès","Hébergement-restauration","Meknès","mensuel",TRUE,TRUE,,FALSE,"mensuel",2007-01-31,2019-07-31,132,17,43,24,151,0.1258,"","mean","dlog","simple",FALSE,,,""
"Hébergement-restauration :: Ouarzazate","Hébergement-restauration","Ouarzazate","mensuel",TRUE,TRUE,,FALSE,"mensuel",2007-01-31,2019-07-31,134,10,42,27,151,0.1126,"","mean","dlog","simple",FALSE,,,""
"Hébergement-restauration :: Oujda-Essaidia","Hébergement-restauration","Oujda-Essaidia","mensuel",TRUE,TRUE,,FALSE,"mensuel",2008-11-30,2019-07-31,117,13,40,27,129,0.093,"","mean","dlog","simple",FALSE,,,""
"Hébergement-restauration :: Portugal","Hébergement-restauration","Portugal","mensuel",TRUE,TRUE,,FALSE,"mensuel",2023-02-28,2025-02-28,22,14746,172028,22,25,0.12,"","mean","dlog","simple",FALSE,,,""
"Hébergement-restauration :: Rabat","Hébergement-restauration","Rabat","mensuel",TRUE,TRUE,,FALSE,"mensuel",2007-01-31,2019-07-31,135,22,71,20,151,0.106,"","mean","dlog","simple",FALSE,,,""
"Hébergement-restauration :: Recettes touristiques (mensuel (En millions de dirhams))","Hébergement-restauration","Recettes touristiques (mensuel (En millions de dirhams))","mensuel",TRUE,TRUE,,FALSE,"mensuel",2007-12-31,2025-12-31,217,900,19595,213,217,0,"MDH","sum","dlog","simple",FALSE,,,""
"Hébergement-restauration :: Royaume-Uni","Hébergement-restauration","Royaume-Uni","mensuel",TRUE,TRUE,,FALSE,"mensuel",2023-01-31,2025-02-28,26,43377,998862,26,26,0,"","mean","dlog","simple",FALSE,,,""
"Hébergement-restauration :: Tanger","Hébergement-restauration","Tanger","mensuel",TRUE,TRUE,,FALSE,"mensuel",2007-01-31,2019-07-31,135,29,58,27,151,0.106,"","mean","dlog","simple",FALSE,,,""
"Hébergement-restauration :: Tourisme International","Hébergement-restauration","Tourisme International","mensuel",TRUE,TRUE,,FALSE,"mensuel",2025-01-31,2025-12-31,12,2133485,31428588,12,12,0,"","mean","dlog","simple",FALSE,,,""
"Hébergement-restauration :: Tourisme National","Hébergement-restauration","Tourisme National","mensuel",TRUE,TRUE,,FALSE,"mensuel",2025-01-31,2025-12-31,12,823485,12065422,12,12,0,"","mean","dlog","simple",FALSE,,,""
"Hébergement-restauration :: Tétouan","Hébergement-restauration","Tétouan","mensuel",TRUE,TRUE,,FALSE,"mensuel",2007-01-31,2019-05-31,132,14,42,27,149,0.1141,"","mean","dlog","simple",FALSE,,,""
"Hébergement-restauration :: Comptes débiteurs et crédits de trésorerie — Hébergement-restauration (MDH)","Hébergement-restauration","Comptes débiteurs et crédits de trésorerie — Hébergement-restauration (MDH)","trimestriel",TRUE,TRUE,,FALSE,"trimestriel",2006-12-31,2026-03-31,78,1073.372,6569.4568,78,78,0,"MDH","mean","dlog","simple",FALSE,,,""
"Hébergement-restauration :: Crédit bancaire Hôtels et restaurants (MDH)","Hébergement-restauration","Crédit bancaire Hôtels et restaurants (MDH)","trimestriel",TRUE,TRUE,,FALSE,"trimestriel",2006-12-31,2026-03-31,78,7311.3509,21062.9913,78,78,0,"MDH","mean","dlog","simple",FALSE,,,""
"Hébergement-restauration :: Crédits à l'équipement — Hébergement-restauration (MDH)","Hébergement-restauration","Crédits à l'équipement — Hébergement-restauration (MDH)","trimestriel",TRUE,TRUE,,FALSE,"trimestriel",2006-12-31,2026-03-31,78,3138.7427,15609.7404,78,78,0,"MDH","mean","dlog","simple",FALSE,,,""
"Immobilier :: Crédits aux promoteurs immobiliers (1)","Immobilier","Crédits aux promoteurs immobiliers (1)","mensuel",TRUE,TRUE,,FALSE,"mensuel",2001-12-31,2026-05-31,294,486.1797,70535.2404,294,294,0,"","mean","dlog","simple",FALSE,,,""
"Immobilier :: Crédits à l'habitat (MDH) (Jan 18)","Immobilier","Crédits à l'habitat (MDH) (Jan 18)","mensuel",TRUE,TRUE,,FALSE,"mensuel",2007-12-31,2026-05-31,222,85028.871,257809.8366,222,222,0,"MDH","mean","dlog","simple",FALSE,,,""
"Immobilier :: Crédits à l’immobilier (MDH) (Jan 18)","Immobilier","Crédits à l’immobilier (MDH) (Jan 18)","mensuel",TRUE,TRUE,,FALSE,"mensuel",2007-12-31,2026-05-31,222,120054.6781,325826.3753,222,222,0,"MDH","mean","dlog","simple",FALSE,,,""
"Immobilier :: Dont: Financement participatif à l'habitat","Immobilier","Dont: Financement participatif à l'habitat","mensuel",TRUE,TRUE,,FALSE,"mensuel",2017-10-31,2026-05-31,104,12,31282.482,104,104,0,"","mean","dlog","simple",FALSE,,,""
"Immobilier :: IPAI Bureau — prix (var. trim. %)","Immobilier","IPAI Bureau — prix (var. trim. %)","trimestriel",TRUE,TRUE,,FALSE,"trimestriel",2015-09-30,2026-03-31,34,-13.5,12,31,43,0.2093,"pourcentage","mean","niveau","simple",FALSE,,,""
"Immobilier :: IPAI Bureau — transactions (var. trim. %)","Immobilier","IPAI Bureau — transactions (var. trim. %)","trimestriel",TRUE,TRUE,,FALSE,"trimestriel",2015-09-30,2026-03-31,28,-52.9,49.2,28,43,0.3488,"pourcentage","mean","niveau","simple",FALSE,,,""
"Immobilier :: IPAI Foncier — prix (var. trim. %)","Immobilier","IPAI Foncier — prix (var. trim. %)","trimestriel",TRUE,TRUE,,FALSE,"trimestriel",2015-09-30,2026-03-31,34,-3,3.6,25,43,0.2093,"pourcentage","mean","niveau","simple",FALSE,,,""
"Immobilier :: IPAI Foncier — transactions (var. trim. %)","Immobilier","IPAI Foncier — transactions (var. trim. %)","trimestriel",TRUE,TRUE,,FALSE,"trimestriel",2015-09-30,2026-03-31,30,-45.9,188.8,30,43,0.3023,"pourcentage","mean","niveau","simple",FALSE,,,""
"Immobilier :: IPAI Global — prix (série 1998–2017, var. trim. %)","Immobilier","IPAI Global — prix (série 1998–2017, var. trim. %)","trimestriel",TRUE,TRUE,,FALSE,"trimestriel",2010-03-31,2017-09-30,22,-1.9,2.5,17,31,0.2903,"pourcentage","mean","niveau","simple",FALSE,,,""
"Immobilier :: IPAI Local commercial — prix (var. trim. %)","Immobilier","IPAI Local commercial — prix (var. trim. %)","trimestriel",TRUE,TRUE,,FALSE,"trimestriel",2015-09-30,2026-03-31,33,-7.1,5.5,27,43,0.2326,"pourcentage","mean","niveau","simple",FALSE,,,""
"Immobilier :: IPAI Local commercial — transactions (var. trim. %)","Immobilier","IPAI Local commercial — transactions (var. trim. %)","trimestriel",TRUE,TRUE,,FALSE,"trimestriel",2015-09-30,2026-03-31,33,-43.7,74.4,32,43,0.2326,"pourcentage","mean","niveau","simple",FALSE,,,""
"Immobilier :: IPAI Professionnel — prix (var. trim. %)","Immobilier","IPAI Professionnel — prix (var. trim. %)","trimestriel",TRUE,TRUE,,FALSE,"trimestriel",2016-09-30,2026-03-31,32,-3.3,5.1,25,39,0.1795,"pourcentage","mean","niveau","simple",FALSE,,,""
"Immobilier :: IPAI Professionnel — transactions (var. trim. %)","Immobilier","IPAI Professionnel — transactions (var. trim. %)","trimestriel",TRUE,TRUE,,FALSE,"trimestriel",2016-09-30,2026-03-31,28,-41.1,79.9,28,39,0.2821,"pourcentage","mean","niveau","simple",FALSE,,,""
"Immobilier :: IPAI Résidentiel — transactions (var. trim. %)","Immobilier","IPAI Résidentiel — transactions (var. trim. %)","trimestriel",TRUE,TRUE,,FALSE,"trimestriel",2015-09-30,2026-03-31,33,-45.1,96.2,33,43,0.2326,"pourcentage","mean","niveau","simple",FALSE,,,""
"Industrie d'extraction :: Engrais","Industrie d'extraction","Engrais","mensuel",TRUE,TRUE,,FALSE,"mensuel",2009-04-30,2016-12-31,68,159,610.8,62,93,0.2688,"","mean","dlog","simple",TRUE,,,""
"Industrie d'extraction :: Exportations OCP","Industrie d'extraction","Exportations OCP","mensuel",TRUE,TRUE,,FALSE,"mensuel",2018-02-28,2026-04-30,99,2767.5176,115483.7344,99,99,0,"","sum","dlog","simple",FALSE,,,""
"Industrie d'extraction :: Exportations autres extractions minières (Oct 2018)","Industrie d'extraction","Exportations autres extractions minières (Oct 2018)","mensuel",TRUE,TRUE,,FALSE,"mensuel",2019-01-31,2026-05-31,89,-993,1940,80,89,0,"","sum","diff","simple",TRUE,,,""
"Industrie d'extraction :: Exportations phosphate+derivés","Industrie d'extraction","Exportations phosphate+derivés","mensuel",TRUE,TRUE,,FALSE,"mensuel",2015-01-31,2026-05-31,137,2077.2,13618.1328,137,137,0,"","sum","dlog","simple",TRUE,,,""
"Industrie d'extraction :: Phosphates","Industrie d'extraction","Phosphates","mensuel",TRUE,TRUE,,FALSE,"mensuel",1998-10-31,2016-06-30,201,195,1394,184,213,0.0563,"","mean","dlog","simple",TRUE,,,""
"Industrie d'extraction :: Phosphates (2)","Industrie d'extraction","Phosphates (2)","mensuel",TRUE,TRUE,,FALSE,"mensuel",1998-06-30,2016-12-31,196,-9264.3,13103.3,186,223,0.1211,"","mean","diff","simple",TRUE,,,""
"Industrie d'extraction :: Production des dérivées de phosphates (Jan 2018)","Industrie d'extraction","Production des dérivées de phosphates (Jan 2018)","mensuel",TRUE,TRUE,,FALSE,"trimestriel",2018-02-28,2026-03-31,58,2129.2,21662.8663,58,98,0.4082,"","sum","dlog","simple",FALSE,,,""
"Industrie d'extraction :: Soufre liquide","Industrie d'extraction","Soufre liquide","mensuel",TRUE,TRUE,,FALSE,"mensuel",1998-10-31,2011-06-30,135,0,250,45,153,0.1176,"","mean","diff","simple",TRUE,,,""
"Industrie d'extraction :: Soufre liquide (2)","Industrie d'extraction","Soufre liquide (2)","mensuel",TRUE,TRUE,,FALSE,"mensuel",1998-10-31,2011-06-30,125,0,73,59,153,0.183,"","mean","diff","simple",TRUE,,,""
"Industrie d'extraction :: Soufre solide","Industrie d'extraction","Soufre solide","mensuel",TRUE,TRUE,,FALSE,"mensuel",1998-10-31,2011-06-30,135,30,2078,107,153,0.1176,"","mean","dlog","simple",TRUE,,,""
"Industrie d'extraction :: Soufre solide (2)","Industrie d'extraction","Soufre solide (2)","mensuel",TRUE,TRUE,,FALSE,"mensuel",1998-10-31,2011-06-30,127,17,406.8,105,153,0.1699,"","mean","dlog","simple",TRUE,,,""
"Industrie d'extraction :: Comptes débiteurs et crédits de trésorerie — Industrie d'extraction (MDH)","Industrie d'extraction","Comptes débiteurs et crédits de trésorerie — Industrie d'extraction (MDH)","trimestriel",TRUE,TRUE,,FALSE,"trimestriel",2006-12-31,2026-03-31,78,632.9564,16964.1348,78,78,0,"MDH","mean","dlog","simple",FALSE,,,""
"Industrie d'extraction :: Crédit bancaire Industries extractives (MDH)","Industrie d'extraction","Crédit bancaire Industries extractives (MDH)","trimestriel",TRUE,TRUE,,FALSE,"trimestriel",2006-12-31,2026-03-31,78,2658.6829,41388.7477,78,78,0,"MDH","mean","dlog","simple",FALSE,,,""
"Industrie d'extraction :: Crédits à l'équipement — Industrie d'extraction (MDH)","Industrie d'extraction","Crédits à l'équipement — Industrie d'extraction (MDH)","trimestriel",TRUE,TRUE,,FALSE,"trimestriel",2006-12-31,2026-03-31,78,285.7188,20393.0122,78,78,0,"MDH","mean","dlog","simple",FALSE,,,""
"Industrie d'extraction :: IPM — Autres industries extractives","Industrie d'extraction","IPM — Autres industries extractives","trimestriel",TRUE,TRUE,,FALSE,"trimestriel",2016-03-31,2026-03-31,41,89.3,151.9,40,41,0,"indice","mean","dlog","simple",FALSE,,,""
"Industrie d'extraction :: IPM — Extraction de minerais métalliques","Industrie d'extraction","IPM — Extraction de minerais métalliques","trimestriel",TRUE,TRUE,,FALSE,"trimestriel",2016-03-31,2026-03-31,41,87.9,118.3,36,41,0,"indice","mean","dlog","simple",FALSE,,,""
"Industrie d'extraction :: IPM — Industries extractives","Industrie d'extraction","IPM — Industries extractives","trimestriel",TRUE,TRUE,,FALSE,"trimestriel",2016-03-31,2026-03-31,41,90,150.2,40,41,0,"indice","mean","dlog","simple",FALSE,,,""
"Industrie de transformation :: DEMI PRODUITS","Industrie de transformation","DEMI PRODUITS","mensuel",TRUE,TRUE,,FALSE,"mensuel",2015-01-31,2026-05-31,137,5908817.5611,16900670.2174,137,137,0,"","mean","dlog","simple",TRUE,,,""
"Industrie de transformation :: Evolution de la production au cours des trois prochains mois","Industrie de transformation","Evolution de la production au cours des trois prochains mois","mensuel",TRUE,TRUE,,FALSE,"mensuel",2010-01-31,2024-10-31,178,-15.8841,58.5126,178,178,0,"","sum","niveau","simple",FALSE,,,""
"Industrie de transformation :: Evolution de la production au cours des trois prochains mois (2)","Industrie de transformation","Evolution de la production au cours des trois prochains mois (2)","mensuel",TRUE,TRUE,,FALSE,"mensuel",2010-01-31,2024-10-31,178,-14.2578,63.4924,178,178,0,"","sum","niveau","simple",FALSE,,,""
"Industrie de transformation :: Evolution de la production au cours des trois prochains mois (3)","Industrie de transformation","Evolution de la production au cours des trois prochains mois (3)","mensuel",TRUE,TRUE,,FALSE,"mensuel",2010-01-31,2024-10-31,178,-36.5609,103.5819,178,178,0,"","sum","niveau","simple",FALSE,,,""
"Industrie de transformation :: Evolution de la production au cours des trois prochains mois (4)","Industrie de transformation","Evolution de la production au cours des trois prochains mois (4)","mensuel",TRUE,TRUE,,FALSE,"mensuel",2010-01-31,2024-10-31,178,-38.2157,82.6127,178,178,0,"","sum","niveau","simple",FALSE,,,""
"Industrie de transformation :: Evolution de la production au cours des trois prochains mois (5)","Industrie de transformation","Evolution de la production au cours des trois prochains mois (5)","mensuel",TRUE,TRUE,,FALSE,"mensuel",2010-01-31,2024-10-31,178,-25.7581,82.8645,178,178,0,"","sum","niveau","simple",FALSE,,,""
"Industrie de transformation :: Evolution de la production au cours des trois prochains mois (6)","Industrie de transformation","Evolution de la production au cours des trois prochains mois (6)","mensuel",TRUE,TRUE,,FALSE,"mensuel",2010-01-31,2024-10-31,178,-80.9241,92.4014,177,178,0,"","sum","niveau","simple",FALSE,,,""
"Industrie de transformation :: Evolution de la production par rapport au mois précédent","Industrie de transformation","Evolution de la production par rapport au mois précédent","mensuel",TRUE,TRUE,,FALSE,"mensuel",2010-01-31,2024-10-31,178,-44.1383,67.0616,178,178,0,"","sum","niveau","simple",FALSE,,,""
"Industrie de transformation :: Evolution de la production par rapport au mois précédent (2)","Industrie de transformation","Evolution de la production par rapport au mois précédent (2)","mensuel",TRUE,TRUE,,FALSE,"mensuel",2010-01-31,2024-10-31,178,-50.9121,54.2538,178,178,0,"","sum","niveau","simple",FALSE,,,""
"Industrie de transformation :: Evolution de la production par rapport au mois précédent (3)","Industrie de transformation","Evolution de la production par rapport au mois précédent (3)","mensuel",TRUE,TRUE,,FALSE,"mensuel",2010-01-31,2024-10-31,178,-58.3153,76.0506,178,178,0,"","sum","niveau","simple",FALSE,,,""
"Industrie de transformation :: Evolution de la production par rapport au mois précédent (4)","Industrie de transformation","Evolution de la production par rapport au mois précédent (4)","mensuel",TRUE,TRUE,,FALSE,"mensuel",2010-01-31,2024-10-31,178,-109.6323,76.1727,178,178,0,"","sum","niveau","simple",FALSE,,,""
"Industrie de transformation :: Evolution de la production par rapport au mois précédent (5)","Industrie de transformation","Evolution de la production par rapport au mois précédent (5)","mensuel",TRUE,TRUE,,FALSE,"mensuel",2010-01-31,2024-10-31,178,-78.4317,58.0871,178,178,0,"","sum","niveau","simple",FALSE,,,""
"Industrie de transformation :: Evolution de la production par rapport au mois précédent (6)","Industrie de transformation","Evolution de la production par rapport au mois précédent (6)","mensuel",TRUE,TRUE,,FALSE,"mensuel",2010-01-31,2024-10-31,178,-93.7317,90.0637,177,178,0,"","sum","niveau","simple",FALSE,,,""
"Industrie de transformation :: Evolution des nouvelles commandes par rapport au mois précédent","Industrie de transformation","Evolution des nouvelles commandes par rapport au mois précédent","mensuel",TRUE,TRUE,,FALSE,"mensuel",2010-01-31,2024-10-31,178,-44.5559,55.8898,178,178,0,"","mean","niveau","simple",FALSE,,,""
"Industrie de transformation :: Evolution des nouvelles commandes par rapport au mois précédent (2)","Industrie de transformation","Evolution des nouvelles commandes par rapport au mois précédent (2)","mensuel",TRUE,TRUE,,FALSE,"mensuel",2010-01-31,2024-10-31,178,-53.7323,44.7965,178,178,0,"","mean","niveau","simple",FALSE,,,""
"Industrie de transformation :: Evolution des nouvelles commandes par rapport au mois précédent (3)","Industrie de transformation","Evolution des nouvelles commandes par rapport au mois précédent (3)","mensuel",TRUE,TRUE,,FALSE,"mensuel",2010-01-31,2024-10-31,178,-54.9623,70.8031,178,178,0,"","mean","niveau","simple",FALSE,,,""
"Industrie de transformation :: Evolution des nouvelles commandes par rapport au mois précédent (4)","Industrie de transformation","Evolution des nouvelles commandes par rapport au mois précédent (4)","mensuel",TRUE,TRUE,,FALSE,"mensuel",2010-01-31,2024-10-31,178,-88.5687,70.1192,178,178,0,"","mean","niveau","simple",FALSE,,,""
"Industrie de transformation :: Evolution des nouvelles commandes par rapport au mois précédent (5)","Industrie de transformation","Evolution des nouvelles commandes par rapport au mois précédent (5)","mensuel",TRUE,TRUE,,FALSE,"mensuel",2010-01-31,2024-10-31,178,-88.9088,82.8167,178,178,0,"","mean","niveau","simple",FALSE,,,""
"Industrie de transformation :: Evolution des nouvelles commandes par rapport au mois précédent (6)","Industrie de transformation","Evolution des nouvelles commandes par rapport au mois précédent (6)","mensuel",TRUE,TRUE,,FALSE,"mensuel",2010-01-31,2024-10-31,178,-95.242,85.4649,178,178,0,"","mean","niveau","simple",FALSE,,,""
"Industrie de transformation :: Evolution des ventes au cours des trois prochains mois","Industrie de transformation","Evolution des ventes au cours des trois prochains mois","mensuel",TRUE,TRUE,,FALSE,"mensuel",2010-01-31,2024-10-31,178,-13.6215,60.1161,178,178,0,"","sum","niveau","simple",FALSE,,,""
"Industrie de transformation :: Evolution des ventes au cours des trois prochains mois (2)","Industrie de transformation","Evolution des ventes au cours des trois prochains mois (2)","mensuel",TRUE,TRUE,,FALSE,"mensuel",2010-01-31,2024-10-31,178,-15.9826,66.0788,178,178,0,"","sum","niveau","simple",FALSE,,,""
"Industrie de transformation :: Evolution des ventes au cours des trois prochains mois (3)","Industrie de transformation","Evolution des ventes au cours des trois prochains mois (3)","mensuel",TRUE,TRUE,,FALSE,"mensuel",2010-01-31,2024-10-31,178,-40.713,117.349,178,178,0,"","sum","niveau","simple",FALSE,,,""
"Industrie de transformation :: Evolution des ventes au cours des trois prochains mois (4)","Industrie de transformation","Evolution des ventes au cours des trois prochains mois (4)","mensuel",TRUE,TRUE,,FALSE,"mensuel",2010-01-31,2024-10-31,178,-41.4979,93.1373,178,178,0,"","sum","niveau","simple",FALSE,,,""
"Industrie de transformation :: Evolution des ventes au cours des trois prochains mois (5)","Industrie de transformation","Evolution des ventes au cours des trois prochains mois (5)","mensuel",TRUE,TRUE,,FALSE,"mensuel",2010-01-31,2024-10-31,178,-21.9143,60.7761,178,178,0,"","sum","niveau","simple",FALSE,,,""
"Industrie de transformation :: Evolution des ventes au cours des trois prochains mois (6)","Industrie de transformation","Evolution des ventes au cours des trois prochains mois (6)","mensuel",TRUE,TRUE,,FALSE,"mensuel",2010-01-31,2024-10-31,178,-94.6564,92.4014,178,178,0,"","sum","niveau","simple",FALSE,,,""
"Industrie de transformation :: Evolution des ventes par rapport au mois précédent","Industrie de transformation","Evolution des ventes par rapport au mois précédent","mensuel",TRUE,TRUE,,FALSE,"mensuel",2010-01-31,2024-10-31,178,-47.9748,69.7872,178,178,0,"","sum","niveau","simple",FALSE,,,""
"Industrie de transformation :: Evolution des ventes par rapport au mois précédent (2)","Industrie de transformation","Evolution des ventes par rapport au mois précédent (2)","mensuel",TRUE,TRUE,,FALSE,"mensuel",2010-01-31,2024-10-31,178,-51.6953,61.4681,178,178,0,"","sum","niveau","simple",FALSE,,,""
"Industrie de transformation :: Evolution des ventes par rapport au mois précédent (3)","Industrie de transformation","Evolution des ventes par rapport au mois précédent (3)","mensuel",TRUE,TRUE,,FALSE,"mensuel",2010-01-31,2024-10-31,178,-72.8636,75.0903,178,178,0,"","sum","niveau","simple",FALSE,,,""
"Industrie de transformation :: Evolution des ventes par rapport au mois précédent (4)","Industrie de transformation","Evolution des ventes par rapport au mois précédent (4)","mensuel",TRUE,TRUE,,FALSE,"mensuel",2010-01-31,2024-10-31,178,-91.9424,76.4081,178,178,0,"","sum","niveau","simple",FALSE,,,""
"Industrie de transformation :: Evolution des ventes par rapport au mois précédent (5)","Industrie de transformation","Evolution des ventes par rapport au mois précédent (5)","mensuel",TRUE,TRUE,,FALSE,"mensuel",2010-01-31,2024-10-31,178,-78.0802,58.9273,178,178,0,"","sum","niveau","simple",FALSE,,,""
"Industrie de transformation :: Evolution des ventes par rapport au mois précédent (6)","Industrie de transformation","Evolution des ventes par rapport au mois précédent (6)","mensuel",TRUE,TRUE,,FALSE,"mensuel",2010-01-31,2024-10-31,178,-97.6952,91.17,176,178,0,"","sum","niveau","simple",FALSE,,,""
"Industrie de transformation :: Niveau des carnets de commandes par rapport au mois précédent","Industrie de transformation","Niveau des carnets de commandes par rapport au mois précédent","mensuel",TRUE,TRUE,,FALSE,"mensuel",2010-01-31,2024-10-31,178,-47.7245,25.5273,178,178,0,"","mean","niveau","simple",FALSE,,,""
"Industrie de transformation :: Niveau des carnets de commandes par rapport au mois précédent (2)","Industrie de transformation","Niveau des carnets de commandes par rapport au mois précédent (2)","mensuel",TRUE,TRUE,,FALSE,"mensuel",2010-01-31,2024-10-31,178,-58.8179,9.1669,178,178,0,"","mean","niveau","simple",FALSE,,,""
"Industrie de transformation :: Niveau des carnets de commandes par rapport au mois précédent (3)","Industrie de transformation","Niveau des carnets de commandes par rapport au mois précédent (3)","mensuel",TRUE,TRUE,,FALSE,"mensuel",2010-01-31,2024-10-31,178,-65.9396,44.2317,178,178,0,"","mean","niveau","simple",FALSE,,,""
"Industrie de transformation :: Niveau des carnets de commandes par rapport au mois précédent (4)","Industrie de transformation","Niveau des carnets de commandes par rapport au mois précédent (4)","mensuel",TRUE,TRUE,,FALSE,"mensuel",2010-01-31,2024-10-31,178,-94.4531,10.6449,178,178,0,"","mean","niveau","simple",FALSE,,,""
"Industrie de transformation :: Niveau des carnets de commandes par rapport au mois précédent (5)","Industrie de transformation","Niveau des carnets de commandes par rapport au mois précédent (5)","mensuel",TRUE,TRUE,,FALSE,"mensuel",2010-01-31,2024-10-31,178,-88.9088,15.6844,178,178,0,"","mean","niveau","simple",FALSE,,,""
"Industrie de transformation :: Niveau des carnets de commandes par rapport au mois précédent (6)","Industrie de transformation","Niveau des carnets de commandes par rapport au mois précédent (6)","mensuel",TRUE,TRUE,,FALSE,"mensuel",2010-01-31,2024-10-31,178,-90.7549,69.43,176,178,0,"","mean","niveau","simple",FALSE,,,""
"Industrie de transformation :: Niveau des stocks de PF","Industrie de transformation","Niveau des stocks de PF","mensuel",TRUE,TRUE,,FALSE,"mensuel",2010-01-31,2024-10-31,178,-18.0458,18.5072,178,178,0,"","mean","niveau","simple",FALSE,,,""
"Industrie de transformation :: Niveau des stocks de PF (2)","Industrie de transformation","Niveau des stocks de PF (2)","mensuel",TRUE,TRUE,,FALSE,"mensuel",2010-01-31,2024-10-31,178,-19.8772,21.5291,178,178,0,"","mean","niveau","simple",FALSE,,,""
"Industrie de transformation :: Niveau des stocks de PF (3)","Industrie de transformation","Niveau des stocks de PF (3)","mensuel",TRUE,TRUE,,FALSE,"mensuel",2010-01-31,2024-10-31,178,-31.6086,46.0159,178,178,0,"","mean","niveau","simple",FALSE,,,""
"Industrie de transformation :: Niveau des stocks de PF (4)","Industrie de transformation","Niveau des stocks de PF (4)","mensuel",TRUE,TRUE,,FALSE,"mensuel",2010-01-31,2024-10-31,178,-65.0991,41.981,178,178,0,"","mean","niveau","simple",FALSE,,,""
"Industrie de transformation :: Niveau des stocks de PF (5)","Industrie de transformation","Niveau des stocks de PF (5)","mensuel",TRUE,TRUE,,FALSE,"mensuel",2010-01-31,2024-10-31,178,-39.6431,27.3246,178,178,0,"","mean","niveau","simple",FALSE,,,""
"Industrie de transformation :: Niveau des stocks de PF (6)","Industrie de transformation","Niveau des stocks de PF (6)","mensuel",TRUE,TRUE,,FALSE,"mensuel",2010-01-31,2024-10-31,178,-69.4779,73.9951,169,178,0,"","mean","niveau","simple",FALSE,,,""
"Industrie de transformation :: PRODUITS FINIS D'EQUIPEMENT INDUSTRIEL","Industrie de transformation","PRODUITS FINIS D'EQUIPEMENT INDUSTRIEL","mensuel",TRUE,TRUE,,FALSE,"mensuel",2015-01-31,2026-05-31,137,5723121.1464,20667248.3863,137,137,0,"","mean","dlog","simple",TRUE,,,""
"Industrie de transformation :: Taux d’Utilisation des Capacités","Industrie de transformation","Taux d’Utilisation des Capacités","mensuel",TRUE,TRUE,,FALSE,"mensuel",2010-01-31,2025-08-31,188,46.8893,79.473,185,188,0,"","mean","dlog","simple",FALSE,,,""
"Industrie de transformation :: Utilisation des capacités de production (cumulé)","Industrie de transformation","Utilisation des capacités de production (cumulé)","mensuel",TRUE,TRUE,,FALSE,"mensuel",2015-01-31,2023-03-31,99,0.6032,0.788,94,99,0,"","sum","dlog","simple",FALSE,,,""
"Industrie de transformation :: Comptes débiteurs et crédits de trésorerie — Industrie de transformation (MDH)","Industrie de transformation","Comptes débiteurs et crédits de trésorerie — Industrie de transformation (MDH)","trimestriel",TRUE,TRUE,,FALSE,"trimestriel",2006-12-31,2026-03-31,78,8629.7868,31417.1989,78,78,0,"MDH","mean","dlog","simple",FALSE,,,""
"Industrie de transformation :: Comptes débiteurs et crédits de trésorerie — Industrie de transformation (MDH) (2)","Industrie de transformation","Comptes débiteurs et crédits de trésorerie — Industrie de transformation (MDH) (2)","trimestriel",TRUE,TRUE,,FALSE,"trimestriel",2006-12-31,2026-03-31,78,2731.7303,6113.6872,78,78,0,"MDH","mean","dlog","simple",FALSE,,,""
"Industrie de transformation :: Comptes débiteurs et crédits de trésorerie — Industrie de transformation (MDH) (3)","Industrie de transformation","Comptes débiteurs et crédits de trésorerie — Industrie de transformation (MDH) (3)","trimestriel",TRUE,TRUE,,FALSE,"trimestriel",2006-12-31,2026-03-31,78,3289.889,10509.2162,78,78,0,"MDH","mean","dlog","simple",FALSE,,,""
"Industrie de transformation :: Comptes débiteurs et crédits de trésorerie — Industrie de transformation (MDH) (4)","Industrie de transformation","Comptes débiteurs et crédits de trésorerie — Industrie de transformation (MDH) (4)","trimestriel",TRUE,TRUE,,FALSE,"trimestriel",2006-12-31,2026-03-31,78,5943.4628,15774.9953,78,78,0,"MDH","mean","dlog","simple",FALSE,,,""
"Industrie de transformation :: Comptes débiteurs et crédits de trésorerie — Industrie de transformation (MDH) (5)","Industrie de transformation","Comptes débiteurs et crédits de trésorerie — Industrie de transformation (MDH) (5)","trimestriel",TRUE,TRUE,,FALSE,"trimestriel",2006-12-31,2026-03-31,78,5403.6304,19208.377,78,78,0,"MDH","mean","dlog","simple",FALSE,,,""
"Industrie de transformation :: Crédit bancaire Industries alimentaires et tabac (MDH)","Industrie de transformation","Crédit bancaire Industries alimentaires et tabac (MDH)","trimestriel",TRUE,TRUE,,FALSE,"trimestriel",2006-12-31,2026-03-31,78,17249.0265,41569.6205,78,78,0,"MDH","mean","dlog","simple",FALSE,,,""
"Industrie de transformation :: Crédit bancaire Industries chimiques-parachimiques (MDH)","Industrie de transformation","Crédit bancaire Industries chimiques-parachimiques (MDH)","trimestriel",TRUE,TRUE,,FALSE,"trimestriel",2006-12-31,2026-03-31,78,5093.8374,17904.459,78,78,0,"MDH","mean","dlog","simple",FALSE,,,""
"Industrie de transformation :: Crédit bancaire Industries manufacturières diverses (MDH)","Industrie de transformation","Crédit bancaire Industries manufacturières diverses (MDH)","trimestriel",TRUE,TRUE,,FALSE,"trimestriel",2006-12-31,2026-03-31,78,10712.8789,26086.0347,78,78,0,"MDH","mean","dlog","simple",FALSE,,,""
"Industrie de transformation :: Crédit bancaire Industries métallurgiques-mécaniques-électriques (MDH)","Industrie de transformation","Crédit bancaire Industries métallurgiques-mécaniques-électriques (MDH)","trimestriel",TRUE,TRUE,,FALSE,"trimestriel",2006-12-31,2026-03-31,78,9122.6011,23893.4311,78,78,0,"MDH","mean","dlog","simple",FALSE,,,""
"Industrie de transformation :: Crédit bancaire Industries textiles-habillement-cuir (MDH)","Industrie de transformation","Crédit bancaire Industries textiles-habillement-cuir (MDH)","trimestriel",TRUE,TRUE,,FALSE,"trimestriel",2006-12-31,2026-03-31,78,5952.9478,10631.7515,78,78,0,"MDH","mean","dlog","simple",FALSE,,,""
"Industrie de transformation :: Crédits à l'équipement — Industrie de transformation (MDH)","Industrie de transformation","Crédits à l'équipement — Industrie de transformation (MDH)","trimestriel",TRUE,TRUE,,FALSE,"trimestriel",2006-12-31,2026-03-31,78,4457.5548,9247.5156,78,78,0,"MDH","mean","dlog","simple",FALSE,,,""
"Industrie de transformation :: Crédits à l'équipement — Industrie de transformation (MDH) (2)","Industrie de transformation","Crédits à l'équipement — Industrie de transformation (MDH) (2)","trimestriel",TRUE,TRUE,,FALSE,"trimestriel",2006-12-31,2026-03-31,78,553.964,2773.3261,78,78,0,"MDH","mean","dlog","simple",FALSE,,,""
"Industrie de transformation :: Crédits à l'équipement — Industrie de transformation (MDH) (3)","Industrie de transformation","Crédits à l'équipement — Industrie de transformation (MDH) (3)","trimestriel",TRUE,TRUE,,FALSE,"trimestriel",2006-12-31,2026-03-31,78,1080.2303,8298.0523,78,78,0,"MDH","mean","dlog","simple",FALSE,,,""
"Industrie de transformation :: Crédits à l'équipement — Industrie de transformation (MDH) (4)","Industrie de transformation","Crédits à l'équipement — Industrie de transformation (MDH) (4)","trimestriel",TRUE,TRUE,,FALSE,"trimestriel",2006-12-31,2026-03-31,78,1543.6767,6313.638,78,78,0,"MDH","mean","dlog","simple",FALSE,,,""
"Industrie de transformation :: Crédits à l'équipement — Industrie de transformation (MDH) (5)","Industrie de transformation","Crédits à l'équipement — Industrie de transformation (MDH) (5)","trimestriel",TRUE,TRUE,,FALSE,"trimestriel",2006-12-31,2026-03-31,78,2338.1681,8012.2968,78,78,0,"MDH","mean","dlog","simple",FALSE,,,""
"Industrie de transformation :: IPI — Autres industries manufacturés","Industrie de transformation","IPI — Autres industries manufacturés","trimestriel",TRUE,TRUE,,FALSE,"trimestriel",2016-03-31,2026-03-31,41,63.5,124.3,41,41,0,"indice","mean","dlog","simple",FALSE,,,""
"Industrie de transformation :: IPI — Fabrication de boissons","Industrie de transformation","IPI — Fabrication de boissons","trimestriel",TRUE,TRUE,,FALSE,"trimestriel",2016-03-31,2026-03-31,41,62.3,156.2,40,41,0,"indice","mean","dlog","simple",FALSE,,,""
"Industrie de transformation :: IPI — Fabrication de machines et équipements n.c.a.","Industrie de transformation","IPI — Fabrication de machines et équipements n.c.a.","trimestriel",TRUE,TRUE,,FALSE,"trimestriel",2016-03-31,2026-03-31,41,66.4,144,40,41,0,"indice","mean","dlog","simple",FALSE,,,""
"Industrie de transformation :: IPI — Fabrication de meubles","Industrie de transformation","IPI — Fabrication de meubles","trimestriel",TRUE,TRUE,,FALSE,"trimestriel",2016-03-31,2026-03-31,41,69.5,133.3,40,41,0,"indice","mean","dlog","simple",FALSE,,,""
"Industrie de transformation :: IPI — Fabrication de produits en caoutchouc et en plastique","Industrie de transformation","IPI — Fabrication de produits en caoutchouc et en plastique","trimestriel",TRUE,TRUE,,FALSE,"trimestriel",2016-03-31,2026-03-31,41,75.7,157.7,36,41,0,"indice","mean","dlog","simple",FALSE,,,""
"Industrie de transformation :: IPI — Fabrication de produits informatiques, électroniques et optiques","Industrie de transformation","IPI — Fabrication de produits informatiques, électroniques et optiques","trimestriel",TRUE,TRUE,,FALSE,"trimestriel",2016-03-31,2026-03-31,41,72.8,168.4,41,41,0,"indice","mean","dlog","simple",FALSE,,,""
"Industrie de transformation :: IPI — Fabrication de produits métalliques, à l’exclusion des machines et des équipements","Industrie de transformation","IPI — Fabrication de produits métalliques, à l’exclusion des machines et des équipements","trimestriel",TRUE,TRUE,,FALSE,"trimestriel",2016-03-31,2026-03-31,41,49.3,146.5,40,41,0,"indice","mean","dlog","simple",FALSE,,,""
"Industrie de transformation :: IPI — Fabrication de produits à base de tabac","Industrie de transformation","IPI — Fabrication de produits à base de tabac","trimestriel",TRUE,TRUE,,FALSE,"trimestriel",2016-03-31,2026-03-31,41,44.8,144.9,39,41,0,"indice","mean","dlog","simple",FALSE,,,""
"Industrie de transformation :: IPI — Fabrication de textiles","Industrie de transformation","IPI — Fabrication de textiles","trimestriel",TRUE,TRUE,,FALSE,"trimestriel",2016-03-31,2026-03-31,41,55.8,112.6,41,41,0,"indice","mean","dlog","simple",FALSE,,,""
"Industrie de transformation :: IPI — Fabrication d’autres matériels de transport","Industrie de transformation","IPI — Fabrication d’autres matériels de transport","trimestriel",TRUE,TRUE,,FALSE,"trimestriel",2016-03-31,2026-03-31,41,80,249.7,40,41,0,"indice","mean","dlog","simple",FALSE,,,""
"Industrie de transformation :: IPI — Fabrication d’autres produits minéraux non métalliques","Industrie de transformation","IPI — Fabrication d’autres produits minéraux non métalliques","trimestriel",TRUE,TRUE,,FALSE,"trimestriel",2016-03-31,2026-03-31,41,68.8,118.7,38,41,0,"indice","mean","dlog","simple",FALSE,,,""
"Industrie de transformation :: IPI — Fabrication d’équipements électriques","Industrie de transformation","IPI — Fabrication d’équipements électriques","trimestriel",TRUE,TRUE,,FALSE,"trimestriel",2016-03-31,2026-03-31,41,63.6,167.8,41,41,0,"indice","mean","dlog","simple",FALSE,,,""
"Industrie de transformation :: IPI — Imprimerie et reproduction d’enregistrements","Industrie de transformation","IPI — Imprimerie et reproduction d’enregistrements","trimestriel",TRUE,TRUE,,FALSE,"trimestriel",2016-03-31,2026-03-31,41,73.5,144.3,38,41,0,"indice","sum","dlog","simple",FALSE,,,""
"Industrie de transformation :: IPI — Industrie automobile","Industrie de transformation","IPI — Industrie automobile","trimestriel",TRUE,TRUE,,FALSE,"trimestriel",2016-03-31,2026-03-31,41,61.4,202.7,39,41,0,"indice","mean","dlog","simple",FALSE,,,""
"Industrie de transformation :: IPI — Industrie chimique","Industrie de transformation","IPI — Industrie chimique","trimestriel",TRUE,TRUE,,FALSE,"trimestriel",2016-03-31,2026-03-31,41,106,167.5,38,41,0,"indice","mean","dlog","simple",FALSE,,,""
"Industrie de transformation :: IPI — Industrie du cuir et de la chaussure (à l’exception de l’habillement en cuir)","Industrie de transformation","IPI — Industrie du cuir et de la chaussure (à l’exception de l’habillement en cuir)","trimestriel",TRUE,TRUE,,FALSE,"trimestriel",2016-03-31,2026-03-31,41,46.8,109.5,40,41,0,"indice","mean","dlog","simple",FALSE,,,""
"Industrie de transformation :: IPI — Industrie du papier et du carton","Industrie de transformation","IPI — Industrie du papier et du carton","trimestriel",TRUE,TRUE,,FALSE,"trimestriel",2016-03-31,2026-03-31,41,90,147.8,38,41,0,"indice","mean","dlog","simple",FALSE,,,""
"Industrie de transformation :: IPI — Industrie d’habillement","Industrie de transformation","IPI — Industrie d’habillement","trimestriel",TRUE,TRUE,,FALSE,"trimestriel",2016-03-31,2026-03-31,41,64.8,110,37,41,0,"indice","mean","dlog","simple",FALSE,,,""
"Industrie de transformation :: IPI — Industrie pharmaceutique","Industrie de transformation","IPI — Industrie pharmaceutique","trimestriel",TRUE,TRUE,,FALSE,"trimestriel",2016-03-31,2026-03-31,41,90.6,199.4,40,41,0,"indice","mean","dlog","simple",FALSE,,,""
"Industrie de transformation :: IPI — Industries alimentaires","Industrie de transformation","IPI — Industries alimentaires","trimestriel",TRUE,TRUE,,FALSE,"trimestriel",2016-03-31,2026-03-31,41,106.9,162.7,38,41,0,"indice","mean","dlog","simple",FALSE,,,""
"Industrie de transformation :: IPI — Industries manufacturières hors raffinage de pétrole","Industrie de transformation","IPI — Industries manufacturières hors raffinage de pétrole","trimestriel",TRUE,TRUE,,FALSE,"trimestriel",2016-03-31,2026-03-31,41,90.8,144.6,40,41,0,"indice","mean","dlog","simple",FALSE,,,""
"Industrie de transformation :: IPI — Métallurgie","Industrie de transformation","IPI — Métallurgie","trimestriel",TRUE,TRUE,,FALSE,"trimestriel",2016-03-31,2026-03-31,41,36.3,137.2,40,41,0,"indice","mean","dlog","simple",FALSE,,,""
"Industrie de transformation :: IPI — Réparation et installation de machines et équipements","Industrie de transformation","IPI — Réparation et installation de machines et équipements","trimestriel",TRUE,TRUE,,FALSE,"trimestriel",2016-03-31,2026-03-31,41,63.3,146.2,40,41,0,"indice","mean","dlog","simple",FALSE,,,""
"Industrie de transformation :: IPI — Travail du bois et fabrication d’articles en bois et en liège, à l’exception des meubles ; fabrication d’articles en vannerie et sparterie","Industrie de transformation","IPI — Travail du bois et fabrication d’articles en bois et en liège, à l’exception des meubles ; fabrication d’articles en vannerie et sparterie","trimestriel",TRUE,TRUE,,FALSE,"trimestriel",2016-03-31,2026-03-31,41,29.4,121.9,39,41,0,"indice","mean","dlog","simple",FALSE,,,""
"Industrie de transformation :: Industries","Industrie de transformation","Industries","trimestriel",TRUE,TRUE,,FALSE,"trimestriel",2006-12-31,2026-03-31,78,53194.4377,109579.4402,78,78,0,"","mean","dlog","simple",FALSE,,,""
"Industrie de transformation :: Industries (2)","Industrie de transformation","Industries (2)","trimestriel",TRUE,TRUE,,FALSE,"trimestriel",2006-12-31,2026-03-31,78,29829.6686,72001.6274,78,78,0,"","mean","dlog","simple",FALSE,,,""
"Industrie de transformation :: Industries (3)","Industrie de transformation","Industries (3)","trimestriel",TRUE,TRUE,,FALSE,"trimestriel",2006-12-31,2026-03-31,78,14246.1335,27328.5944,78,78,0,"","mean","dlog","simple",FALSE,,,""
"Industrie de transformation :: Industries métallurgiques, mécaniques, électriques et éléctroniques","Industrie de transformation","Industries métallurgiques, mécaniques, électriques et éléctroniques","trimestriel",FALSE,FALSE,"doublon strict de : Crédit bancaire Industries métallurgiques-mécaniques-électriques (MDH)",FALSE,"trimestriel",2006-12-31,2026-03-31,78,9122.6011,23893.4311,78,78,0,"","mean","dlog","simple",FALSE,"Crédit bancaire Industries métallurgiques-mécaniques-électriques (MDH)",,""
"Information-communication :: Data Only","Information-communication","Data Only","trimestriel",TRUE,TRUE,,FALSE,"trimestriel",2011-03-31,2026-03-31,61,213000,1631399,59,61,0,"","mean","dlog","simple",FALSE,,,""
"Information-communication :: Data+Voix","Information-communication","Data+Voix","trimestriel",TRUE,TRUE,,FALSE,"trimestriel",2011-03-31,2026-03-31,61,406961,40060000,61,61,0,"","mean","dlog","simple",FALSE,,,""
"Information-communication :: Domaine .ma","Information-communication","Domaine .ma","trimestriel",TRUE,TRUE,,FALSE,"trimestriel",2009-09-30,2016-12-31,30,30316,63586,30,30,0,"","last","dlog","simple",FALSE,,,""
"Information-communication :: Internet","Information-communication","Internet","trimestriel",TRUE,TRUE,,FALSE,"trimestriel",2003-12-31,2026-03-31,90,60812,43408000,90,90,0,"","mean","dlog","simple",FALSE,,,""
"Information-communication :: Internet (2)","Information-communication","Internet (2)","trimestriel",TRUE,TRUE,,FALSE,"trimestriel",2010-12-31,2025-03-31,58,5.92,112.73,58,58,0,"","mean","dlog","simple",FALSE,,,""
"Information-communication :: Internet (3)","Information-communication","Internet (3)","trimestriel",TRUE,TRUE,,FALSE,"trimestriel",2010-12-31,2016-12-31,25,22,83,18,25,0,"","mean","dlog","simple",FALSE,,,""
"Information-communication :: Internet 3G","Information-communication","Internet 3G","trimestriel",TRUE,TRUE,,FALSE,"trimestriel",2007-12-31,2026-03-31,74,42729,247242000,74,74,0,"","mean","dlog","simple",FALSE,,,""
"Information-communication :: Internet 3G (2)","Information-communication","Internet 3G (2)","trimestriel",TRUE,TRUE,,FALSE,"trimestriel",2010-12-31,2016-12-31,25,15,62,16,25,0,"","mean","dlog","simple",FALSE,,,""
"Information-communication :: Internet ADSL","Information-communication","Internet ADSL","trimestriel",TRUE,TRUE,,FALSE,"trimestriel",2003-12-31,2026-03-31,90,2712,10655391,84,90,0,"","mean","dlog","simple",FALSE,,,""
"Information-communication :: Internet ADSL (2)","Information-communication","Internet ADSL (2)","trimestriel",TRUE,TRUE,,FALSE,"trimestriel",2010-12-31,2016-12-31,25,90,139,16,25,0,"","mean","dlog","simple",FALSE,,,""
"Information-communication :: Liaisons louées (LL)","Information-communication","Liaisons louées (LL)","trimestriel",TRUE,TRUE,,FALSE,"trimestriel",2003-12-31,2026-03-31,77,946,4000,58,90,0.1444,"","mean","dlog","simple",FALSE,,,""
"Information-communication :: Nouveaux enregistrements durant le trimestre","Information-communication","Nouveaux enregistrements durant le trimestre","trimestriel",TRUE,TRUE,,FALSE,"trimestriel",2010-09-30,2026-03-31,63,2023,10302,63,63,0,"","mean","dlog","simple",FALSE,,,""
"Information-communication :: Parc Internet global (en milliers)","Information-communication","Parc Internet global (en milliers)","trimestriel",TRUE,TRUE,,FALSE,"trimestriel",2006-03-31,2026-03-31,81,316,43408,81,81,0,"milliers","last","dlog","agregat",FALSE,,,""
"Information-communication :: Parc de la téléphonie mobile par opérateur — Maroc télecom","Information-communication","Parc de la téléphonie mobile par opérateur — Maroc télecom","trimestriel",TRUE,TRUE,,FALSE,"trimestriel",2006-03-31,2025-03-31,77,8576,20254,77,77,0,"","last","dlog","simple",FALSE,,,""
"Information-communication :: Parc de la téléphonie mobile par opérateur — Méditel","Information-communication","Parc de la téléphonie mobile par opérateur — Méditel","trimestriel",TRUE,TRUE,,FALSE,"trimestriel",2006-03-31,2025-03-31,77,4320,20264,77,77,0,"","last","dlog","simple",FALSE,,,""
"Information-communication :: Parc de la téléphonie mobile par opérateur — WANA Corporate","Information-communication","Parc de la téléphonie mobile par opérateur — WANA Corporate","trimestriel",TRUE,TRUE,,FALSE,"trimestriel",2008-09-30,2025-03-31,67,261,20191,67,67,0,"","last","dlog","simple",FALSE,,,""
"Information-communication :: Parc des noms de domaine «.ma»","Information-communication","Parc des noms de domaine «.ma»","trimestriel",TRUE,TRUE,,FALSE,"trimestriel",2010-09-30,2026-03-31,63,36669,135993,63,63,0,"","last","dlog","simple",FALSE,,,""
"Information-communication :: Parc liaisons Data Entreprises Nationale (T1-2018)","Information-communication","Parc liaisons Data Entreprises Nationale (T1-2018)","trimestriel",TRUE,TRUE,,FALSE,"trimestriel",2018-03-31,2026-03-31,33,23464,38914,33,33,0,"","last","dlog","simple",FALSE,,,""
"Information-communication :: Parc téléphonie mobile global (en milliers)","Information-communication","Parc téléphonie mobile global (en milliers)","trimestriel",TRUE,TRUE,,FALSE,"trimestriel",2006-03-31,2026-03-31,81,12904,61139,81,81,0,"milliers","last","dlog","agregat",FALSE,,,""
"Information-communication :: Parts de marché dans le secteur de la téléphonie fixe — Parc professionnel","Information-communication","Parts de marché dans le secteur de la téléphonie fixe — Parc professionnel","trimestriel",TRUE,TRUE,,FALSE,"trimestriel",2006-03-31,2025-03-31,77,67.3,100,72,77,0,"","mean","niveau","simple",FALSE,,,""
"Information-communication :: Parts de marché dans le secteur de la téléphonie fixe — Parc résidentiel","Information-communication","Parts de marché dans le secteur de la téléphonie fixe — Parc résidentiel","trimestriel",TRUE,TRUE,,FALSE,"trimestriel",2006-03-31,2025-03-31,77,22.12,100,74,77,0,"","mean","niveau","simple",FALSE,,,""
"Information-communication :: Parts de marché dans le secteur de la téléphonie mobile — Ensemble des opérateur","Information-communication","Parts de marché dans le secteur de la téléphonie mobile — Ensemble des opérateur","trimestriel",FALSE,FALSE,"serie constante : variance nulle",FALSE,"trimestriel",2006-03-31,2025-03-31,77,100,100,1,77,0,"","mean","niveau","simple",FALSE,,,""
"Information-communication :: Parts de marché dans le secteur de la téléphonie mobile — Maroc télecom","Information-communication","Parts de marché dans le secteur de la téléphonie mobile — Maroc télecom","trimestriel",TRUE,TRUE,,FALSE,"trimestriel",2006-03-31,2025-03-31,77,32.6288,70.44,76,77,0,"","mean","niveau","simple",FALSE,,,""
"Information-communication :: Parts de marché dans le secteur de la téléphonie mobile — Méditel","Information-communication","Parts de marché dans le secteur de la téléphonie mobile — Méditel","trimestriel",TRUE,TRUE,,FALSE,"trimestriel",2006-03-31,2025-03-31,77,28.01,37.63,74,77,0,"","mean","niveau","simple",FALSE,,,""
"Information-communication :: Parts de marché dans le secteur de la téléphonie mobile — WANA Corporate","Information-communication","Parts de marché dans le secteur de la téléphonie mobile — WANA Corporate","trimestriel",TRUE,TRUE,,FALSE,"trimestriel",2008-09-30,2025-03-31,67,1.17,33.5148,64,67,0,"","mean","niveau","simple",FALSE,,,""
"Information-communication :: Publiphones","Information-communication","Publiphones","trimestriel",TRUE,TRUE,,FALSE,"trimestriel",2002-03-31,2026-03-31,97,2000,188119,94,97,0,"","mean","dlog","simple",FALSE,,,""
"Information-communication :: Revenu moyen d’une minute de communication (ARPM) Mobile — Post payé","Information-communication","Revenu moyen d’une minute de communication (ARPM) Mobile — Post payé","trimestriel",TRUE,TRUE,,FALSE,"trimestriel",2010-06-30,2017-12-31,31,0.22,0.89,23,31,0,"","mean","dlog","simple",FALSE,,,""
"Information-communication :: Revenu moyen d’une minute de communication (ARPM) Mobile — Prépayé","Information-communication","Revenu moyen d’une minute de communication (ARPM) Mobile — Prépayé","trimestriel",TRUE,TRUE,,FALSE,"trimestriel",2010-06-30,2017-12-31,31,0.22,1.59,22,31,0,"","mean","dlog","simple",FALSE,,,""
"Information-communication :: Revenu moyen d’une minute de communication (ARPM) Mobile — Téléphone mobile","Information-communication","Revenu moyen d’une minute de communication (ARPM) Mobile — Téléphone mobile","trimestriel",TRUE,TRUE,,FALSE,"trimestriel",2010-06-30,2017-12-31,31,0.22,1.29,23,31,0,"","mean","dlog","simple",FALSE,,,""
"Information-communication :: Revenu moyen d’une minute de communication (ARPM) — Téléphone fixe","Information-communication","Revenu moyen d’une minute de communication (ARPM) — Téléphone fixe","trimestriel",TRUE,TRUE,,FALSE,"trimestriel",2010-03-31,2017-12-31,30,0.66,1.05,22,32,0.0625,"","mean","dlog","simple",FALSE,,,""
"Information-communication :: Taux de pénétration de l’Internet","Information-communication","Taux de pénétration de l’Internet","trimestriel",TRUE,TRUE,,FALSE,"trimestriel",2010-12-31,2026-03-31,62,0.0592,1.1787,62,62,0,"","last","niveau","simple",FALSE,,,""
"Information-communication :: Taux de pénétration du mobile","Information-communication","Taux de pénétration du mobile","trimestriel",TRUE,TRUE,,FALSE,"trimestriel",2006-03-31,2026-03-31,81,0.4317,1.6601,80,81,0,"","last","niveau","simple",FALSE,,,""
"Information-communication :: Trafic voix sortant du Fixe — Téléphone fixe","Information-communication","Trafic voix sortant du Fixe — Téléphone fixe","trimestriel",TRUE,TRUE,,FALSE,"trimestriel",2010-12-31,2018-09-30,32,627,1499,31,32,0,"","sum","dlog","simple",FALSE,,,""
"Pêche :: AGADIR","Pêche","AGADIR","mensuel",TRUE,TRUE,,FALSE,"mensuel",2010-10-31,2026-05-31,158,-42381,11826,155,188,0.1596,"","sum","diff","simple",TRUE,,,""
"Pêche :: AGLOU","Pêche","AGLOU","mensuel",TRUE,TRUE,,FALSE,"mensuel",2010-10-31,2026-05-31,150,0,66,24,188,0.2021,"","sum","diff","simple",TRUE,,,""
"Pêche :: AINBIDA","Pêche","AINBIDA","mensuel",TRUE,TRUE,,FALSE,"mensuel",2010-09-30,2026-05-31,155,0,25796,33,189,0.1799,"","sum","diff","simple",FALSE,,,""
"Pêche :: AL HOCEIMA","Pêche","AL HOCEIMA","mensuel",TRUE,TRUE,,FALSE,"mensuel",2010-10-31,2026-05-31,158,35,1985,147,188,0.1596,"","sum","dlog","simple",TRUE,,,""
"Pêche :: ALGUES","Pêche","ALGUES","mensuel",TRUE,TRUE,,FALSE,"mensuel",2010-10-31,2026-05-31,162,-18666,22240,155,188,0.1383,"","sum","diff","simple",TRUE,,,""
"Pêche :: ALGUES (2)","Pêche","ALGUES (2)","mensuel",TRUE,TRUE,,FALSE,"mensuel",2010-10-31,2026-05-31,164,-793,43170,161,188,0.1277,"","sum","diff","simple",TRUE,,,""
"Pêche :: AMEGRIOU","Pêche","AMEGRIOU","mensuel",TRUE,TRUE,,FALSE,"mensuel",2010-10-31,2026-05-31,158,-3902,3651,85,188,0.1596,"","sum","diff","simple",TRUE,,,""
"Pêche :: AMTAR","Pêche","AMTAR","mensuel",TRUE,TRUE,,FALSE,"mensuel",2013-12-31,2026-05-31,124,0,33,17,150,0.1733,"","sum","diff","simple",TRUE,,,""
"Pêche :: ASILAH","Pêche","ASILAH","mensuel",TRUE,TRUE,,FALSE,"mensuel",2010-10-31,2026-05-31,154,0,70,26,188,0.1809,"","sum","diff","simple",TRUE,,,""
"Pêche :: ATLANTIQUE","Pêche","ATLANTIQUE","mensuel",TRUE,TRUE,,FALSE,"mensuel",2010-10-31,2026-05-31,158,-532882,776038,158,188,0.1596,"","sum","diff","simple",TRUE,,,""
"Pêche :: BELYOUNECH","Pêche","BELYOUNECH","mensuel",TRUE,TRUE,,FALSE,"mensuel",2014-03-31,2026-05-31,108,0,36,12,147,0.2653,"","sum","diff","simple",TRUE,,,""
"Pêche :: BHIBEH","Pêche","BHIBEH","mensuel",TRUE,TRUE,,FALSE,"mensuel",2013-08-31,2026-05-31,121,0,182,53,154,0.2143,"","sum","diff","simple",TRUE,,,""
"Pêche :: BOUJDOUR","Pêche","BOUJDOUR","mensuel",TRUE,TRUE,,FALSE,"mensuel",2010-10-31,2026-05-31,158,-2710,17803,156,188,0.1596,"","sum","diff","simple",TRUE,,,""
"Pêche :: CALA IRIS","Pêche","CALA IRIS","mensuel",TRUE,TRUE,,FALSE,"mensuel",2010-10-31,2026-05-31,158,0,136,83,188,0.1596,"","sum","diff","simple",TRUE,,,""
"Pêche :: CASABLANCA","Pêche","CASABLANCA","mensuel",TRUE,TRUE,,FALSE,"mensuel",2010-10-31,2026-05-31,158,323,4920,151,188,0.1596,"","sum","dlog","simple",TRUE,,,""
"Pêche :: CEPHALOPODES","Pêche","CEPHALOPODES","mensuel",TRUE,TRUE,,FALSE,"mensuel",2010-10-31,2026-05-31,165,-449241,1276829,165,188,0.1223,"","sum","diff","simple",TRUE,,,""
"Pêche :: CEPHALOPODES (2)","Pêche","CEPHALOPODES (2)","mensuel",TRUE,TRUE,,FALSE,"mensuel",2010-10-31,2026-05-31,163,-562953,569285,160,188,0.133,"","sum","diff","simple",TRUE,,,""
"Pêche :: CHMAALA","Pêche","CHMAALA","mensuel",TRUE,TRUE,,FALSE,"mensuel",2012-09-30,2026-05-31,139,-181,227,53,165,0.1576,"","sum","diff","simple",TRUE,,,""
"Pêche :: COQUILLAGES","Pêche","COQUILLAGES","mensuel",TRUE,TRUE,,FALSE,"mensuel",2010-10-31,2026-05-31,165,-2511,3016,156,188,0.1223,"","sum","diff","simple",TRUE,,,""
"Pêche :: COQUILLAGES (2)","Pêche","COQUILLAGES (2)","mensuel",TRUE,TRUE,,FALSE,"mensuel",2010-10-31,2026-05-31,163,-17198,17474,99,188,0.133,"","sum","diff","simple",TRUE,,,""
"Pêche :: CRUSTACES","Pêche","CRUSTACES","mensuel",TRUE,TRUE,,FALSE,"mensuel",2010-10-31,2026-05-31,165,-41773,92625,165,188,0.1223,"","sum","diff","simple",TRUE,,,""
"Pêche :: CRUSTACES (2)","Pêche","CRUSTACES (2)","mensuel",TRUE,TRUE,,FALSE,"mensuel",2010-10-31,2026-05-31,163,-66190,67956,144,188,0.133,"","sum","diff","simple",TRUE,,,""
"Pêche :: DAKHLA","Pêche","DAKHLA","mensuel",TRUE,TRUE,,FALSE,"mensuel",2010-10-31,2026-05-31,158,0,41736,157,188,0.1596,"","sum","diff","simple",TRUE,,,""
"Pêche :: DAKHLA (STOCK C)","Pêche","DAKHLA (STOCK C)","mensuel",TRUE,TRUE,,FALSE,"mensuel",2010-10-31,2026-05-31,157,0,79624,154,188,0.1649,"","sum","diff","simple",TRUE,,,""
"Pêche :: EL JADIDA","Pêche","EL JADIDA","mensuel",TRUE,TRUE,,FALSE,"mensuel",2010-10-31,2026-05-31,158,45,6040,153,188,0.1596,"","sum","dlog","simple",TRUE,,,""
"Pêche :: ESSAOUIRA","Pêche","ESSAOUIRA","mensuel",TRUE,TRUE,,FALSE,"mensuel",2010-10-31,2026-05-31,158,145,3465,153,188,0.1596,"","sum","dlog","simple",TRUE,,,""
"Pêche :: FNIDEQ","Pêche","FNIDEQ","mensuel",TRUE,TRUE,,FALSE,"mensuel",2010-10-31,2026-05-31,158,0,54,33,188,0.1596,"","sum","diff","simple",TRUE,,,""
"Pêche :: IMESSOUANE","Pêche","IMESSOUANE","mensuel",TRUE,TRUE,,FALSE,"mensuel",2010-10-31,2026-05-31,158,3,577,110,188,0.1596,"","sum","dlog","simple",TRUE,,,""
"Pêche :: IMI OUADDAR","Pêche","IMI OUADDAR","mensuel",TRUE,TRUE,,FALSE,"mensuel",2010-10-31,2026-05-31,158,-4465,46060,63,188,0.1596,"","sum","diff","simple",TRUE,,,""
"Pêche :: INOUAREN","Pêche","INOUAREN","mensuel",TRUE,TRUE,,FALSE,"mensuel",2012-09-30,2026-05-31,139,-119,122,16,165,0.1576,"","sum","diff","simple",TRUE,,,""
"Pêche :: Imoutlan","Pêche","Imoutlan","mensuel",TRUE,TRUE,,FALSE,"mensuel",2010-10-31,2026-05-31,156,-33358,757,107,188,0.1702,"","sum","diff","simple",TRUE,,,""
"Pêche :: JEBHA","Pêche","JEBHA","mensuel",TRUE,TRUE,,FALSE,"mensuel",2010-10-31,2026-05-31,158,4,435,95,188,0.1596,"","sum","dlog","simple",TRUE,,,""
"Pêche :: JORF LASFAR","Pêche","JORF LASFAR","mensuel",TRUE,TRUE,,FALSE,"mensuel",2010-10-31,2026-05-31,158,22,7413,154,188,0.1596,"","sum","dlog","simple",TRUE,,,""
"Pêche :: KAA ASRAS","Pêche","KAA ASRAS","mensuel",TRUE,TRUE,,FALSE,"mensuel",2013-12-31,2026-05-31,126,-249,261,62,150,0.16,"","sum","diff","simple",TRUE,,,""
"Pêche :: KSAR SGHIR","Pêche","KSAR SGHIR","mensuel",TRUE,TRUE,,FALSE,"mensuel",2010-10-31,2026-05-31,158,-617321,617392,36,188,0.1596,"","sum","diff","simple",TRUE,,,""
"Pêche :: LAAYOUNE","Pêche","LAAYOUNE","mensuel",TRUE,TRUE,,FALSE,"mensuel",2010-10-31,2026-05-31,158,-236984,63236,158,188,0.1596,"","sum","diff","simple",TRUE,,,""
"Pêche :: LABOUIRDA","Pêche","LABOUIRDA","mensuel",TRUE,TRUE,,FALSE,"mensuel",2010-10-31,2026-05-31,158,0,2355,141,188,0.1596,"","sum","diff","simple",TRUE,,,""
"Pêche :: LACRAA (CAP 7)","Pêche","LACRAA (CAP 7)","mensuel",TRUE,TRUE,,FALSE,"mensuel",2010-10-31,2026-05-31,158,-3,1303,144,188,0.1596,"","sum","diff","simple",TRUE,,,""
"Pêche :: LAKRAA","Pêche","LAKRAA","mensuel",TRUE,TRUE,,FALSE,"mensuel",2010-10-31,2026-05-31,158,-709,521,108,188,0.1596,"","sum","diff","simple",TRUE,,,""
"Pêche :: LARACHE","Pêche","LARACHE","mensuel",TRUE,TRUE,,FALSE,"mensuel",2010-10-31,2026-05-31,158,0,3451,150,188,0.1596,"","sum","diff","simple",TRUE,,,""
"Pêche :: LASSARGA","Pêche","LASSARGA","mensuel",TRUE,TRUE,,FALSE,"mensuel",2010-10-31,2026-05-31,156,-43,3457,147,188,0.1702,"","sum","diff","simple",TRUE,,,""
"Pêche :: LMHIRIZ","Pêche","LMHIRIZ","mensuel",TRUE,TRUE,,FALSE,"mensuel",2010-10-31,2026-05-31,158,-363,1230,127,188,0.1596,"","sum","diff","simple",TRUE,,,""
"Pêche :: Lahdida","Pêche","Lahdida","mensuel",TRUE,TRUE,,FALSE,"mensuel",2012-09-30,2026-05-31,121,-244,1372,51,165,0.2667,"","sum","diff","simple",TRUE,,,""
"Pêche :: M'DIQ","Pêche","M'DIQ","mensuel",TRUE,TRUE,,FALSE,"mensuel",2010-10-31,2026-05-31,158,84,903,132,188,0.1596,"","sum","dlog","simple",TRUE,,,""
"Pêche :: MARTIL","Pêche","MARTIL","mensuel",TRUE,TRUE,,FALSE,"mensuel",2010-10-31,2026-05-31,154,0,56,39,188,0.1809,"","sum","diff","simple",TRUE,,,""
"Pêche :: MEDITERRANEE","Pêche","MEDITERRANEE","mensuel",TRUE,TRUE,,FALSE,"mensuel",2010-10-31,2026-05-31,158,644,9719,155,188,0.1596,"","sum","dlog","simple",TRUE,,,""
"Pêche :: MEHDIA","Pêche","MEHDIA","mensuel",TRUE,TRUE,,FALSE,"mensuel",2010-10-31,2026-05-31,158,-9656,3533,152,188,0.1596,"","sum","diff","simple",TRUE,,,""
"Pêche :: MOHAMMEDIA","Pêche","MOHAMMEDIA","mensuel",TRUE,TRUE,,FALSE,"mensuel",2010-10-31,2026-05-31,157,23,1731,134,188,0.1649,"","sum","dlog","simple",TRUE,,,""
"Pêche :: NADOR","Pêche","NADOR","mensuel",TRUE,TRUE,,FALSE,"mensuel",2010-10-31,2026-05-31,158,156,1397,146,188,0.1596,"","sum","dlog","simple",TRUE,,,""
"Pêche :: NTIRIFT","Pêche","NTIRIFT","mensuel",TRUE,TRUE,,FALSE,"mensuel",2010-10-31,2026-05-31,156,0,3061,141,188,0.1702,"","sum","diff","simple",TRUE,,,""
"Pêche :: OUED LAOU","Pêche","OUED LAOU","mensuel",TRUE,TRUE,,FALSE,"mensuel",2010-10-31,2026-05-31,149,-212,340,63,188,0.2074,"","sum","diff","simple",TRUE,,,""
"Pêche :: POISSON BLANC","Pêche","POISSON BLANC","mensuel",TRUE,TRUE,,FALSE,"mensuel",2010-10-31,2026-05-31,165,-166071,377190,165,188,0.1223,"","sum","diff","simple",TRUE,,,""
"Pêche :: POISSON BLANC (2)","Pêche","POISSON BLANC (2)","mensuel",TRUE,TRUE,,FALSE,"mensuel",2010-10-31,2026-05-31,163,-268195,280561,161,188,0.133,"","sum","diff","simple",TRUE,,,""
"Pêche :: POISSON PELAGIQUE","Pêche","POISSON PELAGIQUE","mensuel",TRUE,TRUE,,FALSE,"mensuel",2010-10-31,2026-05-31,165,-73305,541681,165,188,0.1223,"","sum","diff","simple",TRUE,,,""
"Pêche :: POISSON PELAGIQUE (2)","Pêche","POISSON PELAGIQUE (2)","mensuel",TRUE,TRUE,,FALSE,"mensuel",2010-10-31,2026-05-31,163,-133967,212617,163,188,0.133,"","sum","diff","simple",TRUE,,,""
"Pêche :: RAS KEBDANA","Pêche","RAS KEBDANA","mensuel",TRUE,TRUE,,FALSE,"mensuel",2010-10-31,2026-05-31,158,2,390,115,188,0.1596,"","sum","dlog","simple",TRUE,,,""
"Pêche :: RKOUNTE","Pêche","RKOUNTE","mensuel",TRUE,TRUE,,FALSE,"mensuel",2010-10-31,2026-05-31,142,0,75,9,188,0.2447,"","sum","diff","simple",TRUE,,,""
"Pêche :: SAFI","Pêche","SAFI","mensuel",TRUE,TRUE,,FALSE,"mensuel",2010-10-31,2026-05-31,158,150,13251,156,188,0.1596,"","sum","dlog","simple",TRUE,,,""
"Pêche :: SALE","Pêche","SALE","mensuel",TRUE,TRUE,,FALSE,"mensuel",2014-05-31,2026-05-31,111,-163,70,37,145,0.2345,"","sum","diff","simple",TRUE,,,""
"Pêche :: SID ELGHAZI","Pêche","SID ELGHAZI","mensuel",TRUE,TRUE,,FALSE,"mensuel",2010-10-31,2026-05-31,158,-7898,4956,113,188,0.1596,"","sum","diff","simple",TRUE,,,""
"Pêche :: SIDI H'SAINE","Pêche","SIDI H'SAINE","mensuel",TRUE,TRUE,,FALSE,"mensuel",2010-10-31,2026-05-31,158,0,171,50,188,0.1596,"","sum","diff","simple",TRUE,,,""
"Pêche :: SIDI IFNI","Pêche","SIDI IFNI","mensuel",TRUE,TRUE,,FALSE,"mensuel",2010-10-31,2026-05-31,158,0,16917,154,188,0.1596,"","sum","diff","simple",TRUE,,,""
"Pêche :: SOUIRIA KDIMA","Pêche","SOUIRIA KDIMA","mensuel",TRUE,TRUE,,FALSE,"mensuel",2010-10-31,2026-05-31,158,0,1275,114,188,0.1596,"","sum","diff","simple",TRUE,,,""
"Pêche :: Sidi ABED","Pêche","Sidi ABED","mensuel",TRUE,TRUE,,FALSE,"mensuel",2012-09-30,2026-05-31,130,-866,2531,74,165,0.2121,"","sum","diff","simple",TRUE,,,""
"Pêche :: TAFEDNA","Pêche","TAFEDNA","mensuel",TRUE,TRUE,,FALSE,"mensuel",2013-08-31,2026-05-31,125,0,64,47,154,0.1883,"","sum","diff","simple",TRUE,,,""
"Pêche :: TAGHAZOUT","Pêche","TAGHAZOUT","mensuel",TRUE,TRUE,,FALSE,"mensuel",2010-10-31,2026-05-31,158,0,20,18,188,0.1596,"","sum","diff","simple",TRUE,,,""
"Pêche :: TAN TAN","Pêche","TAN TAN","mensuel",TRUE,TRUE,,FALSE,"mensuel",2010-10-31,2026-05-31,158,0,49410,157,188,0.1596,"","sum","diff","simple",TRUE,,,""
"Pêche :: TANGER","Pêche","TANGER","mensuel",TRUE,TRUE,,FALSE,"mensuel",2010-10-31,2026-05-31,158,100,2230,148,188,0.1596,"","sum","dlog","simple",TRUE,,,""
"Pêche :: TARFAYA","Pêche","TARFAYA","mensuel",TRUE,TRUE,,FALSE,"mensuel",2010-10-31,2026-05-31,154,-11913,267529,151,188,0.1809,"","sum","diff","simple",TRUE,,,""
"Pêche :: TARGHA","Pêche","TARGHA","mensuel",TRUE,TRUE,,FALSE,"mensuel",2013-12-31,2026-05-31,126,-28,283,49,150,0.16,"","sum","diff","simple",TRUE,,,""
"Pêche :: TAROUMA","Pêche","TAROUMA","mensuel",TRUE,TRUE,,FALSE,"mensuel",2014-05-31,2026-05-31,109,0,229,37,145,0.2483,"","sum","diff","simple",TRUE,,,""
"Pêche :: TIFNIT","Pêche","TIFNIT","mensuel",TRUE,TRUE,,FALSE,"mensuel",2012-09-30,2026-05-31,137,-25,65,36,165,0.1697,"","sum","diff","simple",TRUE,,,""
"Pêche :: Comptes débiteurs et crédits de trésorerie — Pêche (MDH)","Pêche","Comptes débiteurs et crédits de trésorerie — Pêche (MDH)","trimestriel",TRUE,TRUE,,FALSE,"trimestriel",2006-12-31,2026-03-31,78,5648.6579,23417.6719,78,78,0,"MDH","mean","dlog","simple",FALSE,,"Agriculture","Serie identique a celle de : Agriculture. Agregat partage, conserve dans les deux branches ; a surveiller dans les diagnostics."
"Pêche :: Crédits à l'équipement — Pêche (MDH)","Pêche","Crédits à l'équipement — Pêche (MDH)","trimestriel",TRUE,TRUE,,FALSE,"trimestriel",2006-12-31,2026-03-31,78,5506.0445,19154.2805,78,78,0,"MDH","mean","dlog","simple",FALSE,,"Agriculture","Serie identique a celle de : Agriculture. Agregat partage, conserve dans les deux branches ; a surveiller dans les diagnostics."
"Transports :: Cabotage EXP","Transports","Cabotage EXP","mensuel",TRUE,TRUE,,FALSE,"mensuel",2014-03-31,2023-02-28,104,12666,2115723,104,108,0.037,"","sum","dlog","simple",TRUE,,,""
"Transports :: Cabotage IMP","Transports","Cabotage IMP","mensuel",TRUE,TRUE,,FALSE,"mensuel",2014-03-31,2023-02-28,102,112251,4258520,102,108,0.0556,"","sum","dlog","simple",TRUE,,,""
"Transports :: Trafic aérien (Jan 18)","Transports","Trafic aérien (Jan 18)","mensuel",TRUE,TRUE,,FALSE,"mensuel",2018-01-31,2026-04-30,88,33433,3423921,88,100,0.12,"","sum","dlog","simple",TRUE,,,""
"Transports :: Trafic globale gérés par l'ANP","Transports","Trafic globale gérés par l'ANP","mensuel",TRUE,TRUE,,FALSE,"mensuel",2009-07-31,2023-03-31,161,-6334394,19347628,161,165,0.0242,"","sum","diff","simple",TRUE,,,""
"Transports :: Comptes débiteurs et crédits de trésorerie — Transports (MDH)","Transports","Comptes débiteurs et crédits de trésorerie — Transports (MDH)","trimestriel",TRUE,TRUE,,FALSE,"trimestriel",2006-12-31,2026-03-31,78,4735.0672,25018.211,78,78,0,"MDH","mean","dlog","simple",FALSE,,,""
"Transports :: Crédit bancaire Transports et communications (MDH)","Transports","Crédit bancaire Transports et communications (MDH)","trimestriel",TRUE,TRUE,,FALSE,"trimestriel",2006-12-31,2026-03-31,78,17645.3244,45255.4597,78,78,0,"MDH","mean","dlog","simple",FALSE,,,""
"Transports :: Crédits à l'équipement — Transports (MDH)","Transports","Crédits à l'équipement — Transports (MDH)","trimestriel",TRUE,TRUE,,FALSE,"trimestriel",2006-12-31,2026-03-31,78,10752.0275,21620.5195,78,78,0,"MDH","mean","dlog","simple",FALSE,,,""
"Électricité, gaz, eau :: - Apport des Tiers Nationaux","Électricité, gaz, eau","- Apport des Tiers Nationaux","mensuel",TRUE,TRUE,,FALSE,"mensuel",2015-08-31,2026-05-31,128,-276.5456,227.4801,128,130,0.0154,"","mean","diff","simple",TRUE,,,""
"Électricité, gaz, eau :: - Auxiliaires des centrales pompes du réseau THT-HT","Électricité, gaz, eau","- Auxiliaires des centrales pompes du réseau THT-HT","mensuel",TRUE,TRUE,,FALSE,"mensuel",2015-07-31,2026-05-31,130,-59.7232,-2.585,130,131,0.0076,"","mean","diff","simple",FALSE,,,""
"Électricité, gaz, eau :: - Charbon (en Tonnes) :","Électricité, gaz, eau","- Charbon (en Tonnes) :","mensuel",TRUE,TRUE,,FALSE,"mensuel",2015-08-31,2026-05-31,128,419679,982322,128,130,0.0154,"tonnes","sum","dlog","simple",TRUE,,,""
"Électricité, gaz, eau :: - Clients BT","Électricité, gaz, eau","- Clients BT","mensuel",TRUE,TRUE,,FALSE,"mensuel",2015-08-31,2026-05-31,128,0,1002.8312,123,130,0.0154,"","mean","diff","simple",TRUE,,,""
"Électricité, gaz, eau :: - Clients Directs","Électricité, gaz, eau","- Clients Directs","mensuel",FALSE,FALSE,"doublon strict de : Clients THT-HT",FALSE,"mensuel",2015-08-31,2026-05-31,128,95.626,460.3691,128,130,0.0154,"","mean","dlog","simple",TRUE,"Clients THT-HT",,""
"Électricité, gaz, eau :: - Clients MT","Électricité, gaz, eau","- Clients MT","mensuel",TRUE,TRUE,,FALSE,"mensuel",2015-08-31,2026-05-31,128,0,842.7767,122,130,0.0154,"","mean","diff","simple",TRUE,,,""
"Électricité, gaz, eau :: - Distributeurs","Électricité, gaz, eau","- Distributeurs","mensuel",TRUE,TRUE,,FALSE,"mensuel",2015-08-31,2026-05-31,128,859.9586,3277.981,128,130,0.0154,"","mean","dlog","simple",TRUE,,,""
"Électricité, gaz, eau :: - Eolien Loi 13-09_Via réseau client","Électricité, gaz, eau","- Eolien Loi 13-09_Via réseau client","mensuel",TRUE,TRUE,,FALSE,"mensuel",2015-09-30,2019-10-31,48,7.111,16.494,48,50,0.04,"","mean","dlog","simple",TRUE,,,""
"Électricité, gaz, eau :: - Fioul (en Tonnes)","Électricité, gaz, eau","- Fioul (en Tonnes)","mensuel",TRUE,TRUE,,FALSE,"mensuel",2015-08-31,2026-05-31,128,1779.4808,131401.5996,128,130,0.0154,"tonnes","sum","dlog","simple",TRUE,,,""
"Électricité, gaz, eau :: - Gasoil (en Tonnes)","Électricité, gaz, eau","- Gasoil (en Tonnes)","mensuel",TRUE,TRUE,,FALSE,"mensuel",2015-08-31,2026-05-31,128,147.7256,2386.056,128,130,0.0154,"tonnes","sum","dlog","simple",TRUE,,,""
"Électricité, gaz, eau :: - Production Privée d'Électricité :","Électricité, gaz, eau","- Production Privée d'Électricité :","mensuel",TRUE,TRUE,,FALSE,"mensuel",2015-08-31,2026-05-31,128,1307.196,2969.9777,128,130,0.0154,"","sum","dlog","simple",TRUE,,,""
"Électricité, gaz, eau :: - Production Totale ONEE-Branche Électricité :","Électricité, gaz, eau","- Production Totale ONEE-Branche Électricité :","mensuel",TRUE,TRUE,,FALSE,"mensuel",2015-08-31,2026-05-31,128,358.108,1150.855,128,130,0.0154,"","sum","dlog","agregat",TRUE,,,""
"Électricité, gaz, eau :: - Projets développés dans le cadre de la loi 13-09 relative aux Energies Renouvelables :","Électricité, gaz, eau","- Projets développés dans le cadre de la loi 13-09 relative aux Energies Renouvelables :","mensuel",TRUE,TRUE,,FALSE,"mensuel",2015-08-31,2026-05-31,128,25.9929999999999,450.8739,128,130,0.0154,"","sum","dlog","simple",TRUE,,,""
"Électricité, gaz, eau :: - STEP Energie absorbée pour le pompage","Électricité, gaz, eau","- STEP Energie absorbée pour le pompage","mensuel",TRUE,TRUE,,FALSE,"mensuel",2015-07-31,2026-05-31,130,-577.2182,-14.9199,130,131,0.0076,"","sum","diff","simple",FALSE,,,""
"Électricité, gaz, eau :: - Solde des échanges d'énergie (Espagne-Algérie) :","Électricité, gaz, eau","- Solde des échanges d'énergie (Espagne-Algérie) :","mensuel",TRUE,TRUE,,FALSE,"mensuel",2015-07-31,2026-05-31,130,-927.629,5896.433,130,131,0.0076,"","sum","diff","simple",FALSE,,,""
"Électricité, gaz, eau :: . Centrale Thermo-solaire d'Ain Béni Mathar","Électricité, gaz, eau",". Centrale Thermo-solaire d'Ain Béni Mathar","mensuel",TRUE,TRUE,,FALSE,"mensuel",2015-08-31,2026-05-31,128,0,54894389,120,130,0.0154,"","mean","diff","simple",TRUE,,,""
"Électricité, gaz, eau :: . Centrale de JLEC 1-4","Électricité, gaz, eau",". Centrale de JLEC 1-4","mensuel",TRUE,TRUE,,FALSE,"mensuel",2015-08-31,2026-05-31,128,223156,353118,128,130,0.0154,"","mean","dlog","simple",TRUE,,,""
"Électricité, gaz, eau :: . Centrale de JLEC 5-6","Électricité, gaz, eau",". Centrale de JLEC 5-6","mensuel",TRUE,TRUE,,FALSE,"mensuel",2015-08-31,2026-05-31,128,77448,306017,128,130,0.0154,"","mean","dlog","simple",TRUE,,,""
"Électricité, gaz, eau :: . Centrale de Jerada","Électricité, gaz, eau",". Centrale de Jerada","mensuel",TRUE,TRUE,,FALSE,"mensuel",2015-08-31,2026-05-31,128,0,93084.28,128,130,0.0154,"","mean","diff","simple",TRUE,,,""
"Électricité, gaz, eau :: . Centrale de Mohammedia","Électricité, gaz, eau",". Centrale de Mohammedia","mensuel",TRUE,TRUE,,FALSE,"mensuel",2015-08-31,2026-05-31,128,0,80974,126,130,0.0154,"","mean","diff","simple",TRUE,,,""
"Électricité, gaz, eau :: . Centrale de SAFIEC","Électricité, gaz, eau",". Centrale de SAFIEC","mensuel",TRUE,TRUE,,FALSE,"mensuel",2018-11-30,2026-05-31,91,93053,317036,91,91,0,"","mean","dlog","simple",TRUE,,,""
"Électricité, gaz, eau :: . Centrale de Tahaddart","Électricité, gaz, eau",". Centrale de Tahaddart","mensuel",TRUE,TRUE,,FALSE,"mensuel",2015-08-31,2026-05-31,128,0,51629161,118,130,0.0154,"","mean","diff","simple",TRUE,,,""
"Électricité, gaz, eau :: . Compagnie Eolienne du Détroit (CED)","Électricité, gaz, eau",". Compagnie Eolienne du Détroit (CED)","mensuel",TRUE,TRUE,,FALSE,"mensuel",2015-08-31,2020-03-31,54,0,16.387,49,56,0.0357,"","mean","diff","simple",TRUE,,,""
"Électricité, gaz, eau :: . Energie Electrique de Tahaddart (EET)","Électricité, gaz, eau",". Energie Electrique de Tahaddart (EET)","mensuel",TRUE,TRUE,,FALSE,"mensuel",2015-08-31,2026-05-31,128,0,232.74,117,130,0.0154,"","sum","diff","simple",TRUE,,,""
"Électricité, gaz, eau :: . Eolienne","Électricité, gaz, eau",". Eolienne","mensuel",TRUE,TRUE,,FALSE,"mensuel",2015-08-31,2026-05-31,128,27.9713,67.166,128,130,0.0154,"","mean","dlog","simple",TRUE,,,""
"Électricité, gaz, eau :: . Hydraulique","Électricité, gaz, eau",". Hydraulique","mensuel",TRUE,TRUE,,FALSE,"mensuel",2015-08-31,2026-05-31,128,26.3848,316.6189,128,130,0.0154,"","mean","dlog","simple",TRUE,,,""
"Électricité, gaz, eau :: . Jorf Lasfar Energy Company (JLEC 1-4)","Électricité, gaz, eau",". Jorf Lasfar Energy Company (JLEC 1-4)","mensuel",TRUE,TRUE,,FALSE,"mensuel",2015-08-31,2026-05-31,128,590.756,938.003,128,130,0.0154,"","mean","dlog","simple",TRUE,,,""
"Électricité, gaz, eau :: . Jorf Lasfar Energy Company (JLEC 5-6)","Électricité, gaz, eau",". Jorf Lasfar Energy Company (JLEC 5-6)","mensuel",TRUE,TRUE,,FALSE,"mensuel",2015-08-31,2026-05-31,128,197.6547,459.2392,128,130,0.0154,"","mean","dlog","simple",TRUE,,,""
"Électricité, gaz, eau :: . Moroccan Agency for Sustainable Energy (MASEN) (Solaire Noor 1)","Électricité, gaz, eau",". Moroccan Agency for Sustainable Energy (MASEN) (Solaire Noor 1)","mensuel",TRUE,TRUE,,FALSE,"mensuel",2015-12-31,2026-05-31,124,4.294,210.5783,124,126,0.0159,"","mean","dlog","simple",TRUE,,,""
"Électricité, gaz, eau :: . Parc Eolien JBEL LHDID","Électricité, gaz, eau",". Parc Eolien JBEL LHDID","mensuel",TRUE,TRUE,,FALSE,"mensuel",2023-10-31,2026-05-31,32,0.008,883.2914,32,32,0,"","sum","dlog","simple",FALSE,,,""
"Électricité, gaz, eau :: . Parc Eolien KOUDIA AL BAIDA","Électricité, gaz, eau",". Parc Eolien KOUDIA AL BAIDA","mensuel",TRUE,TRUE,,FALSE,"mensuel",2024-03-31,2026-05-31,27,1.9893,423.2544,27,27,0,"","sum","dlog","simple",FALSE,,,""
"Électricité, gaz, eau :: . Parc Eolien de Boujdour","Électricité, gaz, eau",". Parc Eolien de Boujdour","mensuel",TRUE,TRUE,,FALSE,"mensuel",2023-01-31,2026-05-31,41,0.0053,1516.0611,41,41,0,"","sum","dlog","simple",FALSE,,,""
"Électricité, gaz, eau :: . Parc Eolien de Midelt","Électricité, gaz, eau",". Parc Eolien de Midelt","mensuel",TRUE,TRUE,,FALSE,"mensuel",2020-01-31,2026-05-31,77,0.4742,90.3523,77,77,0,"","sum","dlog","simple",TRUE,,,""
"Électricité, gaz, eau :: . Parc Eolien de TAZA I","Électricité, gaz, eau",". Parc Eolien de TAZA I","mensuel",TRUE,TRUE,,FALSE,"mensuel",2022-03-31,2026-05-31,51,7.0039,44.5985,51,51,0,"","sum","dlog","simple",TRUE,,,""
"Électricité, gaz, eau :: . Parc Eolien de Tarfaya (TAREC)","Électricité, gaz, eau",". Parc Eolien de Tarfaya (TAREC)","mensuel",TRUE,TRUE,,FALSE,"mensuel",2015-08-31,2026-05-31,128,41.7289999999999,185.741,128,130,0.0154,"","sum","dlog","simple",TRUE,,,""
"Électricité, gaz, eau :: . Safi Energy Company (SAFIEC)","Électricité, gaz, eau",". Safi Energy Company (SAFIEC)","mensuel",TRUE,TRUE,,FALSE,"mensuel",2017-12-31,2026-05-31,102,0,880.6525,99,102,0,"","mean","diff","simple",TRUE,,,""
"Électricité, gaz, eau :: . Solaire (Centrale solaire d'Assa + Tafilalet PV)","Électricité, gaz, eau",". Solaire (Centrale solaire d'Assa + Tafilalet PV)","mensuel",TRUE,TRUE,,FALSE,"mensuel",2015-08-31,2026-05-31,128,0.0599999999999998,25.8646,123,130,0.0154,"","mean","dlog","simple",TRUE,,,""
"Électricité, gaz, eau :: . Thermique","Électricité, gaz, eau",". Thermique","mensuel",TRUE,TRUE,,FALSE,"mensuel",2015-08-31,2026-05-31,128,174.2762,969.019,128,130,0.0154,"","mean","dlog","simple",TRUE,,,""
"Électricité, gaz, eau :: .Parc éolien Afissat","Électricité, gaz, eau",".Parc éolien Afissat","mensuel",TRUE,TRUE,,FALSE,"mensuel",2018-04-30,2026-05-31,98,19.432,269.3382,98,98,0,"","sum","dlog","simple",TRUE,,,""
"Électricité, gaz, eau :: .Parc éolien Akhfennir","Électricité, gaz, eau",".Parc éolien Akhfennir","mensuel",TRUE,TRUE,,FALSE,"mensuel",2015-08-31,2026-05-31,128,12.127,115.857,128,130,0.0154,"","sum","dlog","simple",TRUE,,,""
"Électricité, gaz, eau :: .Parc éolien Dakhla","Électricité, gaz, eau",".Parc éolien Dakhla","mensuel",TRUE,TRUE,,FALSE,"mensuel",2025-06-30,2026-05-31,12,27.894,233.1363,12,12,0,"","sum","dlog","simple",FALSE,,,""
"Électricité, gaz, eau :: .Parc éolien Foum El Oued","Électricité, gaz, eau",".Parc éolien Foum El Oued","mensuel",TRUE,TRUE,,FALSE,"mensuel",2015-08-31,2026-05-31,128,2.70499999999998,31.5423,128,130,0.0154,"","sum","dlog","simple",TRUE,,,""
"Électricité, gaz, eau :: .Parc éolien Haouma","Électricité, gaz, eau",".Parc éolien Haouma","mensuel",TRUE,TRUE,,FALSE,"mensuel",2015-08-31,2026-05-31,128,7.42099999999999,23.4318,128,130,0.0154,"","sum","dlog","simple",TRUE,,,""
"Électricité, gaz, eau :: .Parc éolien Khelladi","Électricité, gaz, eau",".Parc éolien Khelladi","mensuel",TRUE,TRUE,,FALSE,"mensuel",2018-01-31,2026-05-31,101,3.137,54.917,101,101,0,"","sum","dlog","simple",TRUE,,,""
"Électricité, gaz, eau :: .Parc éolien Oualidia","Électricité, gaz, eau",".Parc éolien Oualidia","mensuel",TRUE,TRUE,,FALSE,"mensuel",2021-04-30,2026-05-31,62,0.2758,8.2668,62,62,0,"","sum","dlog","simple",TRUE,,,""
"Électricité, gaz, eau :: Apport des Tiers Nationaux","Électricité, gaz, eau","Apport des Tiers Nationaux","mensuel",TRUE,TRUE,,FALSE,"mensuel",1998-01-31,2026-05-31,335,-1287.5,2150.6,296,341,0.0176,"","mean","diff","simple",TRUE,,,""
"Électricité, gaz, eau :: Autoproducteurs","Électricité, gaz, eau","Autoproducteurs","mensuel",TRUE,TRUE,,FALSE,"mensuel",1998-11-30,2018-12-31,240,-40,683.6,123,242,0.0083,"","mean","diff","simple",TRUE,,,""
"Électricité, gaz, eau :: Autres PP","Électricité, gaz, eau","Autres PP","mensuel",TRUE,TRUE,,FALSE,"mensuel",2011-03-31,2014-04-30,38,32940,1341852,37,38,0,"","mean","dlog","simple",FALSE,,,""
"Électricité, gaz, eau :: Auxiliaires des centrales pompes du réseau THT-HT","Électricité, gaz, eau","Auxiliaires des centrales pompes du réseau THT-HT","mensuel",TRUE,TRUE,,FALSE,"mensuel",2009-09-30,2026-05-31,199,-132,-2.585,195,201,0.01,"","mean","diff","simple",FALSE,,,""
"Électricité, gaz, eau :: Charbon importé","Électricité, gaz, eau","Charbon importé","mensuel",TRUE,TRUE,,FALSE,"mensuel",1998-01-31,2026-05-31,341,-1394571,2705837,337,341,0,"","sum","diff","simple",TRUE,,,""
"Électricité, gaz, eau :: Charbon local","Électricité, gaz, eau","Charbon local","mensuel",TRUE,TRUE,,FALSE,"mensuel",1998-01-31,2026-05-31,341,-2614276,2861221,341,341,0,"","mean","diff","simple",TRUE,,,""
"Électricité, gaz, eau :: Clients BT","Électricité, gaz, eau","Clients BT","mensuel",TRUE,TRUE,,FALSE,"mensuel",1998-01-31,2026-05-31,337,0,1002.8312,331,341,0.0117,"","mean","diff","simple",TRUE,,,""
"Électricité, gaz, eau :: Clients MT","Électricité, gaz, eau","Clients MT","mensuel",TRUE,TRUE,,FALSE,"mensuel",2015-08-31,2026-05-31,128,0,842.7767,122,130,0.0154,"","mean","diff","simple",TRUE,,,""
"Électricité, gaz, eau :: Clients THT-HT","Électricité, gaz, eau","Clients THT-HT","mensuel",TRUE,TRUE,,FALSE,"mensuel",2015-08-31,2026-05-31,128,95.626,460.3691,128,130,0.0154,"","mean","dlog","simple",TRUE,,,""
"Électricité, gaz, eau :: Consommation de combustibles (Fioul, Charbon, Gaz oil) Tonnes","Électricité, gaz, eau","Consommation de combustibles (Fioul, Charbon, Gaz oil) Tonnes","mensuel",TRUE,TRUE,,FALSE,"mensuel",2018-01-31,2026-05-31,101,582141.8213,1076402.9058,101,101,0,"tonnes","sum","dlog","simple",TRUE,,,""
"Électricité, gaz, eau :: Distributeurs","Électricité, gaz, eau","Distributeurs","mensuel",TRUE,TRUE,,FALSE,"mensuel",1998-01-31,2026-05-31,337,-2239.8,3919.2,337,341,0.0117,"","mean","diff","simple",TRUE,,,""
"Électricité, gaz, eau :: Energie Electrique de Tahaddart","Électricité, gaz, eau","Energie Electrique de Tahaddart","mensuel",TRUE,TRUE,,FALSE,"mensuel",2009-10-31,2026-05-31,186,0,256.3,180,200,0.07,"","sum","diff","simple",TRUE,,,""
"Électricité, gaz, eau :: Energie nette appelée","Électricité, gaz, eau","Energie nette appelée","mensuel",TRUE,TRUE,,FALSE,"mensuel",1998-01-31,2026-05-31,341,901,4770.6988,334,341,0,"","sum","dlog","agregat",TRUE,,,""
"Électricité, gaz, eau :: Eolienne","Électricité, gaz, eau","Eolienne","mensuel",TRUE,TRUE,,FALSE,"mensuel",2002-12-31,2026-05-31,282,-51.9,101.3,207,282,0,"","mean","diff","simple",TRUE,,,""
"Électricité, gaz, eau :: Fuel","Électricité, gaz, eau","Fuel","mensuel",TRUE,TRUE,,FALSE,"mensuel",1998-01-31,2026-05-31,341,1779.4807,194027,341,341,0,"","mean","dlog","simple",TRUE,,,""
"Électricité, gaz, eau :: Gasoil","Électricité, gaz, eau","Gasoil","mensuel",TRUE,TRUE,,FALSE,"mensuel",1998-01-31,2026-05-31,341,-3418,9524,325,341,0,"","mean","diff","simple",TRUE,,,""
"Électricité, gaz, eau :: Hydraulique","Électricité, gaz, eau","Hydraulique","mensuel",TRUE,TRUE,,FALSE,"mensuel",1998-01-31,2026-05-31,341,23,1494.6,297,341,0,"","mean","dlog","simple",TRUE,,,""
"Électricité, gaz, eau :: I- ENERGIE NETTE APPELEE (en GWh) y compris l’énergie éolienne via réseau clients","Électricité, gaz, eau","I- ENERGIE NETTE APPELEE (en GWh) y compris l’énergie éolienne via réseau clients","mensuel",TRUE,TRUE,,FALSE,"mensuel",2015-08-31,2019-10-31,49,2597.189,3652.41,49,51,0.0392,"GWh","sum","dlog","agregat",TRUE,,,""
"Électricité, gaz, eau :: II- ENERGIE NETTE APPELEE (en GWh) dont :","Électricité, gaz, eau","II- ENERGIE NETTE APPELEE (en GWh) dont :","mensuel",TRUE,TRUE,,FALSE,"mensuel",2015-08-31,2026-05-31,128,2589.172,4770.6988,128,130,0.0154,"GWh","sum","dlog","agregat",TRUE,,,""
"Électricité, gaz, eau :: III- VENTES D'ÉLECTRICITE (en GWh) dont :","Électricité, gaz, eau","III- VENTES D'ÉLECTRICITE (en GWh) dont :","mensuel",TRUE,TRUE,,FALSE,"mensuel",2015-08-31,2026-05-31,128,1987.3474,3874.2578,128,130,0.0154,"GWh","sum","dlog","agregat",TRUE,,,""
"Électricité, gaz, eau :: Parc Eolien : CED","Électricité, gaz, eau","Parc Eolien : CED","mensuel",TRUE,TRUE,,FALSE,"mensuel",2009-10-31,2019-12-31,123,0,17.3,112,123,0,"","sum","diff","simple",TRUE,,,""
"Électricité, gaz, eau :: Parc Eolien de Tarfaya","Électricité, gaz, eau","Parc Eolien de Tarfaya","mensuel",TRUE,TRUE,,FALSE,"mensuel",2014-05-31,2026-05-31,145,29.7,185.741,145,145,0,"","sum","dlog","simple",TRUE,,,""
"Électricité, gaz, eau :: Petcoke","Électricité, gaz, eau","Petcoke","mensuel",TRUE,TRUE,,FALSE,"mensuel",2000-01-31,2026-05-31,301,0,80974,293,317,0.0505,"","mean","diff","simple",TRUE,,,""
"Électricité, gaz, eau :: Prix du Brent (USD/baril)","Électricité, gaz, eau","Prix du Brent (USD/baril)","mensuel",TRUE,TRUE,,FALSE,"mensuel",2016-01-31,2024-11-30,107,23.3,119.9,106,107,0,"USD","mean","dlog","simple",FALSE,,,""
"Électricité, gaz, eau :: Prix du Butane (USD/mt)","Électricité, gaz, eau","Prix du Butane (USD/mt)","mensuel",TRUE,TRUE,,FALSE,"mensuel",2016-01-31,2024-11-30,107,193.9,946.1609,107,107,0,"USD","mean","dlog","simple",FALSE,,,""
"Électricité, gaz, eau :: Production d'électricité","Électricité, gaz, eau","Production d'électricité","mensuel",TRUE,TRUE,,FALSE,"mensuel",2018-01-31,2026-03-31,99,2409.053,4366.1345,99,99,0,"","sum","dlog","simple",TRUE,,,""
"Électricité, gaz, eau :: Production thermique : JLEC","Électricité, gaz, eau","Production thermique : JLEC","mensuel",TRUE,TRUE,,FALSE,"mensuel",2009-10-31,2026-05-31,196,588.6,1386.1045,196,200,0.02,"","sum","dlog","simple",TRUE,,,""
"Électricité, gaz, eau :: Pétrole brut","Électricité, gaz, eau","Pétrole brut","mensuel",TRUE,TRUE,,FALSE,"mensuel",2011-01-31,2014-04-30,40,266739,4594214,39,40,0,"","mean","dlog","simple",FALSE,,,""
"Électricité, gaz, eau :: STEP Energie absorbée pour le pompage","Électricité, gaz, eau","STEP Energie absorbée pour le pompage","mensuel",TRUE,TRUE,,FALSE,"mensuel",2009-09-30,2026-05-31,201,-577.2182,0,197,201,0,"","sum","diff","simple",FALSE,,,""
"Électricité, gaz, eau :: Thermique (y compris ABM)","Électricité, gaz, eau","Thermique (y compris ABM)","mensuel",TRUE,TRUE,,FALSE,"mensuel",1998-01-31,2026-05-31,341,112,1093,332,341,0,"","mean","dlog","simple",TRUE,,,""
"Électricité, gaz, eau :: dont Production de source renouvelable (éolien)","Électricité, gaz, eau","dont Production de source renouvelable (éolien)","mensuel",TRUE,TRUE,,FALSE,"mensuel",2020-05-31,2026-05-31,70,0.420999999999999,10.4743,70,73,0.0411,"","sum","dlog","simple",TRUE,,,""
"Électricité, gaz, eau :: dont Turbinage de la STEP","Électricité, gaz, eau","dont Turbinage de la STEP","mensuel",TRUE,TRUE,,FALSE,"mensuel",2009-10-31,2026-05-31,200,0,57.5243,193,200,0,"","sum","diff","simple",TRUE,,,""
"Électricité, gaz, eau :: dont Turbinage de la STEP (2)","Électricité, gaz, eau","dont Turbinage de la STEP (2)","mensuel",TRUE,TRUE,,FALSE,"mensuel",2015-08-31,2026-05-31,128,7.41549999999999,57.5243,128,130,0.0154,"","sum","dlog","simple",TRUE,,,""
"Électricité, gaz, eau :: Comptes débiteurs et crédits de trésorerie — Électricité, gaz, eau (MDH)","Électricité, gaz, eau","Comptes débiteurs et crédits de trésorerie — Électricité, gaz, eau (MDH)","trimestriel",TRUE,TRUE,,FALSE,"trimestriel",2006-12-31,2026-03-31,78,5455.6461,33964.1067,78,78,0,"MDH","mean","dlog","simple",FALSE,,,""
"Électricité, gaz, eau :: Crédit bancaire Électricité, gaz et eau (MDH)","Électricité, gaz, eau","Crédit bancaire Électricité, gaz et eau (MDH)","trimestriel",TRUE,TRUE,,FALSE,"trimestriel",2006-12-31,2026-03-31,78,10726.8382,79099.3434,78,78,0,"MDH","mean","dlog","simple",FALSE,,,""
"Électricité, gaz, eau :: Crédits à l'équipement — Électricité, gaz, eau (MDH)","Électricité, gaz, eau","Crédits à l'équipement — Électricité, gaz, eau (MDH)","trimestriel",TRUE,TRUE,,FALSE,"trimestriel",2006-12-31,2026-03-31,78,4848.4432,38338.1485,78,78,0,"MDH","mean","dlog","simple",FALSE,,,""
