"origine","trimestre","p","lambda","d","n_chocs","n_obs_estimation","derniere_obs","branche","prevision","reel"
2008-06-30,"T2-2008",4,0.17101787771126,1.5,1,40,2008-03-31,"Agriculture",0.126855006588012,0.071940835304293
2008-06-30,"T2-2008",4,0.17101787771126,1.5,1,40,2008-03-31,"Pêche",0.0110517446839291,0.052678994416314
2008-06-30,"T2-2008",4,0.17101787771126,1.5,1,40,2008-03-31,"Industrie d'extraction",0.0272936570640753,-0.0217925195921751
2008-06-30,"T2-2008",4,0.17101787771126,1.5,1,40,2008-03-31,"Industrie de transformation",0.00911026172676508,-0.019444181646433
2008-06-30,"T2-2008",4,0.17101787771126,1.5,1,40,2008-03-31,"Électricité, gaz, eau",0.0237985411566531,-0.00741160474239422
2008-06-30,"T2-2008",4,0.17101787771126,1.5,1,40,2008-03-31,"Construction",0.00154017809599941,0.0132472081597736
2008-06-30,"T2-2008",4,0.17101787771126,1.5,1,40,2008-03-31,"Commerce",0.0218900929143587,0.0033021364608139
2008-06-30,"T2-2008",4,0.17101787771126,1.5,1,40,2008-03-31,"Transports",0.0145777021428379,-0.0640082466383269
2008-06-30,"T2-2008",4,0.17101787771126,1.5,1,40,2008-03-31,"Hébergement-restauration",-0.0117170301933856,-0.00655618215884957
2008-06-30,"T2-2008",4,0.17101787771126,1.5,1,40,2008-03-31,"Information-communication",0.0275119607248608,-0.00896136343280318
2008-06-30,"T2-2008",4,0.17101787771126,1.5,1,40,2008-03-31,"Finances et assurances",0.000979927002336627,-0.00228208059613522
2008-06-30,"T2-2008",4,0.17101787771126,1.5,1,40,2008-03-31,"Immobilier",-0.00549042818486064,0.00427038228267484
2008-06-30,"T2-2008",4,0.17101787771126,1.5,1,40,2008-03-31,"Services aux entreprises",0.00831587664159351,-0.0161087000233291
2008-06-30,"T2-2008",4,0.17101787771126,1.5,1,40,2008-03-31,"Administration publique",0.0205006924450371,0.0119345552422416
2008-06-30,"T2-2008",4,0.17101787771126,1.5,1,40,2008-03-31,"Éducation-santé",0.0161108020544282,0.00301883635611944
2008-06-30,"T2-2008",4,0.17101787771126,1.5,1,40,2008-03-31,"Autres services",0.00443184191006367,0.00942969268778526
2008-09-30,"T3-2008",3,0.0890257841675105,1,0,41,2008-06-30,"Agriculture",0.0317650749440326,0.0617513981297719
2008-09-30,"T3-2008",3,0.0890257841675105,1,0,41,2008-06-30,"Pêche",-0.0404611497879436,-0.0509614695193807
2008-09-30,"T3-2008",3,0.0890257841675105,1,0,41,2008-06-30,"Industrie d'extraction",0.0268186206906144,0.0180514274217654
2008-09-30,"T3-2008",3,0.0890257841675105,1,0,41,2008-06-30,"Industrie de transformation",0.0105443544996765,0.00219221058634211
2008-09-30,"T3-2008",3,0.0890257841675105,1,0,41,2008-06-30,"Électricité, gaz, eau",0.0166918468442606,-0.00223998562046646
2008-09-30,"T3-2008",3,0.0890257841675105,1,0,41,2008-06-30,"Construction",0.0153317264594193,0.0131799381011142
2008-09-30,"T3-2008",3,0.0890257841675105,1,0,41,2008-06-30,"Commerce",0.00926055098055552,0.0283798584347981
2008-09-30,"T3-2008",3,0.0890257841675105,1,0,41,2008-06-30,"Transports",0.0160393842176754,0.0183134237447131
2008-09-30,"T3-2008",3,0.0890257841675105,1,0,41,2008-06-30,"Hébergement-restauration",0.0156347307990551,0.00815551633095524
2008-09-30,"T3-2008",3,0.0890257841675105,1,0,41,2008-06-30,"Information-communication",0.026752558275281,-0.01447753832411
2008-09-30,"T3-2008",3,0.0890257841675105,1,0,41,2008-06-30,"Finances et assurances",0.00491092817653971,0.00906111218203876
2008-09-30,"T3-2008",3,0.0890257841675105,1,0,41,2008-06-30,"Immobilier",0.0126936523818434,0.00754033996654258
2008-09-30,"T3-2008",3,0.0890257841675105,1,0,41,2008-06-30,"Services aux entreprises",0.0116275910384073,0.00583106623602525
2008-09-30,"T3-2008",3,0.0890257841675105,1,0,41,2008-06-30,"Administration publique",-0.014450808129278,0.0163291208753567
2008-09-30,"T3-2008",3,0.0890257841675105,1,0,41,2008-06-30,"Éducation-santé",0.0107880145727949,0.00574961780214167
2008-09-30,"T3-2008",3,0.0890257841675105,1,0,41,2008-06-30,"Autres services",0.00632917957645782,0.00746889073111134
2008-12-31,"T4-2008",2,0.0968180695812186,1.5,0,42,2008-09-30,"Agriculture",0.016015987581636,0.0551982142564196
2008-12-31,"T4-2008",2,0.0968180695812186,1.5,0,42,2008-09-30,"Pêche",-0.00630145041436686,-0.277778183655641
2008-12-31,"T4-2008",2,0.0968180695812186,1.5,0,42,2008-09-30,"Industrie d'extraction",0.0110549615039752,-0.218117995343437
2008-12-31,"T4-2008",2,0.0968180695812186,1.5,0,42,2008-09-30,"Industrie de transformation",0.00737346869507818,-0.00887640327285766
2008-12-31,"T4-2008",2,0.0968180695812186,1.5,0,42,2008-09-30,"Électricité, gaz, eau",0.0125002988368141,0.0109984430102408
2008-12-31,"T4-2008",2,0.0968180695812186,1.5,0,42,2008-09-30,"Construction",0.0117536401931946,0.00574394384298849
2008-12-31,"T4-2008",2,0.0968180695812186,1.5,0,42,2008-09-30,"Commerce",0.0124632828432264,-0.0595959651388842
2008-12-31,"T4-2008",2,0.0968180695812186,1.5,0,42,2008-09-30,"Transports",0.0117048946250455,-0.0546810679155865
2008-12-31,"T4-2008",2,0.0968180695812186,1.5,0,42,2008-09-30,"Hébergement-restauration",0.011579771374743,0.00849557976603776
2008-12-31,"T4-2008",2,0.0968180695812186,1.5,0,42,2008-09-30,"Information-communication",0.018060806881739,0.0417574136481171
2008-12-31,"T4-2008",2,0.0968180695812186,1.5,0,42,2008-09-30,"Finances et assurances",0.0119676614975417,0.0256098073542006
2008-12-31,"T4-2008",2,0.0968180695812186,1.5,0,42,2008-09-30,"Immobilier",0.0124016199946852,0.00377905089127495
2008-12-31,"T4-2008",2,0.0968180695812186,1.5,0,42,2008-09-30,"Services aux entreprises",0.0121724435999536,-0.00358721238601767
2008-12-31,"T4-2008",2,0.0968180695812186,1.5,0,42,2008-09-30,"Administration publique",6.36002511507425e-05,0.0129496430114084
2008-12-31,"T4-2008",2,0.0968180695812186,1.5,0,42,2008-09-30,"Éducation-santé",0.0096128934614172,0.003366749886478
2008-12-31,"T4-2008",2,0.0968180695812186,1.5,0,42,2008-09-30,"Autres services",0.00653319688384259,0.00552291993677656
2009-03-31,"T1-2009",1,0.0680243429079912,0.5,0,43,2008-12-31,"Agriculture",-0.0029062838946032,0.0751176957457407
2009-03-31,"T1-2009",1,0.0680243429079912,0.5,0,43,2008-12-31,"Pêche",-0.0265132518883171,0.247464033861102
2009-03-31,"T1-2009",1,0.0680243429079912,0.5,0,43,2008-12-31,"Industrie d'extraction",0.0271106031427813,-0.432282485139092
2009-03-31,"T1-2009",1,0.0680243429079912,0.5,0,43,2008-12-31,"Industrie de transformation",0.00929490652596738,-0.056254430503234
2009-03-31,"T1-2009",1,0.0680243429079912,0.5,0,43,2008-12-31,"Électricité, gaz, eau",0.0100436981227821,-0.0930700791897738
2009-03-31,"T1-2009",1,0.0680243429079912,0.5,0,43,2008-12-31,"Construction",0.0136045182825375,0.0123024964738025
2009-03-31,"T1-2009",1,0.0680243429079912,0.5,0,43,2008-12-31,"Commerce",0.0131004287871191,-0.00535621653528651
2009-03-31,"T1-2009",1,0.0680243429079912,0.5,0,43,2008-12-31,"Transports",0.0211609210554871,0.020679754006478
2009-03-31,"T1-2009",1,0.0680243429079912,0.5,0,43,2008-12-31,"Hébergement-restauration",0.0130520969951407,-0.0207338780562196
2009-03-31,"T1-2009",1,0.0680243429079912,0.5,0,43,2008-12-31,"Information-communication",0.0397708042659251,0.0563493004331228
2009-03-31,"T1-2009",1,0.0680243429079912,0.5,0,43,2008-12-31,"Finances et assurances",0.0114042174880132,-0.0238650996915464
2009-03-31,"T1-2009",1,0.0680243429079912,0.5,0,43,2008-12-31,"Immobilier",0.0127705619318599,0.0226538559270022
2009-03-31,"T1-2009",1,0.0680243429079912,0.5,0,43,2008-12-31,"Services aux entreprises",0.0135551947051964,0.037418892625114
2009-03-31,"T1-2009",1,0.0680243429079912,0.5,0,43,2008-12-31,"Administration publique",0.00904713061605478,0.0749472950349332
2009-03-31,"T1-2009",1,0.0680243429079912,0.5,0,43,2008-12-31,"Éducation-santé",0.0117405954545623,-0.001040576217747
2009-03-31,"T1-2009",1,0.0680243429079912,0.5,0,43,2008-12-31,"Autres services",0.00803950743144505,-0.00226212453314645
2009-06-30,"T2-2009",1,0.0680243429084033,0.5,1,44,2009-03-31,"Agriculture",0.00404819998457219,0.0596645542199479
2009-06-30,"T2-2009",1,0.0680243429084033,0.5,1,44,2009-03-31,"Pêche",-0.0313024116746198,-0.104312846625382
2009-06-30,"T2-2009",1,0.0680243429084033,0.5,1,44,2009-03-31,"Industrie d'extraction",0.0270450991348365,0.240834849528154
2009-06-30,"T2-2009",1,0.0680243429084033,0.5,1,44,2009-03-31,"Industrie de transformation",0.00972400962463579,0.0144930533059835
2009-06-30,"T2-2009",1,0.0680243429084033,0.5,1,44,2009-03-31,"Électricité, gaz, eau",0.0174018735065912,-0.0519910871670355
2009-06-30,"T2-2009",1,0.0680243429084033,0.5,1,44,2009-03-31,"Construction",0.0152558494690441,0.0171052835357237
2009-06-30,"T2-2009",1,0.0680243429084033,0.5,1,44,2009-03-31,"Commerce",0.00714629883044002,0.00705739769399649
2009-06-30,"T2-2009",1,0.0680243429084033,0.5,1,44,2009-03-31,"Transports",0.0263304515049092,0.0351549102637581
2009-06-30,"T2-2009",1,0.0680243429084033,0.5,1,44,2009-03-31,"Hébergement-restauration",0.0179038262500998,0.0112208361755428
2009-06-30,"T2-2009",1,0.0680243429084033,0.5,1,44,2009-03-31,"Information-communication",0.0482276742289375,-0.0190355761917971
2009-06-30,"T2-2009",1,0.0680243429084033,0.5,1,44,2009-03-31,"Finances et assurances",0.0068602842353153,0.0143588538076731
2009-06-30,"T2-2009",1,0.0680243429084033,0.5,1,44,2009-03-31,"Immobilier",0.0110750716004658,0.0167980740437415
2009-06-30,"T2-2009",1,0.0680243429084033,0.5,1,44,2009-03-31,"Services aux entreprises",0.0115350030962966,0.0113933328909628
2009-06-30,"T2-2009",1,0.0680243429084033,0.5,1,44,2009-03-31,"Administration publique",0.00419615429920138,0.0136648157743764
2009-06-30,"T2-2009",1,0.0680243429084033,0.5,1,44,2009-03-31,"Éducation-santé",0.0130324452079051,0.00394085434689906
2009-06-30,"T2-2009",1,0.0680243429084033,0.5,1,44,2009-03-31,"Autres services",0.00637518257348028,0.00418091515543573
2009-09-30,"T3-2009",2,0.103540713122863,2,2,45,2009-06-30,"Agriculture",0.00976966778290997,0.0357584727971165
2009-09-30,"T3-2009",2,0.103540713122863,2,2,45,2009-06-30,"Pêche",-0.0226924945533767,0.131762813903944
2009-09-30,"T3-2009",2,0.103540713122863,2,2,45,2009-06-30,"Industrie d'extraction",-0.0411125665838236,0.0617341261486111
2009-09-30,"T3-2009",2,0.103540713122863,2,2,45,2009-06-30,"Industrie de transformation",0.00734303389406445,0.0181214217607
2009-09-30,"T3-2009",2,0.103540713122863,2,2,45,2009-06-30,"Électricité, gaz, eau",0.0250291368976889,-0.00171093945968437
2009-09-30,"T3-2009",2,0.103540713122863,2,2,45,2009-06-30,"Construction",0.0155889284849811,0.00761699474573163
2009-09-30,"T3-2009",2,0.103540713122863,2,2,45,2009-06-30,"Commerce",0.00480861772528743,0.0322369508182678
2009-09-30,"T3-2009",2,0.103540713122863,2,2,45,2009-06-30,"Transports",0.00606669954065897,0.0113046385673918
2009-09-30,"T3-2009",2,0.103540713122863,2,2,45,2009-06-30,"Hébergement-restauration",0.0203760109015713,0.00262742841557007
2009-09-30,"T3-2009",2,0.103540713122863,2,2,45,2009-06-30,"Information-communication",0.0289917600278715,-0.00887120915617778
2009-09-30,"T3-2009",2,0.103540713122863,2,2,45,2009-06-30,"Finances et assurances",0.0173412465888723,0.0260836551490407
2009-09-30,"T3-2009",2,0.103540713122863,2,2,45,2009-06-30,"Immobilier",0.0190675376993378,0.00723861002697568
2009-09-30,"T3-2009",2,0.103540713122863,2,2,45,2009-06-30,"Services aux entreprises",0.0156554524581003,0.00849017455152534
2009-09-30,"T3-2009",2,0.103540713122863,2,2,45,2009-06-30,"Administration publique",0.00727015359207426,0.00749407514867073
2009-09-30,"T3-2009",2,0.103540713122863,2,2,45,2009-06-30,"Éducation-santé",0.00860636954156396,0.00961564022988171
2009-09-30,"T3-2009",2,0.103540713122863,2,2,45,2009-06-30,"Autres services",0.00448726966716899,0.004640640579197
2009-12-31,"T4-2009",2,0.0890391591330372,1.5,2,46,2009-09-30,"Agriculture",0.0154718550615583,0.0176891741052625
2009-12-31,"T4-2009",2,0.0890391591330372,1.5,2,46,2009-09-30,"Pêche",-0.00872030711894988,-0.0159596309876848
2009-12-31,"T4-2009",2,0.0890391591330372,1.5,2,46,2009-09-30,"Industrie d'extraction",-0.00446953466128375,0.13005125221814
2009-12-31,"T4-2009",2,0.0890391591330372,1.5,2,46,2009-09-30,"Industrie de transformation",0.00955569255086066,0.0205372442070448
2009-12-31,"T4-2009",2,0.0890391591330372,1.5,2,46,2009-09-30,"Électricité, gaz, eau",0.0123589170032447,0.00551713458301961
2009-12-31,"T4-2009",2,0.0890391591330372,1.5,2,46,2009-09-30,"Construction",0.0131759849602401,0.0065671970723109
2009-12-31,"T4-2009",2,0.0890391591330372,1.5,2,46,2009-09-30,"Commerce",0.00904215512037353,0.00367098604209204
2009-12-31,"T4-2009",2,0.0890391591330372,1.5,2,46,2009-09-30,"Transports",0.00842021553756731,0.0837521030681874
2009-12-31,"T4-2009",2,0.0890391591330372,1.5,2,46,2009-09-30,"Hébergement-restauration",0.00895339958216645,0.0230707276397002
2009-12-31,"T4-2009",2,0.0890391591330372,1.5,2,46,2009-09-30,"Information-communication",0.0253074016532918,-0.00989218493209165
2009-12-31,"T4-2009",2,0.0890391591330372,1.5,2,46,2009-09-30,"Finances et assurances",0.015280279503426,0.0170224182955963
2009-12-31,"T4-2009",2,0.0890391591330372,1.5,2,46,2009-09-30,"Immobilier",0.0117591901261472,0.00560107884527916
2009-12-31,"T4-2009",2,0.0890391591330372,1.5,2,46,2009-09-30,"Services aux entreprises",0.0111076053971006,0.0084069728633942
2009-12-31,"T4-2009",2,0.0890391591330372,1.5,2,46,2009-09-30,"Administration publique",0.00929224425721581,-0.00607744988362136
2009-12-31,"T4-2009",2,0.0890391591330372,1.5,2,46,2009-09-30,"Éducation-santé",0.010660520748981,0.011624816087247
2009-12-31,"T4-2009",2,0.0890391591330372,1.5,2,46,2009-09-30,"Autres services",0.00573758988675367,0.00512182930226146
2010-03-31,"T1-2010",3,0.127077877177475,2,2,47,2009-12-31,"Agriculture",-0.0107924366114587,-0.058090500893174
2010-03-31,"T1-2010",3,0.127077877177475,2,2,47,2009-12-31,"Pêche",0.0153375660173511,-0.0941800189565347
2010-03-31,"T1-2010",3,0.127077877177475,2,2,47,2009-12-31,"Industrie d'extraction",-0.00306933334848186,0.123300827777374
2010-03-31,"T1-2010",3,0.127077877177475,2,2,47,2009-12-31,"Industrie de transformation",0.0117201547883317,0.00936650621360968
2010-03-31,"T1-2010",3,0.127077877177475,2,2,47,2009-12-31,"Électricité, gaz, eau",0.0169068321633549,0.186653310772002
2010-03-31,"T1-2010",3,0.127077877177475,2,2,47,2009-12-31,"Construction",0.0151171272804881,-0.000791378669422471
2010-03-31,"T1-2010",3,0.127077877177475,2,2,47,2009-12-31,"Commerce",0.0118770515378284,-0.0826761729915226
2010-03-31,"T1-2010",3,0.127077877177475,2,2,47,2009-12-31,"Transports",0.0107476669323907,-0.0599115762027118
2010-03-31,"T1-2010",3,0.127077877177475,2,2,47,2009-12-31,"Hébergement-restauration",0.0182269029659475,0.0254939962530241
2010-03-31,"T1-2010",3,0.127077877177475,2,2,47,2009-12-31,"Information-communication",0.0244477754418754,0.0132404797380659
2010-03-31,"T1-2010",3,0.127077877177475,2,2,47,2009-12-31,"Finances et assurances",0.0208647347065916,0.0533518771081489
2010-03-31,"T1-2010",3,0.127077877177475,2,2,47,2009-12-31,"Immobilier",0.0141431849486526,-0.0058436516502276
2010-03-31,"T1-2010",3,0.127077877177475,2,2,47,2009-12-31,"Services aux entreprises",0.0138688298478327,-0.00969663151928124
2010-03-31,"T1-2010",3,0.127077877177475,2,2,47,2009-12-31,"Administration publique",0.00586471017712971,-0.0127502106913866
2010-03-31,"T1-2010",3,0.127077877177475,2,2,47,2009-12-31,"Éducation-santé",0.0114152192589718,0.0155830398188073
2010-03-31,"T1-2010",3,0.127077877177475,2,2,47,2009-12-31,"Autres services",0.00467558200353885,0.00678855234815146
2010-06-30,"T2-2010",3,0.124032176366387,2,2,48,2010-03-31,"Agriculture",-0.0186287119773758,0.0289591011612593
2010-06-30,"T2-2010",3,0.124032176366387,2,2,48,2010-03-31,"Pêche",0.0971836376850229,-0.00372153140459908
2010-06-30,"T2-2010",3,0.124032176366387,2,2,48,2010-03-31,"Industrie d'extraction",-0.145097432895266,0.0714932752789377
2010-06-30,"T2-2010",3,0.124032176366387,2,2,48,2010-03-31,"Industrie de transformation",-0.00612138144797396,0.0228780422433399
2010-06-30,"T2-2010",3,0.124032176366387,2,2,48,2010-03-31,"Électricité, gaz, eau",-0.0302777081510207,-0.0273446288233092
2010-06-30,"T2-2010",3,0.124032176366387,2,2,48,2010-03-31,"Construction",0.0176389068795438,0.00958615698002419
2010-06-30,"T2-2010",3,0.124032176366387,2,2,48,2010-03-31,"Commerce",0.0149579614975078,0.0142315961167725
2010-06-30,"T2-2010",3,0.124032176366387,2,2,48,2010-03-31,"Transports",0.0174056702516794,0.0200865984523642
2010-06-30,"T2-2010",3,0.124032176366387,2,2,48,2010-03-31,"Hébergement-restauration",-0.000974646383306203,0.0266229612018112
2010-06-30,"T2-2010",3,0.124032176366387,2,2,48,2010-03-31,"Information-communication",0.05090161707617,0.00766468458485114
2010-06-30,"T2-2010",3,0.124032176366387,2,2,48,2010-03-31,"Finances et assurances",0.00988679146966893,0.0228723642540416
2010-06-30,"T2-2010",3,0.124032176366387,2,2,48,2010-03-31,"Immobilier",0.0197416593817575,0.00868310417499174
2010-06-30,"T2-2010",3,0.124032176366387,2,2,48,2010-03-31,"Services aux entreprises",0.0256663671058482,0.00685512008479527
2010-06-30,"T2-2010",3,0.124032176366387,2,2,48,2010-03-31,"Administration publique",0.0234902768008275,0.00547560904105637
2010-06-30,"T2-2010",3,0.124032176366387,2,2,48,2010-03-31,"Éducation-santé",0.00880523581120187,0.00969824403680342
2010-06-30,"T2-2010",3,0.124032176366387,2,2,48,2010-03-31,"Autres services",0.00785831433570849,0.00555779727619843
2010-09-30,"T3-2010",5,0.253363171704384,2,1,49,2010-06-30,"Agriculture",0.0249818917160667,0.0192529746472694
2010-09-30,"T3-2010",5,0.253363171704384,2,1,49,2010-06-30,"Pêche",-0.0586133600758917,-0.0175090394728077
2010-09-30,"T3-2010",5,0.253363171704384,2,1,49,2010-06-30,"Industrie d'extraction",-0.00906948939348058,-0.0170794195793658
2010-09-30,"T3-2010",5,0.253363171704384,2,1,49,2010-06-30,"Industrie de transformation",0.00810311626018409,0.0313908655441804
2010-09-30,"T3-2010",5,0.253363171704384,2,1,49,2010-06-30,"Électricité, gaz, eau",0.0183341953255459,0.00751192915597265
2010-09-30,"T3-2010",5,0.253363171704384,2,1,49,2010-06-30,"Construction",0.0158884233317902,0.00222693297585685
2010-09-30,"T3-2010",5,0.253363171704384,2,1,49,2010-06-30,"Commerce",0.00650553358264654,0.0290828790059532
2010-09-30,"T3-2010",5,0.253363171704384,2,1,49,2010-06-30,"Transports",0.00262478385222775,0.0138243465549905
2010-09-30,"T3-2010",5,0.253363171704384,2,1,49,2010-06-30,"Hébergement-restauration",0.0176640155558071,0.0108628626497858
2010-09-30,"T3-2010",5,0.253363171704384,2,1,49,2010-06-30,"Information-communication",0.0211213112132309,0.0669376469386442
2010-09-30,"T3-2010",5,0.253363171704384,2,1,49,2010-06-30,"Finances et assurances",0.0194208854449409,0.0293609911023349
2010-09-30,"T3-2010",5,0.253363171704384,2,1,49,2010-06-30,"Immobilier",0.0162536612254241,0.00262943473306088
2010-09-30,"T3-2010",5,0.253363171704384,2,1,49,2010-06-30,"Services aux entreprises",0.0126049795471803,0.017564861219217
2010-09-30,"T3-2010",5,0.253363171704384,2,1,49,2010-06-30,"Administration publique",0.0126421645321514,0.017444819262705
2010-09-30,"T3-2010",5,0.253363171704384,2,1,49,2010-06-30,"Éducation-santé",0.0136303440274695,0.0090130758080349
2010-09-30,"T3-2010",5,0.253363171704384,2,1,49,2010-06-30,"Autres services",0.00176226963878788,0.00555450049082218
2010-12-31,"T4-2010",5,0.186149965066535,1.5,1,50,2010-09-30,"Agriculture",0.0379187096309563,0.0143723662711359
2010-12-31,"T4-2010",5,0.186149965066535,1.5,1,50,2010-09-30,"Pêche",0.0117541905487056,-0.447006974391453
2010-12-31,"T4-2010",5,0.186149965066535,1.5,1,50,2010-09-30,"Industrie d'extraction",-0.013444291596343,0.0239665118594772
2010-12-31,"T4-2010",5,0.186149965066535,1.5,1,50,2010-09-30,"Industrie de transformation",0.00175537581076517,0.00497740767046295
2010-12-31,"T4-2010",5,0.186149965066535,1.5,1,50,2010-09-30,"Électricité, gaz, eau",0.0101216365072843,0.000665004180783413
2010-12-31,"T4-2010",5,0.186149965066535,1.5,1,50,2010-09-30,"Construction",0.015508721595629,0.011879848136747
2010-12-31,"T4-2010",5,0.186149965066535,1.5,1,50,2010-09-30,"Commerce",0.00988523869786559,0.0127349328646247
2010-12-31,"T4-2010",5,0.186149965066535,1.5,1,50,2010-09-30,"Transports",0.00482545236407615,0.0202645414177383
2010-12-31,"T4-2010",5,0.186149965066535,1.5,1,50,2010-09-30,"Hébergement-restauration",-0.0116301982153146,0.00864930162927635
2010-12-31,"T4-2010",5,0.186149965066535,1.5,1,50,2010-09-30,"Information-communication",0.0376950325123555,0.0247132084648403
2010-12-31,"T4-2010",5,0.186149965066535,1.5,1,50,2010-09-30,"Finances et assurances",0.0135403808273772,-0.0120421486852003
2010-12-31,"T4-2010",5,0.186149965066535,1.5,1,50,2010-09-30,"Immobilier",0.0132160997052896,0.0125770462805459
2010-12-31,"T4-2010",5,0.186149965066535,1.5,1,50,2010-09-30,"Services aux entreprises",0.0110993258375347,0.0110533911796615
2010-12-31,"T4-2010",5,0.186149965066535,1.5,1,50,2010-09-30,"Administration publique",0.0115654985205529,0.0196678984989198
2010-12-31,"T4-2010",5,0.186149965066535,1.5,1,50,2010-09-30,"Éducation-santé",0.0116061216536318,0.00651673966292421
2010-12-31,"T4-2010",5,0.186149965066535,1.5,1,50,2010-09-30,"Autres services",0.0064948529436705,0.00552381836057769
2011-03-31,"T1-2011",3,0.0965676988526753,2,1,51,2010-12-31,"Agriculture",0.0131952383993312,0.00716746929516354
2011-03-31,"T1-2011",3,0.0965676988526753,2,1,51,2010-12-31,"Pêche",-0.00874749690198285,0.65467087112052
2011-03-31,"T1-2011",3,0.0965676988526753,2,1,51,2010-12-31,"Industrie d'extraction",-0.01749656288877,0.0236751243691682
2011-03-31,"T1-2011",3,0.0965676988526753,2,1,51,2010-12-31,"Industrie de transformation",0.00402353522080328,0.0113067432877774
2011-03-31,"T1-2011",3,0.0965676988526753,2,1,51,2010-12-31,"Électricité, gaz, eau",0.00789179116689013,0.0466308066830887
2011-03-31,"T1-2011",3,0.0965676988526753,2,1,51,2010-12-31,"Construction",0.0142257623089153,0.026545763554946
2011-03-31,"T1-2011",3,0.0965676988526753,2,1,51,2010-12-31,"Commerce",0.00815358144024998,0.0186604294242905
2011-03-31,"T1-2011",3,0.0965676988526753,2,1,51,2010-12-31,"Transports",0.0107305675765129,0.0238709440751581
2011-03-31,"T1-2011",3,0.0965676988526753,2,1,51,2010-12-31,"Hébergement-restauration",0.00766312385438175,-0.00429120721967458
2011-03-31,"T1-2011",3,0.0965676988526753,2,1,51,2010-12-31,"Information-communication",0.0282686070686903,0.0883387665973316
2011-03-31,"T1-2011",3,0.0965676988526753,2,1,51,2010-12-31,"Finances et assurances",0.0132512452573755,0.0260481077173296
2011-03-31,"T1-2011",3,0.0965676988526753,2,1,51,2010-12-31,"Immobilier",0.0155551366139152,0.027209927855532
2011-03-31,"T1-2011",3,0.0965676988526753,2,1,51,2010-12-31,"Services aux entreprises",0.0148384488610895,0.0131453881156336
2011-03-31,"T1-2011",3,0.0965676988526753,2,1,51,2010-12-31,"Administration publique",0.00493676469898486,0.0340719566007959
2011-03-31,"T1-2011",3,0.0965676988526753,2,1,51,2010-12-31,"Éducation-santé",0.00940292363613467,-0.00358401983949719
2011-03-31,"T1-2011",3,0.0965676988526753,2,1,51,2010-12-31,"Autres services",0.00614919990503413,0.00467951664679056
2011-06-30,"T2-2011",2,0.0479409710827984,0.5,1,52,2011-03-31,"Agriculture",0.00730271863689576,0.028584629673194
2011-06-30,"T2-2011",2,0.0479409710827984,0.5,1,52,2011-03-31,"Pêche",-0.0220940925148186,-0.0726289901752928
2011-06-30,"T2-2011",2,0.0479409710827984,0.5,1,52,2011-03-31,"Industrie d'extraction",0.0170460368809525,-0.00674350295338755
2011-06-30,"T2-2011",2,0.0479409710827984,0.5,1,52,2011-03-31,"Industrie de transformation",0.0105432881147116,0.0192187002912672
2011-06-30,"T2-2011",2,0.0479409710827984,0.5,1,52,2011-03-31,"Électricité, gaz, eau",0.0072897782290311,0.01766185297714
2011-06-30,"T2-2011",2,0.0479409710827984,0.5,1,52,2011-03-31,"Construction",0.0144207791893879,0.00201308944378198
2011-06-30,"T2-2011",2,0.0479409710827984,0.5,1,52,2011-03-31,"Commerce",0.00933346131466727,0.0142183411628007
2011-06-30,"T2-2011",2,0.0479409710827984,0.5,1,52,2011-03-31,"Transports",0.0180440278815447,0.0114803790186802
2011-06-30,"T2-2011",2,0.0479409710827984,0.5,1,52,2011-03-31,"Hébergement-restauration",0.00914205334746401,-0.0509668372527514
2011-06-30,"T2-2011",2,0.0479409710827984,0.5,1,52,2011-03-31,"Information-communication",0.0315393219676315,-0.0137013318868799
2011-06-30,"T2-2011",2,0.0479409710827984,0.5,1,52,2011-03-31,"Finances et assurances",0.0135498955927102,0.0367315800042309
2011-06-30,"T2-2011",2,0.0479409710827984,0.5,1,52,2011-03-31,"Immobilier",0.0119177321402665,0.00489557804772289
2011-06-30,"T2-2011",2,0.0479409710827984,0.5,1,52,2011-03-31,"Services aux entreprises",0.0118272641374553,0.021189904828951
2011-06-30,"T2-2011",2,0.0479409710827984,0.5,1,52,2011-03-31,"Administration publique",0.00328619528313602,0.0228127427228664
2011-06-30,"T2-2011",2,0.0479409710827984,0.5,1,52,2011-03-31,"Éducation-santé",0.0112197004911836,0.00634956741167514
2011-06-30,"T2-2011",2,0.0479409710827984,0.5,1,52,2011-03-31,"Autres services",0.00639663887805047,0.00581876903945933
2011-09-30,"T3-2011",3,0.0967985294715605,2,2,53,2011-06-30,"Agriculture",0.0343906520827297,0.00446257248490411
2011-09-30,"T3-2011",3,0.0967985294715605,2,2,53,2011-06-30,"Pêche",-0.0158008432744283,-0.0130013912158802
2011-09-30,"T3-2011",3,0.0967985294715605,2,2,53,2011-06-30,"Industrie d'extraction",0.0228893663693435,-0.0133499228022789
2011-09-30,"T3-2011",3,0.0967985294715605,2,2,53,2011-06-30,"Industrie de transformation",0.0100168173901641,0.00986823152435257
2011-09-30,"T3-2011",3,0.0967985294715605,2,2,53,2011-06-30,"Électricité, gaz, eau",0.00614339606880022,-0.00280918545008646
2011-09-30,"T3-2011",3,0.0967985294715605,2,2,53,2011-06-30,"Construction",0.0154061130542624,0.0102967898015596
2011-09-30,"T3-2011",3,0.0967985294715605,2,2,53,2011-06-30,"Commerce",0.0102915776884925,0.0129484549541719
2011-09-30,"T3-2011",3,0.0967985294715605,2,2,53,2011-06-30,"Transports",0.0127223140852051,0.0125849018237911
2011-09-30,"T3-2011",3,0.0967985294715605,2,2,53,2011-06-30,"Hébergement-restauration",0.0148921230005099,0.0326589664907893
2011-09-30,"T3-2011",3,0.0967985294715605,2,2,53,2011-06-30,"Information-communication",0.0244114353665558,-0.0753540622918667
2011-09-30,"T3-2011",3,0.0967985294715605,2,2,53,2011-06-30,"Finances et assurances",0.0167171006188988,0.0192870194863595
2011-09-30,"T3-2011",3,0.0967985294715605,2,2,53,2011-06-30,"Immobilier",0.0134201428811107,0.0134433031225321
2011-09-30,"T3-2011",3,0.0967985294715605,2,2,53,2011-06-30,"Services aux entreprises",0.0128643142068949,0.00226085997917025
2011-09-30,"T3-2011",3,0.0967985294715605,2,2,53,2011-06-30,"Administration publique",0.0202638687966592,0.0285477205020754
2011-09-30,"T3-2011",3,0.0967985294715605,2,2,53,2011-06-30,"Éducation-santé",0.010289972759961,0.0041340335483504
2011-09-30,"T3-2011",3,0.0967985294715605,2,2,53,2011-06-30,"Autres services",0.00833672702940516,0.00613383322627392
2011-12-31,"T4-2011",3,0.0724701626422741,1,2,54,2011-09-30,"Agriculture",0.0150160423135754,-0.0120625495405129
2011-12-31,"T4-2011",3,0.0724701626422741,1,2,54,2011-09-30,"Pêche",0.00607980709149536,-0.03884556639008
2011-12-31,"T4-2011",3,0.0724701626422741,1,2,54,2011-09-30,"Industrie d'extraction",-0.00102574435754939,0.0380098815677599
2011-12-31,"T4-2011",3,0.0724701626422741,1,2,54,2011-09-30,"Industrie de transformation",0.0103980831617198,0.0156182789385557
2011-12-31,"T4-2011",3,0.0724701626422741,1,2,54,2011-09-30,"Électricité, gaz, eau",0.00495608999375978,0.0660654774128115
2011-12-31,"T4-2011",3,0.0724701626422741,1,2,54,2011-09-30,"Construction",0.013412602094817,0.010242364311047
2011-12-31,"T4-2011",3,0.0724701626422741,1,2,54,2011-09-30,"Commerce",0.0121801312446459,0.0300538497418046
2011-12-31,"T4-2011",3,0.0724701626422741,1,2,54,2011-09-30,"Transports",0.0151909797325239,0.0119886103797402
2011-12-31,"T4-2011",3,0.0724701626422741,1,2,54,2011-09-30,"Hébergement-restauration",0.0104694284705629,-0.0122451013444298
2011-12-31,"T4-2011",3,0.0724701626422741,1,2,54,2011-09-30,"Information-communication",0.0177713898740387,-0.0443214284428208
2011-12-31,"T4-2011",3,0.0724701626422741,1,2,54,2011-09-30,"Finances et assurances",0.0166944940176358,0.0183332099292191
2011-12-31,"T4-2011",3,0.0724701626422741,1,2,54,2011-09-30,"Immobilier",0.0131047430971847,0.014116851770055
2011-12-31,"T4-2011",3,0.0724701626422741,1,2,54,2011-09-30,"Services aux entreprises",0.0124378100350596,0.0101165405888608
2011-12-31,"T4-2011",3,0.0724701626422741,1,2,54,2011-09-30,"Administration publique",0.0118385647812136,0.0172665462702692
2011-12-31,"T4-2011",3,0.0724701626422741,1,2,54,2011-09-30,"Éducation-santé",0.00778033398762976,0.00142726573136187
2011-12-31,"T4-2011",3,0.0724701626422741,1,2,54,2011-09-30,"Autres services",0.00651874610538926,0.00644292506942534
2012-03-31,"T1-2012",2,0.0451420264415706,0.5,3,55,2011-12-31,"Agriculture",0.0135818056768187,-0.132440337485301
2012-03-31,"T1-2012",2,0.0451420264415706,0.5,3,55,2011-12-31,"Pêche",-0.000963223284628635,0.025907569027809
2012-03-31,"T1-2012",2,0.0451420264415706,0.5,3,55,2011-12-31,"Industrie d'extraction",0.0142365145897535,-0.0736002952262371
2012-03-31,"T1-2012",2,0.0451420264415706,0.5,3,55,2011-12-31,"Industrie de transformation",0.0101360005865775,0.00541060562860274
2012-03-31,"T1-2012",2,0.0451420264415706,0.5,3,55,2011-12-31,"Électricité, gaz, eau",0.00945113497798326,-0.0982517581837872
2012-03-31,"T1-2012",2,0.0451420264415706,0.5,3,55,2011-12-31,"Construction",0.0130500823912607,0.00944531473745158
2012-03-31,"T1-2012",2,0.0451420264415706,0.5,3,55,2011-12-31,"Commerce",0.0130658881146303,0.00447683996125292
2012-03-31,"T1-2012",2,0.0451420264415706,0.5,3,55,2011-12-31,"Transports",0.0166954203200299,0.0246956786125594
2012-03-31,"T1-2012",2,0.0451420264415706,0.5,3,55,2011-12-31,"Hébergement-restauration",0.00721077036136774,0.00966537410175761
2012-03-31,"T1-2012",2,0.0451420264415706,0.5,3,55,2011-12-31,"Information-communication",0.0191243270271414,0.263985628813137
2012-03-31,"T1-2012",2,0.0451420264415706,0.5,3,55,2011-12-31,"Finances et assurances",0.0156434175095532,-0.00630271920688763
2012-03-31,"T1-2012",2,0.0451420264415706,0.5,3,55,2011-12-31,"Immobilier",0.0125619536482181,0.0192918189669022
2012-03-31,"T1-2012",2,0.0451420264415706,0.5,3,55,2011-12-31,"Services aux entreprises",0.0125220926497694,-0.00185561212020069
2012-03-31,"T1-2012",2,0.0451420264415706,0.5,3,55,2011-12-31,"Administration publique",0.00982969948769618,-0.00532458245816869
2012-03-31,"T1-2012",2,0.0451420264415706,0.5,3,55,2011-12-31,"Éducation-santé",0.00922006080910909,0.0351604146325606
2012-03-31,"T1-2012",2,0.0451420264415706,0.5,3,55,2011-12-31,"Autres services",0.00669016875178803,0.00788335712868182
2012-06-30,"T2-2012",2,0.051020414538736,1,3,56,2012-03-31,"Agriculture",0.0215913446353162,0.0256237625493032
2012-06-30,"T2-2012",2,0.051020414538736,1,3,56,2012-03-31,"Pêche",0.00255419345446073,0.0846525044347635
2012-06-30,"T2-2012",2,0.051020414538736,1,3,56,2012-03-31,"Industrie d'extraction",0.0133055333843818,0.0183173578069056
2012-06-30,"T2-2012",2,0.051020414538736,1,3,56,2012-03-31,"Industrie de transformation",0.00721330930528863,-0.0157956413338525
2012-06-30,"T2-2012",2,0.051020414538736,1,3,56,2012-03-31,"Électricité, gaz, eau",0.0144877955247958,-0.00139975616853683
2012-06-30,"T2-2012",2,0.051020414538736,1,3,56,2012-03-31,"Construction",0.0149482588813095,-0.000579231354755905
2012-06-30,"T2-2012",2,0.051020414538736,1,3,56,2012-03-31,"Commerce",0.00990175002792184,0.0120825385785377
2012-06-30,"T2-2012",2,0.051020414538736,1,3,56,2012-03-31,"Transports",0.0164659376960008,-0.00976062368651753
2012-06-30,"T2-2012",2,0.051020414538736,1,3,56,2012-03-31,"Hébergement-restauration",0.00877072705001364,0.0132453885957222
2012-06-30,"T2-2012",2,0.051020414538736,1,3,56,2012-03-31,"Information-communication",0.0402769063789872,0.02149273583046
2012-06-30,"T2-2012",2,0.051020414538736,1,3,56,2012-03-31,"Finances et assurances",0.0114503043975276,0.0176538532416171
2012-06-30,"T2-2012",2,0.051020414538736,1,3,56,2012-03-31,"Immobilier",0.0128295136582033,0.00339281624161103
2012-06-30,"T2-2012",2,0.051020414538736,1,3,56,2012-03-31,"Services aux entreprises",0.0131849648507531,0.0197749918285623
2012-06-30,"T2-2012",2,0.051020414538736,1,3,56,2012-03-31,"Administration publique",0.00527632943618585,0.0061796528854412
2012-06-30,"T2-2012",2,0.051020414538736,1,3,56,2012-03-31,"Éducation-santé",0.0120963243891129,0.016774779824738
2012-06-30,"T2-2012",2,0.051020414538736,1,3,56,2012-03-31,"Autres services",0.00492756574912866,0.00658798630227153
2012-09-30,"T3-2012",1,0.033539186633066,0.5,2,57,2012-06-30,"Agriculture",0.00941996831799621,0.0205577470122886
2012-09-30,"T3-2012",1,0.033539186633066,0.5,2,57,2012-06-30,"Pêche",0.000729032791320528,0.0589174923930278
2012-09-30,"T3-2012",1,0.033539186633066,0.5,2,57,2012-06-30,"Industrie d'extraction",0.0111989986766239,0.0350456479443277
2012-09-30,"T3-2012",1,0.033539186633066,0.5,2,57,2012-06-30,"Industrie de transformation",0.00910384009224329,-0.00152105279663495
2012-09-30,"T3-2012",1,0.033539186633066,0.5,2,57,2012-06-30,"Électricité, gaz, eau",0.00511255640437192,0.00820900799579505
2012-09-30,"T3-2012",1,0.033539186633066,0.5,2,57,2012-06-30,"Construction",0.0136966700781679,-0.000207460717341235
2012-09-30,"T3-2012",1,0.033539186633066,0.5,2,57,2012-06-30,"Commerce",0.0111604036396629,-0.0184550575530267
2012-09-30,"T3-2012",1,0.033539186633066,0.5,2,57,2012-06-30,"Transports",0.016338979786203,-0.00337423252496549
2012-09-30,"T3-2012",1,0.033539186633066,0.5,2,57,2012-06-30,"Hébergement-restauration",0.00761022602890303,0.0236431243749866
2012-09-30,"T3-2012",1,0.033539186633066,0.5,2,57,2012-06-30,"Information-communication",0.0324898494090761,0.0330741425037786
2012-09-30,"T3-2012",1,0.033539186633066,0.5,2,57,2012-06-30,"Finances et assurances",0.013229955709098,0.00338681497401261
2012-09-30,"T3-2012",1,0.033539186633066,0.5,2,57,2012-06-30,"Immobilier",0.0133640755125954,0.0024368649336175
2012-09-30,"T3-2012",1,0.033539186633066,0.5,2,57,2012-06-30,"Services aux entreprises",0.0124170906819848,0.015264713086335
2012-09-30,"T3-2012",1,0.033539186633066,0.5,2,57,2012-06-30,"Administration publique",0.00927315422369729,0.0266419636747486
2012-09-30,"T3-2012",1,0.033539186633066,0.5,2,57,2012-06-30,"Éducation-santé",0.0108026799958881,0.0220031122379893
2012-09-30,"T3-2012",1,0.033539186633066,0.5,2,57,2012-06-30,"Autres services",0.00604088988656776,0.00638829244164008
2012-12-31,"T4-2012",2,0.0419670980834094,0.5,2,58,2012-09-30,"Agriculture",0.0127889812018614,0.0267258241903878
2012-12-31,"T4-2012",2,0.0419670980834094,0.5,2,58,2012-09-30,"Pêche",0.00678938765770703,0.0989068083874516
2012-12-31,"T4-2012",2,0.0419670980834094,0.5,2,58,2012-09-30,"Industrie d'extraction",0.00872344324264675,0.00129601314153405
2012-12-31,"T4-2012",2,0.0419670980834094,0.5,2,58,2012-09-30,"Industrie de transformation",0.00783872795950751,-0.00600117803558753
2012-12-31,"T4-2012",2,0.0419670980834094,0.5,2,58,2012-09-30,"Électricité, gaz, eau",0.00580655320273789,-0.0274647793676976
2012-12-31,"T4-2012",2,0.0419670980834094,0.5,2,58,2012-09-30,"Construction",0.0139299909679591,0.00810182606710086
2012-12-31,"T4-2012",2,0.0419670980834094,0.5,2,58,2012-09-30,"Commerce",0.0105928548741787,0.0145399312160901
2012-12-31,"T4-2012",2,0.0419670980834094,0.5,2,58,2012-09-30,"Transports",0.0157759935892618,0.00821715613986385
2012-12-31,"T4-2012",2,0.0419670980834094,0.5,2,58,2012-09-30,"Hébergement-restauration",0.00876089777398483,-8.29870599936555e-05
2012-12-31,"T4-2012",2,0.0419670980834094,0.5,2,58,2012-09-30,"Information-communication",0.032377563577441,0.0158541471951583
2012-12-31,"T4-2012",2,0.0419670980834094,0.5,2,58,2012-09-30,"Finances et assurances",0.0128829040893667,0.00211669506602519
2012-12-31,"T4-2012",2,0.0419670980834094,0.5,2,58,2012-09-30,"Immobilier",0.0135518463276959,0.00873522371884405
2012-12-31,"T4-2012",2,0.0419670980834094,0.5,2,58,2012-09-30,"Services aux entreprises",0.013484967394043,0.0176505308953683
2012-12-31,"T4-2012",2,0.0419670980834094,0.5,2,58,2012-09-30,"Administration publique",0.0100078657792499,0.0187127395241387
2012-12-31,"T4-2012",2,0.0419670980834094,0.5,2,58,2012-09-30,"Éducation-santé",0.0106555321890839,0.0180090244982356
2012-12-31,"T4-2012",2,0.0419670980834094,0.5,2,58,2012-09-30,"Autres services",0.00577585177028357,0.00624400394805136
2013-03-31,"T1-2013",3,0.0793799816013838,2,2,59,2012-12-31,"Agriculture",0.0193445674087258,0.0663935474452302
2013-03-31,"T1-2013",3,0.0793799816013838,2,2,59,2012-12-31,"Pêche",-0.00446895246156326,0.271183838783481
2013-03-31,"T1-2013",3,0.0793799816013838,2,2,59,2012-12-31,"Industrie d'extraction",0.0242759555016454,-0.0592292366963552
2013-03-31,"T1-2013",3,0.0793799816013838,2,2,59,2012-12-31,"Industrie de transformation",0.00942227194254505,-0.00389322263739089
2013-03-31,"T1-2013",3,0.0793799816013838,2,2,59,2012-12-31,"Électricité, gaz, eau",0.00755512908541058,0.0508254332779128
2013-03-31,"T1-2013",3,0.0793799816013838,2,2,59,2012-12-31,"Construction",0.0144475428212859,-0.00629335866093506
2013-03-31,"T1-2013",3,0.0793799816013838,2,2,59,2012-12-31,"Commerce",0.00862851750339532,-0.0200995477423849
2013-03-31,"T1-2013",3,0.0793799816013838,2,2,59,2012-12-31,"Transports",0.0143682625294289,-0.0013442768521017
2013-03-31,"T1-2013",3,0.0793799816013838,2,2,59,2012-12-31,"Hébergement-restauration",0.0089638928948685,0.010062191569439
2013-03-31,"T1-2013",3,0.0793799816013838,2,2,59,2012-12-31,"Information-communication",0.0281211751189007,-0.0253951724353634
2013-03-31,"T1-2013",3,0.0793799816013838,2,2,59,2012-12-31,"Finances et assurances",0.0125432776228005,-0.0250691486515962
2013-03-31,"T1-2013",3,0.0793799816013838,2,2,59,2012-12-31,"Immobilier",0.0132695051297426,-0.00571031597637095
2013-03-31,"T1-2013",3,0.0793799816013838,2,2,59,2012-12-31,"Services aux entreprises",0.0127244333282669,-0.018695457555328
2013-03-31,"T1-2013",3,0.0793799816013838,2,2,59,2012-12-31,"Administration publique",0.00586848840751945,0.00251150473908623
2013-03-31,"T1-2013",3,0.0793799816013838,2,2,59,2012-12-31,"Éducation-santé",0.0113836843079886,0.00686820302135871
2013-03-31,"T1-2013",3,0.0793799816013838,2,2,59,2012-12-31,"Autres services",0.00584081989252808,0.00841947122351883
2013-06-30,"T2-2013",2,0.0480463047251898,1.5,3,60,2013-03-31,"Agriculture",0.0128664432248467,0.054282753395734
2013-06-30,"T2-2013",2,0.0480463047251898,1.5,3,60,2013-03-31,"Pêche",0.00349923482385652,-0.175898765367477
2013-06-30,"T2-2013",2,0.0480463047251898,1.5,3,60,2013-03-31,"Industrie d'extraction",0.0312725428651447,0.0211512209579841
2013-06-30,"T2-2013",2,0.0480463047251898,1.5,3,60,2013-03-31,"Industrie de transformation",0.00785963397607978,-0.000402198141355115
2013-06-30,"T2-2013",2,0.0480463047251898,1.5,3,60,2013-03-31,"Électricité, gaz, eau",0.00552428814015486,0.0406946178222913
2013-06-30,"T2-2013",2,0.0480463047251898,1.5,3,60,2013-03-31,"Construction",0.0109867432363707,0.00761958588127776
2013-06-30,"T2-2013",2,0.0480463047251898,1.5,3,60,2013-03-31,"Commerce",0.012472056295295,-0.00583057161648881
2013-06-30,"T2-2013",2,0.0480463047251898,1.5,3,60,2013-03-31,"Transports",0.0163791985248878,0.00372008657546097
2013-06-30,"T2-2013",2,0.0480463047251898,1.5,3,60,2013-03-31,"Hébergement-restauration",0.0113597999693234,0.0211135599708978
2013-06-30,"T2-2013",2,0.0480463047251898,1.5,3,60,2013-03-31,"Information-communication",0.0278025473886709,0.00701747647533857
2013-06-30,"T2-2013",2,0.0480463047251898,1.5,3,60,2013-03-31,"Finances et assurances",0.0089705860567349,0.015777667590406
2013-06-30,"T2-2013",2,0.0480463047251898,1.5,3,60,2013-03-31,"Immobilier",0.00961967441471521,0.00573302376684737
2013-06-30,"T2-2013",2,0.0480463047251898,1.5,3,60,2013-03-31,"Services aux entreprises",0.0106389005251932,0.0107034901913696
2013-06-30,"T2-2013",2,0.0480463047251898,1.5,3,60,2013-03-31,"Administration publique",0.00151802558579008,0.00867739764994191
2013-06-30,"T2-2013",2,0.0480463047251898,1.5,3,60,2013-03-31,"Éducation-santé",0.010957275653076,0.0105211298225836
2013-06-30,"T2-2013",2,0.0480463047251898,1.5,3,60,2013-03-31,"Autres services",0.00627753483279891,0.00497692150959672
2013-09-30,"T3-2013",5,0.112473697935174,2,3,61,2013-06-30,"Agriculture",0.00692993637120873,0.024496414810022
2013-09-30,"T3-2013",5,0.112473697935174,2,3,61,2013-06-30,"Pêche",0.0143829683808855,-0.0235404604374008
2013-09-30,"T3-2013",5,0.112473697935174,2,3,61,2013-06-30,"Industrie d'extraction",0.0205332727041887,0.0033393372883932
2013-09-30,"T3-2013",5,0.112473697935174,2,3,61,2013-06-30,"Industrie de transformation",0.00975128772001006,0.00940779657934065
2013-09-30,"T3-2013",5,0.112473697935174,2,3,61,2013-06-30,"Électricité, gaz, eau",0.00340781438460872,0.0339165871468641
2013-09-30,"T3-2013",5,0.112473697935174,2,3,61,2013-06-30,"Construction",0.014990344400424,0.0188926607367019
2013-09-30,"T3-2013",5,0.112473697935174,2,3,61,2013-06-30,"Commerce",0.0108125828659323,-0.000224933083355694
2013-09-30,"T3-2013",5,0.112473697935174,2,3,61,2013-06-30,"Transports",0.0137598351560177,0.0128517002556894
2013-09-30,"T3-2013",5,0.112473697935174,2,3,61,2013-06-30,"Hébergement-restauration",0.0115514188570156,0.00375080015102469
2013-09-30,"T3-2013",5,0.112473697935174,2,3,61,2013-06-30,"Information-communication",0.0288393362574722,0.0157863426432776
2013-09-30,"T3-2013",5,0.112473697935174,2,3,61,2013-06-30,"Finances et assurances",0.0151981100422132,0.0130811196170004
2013-09-30,"T3-2013",5,0.112473697935174,2,3,61,2013-06-30,"Immobilier",0.0153270016240302,0.0148534040123458
2013-09-30,"T3-2013",5,0.112473697935174,2,3,61,2013-06-30,"Services aux entreprises",0.0119666637871359,0.00838574975246686
2013-09-30,"T3-2013",5,0.112473697935174,2,3,61,2013-06-30,"Administration publique",0.00840624321606278,-0.00509066697857641
2013-09-30,"T3-2013",5,0.112473697935174,2,3,61,2013-06-30,"Éducation-santé",0.0106057602919033,0.00763665815819792
2013-09-30,"T3-2013",5,0.112473697935174,2,3,61,2013-06-30,"Autres services",0.00696454571890901,0.00395868169480273
2013-12-31,"T4-2013",1,0.0375710994525566,0.5,3,62,2013-09-30,"Agriculture",0.00661804332228167,0.00900157000487134
2013-12-31,"T4-2013",1,0.0375710994525566,0.5,3,62,2013-09-30,"Pêche",0.00372541952307574,-0.0620340200010192
2013-12-31,"T4-2013",1,0.0375710994525566,0.5,3,62,2013-09-30,"Industrie d'extraction",0.0164155767785137,0.0267741064989941
2013-12-31,"T4-2013",1,0.0375710994525566,0.5,3,62,2013-09-30,"Industrie de transformation",0.00950285831530689,0.0207392264897024
2013-12-31,"T4-2013",1,0.0375710994525566,0.5,3,62,2013-09-30,"Électricité, gaz, eau",0.00882888909809723,0.00756141187538262
2013-12-31,"T4-2013",1,0.0375710994525566,0.5,3,62,2013-09-30,"Construction",0.0129943383220047,0.00346442716617545
2013-12-31,"T4-2013",1,0.0375710994525566,0.5,3,62,2013-09-30,"Commerce",0.0108250795865582,-0.00220702584124943
2013-12-31,"T4-2013",1,0.0375710994525566,0.5,3,62,2013-09-30,"Transports",0.016166714415938,-0.00300265845184988
2013-12-31,"T4-2013",1,0.0375710994525566,0.5,3,62,2013-09-30,"Hébergement-restauration",0.00874333723504411,0.0126394592829087
2013-12-31,"T4-2013",1,0.0375710994525566,0.5,3,62,2013-09-30,"Information-communication",0.0307845023554027,0.0190821851688376
2013-12-31,"T4-2013",1,0.0375710994525566,0.5,3,62,2013-09-30,"Finances et assurances",0.0135882526806087,0.00803627470383006
2013-12-31,"T4-2013",1,0.0375710994525566,0.5,3,62,2013-09-30,"Immobilier",0.0123046132519092,-0.000537089992267425
2013-12-31,"T4-2013",1,0.0375710994525566,0.5,3,62,2013-09-30,"Services aux entreprises",0.0117749085847781,0.00732914072105828
2013-12-31,"T4-2013",1,0.0375710994525566,0.5,3,62,2013-09-30,"Administration publique",0.00992560443579224,0.00524040120061287
2013-12-31,"T4-2013",1,0.0375710994525566,0.5,3,62,2013-09-30,"Éducation-santé",0.0110352137541408,0.00648026056489925
2013-12-31,"T4-2013",1,0.0375710994525566,0.5,3,62,2013-09-30,"Autres services",0.00637263798346169,0.00290157754032805
2014-03-31,"T1-2014",2,0.037907708462662,0.5,3,63,2013-12-31,"Agriculture",0.0130257386712063,-0.100020803398563
2014-03-31,"T1-2014",2,0.037907708462662,0.5,3,63,2013-12-31,"Pêche",0.00044404753501673,-0.100419389761432
2014-03-31,"T1-2014",2,0.037907708462662,0.5,3,63,2013-12-31,"Industrie d'extraction",0.0172805718863199,0.0229264650541641
2014-03-31,"T1-2014",2,0.037907708462662,0.5,3,63,2013-12-31,"Industrie de transformation",0.00980561032275905,0.0199535007459719
2014-03-31,"T1-2014",2,0.037907708462662,0.5,3,63,2013-12-31,"Électricité, gaz, eau",0.00892319827259175,-0.0462170666108062
2014-03-31,"T1-2014",2,0.037907708462662,0.5,3,63,2013-12-31,"Construction",0.0129587080128944,0.0130961138007901
2014-03-31,"T1-2014",2,0.037907708462662,0.5,3,63,2013-12-31,"Commerce",0.0107423921742862,0.0299606012677813
2014-03-31,"T1-2014",2,0.037907708462662,0.5,3,63,2013-12-31,"Transports",0.0139522927248442,0.00869143787933346
2014-03-31,"T1-2014",2,0.037907708462662,0.5,3,63,2013-12-31,"Hébergement-restauration",0.00945348852826638,0.00637827695661031
2014-03-31,"T1-2014",2,0.037907708462662,0.5,3,63,2013-12-31,"Information-communication",0.0306740820954342,-0.0179938045313186
2014-03-31,"T1-2014",2,0.037907708462662,0.5,3,63,2013-12-31,"Finances et assurances",0.0132984975231098,-0.00657198480570287
2014-03-31,"T1-2014",2,0.037907708462662,0.5,3,63,2013-12-31,"Immobilier",0.0119467396285505,0.0222747310966174
2014-03-31,"T1-2014",2,0.037907708462662,0.5,3,63,2013-12-31,"Services aux entreprises",0.0118940942621541,-0.0449104851464153
2014-03-31,"T1-2014",2,0.037907708462662,0.5,3,63,2013-12-31,"Administration publique",0.0115513445054228,0.00986466208178349
2014-03-31,"T1-2014",2,0.037907708462662,0.5,3,63,2013-12-31,"Éducation-santé",0.011296240947684,0.000588457399388176
2014-03-31,"T1-2014",2,0.037907708462662,0.5,3,63,2013-12-31,"Autres services",0.00621430970738345,0.000152481638963309
2014-06-30,"T2-2014",4,0.0495413665346572,0.5,2,64,2014-03-31,"Agriculture",0.0175030651021184,0.0364714396168857
2014-06-30,"T2-2014",4,0.0495413665346572,0.5,2,64,2014-03-31,"Pêche",-0.000999570503781654,0.238884348531972
2014-06-30,"T2-2014",4,0.0495413665346572,0.5,2,64,2014-03-31,"Industrie d'extraction",0.017278995762863,-0.00618613651727884
2014-06-30,"T2-2014",4,0.0495413665346572,0.5,2,64,2014-03-31,"Industrie de transformation",0.00976839603108851,0.0134903455131372
2014-06-30,"T2-2014",4,0.0495413665346572,0.5,2,64,2014-03-31,"Électricité, gaz, eau",0.0146477094499805,0.0332147863217731
2014-06-30,"T2-2014",4,0.0495413665346572,0.5,2,64,2014-03-31,"Construction",0.0135342524661724,0.00447736474689187
2014-06-30,"T2-2014",4,0.0495413665346572,0.5,2,64,2014-03-31,"Commerce",0.0113431434777973,0.00951978546845211
2014-06-30,"T2-2014",4,0.0495413665346572,0.5,2,64,2014-03-31,"Transports",0.0141536051730765,0.028015303409596
2014-06-30,"T2-2014",4,0.0495413665346572,0.5,2,64,2014-03-31,"Hébergement-restauration",0.00983910294422055,0.0579051413275486
2014-06-30,"T2-2014",4,0.0495413665346572,0.5,2,64,2014-03-31,"Information-communication",0.0294778338878449,0.0185608138362312
2014-06-30,"T2-2014",4,0.0495413665346572,0.5,2,64,2014-03-31,"Finances et assurances",0.0140681567625369,0.00979204446059612
2014-06-30,"T2-2014",4,0.0495413665346572,0.5,2,64,2014-03-31,"Immobilier",0.0122596909319343,-0.00347586163623959
2014-06-30,"T2-2014",4,0.0495413665346572,0.5,2,64,2014-03-31,"Services aux entreprises",0.00973879881204478,0.0494666289321355
2014-06-30,"T2-2014",4,0.0495413665346572,0.5,2,64,2014-03-31,"Administration publique",0.0130082035071173,0.00804065354743422
2014-06-30,"T2-2014",4,0.0495413665346572,0.5,2,64,2014-03-31,"Éducation-santé",0.0106600140759994,0.00139425050418929
2014-06-30,"T2-2014",4,0.0495413665346572,0.5,2,64,2014-03-31,"Autres services",0.00557555629326804,0.000558900504858073
2014-09-30,"T3-2014",4,0.0495917427034186,0.5,3,65,2014-06-30,"Agriculture",0.00225184627887035,0.0235744177595567
2014-09-30,"T3-2014",4,0.0495917427034186,0.5,3,65,2014-06-30,"Pêche",-0.0140790872750741,-0.0842585990548885
2014-09-30,"T3-2014",4,0.0495917427034186,0.5,3,65,2014-06-30,"Industrie d'extraction",0.018847408104959,-0.015888470256332
2014-09-30,"T3-2014",4,0.0495917427034186,0.5,3,65,2014-06-30,"Industrie de transformation",0.00956973110133947,0.00323811979902189
2014-09-30,"T3-2014",4,0.0495917427034186,0.5,3,65,2014-06-30,"Électricité, gaz, eau",0.00788023198356382,-0.00679393605210521
2014-09-30,"T3-2014",4,0.0495917427034186,0.5,3,65,2014-06-30,"Construction",0.0139608835007986,-0.000619901584931526
2014-09-30,"T3-2014",4,0.0495917427034186,0.5,3,65,2014-06-30,"Commerce",0.00841997445921111,-0.0115603603846139
2014-09-30,"T3-2014",4,0.0495917427034186,0.5,3,65,2014-06-30,"Transports",0.0131550204147149,-0.00329148743112206
2014-09-30,"T3-2014",4,0.0495917427034186,0.5,3,65,2014-06-30,"Hébergement-restauration",0.00486007960335512,-0.100719732558025
2014-09-30,"T3-2014",4,0.0495917427034186,0.5,3,65,2014-06-30,"Information-communication",0.0263629773244093,0.031275663358036
2014-09-30,"T3-2014",4,0.0495917427034186,0.5,3,65,2014-06-30,"Finances et assurances",0.0146312688234217,0.0108712876306072
2014-09-30,"T3-2014",4,0.0495917427034186,0.5,3,65,2014-06-30,"Immobilier",0.0128905081004547,-0.00217718876892725
2014-09-30,"T3-2014",4,0.0495917427034186,0.5,3,65,2014-06-30,"Services aux entreprises",0.00966649435819523,0.034287117857092
2014-09-30,"T3-2014",4,0.0495917427034186,0.5,3,65,2014-06-30,"Administration publique",0.0124849080045487,0.00828594872622368
2014-09-30,"T3-2014",4,0.0495917427034186,0.5,3,65,2014-06-30,"Éducation-santé",0.0103401038674202,0.00154285344149763
2014-09-30,"T3-2014",4,0.0495917427034186,0.5,3,65,2014-06-30,"Autres services",0.0060901247126098,0.00162411851159838
2014-12-31,"T4-2014",2,0.0457670340698818,2,3,66,2014-09-30,"Agriculture",0.0200060122948302,0.0253025688850634
2014-12-31,"T4-2014",2,0.0457670340698818,2,3,66,2014-09-30,"Pêche",-0.00560863183832511,0.0971925333013068
2014-12-31,"T4-2014",2,0.0457670340698818,2,3,66,2014-09-30,"Industrie d'extraction",0.0294840370491735,-0.0298633941618487
2014-12-31,"T4-2014",2,0.0457670340698818,2,3,66,2014-09-30,"Industrie de transformation",0.00953185613182733,-0.0476741243890952
2014-12-31,"T4-2014",2,0.0457670340698818,2,3,66,2014-09-30,"Électricité, gaz, eau",0.00858555759323919,-0.00857021450047135
2014-12-31,"T4-2014",2,0.0457670340698818,2,3,66,2014-09-30,"Construction",0.0135108994581792,-0.0170090243189662
2014-12-31,"T4-2014",2,0.0457670340698818,2,3,66,2014-09-30,"Commerce",0.00839443354473628,-0.0494865182085977
2014-12-31,"T4-2014",2,0.0457670340698818,2,3,66,2014-09-30,"Transports",0.0142599898517394,0.00554226208478248
2014-12-31,"T4-2014",2,0.0457670340698818,2,3,66,2014-09-30,"Hébergement-restauration",0.0127718705720377,0.0187926552611444
2014-12-31,"T4-2014",2,0.0457670340698818,2,3,66,2014-09-30,"Information-communication",0.0275667649108956,0.038634291236642
2014-12-31,"T4-2014",2,0.0457670340698818,2,3,66,2014-09-30,"Finances et assurances",0.0121648395804871,0.00817212302553116
2014-12-31,"T4-2014",2,0.0457670340698818,2,3,66,2014-09-30,"Immobilier",0.0121689724626345,-0.00175178666395936
2014-12-31,"T4-2014",2,0.0457670340698818,2,3,66,2014-09-30,"Services aux entreprises",0.0107150501366471,0.00589867461622262
2014-12-31,"T4-2014",2,0.0457670340698818,2,3,66,2014-09-30,"Administration publique",0.0111809584076533,0.00852466054544543
2014-12-31,"T4-2014",2,0.0457670340698818,2,3,66,2014-09-30,"Éducation-santé",0.0110268331130846,0.00169594854263799
2014-12-31,"T4-2014",2,0.0457670340698818,2,3,66,2014-09-30,"Autres services",0.0063658094775643,0.00273473278914338
2015-03-31,"T1-2015",2,0.04302464760819,2,3,67,2014-12-31,"Agriculture",0.0108141041806088,0.0521449979479787
2015-03-31,"T1-2015",2,0.04302464760819,2,3,67,2014-12-31,"Pêche",-0.00244108431895587,-0.0182664312630081
2015-03-31,"T1-2015",2,0.04302464760819,2,3,67,2014-12-31,"Industrie d'extraction",0.0306349108556698,0.00890133635762247
2015-03-31,"T1-2015",2,0.04302464760819,2,3,67,2014-12-31,"Industrie de transformation",0.00850045489962514,0.0304379715047673
2015-03-31,"T1-2015",2,0.04302464760819,2,3,67,2014-12-31,"Électricité, gaz, eau",0.00884921238223348,0.0437145225973961
2015-03-31,"T1-2015",2,0.04302464760819,2,3,67,2014-12-31,"Construction",0.0119242811701445,-0.00530943948553997
2015-03-31,"T1-2015",2,0.04302464760819,2,3,67,2014-12-31,"Commerce",0.00618332612570919,0.0315083401930245
2015-03-31,"T1-2015",2,0.04302464760819,2,3,67,2014-12-31,"Transports",0.0140194057609696,0.0274647989726873
2015-03-31,"T1-2015",2,0.04302464760819,2,3,67,2014-12-31,"Hébergement-restauration",0.0117067939875733,0.0127819913735721
2015-03-31,"T1-2015",2,0.04302464760819,2,3,67,2014-12-31,"Information-communication",0.024933012824293,0.00404829052809141
2015-03-31,"T1-2015",2,0.04302464760819,2,3,67,2014-12-31,"Finances et assurances",0.0121945974410465,0.0025733872860485
2015-03-31,"T1-2015",2,0.04302464760819,2,3,67,2014-12-31,"Immobilier",0.0114885194562888,0.000110265740545401
2015-03-31,"T1-2015",2,0.04302464760819,2,3,67,2014-12-31,"Services aux entreprises",0.0116289708974473,0.0275292125963489
2015-03-31,"T1-2015",2,0.04302464760819,2,3,67,2014-12-31,"Administration publique",0.000481889659410836,0.00875673417691658
2015-03-31,"T1-2015",2,0.04302464760819,2,3,67,2014-12-31,"Éducation-santé",0.0105437106579427,0.00184308945596356
2015-03-31,"T1-2015",2,0.04302464760819,2,3,67,2014-12-31,"Autres services",0.00538846623775336,0.00381106678856646
2015-06-30,"T2-2015",1,0.0294977680100901,0.5,2,68,2015-03-31,"Agriculture",0.00817656924350645,0.0317672490600582
2015-06-30,"T2-2015",1,0.0294977680100901,0.5,2,68,2015-03-31,"Pêche",0.00365731835177571,0.0112681719167798
2015-06-30,"T2-2015",1,0.0294977680100901,0.5,2,68,2015-03-31,"Industrie d'extraction",0.0117541769572229,0.0247954892566806
2015-06-30,"T2-2015",1,0.0294977680100901,0.5,2,68,2015-03-31,"Industrie de transformation",0.00792302098410826,0.0194938047357773
2015-06-30,"T2-2015",1,0.0294977680100901,0.5,2,68,2015-03-31,"Électricité, gaz, eau",0.0100129920168948,0.00610525562054143
2015-06-30,"T2-2015",1,0.0294977680100901,0.5,2,68,2015-03-31,"Construction",0.0111879956953914,0.0209819845460189
2015-06-30,"T2-2015",1,0.0294977680100901,0.5,2,68,2015-03-31,"Commerce",0.00771943368934421,0.0159370922398132
2015-06-30,"T2-2015",1,0.0294977680100901,0.5,2,68,2015-03-31,"Transports",0.0130427995271564,0.0238870417103634
2015-06-30,"T2-2015",1,0.0294977680100901,0.5,2,68,2015-03-31,"Hébergement-restauration",0.00659599488759563,0.0151974154132208
2015-06-30,"T2-2015",1,0.0294977680100901,0.5,2,68,2015-03-31,"Information-communication",0.0290107895641515,-0.0211948620280431
2015-06-30,"T2-2015",1,0.0294977680100901,0.5,2,68,2015-03-31,"Finances et assurances",0.012426105066098,-0.000283635140750249
2015-06-30,"T2-2015",1,0.0294977680100901,0.5,2,68,2015-03-31,"Immobilier",0.0110016509265868,0.00268122505899093
2015-06-30,"T2-2015",1,0.0294977680100901,0.5,2,68,2015-03-31,"Services aux entreprises",0.011389402737841,0.0292942097996889
2015-06-30,"T2-2015",1,0.0294977680100901,0.5,2,68,2015-03-31,"Administration publique",0.00932494897139901,0.00898212868578696
2015-06-30,"T2-2015",1,0.0294977680100901,0.5,2,68,2015-03-31,"Éducation-santé",0.0101014001090094,0.00199457500565536
2015-06-30,"T2-2015",1,0.0294977680100901,0.5,2,68,2015-03-31,"Autres services",0.00574025857158791,0.00485004783011078
2015-09-30,"T3-2015",3,0.064983932416585,1.5,2,69,2015-06-30,"Agriculture",0.00903393990976414,0.0329272719732145
2015-09-30,"T3-2015",3,0.064983932416585,1.5,2,69,2015-06-30,"Pêche",-0.000999300630460134,-0.0240378912771044
2015-09-30,"T3-2015",3,0.064983932416585,1.5,2,69,2015-06-30,"Industrie d'extraction",0.0121890669862214,0.0237021448250037
2015-09-30,"T3-2015",3,0.064983932416585,1.5,2,69,2015-06-30,"Industrie de transformation",0.0085700197758126,0.00620713596259748
2015-09-30,"T3-2015",3,0.064983932416585,1.5,2,69,2015-06-30,"Électricité, gaz, eau",0.0117712031787603,0.0103469379268244
2015-09-30,"T3-2015",3,0.064983932416585,1.5,2,69,2015-06-30,"Construction",0.0120684962486412,0.0115194109871428
2015-09-30,"T3-2015",3,0.064983932416585,1.5,2,69,2015-06-30,"Commerce",0.00742562113757371,-0.0019131817420277
2015-09-30,"T3-2015",3,0.064983932416585,1.5,2,69,2015-06-30,"Transports",0.0139908746054988,-0.000400525138307017
2015-09-30,"T3-2015",3,0.064983932416585,1.5,2,69,2015-06-30,"Hébergement-restauration",0.0043976729383019,-0.0394942050942486
2015-09-30,"T3-2015",3,0.064983932416585,1.5,2,69,2015-06-30,"Information-communication",0.0252990436434834,-0.0255461304946749
2015-09-30,"T3-2015",3,0.064983932416585,1.5,2,69,2015-06-30,"Finances et assurances",0.0129537372037148,0.00555168992811517
2015-09-30,"T3-2015",3,0.064983932416585,1.5,2,69,2015-06-30,"Immobilier",0.0111695819997516,0.00388518358887602
2015-09-30,"T3-2015",3,0.064983932416585,1.5,2,69,2015-06-30,"Services aux entreprises",0.0113367079977479,0.0116303474886887
2015-09-30,"T3-2015",3,0.064983932416585,1.5,2,69,2015-06-30,"Administration publique",0.0129791940879823,0.0091965507824483
2015-09-30,"T3-2015",3,0.064983932416585,1.5,2,69,2015-06-30,"Éducation-santé",0.00887015860159515,0.00213999787741948
2015-09-30,"T3-2015",3,0.064983932416585,1.5,2,69,2015-06-30,"Autres services",0.0059251407394682,0.00592375852744276
2015-12-31,"T4-2015",1,0.0287739387821133,0.5,2,70,2015-09-30,"Agriculture",0.0118177215761837,0.00507799922861274
2015-12-31,"T4-2015",1,0.0287739387821133,0.5,2,70,2015-09-30,"Pêche",0.00655587352674376,0.0711997243889542
2015-12-31,"T4-2015",1,0.0287739387821133,0.5,2,70,2015-09-30,"Industrie d'extraction",0.010453219933241,-0.00879815197435896
2015-12-31,"T4-2015",1,0.0287739387821133,0.5,2,70,2015-09-30,"Industrie de transformation",0.00777741202381764,-0.00664650552544366
2015-12-31,"T4-2015",1,0.0287739387821133,0.5,2,70,2015-09-30,"Électricité, gaz, eau",0.00907087004314348,-0.00455943213512988
2015-12-31,"T4-2015",1,0.0287739387821133,0.5,2,70,2015-09-30,"Construction",0.0114004814166324,0.032079368271992
2015-12-31,"T4-2015",1,0.0287739387821133,0.5,2,70,2015-09-30,"Commerce",0.00779999199756191,0.00735412998310103
2015-12-31,"T4-2015",1,0.0287739387821133,0.5,2,70,2015-09-30,"Transports",0.0142004949137126,0.0136274565391865
2015-12-31,"T4-2015",1,0.0287739387821133,0.5,2,70,2015-09-30,"Hébergement-restauration",0.0082287362069184,0.0175488642456987
2015-12-31,"T4-2015",1,0.0287739387821133,0.5,2,70,2015-09-30,"Information-communication",0.0270583617600648,-0.0117556566679973
2015-12-31,"T4-2015",1,0.0287739387821133,0.5,2,70,2015-09-30,"Finances et assurances",0.0117430605231681,0.0216448096360278
2015-12-31,"T4-2015",1,0.0287739387821133,0.5,2,70,2015-09-30,"Immobilier",0.0108555173180894,0.00438830891148179
2015-12-31,"T4-2015",1,0.0287739387821133,0.5,2,70,2015-09-30,"Services aux entreprises",0.0119273952020735,0.0186346447296248
2015-12-31,"T4-2015",1,0.0287739387821133,0.5,2,70,2015-09-30,"Administration publique",0.0106384566284994,0.00941282320647119
2015-12-31,"T4-2015",1,0.0287739387821133,0.5,2,70,2015-09-30,"Éducation-santé",0.00971708120488457,0.00228961976586284
2015-12-31,"T4-2015",1,0.0287739387821133,0.5,2,70,2015-09-30,"Autres services",0.00589594460683191,0.00692886434659279
2016-03-31,"T1-2016",5,0.0981740591483579,1.5,2,71,2015-12-31,"Agriculture",0.0112290717315121,-0.265832646674593
2016-03-31,"T1-2016",5,0.0981740591483579,1.5,2,71,2015-12-31,"Pêche",-0.00439795316152736,0.0522788830555712
2016-03-31,"T1-2016",5,0.0981740591483579,1.5,2,71,2015-12-31,"Industrie d'extraction",0.00911586608716397,0.0161383433235596
2016-03-31,"T1-2016",5,0.0981740591483579,1.5,2,71,2015-12-31,"Industrie de transformation",0.0110257820609607,-0.00323991776717136
2016-03-31,"T1-2016",5,0.0981740591483579,1.5,2,71,2015-12-31,"Électricité, gaz, eau",0.010328303361933,0.000155955147615572
2016-03-31,"T1-2016",5,0.0981740591483579,1.5,2,71,2015-12-31,"Construction",0.0130882506551527,0.0187855153946899
2016-03-31,"T1-2016",5,0.0981740591483579,1.5,2,71,2015-12-31,"Commerce",0.00901624417504578,-0.0158055279342868
2016-03-31,"T1-2016",5,0.0981740591483579,1.5,2,71,2015-12-31,"Transports",0.0180787374977578,-0.00224188236103728
2016-03-31,"T1-2016",5,0.0981740591483579,1.5,2,71,2015-12-31,"Hébergement-restauration",0.00320641508772281,0.00665704009847978
2016-03-31,"T1-2016",5,0.0981740591483579,1.5,2,71,2015-12-31,"Information-communication",0.0189489553539417,0.0441187349800902
2016-03-31,"T1-2016",5,0.0981740591483579,1.5,2,71,2015-12-31,"Finances et assurances",0.0153764876598674,0.0116644403276638
2016-03-31,"T1-2016",5,0.0981740591483579,1.5,2,71,2015-12-31,"Immobilier",0.0105438032446352,0.0126521894411589
2016-03-31,"T1-2016",5,0.0981740591483579,1.5,2,71,2015-12-31,"Services aux entreprises",0.0132128953902703,0.0323913521307642
2016-03-31,"T1-2016",5,0.0981740591483579,1.5,2,71,2015-12-31,"Administration publique",0.0084350538206756,0.01018293355291
2016-03-31,"T1-2016",5,0.0981740591483579,1.5,2,71,2015-12-31,"Éducation-santé",0.0080534187034821,0.00257149378081323
2016-03-31,"T1-2016",5,0.0981740591483579,1.5,2,71,2015-12-31,"Autres services",0.00670559593484941,0.012518455187994
2016-06-30,"T2-2016",5,0.0682730794419049,1,4,72,2016-03-31,"Agriculture",0.0119608349124837,0.00748113104625325
2016-06-30,"T2-2016",5,0.0682730794419049,1,4,72,2016-03-31,"Pêche",-0.00454193895761413,-0.0692837716719641
2016-06-30,"T2-2016",5,0.0682730794419049,1,4,72,2016-03-31,"Industrie d'extraction",0.0207324617336401,-0.0163339493026129
2016-06-30,"T2-2016",5,0.0682730794419049,1,4,72,2016-03-31,"Industrie de transformation",0.00857876891199688,-0.00999549769479913
2016-06-30,"T2-2016",5,0.0682730794419049,1,4,72,2016-03-31,"Électricité, gaz, eau",0.0044390794189665,-0.017175634556283
2016-06-30,"T2-2016",5,0.0682730794419049,1,4,72,2016-03-31,"Construction",0.012669329199756,-0.00501930687227414
2016-06-30,"T2-2016",5,0.0682730794419049,1,4,72,2016-03-31,"Commerce",0.00830763453854398,0.0133516373977667
2016-06-30,"T2-2016",5,0.0682730794419049,1,4,72,2016-03-31,"Transports",0.0171810686543806,-0.0304162214184824
2016-06-30,"T2-2016",5,0.0682730794419049,1,4,72,2016-03-31,"Hébergement-restauration",0.00481813281520201,-0.00832824764845164
2016-06-30,"T2-2016",5,0.0682730794419049,1,4,72,2016-03-31,"Information-communication",0.0270369741459753,0.0324311797721624
2016-06-30,"T2-2016",5,0.0682730794419049,1,4,72,2016-03-31,"Finances et assurances",0.0151314048367449,0.0132480316692885
2016-06-30,"T2-2016",5,0.0682730794419049,1,4,72,2016-03-31,"Immobilier",0.0110146916742121,0.00642440146184065
2016-06-30,"T2-2016",5,0.0682730794419049,1,4,72,2016-03-31,"Services aux entreprises",0.0135096750169478,-0.0113751292368818
2016-06-30,"T2-2016",5,0.0682730794419049,1,4,72,2016-03-31,"Administration publique",0.00755297490648491,0.00958323495247093
2016-06-30,"T2-2016",5,0.0682730794419049,1,4,72,2016-03-31,"Éducation-santé",0.00883949202899442,0.00252399334302567
2016-06-30,"T2-2016",5,0.0682730794419049,1,4,72,2016-03-31,"Autres services",0.00776251781755857,0.00708713284092255
2016-09-30,"T3-2016",2,0.0321346887442277,1,4,73,2016-06-30,"Agriculture",0.0110047042272691,0.0239103237598961
2016-09-30,"T3-2016",2,0.0321346887442277,1,4,73,2016-06-30,"Pêche",0.00507426860234367,-0.0707389562407208
2016-09-30,"T3-2016",2,0.0321346887442277,1,4,73,2016-06-30,"Industrie d'extraction",0.0185937502493746,0.0218474503756241
2016-09-30,"T3-2016",2,0.0321346887442277,1,4,73,2016-06-30,"Industrie de transformation",0.00809640328148517,0.0228243332255111
2016-09-30,"T3-2016",2,0.0321346887442277,1,4,73,2016-06-30,"Électricité, gaz, eau",0.00927168715997263,0.0711460023338066
2016-09-30,"T3-2016",2,0.0321346887442277,1,4,73,2016-06-30,"Construction",0.011636632309017,-0.00562759321653061
2016-09-30,"T3-2016",2,0.0321346887442277,1,4,73,2016-06-30,"Commerce",0.00918927208823553,0.0267524972525734
2016-09-30,"T3-2016",2,0.0321346887442277,1,4,73,2016-06-30,"Transports",0.0140168719932552,0.0405851512318183
2016-09-30,"T3-2016",2,0.0321346887442277,1,4,73,2016-06-30,"Hébergement-restauration",0.010002523529641,0.0560471819745558
2016-09-30,"T3-2016",2,0.0321346887442277,1,4,73,2016-06-30,"Information-communication",0.0256629501505232,0.0156993215704908
2016-09-30,"T3-2016",2,0.0321346887442277,1,4,73,2016-06-30,"Finances et assurances",0.0116688289538044,0.0406230501366736
2016-09-30,"T3-2016",2,0.0321346887442277,1,4,73,2016-06-30,"Immobilier",0.0105398068682385,0.00538883523628364
2016-09-30,"T3-2016",2,0.0321346887442277,1,4,73,2016-06-30,"Services aux entreprises",0.0123391851435591,0.01825476325042
2016-09-30,"T3-2016",2,0.0321346887442277,1,4,73,2016-06-30,"Administration publique",0.0065432910769386,0.00955792913052633
2016-09-30,"T3-2016",2,0.0321346887442277,1,4,73,2016-06-30,"Éducation-santé",0.00958011387396573,0.00260944091079018
2016-09-30,"T3-2016",2,0.0321346887442277,1,4,73,2016-06-30,"Autres services",0.00609579449240936,0.00628993751704598
2016-12-31,"T4-2016",3,0.0532340376104832,2,4,74,2016-09-30,"Agriculture",-0.00511833500923946,0.00479642186034113
2016-12-31,"T4-2016",3,0.0532340376104832,2,4,74,2016-09-30,"Pêche",-0.00261749375662086,0.100756292896915
2016-12-31,"T4-2016",3,0.0532340376104832,2,4,74,2016-09-30,"Industrie d'extraction",0.00914133792422436,0.025849664713844
2016-12-31,"T4-2016",3,0.0532340376104832,2,4,74,2016-09-30,"Industrie de transformation",0.0112113175746548,0.0116788252925897
2016-12-31,"T4-2016",3,0.0532340376104832,2,4,74,2016-09-30,"Électricité, gaz, eau",0.00588625183696977,-0.0359660643263187
2016-12-31,"T4-2016",3,0.0532340376104832,2,4,74,2016-09-30,"Construction",0.0124515873959961,-0.0052620417260254
2016-12-31,"T4-2016",3,0.0532340376104832,2,4,74,2016-09-30,"Commerce",0.0113671150462135,0.0309847865136277
2016-12-31,"T4-2016",3,0.0532340376104832,2,4,74,2016-09-30,"Transports",0.0132038186697193,-0.000806231998783602
2016-12-31,"T4-2016",3,0.0532340376104832,2,4,74,2016-09-30,"Hébergement-restauration",0.00120753395646334,0.0195963775895027
2016-12-31,"T4-2016",3,0.0532340376104832,2,4,74,2016-09-30,"Information-communication",0.0248261038010425,0.0119540679681371
2016-12-31,"T4-2016",3,0.0532340376104832,2,4,74,2016-09-30,"Finances et assurances",0.0141647063806995,-0.0101673768515305
2016-12-31,"T4-2016",3,0.0532340376104832,2,4,74,2016-09-30,"Immobilier",0.0114911565933515,0.00381329164235744
2016-12-31,"T4-2016",3,0.0532340376104832,2,4,74,2016-09-30,"Services aux entreprises",0.0127637066778417,0.010270120493173
2016-12-31,"T4-2016",3,0.0532340376104832,2,4,74,2016-09-30,"Administration publique",0.00356216424432677,0.00952841308478547
2016-12-31,"T4-2016",3,0.0532340376104832,2,4,74,2016-09-30,"Éducation-santé",0.00912414324080029,0.00269929065641428
2016-12-31,"T4-2016",3,0.0532340376104832,2,4,74,2016-09-30,"Autres services",0.00604188489680369,0.00550740320163534
2017-03-31,"T1-2017",5,0.0617030597500906,1,4,75,2016-12-31,"Agriculture",0.0259132369351288,0.156411418832823
2017-03-31,"T1-2017",5,0.0617030597500906,1,4,75,2016-12-31,"Pêche",-0.000108959568785388,-0.0981301116583815
2017-03-31,"T1-2017",5,0.0617030597500906,1,4,75,2016-12-31,"Industrie d'extraction",0.0156424128408559,0.0185128254497453
2017-03-31,"T1-2017",5,0.0617030597500906,1,4,75,2016-12-31,"Industrie de transformation",0.00644319385401934,0.00953178833632684
2017-03-31,"T1-2017",5,0.0617030597500906,1,4,75,2016-12-31,"Électricité, gaz, eau",0.00956577654612547,-0.00716286993772819
2017-03-31,"T1-2017",5,0.0617030597500906,1,4,75,2016-12-31,"Construction",0.0105025955245449,0.0132064022878779
2017-03-31,"T1-2017",5,0.0617030597500906,1,4,75,2016-12-31,"Commerce",0.00984818921105807,0.00917546195855401
2017-03-31,"T1-2017",5,0.0617030597500906,1,4,75,2016-12-31,"Transports",0.0132584575868841,0.00525061131594917
2017-03-31,"T1-2017",5,0.0617030597500906,1,4,75,2016-12-31,"Hébergement-restauration",0.00711099636681498,0.0277996430464089
2017-03-31,"T1-2017",5,0.0617030597500906,1,4,75,2016-12-31,"Information-communication",0.0197339213365438,-0.074924310117952
2017-03-31,"T1-2017",5,0.0617030597500906,1,4,75,2016-12-31,"Finances et assurances",0.0102546490414968,0.00552692213443429
2017-03-31,"T1-2017",5,0.0617030597500906,1,4,75,2016-12-31,"Immobilier",0.00909726026256174,0.000111312238896488
2017-03-31,"T1-2017",5,0.0617030597500906,1,4,75,2016-12-31,"Services aux entreprises",0.0112440632646464,0.00638804951572425
2017-03-31,"T1-2017",5,0.0617030597500906,1,4,75,2016-12-31,"Administration publique",0.0095015240823466,0.00934988939090076
2017-03-31,"T1-2017",5,0.0617030597500906,1,4,75,2016-12-31,"Éducation-santé",0.00835532358556382,-0.00175625743508867
2017-03-31,"T1-2017",5,0.0617030597500906,1,4,75,2016-12-31,"Autres services",0.00553870149445065,0.00347160221771858
2017-06-30,"T2-2017",3,0.0463282807858714,1.5,4,76,2017-03-31,"Agriculture",0.00598885526714524,0.031215998995707
2017-06-30,"T2-2017",3,0.0463282807858714,1.5,4,76,2017-03-31,"Pêche",0.00498932814816059,-0.0199501670707116
2017-06-30,"T2-2017",3,0.0463282807858714,1.5,4,76,2017-03-31,"Industrie d'extraction",0.0133271099000362,0.0955083840143161
2017-06-30,"T2-2017",3,0.0463282807858714,1.5,4,76,2017-03-31,"Industrie de transformation",0.00926156447049259,0.0149267146411702
2017-06-30,"T2-2017",3,0.0463282807858714,1.5,4,76,2017-03-31,"Électricité, gaz, eau",0.00916374339825512,0.0253000677575166
2017-06-30,"T2-2017",3,0.0463282807858714,1.5,4,76,2017-03-31,"Construction",0.0117889777110755,0.000867405836450175
2017-06-30,"T2-2017",3,0.0463282807858714,1.5,4,76,2017-03-31,"Commerce",0.0104128510203937,-0.00349218376741867
2017-06-30,"T2-2017",3,0.0463282807858714,1.5,4,76,2017-03-31,"Transports",0.0147036017529837,-0.00885390403460029
2017-06-30,"T2-2017",3,0.0463282807858714,1.5,4,76,2017-03-31,"Hébergement-restauration",0.00856153945787162,0.0278215922434324
2017-06-30,"T2-2017",3,0.0463282807858714,1.5,4,76,2017-03-31,"Information-communication",0.0183625545990811,0.0264960645184544
2017-06-30,"T2-2017",3,0.0463282807858714,1.5,4,76,2017-03-31,"Finances et assurances",0.0116480143021699,0.0236163865511507
2017-06-30,"T2-2017",3,0.0463282807858714,1.5,4,76,2017-03-31,"Immobilier",0.0106465078471458,0.00532846857096558
2017-06-30,"T2-2017",3,0.0463282807858714,1.5,4,76,2017-03-31,"Services aux entreprises",0.0125838013293837,0.0274268507273003
2017-06-30,"T2-2017",3,0.0463282807858714,1.5,4,76,2017-03-31,"Administration publique",0.00835183205230569,0.00953455004764514
2017-06-30,"T2-2017",3,0.0463282807858714,1.5,4,76,2017-03-31,"Éducation-santé",0.00752054636947912,0.00470187237935704
2017-06-30,"T2-2017",3,0.0463282807858714,1.5,4,76,2017-03-31,"Autres services",0.00593731702704677,0.00448324306986159
2017-09-30,"T3-2017",2,0.0347342071879201,1.5,4,77,2017-06-30,"Agriculture",0.00862831113148479,-0.001589953838673
2017-09-30,"T3-2017",2,0.0347342071879201,1.5,4,77,2017-06-30,"Pêche",0.00203090303419007,0.0209332096664658
2017-09-30,"T3-2017",2,0.0347342071879201,1.5,4,77,2017-06-30,"Industrie d'extraction",0.0119669733443149,-0.0311769033996843
2017-09-30,"T3-2017",2,0.0347342071879201,1.5,4,77,2017-06-30,"Industrie de transformation",0.00906628533060474,-0.0114616897126858
2017-09-30,"T3-2017",2,0.0347342071879201,1.5,4,77,2017-06-30,"Électricité, gaz, eau",0.00714456804040103,0.0048164662893857
2017-09-30,"T3-2017",2,0.0347342071879201,1.5,4,77,2017-06-30,"Construction",0.0114155714823311,0.017936616006887
2017-09-30,"T3-2017",2,0.0347342071879201,1.5,4,77,2017-06-30,"Commerce",0.00960355702342151,-0.0111426180419461
2017-09-30,"T3-2017",2,0.0347342071879201,1.5,4,77,2017-06-30,"Transports",0.0125345159048235,0.00323264375167831
2017-09-30,"T3-2017",2,0.0347342071879201,1.5,4,77,2017-06-30,"Hébergement-restauration",0.00691199529715454,0.0102951493030083
2017-09-30,"T3-2017",2,0.0347342071879201,1.5,4,77,2017-06-30,"Information-communication",0.0239692053012145,0.0150230359818178
2017-09-30,"T3-2017",2,0.0347342071879201,1.5,4,77,2017-06-30,"Finances et assurances",0.0130385624814541,-0.00152331413688955
2017-09-30,"T3-2017",2,0.0347342071879201,1.5,4,77,2017-06-30,"Immobilier",0.0109490483310259,0.00538413091038592
2017-09-30,"T3-2017",2,0.0347342071879201,1.5,4,77,2017-06-30,"Services aux entreprises",0.01237106162297,0.0076753449194058
2017-09-30,"T3-2017",2,0.0347342071879201,1.5,4,77,2017-06-30,"Administration publique",0.00752833524091396,0.00956698178584681
2017-09-30,"T3-2017",2,0.0347342071879201,1.5,4,77,2017-06-30,"Éducation-santé",0.00893337414434215,0.00656585246698427
2017-09-30,"T3-2017",2,0.0347342071879201,1.5,4,77,2017-06-30,"Autres services",0.00583199527785363,0.00420263460915393
2017-12-31,"T4-2017",2,0.0375454081038351,2,4,78,2017-09-30,"Agriculture",0.00927646707816531,-0.00572029123758178
2017-12-31,"T4-2017",2,0.0375454081038351,2,4,78,2017-09-30,"Pêche",0.00110619122177103,-0.0659095853471712
2017-12-31,"T4-2017",2,0.0375454081038351,2,4,78,2017-09-30,"Industrie d'extraction",0.0202132224594892,0.0125783920146532
2017-12-31,"T4-2017",2,0.0375454081038351,2,4,78,2017-09-30,"Industrie de transformation",0.00839291936560086,0.00280821148239063
2017-12-31,"T4-2017",2,0.0375454081038351,2,4,78,2017-09-30,"Électricité, gaz, eau",0.00927679771418092,0.0387992037287237
2017-12-31,"T4-2017",2,0.0375454081038351,2,4,78,2017-09-30,"Construction",0.0115486012069794,-0.00784029652175278
2017-12-31,"T4-2017",2,0.0375454081038351,2,4,78,2017-09-30,"Commerce",0.00875786849729404,0.0160473615406325
2017-12-31,"T4-2017",2,0.0375454081038351,2,4,78,2017-09-30,"Transports",0.0144349176001422,0.00270040887982859
2017-12-31,"T4-2017",2,0.0375454081038351,2,4,78,2017-09-30,"Hébergement-restauration",0.00981137840994608,0.0188149524720291
2017-12-31,"T4-2017",2,0.0375454081038351,2,4,78,2017-09-30,"Information-communication",0.0239809564523361,0.00966388766132553
2017-12-31,"T4-2017",2,0.0375454081038351,2,4,78,2017-09-30,"Finances et assurances",0.0123311502410938,-0.00363516724733692
2017-12-31,"T4-2017",2,0.0375454081038351,2,4,78,2017-09-30,"Immobilier",0.0102628545671528,0.00537094450904618
2017-12-31,"T4-2017",2,0.0375454081038351,2,4,78,2017-09-30,"Services aux entreprises",0.0127092306721796,0.00612104475248287
2017-12-31,"T4-2017",2,0.0375454081038351,2,4,78,2017-09-30,"Administration publique",0.00729164106550446,0.00958980669840059
2017-12-31,"T4-2017",2,0.0375454081038351,2,4,78,2017-09-30,"Éducation-santé",0.00898026725891285,0.00840821689739712
2017-12-31,"T4-2017",2,0.0375454081038351,2,4,78,2017-09-30,"Autres services",0.00596597508709656,0.00392546852918052
2018-03-31,"T1-2018",2,0.0370194408234499,2,4,79,2017-12-31,"Agriculture",0.011041592661361,0.033613953651912
2018-03-31,"T1-2018",2,0.0370194408234499,2,4,79,2017-12-31,"Pêche",0.00409250452649495,-0.118526708999348
2018-03-31,"T1-2018",2,0.0370194408234499,2,4,79,2017-12-31,"Industrie d'extraction",0.0168804749053021,-0.0244479675700369
2018-03-31,"T1-2018",2,0.0370194408234499,2,4,79,2017-12-31,"Industrie de transformation",0.00832519695978311,0.0234087617899217
2018-03-31,"T1-2018",2,0.0370194408234499,2,4,79,2017-12-31,"Électricité, gaz, eau",0.00822401884561453,0.0223262968366722
2018-03-31,"T1-2018",2,0.0370194408234499,2,4,79,2017-12-31,"Construction",0.0107415786772516,0.026272471549829
2018-03-31,"T1-2018",2,0.0370194408234499,2,4,79,2017-12-31,"Commerce",0.00942639477500668,-0.0230462931639384
2018-03-31,"T1-2018",2,0.0370194408234499,2,4,79,2017-12-31,"Transports",0.0127324187950481,-0.00771766276284147
2018-03-31,"T1-2018",2,0.0370194408234499,2,4,79,2017-12-31,"Hébergement-restauration",0.00953803869056786,0.0248370780464207
2018-03-31,"T1-2018",2,0.0370194408234499,2,4,79,2017-12-31,"Information-communication",0.0238138246772928,-0.010365531714644
2018-03-31,"T1-2018",2,0.0370194408234499,2,4,79,2017-12-31,"Finances et assurances",0.011140428531226,0.0129764503213643
2018-03-31,"T1-2018",2,0.0370194408234499,2,4,79,2017-12-31,"Immobilier",0.0100880003959658,0.0139842136362436
2018-03-31,"T1-2018",2,0.0370194408234499,2,4,79,2017-12-31,"Services aux entreprises",0.0121851867869405,0.014697429880405
2018-03-31,"T1-2018",2,0.0370194408234499,2,4,79,2017-12-31,"Administration publique",0.00578980237603488,0.00535436808402245
2018-03-31,"T1-2018",2,0.0370194408234499,2,4,79,2017-12-31,"Éducation-santé",0.00905407217361029,0.0179134096847253
2018-03-31,"T1-2018",2,0.0370194408234499,2,4,79,2017-12-31,"Autres services",0.00552792304537828,0.00510835748749727
2018-06-30,"T2-2018",5,0.089161264169093,1.5,3,80,2018-03-31,"Agriculture",-0.000547089117364585,0.0315396357748075
2018-06-30,"T2-2018",5,0.089161264169093,1.5,3,80,2018-03-31,"Pêche",0.0176268564013249,0.0565619820165848
2018-06-30,"T2-2018",5,0.089161264169093,1.5,3,80,2018-03-31,"Industrie d'extraction",-0.0119328900924359,0.0081793613697414
2018-06-30,"T2-2018",5,0.089161264169093,1.5,3,80,2018-03-31,"Industrie de transformation",0.00631987222989079,-0.00382899876597698
2018-06-30,"T2-2018",5,0.089161264169093,1.5,3,80,2018-03-31,"Électricité, gaz, eau",0.00724824029248788,-0.016153880771169
2018-06-30,"T2-2018",5,0.089161264169093,1.5,3,80,2018-03-31,"Construction",0.0130643283125074,0.00736116363280281
2018-06-30,"T2-2018",5,0.089161264169093,1.5,3,80,2018-03-31,"Commerce",0.00713397560948433,0.00870212621648037
2018-06-30,"T2-2018",5,0.089161264169093,1.5,3,80,2018-03-31,"Transports",0.0114358870241822,0.0381116237789918
2018-06-30,"T2-2018",5,0.089161264169093,1.5,3,80,2018-03-31,"Hébergement-restauration",0.00207637268526864,0.0148534421343882
2018-06-30,"T2-2018",5,0.089161264169093,1.5,3,80,2018-03-31,"Information-communication",0.0267033931090104,0.0250131048881688
2018-06-30,"T2-2018",5,0.089161264169093,1.5,3,80,2018-03-31,"Finances et assurances",0.0138091384445282,-0.00435156893570188
2018-06-30,"T2-2018",5,0.089161264169093,1.5,3,80,2018-03-31,"Immobilier",0.0126555614823982,0.00709820759588098
2018-06-30,"T2-2018",5,0.089161264169093,1.5,3,80,2018-03-31,"Services aux entreprises",0.013792910988088,0.0367116061237276
2018-06-30,"T2-2018",5,0.089161264169093,1.5,3,80,2018-03-31,"Administration publique",0.0113466191045233,0.0113741597093231
2018-06-30,"T2-2018",5,0.089161264169093,1.5,3,80,2018-03-31,"Éducation-santé",0.00868998145692463,0.00879401424712967
2018-06-30,"T2-2018",5,0.089161264169093,1.5,3,80,2018-03-31,"Autres services",0.00564837324003555,0.00286056140101465
2018-09-30,"T3-2018",2,0.0338542549774096,1,5,81,2018-06-30,"Agriculture",0.00827543424918903,-0.0076855501979054
2018-09-30,"T3-2018",2,0.0338542549774096,1,5,81,2018-06-30,"Pêche",0.00223453884793879,-0.0520428663582821
2018-09-30,"T3-2018",2,0.0338542549774096,1,5,81,2018-06-30,"Industrie d'extraction",0.0129550588583958,-0.0117710521370427
2018-09-30,"T3-2018",2,0.0338542549774096,1,5,81,2018-06-30,"Industrie de transformation",0.00772200801963733,0.0197648970716831
2018-09-30,"T3-2018",2,0.0338542549774096,1,5,81,2018-06-30,"Électricité, gaz, eau",0.00775235295529797,0.0411974248960654
2018-09-30,"T3-2018",2,0.0338542549774096,1,5,81,2018-06-30,"Construction",0.0113876526016158,-0.0192666965708348
2018-09-30,"T3-2018",2,0.0338542549774096,1,5,81,2018-06-30,"Commerce",0.00817826905196376,0.00962442845128741
2018-09-30,"T3-2018",2,0.0338542549774096,1,5,81,2018-06-30,"Transports",0.012916040817674,-0.0562132165992164
2018-09-30,"T3-2018",2,0.0338542549774096,1,5,81,2018-06-30,"Hébergement-restauration",0.00731935416302951,-0.0200453834008396
2018-09-30,"T3-2018",2,0.0338542549774096,1,5,81,2018-06-30,"Information-communication",0.0227802204571883,0.00871941409985943
2018-09-30,"T3-2018",2,0.0338542549774096,1,5,81,2018-06-30,"Finances et assurances",0.0115706784504298,0.00735193248656962
2018-09-30,"T3-2018",2,0.0338542549774096,1,5,81,2018-06-30,"Immobilier",0.0103415112889544,0.00546983793104339
2018-09-30,"T3-2018",2,0.0338542549774096,1,5,81,2018-06-30,"Services aux entreprises",0.0129197836431912,0.00363759451456147
2018-09-30,"T3-2018",2,0.0338542549774096,1,5,81,2018-06-30,"Administration publique",0.00887215523097616,0.0130368478673404
2018-09-30,"T3-2018",2,0.0338542549774096,1,5,81,2018-06-30,"Éducation-santé",0.00918492478252308,0.00751114448576296
2018-09-30,"T3-2018",2,0.0338542549774096,1,5,81,2018-06-30,"Autres services",0.00561780598054281,0.00205828767058058
2018-12-31,"T4-2018",3,0.0592186678336793,2,5,82,2018-09-30,"Agriculture",0.0239542637109607,-0.00708189895160238
2018-12-31,"T4-2018",3,0.0592186678336793,2,5,82,2018-09-30,"Pêche",-0.00242950525524237,0.0519498128058951
2018-12-31,"T4-2018",3,0.0592186678336793,2,5,82,2018-09-30,"Industrie d'extraction",0.0038356298493351,-0.00327062290436331
2018-12-31,"T4-2018",3,0.0592186678336793,2,5,82,2018-09-30,"Industrie de transformation",0.00664036420936519,0.00254844063750426
2018-12-31,"T4-2018",3,0.0592186678336793,2,5,82,2018-09-30,"Électricité, gaz, eau",0.00151060326382151,0.0623784425554952
2018-12-31,"T4-2018",3,0.0592186678336793,2,5,82,2018-09-30,"Construction",0.0100600784924261,-0.0524286380169254
2018-12-31,"T4-2018",3,0.0592186678336793,2,5,82,2018-09-30,"Commerce",0.00718587423336388,0.0165859648209938
2018-12-31,"T4-2018",3,0.0592186678336793,2,5,82,2018-09-30,"Transports",0.0120675214836421,0.0024741177684291
2018-12-31,"T4-2018",3,0.0592186678336793,2,5,82,2018-09-30,"Hébergement-restauration",0.0123239497643486,0.0330719091401885
2018-12-31,"T4-2018",3,0.0592186678336793,2,5,82,2018-09-30,"Information-communication",0.0198353373605658,0.0017418043179287
2018-12-31,"T4-2018",3,0.0592186678336793,2,5,82,2018-09-30,"Finances et assurances",0.00874297886195605,0.0110438895944789
2018-12-31,"T4-2018",3,0.0592186678336793,2,5,82,2018-09-30,"Immobilier",0.00991457310907439,0.00429779031723321
2018-12-31,"T4-2018",3,0.0592186678336793,2,5,82,2018-09-30,"Services aux entreprises",0.0119614967494885,0.000897666128501839
2018-12-31,"T4-2018",3,0.0592186678336793,2,5,82,2018-09-30,"Administration publique",0.0102653754657848,0.0146299010390862
2018-12-31,"T4-2018",3,0.0592186678336793,2,5,82,2018-09-30,"Éducation-santé",0.00843275711437806,0.00624686200166558
2018-12-31,"T4-2018",3,0.0592186678336793,2,5,82,2018-09-30,"Autres services",0.00465215839154193,0.00121427251983341
2019-03-31,"T1-2019",2,0.0306224155936261,0.5,5,83,2018-12-31,"Agriculture",0.0125525807665885,-0.0674225881272044
2019-03-31,"T1-2019",2,0.0306224155936261,0.5,5,83,2018-12-31,"Pêche",0.00194418873897726,0.165886600744615
2019-03-31,"T1-2019",2,0.0306224155936261,0.5,5,83,2018-12-31,"Industrie d'extraction",0.00969642848813987,0.040057095335742
2019-03-31,"T1-2019",2,0.0306224155936261,0.5,5,83,2018-12-31,"Industrie de transformation",0.0083367455257233,0.00525129663060397
2019-03-31,"T1-2019",2,0.0306224155936261,0.5,5,83,2018-12-31,"Électricité, gaz, eau",0.00763040373789924,0.0925664554057999
2019-03-31,"T1-2019",2,0.0306224155936261,0.5,5,83,2018-12-31,"Construction",0.00885098456855127,0.0166559720067418
2019-03-31,"T1-2019",2,0.0306224155936261,0.5,5,83,2018-12-31,"Commerce",0.00947184643730503,-0.0198319410856413
2019-03-31,"T1-2019",2,0.0306224155936261,0.5,5,83,2018-12-31,"Transports",0.0111470584263773,0.0567198839409837
2019-03-31,"T1-2019",2,0.0306224155936261,0.5,5,83,2018-12-31,"Hébergement-restauration",0.00951525106807088,0.0107181372644138
2019-03-31,"T1-2019",2,0.0306224155936261,0.5,5,83,2018-12-31,"Information-communication",0.0208066457532991,0.000840591265317769
2019-03-31,"T1-2019",2,0.0306224155936261,0.5,5,83,2018-12-31,"Finances et assurances",0.0100667958222359,0.0315392522985256
2019-03-31,"T1-2019",2,0.0306224155936261,0.5,5,83,2018-12-31,"Immobilier",0.0101357893800674,0.00697990763877421
2019-03-31,"T1-2019",2,0.0306224155936261,0.5,5,83,2018-12-31,"Services aux entreprises",0.012877507662336,0.0341258423573425
2019-03-31,"T1-2019",2,0.0306224155936261,0.5,5,83,2018-12-31,"Administration publique",0.00645847708524184,0.0219797204456977
2019-03-31,"T1-2019",2,0.0306224155936261,0.5,5,83,2018-12-31,"Éducation-santé",0.00873901344531433,0.00382123979938243
2019-03-31,"T1-2019",2,0.0306224155936261,0.5,5,83,2018-12-31,"Autres services",0.00465191074509265,0.0342943177846262
2019-06-30,"T2-2019",4,0.0720913883495497,1.5,5,84,2019-03-31,"Agriculture",0.0216583643179617,0.0269576277375521
2019-06-30,"T2-2019",4,0.0720913883495497,1.5,5,84,2019-03-31,"Pêche",-0.0361441619886129,-0.10051090919398
2019-06-30,"T2-2019",4,0.0720913883495497,1.5,5,84,2019-03-31,"Industrie d'extraction",0.00587506414679064,-0.0225433471888596
2019-06-30,"T2-2019",4,0.0720913883495497,1.5,5,84,2019-03-31,"Industrie de transformation",0.00462311964244373,0.0369509505888086
2019-06-30,"T2-2019",4,0.0720913883495497,1.5,5,84,2019-03-31,"Électricité, gaz, eau",0.0048789593049273,-0.0124026726248605
2019-06-30,"T2-2019",4,0.0720913883495497,1.5,5,84,2019-03-31,"Construction",0.0119527879653205,0.0481920910731386
2019-06-30,"T2-2019",4,0.0720913883495497,1.5,5,84,2019-03-31,"Commerce",0.00798376200343544,0.0339504681612155
2019-06-30,"T2-2019",4,0.0720913883495497,1.5,5,84,2019-03-31,"Transports",0.00665525952470219,0.100742314764428
2019-06-30,"T2-2019",4,0.0720913883495497,1.5,5,84,2019-03-31,"Hébergement-restauration",-0.00119713255112923,0.0402913731091044
2019-06-30,"T2-2019",4,0.0720913883495497,1.5,5,84,2019-03-31,"Information-communication",0.0195649375912108,0.00593404498862071
2019-06-30,"T2-2019",4,0.0720913883495497,1.5,5,84,2019-03-31,"Finances et assurances",0.0139581707063801,0.000435811706188005
2019-06-30,"T2-2019",4,0.0720913883495497,1.5,5,84,2019-03-31,"Immobilier",0.00866401083127962,0.00407965402671806
2019-06-30,"T2-2019",4,0.0720913883495497,1.5,5,84,2019-03-31,"Services aux entreprises",0.00907836125425067,0.063725227956656
2019-06-30,"T2-2019",4,0.0720913883495497,1.5,5,84,2019-03-31,"Administration publique",-0.00316396667639001,0.0152082717689765
2019-06-30,"T2-2019",4,0.0720913883495497,1.5,5,84,2019-03-31,"Éducation-santé",0.00799335721136048,0.00428270264143293
2019-06-30,"T2-2019",4,0.0720913883495497,1.5,5,84,2019-03-31,"Autres services",0.0130163658627677,-0.0137826733622841
2019-09-30,"T3-2019",4,0.0720913883496277,1.5,5,85,2019-06-30,"Agriculture",-0.0230737906305004,-0.00378790367855686
2019-09-30,"T3-2019",4,0.0720913883496277,1.5,5,85,2019-06-30,"Pêche",0.0128049962048641,0.107189386187184
2019-09-30,"T3-2019",4,0.0720913883496277,1.5,5,85,2019-06-30,"Industrie d'extraction",0.0200650282919328,0.0109256734157306
2019-09-30,"T3-2019",4,0.0720913883496277,1.5,5,85,2019-06-30,"Industrie de transformation",0.00881244858098063,-0.0175063522194137
2019-09-30,"T3-2019",4,0.0720913883496277,1.5,5,85,2019-06-30,"Électricité, gaz, eau",0.0118104322328054,-0.0152269847098676
2019-09-30,"T3-2019",4,0.0720913883496277,1.5,5,85,2019-06-30,"Construction",0.014249309052876,0.0125910845192418
2019-09-30,"T3-2019",4,0.0720913883496277,1.5,5,85,2019-06-30,"Commerce",0.00423099134570187,-0.00535962123528755
2019-09-30,"T3-2019",4,0.0720913883496277,1.5,5,85,2019-06-30,"Transports",0.00786649167377473,-0.105961891018188
2019-09-30,"T3-2019",4,0.0720913883496277,1.5,5,85,2019-06-30,"Hébergement-restauration",-0.00655275657677681,-0.0688778865997968
2019-09-30,"T3-2019",4,0.0720913883496277,1.5,5,85,2019-06-30,"Information-communication",0.0245599444569149,0.0095827091317755
2019-09-30,"T3-2019",4,0.0720913883496277,1.5,5,85,2019-06-30,"Finances et assurances",0.0144508412845183,0.0130609593133908
2019-09-30,"T3-2019",4,0.0720913883496277,1.5,5,85,2019-06-30,"Immobilier",0.0121204528707181,0.0012246541882952
2019-09-30,"T3-2019",4,0.0720913883496277,1.5,5,85,2019-06-30,"Services aux entreprises",0.0124960371098201,-0.0188406290925656
2019-09-30,"T3-2019",4,0.0720913883496277,1.5,5,85,2019-06-30,"Administration publique",0.0187511486471205,0.0143940441478136
2019-09-30,"T3-2019",4,0.0720913883496277,1.5,5,85,2019-06-30,"Éducation-santé",0.00748526626562934,0.00354389619512929
2019-09-30,"T3-2019",4,0.0720913883496277,1.5,5,85,2019-06-30,"Autres services",0.00160308809311472,-0.0285720470296322
2019-12-31,"T4-2019",1,0.0205650890236208,0.5,5,86,2019-09-30,"Agriculture",0.00545000525263175,-0.00545796285781641
2019-12-31,"T4-2019",1,0.0205650890236208,0.5,5,86,2019-09-30,"Pêche",0.00323256169326961,-0.178444977080698
2019-12-31,"T4-2019",1,0.0205650890236208,0.5,5,86,2019-09-30,"Industrie d'extraction",0.0175802728170349,0.00214620520732645
2019-12-31,"T4-2019",1,0.0205650890236208,0.5,5,86,2019-09-30,"Industrie de transformation",0.00840333768157522,-0.00688096519466086
2019-12-31,"T4-2019",1,0.0205650890236208,0.5,5,86,2019-09-30,"Électricité, gaz, eau",0.0116090980007103,-0.00625851062808103
2019-12-31,"T4-2019",1,0.0205650890236208,0.5,5,86,2019-09-30,"Construction",0.00895884970361975,-0.0273069523615579
2019-12-31,"T4-2019",1,0.0205650890236208,0.5,5,86,2019-09-30,"Commerce",0.00764851495452053,-0.0070521019456713
2019-12-31,"T4-2019",1,0.0205650890236208,0.5,5,86,2019-09-30,"Transports",0.0126349581539969,-0.0390667942682299
2019-12-31,"T4-2019",1,0.0205650890236208,0.5,5,86,2019-09-30,"Hébergement-restauration",0.0106792338947299,0.0396077656015432
2019-12-31,"T4-2019",1,0.0205650890236208,0.5,5,86,2019-09-30,"Information-communication",0.0224294120588152,0.0110725639758531
2019-12-31,"T4-2019",1,0.0205650890236208,0.5,5,86,2019-09-30,"Finances et assurances",0.0120688123557421,0.00825566078032658
2019-12-31,"T4-2019",1,0.0205650890236208,0.5,5,86,2019-09-30,"Immobilier",0.00956426682907744,-0.00107461592825686
2019-12-31,"T4-2019",1,0.0205650890236208,0.5,5,86,2019-09-30,"Services aux entreprises",0.0118406289456048,-0.0165393083624608
2019-12-31,"T4-2019",1,0.0205650890236208,0.5,5,86,2019-09-30,"Administration publique",0.0107902254795156,0.0136078138543425
2019-12-31,"T4-2019",1,0.0205650890236208,0.5,5,86,2019-09-30,"Éducation-santé",0.00921518076912396,0.00282231901474184
2019-12-31,"T4-2019",1,0.0205650890236208,0.5,5,86,2019-09-30,"Autres services",0.00520211430273152,-0.0446464064426788
2020-03-31,"T1-2020",2,0.0273099674528979,0.5,5,87,2019-12-31,"Agriculture",0.000160189584848236,-0.0733468122559131
2020-03-31,"T1-2020",2,0.0273099674528979,0.5,5,87,2019-12-31,"Pêche",0.00569287368339539,0.250419564323746
2020-03-31,"T1-2020",2,0.0273099674528979,0.5,5,87,2019-12-31,"Industrie d'extraction",0.0198612030350813,0.00506158820307512
2020-03-31,"T1-2020",2,0.0273099674528979,0.5,5,87,2019-12-31,"Industrie de transformation",0.00936394890538783,-0.00162253854886352
2020-03-31,"T1-2020",2,0.0273099674528979,0.5,5,87,2019-12-31,"Électricité, gaz, eau",0.0133282177143148,0.0213425854542955
2020-03-31,"T1-2020",2,0.0273099674528979,0.5,5,87,2019-12-31,"Construction",0.00726370133625902,0.000213553084455143
2020-03-31,"T1-2020",2,0.0273099674528979,0.5,5,87,2019-12-31,"Commerce",0.00587772398831716,-0.0169610578868529
2020-03-31,"T1-2020",2,0.0273099674528979,0.5,5,87,2019-12-31,"Transports",0.00998825619226729,-0.0126004908496
2020-03-31,"T1-2020",2,0.0273099674528979,0.5,5,87,2019-12-31,"Hébergement-restauration",0.0133225193882025,-0.329368517252892
2020-03-31,"T1-2020",2,0.0273099674528979,0.5,5,87,2019-12-31,"Information-communication",0.0213821338843639,0.0419599960536452
2020-03-31,"T1-2020",2,0.0273099674528979,0.5,5,87,2019-12-31,"Finances et assurances",0.0121198820341142,-0.0212114526144092
2020-03-31,"T1-2020",2,0.0273099674528979,0.5,5,87,2019-12-31,"Immobilier",0.0098260316890376,-0.0121506955111226
2020-03-31,"T1-2020",2,0.0273099674528979,0.5,5,87,2019-12-31,"Services aux entreprises",0.0124845838414836,-0.0484686689414122
2020-03-31,"T1-2020",2,0.0273099674528979,0.5,5,87,2019-12-31,"Administration publique",0.00919336082330674,0.0112705932423776
2020-03-31,"T1-2020",2,0.0273099674528979,0.5,5,87,2019-12-31,"Éducation-santé",0.00878395138228141,-0.00401330090882546
2020-03-31,"T1-2020",2,0.0273099674528979,0.5,5,87,2019-12-31,"Autres services",0.000702195158442098,-0.155410185258452
2020-06-30,"T2-2020",3,0.0503722715676841,1.5,5,88,2020-03-31,"Agriculture",-0.00789671527844581,0.00964980812139338
2020-06-30,"T2-2020",3,0.0503722715676841,1.5,5,88,2020-03-31,"Pêche",0.0357225585486882,-0.182744294243855
2020-06-30,"T2-2020",3,0.0503722715676841,1.5,5,88,2020-03-31,"Industrie d'extraction",0.0282733812059157,0.0237324718357801
2020-06-30,"T2-2020",3,0.0503722715676841,1.5,5,88,2020-03-31,"Industrie de transformation",0.00597223556292502,-0.213797918505946
2020-06-30,"T2-2020",3,0.0503722715676841,1.5,5,88,2020-03-31,"Électricité, gaz, eau",0.0116253106567407,-0.0970147629221021
2020-06-30,"T2-2020",3,0.0503722715676841,1.5,5,88,2020-03-31,"Construction",0.000543484826574807,-0.102776372819593
2020-06-30,"T2-2020",3,0.0503722715676841,1.5,5,88,2020-03-31,"Commerce",-0.00373383217959304,-0.150671734390357
2020-06-30,"T2-2020",3,0.0503722715676841,1.5,5,88,2020-03-31,"Transports",0.000110559992614148,-0.501094849125378
2020-06-30,"T2-2020",3,0.0503722715676841,1.5,5,88,2020-03-31,"Hébergement-restauration",-0.0331484908175594,-0.857041072981717
2020-06-30,"T2-2020",3,0.0503722715676841,1.5,5,88,2020-03-31,"Information-communication",0.0230317616592223,-0.0210436716728193
2020-06-30,"T2-2020",3,0.0503722715676841,1.5,5,88,2020-03-31,"Finances et assurances",0.00518195860742856,0.0113083327777996
2020-06-30,"T2-2020",3,0.0503722715676841,1.5,5,88,2020-03-31,"Immobilier",0.00253732561563537,0.00154778434759706
2020-06-30,"T2-2020",3,0.0503722715676841,1.5,5,88,2020-03-31,"Services aux entreprises",-0.002250877223024,-0.26337617935458
2020-06-30,"T2-2020",3,0.0503722715676841,1.5,5,88,2020-03-31,"Administration publique",0.0141257914588821,0.0127759397880887
2020-06-30,"T2-2020",3,0.0503722715676841,1.5,5,88,2020-03-31,"Éducation-santé",0.00641818400725815,0.00384305111413319
2020-06-30,"T2-2020",3,0.0503722715676841,1.5,5,88,2020-03-31,"Autres services",-0.036279977234041,-0.0518697020825911
2020-09-30,"T3-2020",2,0.0322128000960024,0.5,4,89,2020-06-30,"Agriculture",0.0303985752293546,-0.0341340216865049
2020-09-30,"T3-2020",2,0.0322128000960024,0.5,4,89,2020-06-30,"Pêche",0.00446374201032906,0.449867423442043
2020-09-30,"T3-2020",2,0.0322128000960024,0.5,4,89,2020-06-30,"Industrie d'extraction",0.0348257825919949,-0.0110758122366672
2020-09-30,"T3-2020",2,0.0322128000960024,0.5,4,89,2020-06-30,"Industrie de transformation",0.00821449451536489,0.176609534773862
2020-09-30,"T3-2020",2,0.0322128000960024,0.5,4,89,2020-06-30,"Électricité, gaz, eau",0.0203679484167375,0.114417799543279
2020-09-30,"T3-2020",2,0.0322128000960024,0.5,4,89,2020-06-30,"Construction",-0.000286293027691621,0.0356201479127147
2020-09-30,"T3-2020",2,0.0322128000960024,0.5,4,89,2020-06-30,"Commerce",0.00223355698600013,0.108126994394249
2020-09-30,"T3-2020",2,0.0322128000960024,0.5,4,89,2020-06-30,"Transports",0.0225324483589166,0.125969152849114
2020-09-30,"T3-2020",2,0.0322128000960024,0.5,4,89,2020-06-30,"Hébergement-restauration",0.0143057816461628,0.152814674284517
2020-09-30,"T3-2020",2,0.0322128000960024,0.5,4,89,2020-06-30,"Information-communication",0.0163388280289452,-0.00204975173975619
2020-09-30,"T3-2020",2,0.0322128000960024,0.5,4,89,2020-06-30,"Finances et assurances",0.00614068207830312,0.00678756570547989
2020-09-30,"T3-2020",2,0.0322128000960024,0.5,4,89,2020-06-30,"Immobilier",0.0076096107172803,0.00248862454064991
2020-09-30,"T3-2020",2,0.0322128000960024,0.5,4,89,2020-06-30,"Services aux entreprises",0.00621956817342392,0.180412336071653
2020-09-30,"T3-2020",2,0.0322128000960024,0.5,4,89,2020-06-30,"Administration publique",-0.00113421844763747,0.012675622336614
2020-09-30,"T3-2020",2,0.0322128000960024,0.5,4,89,2020-06-30,"Éducation-santé",0.00792583990201146,0.00554655612052457
2020-09-30,"T3-2020",2,0.0322128000960024,0.5,4,89,2020-06-30,"Autres services",-0.0143708606730184,-0.0318268080588098
2020-12-31,"T4-2020",2,0.0322128000962015,0.5,5,90,2020-09-30,"Agriculture",-0.0104773711250303,-0.00972120420603417
2020-12-31,"T4-2020",2,0.0322128000962015,0.5,5,90,2020-09-30,"Pêche",0.0300882332202258,-0.549113253084071
2020-12-31,"T4-2020",2,0.0322128000962015,0.5,5,90,2020-09-30,"Industrie d'extraction",0.0069170568149415,0.0282365373459843
2020-12-31,"T4-2020",2,0.0322128000962015,0.5,5,90,2020-09-30,"Industrie de transformation",0.0116905879142253,-0.00858663289649719
2020-12-31,"T4-2020",2,0.0322128000962015,0.5,5,90,2020-09-30,"Électricité, gaz, eau",0.00763759661181983,-0.016022429172736
2020-12-31,"T4-2020",2,0.0322128000962015,0.5,5,90,2020-09-30,"Construction",0.0127320820427462,0.072642691639901
2020-12-31,"T4-2020",2,0.0322128000962015,0.5,5,90,2020-09-30,"Commerce",0.0101776845920583,0.020045836468638
2020-12-31,"T4-2020",2,0.0322128000962015,0.5,5,90,2020-09-30,"Transports",0.0102959727811038,0.122566805849722
2020-12-31,"T4-2020",2,0.0322128000962015,0.5,5,90,2020-09-30,"Hébergement-restauration",-0.0272265445436888,0.184991785349833
2020-12-31,"T4-2020",2,0.0322128000962015,0.5,5,90,2020-09-30,"Information-communication",0.0270349569632045,0.0411703029645043
2020-12-31,"T4-2020",2,0.0322128000962015,0.5,5,90,2020-09-30,"Finances et assurances",0.00787272860201549,0.0114494849451461
2020-12-31,"T4-2020",2,0.0322128000962015,0.5,5,90,2020-09-30,"Immobilier",0.00808896066416918,0.00250256303301022
2020-12-31,"T4-2020",2,0.0322128000962015,0.5,5,90,2020-09-30,"Services aux entreprises",0.0144110938195085,0.0538102828967748
2020-12-31,"T4-2020",2,0.0322128000962015,0.5,5,90,2020-09-30,"Administration publique",0.0201381726505171,0.0125770497153397
2020-12-31,"T4-2020",2,0.0322128000962015,0.5,5,90,2020-09-30,"Éducation-santé",0.00721318071254689,0.00722180449425913
2020-12-31,"T4-2020",2,0.0322128000962015,0.5,5,90,2020-09-30,"Autres services",-0.00184831448869861,-0.00979630428437517
2021-03-31,"T1-2021",2,0.03221280009635,0.5,6,91,2020-12-31,"Agriculture",0.00751918162875032,0.198088349077135
2021-03-31,"T1-2021",2,0.03221280009635,0.5,6,91,2020-12-31,"Pêche",0.00859614682572679,0.301831328865735
2021-03-31,"T1-2021",2,0.03221280009635,0.5,6,91,2020-12-31,"Industrie d'extraction",0.00891710501019216,0.0506515529548963
2021-03-31,"T1-2021",2,0.03221280009635,0.5,6,91,2020-12-31,"Industrie de transformation",0.00516162071921515,0.0682885003101887
2021-03-31,"T1-2021",2,0.03221280009635,0.5,6,91,2020-12-31,"Électricité, gaz, eau",0.0142507064559801,0.0217529032326009
2021-03-31,"T1-2021",2,0.03221280009635,0.5,6,91,2020-12-31,"Construction",0.0137820274801226,-0.00494022963371066
2021-03-31,"T1-2021",2,0.03221280009635,0.5,6,91,2020-12-31,"Commerce",0.00574794982962526,0.0273111173838672
2021-03-31,"T1-2021",2,0.03221280009635,0.5,6,91,2020-12-31,"Transports",0.00319788801215952,0.0562033294168316
2021-03-31,"T1-2021",2,0.03221280009635,0.5,6,91,2020-12-31,"Hébergement-restauration",0.00744481785676402,0.108593379555545
2021-03-31,"T1-2021",2,0.03221280009635,0.5,6,91,2020-12-31,"Information-communication",0.0218335879307991,-0.0536933298258049
2021-03-31,"T1-2021",2,0.03221280009635,0.5,6,91,2020-12-31,"Finances et assurances",0.0157067490056733,-0.00739307250548649
2021-03-31,"T1-2021",2,0.03221280009635,0.5,6,91,2020-12-31,"Immobilier",0.0116777433225484,0.0186980933413192
2021-03-31,"T1-2021",2,0.03221280009635,0.5,6,91,2020-12-31,"Services aux entreprises",0.0105594158393062,0.0236849909538215
2021-03-31,"T1-2021",2,0.03221280009635,0.5,6,91,2020-12-31,"Administration publique",0.0074513995724257,0.0124109391990199
2021-03-31,"T1-2021",2,0.03221280009635,0.5,6,91,2020-12-31,"Éducation-santé",0.00867737759446665,0.00824967476330762
2021-03-31,"T1-2021",2,0.03221280009635,0.5,6,91,2020-12-31,"Autres services",0.0050016181331747,0.0650452081351318
2021-06-30,"T2-2021",2,0.0322128000967137,0.5,7,92,2021-03-31,"Agriculture",0.0057395550062642,0.00736929305629452
2021-06-30,"T2-2021",2,0.0322128000967137,0.5,7,92,2021-03-31,"Pêche",-0.00964365691871637,0.086451616600093
2021-06-30,"T2-2021",2,0.0322128000967137,0.5,7,92,2021-03-31,"Industrie d'extraction",0.0112140528473805,-0.0120026798414088
2021-06-30,"T2-2021",2,0.0322128000967137,0.5,7,92,2021-03-31,"Industrie de transformation",0.00820082206240853,-0.0226087358268856
2021-06-30,"T2-2021",2,0.0322128000967137,0.5,7,92,2021-03-31,"Électricité, gaz, eau",0.0117374484688917,0.0253032608158232
2021-06-30,"T2-2021",2,0.0322128000967137,0.5,7,92,2021-03-31,"Construction",0.0099200849104172,-0.00250132109599832
2021-06-30,"T2-2021",2,0.0322128000967137,0.5,7,92,2021-03-31,"Commerce",0.00798502471855052,0.00987582878233084
2021-06-30,"T2-2021",2,0.0322128000967137,0.5,7,92,2021-03-31,"Transports",0.0098771813694828,0.000731330783699136
2021-06-30,"T2-2021",2,0.0322128000967137,0.5,7,92,2021-03-31,"Hébergement-restauration",0.00901626202888402,0.0325203058080987
2021-06-30,"T2-2021",2,0.0322128000967137,0.5,7,92,2021-03-31,"Information-communication",0.0188994125399165,0.00186143113149839
2021-06-30,"T2-2021",2,0.0322128000967137,0.5,7,92,2021-03-31,"Finances et assurances",0.0132416318975279,0.0281576114642981
2021-06-30,"T2-2021",2,0.0322128000967137,0.5,7,92,2021-03-31,"Immobilier",0.00896287384176394,0.00589086653339521
2021-06-30,"T2-2021",2,0.0322128000967137,0.5,7,92,2021-03-31,"Services aux entreprises",0.0126184504804809,-0.0253276404682605
2021-06-30,"T2-2021",2,0.0322128000967137,0.5,7,92,2021-03-31,"Administration publique",0.00932220703491708,0.0124151117984699
2021-06-30,"T2-2021",2,0.0322128000967137,0.5,7,92,2021-03-31,"Éducation-santé",0.00882625663425697,0.0107145527308568
2021-06-30,"T2-2021",2,0.0322128000967137,0.5,7,92,2021-03-31,"Autres services",0.00816454417173817,0.0130709296570739
2021-09-30,"T3-2021",2,0.0421385108186311,1.5,7,93,2021-06-30,"Agriculture",0.00926930518876699,-0.00217917484074093
2021-09-30,"T3-2021",2,0.0421385108186311,1.5,7,93,2021-06-30,"Pêche",-0.00383558754625745,-0.0880960598262783
2021-09-30,"T3-2021",2,0.0421385108186311,1.5,7,93,2021-06-30,"Industrie d'extraction",0.0189719762582948,0.0223534844760689
2021-09-30,"T3-2021",2,0.0421385108186311,1.5,7,93,2021-06-30,"Industrie de transformation",0.00881350135032242,0.0119171102444078
2021-09-30,"T3-2021",2,0.0421385108186311,1.5,7,93,2021-06-30,"Électricité, gaz, eau",0.014287837676236,0.0158724557012508
2021-09-30,"T3-2021",2,0.0421385108186311,1.5,7,93,2021-06-30,"Construction",0.00986454778203801,0.0107028535882208
2021-09-30,"T3-2021",2,0.0421385108186311,1.5,7,93,2021-06-30,"Commerce",0.00671087992601535,0.0199199534821144
2021-09-30,"T3-2021",2,0.0421385108186311,1.5,7,93,2021-06-30,"Transports",0.0130402847290895,0.0731279057345535
2021-09-30,"T3-2021",2,0.0421385108186311,1.5,7,93,2021-06-30,"Hébergement-restauration",0.0079785573142786,0.0912570059284388
2021-09-30,"T3-2021",2,0.0421385108186311,1.5,7,93,2021-06-30,"Information-communication",0.0190179195185552,0.00942302584054922
2021-09-30,"T3-2021",2,0.0421385108186311,1.5,7,93,2021-06-30,"Finances et assurances",0.0123493802492189,0.00585438399346749
2021-09-30,"T3-2021",2,0.0421385108186311,1.5,7,93,2021-06-30,"Immobilier",0.00930348524618798,0.00489489217388339
2021-09-30,"T3-2021",2,0.0421385108186311,1.5,7,93,2021-06-30,"Services aux entreprises",0.0117177427650166,0.0425796070346394
2021-09-30,"T3-2021",2,0.0421385108186311,1.5,7,93,2021-06-30,"Administration publique",0.00439370982377312,0.0123497114869799
2021-09-30,"T3-2021",2,0.0421385108186311,1.5,7,93,2021-06-30,"Éducation-santé",0.0091504810501162,0.0124987113733415
2021-09-30,"T3-2021",2,0.0421385108186311,1.5,7,93,2021-06-30,"Autres services",0.0031564337620361,0.0139388205165201
2021-12-31,"T4-2021",3,0.05368229145706,2,8,94,2021-09-30,"Agriculture",0.00399440960151357,-0.00946965224747842
2021-12-31,"T4-2021",3,0.05368229145706,2,8,94,2021-09-30,"Pêche",0.0146934961926879,0.102924635387614
2021-12-31,"T4-2021",3,0.05368229145706,2,8,94,2021-09-30,"Industrie d'extraction",0.0131587260013968,-0.0143497716369634
2021-12-31,"T4-2021",3,0.05368229145706,2,8,94,2021-09-30,"Industrie de transformation",0.00880205207214303,0.0157395324071921
2021-12-31,"T4-2021",3,0.05368229145706,2,8,94,2021-09-30,"Électricité, gaz, eau",0.0147813379033558,0.0138196358846692
2021-12-31,"T4-2021",3,0.05368229145706,2,8,94,2021-09-30,"Construction",0.0129192439234903,0.00772099252970015
2021-12-31,"T4-2021",3,0.05368229145706,2,8,94,2021-09-30,"Commerce",0.00693632237177593,0.0158034521479156
2021-12-31,"T4-2021",3,0.05368229145706,2,8,94,2021-09-30,"Transports",0.0109580356678965,-0.0243022849728511
2021-12-31,"T4-2021",3,0.05368229145706,2,8,94,2021-09-30,"Hébergement-restauration",0.00510192362131615,0.0662513211980329
2021-12-31,"T4-2021",3,0.05368229145706,2,8,94,2021-09-30,"Information-communication",0.0220949652728678,0.0317145043040412
2021-12-31,"T4-2021",3,0.05368229145706,2,8,94,2021-09-30,"Finances et assurances",0.0134169140860317,0.016641170500078
2021-12-31,"T4-2021",3,0.05368229145706,2,8,94,2021-09-30,"Immobilier",0.0105072326535578,-0.000185568621855481
2021-12-31,"T4-2021",3,0.05368229145706,2,8,94,2021-09-30,"Services aux entreprises",0.0128641428329582,0.0247258900965548
2021-12-31,"T4-2021",3,0.05368229145706,2,8,94,2021-09-30,"Administration publique",0.00631131639610023,0.0122848408349885
2021-12-31,"T4-2021",3,0.05368229145706,2,8,94,2021-09-30,"Éducation-santé",0.00931209054041134,0.0142153530442766
2021-12-31,"T4-2021",3,0.05368229145706,2,8,94,2021-09-30,"Autres services",0.00648702083639695,0.0147685323674143
2022-03-31,"T1-2022",2,0.0395689987492753,1.5,8,95,2021-12-31,"Agriculture",0.0117318118174543,-0.106650718690272
2022-03-31,"T1-2022",2,0.0395689987492753,1.5,8,95,2021-12-31,"Pêche",-0.0038224727266961,-0.251794115386521
2022-03-31,"T1-2022",2,0.0395689987492753,1.5,8,95,2021-12-31,"Industrie d'extraction",0.0147690469986585,-0.138625872821352
2022-03-31,"T1-2022",2,0.0395689987492753,1.5,8,95,2021-12-31,"Industrie de transformation",0.00753133140780234,-0.00935236645143078
2022-03-31,"T1-2022",2,0.0395689987492753,1.5,8,95,2021-12-31,"Électricité, gaz, eau",0.0117816009097258,-0.0635858178619184
2022-03-31,"T1-2022",2,0.0395689987492753,1.5,8,95,2021-12-31,"Construction",0.00953832346164042,-0.026866287683136
2022-03-31,"T1-2022",2,0.0395689987492753,1.5,8,95,2021-12-31,"Commerce",0.00754371163520957,-0.0348034749137724
2022-03-31,"T1-2022",2,0.0395689987492753,1.5,8,95,2021-12-31,"Transports",0.0112131205447917,-0.0184384391565189
2022-03-31,"T1-2022",2,0.0395689987492753,1.5,8,95,2021-12-31,"Hébergement-restauration",0.00743198200564778,0.172069210996341
2022-03-31,"T1-2022",2,0.0395689987492753,1.5,8,95,2021-12-31,"Information-communication",0.0214147669734638,0.00597454514787366
2022-03-31,"T1-2022",2,0.0395689987492753,1.5,8,95,2021-12-31,"Finances et assurances",0.0118596036462315,0.0414257987284206
2022-03-31,"T1-2022",2,0.0395689987492753,1.5,8,95,2021-12-31,"Immobilier",0.00901618150144863,-0.00613333557758722
2022-03-31,"T1-2022",2,0.0395689987492753,1.5,8,95,2021-12-31,"Services aux entreprises",0.0114763900633623,0.0467640057093828
2022-03-31,"T1-2022",2,0.0395689987492753,1.5,8,95,2021-12-31,"Administration publique",0.00956676264465348,0.0166954361468807
2022-03-31,"T1-2022",2,0.0395689987492753,1.5,8,95,2021-12-31,"Éducation-santé",0.00943510149065288,0.0228322535149648
2022-03-31,"T1-2022",2,0.0395689987492753,1.5,8,95,2021-12-31,"Autres services",0.00416624862869184,0.0243149233660027
2022-06-30,"T2-2022",2,0.0365627651443468,1,8,96,2022-03-31,"Agriculture",0.0094590102527439,-0.00714754922684868
2022-06-30,"T2-2022",2,0.0365627651443468,1,8,96,2022-03-31,"Pêche",-0.000175243541600336,0.0309075374630767
2022-06-30,"T2-2022",2,0.0365627651443468,1,8,96,2022-03-31,"Industrie d'extraction",0.0207467815319396,-0.0689421152185421
2022-06-30,"T2-2022",2,0.0365627651443468,1,8,96,2022-03-31,"Industrie de transformation",0.00798127572582743,0.0265199585031901
2022-06-30,"T2-2022",2,0.0365627651443468,1,8,96,2022-03-31,"Électricité, gaz, eau",0.0111161028363726,0.00902096583624079
2022-06-30,"T2-2022",2,0.0365627651443468,1,8,96,2022-03-31,"Construction",0.00923638063925402,-0.0038148328637746
2022-06-30,"T2-2022",2,0.0365627651443468,1,8,96,2022-03-31,"Commerce",0.00619107793211208,0.007272295596783
2022-06-30,"T2-2022",2,0.0365627651443468,1,8,96,2022-03-31,"Transports",0.0111405510752218,0.0331947459481938
2022-06-30,"T2-2022",2,0.0365627651443468,1,8,96,2022-03-31,"Hébergement-restauration",0.0100962681369822,0.185682194782517
2022-06-30,"T2-2022",2,0.0365627651443468,1,8,96,2022-03-31,"Information-communication",0.0223742415761555,0.00161153463684727
2022-06-30,"T2-2022",2,0.0365627651443468,1,8,96,2022-03-31,"Finances et assurances",0.0122908502458726,0.031410255383383
2022-06-30,"T2-2022",2,0.0365627651443468,1,8,96,2022-03-31,"Immobilier",0.00952360595914048,0.000982294226966829
2022-06-30,"T2-2022",2,0.0365627651443468,1,8,96,2022-03-31,"Services aux entreprises",0.0131703903897029,0.010881697664729
2022-06-30,"T2-2022",2,0.0365627651443468,1,8,96,2022-03-31,"Administration publique",0.00869367972899233,0.0103354390450736
2022-06-30,"T2-2022",2,0.0365627651443468,1,8,96,2022-03-31,"Éducation-santé",0.00996832584704055,0.0145617040986501
2022-06-30,"T2-2022",2,0.0365627651443468,1,8,96,2022-03-31,"Autres services",0.00278527787963575,0.0126500421906393
2022-09-30,"T3-2022",3,0.0374885422770412,0.5,7,97,2022-06-30,"Agriculture",0.003957204692481,0.0022277626879923
2022-09-30,"T3-2022",3,0.0374885422770412,0.5,7,97,2022-06-30,"Pêche",0.00311213458101047,-0.424362348289532
2022-09-30,"T3-2022",3,0.0374885422770412,0.5,7,97,2022-06-30,"Industrie d'extraction",0.00969542753409443,-0.0421248811824597
2022-09-30,"T3-2022",3,0.0374885422770412,0.5,7,97,2022-06-30,"Industrie de transformation",0.00957575710848014,0.00503674468161641
2022-09-30,"T3-2022",3,0.0374885422770412,0.5,7,97,2022-06-30,"Électricité, gaz, eau",0.0117854211849548,-0.00480416973629261
2022-09-30,"T3-2022",3,0.0374885422770412,0.5,7,97,2022-06-30,"Construction",0.0088818641192418,-0.0309753266623467
2022-09-30,"T3-2022",3,0.0374885422770412,0.5,7,97,2022-06-30,"Commerce",0.00789595555450624,-0.00708032889736465
2022-09-30,"T3-2022",3,0.0374885422770412,0.5,7,97,2022-06-30,"Transports",0.0122061351734691,0.0296892895055922
2022-09-30,"T3-2022",3,0.0374885422770412,0.5,7,97,2022-06-30,"Hébergement-restauration",0.0177645607675224,0.172534150339882
2022-09-30,"T3-2022",3,0.0374885422770412,0.5,7,97,2022-06-30,"Information-communication",0.0193218689122779,0.0112829099708271
2022-09-30,"T3-2022",3,0.0374885422770412,0.5,7,97,2022-06-30,"Finances et assurances",0.0138281071378301,0.0122236867003789
2022-09-30,"T3-2022",3,0.0374885422770412,0.5,7,97,2022-06-30,"Immobilier",0.00841182050470035,0.00192740181735829
2022-09-30,"T3-2022",3,0.0374885422770412,0.5,7,97,2022-06-30,"Services aux entreprises",0.013698660861957,0.0220326309552998
2022-09-30,"T3-2022",3,0.0374885422770412,0.5,7,97,2022-06-30,"Administration publique",0.00771024189892131,0.00856011434605897
2022-09-30,"T3-2022",3,0.0374885422770412,0.5,7,97,2022-06-30,"Éducation-santé",0.00926588670808509,0.0134330473693307
2022-09-30,"T3-2022",3,0.0374885422770412,0.5,7,97,2022-06-30,"Autres services",0.00496245638628404,0.0100060653211909
2022-12-31,"T4-2022",4,0.0909149545027575,2,7,98,2022-09-30,"Agriculture",-0.00609200798322126,-0.00919879348349895
2022-12-31,"T4-2022",4,0.0909149545027575,2,7,98,2022-09-30,"Pêche",0.0211587764184412,0.537806048836181
2022-12-31,"T4-2022",4,0.0909149545027575,2,7,98,2022-09-30,"Industrie d'extraction",0.00519363304535769,-0.216757201746969
2022-12-31,"T4-2022",4,0.0909149545027575,2,7,98,2022-09-30,"Industrie de transformation",0.00959049955161093,-0.00375576483451212
2022-12-31,"T4-2022",4,0.0909149545027575,2,7,98,2022-09-30,"Électricité, gaz, eau",0.0164287285184849,-0.0308377748401991
2022-12-31,"T4-2022",4,0.0909149545027575,2,7,98,2022-09-30,"Construction",0.00502176900630458,-0.0138810252956052
2022-12-31,"T4-2022",4,0.0909149545027575,2,7,98,2022-09-30,"Commerce",0.00534596443128551,0.0110248570649674
2022-12-31,"T4-2022",4,0.0909149545027575,2,7,98,2022-09-30,"Transports",0.0132427908480447,-0.00518075012109698
2022-12-31,"T4-2022",4,0.0909149545027575,2,7,98,2022-09-30,"Hébergement-restauration",0.0418994154394745,0.0347188375472669
2022-12-31,"T4-2022",4,0.0909149545027575,2,7,98,2022-09-30,"Information-communication",0.0178847784462767,-0.0182958711637902
2022-12-31,"T4-2022",4,0.0909149545027575,2,7,98,2022-09-30,"Finances et assurances",0.0148010203077491,0.00818990746985371
2022-12-31,"T4-2022",4,0.0909149545027575,2,7,98,2022-09-30,"Immobilier",0.00914594280479493,0.00286217020537194
2022-12-31,"T4-2022",4,0.0909149545027575,2,7,98,2022-09-30,"Services aux entreprises",0.013658778037112,0.012256676526075
2022-12-31,"T4-2022",4,0.0909149545027575,2,7,98,2022-09-30,"Administration publique",0.0117346168099675,0.00682921881790222
2022-12-31,"T4-2022",4,0.0909149545027575,2,7,98,2022-09-30,"Éducation-santé",0.00950059799059052,0.0123382402410126
2022-12-31,"T4-2022",4,0.0909149545027575,2,7,98,2022-09-30,"Autres services",0.0036645249751964,0.00746624133835461
2023-03-31,"T1-2023",4,0.0819911066893764,1.5,6,99,2022-12-31,"Agriculture",0.0252284939868304,0.0350757280012495
2023-03-31,"T1-2023",4,0.0819911066893764,1.5,6,99,2022-12-31,"Pêche",-0.0851770901785509,-0.196422814008341
2023-03-31,"T1-2023",4,0.0819911066893764,1.5,6,99,2022-12-31,"Industrie d'extraction",0.0292897627901745,0.0973621473997142
2023-03-31,"T1-2023",4,0.0819911066893764,1.5,6,99,2022-12-31,"Industrie de transformation",0.00949709494001025,0.00769564383733545
2023-03-31,"T1-2023",4,0.0819911066893764,1.5,6,99,2022-12-31,"Électricité, gaz, eau",0.00491119316459571,-0.122401604802485
2023-03-31,"T1-2023",4,0.0819911066893764,1.5,6,99,2022-12-31,"Construction",0.00137059462271156,0.0264176726138974
2023-03-31,"T1-2023",4,0.0819911066893764,1.5,6,99,2022-12-31,"Commerce",0.00412565968777209,0.0160767305589786
2023-03-31,"T1-2023",4,0.0819911066893764,1.5,6,99,2022-12-31,"Transports",0.0170919938318446,0.0341097935940446
2023-03-31,"T1-2023",4,0.0819911066893764,1.5,6,99,2022-12-31,"Hébergement-restauration",0.0360670184708599,0.0350713189035368
2023-03-31,"T1-2023",4,0.0819911066893764,1.5,6,99,2022-12-31,"Information-communication",0.00658965832462748,0.0550902776591649
2023-03-31,"T1-2023",4,0.0819911066893764,1.5,6,99,2022-12-31,"Finances et assurances",0.0098605338753833,0.0177076136496304
2023-03-31,"T1-2023",4,0.0819911066893764,1.5,6,99,2022-12-31,"Immobilier",0.00320022411002661,0.0186492473499342
2023-03-31,"T1-2023",4,0.0819911066893764,1.5,6,99,2022-12-31,"Services aux entreprises",0.0145288627443468,0.0181934991504722
2023-03-31,"T1-2023",4,0.0819911066893764,1.5,6,99,2022-12-31,"Administration publique",0.0213879847558775,-0.00225596783675819
2023-03-31,"T1-2023",4,0.0819911066893764,1.5,6,99,2022-12-31,"Éducation-santé",0.010185351022528,0.00554624253136105
2023-03-31,"T1-2023",4,0.0819911066893764,1.5,6,99,2022-12-31,"Autres services",0.0055407315900614,-0.00654680050990564
2023-06-30,"T2-2023",4,0.0632086746392659,1,7,100,2023-03-31,"Agriculture",0.00363703031476224,-0.0122701816794795
2023-06-30,"T2-2023",4,0.0632086746392659,1,7,100,2023-03-31,"Pêche",0.0204885639305283,0.108653138186501
2023-06-30,"T2-2023",4,0.0632086746392659,1,7,100,2023-03-31,"Industrie d'extraction",-0.00724115442567746,2.03357431196594e-05
2023-06-30,"T2-2023",4,0.0632086746392659,1,7,100,2023-03-31,"Industrie de transformation",0.00903291643165808,-0.0170061439275049
2023-06-30,"T2-2023",4,0.0632086746392659,1,7,100,2023-03-31,"Électricité, gaz, eau",0.0167429521213334,0.0472201858772916
2023-06-30,"T2-2023",4,0.0632086746392659,1,7,100,2023-03-31,"Construction",0.0102549162102403,0.00252741405244095
2023-06-30,"T2-2023",4,0.0632086746392659,1,7,100,2023-03-31,"Commerce",0.00632108389055682,0.00646517716538497
2023-06-30,"T2-2023",4,0.0632086746392659,1,7,100,2023-03-31,"Transports",0.00814437110334127,0.0106539923050857
2023-06-30,"T2-2023",4,0.0632086746392659,1,7,100,2023-03-31,"Hébergement-restauration",0.0174644954644923,0.0285381802766143
2023-06-30,"T2-2023",4,0.0632086746392659,1,7,100,2023-03-31,"Information-communication",0.0239339350561539,0.0108067356801964
2023-06-30,"T2-2023",4,0.0632086746392659,1,7,100,2023-03-31,"Finances et assurances",0.0147002203889168,0.0142309413674457
2023-06-30,"T2-2023",4,0.0632086746392659,1,7,100,2023-03-31,"Immobilier",0.0117933011869318,0.00433516318523708
2023-06-30,"T2-2023",4,0.0632086746392659,1,7,100,2023-03-31,"Services aux entreprises",0.015587495523745,0.0158151524330918
2023-06-30,"T2-2023",4,0.0632086746392659,1,7,100,2023-03-31,"Administration publique",0.0184756591164899,0.00644343103267175
2023-06-30,"T2-2023",4,0.0632086746392659,1,7,100,2023-03-31,"Éducation-santé",0.00875983985146731,0.0125980443471505
2023-06-30,"T2-2023",4,0.0632086746392659,1,7,100,2023-03-31,"Autres services",0.00414466516298909,0.00711056648142794
2023-09-30,"T3-2023",2,0.031176314542338,0.5,8,101,2023-06-30,"Agriculture",0.00556184645374601,-0.00378759914928928
2023-09-30,"T3-2023",2,0.031176314542338,0.5,8,101,2023-06-30,"Pêche",-0.00733238796590109,0.0833031314032056
2023-09-30,"T3-2023",2,0.031176314542338,0.5,8,101,2023-06-30,"Industrie d'extraction",0.00866230564705127,0.0733392840223264
2023-09-30,"T3-2023",2,0.031176314542338,0.5,8,101,2023-06-30,"Industrie de transformation",0.0088094922397776,0.0317188158621384
2023-09-30,"T3-2023",2,0.031176314542338,0.5,8,101,2023-06-30,"Électricité, gaz, eau",0.00858480447681304,0.00207719445817389
2023-09-30,"T3-2023",2,0.031176314542338,0.5,8,101,2023-06-30,"Construction",0.0087000006609335,0.00248876146185317
2023-09-30,"T3-2023",2,0.031176314542338,0.5,8,101,2023-06-30,"Commerce",0.00572550601442212,0.00237756549880963
2023-09-30,"T3-2023",2,0.031176314542338,0.5,8,101,2023-06-30,"Transports",0.0110643979483545,0.00294728832205848
2023-09-30,"T3-2023",2,0.031176314542338,0.5,8,101,2023-06-30,"Hébergement-restauration",0.0177715768358601,0.0131680998376478
2023-09-30,"T3-2023",2,0.031176314542338,0.5,8,101,2023-06-30,"Information-communication",0.0210429570675845,-0.00473773465213512
2023-09-30,"T3-2023",2,0.031176314542338,0.5,8,101,2023-06-30,"Finances et assurances",0.0138909190340834,0.0138611051650379
2023-09-30,"T3-2023",2,0.031176314542338,0.5,8,101,2023-06-30,"Immobilier",0.00903871660149807,0.000940152450292331
2023-09-30,"T3-2023",2,0.031176314542338,0.5,8,101,2023-06-30,"Services aux entreprises",0.0129553413591117,0.0197986861667374
2023-09-30,"T3-2023",2,0.031176314542338,0.5,8,101,2023-06-30,"Administration publique",0.00993846811246599,0.00768794217927926
2023-09-30,"T3-2023",2,0.031176314542338,0.5,8,101,2023-06-30,"Éducation-santé",0.00993973547400315,0.0137970404457572
2023-09-30,"T3-2023",2,0.031176314542338,0.5,8,101,2023-06-30,"Autres services",0.00566529683384771,0.00919006254286181
2023-12-31,"T4-2023",5,0.107058039960802,2,7,102,2023-09-30,"Agriculture",0.0235561948801528,-0.00788085316350973
2023-12-31,"T4-2023",5,0.107058039960802,2,7,102,2023-09-30,"Pêche",-0.0112094913306088,-0.169722558184949
2023-12-31,"T4-2023",5,0.107058039960802,2,7,102,2023-09-30,"Industrie d'extraction",-0.000896764388484034,0.113749741354164
2023-12-31,"T4-2023",5,0.107058039960802,2,7,102,2023-09-30,"Industrie de transformation",0.00509751789318947,0.0560799603193818
2023-12-31,"T4-2023",5,0.107058039960802,2,7,102,2023-09-30,"Électricité, gaz, eau",0.0133204612169981,-0.0104818116311538
2023-12-31,"T4-2023",5,0.107058039960802,2,7,102,2023-09-30,"Construction",0.00693905551430475,0.00486264809430104
2023-12-31,"T4-2023",5,0.107058039960802,2,7,102,2023-09-30,"Commerce",0.00324694141132473,0.00844315463132972
2023-12-31,"T4-2023",5,0.107058039960802,2,7,102,2023-09-30,"Transports",0.000691444645788297,0.0143046496502013
2023-12-31,"T4-2023",5,0.107058039960802,2,7,102,2023-09-30,"Hébergement-restauration",0.0168960811961114,0.00454308251082303
2023-12-31,"T4-2023",5,0.107058039960802,2,7,102,2023-09-30,"Information-communication",0.0182483090690289,-0.000895282531592656
2023-12-31,"T4-2023",5,0.107058039960802,2,7,102,2023-09-30,"Finances et assurances",0.0140112648383389,0.0205123675274645
2023-12-31,"T4-2023",5,0.107058039960802,2,7,102,2023-09-30,"Immobilier",0.00680146448015212,0.00367575702520995
2023-12-31,"T4-2023",5,0.107058039960802,2,7,102,2023-09-30,"Services aux entreprises",0.00889056223376721,0.011904827279416
2023-12-31,"T4-2023",5,0.107058039960802,2,7,102,2023-09-30,"Administration publique",0.011505317840584,0.00890364721697701
2023-12-31,"T4-2023",5,0.107058039960802,2,7,102,2023-09-30,"Éducation-santé",0.00998656489810028,0.0149488762170922
2023-12-31,"T4-2023",5,0.107058039960802,2,7,102,2023-09-30,"Autres services",0.00506736890187776,0.0112123027804802
2024-03-31,"T1-2024",5,0.104737149116331,2,8,103,2023-12-31,"Agriculture",0.0149214585764306,-0.0365847420386523
2024-03-31,"T1-2024",5,0.104737149116331,2,8,103,2023-12-31,"Pêche",0.0321943029255859,0.137736263229147
2024-03-31,"T1-2024",5,0.104737149116331,2,8,103,2023-12-31,"Industrie d'extraction",-0.00984357845914411,-0.0252607257677209
2024-03-31,"T1-2024",5,0.104737149116331,2,8,103,2023-12-31,"Industrie de transformation",0.0053036230535477,-0.0663244948448725
2024-03-31,"T1-2024",5,0.104737149116331,2,8,103,2023-12-31,"Électricité, gaz, eau",0.0222722417795464,0.0293667797510366
2024-03-31,"T1-2024",5,0.104737149116331,2,8,103,2023-12-31,"Construction",0.00750063107069851,0.0243786805323758
2024-03-31,"T1-2024",5,0.104737149116331,2,8,103,2023-12-31,"Commerce",0.00555246499214392,0.0184637520602795
2024-03-31,"T1-2024",5,0.104737149116331,2,8,103,2023-12-31,"Transports",-0.00011930428150073,0.0448609908773161
2024-03-31,"T1-2024",5,0.104737149116331,2,8,103,2023-12-31,"Hébergement-restauration",0.0176746152679738,-0.0256302512562794
2024-03-31,"T1-2024",5,0.104737149116331,2,8,103,2023-12-31,"Information-communication",0.0210546688741508,0.026793324234438
2024-03-31,"T1-2024",5,0.104737149116331,2,8,103,2023-12-31,"Finances et assurances",0.0157533574911074,0.034226988537851
2024-03-31,"T1-2024",5,0.104737149116331,2,8,103,2023-12-31,"Immobilier",0.00835513536735188,0.019358859355199
2024-03-31,"T1-2024",5,0.104737149116331,2,8,103,2023-12-31,"Services aux entreprises",0.00831569080403297,0.00835699534889045
2024-03-31,"T1-2024",5,0.104737149116331,2,8,103,2023-12-31,"Administration publique",0.0113967245476752,0.0269071361893101
2024-03-31,"T1-2024",5,0.104737149116331,2,8,103,2023-12-31,"Éducation-santé",0.0103208197965845,0.0169078161685654
2024-03-31,"T1-2024",5,0.104737149116331,2,8,103,2023-12-31,"Autres services",0.00591222705714625,0.0123355107969552
2024-06-30,"T2-2024",1,0.0349278491582718,0.5,7,104,2024-03-31,"Agriculture",0.00116566099343259,-0.00664188506091534
2024-06-30,"T2-2024",1,0.0349278491582718,0.5,7,104,2024-03-31,"Pêche",-0.00302814502527464,-0.124393100066797
2024-06-30,"T2-2024",1,0.0349278491582718,0.5,7,104,2024-03-31,"Industrie d'extraction",0.0134125995166855,0.0070152744335843
2024-06-30,"T2-2024",1,0.0349278491582718,0.5,7,104,2024-03-31,"Industrie de transformation",0.0101458223979333,-0.00790860641250291
2024-06-30,"T2-2024",1,0.0349278491582718,0.5,7,104,2024-03-31,"Électricité, gaz, eau",0.00737316359000585,-0.0474179307558522
2024-06-30,"T2-2024",1,0.0349278491582718,0.5,7,104,2024-03-31,"Construction",0.0105724448604855,0.0131434129712957
2024-06-30,"T2-2024",1,0.0349278491582718,0.5,7,104,2024-03-31,"Commerce",0.0069416337032158,0.000290896215341618
2024-06-30,"T2-2024",1,0.0349278491582718,0.5,7,104,2024-03-31,"Transports",0.014878461367281,0.0233315106872372
2024-06-30,"T2-2024",1,0.0349278491582718,0.5,7,104,2024-03-31,"Hébergement-restauration",0.0156434156638115,0.0863211664480215
2024-06-30,"T2-2024",1,0.0349278491582718,0.5,7,104,2024-03-31,"Information-communication",0.0247314692317778,0.001257668725545
2024-06-30,"T2-2024",1,0.0349278491582718,0.5,7,104,2024-03-31,"Finances et assurances",0.013729697055497,0.00677789865920531
2024-06-30,"T2-2024",1,0.0349278491582718,0.5,7,104,2024-03-31,"Immobilier",0.010323706411602,0.00208616686757601
2024-06-30,"T2-2024",1,0.0349278491582718,0.5,7,104,2024-03-31,"Services aux entreprises",0.0135762875479586,0.0133284155104878
2024-06-30,"T2-2024",1,0.0349278491582718,0.5,7,104,2024-03-31,"Administration publique",0.00712488034205459,0.0112365274243853
2024-06-30,"T2-2024",1,0.0349278491582718,0.5,7,104,2024-03-31,"Éducation-santé",0.0104575903954847,0.0170825792445601
2024-06-30,"T2-2024",1,0.0349278491582718,0.5,7,104,2024-03-31,"Autres services",0.00484989247997514,0.0150293485435213
2024-09-30,"T3-2024",2,0.0419966572031055,1,7,105,2024-06-30,"Agriculture",0.00222012853221105,-0.0112104142680227
2024-09-30,"T3-2024",2,0.0419966572031055,1,7,105,2024-06-30,"Pêche",0.0162443811730374,0.3409847439024
2024-09-30,"T3-2024",2,0.0419966572031055,1,7,105,2024-06-30,"Industrie d'extraction",0.0111587526145102,0.022117053793357
2024-09-30,"T3-2024",2,0.0419966572031055,1,7,105,2024-06-30,"Industrie de transformation",0.00691895300250297,0.069343487988764
2024-09-30,"T3-2024",2,0.0419966572031055,1,7,105,2024-06-30,"Électricité, gaz, eau",0.0117658201185831,0.100587875391312
2024-09-30,"T3-2024",2,0.0419966572031055,1,7,105,2024-06-30,"Construction",0.00754080486595122,0.0334036782533733
2024-09-30,"T3-2024",2,0.0419966572031055,1,7,105,2024-06-30,"Commerce",0.00659218049984048,0.0154439711545749
2024-09-30,"T3-2024",2,0.0419966572031055,1,7,105,2024-06-30,"Transports",0.00878334236570151,-0.000696765512168795
2024-09-30,"T3-2024",2,0.0419966572031055,1,7,105,2024-06-30,"Hébergement-restauration",0.0186582521991832,0.0395958337321503
2024-09-30,"T3-2024",2,0.0419966572031055,1,7,105,2024-06-30,"Information-communication",0.0216714594344862,-0.00629426164916325
2024-09-30,"T3-2024",2,0.0419966572031055,1,7,105,2024-06-30,"Finances et assurances",0.0132938858143099,0.0307983277209374
2024-09-30,"T3-2024",2,0.0419966572031055,1,7,105,2024-06-30,"Immobilier",0.00805831144615959,0.000572003912662211
2024-09-30,"T3-2024",2,0.0419966572031055,1,7,105,2024-06-30,"Services aux entreprises",0.0113653256270113,0.0253446994224049
2024-09-30,"T3-2024",2,0.0419966572031055,1,7,105,2024-06-30,"Administration publique",0.00422332767165331,0.0123431234125686
2024-09-30,"T3-2024",2,0.0419966572031055,1,7,105,2024-06-30,"Éducation-santé",0.0104393662454847,0.0180634761869047
2024-09-30,"T3-2024",2,0.0419966572031055,1,7,105,2024-06-30,"Autres services",0.00442810731812053,0.0167712964737525
2024-12-31,"T4-2024",1,0.0306639514194662,0.5,7,106,2024-09-30,"Agriculture",0.00389667779732688,-0.00435261931916919
2024-12-31,"T4-2024",1,0.0306639514194662,0.5,7,106,2024-09-30,"Pêche",-0.00885931164393119,-0.314903192186618
2024-12-31,"T4-2024",1,0.0306639514194662,0.5,7,106,2024-09-30,"Industrie d'extraction",0.00859012744437375,-0.0056609646746999
2024-12-31,"T4-2024",1,0.0306639514194662,0.5,7,106,2024-09-30,"Industrie de transformation",0.00739212769858457,0.0165418381598617
2024-12-31,"T4-2024",1,0.0306639514194662,0.5,7,106,2024-09-30,"Électricité, gaz, eau",0.00778918186518608,0.0115181001740545
2024-12-31,"T4-2024",1,0.0306639514194662,0.5,7,106,2024-09-30,"Construction",0.00902142194442809,0.00587796447580935
2024-12-31,"T4-2024",1,0.0306639514194662,0.5,7,106,2024-09-30,"Commerce",0.00670576123591258,0.00571468262867647
2024-12-31,"T4-2024",1,0.0306639514194662,0.5,7,106,2024-09-30,"Transports",0.00863875431731276,0.0179385719466758
2024-12-31,"T4-2024",1,0.0306639514194662,0.5,7,106,2024-09-30,"Hébergement-restauration",0.0135205249272131,0.0126078965454273
2024-12-31,"T4-2024",1,0.0306639514194662,0.5,7,106,2024-09-30,"Information-communication",0.0223145028126143,0.0171119883477697
2024-12-31,"T4-2024",1,0.0306639514194662,0.5,7,106,2024-09-30,"Finances et assurances",0.0146411711588781,0.024404004984877
2024-12-31,"T4-2024",1,0.0306639514194662,0.5,7,106,2024-09-30,"Immobilier",0.00858221767094556,0.00271140021348693
2024-12-31,"T4-2024",1,0.0306639514194662,0.5,7,106,2024-09-30,"Services aux entreprises",0.0114169998992228,0.0160335393842974
2024-12-31,"T4-2024",1,0.0306639514194662,0.5,7,106,2024-09-30,"Administration publique",0.0115078263141678,0.013410467532875
2024-12-31,"T4-2024",1,0.0306639514194662,0.5,7,106,2024-09-30,"Éducation-santé",0.0104333647812413,0.0189906473331884
2024-12-31,"T4-2024",1,0.0306639514194662,0.5,7,106,2024-09-30,"Autres services",0.00602321937219937,0.0184973490283724
2025-03-31,"T1-2025",4,0.116483274504732,2,7,107,2024-12-31,"Agriculture",0.00480642550169154,0.100359632990509
2025-03-31,"T1-2025",4,0.116483274504732,2,7,107,2024-12-31,"Pêche",0.0698904733558483,0.0879705045311976
2025-03-31,"T1-2025",4,0.116483274504732,2,7,107,2024-12-31,"Industrie d'extraction",-0.00797111829592025,0.0657933092045351
2025-03-31,"T1-2025",4,0.116483274504732,2,7,107,2024-12-31,"Industrie de transformation",0.00404058842863856,-0.0681965626927639
2025-03-31,"T1-2025",4,0.116483274504732,2,7,107,2024-12-31,"Électricité, gaz, eau",0.0163996483811137,-0.0640900842189289
2025-03-31,"T1-2025",4,0.116483274504732,2,7,107,2024-12-31,"Construction",0.0107764162004622,0.0164348782556303
2025-03-31,"T1-2025",4,0.116483274504732,2,7,107,2024-12-31,"Commerce",0.00694655096532436,0.0248772545888567
2025-03-31,"T1-2025",4,0.116483274504732,2,7,107,2024-12-31,"Transports",0.00746259335818907,-2.13944930589349e-05
2025-03-31,"T1-2025",4,0.116483274504732,2,7,107,2024-12-31,"Hébergement-restauration",0.0373153618512822,-0.0551888649837782
2025-03-31,"T1-2025",4,0.116483274504732,2,7,107,2024-12-31,"Information-communication",0.024233519924589,-0.0293164263615733
2025-03-31,"T1-2025",4,0.116483274504732,2,7,107,2024-12-31,"Finances et assurances",0.0169947542814617,-0.00576523644903126
2025-03-31,"T1-2025",4,0.116483274504732,2,7,107,2024-12-31,"Immobilier",0.0102451841916419,0.0241904984463055
2025-03-31,"T1-2025",4,0.116483274504732,2,7,107,2024-12-31,"Services aux entreprises",0.0116867442011139,-0.0153565744378081
2025-03-31,"T1-2025",4,0.116483274504732,2,7,107,2024-12-31,"Administration publique",0.00942809299920487,-0.00442491005711076
2025-03-31,"T1-2025",4,0.116483274504732,2,7,107,2024-12-31,"Éducation-santé",0.012957654789895,0.0121051266911252
2025-03-31,"T1-2025",4,0.116483274504732,2,7,107,2024-12-31,"Autres services",0.0109298958901604,-0.0189503501686215
2025-06-30,"T2-2025",3,0.0557235979808451,1,5,108,2025-03-31,"Agriculture",0.0010681782940441,-0.00473311427913181
2025-06-30,"T2-2025",3,0.0557235979808451,1,5,108,2025-03-31,"Pêche",0.0116477655842803,-0.202438183367684
2025-06-30,"T2-2025",3,0.0557235979808451,1,5,108,2025-03-31,"Industrie d'extraction",0.023742819052498,0.046428686738258
2025-06-30,"T2-2025",3,0.0557235979808451,1,5,108,2025-03-31,"Industrie de transformation",0.00996361567238173,0.0247579899121657
2025-06-30,"T2-2025",3,0.0557235979808451,1,5,108,2025-03-31,"Électricité, gaz, eau",0.0209032412501338,-0.0109469608200001
2025-06-30,"T2-2025",3,0.0557235979808451,1,5,108,2025-03-31,"Construction",0.0111057481407055,0.0173260458459641
2025-06-30,"T2-2025",3,0.0557235979808451,1,5,108,2025-03-31,"Commerce",0.00573931300723424,0.00124917416875725
2025-06-30,"T2-2025",3,0.0557235979808451,1,5,108,2025-03-31,"Transports",0.0121017134674558,0.0262253345690056
2025-06-30,"T2-2025",3,0.0557235979808451,1,5,108,2025-03-31,"Hébergement-restauration",0.0115983032844378,0.0935791648916222
2025-06-30,"T2-2025",3,0.0557235979808451,1,5,108,2025-03-31,"Information-communication",0.0221502707613554,0.0212659373554622
2025-06-30,"T2-2025",3,0.0557235979808451,1,5,108,2025-03-31,"Finances et assurances",0.0131166084060867,-0.000740007216192495
2025-06-30,"T2-2025",3,0.0557235979808451,1,5,108,2025-03-31,"Immobilier",0.00980279651170369,0.00225126559195132
2025-06-30,"T2-2025",3,0.0557235979808451,1,5,108,2025-03-31,"Services aux entreprises",0.0128641708743371,0.0162113534410686
2025-06-30,"T2-2025",3,0.0557235979808451,1,5,108,2025-03-31,"Administration publique",0.00950331128977868,0.00647648523431243
2025-06-30,"T2-2025",3,0.0557235979808451,1,5,108,2025-03-31,"Éducation-santé",0.00952940285187955,0.0123635905237283
2025-06-30,"T2-2025",3,0.0557235979808451,1,5,108,2025-03-31,"Autres services",0.00109890973121104,0.0150153346347945
2025-09-30,"T3-2025",2,0.0565803832349745,2,5,109,2025-06-30,"Agriculture",0.0110220129883565,-0.0140787530247088
2025-09-30,"T3-2025",2,0.0565803832349745,2,5,109,2025-06-30,"Pêche",0.0469071869359351,0.141488674493727
2025-09-30,"T3-2025",2,0.0565803832349745,2,5,109,2025-06-30,"Industrie d'extraction",0.000506588676821092,-0.0306857679206729
2025-09-30,"T3-2025",2,0.0565803832349745,2,5,109,2025-06-30,"Industrie de transformation",0.0071168794181092,0.0308834262611075
2025-09-30,"T3-2025",2,0.0565803832349745,2,5,109,2025-06-30,"Électricité, gaz, eau",0.0145466146290205,0.0726483567256153
2025-09-30,"T3-2025",2,0.0565803832349745,2,5,109,2025-06-30,"Construction",0.00834907634842199,0.0230301767543057
2025-09-30,"T3-2025",2,0.0565803832349745,2,5,109,2025-06-30,"Commerce",0.00734920802397538,0.00388237799968039
2025-09-30,"T3-2025",2,0.0565803832349745,2,5,109,2025-06-30,"Transports",0.00691333943636892,-0.00840283920981122
2025-09-30,"T3-2025",2,0.0565803832349745,2,5,109,2025-06-30,"Hébergement-restauration",0.0147496537577987,0.0109571254893179
2025-09-30,"T3-2025",2,0.0565803832349745,2,5,109,2025-06-30,"Information-communication",0.0202156715306706,-0.0160974475343618
2025-09-30,"T3-2025",2,0.0565803832349745,2,5,109,2025-06-30,"Finances et assurances",0.0121431557847343,0.0383171453817219
2025-09-30,"T3-2025",2,0.0565803832349745,2,5,109,2025-06-30,"Immobilier",0.00879022210120843,0.00139883513399042
2025-09-30,"T3-2025",2,0.0565803832349745,2,5,109,2025-06-30,"Services aux entreprises",0.0115182911122675,0.0118209394470856
2025-09-30,"T3-2025",2,0.0565803832349745,2,5,109,2025-06-30,"Administration publique",0.0123235568880888,0.0123431977928004
2025-09-30,"T3-2025",2,0.0565803832349745,2,5,109,2025-06-30,"Éducation-santé",0.0103153142788605,0.018061895470737
2025-09-30,"T3-2025",2,0.0565803832349745,2,5,109,2025-06-30,"Autres services",0.00598519225193543,0.0129835159233256
2025-12-31,"T4-2025",3,0.0834015512047799,2,5,110,2025-09-30,"Agriculture",0.0061162562436078,-0.00148214583971118
2025-12-31,"T4-2025",3,0.0834015512047799,2,5,110,2025-09-30,"Pêche",-0.06053298572125,-0.181089428496749
2025-12-31,"T4-2025",3,0.0834015512047799,2,5,110,2025-09-30,"Industrie d'extraction",0.00387901013032952,-0.0912476795593946
2025-12-31,"T4-2025",3,0.0834015512047799,2,5,110,2025-09-30,"Industrie de transformation",0.00722150265812272,0.0330754169078045
2025-12-31,"T4-2025",3,0.0834015512047799,2,5,110,2025-09-30,"Électricité, gaz, eau",-0.00561992620699645,-0.0191714590402032
2025-12-31,"T4-2025",3,0.0834015512047799,2,5,110,2025-09-30,"Construction",0.00878617933429037,-0.000376710311417838
2025-12-31,"T4-2025",3,0.0834015512047799,2,5,110,2025-09-30,"Commerce",0.00650358951918271,0.00474667366104242
2025-12-31,"T4-2025",3,0.0834015512047799,2,5,110,2025-09-30,"Transports",0.0117068666480418,0.0256348485772033
2025-12-31,"T4-2025",3,0.0834015512047799,2,5,110,2025-09-30,"Hébergement-restauration",0.0191445701728367,-0.0117140608570061
2025-12-31,"T4-2025",3,0.0834015512047799,2,5,110,2025-09-30,"Information-communication",0.0236013882588358,0.0239716974815245
2025-12-31,"T4-2025",3,0.0834015512047799,2,5,110,2025-09-30,"Finances et assurances",0.0161887632976205,0.02252710319177
2025-12-31,"T4-2025",3,0.0834015512047799,2,5,110,2025-09-30,"Immobilier",0.00859530181841989,0.00356943094849527
2025-12-31,"T4-2025",3,0.0834015512047799,2,5,110,2025-09-30,"Services aux entreprises",0.012590105225435,0.0209580487041574
2025-12-31,"T4-2025",3,0.0834015512047799,2,5,110,2025-09-30,"Administration publique",0.0176495565588782,0.030440232652948
2025-12-31,"T4-2025",3,0.0834015512047799,2,5,110,2025-09-30,"Éducation-santé",0.0122175054923907,0.0265337204450979
2025-12-31,"T4-2025",3,0.0834015512047799,2,5,110,2025-09-30,"Autres services",0.00791201965919312,0.00925842301949231
2026-03-31,"T1-2026",4,0.100837208112133,1.5,5,111,2025-12-31,"Agriculture",0.0213610005199623,0.189386571246226
2026-03-31,"T1-2026",4,0.100837208112133,1.5,5,111,2025-12-31,"Pêche",0.053549101411741,0.222874852773161
2026-03-31,"T1-2026",4,0.100837208112133,1.5,5,111,2025-12-31,"Industrie d'extraction",-0.00523553901199326,0.0429938589024168
2026-03-31,"T1-2026",4,0.100837208112133,1.5,5,111,2025-12-31,"Industrie de transformation",-0.00184682985651775,-0.101743963623765
2026-03-31,"T1-2026",4,0.100837208112133,1.5,5,111,2025-12-31,"Électricité, gaz, eau",0.00390440593123111,-0.0771317041623973
2026-03-31,"T1-2026",4,0.100837208112133,1.5,5,111,2025-12-31,"Construction",0.0111984473797093,-0.0250954841631064
2026-03-31,"T1-2026",4,0.100837208112133,1.5,5,111,2025-12-31,"Commerce",0.00558437278021224,0.030304457095939
2026-03-31,"T1-2026",4,0.100837208112133,1.5,5,111,2025-12-31,"Transports",0.00521837220506411,0.00343555107293625
2026-03-31,"T1-2026",4,0.100837208112133,1.5,5,111,2025-12-31,"Hébergement-restauration",0.0214278838335228,-0.0149369838672992
2026-03-31,"T1-2026",4,0.100837208112133,1.5,5,111,2025-12-31,"Information-communication",0.0188829454122323,-0.00933597860249158
2026-03-31,"T1-2026",4,0.100837208112133,1.5,5,111,2025-12-31,"Finances et assurances",0.0145541845518335,0.0131482423939122
2026-03-31,"T1-2026",4,0.100837208112133,1.5,5,111,2025-12-31,"Immobilier",0.0113771026213591,0.0145414287128816
2026-03-31,"T1-2026",4,0.100837208112133,1.5,5,111,2025-12-31,"Services aux entreprises",0.00942445621415232,-0.0291851308899833
2026-03-31,"T1-2026",4,0.100837208112133,1.5,5,111,2025-12-31,"Administration publique",0.0126908240303808,-0.0167909762238896
2026-03-31,"T1-2026",4,0.100837208112133,1.5,5,111,2025-12-31,"Éducation-santé",0.0131656930705865,0.00413556773954937
2026-03-31,"T1-2026",4,0.100837208112133,1.5,5,111,2025-12-31,"Autres services",0.00493824964269822,-0.0253215390421762
