"selection","p","lambda","d","theta","rho","n_chocs","fenetre","origine","trimestre","n_obs_estimation","derniere_obs","branche","prevision","reel","erreur","rapport_variance","instable"
"bgr",4,0.0495413665346572,0.5,1,1,2,"extensive",2014-06-30,"T2-2014",64,"2014-03-31","Agriculture",0.0175030651021184,0.0364714396168857,0.0189683745147673,,FALSE
"bgr",4,0.0495413665346572,0.5,1,1,2,"extensive",2014-06-30,"T2-2014",64,"2014-03-31","Pêche",-0.000999570503781654,0.238884348531972,0.239883919035753,,FALSE
"bgr",4,0.0495413665346572,0.5,1,1,2,"extensive",2014-06-30,"T2-2014",64,"2014-03-31","Industrie d'extraction",0.017278995762863,-0.00618613651727884,-0.0234651322801418,,FALSE
"bgr",4,0.0495413665346572,0.5,1,1,2,"extensive",2014-06-30,"T2-2014",64,"2014-03-31","Industrie de transformation",0.00976839603108851,0.0134903455131372,0.0037219494820487,,FALSE
"bgr",4,0.0495413665346572,0.5,1,1,2,"extensive",2014-06-30,"T2-2014",64,"2014-03-31","Électricité, gaz, eau",0.0146477094499805,0.0332147863217731,0.0185670768717926,,FALSE
"bgr",4,0.0495413665346572,0.5,1,1,2,"extensive",2014-06-30,"T2-2014",64,"2014-03-31","Construction",0.0135342524661724,0.00447736474689187,-0.00905688771928054,,FALSE
"bgr",4,0.0495413665346572,0.5,1,1,2,"extensive",2014-06-30,"T2-2014",64,"2014-03-31","Commerce",0.0113431434777973,0.00951978546845211,-0.00182335800934521,,FALSE
"bgr",4,0.0495413665346572,0.5,1,1,2,"extensive",2014-06-30,"T2-2014",64,"2014-03-31","Transports",0.0141536051730765,0.028015303409596,0.0138616982365195,,FALSE
"bgr",4,0.0495413665346572,0.5,1,1,2,"extensive",2014-06-30,"T2-2014",64,"2014-03-31","Hébergement-restauration",0.00983910294422055,0.0579051413275486,0.0480660383833281,,FALSE
"bgr",4,0.0495413665346572,0.5,1,1,2,"extensive",2014-06-30,"T2-2014",64,"2014-03-31","Information-communication",0.0294778338878449,0.0185608138362312,-0.0109170200516137,,FALSE
"bgr",4,0.0495413665346572,0.5,1,1,2,"extensive",2014-06-30,"T2-2014",64,"2014-03-31","Finances et assurances",0.0140681567625369,0.00979204446059612,-0.00427611230194075,,FALSE
"bgr",4,0.0495413665346572,0.5,1,1,2,"extensive",2014-06-30,"T2-2014",64,"2014-03-31","Immobilier",0.0122596909319343,-0.00347586163623959,-0.0157355525681739,,FALSE
"bgr",4,0.0495413665346572,0.5,1,1,2,"extensive",2014-06-30,"T2-2014",64,"2014-03-31","Services aux entreprises",0.00973879881204478,0.0494666289321355,0.0397278301200907,,FALSE
"bgr",4,0.0495413665346572,0.5,1,1,2,"extensive",2014-06-30,"T2-2014",64,"2014-03-31","Administration publique",0.0138512153007248,0.00804065354743422,-0.00496754995968306,60.5288920097589,TRUE
"bgr",4,0.0495413665346572,0.5,1,1,2,"extensive",2014-06-30,"T2-2014",64,"2014-03-31","Éducation-santé",0.0106600140759994,0.00139425050418929,-0.00926576357181014,,FALSE
"bgr",4,0.0495413665346572,0.5,1,1,2,"extensive",2014-06-30,"T2-2014",64,"2014-03-31","Autres services",0.00557555629326804,0.000558900504858073,-0.00501665578840996,,FALSE
"bgr",4,0.0495917427034186,0.5,1,1,3,"extensive",2014-09-30,"T3-2014",65,"2014-06-30","Agriculture",0.00225184627887035,0.0235744177595567,0.0213225714806864,,FALSE
"bgr",4,0.0495917427034186,0.5,1,1,3,"extensive",2014-09-30,"T3-2014",65,"2014-06-30","Pêche",-0.0140790872750741,-0.0842585990548885,-0.0701795117798145,,FALSE
"bgr",4,0.0495917427034186,0.5,1,1,3,"extensive",2014-09-30,"T3-2014",65,"2014-06-30","Industrie d'extraction",0.018847408104959,-0.015888470256332,-0.034735878361291,,FALSE
"bgr",4,0.0495917427034186,0.5,1,1,3,"extensive",2014-09-30,"T3-2014",65,"2014-06-30","Industrie de transformation",0.00956973110133947,0.00323811979902189,-0.00633161130231758,,FALSE
"bgr",4,0.0495917427034186,0.5,1,1,3,"extensive",2014-09-30,"T3-2014",65,"2014-06-30","Électricité, gaz, eau",0.00788023198356382,-0.00679393605210521,-0.014674168035669,,FALSE
"bgr",4,0.0495917427034186,0.5,1,1,3,"extensive",2014-09-30,"T3-2014",65,"2014-06-30","Construction",0.0139608835007986,-0.000619901584931526,-0.0145807850857301,,FALSE
"bgr",4,0.0495917427034186,0.5,1,1,3,"extensive",2014-09-30,"T3-2014",65,"2014-06-30","Commerce",0.00841997445921111,-0.0115603603846139,-0.0199803348438251,,FALSE
"bgr",4,0.0495917427034186,0.5,1,1,3,"extensive",2014-09-30,"T3-2014",65,"2014-06-30","Transports",0.0131550204147149,-0.00329148743112206,-0.016446507845837,,FALSE
"bgr",4,0.0495917427034186,0.5,1,1,3,"extensive",2014-09-30,"T3-2014",65,"2014-06-30","Hébergement-restauration",0.00486007960335512,-0.100719732558025,-0.10557981216138,,FALSE
"bgr",4,0.0495917427034186,0.5,1,1,3,"extensive",2014-09-30,"T3-2014",65,"2014-06-30","Information-communication",0.0263629773244093,0.031275663358036,0.00491268603362665,,FALSE
"bgr",4,0.0495917427034186,0.5,1,1,3,"extensive",2014-09-30,"T3-2014",65,"2014-06-30","Finances et assurances",0.0146312688234217,0.0108712876306072,-0.00375998119281455,,FALSE
"bgr",4,0.0495917427034186,0.5,1,1,3,"extensive",2014-09-30,"T3-2014",65,"2014-06-30","Immobilier",0.0128905081004547,-0.00217718876892725,-0.0150676968693819,,FALSE
"bgr",4,0.0495917427034186,0.5,1,1,3,"extensive",2014-09-30,"T3-2014",65,"2014-06-30","Services aux entreprises",0.00966649435819523,0.034287117857092,0.0246206234988968,,FALSE
"bgr",4,0.0495917427034186,0.5,1,1,3,"extensive",2014-09-30,"T3-2014",65,"2014-06-30","Administration publique",0.0102427023305246,0.00828594872622368,-0.00419895927832498,61.8509390362923,TRUE
"bgr",4,0.0495917427034186,0.5,1,1,3,"extensive",2014-09-30,"T3-2014",65,"2014-06-30","Éducation-santé",0.0103401038674202,0.00154285344149763,-0.00879725042592254,,FALSE
"bgr",4,0.0495917427034186,0.5,1,1,3,"extensive",2014-09-30,"T3-2014",65,"2014-06-30","Autres services",0.0060901247126098,0.00162411851159838,-0.00446600620101142,,FALSE
"bgr",2,0.0457670340698818,2,1,1,3,"extensive",2014-12-31,"T4-2014",66,"2014-09-30","Agriculture",0.0200060122948302,0.0253025688850634,0.00529655659023325,,FALSE
"bgr",2,0.0457670340698818,2,1,1,3,"extensive",2014-12-31,"T4-2014",66,"2014-09-30","Pêche",-0.00560863183832511,0.0971925333013068,0.102801165139632,,FALSE
"bgr",2,0.0457670340698818,2,1,1,3,"extensive",2014-12-31,"T4-2014",66,"2014-09-30","Industrie d'extraction",0.0294840370491735,-0.0298633941618487,-0.0593474312110222,,FALSE
"bgr",2,0.0457670340698818,2,1,1,3,"extensive",2014-12-31,"T4-2014",66,"2014-09-30","Industrie de transformation",0.00953185613182733,-0.0476741243890952,-0.0572059805209226,,FALSE
"bgr",2,0.0457670340698818,2,1,1,3,"extensive",2014-12-31,"T4-2014",66,"2014-09-30","Électricité, gaz, eau",0.00858555759323919,-0.00857021450047135,-0.0171557720937105,,FALSE
"bgr",2,0.0457670340698818,2,1,1,3,"extensive",2014-12-31,"T4-2014",66,"2014-09-30","Construction",0.0135108994581792,-0.0170090243189662,-0.0305199237771454,,FALSE
"bgr",2,0.0457670340698818,2,1,1,3,"extensive",2014-12-31,"T4-2014",66,"2014-09-30","Commerce",0.00839443354473628,-0.0494865182085977,-0.057880951753334,,FALSE
"bgr",2,0.0457670340698818,2,1,1,3,"extensive",2014-12-31,"T4-2014",66,"2014-09-30","Transports",0.0142599898517394,0.00554226208478248,-0.00871772776695689,,FALSE
"bgr",2,0.0457670340698818,2,1,1,3,"extensive",2014-12-31,"T4-2014",66,"2014-09-30","Hébergement-restauration",0.0127718705720377,0.0187926552611444,0.00602078468910664,,FALSE
"bgr",2,0.0457670340698818,2,1,1,3,"extensive",2014-12-31,"T4-2014",66,"2014-09-30","Information-communication",0.0275667649108956,0.038634291236642,0.0110675263257464,,FALSE
"bgr",2,0.0457670340698818,2,1,1,3,"extensive",2014-12-31,"T4-2014",66,"2014-09-30","Finances et assurances",0.0121648395804871,0.00817212302553116,-0.00399271655495591,,FALSE
"bgr",2,0.0457670340698818,2,1,1,3,"extensive",2014-12-31,"T4-2014",66,"2014-09-30","Immobilier",0.0121689724626345,-0.00175178666395936,-0.0139207591265938,,FALSE
"bgr",2,0.0457670340698818,2,1,1,3,"extensive",2014-12-31,"T4-2014",66,"2014-09-30","Services aux entreprises",0.0107150501366471,0.00589867461622262,-0.00481637552042443,,FALSE
"bgr",2,0.0457670340698818,2,1,1,3,"extensive",2014-12-31,"T4-2014",66,"2014-09-30","Administration publique",0.00857360830961233,0.00852466054544543,-0.00265629786220788,58.8138129364125,TRUE
"bgr",2,0.0457670340698818,2,1,1,3,"extensive",2014-12-31,"T4-2014",66,"2014-09-30","Éducation-santé",0.0110268331130846,0.00169594854263799,-0.0093308845704466,,FALSE
"bgr",2,0.0457670340698818,2,1,1,3,"extensive",2014-12-31,"T4-2014",66,"2014-09-30","Autres services",0.0063658094775643,0.00273473278914338,-0.00363107668842092,,FALSE
"bgr",2,0.04302464760819,2,1,1,3,"extensive",2015-03-31,"T1-2015",67,"2014-12-31","Agriculture",0.0108141041806088,0.0521449979479787,0.0413308937673698,,FALSE
"bgr",2,0.04302464760819,2,1,1,3,"extensive",2015-03-31,"T1-2015",67,"2014-12-31","Pêche",-0.00244108431895587,-0.0182664312630081,-0.0158253469440522,,FALSE
"bgr",2,0.04302464760819,2,1,1,3,"extensive",2015-03-31,"T1-2015",67,"2014-12-31","Industrie d'extraction",0.0306349108556698,0.00890133635762247,-0.0217335744980473,,FALSE
"bgr",2,0.04302464760819,2,1,1,3,"extensive",2015-03-31,"T1-2015",67,"2014-12-31","Industrie de transformation",0.00850045489962514,0.0304379715047673,0.0219375166051422,,FALSE
"bgr",2,0.04302464760819,2,1,1,3,"extensive",2015-03-31,"T1-2015",67,"2014-12-31","Électricité, gaz, eau",0.00884921238223348,0.0437145225973961,0.0348653102151626,,FALSE
"bgr",2,0.04302464760819,2,1,1,3,"extensive",2015-03-31,"T1-2015",67,"2014-12-31","Construction",0.0119242811701445,-0.00530943948553997,-0.0172337206556844,,FALSE
"bgr",2,0.04302464760819,2,1,1,3,"extensive",2015-03-31,"T1-2015",67,"2014-12-31","Commerce",0.00618332612570919,0.0315083401930245,0.0253250140673153,,FALSE
"bgr",2,0.04302464760819,2,1,1,3,"extensive",2015-03-31,"T1-2015",67,"2014-12-31","Transports",0.0140194057609696,0.0274647989726873,0.0134453932117177,,FALSE
"bgr",2,0.04302464760819,2,1,1,3,"extensive",2015-03-31,"T1-2015",67,"2014-12-31","Hébergement-restauration",0.0117067939875733,0.0127819913735721,0.00107519738599875,,FALSE
"bgr",2,0.04302464760819,2,1,1,3,"extensive",2015-03-31,"T1-2015",67,"2014-12-31","Information-communication",0.024933012824293,0.00404829052809141,-0.0208847222962016,,FALSE
"bgr",2,0.04302464760819,2,1,1,3,"extensive",2015-03-31,"T1-2015",67,"2014-12-31","Finances et assurances",0.0121945974410465,0.0025733872860485,-0.00962121015499798,,FALSE
"bgr",2,0.04302464760819,2,1,1,3,"extensive",2015-03-31,"T1-2015",67,"2014-12-31","Immobilier",0.0114885194562888,0.000110265740545401,-0.0113782537157434,,FALSE
"bgr",2,0.04302464760819,2,1,1,3,"extensive",2015-03-31,"T1-2015",67,"2014-12-31","Services aux entreprises",0.0116289708974473,0.0275292125963489,0.0159002416989016,,FALSE
"bgr",2,0.04302464760819,2,1,1,3,"extensive",2015-03-31,"T1-2015",67,"2014-12-31","Administration publique",0.00858192192783103,0.00875673417691658,0.00827484451750574,60.1009760068877,TRUE
"bgr",2,0.04302464760819,2,1,1,3,"extensive",2015-03-31,"T1-2015",67,"2014-12-31","Éducation-santé",0.0105437106579427,0.00184308945596356,-0.00870062120197914,,FALSE
"bgr",2,0.04302464760819,2,1,1,3,"extensive",2015-03-31,"T1-2015",67,"2014-12-31","Autres services",0.00538846623775336,0.00381106678856646,-0.0015773994491869,,FALSE
"bgr",1,0.0294977680100901,0.5,1,1,2,"extensive",2015-06-30,"T2-2015",68,"2015-03-31","Agriculture",0.00817656924350645,0.0317672490600582,0.0235906798165518,,FALSE
"bgr",1,0.0294977680100901,0.5,1,1,2,"extensive",2015-06-30,"T2-2015",68,"2015-03-31","Pêche",0.00365731835177571,0.0112681719167798,0.00761085356500405,,FALSE
"bgr",1,0.0294977680100901,0.5,1,1,2,"extensive",2015-06-30,"T2-2015",68,"2015-03-31","Industrie d'extraction",0.0117541769572229,0.0247954892566806,0.0130413122994578,,FALSE
"bgr",1,0.0294977680100901,0.5,1,1,2,"extensive",2015-06-30,"T2-2015",68,"2015-03-31","Industrie de transformation",0.00792302098410826,0.0194938047357773,0.0115707837516691,,FALSE
"bgr",1,0.0294977680100901,0.5,1,1,2,"extensive",2015-06-30,"T2-2015",68,"2015-03-31","Électricité, gaz, eau",0.0100129920168948,0.00610525562054143,-0.00390773639635333,,FALSE
"bgr",1,0.0294977680100901,0.5,1,1,2,"extensive",2015-06-30,"T2-2015",68,"2015-03-31","Construction",0.0111879956953914,0.0209819845460189,0.00979398885062747,,FALSE
"bgr",1,0.0294977680100901,0.5,1,1,2,"extensive",2015-06-30,"T2-2015",68,"2015-03-31","Commerce",0.00771943368934421,0.0159370922398132,0.008217658550469,,FALSE
"bgr",1,0.0294977680100901,0.5,1,1,2,"extensive",2015-06-30,"T2-2015",68,"2015-03-31","Transports",0.0130427995271564,0.0238870417103634,0.010844242183207,,FALSE
"bgr",1,0.0294977680100901,0.5,1,1,2,"extensive",2015-06-30,"T2-2015",68,"2015-03-31","Hébergement-restauration",0.00659599488759563,0.0151974154132208,0.00860142052562521,,FALSE
"bgr",1,0.0294977680100901,0.5,1,1,2,"extensive",2015-06-30,"T2-2015",68,"2015-03-31","Information-communication",0.0290107895641515,-0.0211948620280431,-0.0502056515921946,,FALSE
"bgr",1,0.0294977680100901,0.5,1,1,2,"extensive",2015-06-30,"T2-2015",68,"2015-03-31","Finances et assurances",0.012426105066098,-0.000283635140750249,-0.0127097402068482,,FALSE
"bgr",1,0.0294977680100901,0.5,1,1,2,"extensive",2015-06-30,"T2-2015",68,"2015-03-31","Immobilier",0.0110016509265868,0.00268122505899093,-0.0083204258675959,,FALSE
"bgr",1,0.0294977680100901,0.5,1,1,2,"extensive",2015-06-30,"T2-2015",68,"2015-03-31","Services aux entreprises",0.011389402737841,0.0292942097996889,0.0179048070618479,,FALSE
"bgr",1,0.0294977680100901,0.5,1,1,2,"extensive",2015-06-30,"T2-2015",68,"2015-03-31","Administration publique",0.00984001420257788,0.00898212868578696,-0.000342820285612052,61.3989969272059,TRUE
"bgr",1,0.0294977680100901,0.5,1,1,2,"extensive",2015-06-30,"T2-2015",68,"2015-03-31","Éducation-santé",0.0101014001090094,0.00199457500565536,-0.00810682510335404,,FALSE
"bgr",1,0.0294977680100901,0.5,1,1,2,"extensive",2015-06-30,"T2-2015",68,"2015-03-31","Autres services",0.00574025857158791,0.00485004783011078,-0.000890210741477129,,FALSE
"bgr",3,0.064983932416585,1.5,1,1,2,"extensive",2015-09-30,"T3-2015",69,"2015-06-30","Agriculture",0.00903393990976414,0.0329272719732145,0.0238933320634504,,FALSE
"bgr",3,0.064983932416585,1.5,1,1,2,"extensive",2015-09-30,"T3-2015",69,"2015-06-30","Pêche",-0.000999300630460134,-0.0240378912771044,-0.0230385906466443,,FALSE
"bgr",3,0.064983932416585,1.5,1,1,2,"extensive",2015-09-30,"T3-2015",69,"2015-06-30","Industrie d'extraction",0.0121890669862214,0.0237021448250037,0.0115130778387822,,FALSE
"bgr",3,0.064983932416585,1.5,1,1,2,"extensive",2015-09-30,"T3-2015",69,"2015-06-30","Industrie de transformation",0.0085700197758126,0.00620713596259748,-0.00236288381321513,,FALSE
"bgr",3,0.064983932416585,1.5,1,1,2,"extensive",2015-09-30,"T3-2015",69,"2015-06-30","Électricité, gaz, eau",0.0117712031787603,0.0103469379268244,-0.00142426525193591,,FALSE
"bgr",3,0.064983932416585,1.5,1,1,2,"extensive",2015-09-30,"T3-2015",69,"2015-06-30","Construction",0.0120684962486412,0.0115194109871428,-0.000549085261498425,,FALSE
"bgr",3,0.064983932416585,1.5,1,1,2,"extensive",2015-09-30,"T3-2015",69,"2015-06-30","Commerce",0.00742562113757371,-0.0019131817420277,-0.00933880287960141,,FALSE
"bgr",3,0.064983932416585,1.5,1,1,2,"extensive",2015-09-30,"T3-2015",69,"2015-06-30","Transports",0.0139908746054988,-0.000400525138307017,-0.0143913997438058,,FALSE
"bgr",3,0.064983932416585,1.5,1,1,2,"extensive",2015-09-30,"T3-2015",69,"2015-06-30","Hébergement-restauration",0.0043976729383019,-0.0394942050942486,-0.0438918780325505,,FALSE
"bgr",3,0.064983932416585,1.5,1,1,2,"extensive",2015-09-30,"T3-2015",69,"2015-06-30","Information-communication",0.0252990436434834,-0.0255461304946749,-0.0508451741381583,,FALSE
"bgr",3,0.064983932416585,1.5,1,1,2,"extensive",2015-09-30,"T3-2015",69,"2015-06-30","Finances et assurances",0.0129537372037148,0.00555168992811517,-0.00740204727559964,,FALSE
"bgr",3,0.064983932416585,1.5,1,1,2,"extensive",2015-09-30,"T3-2015",69,"2015-06-30","Immobilier",0.0111695819997516,0.00388518358887602,-0.00728439841087558,,FALSE
"bgr",3,0.064983932416585,1.5,1,1,2,"extensive",2015-09-30,"T3-2015",69,"2015-06-30","Services aux entreprises",0.0113367079977479,0.0116303474886887,0.000293639490940823,,FALSE
"bgr",3,0.064983932416585,1.5,1,1,2,"extensive",2015-09-30,"T3-2015",69,"2015-06-30","Administration publique",0.0106550906912346,0.0091965507824483,-0.003782643305534,58.7270503422324,TRUE
"bgr",3,0.064983932416585,1.5,1,1,2,"extensive",2015-09-30,"T3-2015",69,"2015-06-30","Éducation-santé",0.00887015860159515,0.00213999787741948,-0.00673016072417567,,FALSE
"bgr",3,0.064983932416585,1.5,1,1,2,"extensive",2015-09-30,"T3-2015",69,"2015-06-30","Autres services",0.0059251407394682,0.00592375852744276,-1.38221202544263e-06,,FALSE
"bgr",1,0.0287739387821133,0.5,1,1,2,"extensive",2015-12-31,"T4-2015",70,"2015-09-30","Agriculture",0.0118177215761837,0.00507799922861274,-0.00673972234757094,,FALSE
"bgr",1,0.0287739387821133,0.5,1,1,2,"extensive",2015-12-31,"T4-2015",70,"2015-09-30","Pêche",0.00655587352674376,0.0711997243889542,0.0646438508622104,,FALSE
"bgr",1,0.0287739387821133,0.5,1,1,2,"extensive",2015-12-31,"T4-2015",70,"2015-09-30","Industrie d'extraction",0.010453219933241,-0.00879815197435896,-0.0192513719076,,FALSE
"bgr",1,0.0287739387821133,0.5,1,1,2,"extensive",2015-12-31,"T4-2015",70,"2015-09-30","Industrie de transformation",0.00777741202381764,-0.00664650552544366,-0.0144239175492613,,FALSE
"bgr",1,0.0287739387821133,0.5,1,1,2,"extensive",2015-12-31,"T4-2015",70,"2015-09-30","Électricité, gaz, eau",0.00907087004314348,-0.00455943213512988,-0.0136303021782734,,FALSE
"bgr",1,0.0287739387821133,0.5,1,1,2,"extensive",2015-12-31,"T4-2015",70,"2015-09-30","Construction",0.0114004814166324,0.032079368271992,0.0206788868553596,,FALSE
"bgr",1,0.0287739387821133,0.5,1,1,2,"extensive",2015-12-31,"T4-2015",70,"2015-09-30","Commerce",0.00779999199756191,0.00735412998310103,-0.000445862014460881,,FALSE
"bgr",1,0.0287739387821133,0.5,1,1,2,"extensive",2015-12-31,"T4-2015",70,"2015-09-30","Transports",0.0142004949137126,0.0136274565391865,-0.000573038374526094,,FALSE
"bgr",1,0.0287739387821133,0.5,1,1,2,"extensive",2015-12-31,"T4-2015",70,"2015-09-30","Hébergement-restauration",0.0082287362069184,0.0175488642456987,0.00932012803878028,,FALSE
"bgr",1,0.0287739387821133,0.5,1,1,2,"extensive",2015-12-31,"T4-2015",70,"2015-09-30","Information-communication",0.0270583617600648,-0.0117556566679973,-0.038814018428062,,FALSE
"bgr",1,0.0287739387821133,0.5,1,1,2,"extensive",2015-12-31,"T4-2015",70,"2015-09-30","Finances et assurances",0.0117430605231681,0.0216448096360278,0.00990174911285966,,FALSE
"bgr",1,0.0287739387821133,0.5,1,1,2,"extensive",2015-12-31,"T4-2015",70,"2015-09-30","Immobilier",0.0108555173180894,0.00438830891148179,-0.00646720840660763,,FALSE
"bgr",1,0.0287739387821133,0.5,1,1,2,"extensive",2015-12-31,"T4-2015",70,"2015-09-30","Services aux entreprises",0.0119273952020735,0.0186346447296248,0.00670724952755137,,FALSE
"bgr",1,0.0287739387821133,0.5,1,1,2,"extensive",2015-12-31,"T4-2015",70,"2015-09-30","Administration publique",0.0111135735964545,0.00941282320647119,-0.00122563342202817,59.9843855563235,TRUE
"bgr",1,0.0287739387821133,0.5,1,1,2,"extensive",2015-12-31,"T4-2015",70,"2015-09-30","Éducation-santé",0.00971708120488457,0.00228961976586284,-0.00742746143902173,,FALSE
"bgr",1,0.0287739387821133,0.5,1,1,2,"extensive",2015-12-31,"T4-2015",70,"2015-09-30","Autres services",0.00589594460683191,0.00692886434659279,0.00103291973976088,,FALSE
"bgr",5,0.0981740591483579,1.5,1,1,2,"extensive",2016-03-31,"T1-2016",71,"2015-12-31","Agriculture",0.0112290717315121,-0.265832646674593,-0.277061718406105,,FALSE
"bgr",5,0.0981740591483579,1.5,1,1,2,"extensive",2016-03-31,"T1-2016",71,"2015-12-31","Pêche",-0.00439795316152736,0.0522788830555712,0.0566768362170985,,FALSE
"bgr",5,0.0981740591483579,1.5,1,1,2,"extensive",2016-03-31,"T1-2016",71,"2015-12-31","Industrie d'extraction",0.00911586608716397,0.0161383433235596,0.0070224772363956,,FALSE
"bgr",5,0.0981740591483579,1.5,1,1,2,"extensive",2016-03-31,"T1-2016",71,"2015-12-31","Industrie de transformation",0.0110257820609607,-0.00323991776717136,-0.014265699828132,,FALSE
"bgr",5,0.0981740591483579,1.5,1,1,2,"extensive",2016-03-31,"T1-2016",71,"2015-12-31","Électricité, gaz, eau",0.010328303361933,0.000155955147615572,-0.0101723482143175,,FALSE
"bgr",5,0.0981740591483579,1.5,1,1,2,"extensive",2016-03-31,"T1-2016",71,"2015-12-31","Construction",0.0130882506551527,0.0187855153946899,0.00569726473953716,,FALSE
"bgr",5,0.0981740591483579,1.5,1,1,2,"extensive",2016-03-31,"T1-2016",71,"2015-12-31","Commerce",0.00901624417504578,-0.0158055279342868,-0.0248217721093326,,FALSE
"bgr",5,0.0981740591483579,1.5,1,1,2,"extensive",2016-03-31,"T1-2016",71,"2015-12-31","Transports",0.0180787374977578,-0.00224188236103728,-0.0203206198587951,,FALSE
"bgr",5,0.0981740591483579,1.5,1,1,2,"extensive",2016-03-31,"T1-2016",71,"2015-12-31","Hébergement-restauration",0.00320641508772281,0.00665704009847978,0.00345062501075697,,FALSE
"bgr",5,0.0981740591483579,1.5,1,1,2,"extensive",2016-03-31,"T1-2016",71,"2015-12-31","Information-communication",0.0189489553539417,0.0441187349800902,0.0251697796261485,,FALSE
"bgr",5,0.0981740591483579,1.5,1,1,2,"extensive",2016-03-31,"T1-2016",71,"2015-12-31","Finances et assurances",0.0153764876598674,0.0116644403276638,-0.00371204733220357,,FALSE
"bgr",5,0.0981740591483579,1.5,1,1,2,"extensive",2016-03-31,"T1-2016",71,"2015-12-31","Immobilier",0.0105438032446352,0.0126521894411589,0.00210838619652365,,FALSE
"bgr",5,0.0981740591483579,1.5,1,1,2,"extensive",2016-03-31,"T1-2016",71,"2015-12-31","Services aux entreprises",0.0132128953902703,0.0323913521307642,0.0191784567404939,,FALSE
"bgr",5,0.0981740591483579,1.5,1,1,2,"extensive",2016-03-31,"T1-2016",71,"2015-12-31","Administration publique",0.0111963840864838,0.01018293355291,0.0017478797322344,61.2493903077958,TRUE
"bgr",5,0.0981740591483579,1.5,1,1,2,"extensive",2016-03-31,"T1-2016",71,"2015-12-31","Éducation-santé",0.0080534187034821,0.00257149378081323,-0.00548192492266887,,FALSE
"bgr",5,0.0981740591483579,1.5,1,1,2,"extensive",2016-03-31,"T1-2016",71,"2015-12-31","Autres services",0.00670559593484941,0.012518455187994,0.00581285925314459,,FALSE
"bgr",5,0.0682730794419049,1,1,1,4,"extensive",2016-06-30,"T2-2016",72,"2016-03-31","Agriculture",0.0119608349124837,0.00748113104625325,-0.0044797038662305,,FALSE
"bgr",5,0.0682730794419049,1,1,1,4,"extensive",2016-06-30,"T2-2016",72,"2016-03-31","Pêche",-0.00454193895761413,-0.0692837716719641,-0.06474183271435,,FALSE
"bgr",5,0.0682730794419049,1,1,1,4,"extensive",2016-06-30,"T2-2016",72,"2016-03-31","Industrie d'extraction",0.0207324617336401,-0.0163339493026129,-0.037066411036253,,FALSE
"bgr",5,0.0682730794419049,1,1,1,4,"extensive",2016-06-30,"T2-2016",72,"2016-03-31","Industrie de transformation",0.00857876891199688,-0.00999549769479913,-0.018574266606796,,FALSE
"bgr",5,0.0682730794419049,1,1,1,4,"extensive",2016-06-30,"T2-2016",72,"2016-03-31","Électricité, gaz, eau",0.0044390794189665,-0.017175634556283,-0.0216147139752495,,FALSE
"bgr",5,0.0682730794419049,1,1,1,4,"extensive",2016-06-30,"T2-2016",72,"2016-03-31","Construction",0.012669329199756,-0.00501930687227414,-0.0176886360720302,,FALSE
"bgr",5,0.0682730794419049,1,1,1,4,"extensive",2016-06-30,"T2-2016",72,"2016-03-31","Commerce",0.00830763453854398,0.0133516373977667,0.0050440028592227,,FALSE
"bgr",5,0.0682730794419049,1,1,1,4,"extensive",2016-06-30,"T2-2016",72,"2016-03-31","Transports",0.0171810686543806,-0.0304162214184824,-0.047597290072863,,FALSE
"bgr",5,0.0682730794419049,1,1,1,4,"extensive",2016-06-30,"T2-2016",72,"2016-03-31","Hébergement-restauration",0.00481813281520201,-0.00832824764845164,-0.0131463804636536,,FALSE
"bgr",5,0.0682730794419049,1,1,1,4,"extensive",2016-06-30,"T2-2016",72,"2016-03-31","Information-communication",0.0270369741459753,0.0324311797721624,0.00539420562618704,,FALSE
"bgr",5,0.0682730794419049,1,1,1,4,"extensive",2016-06-30,"T2-2016",72,"2016-03-31","Finances et assurances",0.0151314048367449,0.0132480316692885,-0.00188337316745649,,FALSE
"bgr",5,0.0682730794419049,1,1,1,4,"extensive",2016-06-30,"T2-2016",72,"2016-03-31","Immobilier",0.0110146916742121,0.00642440146184065,-0.00459029021237141,,FALSE
"bgr",5,0.0682730794419049,1,1,1,4,"extensive",2016-06-30,"T2-2016",72,"2016-03-31","Services aux entreprises",0.0135096750169478,-0.0113751292368818,-0.0248848042538296,,FALSE
"bgr",5,0.0682730794419049,1,1,1,4,"extensive",2016-06-30,"T2-2016",72,"2016-03-31","Administration publique",0.0109158423876087,0.00958323495247093,0.00203026004598602,58.5814490222215,TRUE
"bgr",5,0.0682730794419049,1,1,1,4,"extensive",2016-06-30,"T2-2016",72,"2016-03-31","Éducation-santé",0.00883949202899442,0.00252399334302567,-0.00631549868596875,,FALSE
"bgr",5,0.0682730794419049,1,1,1,4,"extensive",2016-06-30,"T2-2016",72,"2016-03-31","Autres services",0.00776251781755857,0.00708713284092255,-0.000675384976636018,,FALSE
"bgr",2,0.0321346887442277,1,1,1,4,"extensive",2016-09-30,"T3-2016",73,"2016-06-30","Agriculture",0.0110047042272691,0.0239103237598961,0.012905619532627,,FALSE
"bgr",2,0.0321346887442277,1,1,1,4,"extensive",2016-09-30,"T3-2016",73,"2016-06-30","Pêche",0.00507426860234367,-0.0707389562407208,-0.0758132248430645,,FALSE
"bgr",2,0.0321346887442277,1,1,1,4,"extensive",2016-09-30,"T3-2016",73,"2016-06-30","Industrie d'extraction",0.0185937502493746,0.0218474503756241,0.00325370012624945,,FALSE
"bgr",2,0.0321346887442277,1,1,1,4,"extensive",2016-09-30,"T3-2016",73,"2016-06-30","Industrie de transformation",0.00809640328148517,0.0228243332255111,0.014727929944026,,FALSE
"bgr",2,0.0321346887442277,1,1,1,4,"extensive",2016-09-30,"T3-2016",73,"2016-06-30","Électricité, gaz, eau",0.00927168715997263,0.0711460023338066,0.061874315173834,,FALSE
"bgr",2,0.0321346887442277,1,1,1,4,"extensive",2016-09-30,"T3-2016",73,"2016-06-30","Construction",0.011636632309017,-0.00562759321653061,-0.0172642255255476,,FALSE
"bgr",2,0.0321346887442277,1,1,1,4,"extensive",2016-09-30,"T3-2016",73,"2016-06-30","Commerce",0.00918927208823553,0.0267524972525734,0.0175632251643379,,FALSE
"bgr",2,0.0321346887442277,1,1,1,4,"extensive",2016-09-30,"T3-2016",73,"2016-06-30","Transports",0.0140168719932552,0.0405851512318183,0.0265682792385631,,FALSE
"bgr",2,0.0321346887442277,1,1,1,4,"extensive",2016-09-30,"T3-2016",73,"2016-06-30","Hébergement-restauration",0.010002523529641,0.0560471819745558,0.0460446584449148,,FALSE
"bgr",2,0.0321346887442277,1,1,1,4,"extensive",2016-09-30,"T3-2016",73,"2016-06-30","Information-communication",0.0256629501505232,0.0156993215704908,-0.0099636285800324,,FALSE
"bgr",2,0.0321346887442277,1,1,1,4,"extensive",2016-09-30,"T3-2016",73,"2016-06-30","Finances et assurances",0.0116688289538044,0.0406230501366736,0.0289542211828692,,FALSE
"bgr",2,0.0321346887442277,1,1,1,4,"extensive",2016-09-30,"T3-2016",73,"2016-06-30","Immobilier",0.0105398068682385,0.00538883523628364,-0.00515097163195483,,FALSE
"bgr",2,0.0321346887442277,1,1,1,4,"extensive",2016-09-30,"T3-2016",73,"2016-06-30","Services aux entreprises",0.0123391851435591,0.01825476325042,0.00591557810686084,,FALSE
"bgr",2,0.0321346887442277,1,1,1,4,"extensive",2016-09-30,"T3-2016",73,"2016-06-30","Administration publique",0.0106276101951289,0.00955792913052633,0.00301463805358773,59.7969915582156,TRUE
"bgr",2,0.0321346887442277,1,1,1,4,"extensive",2016-09-30,"T3-2016",73,"2016-06-30","Éducation-santé",0.00958011387396573,0.00260944091079018,-0.00697067296317554,,FALSE
"bgr",2,0.0321346887442277,1,1,1,4,"extensive",2016-09-30,"T3-2016",73,"2016-06-30","Autres services",0.00609579449240936,0.00628993751704598,0.00019414302463662,,FALSE
"bgr",3,0.0532340376104832,2,1,1,4,"extensive",2016-12-31,"T4-2016",74,"2016-09-30","Agriculture",-0.00511833500923946,0.00479642186034113,0.00991475686958058,,FALSE
"bgr",3,0.0532340376104832,2,1,1,4,"extensive",2016-12-31,"T4-2016",74,"2016-09-30","Pêche",-0.00261749375662086,0.100756292896915,0.103373786653536,,FALSE
"bgr",3,0.0532340376104832,2,1,1,4,"extensive",2016-12-31,"T4-2016",74,"2016-09-30","Industrie d'extraction",0.00914133792422436,0.025849664713844,0.0167083267896196,,FALSE
"bgr",3,0.0532340376104832,2,1,1,4,"extensive",2016-12-31,"T4-2016",74,"2016-09-30","Industrie de transformation",0.0112113175746548,0.0116788252925897,0.000467507717934856,,FALSE
"bgr",3,0.0532340376104832,2,1,1,4,"extensive",2016-12-31,"T4-2016",74,"2016-09-30","Électricité, gaz, eau",0.00588625183696977,-0.0359660643263187,-0.0418523161632884,,FALSE
"bgr",3,0.0532340376104832,2,1,1,4,"extensive",2016-12-31,"T4-2016",74,"2016-09-30","Construction",0.0124515873959961,-0.0052620417260254,-0.0177136291220215,,FALSE
"bgr",3,0.0532340376104832,2,1,1,4,"extensive",2016-12-31,"T4-2016",74,"2016-09-30","Commerce",0.0113671150462135,0.0309847865136277,0.0196176714674142,,FALSE
"bgr",3,0.0532340376104832,2,1,1,4,"extensive",2016-12-31,"T4-2016",74,"2016-09-30","Transports",0.0132038186697193,-0.000806231998783602,-0.0140100506685029,,FALSE
"bgr",3,0.0532340376104832,2,1,1,4,"extensive",2016-12-31,"T4-2016",74,"2016-09-30","Hébergement-restauration",0.00120753395646334,0.0195963775895027,0.0183888436330394,,FALSE
"bgr",3,0.0532340376104832,2,1,1,4,"extensive",2016-12-31,"T4-2016",74,"2016-09-30","Information-communication",0.0248261038010425,0.0119540679681371,-0.0128720358329053,,FALSE
"bgr",3,0.0532340376104832,2,1,1,4,"extensive",2016-12-31,"T4-2016",74,"2016-09-30","Finances et assurances",0.0141647063806995,-0.0101673768515305,-0.02433208323223,,FALSE
"bgr",3,0.0532340376104832,2,1,1,4,"extensive",2016-12-31,"T4-2016",74,"2016-09-30","Immobilier",0.0114911565933515,0.00381329164235744,-0.00767786495099408,,FALSE
"bgr",3,0.0532340376104832,2,1,1,4,"extensive",2016-12-31,"T4-2016",74,"2016-09-30","Services aux entreprises",0.0127637066778417,0.010270120493173,-0.00249358618466875,,FALSE
"bgr",3,0.0532340376104832,2,1,1,4,"extensive",2016-12-31,"T4-2016",74,"2016-09-30","Administration publique",0.0106055133491897,0.00952841308478547,0.0059662488404587,61.0117839916447,TRUE
"bgr",3,0.0532340376104832,2,1,1,4,"extensive",2016-12-31,"T4-2016",74,"2016-09-30","Éducation-santé",0.00912414324080029,0.00269929065641428,-0.00642485258438601,,FALSE
"bgr",3,0.0532340376104832,2,1,1,4,"extensive",2016-12-31,"T4-2016",74,"2016-09-30","Autres services",0.00604188489680369,0.00550740320163534,-0.000534481695168345,,FALSE
"bgr",5,0.0617030597500906,1,1,1,4,"extensive",2017-03-31,"T1-2017",75,"2016-12-31","Agriculture",0.0259132369351288,0.156411418832823,0.130498181897694,,FALSE
"bgr",5,0.0617030597500906,1,1,1,4,"extensive",2017-03-31,"T1-2017",75,"2016-12-31","Pêche",-0.000108959568785388,-0.0981301116583815,-0.0980211520895961,,FALSE
"bgr",5,0.0617030597500906,1,1,1,4,"extensive",2017-03-31,"T1-2017",75,"2016-12-31","Industrie d'extraction",0.0156424128408559,0.0185128254497453,0.00287041260888938,,FALSE
"bgr",5,0.0617030597500906,1,1,1,4,"extensive",2017-03-31,"T1-2017",75,"2016-12-31","Industrie de transformation",0.00644319385401934,0.00953178833632684,0.0030885944823075,,FALSE
"bgr",5,0.0617030597500906,1,1,1,4,"extensive",2017-03-31,"T1-2017",75,"2016-12-31","Électricité, gaz, eau",0.00956577654612547,-0.00716286993772819,-0.0167286464838537,,FALSE
"bgr",5,0.0617030597500906,1,1,1,4,"extensive",2017-03-31,"T1-2017",75,"2016-12-31","Construction",0.0105025955245449,0.0132064022878779,0.00270380676333308,,FALSE
"bgr",5,0.0617030597500906,1,1,1,4,"extensive",2017-03-31,"T1-2017",75,"2016-12-31","Commerce",0.00984818921105807,0.00917546195855401,-0.000672727252504062,,FALSE
"bgr",5,0.0617030597500906,1,1,1,4,"extensive",2017-03-31,"T1-2017",75,"2016-12-31","Transports",0.0132584575868841,0.00525061131594917,-0.00800784627093495,,FALSE
"bgr",5,0.0617030597500906,1,1,1,4,"extensive",2017-03-31,"T1-2017",75,"2016-12-31","Hébergement-restauration",0.00711099636681498,0.0277996430464089,0.0206886466795939,,FALSE
"bgr",5,0.0617030597500906,1,1,1,4,"extensive",2017-03-31,"T1-2017",75,"2016-12-31","Information-communication",0.0197339213365438,-0.074924310117952,-0.0946582314544958,,FALSE
"bgr",5,0.0617030597500906,1,1,1,4,"extensive",2017-03-31,"T1-2017",75,"2016-12-31","Finances et assurances",0.0102546490414968,0.00552692213443429,-0.00472772690706253,,FALSE
"bgr",5,0.0617030597500906,1,1,1,4,"extensive",2017-03-31,"T1-2017",75,"2016-12-31","Immobilier",0.00909726026256174,0.000111312238896488,-0.00898594802366525,,FALSE
"bgr",5,0.0617030597500906,1,1,1,4,"extensive",2017-03-31,"T1-2017",75,"2016-12-31","Services aux entreprises",0.0112440632646464,0.00638804951572425,-0.0048560137489221,,FALSE
"bgr",5,0.0617030597500906,1,1,1,4,"extensive",2017-03-31,"T1-2017",75,"2016-12-31","Administration publique",0.0106806570358935,0.00934988939090076,-0.000151634691445843,58.6899250309514,TRUE
"bgr",5,0.0617030597500906,1,1,1,4,"extensive",2017-03-31,"T1-2017",75,"2016-12-31","Éducation-santé",0.00835532358556382,-0.00175625743508867,-0.0101115810206525,,FALSE
"bgr",5,0.0617030597500906,1,1,1,4,"extensive",2017-03-31,"T1-2017",75,"2016-12-31","Autres services",0.00553870149445065,0.00347160221771858,-0.00206709927673207,,FALSE
"bgr",3,0.0463282807858714,1.5,1,1,4,"extensive",2017-06-30,"T2-2017",76,"2017-03-31","Agriculture",0.00598885526714524,0.031215998995707,0.0252271437285618,,FALSE
"bgr",3,0.0463282807858714,1.5,1,1,4,"extensive",2017-06-30,"T2-2017",76,"2017-03-31","Pêche",0.00498932814816059,-0.0199501670707116,-0.0249394952188722,,FALSE
"bgr",3,0.0463282807858714,1.5,1,1,4,"extensive",2017-06-30,"T2-2017",76,"2017-03-31","Industrie d'extraction",0.0133271099000362,0.0955083840143161,0.0821812741142799,,FALSE
"bgr",3,0.0463282807858714,1.5,1,1,4,"extensive",2017-06-30,"T2-2017",76,"2017-03-31","Industrie de transformation",0.00926156447049259,0.0149267146411702,0.00566515017067764,,FALSE
"bgr",3,0.0463282807858714,1.5,1,1,4,"extensive",2017-06-30,"T2-2017",76,"2017-03-31","Électricité, gaz, eau",0.00916374339825512,0.0253000677575166,0.0161363243592615,,FALSE
"bgr",3,0.0463282807858714,1.5,1,1,4,"extensive",2017-06-30,"T2-2017",76,"2017-03-31","Construction",0.0117889777110755,0.000867405836450175,-0.0109215718746253,,FALSE
"bgr",3,0.0463282807858714,1.5,1,1,4,"extensive",2017-06-30,"T2-2017",76,"2017-03-31","Commerce",0.0104128510203937,-0.00349218376741867,-0.0139050347878124,,FALSE
"bgr",3,0.0463282807858714,1.5,1,1,4,"extensive",2017-06-30,"T2-2017",76,"2017-03-31","Transports",0.0147036017529837,-0.00885390403460029,-0.023557505787584,,FALSE
"bgr",3,0.0463282807858714,1.5,1,1,4,"extensive",2017-06-30,"T2-2017",76,"2017-03-31","Hébergement-restauration",0.00856153945787162,0.0278215922434324,0.0192600527855608,,FALSE
"bgr",3,0.0463282807858714,1.5,1,1,4,"extensive",2017-06-30,"T2-2017",76,"2017-03-31","Information-communication",0.0183625545990811,0.0264960645184544,0.00813350991937328,,FALSE
"bgr",3,0.0463282807858714,1.5,1,1,4,"extensive",2017-06-30,"T2-2017",76,"2017-03-31","Finances et assurances",0.0116480143021699,0.0236163865511507,0.0119683722489808,,FALSE
"bgr",3,0.0463282807858714,1.5,1,1,4,"extensive",2017-06-30,"T2-2017",76,"2017-03-31","Immobilier",0.0106465078471458,0.00532846857096558,-0.00531803927618018,,FALSE
"bgr",3,0.0463282807858714,1.5,1,1,4,"extensive",2017-06-30,"T2-2017",76,"2017-03-31","Services aux entreprises",0.0125838013293837,0.0274268507273003,0.0148430493979166,,FALSE
"bgr",3,0.0463282807858714,1.5,1,1,4,"extensive",2017-06-30,"T2-2017",76,"2017-03-31","Administration publique",0.0108709857666947,0.00953455004764514,0.00118271799533945,59.8568855311192,TRUE
"bgr",3,0.0463282807858714,1.5,1,1,4,"extensive",2017-06-30,"T2-2017",76,"2017-03-31","Éducation-santé",0.00752054636947912,0.00470187237935704,-0.00281867399012208,,FALSE
"bgr",3,0.0463282807858714,1.5,1,1,4,"extensive",2017-06-30,"T2-2017",76,"2017-03-31","Autres services",0.00593731702704677,0.00448324306986159,-0.00145407395718518,,FALSE
"bgr",2,0.0347342071879201,1.5,1,1,4,"extensive",2017-09-30,"T3-2017",77,"2017-06-30","Agriculture",0.00862831113148479,-0.001589953838673,-0.0102182649701578,,FALSE
"bgr",2,0.0347342071879201,1.5,1,1,4,"extensive",2017-09-30,"T3-2017",77,"2017-06-30","Pêche",0.00203090303419007,0.0209332096664658,0.0189023066322758,,FALSE
"bgr",2,0.0347342071879201,1.5,1,1,4,"extensive",2017-09-30,"T3-2017",77,"2017-06-30","Industrie d'extraction",0.0119669733443149,-0.0311769033996843,-0.0431438767439992,,FALSE
"bgr",2,0.0347342071879201,1.5,1,1,4,"extensive",2017-09-30,"T3-2017",77,"2017-06-30","Industrie de transformation",0.00906628533060474,-0.0114616897126858,-0.0205279750432905,,FALSE
"bgr",2,0.0347342071879201,1.5,1,1,4,"extensive",2017-09-30,"T3-2017",77,"2017-06-30","Électricité, gaz, eau",0.00714456804040103,0.0048164662893857,-0.00232810175101533,,FALSE
"bgr",2,0.0347342071879201,1.5,1,1,4,"extensive",2017-09-30,"T3-2017",77,"2017-06-30","Construction",0.0114155714823311,0.017936616006887,0.00652104452455593,,FALSE
"bgr",2,0.0347342071879201,1.5,1,1,4,"extensive",2017-09-30,"T3-2017",77,"2017-06-30","Commerce",0.00960355702342151,-0.0111426180419461,-0.0207461750653676,,FALSE
"bgr",2,0.0347342071879201,1.5,1,1,4,"extensive",2017-09-30,"T3-2017",77,"2017-06-30","Transports",0.0125345159048235,0.00323264375167831,-0.00930187215314517,,FALSE
"bgr",2,0.0347342071879201,1.5,1,1,4,"extensive",2017-09-30,"T3-2017",77,"2017-06-30","Hébergement-restauration",0.00691199529715454,0.0102951493030083,0.00338315400585381,,FALSE
"bgr",2,0.0347342071879201,1.5,1,1,4,"extensive",2017-09-30,"T3-2017",77,"2017-06-30","Information-communication",0.0239692053012145,0.0150230359818178,-0.00894616931939676,,FALSE
"bgr",2,0.0347342071879201,1.5,1,1,4,"extensive",2017-09-30,"T3-2017",77,"2017-06-30","Finances et assurances",0.0130385624814541,-0.00152331413688955,-0.0145618766183436,,FALSE
"bgr",2,0.0347342071879201,1.5,1,1,4,"extensive",2017-09-30,"T3-2017",77,"2017-06-30","Immobilier",0.0109490483310259,0.00538413091038592,-0.00556491742063994,,FALSE
"bgr",2,0.0347342071879201,1.5,1,1,4,"extensive",2017-09-30,"T3-2017",77,"2017-06-30","Services aux entreprises",0.01237106162297,0.0076753449194058,-0.00469571670356422,,FALSE
"bgr",2,0.0347342071879201,1.5,1,1,4,"extensive",2017-09-30,"T3-2017",77,"2017-06-30","Administration publique",0.0110998807299543,0.00956698178584681,0.00203864654493284,61.0290846645433,TRUE
"bgr",2,0.0347342071879201,1.5,1,1,4,"extensive",2017-09-30,"T3-2017",77,"2017-06-30","Éducation-santé",0.00893337414434215,0.00656585246698427,-0.00236752167735788,,FALSE
"bgr",2,0.0347342071879201,1.5,1,1,4,"extensive",2017-09-30,"T3-2017",77,"2017-06-30","Autres services",0.00583199527785363,0.00420263460915393,-0.00162936066869969,,FALSE
"bgr",2,0.0375454081038351,2,1,1,4,"extensive",2017-12-31,"T4-2017",78,"2017-09-30","Agriculture",0.00927646707816531,-0.00572029123758178,-0.0149967583157471,,FALSE
"bgr",2,0.0375454081038351,2,1,1,4,"extensive",2017-12-31,"T4-2017",78,"2017-09-30","Pêche",0.00110619122177103,-0.0659095853471712,-0.0670157765689422,,FALSE
"bgr",2,0.0375454081038351,2,1,1,4,"extensive",2017-12-31,"T4-2017",78,"2017-09-30","Industrie d'extraction",0.0202132224594892,0.0125783920146532,-0.00763483044483605,,FALSE
"bgr",2,0.0375454081038351,2,1,1,4,"extensive",2017-12-31,"T4-2017",78,"2017-09-30","Industrie de transformation",0.00839291936560086,0.00280821148239063,-0.00558470788321023,,FALSE
"bgr",2,0.0375454081038351,2,1,1,4,"extensive",2017-12-31,"T4-2017",78,"2017-09-30","Électricité, gaz, eau",0.00927679771418092,0.0387992037287237,0.0295224060145428,,FALSE
"bgr",2,0.0375454081038351,2,1,1,4,"extensive",2017-12-31,"T4-2017",78,"2017-09-30","Construction",0.0115486012069794,-0.00784029652175278,-0.0193888977287322,,FALSE
"bgr",2,0.0375454081038351,2,1,1,4,"extensive",2017-12-31,"T4-2017",78,"2017-09-30","Commerce",0.00875786849729404,0.0160473615406325,0.00728949304333842,,FALSE
"bgr",2,0.0375454081038351,2,1,1,4,"extensive",2017-12-31,"T4-2017",78,"2017-09-30","Transports",0.0144349176001422,0.00270040887982859,-0.0117345087203136,,FALSE
"bgr",2,0.0375454081038351,2,1,1,4,"extensive",2017-12-31,"T4-2017",78,"2017-09-30","Hébergement-restauration",0.00981137840994608,0.0188149524720291,0.00900357406208306,,FALSE
"bgr",2,0.0375454081038351,2,1,1,4,"extensive",2017-12-31,"T4-2017",78,"2017-09-30","Information-communication",0.0239809564523361,0.00966388766132553,-0.0143170687910106,,FALSE
"bgr",2,0.0375454081038351,2,1,1,4,"extensive",2017-12-31,"T4-2017",78,"2017-09-30","Finances et assurances",0.0123311502410938,-0.00363516724733692,-0.0159663174884308,,FALSE
"bgr",2,0.0375454081038351,2,1,1,4,"extensive",2017-12-31,"T4-2017",78,"2017-09-30","Immobilier",0.0102628545671528,0.00537094450904618,-0.00489191005810659,,FALSE
"bgr",2,0.0375454081038351,2,1,1,4,"extensive",2017-12-31,"T4-2017",78,"2017-09-30","Services aux entreprises",0.0127092306721796,0.00612104475248287,-0.00658818591969672,,FALSE
"bgr",2,0.0375454081038351,2,1,1,4,"extensive",2017-12-31,"T4-2017",78,"2017-09-30","Administration publique",0.0112350216070271,0.00958980669840059,0.00229816563289614,58.7415223609702,TRUE
"bgr",2,0.0375454081038351,2,1,1,4,"extensive",2017-12-31,"T4-2017",78,"2017-09-30","Éducation-santé",0.00898026725891285,0.00840821689739712,-0.000572050361515721,,FALSE
"bgr",2,0.0375454081038351,2,1,1,4,"extensive",2017-12-31,"T4-2017",78,"2017-09-30","Autres services",0.00596597508709656,0.00392546852918052,-0.00204050655791604,,FALSE
"bgr",2,0.0370194408234499,2,1,1,4,"extensive",2018-03-31,"T1-2018",79,"2017-12-31","Agriculture",0.011041592661361,0.033613953651912,0.022572360990551,,FALSE
"bgr",2,0.0370194408234499,2,1,1,4,"extensive",2018-03-31,"T1-2018",79,"2017-12-31","Pêche",0.00409250452649495,-0.118526708999348,-0.122619213525843,,FALSE
"bgr",2,0.0370194408234499,2,1,1,4,"extensive",2018-03-31,"T1-2018",79,"2017-12-31","Industrie d'extraction",0.0168804749053021,-0.0244479675700369,-0.041328442475339,,FALSE
"bgr",2,0.0370194408234499,2,1,1,4,"extensive",2018-03-31,"T1-2018",79,"2017-12-31","Industrie de transformation",0.00832519695978311,0.0234087617899217,0.0150835648301386,,FALSE
"bgr",2,0.0370194408234499,2,1,1,4,"extensive",2018-03-31,"T1-2018",79,"2017-12-31","Électricité, gaz, eau",0.00822401884561453,0.0223262968366722,0.0141022779910577,,FALSE
"bgr",2,0.0370194408234499,2,1,1,4,"extensive",2018-03-31,"T1-2018",79,"2017-12-31","Construction",0.0107415786772516,0.026272471549829,0.0155308928725775,,FALSE
"bgr",2,0.0370194408234499,2,1,1,4,"extensive",2018-03-31,"T1-2018",79,"2017-12-31","Commerce",0.00942639477500668,-0.0230462931639384,-0.032472687938945,,FALSE
"bgr",2,0.0370194408234499,2,1,1,4,"extensive",2018-03-31,"T1-2018",79,"2017-12-31","Transports",0.0127324187950481,-0.00771766276284147,-0.0204500815578895,,FALSE
"bgr",2,0.0370194408234499,2,1,1,4,"extensive",2018-03-31,"T1-2018",79,"2017-12-31","Hébergement-restauration",0.00953803869056786,0.0248370780464207,0.0152990393558528,,FALSE
"bgr",2,0.0370194408234499,2,1,1,4,"extensive",2018-03-31,"T1-2018",79,"2017-12-31","Information-communication",0.0238138246772928,-0.010365531714644,-0.0341793563919369,,FALSE
"bgr",2,0.0370194408234499,2,1,1,4,"extensive",2018-03-31,"T1-2018",79,"2017-12-31","Finances et assurances",0.011140428531226,0.0129764503213643,0.00183602179013833,,FALSE
"bgr",2,0.0370194408234499,2,1,1,4,"extensive",2018-03-31,"T1-2018",79,"2017-12-31","Immobilier",0.0100880003959658,0.0139842136362436,0.00389621324027779,,FALSE
"bgr",2,0.0370194408234499,2,1,1,4,"extensive",2018-03-31,"T1-2018",79,"2017-12-31","Services aux entreprises",0.0121851867869405,0.014697429880405,0.00251224309346454,,FALSE
"bgr",2,0.0370194408234499,2,1,1,4,"extensive",2018-03-31,"T1-2018",79,"2017-12-31","Administration publique",0.0112807648147105,0.00535436808402245,-0.000435434292012427,59.8697035828398,TRUE
"bgr",2,0.0370194408234499,2,1,1,4,"extensive",2018-03-31,"T1-2018",79,"2017-12-31","Éducation-santé",0.00905407217361029,0.0179134096847253,0.00885933751111503,,FALSE
"bgr",2,0.0370194408234499,2,1,1,4,"extensive",2018-03-31,"T1-2018",79,"2017-12-31","Autres services",0.00552792304537828,0.00510835748749727,-0.000419565557881007,,FALSE
"bgr",5,0.089161264169093,1.5,1,1,3,"extensive",2018-06-30,"T2-2018",80,"2018-03-31","Agriculture",-0.000547089117364585,0.0315396357748075,0.032086724892172,,FALSE
"bgr",5,0.089161264169093,1.5,1,1,3,"extensive",2018-06-30,"T2-2018",80,"2018-03-31","Pêche",0.0176268564013249,0.0565619820165848,0.0389351256152599,,FALSE
"bgr",5,0.089161264169093,1.5,1,1,3,"extensive",2018-06-30,"T2-2018",80,"2018-03-31","Industrie d'extraction",-0.0119328900924359,0.0081793613697414,0.0201122514621773,,FALSE
"bgr",5,0.089161264169093,1.5,1,1,3,"extensive",2018-06-30,"T2-2018",80,"2018-03-31","Industrie de transformation",0.00631987222989079,-0.00382899876597698,-0.0101488709958678,,FALSE
"bgr",5,0.089161264169093,1.5,1,1,3,"extensive",2018-06-30,"T2-2018",80,"2018-03-31","Électricité, gaz, eau",0.00724824029248788,-0.016153880771169,-0.0234021210636569,,FALSE
"bgr",5,0.089161264169093,1.5,1,1,3,"extensive",2018-06-30,"T2-2018",80,"2018-03-31","Construction",0.0130643283125074,0.00736116363280281,-0.00570316467970462,,FALSE
"bgr",5,0.089161264169093,1.5,1,1,3,"extensive",2018-06-30,"T2-2018",80,"2018-03-31","Commerce",0.00713397560948433,0.00870212621648037,0.00156815060699603,,FALSE
"bgr",5,0.089161264169093,1.5,1,1,3,"extensive",2018-06-30,"T2-2018",80,"2018-03-31","Transports",0.0114358870241822,0.0381116237789918,0.0266757367548096,,FALSE
"bgr",5,0.089161264169093,1.5,1,1,3,"extensive",2018-06-30,"T2-2018",80,"2018-03-31","Hébergement-restauration",0.00207637268526864,0.0148534421343882,0.0127770694491196,,FALSE
"bgr",5,0.089161264169093,1.5,1,1,3,"extensive",2018-06-30,"T2-2018",80,"2018-03-31","Information-communication",0.0267033931090104,0.0250131048881688,-0.0016902882208416,,FALSE
"bgr",5,0.089161264169093,1.5,1,1,3,"extensive",2018-06-30,"T2-2018",80,"2018-03-31","Finances et assurances",0.0138091384445282,-0.00435156893570188,-0.0181607073802301,,FALSE
"bgr",5,0.089161264169093,1.5,1,1,3,"extensive",2018-06-30,"T2-2018",80,"2018-03-31","Immobilier",0.0126555614823982,0.00709820759588098,-0.00555735388651724,,FALSE
"bgr",5,0.089161264169093,1.5,1,1,3,"extensive",2018-06-30,"T2-2018",80,"2018-03-31","Services aux entreprises",0.013792910988088,0.0367116061237276,0.0229186951356396,,FALSE
"bgr",5,0.089161264169093,1.5,1,1,3,"extensive",2018-06-30,"T2-2018",80,"2018-03-31","Administration publique",0.0113063477096774,0.0113741597093231,2.75406047997463e-05,60.7573468620073,TRUE
"bgr",5,0.089161264169093,1.5,1,1,3,"extensive",2018-06-30,"T2-2018",80,"2018-03-31","Éducation-santé",0.00868998145692463,0.00879401424712967,0.000104032790205034,,FALSE
"bgr",5,0.089161264169093,1.5,1,1,3,"extensive",2018-06-30,"T2-2018",80,"2018-03-31","Autres services",0.00564837324003555,0.00286056140101465,-0.0027878118390209,,FALSE
"bgr",2,0.0338542549774096,1,1,1,5,"extensive",2018-09-30,"T3-2018",81,"2018-06-30","Agriculture",0.00827543424918903,-0.0076855501979054,-0.0159609844470944,,FALSE
"bgr",2,0.0338542549774096,1,1,1,5,"extensive",2018-09-30,"T3-2018",81,"2018-06-30","Pêche",0.00223453884793879,-0.0520428663582821,-0.0542774052062209,,FALSE
"bgr",2,0.0338542549774096,1,1,1,5,"extensive",2018-09-30,"T3-2018",81,"2018-06-30","Industrie d'extraction",0.0129550588583958,-0.0117710521370427,-0.0247261109954385,,FALSE
"bgr",2,0.0338542549774096,1,1,1,5,"extensive",2018-09-30,"T3-2018",81,"2018-06-30","Industrie de transformation",0.00772200801963733,0.0197648970716831,0.0120428890520457,,FALSE
"bgr",2,0.0338542549774096,1,1,1,5,"extensive",2018-09-30,"T3-2018",81,"2018-06-30","Électricité, gaz, eau",0.00775235295529797,0.0411974248960654,0.0334450719407674,,FALSE
"bgr",2,0.0338542549774096,1,1,1,5,"extensive",2018-09-30,"T3-2018",81,"2018-06-30","Construction",0.0113876526016158,-0.0192666965708348,-0.0306543491724506,,FALSE
"bgr",2,0.0338542549774096,1,1,1,5,"extensive",2018-09-30,"T3-2018",81,"2018-06-30","Commerce",0.00817826905196376,0.00962442845128741,0.00144615939932365,,FALSE
"bgr",2,0.0338542549774096,1,1,1,5,"extensive",2018-09-30,"T3-2018",81,"2018-06-30","Transports",0.012916040817674,-0.0562132165992164,-0.0691292574168904,,FALSE
"bgr",2,0.0338542549774096,1,1,1,5,"extensive",2018-09-30,"T3-2018",81,"2018-06-30","Hébergement-restauration",0.00731935416302951,-0.0200453834008396,-0.0273647375638691,,FALSE
"bgr",2,0.0338542549774096,1,1,1,5,"extensive",2018-09-30,"T3-2018",81,"2018-06-30","Information-communication",0.0227802204571883,0.00871941409985943,-0.0140608063573289,,FALSE
"bgr",2,0.0338542549774096,1,1,1,5,"extensive",2018-09-30,"T3-2018",81,"2018-06-30","Finances et assurances",0.0115706784504298,0.00735193248656962,-0.00421874596386018,,FALSE
"bgr",2,0.0338542549774096,1,1,1,5,"extensive",2018-09-30,"T3-2018",81,"2018-06-30","Immobilier",0.0103415112889544,0.00546983793104339,-0.004871673357911,,FALSE
"bgr",2,0.0338542549774096,1,1,1,5,"extensive",2018-09-30,"T3-2018",81,"2018-06-30","Services aux entreprises",0.0129197836431912,0.00363759451456147,-0.00928218912862969,,FALSE
"bgr",2,0.0338542549774096,1,1,1,5,"extensive",2018-09-30,"T3-2018",81,"2018-06-30","Administration publique",0.0112171471381735,0.0130368478673404,0.00416469263636423,58.4420608847438,TRUE
"bgr",2,0.0338542549774096,1,1,1,5,"extensive",2018-09-30,"T3-2018",81,"2018-06-30","Éducation-santé",0.00918492478252308,0.00751114448576296,-0.00167378029676012,,FALSE
"bgr",2,0.0338542549774096,1,1,1,5,"extensive",2018-09-30,"T3-2018",81,"2018-06-30","Autres services",0.00561780598054281,0.00205828767058058,-0.00355951830996223,,FALSE
"bgr",3,0.0592186678336793,2,1,1,5,"extensive",2018-12-31,"T4-2018",82,"2018-09-30","Agriculture",0.0239542637109607,-0.00708189895160238,-0.031036162662563,,FALSE
"bgr",3,0.0592186678336793,2,1,1,5,"extensive",2018-12-31,"T4-2018",82,"2018-09-30","Pêche",-0.00242950525524237,0.0519498128058951,0.0543793180611374,,FALSE
"bgr",3,0.0592186678336793,2,1,1,5,"extensive",2018-12-31,"T4-2018",82,"2018-09-30","Industrie d'extraction",0.0038356298493351,-0.00327062290436331,-0.0071062527536984,,FALSE
"bgr",3,0.0592186678336793,2,1,1,5,"extensive",2018-12-31,"T4-2018",82,"2018-09-30","Industrie de transformation",0.00664036420936519,0.00254844063750426,-0.00409192357186093,,FALSE
"bgr",3,0.0592186678336793,2,1,1,5,"extensive",2018-12-31,"T4-2018",82,"2018-09-30","Électricité, gaz, eau",0.00151060326382151,0.0623784425554952,0.0608678392916737,,FALSE
"bgr",3,0.0592186678336793,2,1,1,5,"extensive",2018-12-31,"T4-2018",82,"2018-09-30","Construction",0.0100600784924261,-0.0524286380169254,-0.0624887165093515,,FALSE
"bgr",3,0.0592186678336793,2,1,1,5,"extensive",2018-12-31,"T4-2018",82,"2018-09-30","Commerce",0.00718587423336388,0.0165859648209938,0.00940009058762996,,FALSE
"bgr",3,0.0592186678336793,2,1,1,5,"extensive",2018-12-31,"T4-2018",82,"2018-09-30","Transports",0.0120675214836421,0.0024741177684291,-0.00959340371521301,,FALSE
"bgr",3,0.0592186678336793,2,1,1,5,"extensive",2018-12-31,"T4-2018",82,"2018-09-30","Hébergement-restauration",0.0123239497643486,0.0330719091401885,0.0207479593758399,,FALSE
"bgr",3,0.0592186678336793,2,1,1,5,"extensive",2018-12-31,"T4-2018",82,"2018-09-30","Information-communication",0.0198353373605658,0.0017418043179287,-0.0180935330426371,,FALSE
"bgr",3,0.0592186678336793,2,1,1,5,"extensive",2018-12-31,"T4-2018",82,"2018-09-30","Finances et assurances",0.00874297886195605,0.0110438895944789,0.00230091073252283,,FALSE
"bgr",3,0.0592186678336793,2,1,1,5,"extensive",2018-12-31,"T4-2018",82,"2018-09-30","Immobilier",0.00991457310907439,0.00429779031723321,-0.00561678279184118,,FALSE
"bgr",3,0.0592186678336793,2,1,1,5,"extensive",2018-12-31,"T4-2018",82,"2018-09-30","Services aux entreprises",0.0119614967494885,0.000897666128501839,-0.0110638306209867,,FALSE
"bgr",3,0.0592186678336793,2,1,1,5,"extensive",2018-12-31,"T4-2018",82,"2018-09-30","Administration publique",0.0112349818987172,0.0146299010390862,0.0043645255733014,59.5214528310018,TRUE
"bgr",3,0.0592186678336793,2,1,1,5,"extensive",2018-12-31,"T4-2018",82,"2018-09-30","Éducation-santé",0.00843275711437806,0.00624686200166558,-0.00218589511271248,,FALSE
"bgr",3,0.0592186678336793,2,1,1,5,"extensive",2018-12-31,"T4-2018",82,"2018-09-30","Autres services",0.00465215839154193,0.00121427251983341,-0.00343788587170851,,FALSE
"bgr",2,0.0306224155936261,0.5,1,1,5,"extensive",2019-03-31,"T1-2019",83,"2018-12-31","Agriculture",0.0125525807665885,-0.0674225881272044,-0.0799751688937929,,FALSE
"bgr",2,0.0306224155936261,0.5,1,1,5,"extensive",2019-03-31,"T1-2019",83,"2018-12-31","Pêche",0.00194418873897726,0.165886600744615,0.163942412005638,,FALSE
"bgr",2,0.0306224155936261,0.5,1,1,5,"extensive",2019-03-31,"T1-2019",83,"2018-12-31","Industrie d'extraction",0.00969642848813987,0.040057095335742,0.0303606668476021,,FALSE
"bgr",2,0.0306224155936261,0.5,1,1,5,"extensive",2019-03-31,"T1-2019",83,"2018-12-31","Industrie de transformation",0.0083367455257233,0.00525129663060397,-0.00308544889511933,,FALSE
"bgr",2,0.0306224155936261,0.5,1,1,5,"extensive",2019-03-31,"T1-2019",83,"2018-12-31","Électricité, gaz, eau",0.00763040373789924,0.0925664554057999,0.0849360516679006,,FALSE
"bgr",2,0.0306224155936261,0.5,1,1,5,"extensive",2019-03-31,"T1-2019",83,"2018-12-31","Construction",0.00885098456855127,0.0166559720067418,0.00780498743819058,,FALSE
"bgr",2,0.0306224155936261,0.5,1,1,5,"extensive",2019-03-31,"T1-2019",83,"2018-12-31","Commerce",0.00947184643730503,-0.0198319410856413,-0.0293037875229464,,FALSE
"bgr",2,0.0306224155936261,0.5,1,1,5,"extensive",2019-03-31,"T1-2019",83,"2018-12-31","Transports",0.0111470584263773,0.0567198839409837,0.0455728255146064,,FALSE
"bgr",2,0.0306224155936261,0.5,1,1,5,"extensive",2019-03-31,"T1-2019",83,"2018-12-31","Hébergement-restauration",0.00951525106807088,0.0107181372644138,0.00120288619634296,,FALSE
"bgr",2,0.0306224155936261,0.5,1,1,5,"extensive",2019-03-31,"T1-2019",83,"2018-12-31","Information-communication",0.0208066457532991,0.000840591265317769,-0.0199660544879814,,FALSE
"bgr",2,0.0306224155936261,0.5,1,1,5,"extensive",2019-03-31,"T1-2019",83,"2018-12-31","Finances et assurances",0.0100667958222359,0.0315392522985256,0.0214724564762897,,FALSE
"bgr",2,0.0306224155936261,0.5,1,1,5,"extensive",2019-03-31,"T1-2019",83,"2018-12-31","Immobilier",0.0101357893800674,0.00697990763877421,-0.00315588174129318,,FALSE
"bgr",2,0.0306224155936261,0.5,1,1,5,"extensive",2019-03-31,"T1-2019",83,"2018-12-31","Services aux entreprises",0.012877507662336,0.0341258423573425,0.0212483346950065,,FALSE
"bgr",2,0.0306224155936261,0.5,1,1,5,"extensive",2019-03-31,"T1-2019",83,"2018-12-31","Administration publique",0.01136109569677,0.0219797204456977,0.0155212433604559,60.5415433384491,TRUE
"bgr",2,0.0306224155936261,0.5,1,1,5,"extensive",2019-03-31,"T1-2019",83,"2018-12-31","Éducation-santé",0.00873901344531433,0.00382123979938243,-0.0049177736459319,,FALSE
"bgr",2,0.0306224155936261,0.5,1,1,5,"extensive",2019-03-31,"T1-2019",83,"2018-12-31","Autres services",0.00465191074509265,0.0342943177846262,0.0296424070395336,,FALSE
"bgr",4,0.0720913883495497,1.5,1,1,5,"extensive",2019-06-30,"T2-2019",84,"2019-03-31","Agriculture",0.0216583643179617,0.0269576277375521,0.00529926341959038,,FALSE
"bgr",4,0.0720913883495497,1.5,1,1,5,"extensive",2019-06-30,"T2-2019",84,"2019-03-31","Pêche",-0.0361441619886129,-0.10051090919398,-0.0643667472053675,,FALSE
"bgr",4,0.0720913883495497,1.5,1,1,5,"extensive",2019-06-30,"T2-2019",84,"2019-03-31","Industrie d'extraction",0.00587506414679064,-0.0225433471888596,-0.0284184113356503,,FALSE
"bgr",4,0.0720913883495497,1.5,1,1,5,"extensive",2019-06-30,"T2-2019",84,"2019-03-31","Industrie de transformation",0.00462311964244373,0.0369509505888086,0.0323278309463649,,FALSE
"bgr",4,0.0720913883495497,1.5,1,1,5,"extensive",2019-06-30,"T2-2019",84,"2019-03-31","Électricité, gaz, eau",0.0048789593049273,-0.0124026726248605,-0.0172816319297878,,FALSE
"bgr",4,0.0720913883495497,1.5,1,1,5,"extensive",2019-06-30,"T2-2019",84,"2019-03-31","Construction",0.0119527879653205,0.0481920910731386,0.0362393031078181,,FALSE
"bgr",4,0.0720913883495497,1.5,1,1,5,"extensive",2019-06-30,"T2-2019",84,"2019-03-31","Commerce",0.00798376200343544,0.0339504681612155,0.0259667061577801,,FALSE
"bgr",4,0.0720913883495497,1.5,1,1,5,"extensive",2019-06-30,"T2-2019",84,"2019-03-31","Transports",0.00665525952470219,0.100742314764428,0.094087055239726,,FALSE
"bgr",4,0.0720913883495497,1.5,1,1,5,"extensive",2019-06-30,"T2-2019",84,"2019-03-31","Hébergement-restauration",-0.00119713255112923,0.0402913731091044,0.0414885056602336,,FALSE
"bgr",4,0.0720913883495497,1.5,1,1,5,"extensive",2019-06-30,"T2-2019",84,"2019-03-31","Information-communication",0.0195649375912108,0.00593404498862071,-0.0136308926025901,,FALSE
"bgr",4,0.0720913883495497,1.5,1,1,5,"extensive",2019-06-30,"T2-2019",84,"2019-03-31","Finances et assurances",0.0139581707063801,0.000435811706188005,-0.0135223590001921,,FALSE
"bgr",4,0.0720913883495497,1.5,1,1,5,"extensive",2019-06-30,"T2-2019",84,"2019-03-31","Immobilier",0.00866401083127962,0.00407965402671806,-0.00458435680456156,,FALSE
"bgr",4,0.0720913883495497,1.5,1,1,5,"extensive",2019-06-30,"T2-2019",84,"2019-03-31","Services aux entreprises",0.00907836125425067,0.063725227956656,0.0546468667024054,,FALSE
"bgr",4,0.0720913883495497,1.5,1,1,5,"extensive",2019-06-30,"T2-2019",84,"2019-03-31","Administration publique",0.0115487916418702,0.0152082717689765,0.0183722384453665,57.5233531480659,TRUE
"bgr",4,0.0720913883495497,1.5,1,1,5,"extensive",2019-06-30,"T2-2019",84,"2019-03-31","Éducation-santé",0.00799335721136048,0.00428270264143293,-0.00371065456992754,,FALSE
"bgr",4,0.0720913883495497,1.5,1,1,5,"extensive",2019-06-30,"T2-2019",84,"2019-03-31","Autres services",0.0130163658627677,-0.0137826733622841,-0.0267990392250518,,FALSE
"bgr",4,0.0720913883496277,1.5,1,1,5,"extensive",2019-09-30,"T3-2019",85,"2019-06-30","Agriculture",-0.0230737906305004,-0.00378790367855686,0.0192858869519436,,FALSE
"bgr",4,0.0720913883496277,1.5,1,1,5,"extensive",2019-09-30,"T3-2019",85,"2019-06-30","Pêche",0.0128049962048641,0.107189386187184,0.0943843899823195,,FALSE
"bgr",4,0.0720913883496277,1.5,1,1,5,"extensive",2019-09-30,"T3-2019",85,"2019-06-30","Industrie d'extraction",0.0200650282919328,0.0109256734157306,-0.00913935487620222,,FALSE
"bgr",4,0.0720913883496277,1.5,1,1,5,"extensive",2019-09-30,"T3-2019",85,"2019-06-30","Industrie de transformation",0.00881244858098063,-0.0175063522194137,-0.0263188008003943,,FALSE
"bgr",4,0.0720913883496277,1.5,1,1,5,"extensive",2019-09-30,"T3-2019",85,"2019-06-30","Électricité, gaz, eau",0.0118104322328054,-0.0152269847098676,-0.0270374169426731,,FALSE
"bgr",4,0.0720913883496277,1.5,1,1,5,"extensive",2019-09-30,"T3-2019",85,"2019-06-30","Construction",0.014249309052876,0.0125910845192418,-0.00165822453363418,,FALSE
"bgr",4,0.0720913883496277,1.5,1,1,5,"extensive",2019-09-30,"T3-2019",85,"2019-06-30","Commerce",0.00423099134570187,-0.00535962123528755,-0.00959061258098941,,FALSE
"bgr",4,0.0720913883496277,1.5,1,1,5,"extensive",2019-09-30,"T3-2019",85,"2019-06-30","Transports",0.00786649167377473,-0.105961891018188,-0.113828382691963,,FALSE
"bgr",4,0.0720913883496277,1.5,1,1,5,"extensive",2019-09-30,"T3-2019",85,"2019-06-30","Hébergement-restauration",-0.00655275657677681,-0.0688778865997968,-0.06232513002302,,FALSE
"bgr",4,0.0720913883496277,1.5,1,1,5,"extensive",2019-09-30,"T3-2019",85,"2019-06-30","Information-communication",0.0245599444569149,0.0095827091317755,-0.0149772353251394,,FALSE
"bgr",4,0.0720913883496277,1.5,1,1,5,"extensive",2019-09-30,"T3-2019",85,"2019-06-30","Finances et assurances",0.0144508412845183,0.0130609593133908,-0.00138988197112746,,FALSE
"bgr",4,0.0720913883496277,1.5,1,1,5,"extensive",2019-09-30,"T3-2019",85,"2019-06-30","Immobilier",0.0121204528707181,0.0012246541882952,-0.0108957986824229,,FALSE
"bgr",4,0.0720913883496277,1.5,1,1,5,"extensive",2019-09-30,"T3-2019",85,"2019-06-30","Services aux entreprises",0.0124960371098201,-0.0188406290925656,-0.0313366662023857,,FALSE
"bgr",4,0.0720913883496277,1.5,1,1,5,"extensive",2019-09-30,"T3-2019",85,"2019-06-30","Administration publique",0.0115126487336989,0.0143940441478136,-0.00435710449930689,58.4753191435392,TRUE
"bgr",4,0.0720913883496277,1.5,1,1,5,"extensive",2019-09-30,"T3-2019",85,"2019-06-30","Éducation-santé",0.00748526626562934,0.00354389619512929,-0.00394137007050005,,FALSE
"bgr",4,0.0720913883496277,1.5,1,1,5,"extensive",2019-09-30,"T3-2019",85,"2019-06-30","Autres services",0.00160308809311472,-0.0285720470296322,-0.0301751351227469,,FALSE
"bgr",1,0.0205650890236208,0.5,1,1,5,"extensive",2019-12-31,"T4-2019",86,"2019-09-30","Agriculture",0.00545000525263175,-0.00545796285781641,-0.0109079681104482,,FALSE
"bgr",1,0.0205650890236208,0.5,1,1,5,"extensive",2019-12-31,"T4-2019",86,"2019-09-30","Pêche",0.00323256169326961,-0.178444977080698,-0.181677538773968,,FALSE
"bgr",1,0.0205650890236208,0.5,1,1,5,"extensive",2019-12-31,"T4-2019",86,"2019-09-30","Industrie d'extraction",0.0175802728170349,0.00214620520732645,-0.0154340676097085,,FALSE
"bgr",1,0.0205650890236208,0.5,1,1,5,"extensive",2019-12-31,"T4-2019",86,"2019-09-30","Industrie de transformation",0.00840333768157522,-0.00688096519466086,-0.0152843028762361,,FALSE
"bgr",1,0.0205650890236208,0.5,1,1,5,"extensive",2019-12-31,"T4-2019",86,"2019-09-30","Électricité, gaz, eau",0.0116090980007103,-0.00625851062808103,-0.0178676086287913,,FALSE
"bgr",1,0.0205650890236208,0.5,1,1,5,"extensive",2019-12-31,"T4-2019",86,"2019-09-30","Construction",0.00895884970361975,-0.0273069523615579,-0.0362658020651776,,FALSE
"bgr",1,0.0205650890236208,0.5,1,1,5,"extensive",2019-12-31,"T4-2019",86,"2019-09-30","Commerce",0.00764851495452053,-0.0070521019456713,-0.0147006169001918,,FALSE
"bgr",1,0.0205650890236208,0.5,1,1,5,"extensive",2019-12-31,"T4-2019",86,"2019-09-30","Transports",0.0126349581539969,-0.0390667942682299,-0.0517017524222268,,FALSE
"bgr",1,0.0205650890236208,0.5,1,1,5,"extensive",2019-12-31,"T4-2019",86,"2019-09-30","Hébergement-restauration",0.0106792338947299,0.0396077656015432,0.0289285317068133,,FALSE
"bgr",1,0.0205650890236208,0.5,1,1,5,"extensive",2019-12-31,"T4-2019",86,"2019-09-30","Information-communication",0.0224294120588152,0.0110725639758531,-0.0113568480829621,,FALSE
"bgr",1,0.0205650890236208,0.5,1,1,5,"extensive",2019-12-31,"T4-2019",86,"2019-09-30","Finances et assurances",0.0120688123557421,0.00825566078032658,-0.00381315157541557,,FALSE
"bgr",1,0.0205650890236208,0.5,1,1,5,"extensive",2019-12-31,"T4-2019",86,"2019-09-30","Immobilier",0.00956426682907744,-0.00107461592825686,-0.0106388827573343,,FALSE
"bgr",1,0.0205650890236208,0.5,1,1,5,"extensive",2019-12-31,"T4-2019",86,"2019-09-30","Services aux entreprises",0.0118406289456048,-0.0165393083624608,-0.0283799373080656,,FALSE
"bgr",1,0.0205650890236208,0.5,1,1,5,"extensive",2019-12-31,"T4-2019",86,"2019-09-30","Administration publique",0.0116418626876146,0.0136078138543425,0.00281758837482693,59.4641537975205,TRUE
"bgr",1,0.0205650890236208,0.5,1,1,5,"extensive",2019-12-31,"T4-2019",86,"2019-09-30","Éducation-santé",0.00921518076912396,0.00282231901474184,-0.00639286175438212,,FALSE
"bgr",1,0.0205650890236208,0.5,1,1,5,"extensive",2019-12-31,"T4-2019",86,"2019-09-30","Autres services",0.00520211430273152,-0.0446464064426788,-0.0498485207454103,,FALSE
"bgr",2,0.0273099674528979,0.5,1,1,5,"extensive",2020-03-31,"T1-2020",87,"2019-12-31","Agriculture",0.000160189584848236,-0.0733468122559131,-0.0735070018407613,,FALSE
"bgr",2,0.0273099674528979,0.5,1,1,5,"extensive",2020-03-31,"T1-2020",87,"2019-12-31","Pêche",0.00569287368339539,0.250419564323746,0.244726690640351,,FALSE
"bgr",2,0.0273099674528979,0.5,1,1,5,"extensive",2020-03-31,"T1-2020",87,"2019-12-31","Industrie d'extraction",0.0198612030350813,0.00506158820307512,-0.0147996148320062,,FALSE
"bgr",2,0.0273099674528979,0.5,1,1,5,"extensive",2020-03-31,"T1-2020",87,"2019-12-31","Industrie de transformation",0.00936394890538783,-0.00162253854886352,-0.0109864874542513,,FALSE
"bgr",2,0.0273099674528979,0.5,1,1,5,"extensive",2020-03-31,"T1-2020",87,"2019-12-31","Électricité, gaz, eau",0.0133282177143148,0.0213425854542955,0.00801436773998062,,FALSE
"bgr",2,0.0273099674528979,0.5,1,1,5,"extensive",2020-03-31,"T1-2020",87,"2019-12-31","Construction",0.00726370133625902,0.000213553084455143,-0.00705014825180388,,FALSE
"bgr",2,0.0273099674528979,0.5,1,1,5,"extensive",2020-03-31,"T1-2020",87,"2019-12-31","Commerce",0.00587772398831716,-0.0169610578868529,-0.02283878187517,,FALSE
"bgr",2,0.0273099674528979,0.5,1,1,5,"extensive",2020-03-31,"T1-2020",87,"2019-12-31","Transports",0.00998825619226729,-0.0126004908496,-0.0225887470418673,,FALSE
"bgr",2,0.0273099674528979,0.5,1,1,5,"extensive",2020-03-31,"T1-2020",87,"2019-12-31","Hébergement-restauration",0.0133225193882025,-0.329368517252892,-0.342691036641094,,FALSE
"bgr",2,0.0273099674528979,0.5,1,1,5,"extensive",2020-03-31,"T1-2020",87,"2019-12-31","Information-communication",0.0213821338843639,0.0419599960536452,0.0205778621692813,,FALSE
"bgr",2,0.0273099674528979,0.5,1,1,5,"extensive",2020-03-31,"T1-2020",87,"2019-12-31","Finances et assurances",0.0121198820341142,-0.0212114526144092,-0.0333313346485234,,FALSE
"bgr",2,0.0273099674528979,0.5,1,1,5,"extensive",2020-03-31,"T1-2020",87,"2019-12-31","Immobilier",0.0098260316890376,-0.0121506955111226,-0.0219767272001602,,FALSE
"bgr",2,0.0273099674528979,0.5,1,1,5,"extensive",2020-03-31,"T1-2020",87,"2019-12-31","Services aux entreprises",0.0124845838414836,-0.0484686689414122,-0.0609532527828958,,FALSE
"bgr",2,0.0273099674528979,0.5,1,1,5,"extensive",2020-03-31,"T1-2020",87,"2019-12-31","Administration publique",0.0116526421397185,0.0112705932423776,0.00207723241907082,57.3339696909108,TRUE
"bgr",2,0.0273099674528979,0.5,1,1,5,"extensive",2020-03-31,"T1-2020",87,"2019-12-31","Éducation-santé",0.00878395138228141,-0.00401330090882546,-0.0127972522911069,,FALSE
"bgr",2,0.0273099674528979,0.5,1,1,5,"extensive",2020-03-31,"T1-2020",87,"2019-12-31","Autres services",0.000702195158442098,-0.155410185258452,-0.156112380416894,,FALSE
"bgr",3,0.0503722715676841,1.5,1,1,5,"extensive",2020-06-30,"T2-2020",88,"2020-03-31","Agriculture",-0.00789671527844581,0.00964980812139338,0.0175465233998392,,FALSE
"bgr",3,0.0503722715676841,1.5,1,1,5,"extensive",2020-06-30,"T2-2020",88,"2020-03-31","Pêche",0.0357225585486882,-0.182744294243855,-0.218466852792543,,FALSE
"bgr",3,0.0503722715676841,1.5,1,1,5,"extensive",2020-06-30,"T2-2020",88,"2020-03-31","Industrie d'extraction",0.0282733812059157,0.0237324718357801,-0.00454090937013559,,FALSE
"bgr",3,0.0503722715676841,1.5,1,1,5,"extensive",2020-06-30,"T2-2020",88,"2020-03-31","Industrie de transformation",0.00597223556292502,-0.213797918505946,-0.219770154068871,,FALSE
"bgr",3,0.0503722715676841,1.5,1,1,5,"extensive",2020-06-30,"T2-2020",88,"2020-03-31","Électricité, gaz, eau",0.0116253106567407,-0.0970147629221021,-0.108640073578843,,FALSE
"bgr",3,0.0503722715676841,1.5,1,1,5,"extensive",2020-06-30,"T2-2020",88,"2020-03-31","Construction",0.000543484826574807,-0.102776372819593,-0.103319857646167,,FALSE
"bgr",3,0.0503722715676841,1.5,1,1,5,"extensive",2020-06-30,"T2-2020",88,"2020-03-31","Commerce",-0.00373383217959304,-0.150671734390357,-0.146937902210764,,FALSE
"bgr",3,0.0503722715676841,1.5,1,1,5,"extensive",2020-06-30,"T2-2020",88,"2020-03-31","Transports",0.000110559992614148,-0.501094849125378,-0.501205409117992,,FALSE
"bgr",3,0.0503722715676841,1.5,1,1,5,"extensive",2020-06-30,"T2-2020",88,"2020-03-31","Hébergement-restauration",-0.0331484908175594,-0.857041072981717,-0.823892582164158,,FALSE
"bgr",3,0.0503722715676841,1.5,1,1,5,"extensive",2020-06-30,"T2-2020",88,"2020-03-31","Information-communication",0.0230317616592223,-0.0210436716728193,-0.0440754333320416,,FALSE
"bgr",3,0.0503722715676841,1.5,1,1,5,"extensive",2020-06-30,"T2-2020",88,"2020-03-31","Finances et assurances",0.00518195860742856,0.0113083327777996,0.00612637417037107,,FALSE
"bgr",3,0.0503722715676841,1.5,1,1,5,"extensive",2020-06-30,"T2-2020",88,"2020-03-31","Immobilier",0.00253732561563537,0.00154778434759706,-0.000989541268038306,,FALSE
"bgr",3,0.0503722715676841,1.5,1,1,5,"extensive",2020-06-30,"T2-2020",88,"2020-03-31","Services aux entreprises",-0.002250877223024,-0.26337617935458,-0.261125302131556,,FALSE
"bgr",3,0.0503722715676841,1.5,1,1,5,"extensive",2020-06-30,"T2-2020",88,"2020-03-31","Administration publique",0.0116566328782232,0.0127759397880887,-0.00134985167079344,58.338627916751,TRUE
"bgr",3,0.0503722715676841,1.5,1,1,5,"extensive",2020-06-30,"T2-2020",88,"2020-03-31","Éducation-santé",0.00641818400725815,0.00384305111413319,-0.00257513289312496,,FALSE
"bgr",3,0.0503722715676841,1.5,1,1,5,"extensive",2020-06-30,"T2-2020",88,"2020-03-31","Autres services",-0.036279977234041,-0.0518697020825911,-0.0155897248485501,,FALSE
"bgr",2,0.0322128000960024,0.5,1,1,4,"extensive",2020-09-30,"T3-2020",89,"2020-06-30","Agriculture",0.0303985752293546,-0.0341340216865049,-0.0645325969158595,,FALSE
"bgr",2,0.0322128000960024,0.5,1,1,4,"extensive",2020-09-30,"T3-2020",89,"2020-06-30","Pêche",0.00446374201032906,0.449867423442043,0.445403681431713,,FALSE
"bgr",2,0.0322128000960024,0.5,1,1,4,"extensive",2020-09-30,"T3-2020",89,"2020-06-30","Industrie d'extraction",0.0348257825919949,-0.0110758122366672,-0.0459015948286621,,FALSE
"bgr",2,0.0322128000960024,0.5,1,1,4,"extensive",2020-09-30,"T3-2020",89,"2020-06-30","Industrie de transformation",0.00821449451536489,0.176609534773862,0.168395040258497,,FALSE
"bgr",2,0.0322128000960024,0.5,1,1,4,"extensive",2020-09-30,"T3-2020",89,"2020-06-30","Électricité, gaz, eau",0.0203679484167375,0.114417799543279,0.0940498511265417,,FALSE
"bgr",2,0.0322128000960024,0.5,1,1,4,"extensive",2020-09-30,"T3-2020",89,"2020-06-30","Construction",-0.000286293027691621,0.0356201479127147,0.0359064409404063,,FALSE
"bgr",2,0.0322128000960024,0.5,1,1,4,"extensive",2020-09-30,"T3-2020",89,"2020-06-30","Commerce",0.00223355698600013,0.108126994394249,0.105893437408249,,FALSE
"bgr",2,0.0322128000960024,0.5,1,1,4,"extensive",2020-09-30,"T3-2020",89,"2020-06-30","Transports",0.0225324483589166,0.125969152849114,0.103436704490198,,FALSE
"bgr",2,0.0322128000960024,0.5,1,1,4,"extensive",2020-09-30,"T3-2020",89,"2020-06-30","Hébergement-restauration",0.0143057816461628,0.152814674284517,0.138508892638355,,FALSE
"bgr",2,0.0322128000960024,0.5,1,1,4,"extensive",2020-09-30,"T3-2020",89,"2020-06-30","Information-communication",0.0163388280289452,-0.00204975173975619,-0.0183885797687014,,FALSE
"bgr",2,0.0322128000960024,0.5,1,1,4,"extensive",2020-09-30,"T3-2020",89,"2020-06-30","Finances et assurances",0.00614068207830312,0.00678756570547989,0.000646883627176768,,FALSE
"bgr",2,0.0322128000960024,0.5,1,1,4,"extensive",2020-09-30,"T3-2020",89,"2020-06-30","Immobilier",0.0076096107172803,0.00248862454064991,-0.00512098617663039,,FALSE
"bgr",2,0.0322128000960024,0.5,1,1,4,"extensive",2020-09-30,"T3-2020",89,"2020-06-30","Services aux entreprises",0.00621956817342392,0.180412336071653,0.174192767898229,,FALSE
"bgr",2,0.0322128000960024,0.5,1,1,4,"extensive",2020-09-30,"T3-2020",89,"2020-06-30","Administration publique",0.0117001487171523,0.012675622336614,0.0138098407842515,59.336113655277,TRUE
"bgr",2,0.0322128000960024,0.5,1,1,4,"extensive",2020-09-30,"T3-2020",89,"2020-06-30","Éducation-santé",0.00792583990201146,0.00554655612052457,-0.00237928378148689,,FALSE
"bgr",2,0.0322128000960024,0.5,1,1,4,"extensive",2020-09-30,"T3-2020",89,"2020-06-30","Autres services",-0.0143708606730184,-0.0318268080588098,-0.0174559473857914,,FALSE
"bgr",2,0.0322128000962015,0.5,1,1,5,"extensive",2020-12-31,"T4-2020",90,"2020-09-30","Agriculture",-0.0104773711250303,-0.00972120420603417,0.000756166918996118,,FALSE
"bgr",2,0.0322128000962015,0.5,1,1,5,"extensive",2020-12-31,"T4-2020",90,"2020-09-30","Pêche",0.0300882332202258,-0.549113253084071,-0.579201486304297,,FALSE
"bgr",2,0.0322128000962015,0.5,1,1,5,"extensive",2020-12-31,"T4-2020",90,"2020-09-30","Industrie d'extraction",0.0069170568149415,0.0282365373459843,0.0213194805310428,,FALSE
"bgr",2,0.0322128000962015,0.5,1,1,5,"extensive",2020-12-31,"T4-2020",90,"2020-09-30","Industrie de transformation",0.0116905879142253,-0.00858663289649719,-0.0202772208107225,,FALSE
"bgr",2,0.0322128000962015,0.5,1,1,5,"extensive",2020-12-31,"T4-2020",90,"2020-09-30","Électricité, gaz, eau",0.00763759661181983,-0.016022429172736,-0.0236600257845558,,FALSE
"bgr",2,0.0322128000962015,0.5,1,1,5,"extensive",2020-12-31,"T4-2020",90,"2020-09-30","Construction",0.0127320820427462,0.072642691639901,0.0599106095971548,,FALSE
"bgr",2,0.0322128000962015,0.5,1,1,5,"extensive",2020-12-31,"T4-2020",90,"2020-09-30","Commerce",0.0101776845920583,0.020045836468638,0.00986815187657973,,FALSE
"bgr",2,0.0322128000962015,0.5,1,1,5,"extensive",2020-12-31,"T4-2020",90,"2020-09-30","Transports",0.0102959727811038,0.122566805849722,0.112270833068618,,FALSE
"bgr",2,0.0322128000962015,0.5,1,1,5,"extensive",2020-12-31,"T4-2020",90,"2020-09-30","Hébergement-restauration",-0.0272265445436888,0.184991785349833,0.212218329893522,,FALSE
"bgr",2,0.0322128000962015,0.5,1,1,5,"extensive",2020-12-31,"T4-2020",90,"2020-09-30","Information-communication",0.0270349569632045,0.0411703029645043,0.0141353460012998,,FALSE
"bgr",2,0.0322128000962015,0.5,1,1,5,"extensive",2020-12-31,"T4-2020",90,"2020-09-30","Finances et assurances",0.00787272860201549,0.0114494849451461,0.00357675634313059,,FALSE
"bgr",2,0.0322128000962015,0.5,1,1,5,"extensive",2020-12-31,"T4-2020",90,"2020-09-30","Immobilier",0.00808896066416918,0.00250256303301022,-0.00558639763115896,,FALSE
"bgr",2,0.0322128000962015,0.5,1,1,5,"extensive",2020-12-31,"T4-2020",90,"2020-09-30","Services aux entreprises",0.0144110938195085,0.0538102828967748,0.0393991890772663,,FALSE
"bgr",2,0.0322128000962015,0.5,1,1,5,"extensive",2020-12-31,"T4-2020",90,"2020-09-30","Administration publique",0.0116179937705049,0.0125770497153397,-0.00756112293517739,57.52876183042,TRUE
"bgr",2,0.0322128000962015,0.5,1,1,5,"extensive",2020-12-31,"T4-2020",90,"2020-09-30","Éducation-santé",0.00721318071254689,0.00722180449425913,8.62378171224542e-06,,FALSE
"bgr",2,0.0322128000962015,0.5,1,1,5,"extensive",2020-12-31,"T4-2020",90,"2020-09-30","Autres services",-0.00184831448869861,-0.00979630428437517,-0.00794798979567656,,FALSE
"bgr",2,0.03221280009635,0.5,1,1,6,"extensive",2021-03-31,"T1-2021",91,"2020-12-31","Agriculture",0.00751918162875032,0.198088349077135,0.190569167448385,,FALSE
"bgr",2,0.03221280009635,0.5,1,1,6,"extensive",2021-03-31,"T1-2021",91,"2020-12-31","Pêche",0.00859614682572679,0.301831328865735,0.293235182040009,,FALSE
"bgr",2,0.03221280009635,0.5,1,1,6,"extensive",2021-03-31,"T1-2021",91,"2020-12-31","Industrie d'extraction",0.00891710501019216,0.0506515529548963,0.0417344479447042,,FALSE
"bgr",2,0.03221280009635,0.5,1,1,6,"extensive",2021-03-31,"T1-2021",91,"2020-12-31","Industrie de transformation",0.00516162071921515,0.0682885003101887,0.0631268795909736,,FALSE
"bgr",2,0.03221280009635,0.5,1,1,6,"extensive",2021-03-31,"T1-2021",91,"2020-12-31","Électricité, gaz, eau",0.0142507064559801,0.0217529032326009,0.00750219677662087,,FALSE
"bgr",2,0.03221280009635,0.5,1,1,6,"extensive",2021-03-31,"T1-2021",91,"2020-12-31","Construction",0.0137820274801226,-0.00494022963371066,-0.0187222571138333,,FALSE
"bgr",2,0.03221280009635,0.5,1,1,6,"extensive",2021-03-31,"T1-2021",91,"2020-12-31","Commerce",0.00574794982962526,0.0273111173838672,0.0215631675542419,,FALSE
"bgr",2,0.03221280009635,0.5,1,1,6,"extensive",2021-03-31,"T1-2021",91,"2020-12-31","Transports",0.00319788801215952,0.0562033294168316,0.0530054414046721,,FALSE
"bgr",2,0.03221280009635,0.5,1,1,6,"extensive",2021-03-31,"T1-2021",91,"2020-12-31","Hébergement-restauration",0.00744481785676402,0.108593379555545,0.101148561698781,,FALSE
"bgr",2,0.03221280009635,0.5,1,1,6,"extensive",2021-03-31,"T1-2021",91,"2020-12-31","Information-communication",0.0218335879307991,-0.0536933298258049,-0.0755269177566039,,FALSE
"bgr",2,0.03221280009635,0.5,1,1,6,"extensive",2021-03-31,"T1-2021",91,"2020-12-31","Finances et assurances",0.0157067490056733,-0.00739307250548649,-0.0230998215111598,,FALSE
"bgr",2,0.03221280009635,0.5,1,1,6,"extensive",2021-03-31,"T1-2021",91,"2020-12-31","Immobilier",0.0116777433225484,0.0186980933413192,0.00702035001877078,,FALSE
"bgr",2,0.03221280009635,0.5,1,1,6,"extensive",2021-03-31,"T1-2021",91,"2020-12-31","Services aux entreprises",0.0105594158393062,0.0236849909538215,0.0131255751145153,,FALSE
"bgr",2,0.03221280009635,0.5,1,1,6,"extensive",2021-03-31,"T1-2021",91,"2020-12-31","Administration publique",0.0116852295761891,0.0124109391990199,0.00495953962659422,58.4974704858132,TRUE
"bgr",2,0.03221280009635,0.5,1,1,6,"extensive",2021-03-31,"T1-2021",91,"2020-12-31","Éducation-santé",0.00867737759446665,0.00824967476330762,-0.000427702831159022,,FALSE
"bgr",2,0.03221280009635,0.5,1,1,6,"extensive",2021-03-31,"T1-2021",91,"2020-12-31","Autres services",0.0050016181331747,0.0650452081351318,0.0600435900019571,,FALSE
"bgr",2,0.0322128000967137,0.5,1,1,7,"extensive",2021-06-30,"T2-2021",92,"2021-03-31","Agriculture",0.0057395550062642,0.00736929305629452,0.00162973805003032,,FALSE
"bgr",2,0.0322128000967137,0.5,1,1,7,"extensive",2021-06-30,"T2-2021",92,"2021-03-31","Pêche",-0.00964365691871637,0.086451616600093,0.0960952735188094,,FALSE
"bgr",2,0.0322128000967137,0.5,1,1,7,"extensive",2021-06-30,"T2-2021",92,"2021-03-31","Industrie d'extraction",0.0112140528473805,-0.0120026798414088,-0.0232167326887893,,FALSE
"bgr",2,0.0322128000967137,0.5,1,1,7,"extensive",2021-06-30,"T2-2021",92,"2021-03-31","Industrie de transformation",0.00820082206240853,-0.0226087358268856,-0.0308095578892941,,FALSE
"bgr",2,0.0322128000967137,0.5,1,1,7,"extensive",2021-06-30,"T2-2021",92,"2021-03-31","Électricité, gaz, eau",0.0117374484688917,0.0253032608158232,0.0135658123469315,,FALSE
"bgr",2,0.0322128000967137,0.5,1,1,7,"extensive",2021-06-30,"T2-2021",92,"2021-03-31","Construction",0.0099200849104172,-0.00250132109599832,-0.0124214060064155,,FALSE
"bgr",2,0.0322128000967137,0.5,1,1,7,"extensive",2021-06-30,"T2-2021",92,"2021-03-31","Commerce",0.00798502471855052,0.00987582878233084,0.00189080406378032,,FALSE
"bgr",2,0.0322128000967137,0.5,1,1,7,"extensive",2021-06-30,"T2-2021",92,"2021-03-31","Transports",0.0098771813694828,0.000731330783699136,-0.00914585058578366,,FALSE
"bgr",2,0.0322128000967137,0.5,1,1,7,"extensive",2021-06-30,"T2-2021",92,"2021-03-31","Hébergement-restauration",0.00901626202888402,0.0325203058080987,0.0235040437792147,,FALSE
"bgr",2,0.0322128000967137,0.5,1,1,7,"extensive",2021-06-30,"T2-2021",92,"2021-03-31","Information-communication",0.0188994125399165,0.00186143113149839,-0.0170379814084181,,FALSE
"bgr",2,0.0322128000967137,0.5,1,1,7,"extensive",2021-06-30,"T2-2021",92,"2021-03-31","Finances et assurances",0.0132416318975279,0.0281576114642981,0.0149159795667701,,FALSE
"bgr",2,0.0322128000967137,0.5,1,1,7,"extensive",2021-06-30,"T2-2021",92,"2021-03-31","Immobilier",0.00896287384176394,0.00589086653339521,-0.00307200730836873,,FALSE
"bgr",2,0.0322128000967137,0.5,1,1,7,"extensive",2021-06-30,"T2-2021",92,"2021-03-31","Services aux entreprises",0.0126184504804809,-0.0253276404682605,-0.0379460909487414,,FALSE
"bgr",2,0.0322128000967137,0.5,1,1,7,"extensive",2021-06-30,"T2-2021",92,"2021-03-31","Administration publique",0.0118001338721606,0.0124151117984699,0.0030929047635528,59.4681846390541,TRUE
"bgr",2,0.0322128000967137,0.5,1,1,7,"extensive",2021-06-30,"T2-2021",92,"2021-03-31","Éducation-santé",0.00882625663425697,0.0107145527308568,0.00188829609659978,,FALSE
"bgr",2,0.0322128000967137,0.5,1,1,7,"extensive",2021-06-30,"T2-2021",92,"2021-03-31","Autres services",0.00816454417173817,0.0130709296570739,0.00490638548533574,,FALSE
"bgr",2,0.0421385108186311,1.5,1,1,7,"extensive",2021-09-30,"T3-2021",93,"2021-06-30","Agriculture",0.00926930518876699,-0.00217917484074093,-0.0114484800295079,,FALSE
"bgr",2,0.0421385108186311,1.5,1,1,7,"extensive",2021-09-30,"T3-2021",93,"2021-06-30","Pêche",-0.00383558754625745,-0.0880960598262783,-0.0842604722800209,,FALSE
"bgr",2,0.0421385108186311,1.5,1,1,7,"extensive",2021-09-30,"T3-2021",93,"2021-06-30","Industrie d'extraction",0.0189719762582948,0.0223534844760689,0.00338150821777409,,FALSE
"bgr",2,0.0421385108186311,1.5,1,1,7,"extensive",2021-09-30,"T3-2021",93,"2021-06-30","Industrie de transformation",0.00881350135032242,0.0119171102444078,0.00310360889408536,,FALSE
"bgr",2,0.0421385108186311,1.5,1,1,7,"extensive",2021-09-30,"T3-2021",93,"2021-06-30","Électricité, gaz, eau",0.014287837676236,0.0158724557012508,0.00158461802501481,,FALSE
"bgr",2,0.0421385108186311,1.5,1,1,7,"extensive",2021-09-30,"T3-2021",93,"2021-06-30","Construction",0.00986454778203801,0.0107028535882208,0.000838305806182755,,FALSE
"bgr",2,0.0421385108186311,1.5,1,1,7,"extensive",2021-09-30,"T3-2021",93,"2021-06-30","Commerce",0.00671087992601535,0.0199199534821144,0.013209073556099,,FALSE
"bgr",2,0.0421385108186311,1.5,1,1,7,"extensive",2021-09-30,"T3-2021",93,"2021-06-30","Transports",0.0130402847290895,0.0731279057345535,0.060087621005464,,FALSE
"bgr",2,0.0421385108186311,1.5,1,1,7,"extensive",2021-09-30,"T3-2021",93,"2021-06-30","Hébergement-restauration",0.0079785573142786,0.0912570059284388,0.0832784486141602,,FALSE
"bgr",2,0.0421385108186311,1.5,1,1,7,"extensive",2021-09-30,"T3-2021",93,"2021-06-30","Information-communication",0.0190179195185552,0.00942302584054922,-0.00959489367800602,,FALSE
"bgr",2,0.0421385108186311,1.5,1,1,7,"extensive",2021-09-30,"T3-2021",93,"2021-06-30","Finances et assurances",0.0123493802492189,0.00585438399346749,-0.00649499625575144,,FALSE
"bgr",2,0.0421385108186311,1.5,1,1,7,"extensive",2021-09-30,"T3-2021",93,"2021-06-30","Immobilier",0.00930348524618798,0.00489489217388339,-0.00440859307230459,,FALSE
"bgr",2,0.0421385108186311,1.5,1,1,7,"extensive",2021-09-30,"T3-2021",93,"2021-06-30","Services aux entreprises",0.0117177427650166,0.0425796070346394,0.0308618642696228,,FALSE
"bgr",2,0.0421385108186311,1.5,1,1,7,"extensive",2021-09-30,"T3-2021",93,"2021-06-30","Administration publique",0.0119490375625931,0.0123497114869799,0.00795600166320682,57.5581156033146,TRUE
"bgr",2,0.0421385108186311,1.5,1,1,7,"extensive",2021-09-30,"T3-2021",93,"2021-06-30","Éducation-santé",0.0091504810501162,0.0124987113733415,0.00334823032322526,,FALSE
"bgr",2,0.0421385108186311,1.5,1,1,7,"extensive",2021-09-30,"T3-2021",93,"2021-06-30","Autres services",0.0031564337620361,0.0139388205165201,0.010782386754484,,FALSE
"bgr",3,0.05368229145706,2,1,1,8,"extensive",2021-12-31,"T4-2021",94,"2021-09-30","Agriculture",0.00399440960151357,-0.00946965224747842,-0.013464061848992,,FALSE
"bgr",3,0.05368229145706,2,1,1,8,"extensive",2021-12-31,"T4-2021",94,"2021-09-30","Pêche",0.0146934961926879,0.102924635387614,0.0882311391949264,,FALSE
"bgr",3,0.05368229145706,2,1,1,8,"extensive",2021-12-31,"T4-2021",94,"2021-09-30","Industrie d'extraction",0.0131587260013968,-0.0143497716369634,-0.0275084976383602,,FALSE
"bgr",3,0.05368229145706,2,1,1,8,"extensive",2021-12-31,"T4-2021",94,"2021-09-30","Industrie de transformation",0.00880205207214303,0.0157395324071921,0.00693748033504903,,FALSE
"bgr",3,0.05368229145706,2,1,1,8,"extensive",2021-12-31,"T4-2021",94,"2021-09-30","Électricité, gaz, eau",0.0147813379033558,0.0138196358846692,-0.000961702018686617,,FALSE
"bgr",3,0.05368229145706,2,1,1,8,"extensive",2021-12-31,"T4-2021",94,"2021-09-30","Construction",0.0129192439234903,0.00772099252970015,-0.00519825139379011,,FALSE
"bgr",3,0.05368229145706,2,1,1,8,"extensive",2021-12-31,"T4-2021",94,"2021-09-30","Commerce",0.00693632237177593,0.0158034521479156,0.00886712977613963,,FALSE
"bgr",3,0.05368229145706,2,1,1,8,"extensive",2021-12-31,"T4-2021",94,"2021-09-30","Transports",0.0109580356678965,-0.0243022849728511,-0.0352603206407477,,FALSE
"bgr",3,0.05368229145706,2,1,1,8,"extensive",2021-12-31,"T4-2021",94,"2021-09-30","Hébergement-restauration",0.00510192362131615,0.0662513211980329,0.0611493975767167,,FALSE
"bgr",3,0.05368229145706,2,1,1,8,"extensive",2021-12-31,"T4-2021",94,"2021-09-30","Information-communication",0.0220949652728678,0.0317145043040412,0.00961953903117344,,FALSE
"bgr",3,0.05368229145706,2,1,1,8,"extensive",2021-12-31,"T4-2021",94,"2021-09-30","Finances et assurances",0.0134169140860317,0.016641170500078,0.00322425641404627,,FALSE
"bgr",3,0.05368229145706,2,1,1,8,"extensive",2021-12-31,"T4-2021",94,"2021-09-30","Immobilier",0.0105072326535578,-0.000185568621855481,-0.0106928012754132,,FALSE
"bgr",3,0.05368229145706,2,1,1,8,"extensive",2021-12-31,"T4-2021",94,"2021-09-30","Services aux entreprises",0.0128641428329582,0.0247258900965548,0.0118617472635965,,FALSE
"bgr",3,0.05368229145706,2,1,1,8,"extensive",2021-12-31,"T4-2021",94,"2021-09-30","Administration publique",0.0120324854948713,0.0122848408349885,0.00597352443888826,58.498848096938,TRUE
"bgr",3,0.05368229145706,2,1,1,8,"extensive",2021-12-31,"T4-2021",94,"2021-09-30","Éducation-santé",0.00931209054041134,0.0142153530442766,0.00490326250386523,,FALSE
"bgr",3,0.05368229145706,2,1,1,8,"extensive",2021-12-31,"T4-2021",94,"2021-09-30","Autres services",0.00648702083639695,0.0147685323674143,0.00828151153101732,,FALSE
"bgr",2,0.0395689987492753,1.5,1,1,8,"extensive",2022-03-31,"T1-2022",95,"2021-12-31","Agriculture",0.0117318118174543,-0.106650718690272,-0.118382530507726,,FALSE
"bgr",2,0.0395689987492753,1.5,1,1,8,"extensive",2022-03-31,"T1-2022",95,"2021-12-31","Pêche",-0.0038224727266961,-0.251794115386521,-0.247971642659825,,FALSE
"bgr",2,0.0395689987492753,1.5,1,1,8,"extensive",2022-03-31,"T1-2022",95,"2021-12-31","Industrie d'extraction",0.0147690469986585,-0.138625872821352,-0.153394919820011,,FALSE
"bgr",2,0.0395689987492753,1.5,1,1,8,"extensive",2022-03-31,"T1-2022",95,"2021-12-31","Industrie de transformation",0.00753133140780234,-0.00935236645143078,-0.0168836978592331,,FALSE
"bgr",2,0.0395689987492753,1.5,1,1,8,"extensive",2022-03-31,"T1-2022",95,"2021-12-31","Électricité, gaz, eau",0.0117816009097258,-0.0635858178619184,-0.0753674187716443,,FALSE
"bgr",2,0.0395689987492753,1.5,1,1,8,"extensive",2022-03-31,"T1-2022",95,"2021-12-31","Construction",0.00953832346164042,-0.026866287683136,-0.0364046111447765,,FALSE
"bgr",2,0.0395689987492753,1.5,1,1,8,"extensive",2022-03-31,"T1-2022",95,"2021-12-31","Commerce",0.00754371163520957,-0.0348034749137724,-0.042347186548982,,FALSE
"bgr",2,0.0395689987492753,1.5,1,1,8,"extensive",2022-03-31,"T1-2022",95,"2021-12-31","Transports",0.0112131205447917,-0.0184384391565189,-0.0296515597013106,,FALSE
"bgr",2,0.0395689987492753,1.5,1,1,8,"extensive",2022-03-31,"T1-2022",95,"2021-12-31","Hébergement-restauration",0.00743198200564778,0.172069210996341,0.164637228990693,,FALSE
"bgr",2,0.0395689987492753,1.5,1,1,8,"extensive",2022-03-31,"T1-2022",95,"2021-12-31","Information-communication",0.0214147669734638,0.00597454514787366,-0.0154402218255902,,FALSE
"bgr",2,0.0395689987492753,1.5,1,1,8,"extensive",2022-03-31,"T1-2022",95,"2021-12-31","Finances et assurances",0.0118596036462315,0.0414257987284206,0.029566195082189,,FALSE
"bgr",2,0.0395689987492753,1.5,1,1,8,"extensive",2022-03-31,"T1-2022",95,"2021-12-31","Immobilier",0.00901618150144863,-0.00613333557758722,-0.0151495170790358,,FALSE
"bgr",2,0.0395689987492753,1.5,1,1,8,"extensive",2022-03-31,"T1-2022",95,"2021-12-31","Services aux entreprises",0.0114763900633623,0.0467640057093828,0.0352876156460205,,FALSE
"bgr",2,0.0395689987492753,1.5,1,1,8,"extensive",2022-03-31,"T1-2022",95,"2021-12-31","Administration publique",0.012184240728661,0.0166954361468807,0.00712867350222725,59.4401253679481,TRUE
"bgr",2,0.0395689987492753,1.5,1,1,8,"extensive",2022-03-31,"T1-2022",95,"2021-12-31","Éducation-santé",0.00943510149065288,0.0228322535149648,0.0133971520243119,,FALSE
"bgr",2,0.0395689987492753,1.5,1,1,8,"extensive",2022-03-31,"T1-2022",95,"2021-12-31","Autres services",0.00416624862869184,0.0243149233660027,0.0201486747373109,,FALSE
"bgr",2,0.0365627651443468,1,1,1,8,"extensive",2022-06-30,"T2-2022",96,"2022-03-31","Agriculture",0.0094590102527439,-0.00714754922684868,-0.0166065594795926,,FALSE
"bgr",2,0.0365627651443468,1,1,1,8,"extensive",2022-06-30,"T2-2022",96,"2022-03-31","Pêche",-0.000175243541600336,0.0309075374630767,0.0310827810046771,,FALSE
"bgr",2,0.0365627651443468,1,1,1,8,"extensive",2022-06-30,"T2-2022",96,"2022-03-31","Industrie d'extraction",0.0207467815319396,-0.0689421152185421,-0.0896888967504817,,FALSE
"bgr",2,0.0365627651443468,1,1,1,8,"extensive",2022-06-30,"T2-2022",96,"2022-03-31","Industrie de transformation",0.00798127572582743,0.0265199585031901,0.0185386827773627,,FALSE
"bgr",2,0.0365627651443468,1,1,1,8,"extensive",2022-06-30,"T2-2022",96,"2022-03-31","Électricité, gaz, eau",0.0111161028363726,0.00902096583624079,-0.00209513700013181,,FALSE
"bgr",2,0.0365627651443468,1,1,1,8,"extensive",2022-06-30,"T2-2022",96,"2022-03-31","Construction",0.00923638063925402,-0.0038148328637746,-0.0130512135030286,,FALSE
"bgr",2,0.0365627651443468,1,1,1,8,"extensive",2022-06-30,"T2-2022",96,"2022-03-31","Commerce",0.00619107793211208,0.007272295596783,0.00108121766467092,,FALSE
"bgr",2,0.0365627651443468,1,1,1,8,"extensive",2022-06-30,"T2-2022",96,"2022-03-31","Transports",0.0111405510752218,0.0331947459481938,0.022054194872972,,FALSE
"bgr",2,0.0365627651443468,1,1,1,8,"extensive",2022-06-30,"T2-2022",96,"2022-03-31","Hébergement-restauration",0.0100962681369822,0.185682194782517,0.175585926645535,,FALSE
"bgr",2,0.0365627651443468,1,1,1,8,"extensive",2022-06-30,"T2-2022",96,"2022-03-31","Information-communication",0.0223742415761555,0.00161153463684727,-0.0207627069393082,,FALSE
"bgr",2,0.0365627651443468,1,1,1,8,"extensive",2022-06-30,"T2-2022",96,"2022-03-31","Finances et assurances",0.0122908502458726,0.031410255383383,0.0191194051375104,,FALSE
"bgr",2,0.0365627651443468,1,1,1,8,"extensive",2022-06-30,"T2-2022",96,"2022-03-31","Immobilier",0.00952360595914048,0.000982294226966829,-0.00854131173217365,,FALSE
"bgr",2,0.0365627651443468,1,1,1,8,"extensive",2022-06-30,"T2-2022",96,"2022-03-31","Services aux entreprises",0.0131703903897029,0.010881697664729,-0.0022886927249739,,FALSE
"bgr",2,0.0365627651443468,1,1,1,8,"extensive",2022-06-30,"T2-2022",96,"2022-03-31","Administration publique",0.0125446469559502,0.0103354390450736,0.00164175931608128,57.6503595584364,TRUE
"bgr",2,0.0365627651443468,1,1,1,8,"extensive",2022-06-30,"T2-2022",96,"2022-03-31","Éducation-santé",0.00996832584704055,0.0145617040986501,0.00459337825160954,,FALSE
"bgr",2,0.0365627651443468,1,1,1,8,"extensive",2022-06-30,"T2-2022",96,"2022-03-31","Autres services",0.00278527787963575,0.0126500421906393,0.00986476431100351,,FALSE
"bgr",3,0.0374885422770412,0.5,1,1,7,"extensive",2022-09-30,"T3-2022",97,"2022-06-30","Agriculture",0.003957204692481,0.0022277626879923,-0.0017294420044887,,FALSE
"bgr",3,0.0374885422770412,0.5,1,1,7,"extensive",2022-09-30,"T3-2022",97,"2022-06-30","Pêche",0.00311213458101047,-0.424362348289532,-0.427474482870542,,FALSE
"bgr",3,0.0374885422770412,0.5,1,1,7,"extensive",2022-09-30,"T3-2022",97,"2022-06-30","Industrie d'extraction",0.00969542753409443,-0.0421248811824597,-0.0518203087165541,,FALSE
"bgr",3,0.0374885422770412,0.5,1,1,7,"extensive",2022-09-30,"T3-2022",97,"2022-06-30","Industrie de transformation",0.00957575710848014,0.00503674468161641,-0.00453901242686373,,FALSE
"bgr",3,0.0374885422770412,0.5,1,1,7,"extensive",2022-09-30,"T3-2022",97,"2022-06-30","Électricité, gaz, eau",0.0117854211849548,-0.00480416973629261,-0.0165895909212474,,FALSE
"bgr",3,0.0374885422770412,0.5,1,1,7,"extensive",2022-09-30,"T3-2022",97,"2022-06-30","Construction",0.0088818641192418,-0.0309753266623467,-0.0398571907815885,,FALSE
"bgr",3,0.0374885422770412,0.5,1,1,7,"extensive",2022-09-30,"T3-2022",97,"2022-06-30","Commerce",0.00789595555450624,-0.00708032889736465,-0.0149762844518709,,FALSE
"bgr",3,0.0374885422770412,0.5,1,1,7,"extensive",2022-09-30,"T3-2022",97,"2022-06-30","Transports",0.0122061351734691,0.0296892895055922,0.0174831543321232,,FALSE
"bgr",3,0.0374885422770412,0.5,1,1,7,"extensive",2022-09-30,"T3-2022",97,"2022-06-30","Hébergement-restauration",0.0177645607675224,0.172534150339882,0.154769589572359,,FALSE
"bgr",3,0.0374885422770412,0.5,1,1,7,"extensive",2022-09-30,"T3-2022",97,"2022-06-30","Information-communication",0.0193218689122779,0.0112829099708271,-0.00803895894145074,,FALSE
"bgr",3,0.0374885422770412,0.5,1,1,7,"extensive",2022-09-30,"T3-2022",97,"2022-06-30","Finances et assurances",0.0138281071378301,0.0122236867003789,-0.0016044204374512,,FALSE
"bgr",3,0.0374885422770412,0.5,1,1,7,"extensive",2022-09-30,"T3-2022",97,"2022-06-30","Immobilier",0.00841182050470035,0.00192740181735829,-0.00648441868734206,,FALSE
"bgr",3,0.0374885422770412,0.5,1,1,7,"extensive",2022-09-30,"T3-2022",97,"2022-06-30","Services aux entreprises",0.013698660861957,0.0220326309552998,0.00833397009334284,,FALSE
"bgr",3,0.0374885422770412,0.5,1,1,7,"extensive",2022-09-30,"T3-2022",97,"2022-06-30","Administration publique",0.0125048082570533,0.00856011434605897,0.00084987244713766,58.5484008121304,TRUE
"bgr",3,0.0374885422770412,0.5,1,1,7,"extensive",2022-09-30,"T3-2022",97,"2022-06-30","Éducation-santé",0.00926588670808509,0.0134330473693307,0.00416716066124562,,FALSE
"bgr",3,0.0374885422770412,0.5,1,1,7,"extensive",2022-09-30,"T3-2022",97,"2022-06-30","Autres services",0.00496245638628404,0.0100060653211909,0.00504360893490682,,FALSE
"bgr",4,0.0909149545027575,2,1,1,7,"extensive",2022-12-31,"T4-2022",98,"2022-09-30","Agriculture",-0.00609200798322126,-0.00919879348349895,-0.00310678550027768,,FALSE
"bgr",4,0.0909149545027575,2,1,1,7,"extensive",2022-12-31,"T4-2022",98,"2022-09-30","Pêche",0.0211587764184412,0.537806048836181,0.51664727241774,,FALSE
"bgr",4,0.0909149545027575,2,1,1,7,"extensive",2022-12-31,"T4-2022",98,"2022-09-30","Industrie d'extraction",0.00519363304535769,-0.216757201746969,-0.221950834792326,,FALSE
"bgr",4,0.0909149545027575,2,1,1,7,"extensive",2022-12-31,"T4-2022",98,"2022-09-30","Industrie de transformation",0.00959049955161093,-0.00375576483451212,-0.0133462643861231,,FALSE
"bgr",4,0.0909149545027575,2,1,1,7,"extensive",2022-12-31,"T4-2022",98,"2022-09-30","Électricité, gaz, eau",0.0164287285184849,-0.0308377748401991,-0.047266503358684,,FALSE
"bgr",4,0.0909149545027575,2,1,1,7,"extensive",2022-12-31,"T4-2022",98,"2022-09-30","Construction",0.00502176900630458,-0.0138810252956052,-0.0189027943019098,,FALSE
"bgr",4,0.0909149545027575,2,1,1,7,"extensive",2022-12-31,"T4-2022",98,"2022-09-30","Commerce",0.00534596443128551,0.0110248570649674,0.00567889263368186,,FALSE
"bgr",4,0.0909149545027575,2,1,1,7,"extensive",2022-12-31,"T4-2022",98,"2022-09-30","Transports",0.0132427908480447,-0.00518075012109698,-0.0184235409691417,,FALSE
"bgr",4,0.0909149545027575,2,1,1,7,"extensive",2022-12-31,"T4-2022",98,"2022-09-30","Hébergement-restauration",0.0418994154394745,0.0347188375472669,-0.00718057789220757,,FALSE
"bgr",4,0.0909149545027575,2,1,1,7,"extensive",2022-12-31,"T4-2022",98,"2022-09-30","Information-communication",0.0178847784462767,-0.0182958711637902,-0.0361806496100669,,FALSE
"bgr",4,0.0909149545027575,2,1,1,7,"extensive",2022-12-31,"T4-2022",98,"2022-09-30","Finances et assurances",0.0148010203077491,0.00818990746985371,-0.00661111283789543,,FALSE
"bgr",4,0.0909149545027575,2,1,1,7,"extensive",2022-12-31,"T4-2022",98,"2022-09-30","Immobilier",0.00914594280479493,0.00286217020537194,-0.00628377259942299,,FALSE
"bgr",4,0.0909149545027575,2,1,1,7,"extensive",2022-12-31,"T4-2022",98,"2022-09-30","Services aux entreprises",0.013658778037112,0.012256676526075,-0.00140210151103699,,FALSE
"bgr",4,0.0909149545027575,2,1,1,7,"extensive",2022-12-31,"T4-2022",98,"2022-09-30","Administration publique",0.0124355672917757,0.00682921881790222,-0.00490539799206525,59.3857028371569,TRUE
"bgr",4,0.0909149545027575,2,1,1,7,"extensive",2022-12-31,"T4-2022",98,"2022-09-30","Éducation-santé",0.00950059799059052,0.0123382402410126,0.00283764225042208,,FALSE
"bgr",4,0.0909149545027575,2,1,1,7,"extensive",2022-12-31,"T4-2022",98,"2022-09-30","Autres services",0.0036645249751964,0.00746624133835461,0.0038017163631582,,FALSE
"bgr",4,0.0819911066893764,1.5,1,1,6,"extensive",2023-03-31,"T1-2023",99,"2022-12-31","Agriculture",0.0252284939868304,0.0350757280012495,0.00984723401441905,,FALSE
"bgr",4,0.0819911066893764,1.5,1,1,6,"extensive",2023-03-31,"T1-2023",99,"2022-12-31","Pêche",-0.0851770901785509,-0.196422814008341,-0.11124572382979,,FALSE
"bgr",4,0.0819911066893764,1.5,1,1,6,"extensive",2023-03-31,"T1-2023",99,"2022-12-31","Industrie d'extraction",0.0292897627901745,0.0973621473997142,0.0680723846095397,,FALSE
"bgr",4,0.0819911066893764,1.5,1,1,6,"extensive",2023-03-31,"T1-2023",99,"2022-12-31","Industrie de transformation",0.00949709494001025,0.00769564383733545,-0.00180145110267479,,FALSE
"bgr",4,0.0819911066893764,1.5,1,1,6,"extensive",2023-03-31,"T1-2023",99,"2022-12-31","Électricité, gaz, eau",0.00491119316459571,-0.122401604802485,-0.127312797967081,,FALSE
"bgr",4,0.0819911066893764,1.5,1,1,6,"extensive",2023-03-31,"T1-2023",99,"2022-12-31","Construction",0.00137059462271156,0.0264176726138974,0.0250470779911858,,FALSE
"bgr",4,0.0819911066893764,1.5,1,1,6,"extensive",2023-03-31,"T1-2023",99,"2022-12-31","Commerce",0.00412565968777209,0.0160767305589786,0.0119510708712065,,FALSE
"bgr",4,0.0819911066893764,1.5,1,1,6,"extensive",2023-03-31,"T1-2023",99,"2022-12-31","Transports",0.0170919938318446,0.0341097935940446,0.0170177997622001,,FALSE
"bgr",4,0.0819911066893764,1.5,1,1,6,"extensive",2023-03-31,"T1-2023",99,"2022-12-31","Hébergement-restauration",0.0360670184708599,0.0350713189035368,-0.000995699567323177,,FALSE
"bgr",4,0.0819911066893764,1.5,1,1,6,"extensive",2023-03-31,"T1-2023",99,"2022-12-31","Information-communication",0.00658965832462748,0.0550902776591649,0.0485006193345374,,FALSE
"bgr",4,0.0819911066893764,1.5,1,1,6,"extensive",2023-03-31,"T1-2023",99,"2022-12-31","Finances et assurances",0.0098605338753833,0.0177076136496304,0.00784707977424706,,FALSE
"bgr",4,0.0819911066893764,1.5,1,1,6,"extensive",2023-03-31,"T1-2023",99,"2022-12-31","Immobilier",0.00320022411002661,0.0186492473499342,0.0154490232399076,,FALSE
"bgr",4,0.0819911066893764,1.5,1,1,6,"extensive",2023-03-31,"T1-2023",99,"2022-12-31","Services aux entreprises",0.0145288627443468,0.0181934991504722,0.0036646364061254,,FALSE
"bgr",4,0.0819911066893764,1.5,1,1,6,"extensive",2023-03-31,"T1-2023",99,"2022-12-31","Administration publique",0.0125308627424906,-0.00225596783675819,-0.0236439525926357,57.8677959377434,TRUE
"bgr",4,0.0819911066893764,1.5,1,1,6,"extensive",2023-03-31,"T1-2023",99,"2022-12-31","Éducation-santé",0.010185351022528,0.00554624253136105,-0.00463910849116692,,FALSE
"bgr",4,0.0819911066893764,1.5,1,1,6,"extensive",2023-03-31,"T1-2023",99,"2022-12-31","Autres services",0.0055407315900614,-0.00654680050990564,-0.012087532099967,,FALSE
"bgr",4,0.0632086746392659,1,1,1,7,"extensive",2023-06-30,"T2-2023",100,"2023-03-31","Agriculture",0.00363703031476224,-0.0122701816794795,-0.0159072119942417,,FALSE
"bgr",4,0.0632086746392659,1,1,1,7,"extensive",2023-06-30,"T2-2023",100,"2023-03-31","Pêche",0.0204885639305283,0.108653138186501,0.0881645742559725,,FALSE
"bgr",4,0.0632086746392659,1,1,1,7,"extensive",2023-06-30,"T2-2023",100,"2023-03-31","Industrie d'extraction",-0.00724115442567746,2.03357431196594e-05,0.00726149016879712,,FALSE
"bgr",4,0.0632086746392659,1,1,1,7,"extensive",2023-06-30,"T2-2023",100,"2023-03-31","Industrie de transformation",0.00903291643165808,-0.0170061439275049,-0.026039060359163,,FALSE
"bgr",4,0.0632086746392659,1,1,1,7,"extensive",2023-06-30,"T2-2023",100,"2023-03-31","Électricité, gaz, eau",0.0167429521213334,0.0472201858772916,0.0304772337559582,,FALSE
"bgr",4,0.0632086746392659,1,1,1,7,"extensive",2023-06-30,"T2-2023",100,"2023-03-31","Construction",0.0102549162102403,0.00252741405244095,-0.00772750215779934,,FALSE
"bgr",4,0.0632086746392659,1,1,1,7,"extensive",2023-06-30,"T2-2023",100,"2023-03-31","Commerce",0.00632108389055682,0.00646517716538497,0.000144093274828156,,FALSE
"bgr",4,0.0632086746392659,1,1,1,7,"extensive",2023-06-30,"T2-2023",100,"2023-03-31","Transports",0.00814437110334127,0.0106539923050857,0.00250962120174441,,FALSE
"bgr",4,0.0632086746392659,1,1,1,7,"extensive",2023-06-30,"T2-2023",100,"2023-03-31","Hébergement-restauration",0.0174644954644923,0.0285381802766143,0.011073684812122,,FALSE
"bgr",4,0.0632086746392659,1,1,1,7,"extensive",2023-06-30,"T2-2023",100,"2023-03-31","Information-communication",0.0239339350561539,0.0108067356801964,-0.0131271993759575,,FALSE
"bgr",4,0.0632086746392659,1,1,1,7,"extensive",2023-06-30,"T2-2023",100,"2023-03-31","Finances et assurances",0.0147002203889168,0.0142309413674457,-0.000469279021471068,,FALSE
"bgr",4,0.0632086746392659,1,1,1,7,"extensive",2023-06-30,"T2-2023",100,"2023-03-31","Immobilier",0.0117933011869318,0.00433516318523708,-0.00745813800169469,,FALSE
"bgr",4,0.0632086746392659,1,1,1,7,"extensive",2023-06-30,"T2-2023",100,"2023-03-31","Services aux entreprises",0.015587495523745,0.0158151524330918,0.000227656909346797,,FALSE
"bgr",4,0.0632086746392659,1,1,1,7,"extensive",2023-06-30,"T2-2023",100,"2023-03-31","Administration publique",0.0119632437313588,0.00644343103267175,-0.0120322280838181,57.3927684049646,TRUE
"bgr",4,0.0632086746392659,1,1,1,7,"extensive",2023-06-30,"T2-2023",100,"2023-03-31","Éducation-santé",0.00875983985146731,0.0125980443471505,0.00383820449568319,,FALSE
"bgr",4,0.0632086746392659,1,1,1,7,"extensive",2023-06-30,"T2-2023",100,"2023-03-31","Autres services",0.00414466516298909,0.00711056648142794,0.00296590131843885,,FALSE
"bgr",2,0.031176314542338,0.5,1,1,8,"extensive",2023-09-30,"T3-2023",101,"2023-06-30","Agriculture",0.00556184645374601,-0.00378759914928928,-0.00934944560303528,,FALSE
"bgr",2,0.031176314542338,0.5,1,1,8,"extensive",2023-09-30,"T3-2023",101,"2023-06-30","Pêche",-0.00733238796590109,0.0833031314032056,0.0906355193691066,,FALSE
"bgr",2,0.031176314542338,0.5,1,1,8,"extensive",2023-09-30,"T3-2023",101,"2023-06-30","Industrie d'extraction",0.00866230564705127,0.0733392840223264,0.0646769783752751,,FALSE
"bgr",2,0.031176314542338,0.5,1,1,8,"extensive",2023-09-30,"T3-2023",101,"2023-06-30","Industrie de transformation",0.0088094922397776,0.0317188158621384,0.0229093236223608,,FALSE
"bgr",2,0.031176314542338,0.5,1,1,8,"extensive",2023-09-30,"T3-2023",101,"2023-06-30","Électricité, gaz, eau",0.00858480447681304,0.00207719445817389,-0.00650761001863915,,FALSE
"bgr",2,0.031176314542338,0.5,1,1,8,"extensive",2023-09-30,"T3-2023",101,"2023-06-30","Construction",0.0087000006609335,0.00248876146185317,-0.00621123919908033,,FALSE
"bgr",2,0.031176314542338,0.5,1,1,8,"extensive",2023-09-30,"T3-2023",101,"2023-06-30","Commerce",0.00572550601442212,0.00237756549880963,-0.00334794051561248,,FALSE
"bgr",2,0.031176314542338,0.5,1,1,8,"extensive",2023-09-30,"T3-2023",101,"2023-06-30","Transports",0.0110643979483545,0.00294728832205848,-0.00811710962629601,,FALSE
"bgr",2,0.031176314542338,0.5,1,1,8,"extensive",2023-09-30,"T3-2023",101,"2023-06-30","Hébergement-restauration",0.0177715768358601,0.0131680998376478,-0.00460347699821234,,FALSE
"bgr",2,0.031176314542338,0.5,1,1,8,"extensive",2023-09-30,"T3-2023",101,"2023-06-30","Information-communication",0.0210429570675845,-0.00473773465213512,-0.0257806917197197,,FALSE
"bgr",2,0.031176314542338,0.5,1,1,8,"extensive",2023-09-30,"T3-2023",101,"2023-06-30","Finances et assurances",0.0138909190340834,0.0138611051650379,-2.98138690454936e-05,,FALSE
"bgr",2,0.031176314542338,0.5,1,1,8,"extensive",2023-09-30,"T3-2023",101,"2023-06-30","Immobilier",0.00903871660149807,0.000940152450292331,-0.00809856415120574,,FALSE
"bgr",2,0.031176314542338,0.5,1,1,8,"extensive",2023-09-30,"T3-2023",101,"2023-06-30","Services aux entreprises",0.0129553413591117,0.0197986861667374,0.00684334480762575,,FALSE
"bgr",2,0.031176314542338,0.5,1,1,8,"extensive",2023-09-30,"T3-2023",101,"2023-06-30","Administration publique",0.0118717249945326,0.00768794217927926,-0.00225052593318673,58.0779565905976,TRUE
"bgr",2,0.031176314542338,0.5,1,1,8,"extensive",2023-09-30,"T3-2023",101,"2023-06-30","Éducation-santé",0.00993973547400315,0.0137970404457572,0.00385730497175409,,FALSE
"bgr",2,0.031176314542338,0.5,1,1,8,"extensive",2023-09-30,"T3-2023",101,"2023-06-30","Autres services",0.00566529683384771,0.00919006254286181,0.0035247657090141,,FALSE
"bgr",5,0.107058039960802,2,1,1,7,"extensive",2023-12-31,"T4-2023",102,"2023-09-30","Agriculture",0.0235561948801528,-0.00788085316350973,-0.0314370480436625,,FALSE
"bgr",5,0.107058039960802,2,1,1,7,"extensive",2023-12-31,"T4-2023",102,"2023-09-30","Pêche",-0.0112094913306088,-0.169722558184949,-0.15851306685434,,FALSE
"bgr",5,0.107058039960802,2,1,1,7,"extensive",2023-12-31,"T4-2023",102,"2023-09-30","Industrie d'extraction",-0.000896764388484034,0.113749741354164,0.114646505742648,,FALSE
"bgr",5,0.107058039960802,2,1,1,7,"extensive",2023-12-31,"T4-2023",102,"2023-09-30","Industrie de transformation",0.00509751789318947,0.0560799603193818,0.0509824424261923,,FALSE
"bgr",5,0.107058039960802,2,1,1,7,"extensive",2023-12-31,"T4-2023",102,"2023-09-30","Électricité, gaz, eau",0.0133204612169981,-0.0104818116311538,-0.0238022728481519,,FALSE
"bgr",5,0.107058039960802,2,1,1,7,"extensive",2023-12-31,"T4-2023",102,"2023-09-30","Construction",0.00693905551430475,0.00486264809430104,-0.00207640742000371,,FALSE
"bgr",5,0.107058039960802,2,1,1,7,"extensive",2023-12-31,"T4-2023",102,"2023-09-30","Commerce",0.00324694141132473,0.00844315463132972,0.00519621322000499,,FALSE
"bgr",5,0.107058039960802,2,1,1,7,"extensive",2023-12-31,"T4-2023",102,"2023-09-30","Transports",0.000691444645788297,0.0143046496502013,0.013613205004413,,FALSE
"bgr",5,0.107058039960802,2,1,1,7,"extensive",2023-12-31,"T4-2023",102,"2023-09-30","Hébergement-restauration",0.0168960811961114,0.00454308251082303,-0.0123529986852883,,FALSE
"bgr",5,0.107058039960802,2,1,1,7,"extensive",2023-12-31,"T4-2023",102,"2023-09-30","Information-communication",0.0182483090690289,-0.000895282531592656,-0.0191435916006216,,FALSE
"bgr",5,0.107058039960802,2,1,1,7,"extensive",2023-12-31,"T4-2023",102,"2023-09-30","Finances et assurances",0.0140112648383389,0.0205123675274645,0.00650110268912565,,FALSE
"bgr",5,0.107058039960802,2,1,1,7,"extensive",2023-12-31,"T4-2023",102,"2023-09-30","Immobilier",0.00680146448015212,0.00367575702520995,-0.00312570745494217,,FALSE
"bgr",5,0.107058039960802,2,1,1,7,"extensive",2023-12-31,"T4-2023",102,"2023-09-30","Services aux entreprises",0.00889056223376721,0.011904827279416,0.00301426504564879,,FALSE
"bgr",5,0.107058039960802,2,1,1,7,"extensive",2023-12-31,"T4-2023",102,"2023-09-30","Administration publique",0.011727705349598,0.00890364721697701,-0.00260167062360699,56.3457915133423,TRUE
"bgr",5,0.107058039960802,2,1,1,7,"extensive",2023-12-31,"T4-2023",102,"2023-09-30","Éducation-santé",0.00998656489810028,0.0149488762170922,0.00496231131899189,,FALSE
"bgr",5,0.107058039960802,2,1,1,7,"extensive",2023-12-31,"T4-2023",102,"2023-09-30","Autres services",0.00506736890187776,0.0112123027804802,0.00614493387860249,,FALSE
"bgr",5,0.104737149116331,2,1,1,8,"extensive",2024-03-31,"T1-2024",103,"2023-12-31","Agriculture",0.0149214585764306,-0.0365847420386523,-0.0515062006150828,,FALSE
"bgr",5,0.104737149116331,2,1,1,8,"extensive",2024-03-31,"T1-2024",103,"2023-12-31","Pêche",0.0321943029255859,0.137736263229147,0.105541960303561,,FALSE
"bgr",5,0.104737149116331,2,1,1,8,"extensive",2024-03-31,"T1-2024",103,"2023-12-31","Industrie d'extraction",-0.00984357845914411,-0.0252607257677209,-0.0154171473085768,,FALSE
"bgr",5,0.104737149116331,2,1,1,8,"extensive",2024-03-31,"T1-2024",103,"2023-12-31","Industrie de transformation",0.0053036230535477,-0.0663244948448725,-0.0716281178984202,,FALSE
"bgr",5,0.104737149116331,2,1,1,8,"extensive",2024-03-31,"T1-2024",103,"2023-12-31","Électricité, gaz, eau",0.0222722417795464,0.0293667797510366,0.00709453797149022,,FALSE
"bgr",5,0.104737149116331,2,1,1,8,"extensive",2024-03-31,"T1-2024",103,"2023-12-31","Construction",0.00750063107069851,0.0243786805323758,0.0168780494616773,,FALSE
"bgr",5,0.104737149116331,2,1,1,8,"extensive",2024-03-31,"T1-2024",103,"2023-12-31","Commerce",0.00555246499214392,0.0184637520602795,0.0129112870681356,,FALSE
"bgr",5,0.104737149116331,2,1,1,8,"extensive",2024-03-31,"T1-2024",103,"2023-12-31","Transports",-0.00011930428150073,0.0448609908773161,0.0449802951588168,,FALSE
"bgr",5,0.104737149116331,2,1,1,8,"extensive",2024-03-31,"T1-2024",103,"2023-12-31","Hébergement-restauration",0.0176746152679738,-0.0256302512562794,-0.0433048665242532,,FALSE
"bgr",5,0.104737149116331,2,1,1,8,"extensive",2024-03-31,"T1-2024",103,"2023-12-31","Information-communication",0.0210546688741508,0.026793324234438,0.00573865536028727,,FALSE
"bgr",5,0.104737149116331,2,1,1,8,"extensive",2024-03-31,"T1-2024",103,"2023-12-31","Finances et assurances",0.0157533574911074,0.034226988537851,0.0184736310467436,,FALSE
"bgr",5,0.104737149116331,2,1,1,8,"extensive",2024-03-31,"T1-2024",103,"2023-12-31","Immobilier",0.00835513536735188,0.019358859355199,0.0110037239878471,,FALSE
"bgr",5,0.104737149116331,2,1,1,8,"extensive",2024-03-31,"T1-2024",103,"2023-12-31","Services aux entreprises",0.00831569080403297,0.00835699534889045,4.13045448574793e-05,,FALSE
"bgr",5,0.104737149116331,2,1,1,8,"extensive",2024-03-31,"T1-2024",103,"2023-12-31","Administration publique",0.0116602720863574,0.0269071361893101,0.0155104116416349,57.1387175493118,TRUE
"bgr",5,0.104737149116331,2,1,1,8,"extensive",2024-03-31,"T1-2024",103,"2023-12-31","Éducation-santé",0.0103208197965845,0.0169078161685654,0.00658699637198093,,FALSE
"bgr",5,0.104737149116331,2,1,1,8,"extensive",2024-03-31,"T1-2024",103,"2023-12-31","Autres services",0.00591222705714625,0.0123355107969552,0.00642328373980891,,FALSE
"bgr",1,0.0349278491582718,0.5,1,1,7,"extensive",2024-06-30,"T2-2024",104,"2024-03-31","Agriculture",0.00116566099343259,-0.00664188506091534,-0.00780754605434793,,FALSE
"bgr",1,0.0349278491582718,0.5,1,1,7,"extensive",2024-06-30,"T2-2024",104,"2024-03-31","Pêche",-0.00302814502527464,-0.124393100066797,-0.121364955041522,,FALSE
"bgr",1,0.0349278491582718,0.5,1,1,7,"extensive",2024-06-30,"T2-2024",104,"2024-03-31","Industrie d'extraction",0.0134125995166855,0.0070152744335843,-0.00639732508310123,,FALSE
"bgr",1,0.0349278491582718,0.5,1,1,7,"extensive",2024-06-30,"T2-2024",104,"2024-03-31","Industrie de transformation",0.0101458223979333,-0.00790860641250291,-0.0180544288104362,,FALSE
"bgr",1,0.0349278491582718,0.5,1,1,7,"extensive",2024-06-30,"T2-2024",104,"2024-03-31","Électricité, gaz, eau",0.00737316359000585,-0.0474179307558522,-0.0547910943458581,,FALSE
"bgr",1,0.0349278491582718,0.5,1,1,7,"extensive",2024-06-30,"T2-2024",104,"2024-03-31","Construction",0.0105724448604855,0.0131434129712957,0.00257096811081026,,FALSE
"bgr",1,0.0349278491582718,0.5,1,1,7,"extensive",2024-06-30,"T2-2024",104,"2024-03-31","Commerce",0.0069416337032158,0.000290896215341618,-0.00665073748787418,,FALSE
"bgr",1,0.0349278491582718,0.5,1,1,7,"extensive",2024-06-30,"T2-2024",104,"2024-03-31","Transports",0.014878461367281,0.0233315106872372,0.00845304931995615,,FALSE
"bgr",1,0.0349278491582718,0.5,1,1,7,"extensive",2024-06-30,"T2-2024",104,"2024-03-31","Hébergement-restauration",0.0156434156638115,0.0863211664480215,0.07067775078421,,FALSE
"bgr",1,0.0349278491582718,0.5,1,1,7,"extensive",2024-06-30,"T2-2024",104,"2024-03-31","Information-communication",0.0247314692317778,0.001257668725545,-0.0234738005062328,,FALSE
"bgr",1,0.0349278491582718,0.5,1,1,7,"extensive",2024-06-30,"T2-2024",104,"2024-03-31","Finances et assurances",0.013729697055497,0.00677789865920531,-0.00695179839629169,,FALSE
"bgr",1,0.0349278491582718,0.5,1,1,7,"extensive",2024-06-30,"T2-2024",104,"2024-03-31","Immobilier",0.010323706411602,0.00208616686757601,-0.00823753954402603,,FALSE
"bgr",1,0.0349278491582718,0.5,1,1,7,"extensive",2024-06-30,"T2-2024",104,"2024-03-31","Services aux entreprises",0.0135762875479586,0.0133284155104878,-0.000247872037470781,,FALSE
"bgr",1,0.0349278491582718,0.5,1,1,7,"extensive",2024-06-30,"T2-2024",104,"2024-03-31","Administration publique",0.0108596027722637,0.0112365274243853,0.00411164708233071,56.4370795092914,TRUE
"bgr",1,0.0349278491582718,0.5,1,1,7,"extensive",2024-06-30,"T2-2024",104,"2024-03-31","Éducation-santé",0.0104575903954847,0.0170825792445601,0.00662498884907544,,FALSE
"bgr",1,0.0349278491582718,0.5,1,1,7,"extensive",2024-06-30,"T2-2024",104,"2024-03-31","Autres services",0.00484989247997514,0.0150293485435213,0.0101794560635462,,FALSE
"bgr",2,0.0419966572031055,1,1,1,7,"extensive",2024-09-30,"T3-2024",105,"2024-06-30","Agriculture",0.00222012853221105,-0.0112104142680227,-0.0134305428002338,,FALSE
"bgr",2,0.0419966572031055,1,1,1,7,"extensive",2024-09-30,"T3-2024",105,"2024-06-30","Pêche",0.0162443811730374,0.3409847439024,0.324740362729362,,FALSE
"bgr",2,0.0419966572031055,1,1,1,7,"extensive",2024-09-30,"T3-2024",105,"2024-06-30","Industrie d'extraction",0.0111587526145102,0.022117053793357,0.0109583011788468,,FALSE
"bgr",2,0.0419966572031055,1,1,1,7,"extensive",2024-09-30,"T3-2024",105,"2024-06-30","Industrie de transformation",0.00691895300250297,0.069343487988764,0.062424534986261,,FALSE
"bgr",2,0.0419966572031055,1,1,1,7,"extensive",2024-09-30,"T3-2024",105,"2024-06-30","Électricité, gaz, eau",0.0117658201185831,0.100587875391312,0.0888220552727292,,FALSE
"bgr",2,0.0419966572031055,1,1,1,7,"extensive",2024-09-30,"T3-2024",105,"2024-06-30","Construction",0.00754080486595122,0.0334036782533733,0.0258628733874221,,FALSE
"bgr",2,0.0419966572031055,1,1,1,7,"extensive",2024-09-30,"T3-2024",105,"2024-06-30","Commerce",0.00659218049984048,0.0154439711545749,0.00885179065473437,,FALSE
"bgr",2,0.0419966572031055,1,1,1,7,"extensive",2024-09-30,"T3-2024",105,"2024-06-30","Transports",0.00878334236570151,-0.000696765512168795,-0.0094801078778703,,FALSE
"bgr",2,0.0419966572031055,1,1,1,7,"extensive",2024-09-30,"T3-2024",105,"2024-06-30","Hébergement-restauration",0.0186582521991832,0.0395958337321503,0.0209375815329671,,FALSE
"bgr",2,0.0419966572031055,1,1,1,7,"extensive",2024-09-30,"T3-2024",105,"2024-06-30","Information-communication",0.0216714594344862,-0.00629426164916325,-0.0279657210836494,,FALSE
"bgr",2,0.0419966572031055,1,1,1,7,"extensive",2024-09-30,"T3-2024",105,"2024-06-30","Finances et assurances",0.0132938858143099,0.0307983277209374,0.0175044419066275,,FALSE
"bgr",2,0.0419966572031055,1,1,1,7,"extensive",2024-09-30,"T3-2024",105,"2024-06-30","Immobilier",0.00805831144615959,0.000572003912662211,-0.00748630753349738,,FALSE
"bgr",2,0.0419966572031055,1,1,1,7,"extensive",2024-09-30,"T3-2024",105,"2024-06-30","Services aux entreprises",0.0113653256270113,0.0253446994224049,0.0139793737953936,,FALSE
"bgr",2,0.0419966572031055,1,1,1,7,"extensive",2024-09-30,"T3-2024",105,"2024-06-30","Administration publique",0.0108191312997639,0.0123431234125686,0.00811979574091529,55.2726146963157,TRUE
"bgr",2,0.0419966572031055,1,1,1,7,"extensive",2024-09-30,"T3-2024",105,"2024-06-30","Éducation-santé",0.0104393662454847,0.0180634761869047,0.00762410994142006,,FALSE
"bgr",2,0.0419966572031055,1,1,1,7,"extensive",2024-09-30,"T3-2024",105,"2024-06-30","Autres services",0.00442810731812053,0.0167712964737525,0.012343189155632,,FALSE
"bgr",1,0.0306639514194662,0.5,1,1,7,"extensive",2024-12-31,"T4-2024",106,"2024-09-30","Agriculture",0.00389667779732688,-0.00435261931916919,-0.00824929711649608,,FALSE
"bgr",1,0.0306639514194662,0.5,1,1,7,"extensive",2024-12-31,"T4-2024",106,"2024-09-30","Pêche",-0.00885931164393119,-0.314903192186618,-0.306043880542687,,FALSE
"bgr",1,0.0306639514194662,0.5,1,1,7,"extensive",2024-12-31,"T4-2024",106,"2024-09-30","Industrie d'extraction",0.00859012744437375,-0.0056609646746999,-0.0142510921190737,,FALSE
"bgr",1,0.0306639514194662,0.5,1,1,7,"extensive",2024-12-31,"T4-2024",106,"2024-09-30","Industrie de transformation",0.00739212769858457,0.0165418381598617,0.00914971046127709,,FALSE
"bgr",1,0.0306639514194662,0.5,1,1,7,"extensive",2024-12-31,"T4-2024",106,"2024-09-30","Électricité, gaz, eau",0.00778918186518608,0.0115181001740545,0.00372891830886845,,FALSE
"bgr",1,0.0306639514194662,0.5,1,1,7,"extensive",2024-12-31,"T4-2024",106,"2024-09-30","Construction",0.00902142194442809,0.00587796447580935,-0.00314345746861874,,FALSE
"bgr",1,0.0306639514194662,0.5,1,1,7,"extensive",2024-12-31,"T4-2024",106,"2024-09-30","Commerce",0.00670576123591258,0.00571468262867647,-0.000991078607236106,,FALSE
"bgr",1,0.0306639514194662,0.5,1,1,7,"extensive",2024-12-31,"T4-2024",106,"2024-09-30","Transports",0.00863875431731276,0.0179385719466758,0.00929981762936305,,FALSE
"bgr",1,0.0306639514194662,0.5,1,1,7,"extensive",2024-12-31,"T4-2024",106,"2024-09-30","Hébergement-restauration",0.0135205249272131,0.0126078965454273,-0.000912628381785872,,FALSE
"bgr",1,0.0306639514194662,0.5,1,1,7,"extensive",2024-12-31,"T4-2024",106,"2024-09-30","Information-communication",0.0223145028126143,0.0171119883477697,-0.00520251446484459,,FALSE
"bgr",1,0.0306639514194662,0.5,1,1,7,"extensive",2024-12-31,"T4-2024",106,"2024-09-30","Finances et assurances",0.0146411711588781,0.024404004984877,0.00976283382599899,,FALSE
"bgr",1,0.0306639514194662,0.5,1,1,7,"extensive",2024-12-31,"T4-2024",106,"2024-09-30","Immobilier",0.00858221767094556,0.00271140021348693,-0.00587081745745864,,FALSE
"bgr",1,0.0306639514194662,0.5,1,1,7,"extensive",2024-12-31,"T4-2024",106,"2024-09-30","Services aux entreprises",0.0114169998992228,0.0160335393842974,0.00461653948507462,,FALSE
"bgr",1,0.0306639514194662,0.5,1,1,7,"extensive",2024-12-31,"T4-2024",106,"2024-09-30","Administration publique",0.0108999487708288,0.013410467532875,0.00190264121870723,56.072364253362,TRUE
"bgr",1,0.0306639514194662,0.5,1,1,7,"extensive",2024-12-31,"T4-2024",106,"2024-09-30","Éducation-santé",0.0104333647812413,0.0189906473331884,0.00855728255194714,,FALSE
"bgr",1,0.0306639514194662,0.5,1,1,7,"extensive",2024-12-31,"T4-2024",106,"2024-09-30","Autres services",0.00602321937219937,0.0184973490283724,0.012474129656173,,FALSE
"bgr",4,0.116483274504732,2,1,1,7,"extensive",2025-03-31,"T1-2025",107,"2024-12-31","Agriculture",0.00480642550169154,0.100359632990509,0.0955532074888174,,FALSE
"bgr",4,0.116483274504732,2,1,1,7,"extensive",2025-03-31,"T1-2025",107,"2024-12-31","Pêche",0.0698904733558483,0.0879705045311976,0.0180800311753493,,FALSE
"bgr",4,0.116483274504732,2,1,1,7,"extensive",2025-03-31,"T1-2025",107,"2024-12-31","Industrie d'extraction",-0.00797111829592025,0.0657933092045351,0.0737644275004553,,FALSE
"bgr",4,0.116483274504732,2,1,1,7,"extensive",2025-03-31,"T1-2025",107,"2024-12-31","Industrie de transformation",0.00404058842863856,-0.0681965626927639,-0.0722371511214024,,FALSE
"bgr",4,0.116483274504732,2,1,1,7,"extensive",2025-03-31,"T1-2025",107,"2024-12-31","Électricité, gaz, eau",0.0163996483811137,-0.0640900842189289,-0.0804897326000426,,FALSE
"bgr",4,0.116483274504732,2,1,1,7,"extensive",2025-03-31,"T1-2025",107,"2024-12-31","Construction",0.0107764162004622,0.0164348782556303,0.00565846205516804,,FALSE
"bgr",4,0.116483274504732,2,1,1,7,"extensive",2025-03-31,"T1-2025",107,"2024-12-31","Commerce",0.00694655096532436,0.0248772545888567,0.0179307036235323,,FALSE
"bgr",4,0.116483274504732,2,1,1,7,"extensive",2025-03-31,"T1-2025",107,"2024-12-31","Transports",0.00746259335818907,-2.13944930589349e-05,-0.007483987851248,,FALSE
"bgr",4,0.116483274504732,2,1,1,7,"extensive",2025-03-31,"T1-2025",107,"2024-12-31","Hébergement-restauration",0.0373153618512822,-0.0551888649837782,-0.0925042268350603,,FALSE
"bgr",4,0.116483274504732,2,1,1,7,"extensive",2025-03-31,"T1-2025",107,"2024-12-31","Information-communication",0.024233519924589,-0.0293164263615733,-0.0535499462861623,,FALSE
"bgr",4,0.116483274504732,2,1,1,7,"extensive",2025-03-31,"T1-2025",107,"2024-12-31","Finances et assurances",0.0169947542814617,-0.00576523644903126,-0.0227599907304929,,FALSE
"bgr",4,0.116483274504732,2,1,1,7,"extensive",2025-03-31,"T1-2025",107,"2024-12-31","Immobilier",0.0102451841916419,0.0241904984463055,0.0139453142546636,,FALSE
"bgr",4,0.116483274504732,2,1,1,7,"extensive",2025-03-31,"T1-2025",107,"2024-12-31","Services aux entreprises",0.0116867442011139,-0.0153565744378081,-0.027043318638922,,FALSE
"bgr",4,0.116483274504732,2,1,1,7,"extensive",2025-03-31,"T1-2025",107,"2024-12-31","Administration publique",0.0112247473944371,-0.00442491005711076,-0.0138530030563156,56.8585809665276,TRUE
"bgr",4,0.116483274504732,2,1,1,7,"extensive",2025-03-31,"T1-2025",107,"2024-12-31","Éducation-santé",0.012957654789895,0.0121051266911252,-0.000852528098769857,,FALSE
"bgr",4,0.116483274504732,2,1,1,7,"extensive",2025-03-31,"T1-2025",107,"2024-12-31","Autres services",0.0109298958901604,-0.0189503501686215,-0.0298802460587819,,FALSE
"bgr",3,0.0557235979808451,1,1,1,5,"extensive",2025-06-30,"T2-2025",108,"2025-03-31","Agriculture",0.0010681782940441,-0.00473311427913181,-0.00580129257317591,,FALSE
"bgr",3,0.0557235979808451,1,1,1,5,"extensive",2025-06-30,"T2-2025",108,"2025-03-31","Pêche",0.0116477655842803,-0.202438183367684,-0.214085948951964,,FALSE
"bgr",3,0.0557235979808451,1,1,1,5,"extensive",2025-06-30,"T2-2025",108,"2025-03-31","Industrie d'extraction",0.023742819052498,0.046428686738258,0.02268586768576,,FALSE
"bgr",3,0.0557235979808451,1,1,1,5,"extensive",2025-06-30,"T2-2025",108,"2025-03-31","Industrie de transformation",0.00996361567238173,0.0247579899121657,0.014794374239784,,FALSE
"bgr",3,0.0557235979808451,1,1,1,5,"extensive",2025-06-30,"T2-2025",108,"2025-03-31","Électricité, gaz, eau",0.0209032412501338,-0.0109469608200001,-0.031850202070134,,FALSE
"bgr",3,0.0557235979808451,1,1,1,5,"extensive",2025-06-30,"T2-2025",108,"2025-03-31","Construction",0.0111057481407055,0.0173260458459641,0.00622029770525862,,FALSE
"bgr",3,0.0557235979808451,1,1,1,5,"extensive",2025-06-30,"T2-2025",108,"2025-03-31","Commerce",0.00573931300723424,0.00124917416875725,-0.00449013883847699,,FALSE
"bgr",3,0.0557235979808451,1,1,1,5,"extensive",2025-06-30,"T2-2025",108,"2025-03-31","Transports",0.0121017134674558,0.0262253345690056,0.0141236211015497,,FALSE
"bgr",3,0.0557235979808451,1,1,1,5,"extensive",2025-06-30,"T2-2025",108,"2025-03-31","Hébergement-restauration",0.0115983032844378,0.0935791648916222,0.0819808616071844,,FALSE
"bgr",3,0.0557235979808451,1,1,1,5,"extensive",2025-06-30,"T2-2025",108,"2025-03-31","Information-communication",0.0221502707613554,0.0212659373554622,-0.000884333405893133,,FALSE
"bgr",3,0.0557235979808451,1,1,1,5,"extensive",2025-06-30,"T2-2025",108,"2025-03-31","Finances et assurances",0.0131166084060867,-0.000740007216192495,-0.0138566156222791,,FALSE
"bgr",3,0.0557235979808451,1,1,1,5,"extensive",2025-06-30,"T2-2025",108,"2025-03-31","Immobilier",0.00980279651170369,0.00225126559195132,-0.00755153091975236,,FALSE
"bgr",3,0.0557235979808451,1,1,1,5,"extensive",2025-06-30,"T2-2025",108,"2025-03-31","Services aux entreprises",0.0128641708743371,0.0162113534410686,0.00334718256673156,,FALSE
"bgr",3,0.0557235979808451,1,1,1,5,"extensive",2025-06-30,"T2-2025",108,"2025-03-31","Administration publique",0.0113635024050084,0.00647648523431243,-0.00302682605546624,55.4153858678046,TRUE
"bgr",3,0.0557235979808451,1,1,1,5,"extensive",2025-06-30,"T2-2025",108,"2025-03-31","Éducation-santé",0.00952940285187955,0.0123635905237283,0.00283418767184872,,FALSE
"bgr",3,0.0557235979808451,1,1,1,5,"extensive",2025-06-30,"T2-2025",108,"2025-03-31","Autres services",0.00109890973121104,0.0150153346347945,0.0139164249035835,,FALSE
"bgr",2,0.0565803832349745,2,1,1,5,"extensive",2025-09-30,"T3-2025",109,"2025-06-30","Agriculture",0.0110220129883565,-0.0140787530247088,-0.0251007660130653,,FALSE
"bgr",2,0.0565803832349745,2,1,1,5,"extensive",2025-09-30,"T3-2025",109,"2025-06-30","Pêche",0.0469071869359351,0.141488674493727,0.0945814875577923,,FALSE
"bgr",2,0.0565803832349745,2,1,1,5,"extensive",2025-09-30,"T3-2025",109,"2025-06-30","Industrie d'extraction",0.000506588676821092,-0.0306857679206729,-0.031192356597494,,FALSE
"bgr",2,0.0565803832349745,2,1,1,5,"extensive",2025-09-30,"T3-2025",109,"2025-06-30","Industrie de transformation",0.0071168794181092,0.0308834262611075,0.0237665468429983,,FALSE
"bgr",2,0.0565803832349745,2,1,1,5,"extensive",2025-09-30,"T3-2025",109,"2025-06-30","Électricité, gaz, eau",0.0145466146290205,0.0726483567256153,0.0581017420965948,,FALSE
"bgr",2,0.0565803832349745,2,1,1,5,"extensive",2025-09-30,"T3-2025",109,"2025-06-30","Construction",0.00834907634842199,0.0230301767543057,0.0146811004058838,,FALSE
"bgr",2,0.0565803832349745,2,1,1,5,"extensive",2025-09-30,"T3-2025",109,"2025-06-30","Commerce",0.00734920802397538,0.00388237799968039,-0.00346683002429499,,FALSE
"bgr",2,0.0565803832349745,2,1,1,5,"extensive",2025-09-30,"T3-2025",109,"2025-06-30","Transports",0.00691333943636892,-0.00840283920981122,-0.0153161786461801,,FALSE
"bgr",2,0.0565803832349745,2,1,1,5,"extensive",2025-09-30,"T3-2025",109,"2025-06-30","Hébergement-restauration",0.0147496537577987,0.0109571254893179,-0.00379252826848075,,FALSE
"bgr",2,0.0565803832349745,2,1,1,5,"extensive",2025-09-30,"T3-2025",109,"2025-06-30","Information-communication",0.0202156715306706,-0.0160974475343618,-0.0363131190650324,,FALSE
"bgr",2,0.0565803832349745,2,1,1,5,"extensive",2025-09-30,"T3-2025",109,"2025-06-30","Finances et assurances",0.0121431557847343,0.0383171453817219,0.0261739895969876,,FALSE
"bgr",2,0.0565803832349745,2,1,1,5,"extensive",2025-09-30,"T3-2025",109,"2025-06-30","Immobilier",0.00879022210120843,0.00139883513399042,-0.00739138696721801,,FALSE
"bgr",2,0.0565803832349745,2,1,1,5,"extensive",2025-09-30,"T3-2025",109,"2025-06-30","Services aux entreprises",0.0115182911122675,0.0118209394470856,0.000302648334818079,,FALSE
"bgr",2,0.0565803832349745,2,1,1,5,"extensive",2025-09-30,"T3-2025",109,"2025-06-30","Administration publique",0.011380183674896,0.0123431977928004,1.96409047115102e-05,56.006136604717,TRUE
"bgr",2,0.0565803832349745,2,1,1,5,"extensive",2025-09-30,"T3-2025",109,"2025-06-30","Éducation-santé",0.0103153142788605,0.018061895470737,0.0077465811918765,,FALSE
"bgr",2,0.0565803832349745,2,1,1,5,"extensive",2025-09-30,"T3-2025",109,"2025-06-30","Autres services",0.00598519225193543,0.0129835159233256,0.00699832367139015,,FALSE
"bgr",3,0.0834015512047799,2,1,1,5,"extensive",2025-12-31,"T4-2025",110,"2025-09-30","Agriculture",0.0061162562436078,-0.00148214583971118,-0.00759840208331898,,FALSE
"bgr",3,0.0834015512047799,2,1,1,5,"extensive",2025-12-31,"T4-2025",110,"2025-09-30","Pêche",-0.06053298572125,-0.181089428496749,-0.120556442775499,,FALSE
"bgr",3,0.0834015512047799,2,1,1,5,"extensive",2025-12-31,"T4-2025",110,"2025-09-30","Industrie d'extraction",0.00387901013032952,-0.0912476795593946,-0.0951266896897241,,FALSE
"bgr",3,0.0834015512047799,2,1,1,5,"extensive",2025-12-31,"T4-2025",110,"2025-09-30","Industrie de transformation",0.00722150265812272,0.0330754169078045,0.0258539142496817,,FALSE
"bgr",3,0.0834015512047799,2,1,1,5,"extensive",2025-12-31,"T4-2025",110,"2025-09-30","Électricité, gaz, eau",-0.00561992620699645,-0.0191714590402032,-0.0135515328332068,,FALSE
"bgr",3,0.0834015512047799,2,1,1,5,"extensive",2025-12-31,"T4-2025",110,"2025-09-30","Construction",0.00878617933429037,-0.000376710311417838,-0.0091628896457082,,FALSE
"bgr",3,0.0834015512047799,2,1,1,5,"extensive",2025-12-31,"T4-2025",110,"2025-09-30","Commerce",0.00650358951918271,0.00474667366104242,-0.00175691585814028,,FALSE
"bgr",3,0.0834015512047799,2,1,1,5,"extensive",2025-12-31,"T4-2025",110,"2025-09-30","Transports",0.0117068666480418,0.0256348485772033,0.0139279819291616,,FALSE
"bgr",3,0.0834015512047799,2,1,1,5,"extensive",2025-12-31,"T4-2025",110,"2025-09-30","Hébergement-restauration",0.0191445701728367,-0.0117140608570061,-0.0308586310298428,,FALSE
"bgr",3,0.0834015512047799,2,1,1,5,"extensive",2025-12-31,"T4-2025",110,"2025-09-30","Information-communication",0.0236013882588358,0.0239716974815245,0.000370309222688738,,FALSE
"bgr",3,0.0834015512047799,2,1,1,5,"extensive",2025-12-31,"T4-2025",110,"2025-09-30","Finances et assurances",0.0161887632976205,0.02252710319177,0.00633833989414945,,FALSE
"bgr",3,0.0834015512047799,2,1,1,5,"extensive",2025-12-31,"T4-2025",110,"2025-09-30","Immobilier",0.00859530181841989,0.00356943094849527,-0.00502587086992462,,FALSE
"bgr",3,0.0834015512047799,2,1,1,5,"extensive",2025-12-31,"T4-2025",110,"2025-09-30","Services aux entreprises",0.012590105225435,0.0209580487041574,0.00836794347872239,,FALSE
"bgr",3,0.0834015512047799,2,1,1,5,"extensive",2025-12-31,"T4-2025",110,"2025-09-30","Administration publique",0.0112951566503976,0.030440232652948,0.0127906760940698,56.7824358753414,TRUE
"bgr",3,0.0834015512047799,2,1,1,5,"extensive",2025-12-31,"T4-2025",110,"2025-09-30","Éducation-santé",0.0122175054923907,0.0265337204450979,0.0143162149527072,,FALSE
"bgr",3,0.0834015512047799,2,1,1,5,"extensive",2025-12-31,"T4-2025",110,"2025-09-30","Autres services",0.00791201965919312,0.00925842301949231,0.00134640336029919,,FALSE
"bgr",4,0.100837208112133,1.5,1,1,5,"extensive",2026-03-31,"T1-2026",111,"2025-12-31","Agriculture",0.0213610005199623,0.189386571246226,0.168025570726264,,FALSE
"bgr",4,0.100837208112133,1.5,1,1,5,"extensive",2026-03-31,"T1-2026",111,"2025-12-31","Pêche",0.053549101411741,0.222874852773161,0.16932575136142,,FALSE
"bgr",4,0.100837208112133,1.5,1,1,5,"extensive",2026-03-31,"T1-2026",111,"2025-12-31","Industrie d'extraction",-0.00523553901199326,0.0429938589024168,0.0482293979144101,,FALSE
"bgr",4,0.100837208112133,1.5,1,1,5,"extensive",2026-03-31,"T1-2026",111,"2025-12-31","Industrie de transformation",-0.00184682985651775,-0.101743963623765,-0.0998971337672469,,FALSE
"bgr",4,0.100837208112133,1.5,1,1,5,"extensive",2026-03-31,"T1-2026",111,"2025-12-31","Électricité, gaz, eau",0.00390440593123111,-0.0771317041623973,-0.0810361100936284,,FALSE
"bgr",4,0.100837208112133,1.5,1,1,5,"extensive",2026-03-31,"T1-2026",111,"2025-12-31","Construction",0.0111984473797093,-0.0250954841631064,-0.0362939315428157,,FALSE
"bgr",4,0.100837208112133,1.5,1,1,5,"extensive",2026-03-31,"T1-2026",111,"2025-12-31","Commerce",0.00558437278021224,0.030304457095939,0.0247200843157267,,FALSE
"bgr",4,0.100837208112133,1.5,1,1,5,"extensive",2026-03-31,"T1-2026",111,"2025-12-31","Transports",0.00521837220506411,0.00343555107293625,-0.00178282113212787,,FALSE
"bgr",4,0.100837208112133,1.5,1,1,5,"extensive",2026-03-31,"T1-2026",111,"2025-12-31","Hébergement-restauration",0.0214278838335228,-0.0149369838672992,-0.036364867700822,,FALSE
"bgr",4,0.100837208112133,1.5,1,1,5,"extensive",2026-03-31,"T1-2026",111,"2025-12-31","Information-communication",0.0188829454122323,-0.00933597860249158,-0.0282189240147239,,FALSE
"bgr",4,0.100837208112133,1.5,1,1,5,"extensive",2026-03-31,"T1-2026",111,"2025-12-31","Finances et assurances",0.0145541845518335,0.0131482423939122,-0.0014059421579213,,FALSE
"bgr",4,0.100837208112133,1.5,1,1,5,"extensive",2026-03-31,"T1-2026",111,"2025-12-31","Immobilier",0.0113771026213591,0.0145414287128816,0.00316432609152247,,FALSE
"bgr",4,0.100837208112133,1.5,1,1,5,"extensive",2026-03-31,"T1-2026",111,"2025-12-31","Services aux entreprises",0.00942445621415232,-0.0291851308899833,-0.0386095871041356,,FALSE
"bgr",4,0.100837208112133,1.5,1,1,5,"extensive",2026-03-31,"T1-2026",111,"2025-12-31","Administration publique",0.0114746955529647,-0.0167909762238896,-0.0294818002542704,53.1210466001641,TRUE
"bgr",4,0.100837208112133,1.5,1,1,5,"extensive",2026-03-31,"T1-2026",111,"2025-12-31","Éducation-santé",0.0131656930705865,0.00413556773954937,-0.0090301253310371,,FALSE
"bgr",4,0.100837208112133,1.5,1,1,5,"extensive",2026-03-31,"T1-2026",111,"2025-12-31","Autres services",0.00493824964269822,-0.0253215390421762,-0.0302597886848744,,FALSE
