"specification","branche","origine","k","ddl","lambda","prevision","derniere_obs","reel"
"6. ridge (sans AR)","Agriculture",2014-06-30,3,3.7381619883855,0.335292414924956,-0.0333606081837273,2014-03-31,0.0364714396168857
"6. ridge (sans AR)","Agriculture",2014-09-30,3,3.74339676880935,0.335292414924956,-0.00705779690299343,2014-06-30,0.0235744177595567
"6. ridge (sans AR)","Agriculture",2014-12-31,3,3.75165783982235,0.335292414924956,0.0240443455508223,2014-09-30,0.0253025688850634
"6. ridge (sans AR)","Agriculture",2015-03-31,3,3.75614285089462,0.335292414924956,-0.00774103712199796,2014-12-31,0.0521449979479787
"6. ridge (sans AR)","Agriculture",2015-06-30,3,2.51258449685041,14.2083083253392,0.0193768731022656,2015-03-31,0.0317672490600582
"6. ridge (sans AR)","Agriculture",2015-09-30,3,2.76493539336746,7.60949668545988,0.012962119793037,2015-06-30,0.0329272719732145
"6. ridge (sans AR)","Agriculture",2015-12-31,3,2.64340025391286,10.3979841848149,0.0208819821733423,2015-09-30,0.00507799922861274
"6. ridge (sans AR)","Agriculture",2016-03-31,3,2.76582885100556,7.60949668545988,0.0226297784075019,2015-12-31,-0.265832646674593
"6. ridge (sans AR)","Agriculture",2016-06-30,3,1.00924632896151,10000,0.0108032602754443,2016-03-31,0.00748113104625325
"6. ridge (sans AR)","Agriculture",2016-09-30,3,1.00924276797384,10000,0.00878530811899534,2016-06-30,0.0239103237598961
"6. ridge (sans AR)","Agriculture",2016-12-31,3,1.00924288284999,10000,0.00760932177933393,2016-09-30,0.00479642186034113
"6. ridge (sans AR)","Agriculture",2017-03-31,3,1.00924284920739,10000,0.00596441706590618,2016-12-31,0.156411418832823
"6. ridge (sans AR)","Agriculture",2017-06-30,3,1.00924535102104,10000,0.00856974072122827,2017-03-31,0.031215998995707
"6. ridge (sans AR)","Agriculture",2017-09-30,3,1.00924561069441,10000,0.00768889079310815,2017-06-30,-0.001589953838673
"6. ridge (sans AR)","Agriculture",2017-12-31,3,1.00924545417343,10000,0.00651564843887203,2017-09-30,-0.00572029123758178
"6. ridge (sans AR)","Agriculture",2018-03-31,3,1.00924535108121,10000,0.00578637236555469,2017-12-31,0.033613953651912
"6. ridge (sans AR)","Agriculture",2018-06-30,3,1.00924560634393,10000,0.00864718540188365,2018-03-31,0.0315396357748075
"6. ridge (sans AR)","Agriculture",2018-09-30,3,1.00924552600753,10000,0.00875153072668821,2018-06-30,-0.0076855501979054
"6. ridge (sans AR)","Agriculture",2018-12-31,3,1.00924845472085,10000,0.00790398249704781,2018-09-30,-0.00708189895160238
"6. ridge (sans AR)","Agriculture",2019-03-31,3,1.0092587635276,10000,0.00728074747467563,2018-12-31,-0.0674225881272044
"6. ridge (sans AR)","Agriculture",2019-06-30,3,1.00925694271221,10000,0.00489309508273325,2019-03-31,0.0269576277375521
"6. ridge (sans AR)","Agriculture",2019-09-30,3,1.00925696799396,10000,0.00486109597612922,2019-06-30,-0.00378790367855686
"6. ridge (sans AR)","Agriculture",2019-12-31,3,1.00925720824075,10000,0.00460051782203359,2019-09-30,-0.00545796285781641
"6. ridge (sans AR)","Agriculture",2020-03-31,3,1.00925515357961,10000,0.00471323811287412,2019-12-31,-0.0733468122559131
"6. ridge (sans AR)","Agriculture",2020-06-30,3,1.00925539449657,10000,0.0065987620085451,2020-03-31,0.00964980812139338
"6. ridge (sans AR)","Agriculture",2020-09-30,3,1.0092551744535,10000,0.006152507077377,2020-06-30,-0.0341340216865049
"6. ridge (sans AR)","Agriculture",2020-12-31,3,1.00925451821338,10000,0.00439825758114982,2020-09-30,-0.00972120420603417
"6. ridge (sans AR)","Agriculture",2021-03-31,3,1.00925456231805,10000,0.0032821877142304,2020-12-31,0.198088349077135
"6. ridge (sans AR)","Agriculture",2021-06-30,3,1.00925457088814,10000,0.00741026409305457,2021-03-31,0.00736929305629452
"6. ridge (sans AR)","Agriculture",2021-09-30,3,1.0092545485084,10000,0.00595611540339581,2021-06-30,-0.00217917484074093
"6. ridge (sans AR)","Agriculture",2021-12-31,3,1.00925443708653,10000,0.00510197408756193,2021-09-30,-0.00946965224747842
"6. ridge (sans AR)","Agriculture",2022-03-31,3,1.00925430497774,10000,0.00451808099041326,2021-12-31,-0.106650718690272
"6. ridge (sans AR)","Agriculture",2022-06-30,3,1.00925402913194,10000,0.00430972423705352,2022-03-31,-0.00714754922684868
"6. ridge (sans AR)","Agriculture",2022-09-30,3,1.00925466539228,10000,0.00296222498431693,2022-06-30,0.0022277626879923
"6. ridge (sans AR)","Agriculture",2022-12-31,3,1.009254672632,10000,0.00229485308254761,2022-09-30,-0.00919879348349895
"6. ridge (sans AR)","Agriculture",2023-03-31,3,1.00925458360267,10000,0.00123501092142133,2022-12-31,0.0350757280012495
"6. ridge (sans AR)","Agriculture",2023-06-30,3,1.0092549491152,10000,0.000675908772110414,2023-03-31,-0.0122701816794795
"6. ridge (sans AR)","Agriculture",2023-09-30,3,1.00925513095136,10000,-0.000680061303360173,2023-06-30,-0.00378759914928928
"6. ridge (sans AR)","Agriculture",2023-12-31,3,1.00925476338804,10000,-0.00186245127255652,2023-09-30,-0.00788085316350973
"6. ridge (sans AR)","Agriculture",2024-03-31,3,1.00925398790079,10000,-0.00224587748072112,2023-12-31,-0.0365847420386523
"6. ridge (sans AR)","Agriculture",2024-06-30,3,1.65980359296049,92.4914727721734,0.00890197019963579,2024-03-31,-0.00664188506091534
"6. ridge (sans AR)","Agriculture",2024-09-30,3,1.53134782920365,126.38482029343,0.00352644716275922,2024-06-30,-0.0112104142680227
"6. ridge (sans AR)","Agriculture",2024-12-31,3,1.53139891751236,126.38482029343,0.00119233931061195,2024-09-30,-0.00435261931916919
"6. ridge (sans AR)","Agriculture",2025-03-31,3,1.5316912122195,126.38482029343,0.00526003417539917,2024-12-31,0.100359632990509
"6. ridge (sans AR)","Agriculture",2025-06-30,3,1.00925138451292,10000,0.00137166615367499,2025-03-31,-0.00473311427913181
"6. ridge (sans AR)","Agriculture",2025-09-30,3,1.00925242622142,10000,0.000230810446193485,2025-06-30,-0.0140787530247088
"6. ridge (sans AR)","Agriculture",2025-12-31,3,1.00925264053011,10000,-0.000181777902874474,2025-09-30,-0.00148214583971118
"6. ridge (sans AR)","Agriculture",2026-03-31,3,1.00925307267643,10000,-3.83078746226245e-05,2025-12-31,0.189386571246226
"6. ridge (sans AR)","Pêche",2014-06-30,2,2.43888010993989,10.3979841848149,-0.00710545394326725,2014-03-31,0.238884348531972
"6. ridge (sans AR)","Pêche",2014-09-30,2,2.45482925305986,10.3979841848149,0.0371121439313362,2014-06-30,-0.0842585990548885
"6. ridge (sans AR)","Pêche",2014-12-31,2,2.46802086537294,10.3979841848149,0.0587739123984102,2014-09-30,0.0971925333013068
"6. ridge (sans AR)","Pêche",2015-03-31,2,2.48034832209471,10.3979841848149,0.0313439657096378,2014-12-31,-0.0182664312630081
"6. ridge (sans AR)","Pêche",2015-06-30,2,2.34639661805471,14.2083083253392,0.0266729486818606,2015-03-31,0.0112681719167798
"6. ridge (sans AR)","Pêche",2015-09-30,2,2.34683576027399,14.2083083253392,0.0563190838900776,2015-06-30,-0.0240378912771044
"6. ridge (sans AR)","Pêche",2015-12-31,2,2.34704160480086,14.2083083253392,-0.0116569838793118,2015-09-30,0.0711997243889542
"6. ridge (sans AR)","Pêche",2016-03-31,2,2.34419677964589,14.2083083253392,0.0456884735679209,2015-12-31,0.0522788830555712
"6. ridge (sans AR)","Pêche",2016-06-30,2,2.34233948649148,14.2083083253392,0.0143199517337945,2016-03-31,-0.0692837716719641
"6. ridge (sans AR)","Pêche",2016-09-30,2,2.31023724393949,14.2083083253392,0.0105591026186701,2016-06-30,-0.0707389562407208
"6. ridge (sans AR)","Pêche",2016-12-31,2,2.3113010094937,14.2083083253392,0.0116322043763972,2016-09-30,0.100756292896915
"6. ridge (sans AR)","Pêche",2017-03-31,2,2.31145462192698,14.2083083253392,0.0840048996681897,2016-12-31,-0.0981301116583815
"6. ridge (sans AR)","Pêche",2017-06-30,2,2.19016265089535,19.4149194574388,0.0234303398250698,2017-03-31,-0.0199501670707116
"6. ridge (sans AR)","Pêche",2017-09-30,2,2.19183470083563,19.4149194574388,0.0154907334591556,2017-06-30,0.0209332096664658
"6. ridge (sans AR)","Pêche",2017-12-31,2,2.19220095996141,19.4149194574388,0.0155796715868545,2017-09-30,-0.0659095853471712
"6. ridge (sans AR)","Pêche",2018-03-31,2,2.19142130977345,19.4149194574388,0.0126162468746856,2017-12-31,-0.118526708999348
"6. ridge (sans AR)","Pêche",2018-06-30,2,2.33454911015873,14.2083083253392,0.0195476214881763,2018-03-31,0.0565619820165848
"6. ridge (sans AR)","Pêche",2018-09-30,2,2.33335314720388,14.2083083253392,-0.0379668653782589,2018-06-30,-0.0520428663582821
"6. ridge (sans AR)","Pêche",2018-12-31,2,2.3574931927317,14.2083083253392,-0.00984713926504151,2018-09-30,0.0519498128058951
"6. ridge (sans AR)","Pêche",2019-03-31,2,1.00617706097189,10000,0.0246230641243759,2018-12-31,0.165886600744615
"6. ridge (sans AR)","Pêche",2019-06-30,2,1.03924863685608,1536.17494667183,0.00939921840293725,2019-03-31,-0.10051090919398
"6. ridge (sans AR)","Pêche",2019-09-30,2,1.46646546026688,92.4914727721734,0.0115073794736563,2019-06-30,0.107189386187184
"6. ridge (sans AR)","Pêche",2019-12-31,2,1.46757969251787,92.4914727721734,0.0156927030201742,2019-09-30,-0.178444977080698
"6. ridge (sans AR)","Pêche",2020-03-31,2,1.45567274293575,92.4914727721734,0.00228759502523453,2019-12-31,0.250419564323746
"6. ridge (sans AR)","Pêche",2020-06-30,2,1.22203195461045,235.983346678219,0.0165170995257429,2020-03-31,-0.182744294243855
"6. ridge (sans AR)","Pêche",2020-09-30,2,1.00617276775851,10000,0.0065352395645526,2020-06-30,0.449867423442043
"6. ridge (sans AR)","Pêche",2020-12-31,2,1.00617270246587,10000,0.0187314441050622,2020-09-30,-0.549113253084071
"6. ridge (sans AR)","Pêche",2021-03-31,2,1.00617268082226,10000,-0.00151514788827923,2020-12-31,0.301831328865735
"6. ridge (sans AR)","Pêche",2021-06-30,2,1.00617269063851,10000,-0.000518214823881677,2021-03-31,0.086451616600093
"6. ridge (sans AR)","Pêche",2021-09-30,2,1.0061726505813,10000,0.00766846605072995,2021-06-30,-0.0880960598262783
"6. ridge (sans AR)","Pêche",2021-12-31,2,1.00617255458407,10000,0.0056486971865353,2021-09-30,0.102924635387614
"6. ridge (sans AR)","Pêche",2022-03-31,2,1.00617239005099,10000,0.0107590925381048,2021-12-31,-0.251794115386521
"6. ridge (sans AR)","Pêche",2022-06-30,2,1.0061722710056,10000,0.00616672462551204,2022-03-31,0.0309075374630767
"6. ridge (sans AR)","Pêche",2022-09-30,2,1.00617197839983,10000,-0.000452344625182155,2022-06-30,-0.424362348289532
"6. ridge (sans AR)","Pêche",2022-12-31,2,1.00617198256019,10000,-0.0110729947856865,2022-09-30,0.537806048836181
"6. ridge (sans AR)","Pêche",2023-03-31,2,1.00617149060927,10000,0.00254977501676753,2022-12-31,-0.196422814008341
"6. ridge (sans AR)","Pêche",2023-06-30,2,1.00617172822777,10000,-0.00293980238782521,2023-03-31,0.108653138186501
"6. ridge (sans AR)","Pêche",2023-09-30,2,1.00617192759361,10000,0.00013642764632087,2023-06-30,0.0833031314032056
"6. ridge (sans AR)","Pêche",2023-12-31,2,1.00617153479621,10000,0.00361067564868813,2023-09-30,-0.169722558184949
"6. ridge (sans AR)","Pêche",2024-03-31,2,1.00617095463925,10000,-0.00410180363404431,2023-12-31,0.137736263229147
"6. ridge (sans AR)","Pêche",2024-06-30,2,1.00617111441182,10000,-0.0014133107601673,2024-03-31,-0.124393100066797
"6. ridge (sans AR)","Pêche",2024-09-30,2,1.00617121555449,10000,-0.0030176232695118,2024-06-30,0.3409847439024
"6. ridge (sans AR)","Pêche",2024-12-31,2,1.00617118560178,10000,0.00987074054533614,2024-09-30,-0.314903192186618
"6. ridge (sans AR)","Pêche",2025-03-31,2,1.00617134963495,10000,-0.00324628042205777,2024-12-31,0.0879705045311976
"6. ridge (sans AR)","Pêche",2025-06-30,2,1.00617046241748,10000,0.00248237033925504,2025-03-31,-0.202438183367684
"6. ridge (sans AR)","Pêche",2025-09-30,2,1.00617051039568,10000,-0.00306657962253279,2025-06-30,0.141488674493727
"6. ridge (sans AR)","Pêche",2025-12-31,2,1.00617081003089,10000,0.000792837488883214,2025-09-30,-0.181089428496749
"6. ridge (sans AR)","Pêche",2026-03-31,2,1.00617106079926,10000,-0.00299533574932631,2025-12-31,0.222874852773161
"6. ridge (sans AR)","Industrie d'extraction",2014-06-30,,,,,,-0.00618613651727884
"6. ridge (sans AR)","Industrie d'extraction",2014-09-30,,,,,,-0.015888470256332
"6. ridge (sans AR)","Industrie d'extraction",2014-12-31,,,,,,-0.0298633941618487
"6. ridge (sans AR)","Industrie d'extraction",2015-03-31,3,1.1433489112389,602.089449333612,-6.03627941006341e-05,2014-12-31,0.00890133635762247
"6. ridge (sans AR)","Industrie d'extraction",2015-06-30,3,1.19099220071297,440.623642777357,0.00165468982196423,2015-03-31,0.0247954892566806
"6. ridge (sans AR)","Industrie d'extraction",2015-09-30,3,1.42872371062225,172.698329065944,0.0044542053764947,2015-06-30,0.0237021448250037
"6. ridge (sans AR)","Industrie d'extraction",2015-12-31,4,4.58153730111405,2.18264472839749,0.0193688174554716,2015-09-30,-0.00879815197435896
"6. ridge (sans AR)","Industrie d'extraction",2016-03-31,4,4.58035653814321,2.18264472839749,-0.0680674212624872,2015-12-31,0.0161383433235596
"6. ridge (sans AR)","Industrie d'extraction",2016-06-30,4,4.5773336356845,2.18264472839749,-0.000919879566686536,2016-03-31,-0.0163339493026129
"6. ridge (sans AR)","Industrie d'extraction",2016-09-30,3,1.43009220678292,172.698329065944,-0.00427166161976669,2016-06-30,0.0218474503756241
"6. ridge (sans AR)","Industrie d'extraction",2016-12-31,3,1.33203549127361,235.983346678219,0.00683028312999596,2016-09-30,0.025849664713844
"6. ridge (sans AR)","Industrie d'extraction",2017-03-31,3,1.00924813214663,10000,0.00893038816423655,2016-12-31,0.0185128254497453
"6. ridge (sans AR)","Industrie d'extraction",2017-06-30,3,1.00924774086138,10000,0.0229415482321869,2017-03-31,0.0955083840143161
"6. ridge (sans AR)","Industrie d'extraction",2017-09-30,3,1.00924769939574,10000,0.0184167343243932,2017-06-30,-0.0311769033996843
"6. ridge (sans AR)","Industrie d'extraction",2017-12-31,3,1.00924755624291,10000,0.0155069294033952,2017-09-30,0.0125783920146532
"6. ridge (sans AR)","Industrie d'extraction",2018-03-31,3,1.00924749460071,10000,0.011828384607049,2017-12-31,-0.0244479675700369
"6. ridge (sans AR)","Industrie d'extraction",2018-06-30,3,1.00925074616222,10000,0.00722462910086321,2018-03-31,0.0081793613697414
"6. ridge (sans AR)","Industrie d'extraction",2018-09-30,3,1.00925032301779,10000,0.00525604948549373,2018-06-30,-0.0117710521370427
"6. ridge (sans AR)","Industrie d'extraction",2018-12-31,3,1.0092506238702,10000,0.00541501578826334,2018-09-30,-0.00327062290436331
"6. ridge (sans AR)","Industrie d'extraction",2019-03-31,3,1.00925032134437,10000,0.00454709511834092,2018-12-31,0.040057095335742
"6. ridge (sans AR)","Industrie d'extraction",2019-06-30,3,1.00925016994097,10000,0.00506820270563397,2019-03-31,-0.0225433471888596
"6. ridge (sans AR)","Industrie d'extraction",2019-09-30,3,1.00925143633107,10000,0.00457042249065842,2019-06-30,0.0109256734157306
"6. ridge (sans AR)","Industrie d'extraction",2019-12-31,3,1.00925192163968,10000,0.00539244159782427,2019-09-30,0.00214620520732645
"6. ridge (sans AR)","Industrie d'extraction",2020-03-31,3,1.0092507846951,10000,0.00425920704400782,2019-12-31,0.00506158820307512
"6. ridge (sans AR)","Industrie d'extraction",2020-06-30,3,1.3239957340191,235.983346678219,0.00593307460970775,2020-03-31,0.0237324718357801
"6. ridge (sans AR)","Industrie d'extraction",2020-09-30,3,1.32206658727985,235.983346678219,0.00627210325321131,2020-06-30,-0.0110758122366672
"6. ridge (sans AR)","Industrie d'extraction",2020-12-31,3,1.31672257188913,235.983346678219,0.00506410721103188,2020-09-30,0.0282365373459843
"6. ridge (sans AR)","Industrie d'extraction",2021-03-31,3,1.18633760103729,440.623642777357,0.0057513091112644,2020-12-31,0.0506515529548963
"6. ridge (sans AR)","Industrie d'extraction",2021-06-30,3,1.00924548675741,10000,0.00967975891594553,2021-03-31,-0.0120026798414088
"6. ridge (sans AR)","Industrie d'extraction",2021-09-30,3,1.00925708720777,10000,0.0086162284406912,2021-06-30,0.0223534844760689
"6. ridge (sans AR)","Industrie d'extraction",2021-12-31,3,1.00925658162894,10000,0.00924393686150562,2021-09-30,-0.0143497716369634
"6. ridge (sans AR)","Industrie d'extraction",2022-03-31,3,1.0092541519894,10000,0.00794996887277307,2021-12-31,-0.138625872821352
"6. ridge (sans AR)","Industrie d'extraction",2022-06-30,3,1.00925433964877,10000,0.00293966768982328,2022-03-31,-0.0689421152185421
"6. ridge (sans AR)","Industrie d'extraction",2022-09-30,3,1.00925327876328,10000,0.000949999665660523,2022-06-30,-0.0421248811824597
"6. ridge (sans AR)","Industrie d'extraction",2022-12-31,3,1.00925328118678,10000,0.000121067886837977,2022-09-30,-0.216757201746969
"6. ridge (sans AR)","Industrie d'extraction",2023-03-31,3,1.00925338037299,10000,-0.00571448606687727,2022-12-31,0.0973621473997142
"6. ridge (sans AR)","Industrie d'extraction",2023-06-30,4,1.0123412886285,10000,-0.00291596799477225,2023-03-31,2.03357431196594e-05
"6. ridge (sans AR)","Industrie d'extraction",2023-09-30,4,1.01234160421819,10000,-0.0037295539421492,2023-06-30,0.0733392840223264
"6. ridge (sans AR)","Industrie d'extraction",2023-12-31,4,1.01234175929181,10000,-0.00213916602865237,2023-09-30,0.113749741354164
"6. ridge (sans AR)","Industrie d'extraction",2024-03-31,4,1.01234094701636,10000,0.00159629597108158,2023-12-31,-0.0252607257677209
"6. ridge (sans AR)","Industrie d'extraction",2024-06-30,7,3.13485742265742,49.5353520895917,0.0107923249520146,2024-03-31,0.0070152744335843
"6. ridge (sans AR)","Industrie d'extraction",2024-09-30,7,3.1423337854845,49.5353520895917,0.0178849186502542,2024-06-30,0.022117053793357
"6. ridge (sans AR)","Industrie d'extraction",2024-12-31,7,3.14496269689384,49.5353520895917,0.0118953177343874,2024-09-30,-0.0056609646746999
"6. ridge (sans AR)","Industrie d'extraction",2025-03-31,7,3.14881060782565,49.5353520895917,-0.0244237703903169,2024-12-31,0.0657933092045351
"6. ridge (sans AR)","Industrie d'extraction",2025-06-30,7,7.82498079583006,0.000136644834929533,-0.0792962235583742,2025-03-31,0.046428686738258
"6. ridge (sans AR)","Industrie d'extraction",2025-09-30,7,2.19982216009027,126.38482029343,0.000720134280671843,2025-06-30,-0.0306857679206729
"6. ridge (sans AR)","Industrie d'extraction",2025-12-31,7,2.19949546938825,126.38482029343,-0.00400863670769204,2025-09-30,-0.0912476795593946
"6. ridge (sans AR)","Industrie d'extraction",2026-03-31,7,2.4855473897758,92.4914727721734,-0.0159205216620281,2025-12-31,0.0429938589024168
"6. ridge (sans AR)","Industrie de transformation",2014-06-30,18,2.57936197582356,235.983346678219,0.0104502346054722,2014-03-31,0.0134903455131372
"6. ridge (sans AR)","Industrie de transformation",2014-09-30,18,3.03772806562138,172.698329065944,0.00464846861099975,2014-06-30,0.00323811979902189
"6. ridge (sans AR)","Industrie de transformation",2014-12-31,18,3.09011769406322,172.698329065944,0.00513440628788874,2014-09-30,-0.0476741243890952
"6. ridge (sans AR)","Industrie de transformation",2015-03-31,18,3.12894859606637,172.698329065944,0.00162687575441744,2014-12-31,0.0304379715047673
"6. ridge (sans AR)","Industrie de transformation",2015-06-30,18,2.69767761144894,235.983346678219,0.00552034589791122,2015-03-31,0.0194938047357773
"6. ridge (sans AR)","Industrie de transformation",2015-09-30,18,2.04387768335141,440.623642777357,0.00521859908251946,2015-06-30,0.00620713596259748
"6. ridge (sans AR)","Industrie de transformation",2015-12-31,18,1.80055165737212,602.089449333612,0.00656954158730022,2015-09-30,-0.00664650552544366
"6. ridge (sans AR)","Industrie de transformation",2016-03-31,18,1.18831359553594,2868.31681334201,0.00587420619741436,2015-12-31,-0.00323991776717136
"6. ridge (sans AR)","Industrie de transformation",2016-06-30,18,1.05526768340984,10000,0.00437029023951976,2016-03-31,-0.00999549769479913
"6. ridge (sans AR)","Industrie de transformation",2016-09-30,18,1.05527728757199,10000,0.00460198581655852,2016-06-30,0.0228243332255111
"6. ridge (sans AR)","Industrie de transformation",2016-12-31,18,1.05527390401159,10000,0.00507272529541282,2016-09-30,0.0116788252925897
"6. ridge (sans AR)","Industrie de transformation",2017-03-31,18,1.05528245623309,10000,0.00587713805928515,2016-12-31,0.00953178833632684
"6. ridge (sans AR)","Industrie de transformation",2017-06-30,18,1.05527846229359,10000,0.00799581802551811,2017-03-31,0.0149267146411702
"6. ridge (sans AR)","Industrie de transformation",2017-09-30,18,1.05530111804662,10000,0.00799996706937366,2017-06-30,-0.0114616897126858
"6. ridge (sans AR)","Industrie de transformation",2017-12-31,18,1.05531469251233,10000,0.00708468547780842,2017-09-30,0.00280821148239063
"6. ridge (sans AR)","Industrie de transformation",2018-03-31,60,1.24955078071398,7318.24221907618,0.00657866913281291,2017-12-31,0.0234087617899217
"6. ridge (sans AR)","Industrie de transformation",2018-06-30,61,1.25365570275564,7318.24221907618,0.00679726679301324,2018-03-31,-0.00382899876597698
"6. ridge (sans AR)","Industrie de transformation",2018-09-30,61,1.6300007358012,2868.31681334201,0.00559114303720911,2018-06-30,0.0197648970716831
"6. ridge (sans AR)","Industrie de transformation",2018-12-31,61,1.18660140398505,10000,0.0057057056122439,2018-09-30,0.00254844063750426
"6. ridge (sans AR)","Industrie de transformation",2019-03-31,61,1.63031799769995,2868.31681334201,0.00590953695342404,2018-12-31,0.00525129663060397
"6. ridge (sans AR)","Industrie de transformation",2019-06-30,61,1.63016059132829,2868.31681334201,0.00576973037720622,2019-03-31,0.0369509505888086
"6. ridge (sans AR)","Industrie de transformation",2019-09-30,61,1.46692374859653,3919.40677484722,0.0064992206935237,2019-06-30,-0.0175063522194137
"6. ridge (sans AR)","Industrie de transformation",2019-12-31,61,1.18661575599029,10000,0.00504477024599553,2019-09-30,-0.00688096519466086
"6. ridge (sans AR)","Industrie de transformation",2020-03-31,61,1.18655094012841,10000,0.00417535279862362,2019-12-31,-0.00162253854886352
"6. ridge (sans AR)","Industrie de transformation",2020-06-30,61,1.18653481476834,10000,0.00411095283925623,2020-03-31,-0.213797918505946
"6. ridge (sans AR)","Industrie de transformation",2020-09-30,61,13.7608956464184,49.5353520895917,-0.0537066055052871,2020-06-30,0.176609534773862
"6. ridge (sans AR)","Industrie de transformation",2020-12-31,61,13.7243172653558,49.5353520895917,0.0357502124642613,2020-09-30,-0.00858663289649719
"6. ridge (sans AR)","Industrie de transformation",2021-03-31,61,10.4167386434667,92.4914727721734,-0.00765612244271334,2020-12-31,0.0682885003101887
"6. ridge (sans AR)","Industrie de transformation",2021-06-30,61,8.86521788003039,126.38482029343,0.0193533613952387,2021-03-31,-0.0226087358268856
"6. ridge (sans AR)","Industrie de transformation",2021-09-30,61,6.23359673886188,235.983346678219,0.00210821401946483,2021-06-30,0.0119171102444078
"6. ridge (sans AR)","Industrie de transformation",2021-12-31,61,6.22620102732074,235.983346678219,0.00721243192580337,2021-09-30,0.0157395324071921
"6. ridge (sans AR)","Industrie de transformation",2022-03-31,61,6.24466589161495,235.983346678219,0.0138652371542884,2021-12-31,-0.00935236645143078
"6. ridge (sans AR)","Industrie de transformation",2022-06-30,61,8.88097622887069,126.38482029343,0.00840120768224657,2022-03-31,0.0265199585031901
"6. ridge (sans AR)","Industrie de transformation",2022-09-30,61,13.7235334096669,49.5353520895917,-0.0280762524977438,2022-06-30,0.00503674468161641
"6. ridge (sans AR)","Industrie de transformation",2022-12-31,61,10.4217687251312,92.4914727721734,0.0365003436266682,2022-09-30,-0.00375576483451212
"6. ridge (sans AR)","Industrie de transformation",2023-03-31,61,5.2189315164341,322.45905452964,0.0209392509553238,2022-12-31,0.00769564383733545
"6. ridge (sans AR)","Industrie de transformation",2023-06-30,63,6.42044401451535,235.983346678219,0.000174820438457912,2023-03-31,-0.0170061439275049
"6. ridge (sans AR)","Industrie de transformation",2023-09-30,63,7.64478862334817,172.698329065944,-0.00259840929835704,2023-06-30,0.0317188158621384
"6. ridge (sans AR)","Industrie de transformation",2023-12-31,63,6.40331161443003,235.983346678219,0.0162064084996439,2023-09-30,0.0560799603193818
"6. ridge (sans AR)","Industrie de transformation",2024-03-31,63,9.07164168088273,126.38482029343,0.00808836298587707,2023-12-31,-0.0663244948448725
"6. ridge (sans AR)","Industrie de transformation",2024-06-30,87,21.7683560127971,19.4149194574388,-0.0467666245366145,2024-03-31,-0.00790860641250291
"6. ridge (sans AR)","Industrie de transformation",2024-09-30,87,27.343519760537,5.56881399094527,0.0103938056004307,2024-06-30,0.069343487988764
"6. ridge (sans AR)","Industrie de transformation",2024-12-31,45,30.132367072858,0.179571449437164,0.0330833622660534,2024-09-30,0.0165418381598617
"6. ridge (sans AR)","Industrie de transformation",2025-03-31,45,29.0526299556961,0.335292414924956,-0.127244809489103,2024-12-31,-0.0681965626927639
"6. ridge (sans AR)","Industrie de transformation",2025-06-30,45,17.0365567481495,10.3979841848149,0.021268217679988,2025-03-31,0.0247579899121657
"6. ridge (sans AR)","Industrie de transformation",2025-09-30,44,19.4381847427376,5.56881399094527,0.0772325253238086,2025-06-30,0.0308834262611075
"6. ridge (sans AR)","Industrie de transformation",2025-12-31,44,16.8484482750527,10.3979841848149,0.0362033325589829,2025-09-30,0.0330754169078045
"6. ridge (sans AR)","Industrie de transformation",2026-03-31,44,17.0011158445098,10.3979841848149,-0.074601653246614,2025-12-31,-0.101743963623765
"6. ridge (sans AR)","Électricité, gaz, eau",2014-06-30,10,1.03079179592044,10000,0.00745894606484042,2014-03-31,0.0332147863217731
"6. ridge (sans AR)","Électricité, gaz, eau",2014-09-30,10,1.0307949337633,10000,0.00700564458487305,2014-06-30,-0.00679393605210521
"6. ridge (sans AR)","Électricité, gaz, eau",2014-12-31,10,1.03080395577598,10000,0.00815593754450158,2014-09-30,-0.00857021450047135
"6. ridge (sans AR)","Électricité, gaz, eau",2015-03-31,13,2.36555548997838,235.983346678219,0.0101806535397291,2014-12-31,0.0437145225973961
"6. ridge (sans AR)","Électricité, gaz, eau",2015-06-30,13,1.80289118156776,440.623642777357,0.00643947749200321,2015-03-31,0.00610525562054143
"6. ridge (sans AR)","Électricité, gaz, eau",2015-09-30,13,1.60685340444211,602.089449333612,0.00724183168774156,2015-06-30,0.0103469379268244
"6. ridge (sans AR)","Électricité, gaz, eau",2015-12-31,13,1.13742551112308,2868.31681334201,0.00751101808914394,2015-09-30,-0.00455943213512988
"6. ridge (sans AR)","Électricité, gaz, eau",2016-03-31,13,1.07434336378314,5355.6669177069,0.00675206541583007,2015-12-31,0.000155955147615572
"6. ridge (sans AR)","Électricité, gaz, eau",2016-06-30,11,1.51706542159603,602.089449333612,0.00653214303568262,2016-03-31,-0.017175634556283
"6. ridge (sans AR)","Électricité, gaz, eau",2016-09-30,11,1.51792568405395,602.089449333612,0.00276087603324738,2016-06-30,0.0711460023338066
"6. ridge (sans AR)","Électricité, gaz, eau",2016-12-31,11,1.03390893784947,10000,0.00804871778764489,2016-09-30,-0.0359660643263187
"6. ridge (sans AR)","Électricité, gaz, eau",2017-03-31,11,1.03391301638738,10000,0.00666361391726631,2016-12-31,-0.00716286993772819
"6. ridge (sans AR)","Électricité, gaz, eau",2017-06-30,11,1.51935681355691,602.089449333612,0.0111858765534029,2017-03-31,0.0253000677575166
"6. ridge (sans AR)","Électricité, gaz, eau",2017-09-30,11,1.90087920781501,322.45905452964,0.00917625135840178,2017-06-30,0.0048164662893857
"6. ridge (sans AR)","Électricité, gaz, eau",2017-12-31,11,2.49072553306504,172.698329065944,0.001977109904552,2017-09-30,0.0387992037287237
"6. ridge (sans AR)","Électricité, gaz, eau",2018-03-31,15,2.52866475593989,235.983346678219,0.0147374029994988,2017-12-31,0.0223262968366722
"6. ridge (sans AR)","Électricité, gaz, eau",2018-06-30,15,1.04619088177391,10000,0.00790308478639775,2018-03-31,-0.016153880771169
"6. ridge (sans AR)","Électricité, gaz, eau",2018-09-30,15,1.0461908434185,10000,0.00833690241545651,2018-06-30,0.0411974248960654
"6. ridge (sans AR)","Électricité, gaz, eau",2018-12-31,15,1.04620471234013,10000,0.00926097935459424,2018-09-30,0.0623784425554952
"6. ridge (sans AR)","Électricité, gaz, eau",2019-03-31,15,1.04619051756191,10000,0.0112130693351748,2018-12-31,0.0925664554057999
"6. ridge (sans AR)","Électricité, gaz, eau",2019-06-30,15,1.52426940298311,822.724134170047,0.0116883153958876,2019-03-31,-0.0124026726248605
"6. ridge (sans AR)","Électricité, gaz, eau",2019-09-30,15,2.56035064312474,235.983346678219,0.017123131116162,2019-06-30,-0.0152269847098676
"6. ridge (sans AR)","Électricité, gaz, eau",2019-12-31,15,1.04619975611589,10000,0.0112475911000597,2019-09-30,-0.00625851062808103
"6. ridge (sans AR)","Électricité, gaz, eau",2020-03-31,15,5.53447418749276,49.5353520895917,0.0255143547094267,2019-12-31,0.0213425854542955
"6. ridge (sans AR)","Électricité, gaz, eau",2020-06-30,15,6.34109026758773,36.2511704998854,0.0120285746940017,2020-03-31,-0.0970147629221021
"6. ridge (sans AR)","Électricité, gaz, eau",2020-09-30,15,9.05250139333541,14.2083083253392,0.0985481639876413,2020-06-30,0.114417799543279
"6. ridge (sans AR)","Électricité, gaz, eau",2020-12-31,15,8.82800407231444,14.2083083253392,0.0131601023542516,2020-09-30,-0.016022429172736
"6. ridge (sans AR)","Électricité, gaz, eau",2021-03-31,15,8.73954817410893,14.2083083253392,0.0264091611466671,2020-12-31,0.0217529032326009
"6. ridge (sans AR)","Électricité, gaz, eau",2021-06-30,15,8.75199990914644,14.2083083253392,-0.00824537253511802,2021-03-31,0.0253032608158232
"6. ridge (sans AR)","Électricité, gaz, eau",2021-09-30,15,8.60418097053351,14.2083083253392,0.0139618575730888,2021-06-30,0.0158724557012508
"6. ridge (sans AR)","Électricité, gaz, eau",2021-12-31,16,15.330032325664,0.626051657201482,-0.0708803355351071,2021-09-30,0.0138196358846692
"6. ridge (sans AR)","Électricité, gaz, eau",2022-03-31,15,10.9791497184817,5.56881399094527,0.0333382059282111,2021-12-31,-0.0635858178619184
"6. ridge (sans AR)","Électricité, gaz, eau",2022-06-30,15,6.26372305670476,36.2511704998854,-0.0179205748504695,2022-03-31,0.00902096583624079
"6. ridge (sans AR)","Électricité, gaz, eau",2022-09-30,15,7.11571814254904,26.5294846443189,-0.000472107218669521,2022-06-30,-0.00480416973629261
"6. ridge (sans AR)","Électricité, gaz, eau",2022-12-31,16,6.46676677754856,36.2511704998854,-0.0129673654507648,2022-09-30,-0.0308377748401991
"6. ridge (sans AR)","Électricité, gaz, eau",2023-03-31,16,6.48663474104374,36.2511704998854,0.0303408278293996,2022-12-31,-0.122401604802485
"6. ridge (sans AR)","Électricité, gaz, eau",2023-06-30,16,3.63228907436537,126.38482029343,0.000801245655926337,2023-03-31,0.0472201858772916
"6. ridge (sans AR)","Électricité, gaz, eau",2023-09-30,17,3.19022263102478,172.698329065944,0.0108972589560958,2023-06-30,0.00207719445817389
"6. ridge (sans AR)","Électricité, gaz, eau",2023-12-31,18,3.31240499853318,172.698329065944,-0.00866405241817444,2023-09-30,-0.0104818116311538
"6. ridge (sans AR)","Électricité, gaz, eau",2024-03-31,18,3.3142200085972,172.698329065944,0.00258254803043762,2023-12-31,0.0293667797510366
"6. ridge (sans AR)","Électricité, gaz, eau",2024-06-30,20,3.54606233287254,172.698329065944,0.0114520338517037,2024-03-31,-0.0474179307558522
"6. ridge (sans AR)","Électricité, gaz, eau",2024-09-30,20,3.0064053672516,235.983346678219,0.00922358474891808,2024-06-30,0.100587875391312
"6. ridge (sans AR)","Électricité, gaz, eau",2024-12-31,56,18.4091064417837,7.60949668545988,0.130595478940375,2024-09-30,0.0115181001740545
"6. ridge (sans AR)","Électricité, gaz, eau",2025-03-31,56,18.813552537463,7.60949668545988,0.0186838676054897,2024-12-31,-0.0640900842189289
"6. ridge (sans AR)","Électricité, gaz, eau",2025-06-30,56,18.7268582668372,7.60949668545988,-0.00767420508599361,2025-03-31,-0.0109469608200001
"6. ridge (sans AR)","Électricité, gaz, eau",2025-09-30,56,18.7537232681175,7.60949668545988,0.0448851030628374,2025-06-30,0.0726483567256153
"6. ridge (sans AR)","Électricité, gaz, eau",2025-12-31,56,18.9313958716672,7.60949668545988,-0.0554145426990131,2025-09-30,-0.0191714590402032
"6. ridge (sans AR)","Électricité, gaz, eau",2026-03-31,56,18.9799751538525,7.60949668545988,-0.0203205225778458,2025-12-31,-0.0771317041623973
"6. ridge (sans AR)","Construction",2014-06-30,,,,,,0.00447736474689187
"6. ridge (sans AR)","Construction",2014-09-30,,,,,,-0.000619901584931526
"6. ridge (sans AR)","Construction",2014-12-31,,,,,,-0.0170090243189662
"6. ridge (sans AR)","Construction",2015-03-31,4,3.05371698659858,26.5294846443189,0.00719757821835933,2014-12-31,-0.00530943948553997
"6. ridge (sans AR)","Construction",2015-06-30,4,3.05080967381217,26.5294846443189,0.00633133831948275,2015-03-31,0.0209819845460189
"6. ridge (sans AR)","Construction",2015-09-30,4,2.47081108436805,49.5353520895917,0.00774457300030705,2015-06-30,0.0115194109871428
"6. ridge (sans AR)","Construction",2015-12-31,4,2.47329859779462,49.5353520895917,0.00648819626436373,2015-09-30,0.032079368271992
"6. ridge (sans AR)","Construction",2016-03-31,4,1.01235343977447,10000,0.0076118001332308,2015-12-31,0.0187855153946899
"6. ridge (sans AR)","Construction",2016-06-30,4,1.01235330056235,10000,0.00832019878191968,2016-03-31,-0.00501930687227414
"6. ridge (sans AR)","Construction",2016-09-30,4,1.01235300428251,10000,0.00774358354493475,2016-06-30,-0.00562759321653061
"6. ridge (sans AR)","Construction",2016-12-31,4,1.01235380396375,10000,0.00717573033411346,2016-09-30,-0.0052620417260254
"6. ridge (sans AR)","Construction",2017-03-31,4,1.0123547205037,10000,0.00680807051554167,2016-12-31,0.0132064022878779
"6. ridge (sans AR)","Construction",2017-06-30,4,1.01235332714589,10000,0.0068487195405781,2017-03-31,0.000867405836450175
"6. ridge (sans AR)","Construction",2017-09-30,4,1.01235370606907,10000,0.00633604388686699,2017-06-30,0.017936616006887
"6. ridge (sans AR)","Construction",2017-12-31,4,1.01235317261973,10000,0.00666050597114917,2017-09-30,-0.00784029652175278
"6. ridge (sans AR)","Construction",2018-03-31,4,1.01235327840425,10000,0.00620698742212415,2017-12-31,0.026272471549829
"6. ridge (sans AR)","Construction",2018-06-30,4,1.012352944812,10000,0.00705607280700682,2018-03-31,0.00736116363280281
"6. ridge (sans AR)","Construction",2018-09-30,4,1.01235482865599,10000,0.00698552021811063,2018-06-30,-0.0192666965708348
"6. ridge (sans AR)","Construction",2018-12-31,4,1.0123535685554,10000,0.00631630813984105,2018-09-30,-0.0524286380169254
"6. ridge (sans AR)","Construction",2019-03-31,4,1.0123538047094,10000,0.00429994323490694,2018-12-31,0.0166559720067418
"6. ridge (sans AR)","Construction",2019-06-30,4,1.01235322451032,10000,0.00399903167068803,2019-03-31,0.0481920910731386
"6. ridge (sans AR)","Construction",2019-09-30,4,1.01235055764722,10000,0.00543432257112967,2019-06-30,0.0125910845192418
"6. ridge (sans AR)","Construction",2019-12-31,4,1.01234927851404,10000,0.00550383356792997,2019-09-30,-0.0273069523615579
"6. ridge (sans AR)","Construction",2020-03-31,4,1.01234813358618,10000,0.00434608160218901,2019-12-31,0.000213553084455143
"6. ridge (sans AR)","Construction",2020-06-30,4,1.01235463414119,10000,0.00408297281392267,2020-03-31,-0.102776372819593
"6. ridge (sans AR)","Construction",2020-09-30,4,1.01235428588743,10000,0.000883986961947658,2020-06-30,0.0356201479127147
"6. ridge (sans AR)","Construction",2020-12-31,4,1.01235312039343,10000,0.00199024346275829,2020-09-30,0.072642691639901
"6. ridge (sans AR)","Construction",2021-03-31,4,1.01235298613829,10000,0.00398514460875702,2020-12-31,-0.00494022963371066
"6. ridge (sans AR)","Construction",2021-06-30,4,1.01235313662004,10000,0.00403352049829254,2021-03-31,-0.00250132109599832
"6. ridge (sans AR)","Construction",2021-09-30,4,1.01235258334708,10000,0.00371885828671983,2021-06-30,0.0107028535882208
"6. ridge (sans AR)","Construction",2021-12-31,4,1.1938100938578,602.089449333612,0.00375735681719945,2021-09-30,0.00772099252970015
"6. ridge (sans AR)","Construction",2022-03-31,4,1.75911061091914,126.38482029343,0.00184110706583086,2021-12-31,-0.026866287683136
"6. ridge (sans AR)","Construction",2022-06-30,4,2.44651197547572,49.5353520895917,-0.00070500531947114,2022-03-31,-0.0038148328637746
"6. ridge (sans AR)","Construction",2022-09-30,4,2.45168283384422,49.5353520895917,0.00040397558329857,2022-06-30,-0.0309753266623467
"6. ridge (sans AR)","Construction",2022-12-31,3,1.00926533269123,10000,0.00107592488410452,2022-09-30,-0.0138810252956052
"6. ridge (sans AR)","Construction",2023-03-31,3,1.00926414052847,10000,0.00123844739103068,2022-12-31,0.0264176726138974
"6. ridge (sans AR)","Construction",2023-06-30,3,1.00926212124032,10000,0.00220857436841192,2023-03-31,0.00252741405244095
"6. ridge (sans AR)","Construction",2023-09-30,3,1.0092618998555,10000,0.00166900227854772,2023-06-30,0.00248876146185317
"6. ridge (sans AR)","Construction",2023-12-31,3,1.00926139498518,10000,0.00133585025589978,2023-09-30,0.00486264809430104
"6. ridge (sans AR)","Construction",2024-03-31,3,1.00926152867483,10000,0.00051323749473231,2023-12-31,0.0243786805323758
"6. ridge (sans AR)","Construction",2024-06-30,3,1.0092614778628,10000,0.000685304104919222,2024-03-31,0.0131434129712957
"6. ridge (sans AR)","Construction",2024-09-30,3,1.00926134420131,10000,0.00126931797432137,2024-06-30,0.0334036782533733
"6. ridge (sans AR)","Construction",2024-12-31,3,1.00926144730196,10000,0.00247929990548084,2024-09-30,0.00587796447580935
"6. ridge (sans AR)","Construction",2025-03-31,3,1.00926282549848,10000,0.00282532397870019,2024-12-31,0.0164348782556303
"6. ridge (sans AR)","Construction",2025-06-30,3,1.00926346511882,10000,0.00289313166948638,2025-03-31,0.0173260458459641
"6. ridge (sans AR)","Construction",2025-09-30,3,1.00926376385666,10000,0.00344564641918,2025-06-30,0.0230301767543057
"6. ridge (sans AR)","Construction",2025-12-31,3,1.00926374673453,10000,0.00359345855005157,2025-09-30,-0.000376710311417838
"6. ridge (sans AR)","Construction",2026-03-31,3,1.00926395472436,10000,0.00382860909583457,2025-12-31,-0.0250954841631064
"6. ridge (sans AR)","Commerce",2014-06-30,3,3.82117167877415,0.131414736261176,0.0133405879099467,2014-03-31,0.00951978546845211
"6. ridge (sans AR)","Commerce",2014-09-30,3,3.82881147675581,0.131414736261176,0.0066860728087774,2014-06-30,-0.0115603603846139
"6. ridge (sans AR)","Commerce",2014-12-31,3,3.83281599568074,0.131414736261176,0.0109898565994795,2014-09-30,-0.0494865182085977
"6. ridge (sans AR)","Commerce",2015-03-31,3,3.78774456924087,0.179571449437164,-0.00180472422206889,2014-12-31,0.0315083401930245
"6. ridge (sans AR)","Commerce",2015-06-30,3,3.72997679116972,0.245375110663982,-0.0108202344014004,2015-03-31,0.0159370922398132
"6. ridge (sans AR)","Commerce",2015-09-30,3,3.63456622427344,0.335292414924956,0.0114432354567153,2015-06-30,-0.0019131817420277
"6. ridge (sans AR)","Commerce",2015-12-31,3,3.46547907608794,0.626051657201482,-0.0255296588239954,2015-09-30,0.00735412998310103
"6. ridge (sans AR)","Commerce",2016-03-31,3,2.63154124999508,10.3979841848149,0.00821753581391631,2015-12-31,-0.0158055279342868
"6. ridge (sans AR)","Commerce",2016-06-30,3,2.21745189751216,26.5294846443189,0.000698945728890483,2016-03-31,0.0133516373977667
"6. ridge (sans AR)","Commerce",2016-09-30,3,2.07612710711668,36.2511704998854,-0.000523263028030234,2016-06-30,0.0267524972525734
"6. ridge (sans AR)","Commerce",2016-12-31,3,1.00924852274434,10000,0.00207548472703715,2016-09-30,0.0309847865136277
"6. ridge (sans AR)","Commerce",2017-03-31,3,3.7799811810867,0.245375110663982,0.0143986638367767,2016-12-31,0.00917546195855401
"6. ridge (sans AR)","Commerce",2017-06-30,3,1.00924886406532,10000,0.00543093324724075,2017-03-31,-0.00349218376741867
"6. ridge (sans AR)","Commerce",2017-09-30,3,1.0092478284213,10000,0.00504473220517485,2017-06-30,-0.0111426180419461
"6. ridge (sans AR)","Commerce",2017-12-31,3,1.0092479118015,10000,0.00369154823140171,2017-09-30,0.0160473615406325
"6. ridge (sans AR)","Commerce",2018-03-31,15,7.02404382694446,19.4149194574388,0.00305306243652904,2017-12-31,-0.0230462931639384
"6. ridge (sans AR)","Commerce",2018-06-30,17,4.13462936276519,92.4914727721734,0.00830097945096521,2018-03-31,0.00870212621648037
"6. ridge (sans AR)","Commerce",2018-09-30,17,4.13853325668058,92.4914727721734,0.00179558705109529,2018-06-30,0.00962442845128741
"6. ridge (sans AR)","Commerce",2018-12-31,17,4.11740279106066,92.4914727721734,0.000988625558978749,2018-09-30,0.0165859648209938
"6. ridge (sans AR)","Commerce",2019-03-31,17,4.90313148194467,67.6875000945853,0.00200923618187601,2018-12-31,-0.0198319410856413
"6. ridge (sans AR)","Commerce",2019-06-30,17,5.11802876166454,67.6875000945853,0.00986896277171113,2019-03-31,0.0339504681612155
"6. ridge (sans AR)","Commerce",2019-09-30,17,5.15654486289463,67.6875000945853,0.00393379853139416,2019-06-30,-0.00535962123528755
"6. ridge (sans AR)","Commerce",2019-12-31,17,5.13046445760216,67.6875000945853,-0.0101980859797633,2019-09-30,-0.0070521019456713
"6. ridge (sans AR)","Commerce",2020-03-31,15,4.67145852699477,67.6875000945853,0.00237908073913823,2019-12-31,-0.0169610578868529
"6. ridge (sans AR)","Commerce",2020-06-30,15,5.36354013087205,49.5353520895917,-0.00486926035539098,2020-03-31,-0.150671734390357
"6. ridge (sans AR)","Commerce",2020-09-30,15,9.47474893152285,10.3979841848149,-0.0172871169894218,2020-06-30,0.108126994394249
"6. ridge (sans AR)","Commerce",2020-12-31,15,7.13813183247924,26.5294846443189,-0.00598655525189805,2020-09-30,0.020045836468638
"6. ridge (sans AR)","Commerce",2021-03-31,15,7.14288441706879,26.5294846443189,0.033825750654905,2020-12-31,0.0273111173838672
"6. ridge (sans AR)","Commerce",2021-06-30,15,8.70855542764173,14.2083083253392,0.0111066041068003,2021-03-31,0.00987582878233084
"6. ridge (sans AR)","Commerce",2021-09-30,15,8.61437488686722,14.2083083253392,0.0260312401599635,2021-06-30,0.0199199534821144
"6. ridge (sans AR)","Commerce",2021-12-31,15,8.47723525994146,14.2083083253392,0.0473051452673209,2021-09-30,0.0158034521479156
"6. ridge (sans AR)","Commerce",2022-03-31,15,8.51006247674121,14.2083083253392,0.048345610174021,2021-12-31,-0.0348034749137724
"6. ridge (sans AR)","Commerce",2022-06-30,15,8.12372313007669,14.2083083253392,0.0252177827582908,2022-03-31,0.007272295596783
"6. ridge (sans AR)","Commerce",2022-09-30,15,7.79092153642358,14.2083083253392,-0.0178117803052223,2022-06-30,-0.00708032889736465
"6. ridge (sans AR)","Commerce",2022-12-31,15,8.58365135812893,10.3979841848149,0.00819452546316705,2022-09-30,0.0110248570649674
"6. ridge (sans AR)","Commerce",2023-03-31,15,7.89017145268095,14.2083083253392,0.015306338582106,2022-12-31,0.0160767305589786
"6. ridge (sans AR)","Commerce",2023-06-30,15,8.61033254397086,10.3979841848149,0.0416888151782123,2023-03-31,0.00646517716538497
"6. ridge (sans AR)","Commerce",2023-09-30,15,8.67166495928221,10.3979841848149,0.0123384649901929,2023-06-30,0.00237756549880963
"6. ridge (sans AR)","Commerce",2023-12-31,15,8.72176608942816,10.3979841848149,0.0204402997309999,2023-09-30,0.00844315463132972
"6. ridge (sans AR)","Commerce",2024-03-31,15,8.72703528276058,10.3979841848149,0.0142021859399844,2023-12-31,0.0184637520602795
"6. ridge (sans AR)","Commerce",2024-06-30,15,8.79322530184263,10.3979841848149,-0.00660763950537028,2024-03-31,0.000290896215341618
"6. ridge (sans AR)","Commerce",2024-09-30,15,8.87725910553236,10.3979841848149,-0.00276455460414563,2024-06-30,0.0154439711545749
"6. ridge (sans AR)","Commerce",2024-12-31,3,3.72702588306968,0.458159766905449,0.0224311126147439,2024-09-30,0.00571468262867647
"6. ridge (sans AR)","Commerce",2025-03-31,3,3.7210792699198,0.458159766905449,0.00932161172640972,2024-12-31,0.0248772545888567
"6. ridge (sans AR)","Commerce",2025-06-30,3,3.64023675689539,0.626051657201482,-0.0022576364193608,2025-03-31,0.00124917416875725
"6. ridge (sans AR)","Commerce",2025-09-30,3,3.66294080303238,0.626051657201482,0.0257701902829753,2025-06-30,0.00388237799968039
"6. ridge (sans AR)","Commerce",2025-12-31,3,3.5832092333222,0.855467253556568,-0.00768510128974218,2025-09-30,0.00474667366104242
"6. ridge (sans AR)","Commerce",2026-03-31,3,3.62103009013382,0.626051657201482,-0.0171069805569374,2025-12-31,0.030304457095939
"6. ridge (sans AR)","Transports",2014-06-30,3,1.00836266782026,10000,0.00765109587864732,2014-03-31,0.028015303409596
"6. ridge (sans AR)","Transports",2014-09-30,3,1.00866002182496,10000,0.00836216354179722,2014-06-30,-0.00329148743112206
"6. ridge (sans AR)","Transports",2014-12-31,3,1.00895720925533,10000,0.00797308137403716,2014-09-30,0.00554226208478248
"6. ridge (sans AR)","Transports",2015-03-31,3,1.00925430407185,10000,0.00792412583925808,2014-12-31,0.0274647989726873
"6. ridge (sans AR)","Transports",2015-06-30,3,1.00925439319984,10000,0.00932551837559763,2015-03-31,0.0238870417103634
"6. ridge (sans AR)","Transports",2015-09-30,3,1.00925331804724,10000,0.00943692342973581,2015-06-30,-0.000400525138307017
"6. ridge (sans AR)","Transports",2015-12-31,3,1.00925364555075,10000,0.00889193473111653,2015-09-30,0.0136274565391865
"6. ridge (sans AR)","Transports",2016-03-31,3,1.00925323212396,10000,0.0088837238484747,2015-12-31,-0.00224188236103728
"6. ridge (sans AR)","Transports",2016-06-30,3,1.00925337594762,10000,0.00740750968881942,2016-03-31,-0.0304162214184824
"6. ridge (sans AR)","Transports",2016-09-30,3,1.00925400397046,10000,0.00848856375542336,2016-06-30,0.0405851512318183
"6. ridge (sans AR)","Transports",2016-12-31,3,1.0092544239732,10000,0.00920278387279365,2016-09-30,-0.000806231998783602
"6. ridge (sans AR)","Transports",2017-03-31,3,1.00925515296289,10000,0.0108704763747607,2016-12-31,0.00525061131594917
"6. ridge (sans AR)","Transports",2017-06-30,3,1.00925515824573,10000,0.0103558446267414,2017-03-31,-0.00885390403460029
"6. ridge (sans AR)","Transports",2017-09-30,3,1.00925567612008,10000,0.00898983337789139,2017-06-30,0.00323264375167831
"6. ridge (sans AR)","Transports",2017-12-31,3,1.00925586271618,10000,0.00876018672588596,2017-09-30,0.00270040887982859
"6. ridge (sans AR)","Transports",2018-03-31,3,1.00925586013657,10000,0.00623039984965452,2017-12-31,-0.00771766276284147
"6. ridge (sans AR)","Transports",2018-06-30,4,1.01234369198292,10000,0.00784284030991876,2018-03-31,0.0381116237789918
"6. ridge (sans AR)","Transports",2018-09-30,4,1.01234200829755,10000,0.00841350569089841,2018-06-30,-0.0562132165992164
"6. ridge (sans AR)","Transports",2018-12-31,4,1.01234148539697,10000,0.00625708864602027,2018-09-30,0.0024741177684291
"6. ridge (sans AR)","Transports",2019-03-31,4,1.01234160845289,10000,0.00566354067945464,2018-12-31,0.0567198839409837
"6. ridge (sans AR)","Transports",2019-06-30,4,1.01234155889728,10000,0.00670268078568504,2019-03-31,0.100742314764428
"6. ridge (sans AR)","Transports",2019-09-30,4,1.01234087615453,10000,0.00948450597206384,2019-06-30,-0.105961891018188
"6. ridge (sans AR)","Transports",2019-12-31,4,1.01234092343201,10000,0.00577182230680046,2019-09-30,-0.0390667942682299
"6. ridge (sans AR)","Transports",2020-03-31,4,1.0123407936876,10000,0.00419528727602634,2019-12-31,-0.0126004908496
"6. ridge (sans AR)","Transports",2020-06-30,4,1.01234090696127,10000,0.0030367807900206,2020-03-31,-0.501094849125378
"6. ridge (sans AR)","Transports",2020-09-30,4,1.01234090009698,10000,-0.0123221541112053,2020-06-30,0.125969152849114
"6. ridge (sans AR)","Transports",2020-12-31,4,1.0123411574614,10000,-0.00831783928222198,2020-09-30,0.122566805849722
"6. ridge (sans AR)","Transports",2021-03-31,4,1.0123406090303,10000,-0.00471778151355019,2020-12-31,0.0562033294168316
"6. ridge (sans AR)","Transports",2021-06-30,4,1.01234153338471,10000,-0.00293434355870656,2021-03-31,0.000731330783699136
"6. ridge (sans AR)","Transports",2021-09-30,4,1.01234203028514,10000,-0.00299642921691696,2021-06-30,0.0731279057345535
"6. ridge (sans AR)","Transports",2021-12-31,4,1.012343236017,10000,-0.00117560735971218,2021-09-30,-0.0243022849728511
"6. ridge (sans AR)","Transports",2022-03-31,4,1.01234325291314,10000,-0.00183811486854777,2021-12-31,-0.0184384391565189
"6. ridge (sans AR)","Transports",2022-06-30,4,1.01234328998539,10000,-0.00262296539666251,2022-03-31,0.0331947459481938
"6. ridge (sans AR)","Transports",2022-09-30,4,1.01234347947127,10000,-0.00244454364650137,2022-06-30,0.0296892895055922
"6. ridge (sans AR)","Transports",2022-12-31,4,1.01234384775095,10000,-0.00145283103288652,2022-09-30,-0.00518075012109698
"6. ridge (sans AR)","Transports",2023-03-31,4,1.01234371750583,10000,-0.00180377166597951,2022-12-31,0.0341097935940446
"6. ridge (sans AR)","Transports",2023-06-30,3,1.00925568082405,10000,-0.00154672808112468,2023-03-31,0.0106539923050857
"6. ridge (sans AR)","Transports",2023-09-30,3,1.00925626713686,10000,-0.00199607261869774,2023-06-30,0.00294728832205848
"6. ridge (sans AR)","Transports",2023-12-31,3,1.00925618567871,10000,-0.00188887792177006,2023-09-30,0.0143046496502013
"6. ridge (sans AR)","Transports",2024-03-31,3,1.00925613088323,10000,-0.00188580475478548,2023-12-31,0.0448609908773161
"6. ridge (sans AR)","Transports",2024-06-30,3,1.00925615957998,10000,-0.000417145114248479,2024-03-31,0.0233315106872372
"6. ridge (sans AR)","Transports",2024-09-30,3,1.00925656974588,10000,0.00139307042954371,2024-06-30,-0.000696765512168795
"6. ridge (sans AR)","Transports",2024-12-31,3,1.00925599054197,10000,-3.91984138672757e-05,2024-09-30,0.0179385719466758
"6. ridge (sans AR)","Transports",2025-03-31,3,1.00925596715786,10000,0.000554429606685582,2024-12-31,-2.13944930589349e-05
"6. ridge (sans AR)","Transports",2025-06-30,3,1.00925592535858,10000,0.000377665770387454,2025-03-31,0.0262253345690056
"6. ridge (sans AR)","Transports",2025-09-30,3,1.00925468188033,10000,0.0014989557672827,2025-06-30,-0.00840283920981122
"6. ridge (sans AR)","Transports",2025-12-31,3,1.00925573275962,10000,0.00126083899450781,2025-09-30,0.0256348485772033
"6. ridge (sans AR)","Transports",2026-03-31,3,1.00925635881118,10000,0.0016856358605523,2025-12-31,0.00343555107293625
"6. ridge (sans AR)","Hébergement-restauration",2014-06-30,3,1.00836509835251,10000,0.00634305788072046,2014-03-31,0.0579051413275486
"6. ridge (sans AR)","Hébergement-restauration",2014-09-30,3,1.00866258303521,10000,0.00806656040633316,2014-06-30,-0.100719732558025
"6. ridge (sans AR)","Hébergement-restauration",2014-12-31,3,1.00896059628208,10000,0.00455396970575594,2014-09-30,0.0187926552611444
"6. ridge (sans AR)","Hébergement-restauration",2015-03-31,3,1.00925795578488,10000,0.00500041891867203,2014-12-31,0.0127819913735721
"6. ridge (sans AR)","Hébergement-restauration",2015-06-30,3,3.67005458902622,1.59731228006026,0.00549580284616817,2015-03-31,0.0151974154132208
"6. ridge (sans AR)","Hébergement-restauration",2015-09-30,3,3.85033074230509,0.458159766905449,0.00259199258451255,2015-06-30,-0.0394942050942486
"6. ridge (sans AR)","Hébergement-restauration",2015-12-31,3,3.85092925316576,0.458159766905449,0.0142345914604044,2015-09-30,0.0175488642456987
"6. ridge (sans AR)","Hébergement-restauration",2016-03-31,3,3.88891987625901,0.335292414924956,-0.0146984859914279,2015-12-31,0.00665704009847978
"6. ridge (sans AR)","Hébergement-restauration",2016-06-30,7,6.58989495433178,0.855467253556568,0.0240093502885675,2016-03-31,-0.00832824764845164
"6. ridge (sans AR)","Hébergement-restauration",2016-09-30,7,1.02154954343517,10000,0.00463718338819806,2016-06-30,0.0560471819745558
"6. ridge (sans AR)","Hébergement-restauration",2016-12-31,7,1.02155186813902,10000,0.00629078047687775,2016-09-30,0.0195963775895027
"6. ridge (sans AR)","Hébergement-restauration",2017-03-31,7,1.02155335487291,10000,0.00651538037765794,2016-12-31,0.0277996430464089
"6. ridge (sans AR)","Hébergement-restauration",2017-06-30,7,1.02155062403829,10000,0.00806806801028938,2017-03-31,0.0278215922434324
"6. ridge (sans AR)","Hébergement-restauration",2017-09-30,7,6.27062717300059,1.59731228006026,-0.00828557588046822,2017-06-30,0.0102951493030083
"6. ridge (sans AR)","Hébergement-restauration",2017-12-31,7,6.40606341505518,0.855467253556568,0.0600552557017031,2017-09-30,0.0188149524720291
"6. ridge (sans AR)","Hébergement-restauration",2018-03-31,7,1.02154134094785,10000,0.00865995295082833,2017-12-31,0.0248370780464207
"6. ridge (sans AR)","Hébergement-restauration",2018-06-30,7,1.02154077616793,10000,0.00865967947633571,2018-03-31,0.0148534421343882
"6. ridge (sans AR)","Hébergement-restauration",2018-09-30,7,1.02154171029695,10000,0.0082462345745745,2018-06-30,-0.0200453834008396
"6. ridge (sans AR)","Hébergement-restauration",2018-12-31,7,1.02153608209439,10000,0.00742912456404622,2018-09-30,0.0330719091401885
"6. ridge (sans AR)","Hébergement-restauration",2019-03-31,7,5.90508613318914,1.59731228006026,-0.00203730129522435,2018-12-31,0.0107181372644138
"6. ridge (sans AR)","Hébergement-restauration",2019-06-30,7,5.70672442078824,2.18264472839749,0.0104511325595969,2019-03-31,0.0402913731091044
"6. ridge (sans AR)","Hébergement-restauration",2019-09-30,7,5.01271089879749,5.56881399094527,0.00674955285873496,2019-06-30,-0.0688778865997968
"6. ridge (sans AR)","Hébergement-restauration",2019-12-31,7,4.17849276175669,14.2083083253392,0.0131305139254626,2019-09-30,0.0396077656015432
"6. ridge (sans AR)","Hébergement-restauration",2020-03-31,7,4.19154069365424,14.2083083253392,-0.00837991651449504,2019-12-31,-0.329368517252892
"6. ridge (sans AR)","Hébergement-restauration",2020-06-30,7,4.7851195386075,7.60949668545988,-1.46158552643376,2020-03-31,-0.857041072981717
"6. ridge (sans AR)","Hébergement-restauration",2020-09-30,7,5.84070043003526,1.16895181649858,0.417323156820433,2020-06-30,0.152814674284517
"6. ridge (sans AR)","Hébergement-restauration",2020-12-31,7,6.86281610472325,0.179571449437164,0.231834807139954,2020-09-30,0.184991785349833
"6. ridge (sans AR)","Hébergement-restauration",2021-03-31,7,6.8343910320569,0.245375110663982,-0.088049814084747,2020-12-31,0.108593379555545
"6. ridge (sans AR)","Hébergement-restauration",2021-06-30,5,5.60196512158522,1.16895181649858,-0.0590894569614931,2021-03-31,0.0325203058080987
"6. ridge (sans AR)","Hébergement-restauration",2021-09-30,5,5.61350882222154,1.16895181649858,0.05048319682211,2021-06-30,0.0912570059284388
"6. ridge (sans AR)","Hébergement-restauration",2021-12-31,5,5.59825828861165,1.16895181649858,-0.111382934000607,2021-09-30,0.0662513211980329
"6. ridge (sans AR)","Hébergement-restauration",2022-03-31,5,5.61168068365277,1.16895181649858,-0.0217620906967575,2021-12-31,0.172069210996341
"6. ridge (sans AR)","Hébergement-restauration",2022-06-30,5,5.51183152810344,1.59731228006026,0.120539730838105,2022-03-31,0.185682194782517
"6. ridge (sans AR)","Hébergement-restauration",2022-09-30,5,5.50872493378668,1.59731228006026,0.0480724830679161,2022-06-30,0.172534150339882
"6. ridge (sans AR)","Hébergement-restauration",2022-12-31,5,5.32135107006274,2.18264472839749,-0.046283435194276,2022-09-30,0.0347188375472669
"6. ridge (sans AR)","Hébergement-restauration",2023-03-31,5,5.32841404918443,2.18264472839749,0.0189069575549131,2022-12-31,0.0350713189035368
"6. ridge (sans AR)","Hébergement-restauration",2023-06-30,5,5.33432391704346,2.18264472839749,0.0338787091436489,2023-03-31,0.0285381802766143
"6. ridge (sans AR)","Hébergement-restauration",2023-09-30,5,5.33671133900873,2.18264472839749,0.0682802123488281,2023-06-30,0.0131680998376478
"6. ridge (sans AR)","Hébergement-restauration",2023-12-31,5,5.33472135100628,2.18264472839749,-0.00861780662341204,2023-09-30,0.00454308251082303
"6. ridge (sans AR)","Hébergement-restauration",2024-03-31,5,5.34937776016743,2.18264472839749,0.0221094511822636,2023-12-31,-0.0256302512562794
"6. ridge (sans AR)","Hébergement-restauration",2024-06-30,5,5.33360307211793,2.18264472839749,0.0244219045693038,2024-03-31,0.0863211664480215
"6. ridge (sans AR)","Hébergement-restauration",2024-09-30,5,5.33032012883825,2.18264472839749,0.0886493729614787,2024-06-30,0.0395958337321503
"6. ridge (sans AR)","Hébergement-restauration",2024-12-31,5,5.32598096587992,2.18264472839749,0.0345720213345932,2024-09-30,0.0126078965454273
"6. ridge (sans AR)","Hébergement-restauration",2025-03-31,5,5.44633905323714,1.59731228006026,0.0140848562221685,2024-12-31,-0.0551888649837782
"6. ridge (sans AR)","Hébergement-restauration",2025-06-30,5,5.44210248600532,1.59731228006026,0.0337336409639885,2025-03-31,0.0935791648916222
"6. ridge (sans AR)","Hébergement-restauration",2025-09-30,5,5.44607115536849,1.59731228006026,0.0563086877552214,2025-06-30,0.0109571254893179
"6. ridge (sans AR)","Hébergement-restauration",2025-12-31,5,5.56235612742533,1.16895181649858,-0.0997768103525405,2025-09-30,-0.0117140608570061
"6. ridge (sans AR)","Hébergement-restauration",2026-03-31,4,4.39171391820237,2.18264472839749,0.000644154706580642,2025-12-31,-0.0149369838672992
"6. ridge (sans AR)","Information-communication",2014-06-30,13,1.0399203678596,10000,0.0195654222519399,2014-03-31,0.0185608138362312
"6. ridge (sans AR)","Information-communication",2014-09-30,13,1.03990921237774,10000,0.0195982168039826,2014-06-30,0.031275663358036
"6. ridge (sans AR)","Information-communication",2014-12-31,13,1.03992321187429,10000,0.0198724137764379,2014-09-30,0.038634291236642
"6. ridge (sans AR)","Information-communication",2015-03-31,13,1.03991648760487,10000,0.0205557241705626,2014-12-31,0.00404829052809141
"6. ridge (sans AR)","Information-communication",2015-06-30,13,1.0399093969449,10000,0.0201436559412007,2015-03-31,-0.0211948620280431
"6. ridge (sans AR)","Information-communication",2015-09-30,13,1.03992381884573,10000,0.0182825837738414,2015-06-30,-0.0255461304946749
"6. ridge (sans AR)","Information-communication",2015-12-31,13,1.03994631613292,10000,0.0163767880548498,2015-09-30,-0.0117556566679973
"6. ridge (sans AR)","Information-communication",2016-03-31,14,1.04297720952191,10000,0.0156719144921252,2015-12-31,0.0441187349800902
"6. ridge (sans AR)","Information-communication",2016-06-30,14,1.0429480310508,10000,0.0163120838747866,2016-03-31,0.0324311797721624
"6. ridge (sans AR)","Information-communication",2016-09-30,15,1.0459213636997,10000,0.0170757704922091,2016-06-30,0.0156993215704908
"6. ridge (sans AR)","Information-communication",2016-12-31,16,1.04898257808057,10000,0.018713653228462,2016-09-30,0.0119540679681371
"6. ridge (sans AR)","Information-communication",2017-03-31,16,1.04896378139891,10000,0.0172657745670166,2016-12-31,-0.074924310117952
"6. ridge (sans AR)","Information-communication",2017-06-30,16,1.04897572760425,10000,0.0132563433318103,2017-03-31,0.0264960645184544
"6. ridge (sans AR)","Information-communication",2017-09-30,16,1.04896741868665,10000,0.0144234294018718,2017-06-30,0.0150230359818178
"6. ridge (sans AR)","Information-communication",2017-12-31,16,1.0490043608295,10000,0.0154656582203764,2017-09-30,0.00966388766132553
"6. ridge (sans AR)","Information-communication",2018-03-31,16,1.04898527717247,10000,0.0161309023726386,2017-12-31,-0.010365531714644
"6. ridge (sans AR)","Information-communication",2018-06-30,16,1.04901635631268,10000,0.0152044665846228,2018-03-31,0.0250131048881688
"6. ridge (sans AR)","Information-communication",2018-09-30,16,2.16667536834045,322.45905452964,0.00889092121630259,2018-06-30,0.00871941409985943
"6. ridge (sans AR)","Information-communication",2018-12-31,18,1.05513601730828,10000,0.0139482341341048,2018-09-30,0.0017418043179287
"6. ridge (sans AR)","Information-communication",2019-03-31,19,1.05814723447294,10000,0.0132495467807442,2018-12-31,0.000840591265317769
"6. ridge (sans AR)","Information-communication",2019-06-30,21,1.0641737846962,10000,0.0105680837318047,2019-03-31,0.00593404498862071
"6. ridge (sans AR)","Information-communication",2019-09-30,21,1.06418773649547,10000,0.0104682925350891,2019-06-30,0.0095827091317755
"6. ridge (sans AR)","Information-communication",2019-12-31,21,1.29285526832683,2099.10372010855,0.0135053170603522,2019-09-30,0.0110725639758531
"6. ridge (sans AR)","Information-communication",2020-03-31,21,3.32527969659863,172.698329065944,0.0131188988321223,2019-12-31,0.0419599960536452
"6. ridge (sans AR)","Information-communication",2020-06-30,21,1.06426942708581,10000,0.00866814705543072,2020-03-31,-0.0210436716728193
"6. ridge (sans AR)","Information-communication",2020-09-30,21,1.06427420932684,10000,0.00727844055183319,2020-06-30,-0.00204975173975619
"6. ridge (sans AR)","Information-communication",2020-12-31,21,1.06428837483425,10000,0.00623611150615726,2020-09-30,0.0411703029645043
"6. ridge (sans AR)","Information-communication",2021-03-31,21,1.06427264459263,10000,0.00719479060859705,2020-12-31,-0.0536933298258049
"6. ridge (sans AR)","Information-communication",2021-06-30,21,1.06423982046087,10000,0.00607270349437496,2021-03-31,0.00186143113149839
"6. ridge (sans AR)","Information-communication",2021-09-30,21,1.06424018851987,10000,0.00591287213954611,2021-06-30,0.00942302584054922
"6. ridge (sans AR)","Information-communication",2021-12-31,21,1.06423536257327,10000,0.00571128977912439,2021-09-30,0.0317145043040412
"6. ridge (sans AR)","Information-communication",2022-03-31,21,1.06422507994495,10000,0.00621306618517213,2021-12-31,0.00597454514787366
"6. ridge (sans AR)","Information-communication",2022-06-30,21,1.064231170302,10000,0.00695837236595366,2022-03-31,0.00161153463684727
"6. ridge (sans AR)","Information-communication",2022-09-30,21,1.06423282200674,10000,0.00640127344575337,2022-06-30,0.0112829099708271
"6. ridge (sans AR)","Information-communication",2022-12-31,21,1.06422338262286,10000,0.00585893725251916,2022-09-30,-0.0182958711637902
"6. ridge (sans AR)","Information-communication",2023-03-31,21,1.06421175532446,10000,0.00398643483419525,2022-12-31,0.0550902776591649
"6. ridge (sans AR)","Information-communication",2023-06-30,21,1.06420439996079,10000,0.00567174152532715,2023-03-31,0.0108067356801964
"6. ridge (sans AR)","Information-communication",2023-09-30,21,1.06417359771745,10000,0.00665257095085049,2023-06-30,-0.00473773465213512
"6. ridge (sans AR)","Information-communication",2023-12-31,21,1.06412764219653,10000,0.00729507093182641,2023-09-30,-0.000895282531592656
"6. ridge (sans AR)","Information-communication",2024-03-31,21,1.06411589322747,10000,0.00761389702553482,2023-12-31,0.026793324234438
"6. ridge (sans AR)","Information-communication",2024-06-30,21,1.06410857626369,10000,0.00717975324360158,2024-03-31,0.001257668725545
"6. ridge (sans AR)","Information-communication",2024-09-30,21,1.064086365982,10000,0.00621543977044672,2024-06-30,-0.00629426164916325
"6. ridge (sans AR)","Information-communication",2024-12-31,21,1.064061566054,10000,0.00546059482757058,2024-09-30,0.0171119883477697
"6. ridge (sans AR)","Information-communication",2025-03-31,21,1.06401990158047,10000,0.00565442587047409,2024-12-31,-0.0293164263615733
"6. ridge (sans AR)","Information-communication",2025-06-30,12,1.03683782836936,10000,0.00713480074307302,2025-03-31,0.0212659373554622
"6. ridge (sans AR)","Information-communication",2025-09-30,12,1.03686645787297,10000,0.00683384549892726,2025-06-30,-0.0160974475343618
"6. ridge (sans AR)","Information-communication",2025-12-31,12,1.0368629190375,10000,0.00582629446916136,2025-09-30,0.0239716974815245
"6. ridge (sans AR)","Information-communication",2026-03-31,12,1.03687174973558,10000,0.00630528600912359,2025-12-31,-0.00933597860249158
"6. ridge (sans AR)","Finances et assurances",2014-06-30,20,5.36640473611825,67.6875000945853,0.0124132827602667,2014-03-31,0.00979204446059612
"6. ridge (sans AR)","Finances et assurances",2014-09-30,20,6.09082214337698,49.5353520895917,0.00879369599198889,2014-06-30,0.0108712876306072
"6. ridge (sans AR)","Finances et assurances",2014-12-31,20,6.13055349383451,49.5353520895917,0.0133507847655537,2014-09-30,0.00817212302553116
"6. ridge (sans AR)","Finances et assurances",2015-03-31,23,5.18409459363387,92.4914727721734,0.0104791014939105,2014-12-31,0.0025733872860485
"6. ridge (sans AR)","Finances et assurances",2015-06-30,23,8.90567791796923,26.5294846443189,0.0220203573700229,2015-03-31,-0.000283635140750249
"6. ridge (sans AR)","Finances et assurances",2015-09-30,23,7.95813154758022,36.2511704998854,0.00966609579465874,2015-06-30,0.00555168992811517
"6. ridge (sans AR)","Finances et assurances",2015-12-31,23,7.93885115617539,36.2511704998854,0.0110227295838452,2015-09-30,0.0216448096360278
"6. ridge (sans AR)","Finances et assurances",2016-03-31,23,10.068042406491,19.4149194574388,-0.00712059598560084,2015-12-31,0.0116644403276638
"6. ridge (sans AR)","Finances et assurances",2016-06-30,25,4.67675049269684,126.38482029343,0.01211409248325,2016-03-31,0.0132480316692885
"6. ridge (sans AR)","Finances et assurances",2016-09-30,25,8.31411019151234,36.2511704998854,0.00825538328617141,2016-06-30,0.0406230501366736
"6. ridge (sans AR)","Finances et assurances",2016-12-31,25,6.35117477725413,67.6875000945853,0.0118525779665175,2016-09-30,-0.0101673768515305
"6. ridge (sans AR)","Finances et assurances",2017-03-31,25,6.41338302023702,67.6875000945853,-0.00029749120842909,2016-12-31,0.00552692213443429
"6. ridge (sans AR)","Finances et assurances",2017-06-30,25,7.41143063863762,49.5353520895917,0.0235090103232392,2017-03-31,0.0236163865511507
"6. ridge (sans AR)","Finances et assurances",2017-09-30,25,8.38977935658255,36.2511704998854,0.0121617371990934,2017-06-30,-0.00152331413688955
"6. ridge (sans AR)","Finances et assurances",2017-12-31,25,7.40637829512763,49.5353520895917,-0.00039644631514405,2017-09-30,-0.00363516724733692
"6. ridge (sans AR)","Finances et assurances",2018-03-31,25,7.37422349880825,49.5353520895917,-0.00259868535603603,2017-12-31,0.0129764503213643
"6. ridge (sans AR)","Finances et assurances",2018-06-30,28,5.93198660525536,92.4914727721734,0.0140954551818963,2018-03-31,-0.00435156893570188
"6. ridge (sans AR)","Finances et assurances",2018-09-30,28,5.03527265960143,126.38482029343,0.0105792664311467,2018-06-30,0.00735193248656962
"6. ridge (sans AR)","Finances et assurances",2018-12-31,28,4.27273888668959,172.698329065944,0.00731597916119571,2018-09-30,0.0110438895944789
"6. ridge (sans AR)","Finances et assurances",2019-03-31,28,5.88885862358349,92.4914727721734,0.00689782791761125,2018-12-31,0.0315392522985256
"6. ridge (sans AR)","Finances et assurances",2019-06-30,28,4.25797469514739,172.698329065944,0.00925286676177827,2019-03-31,0.000435811706188005
"6. ridge (sans AR)","Finances et assurances",2019-09-30,28,2.58932958791747,440.623642777357,0.00929481862154439,2019-06-30,0.0130609593133908
"6. ridge (sans AR)","Finances et assurances",2019-12-31,28,2.59676338888197,440.623642777357,0.00890728826218718,2019-09-30,0.00825566078032658
"6. ridge (sans AR)","Finances et assurances",2020-03-31,28,1.92982520138769,822.724134170047,0.00699336617933148,2019-12-31,-0.0212114526144092
"6. ridge (sans AR)","Finances et assurances",2020-06-30,28,1.92666747833042,822.724134170047,0.00871737688842217,2020-03-31,0.0113083327777996
"6. ridge (sans AR)","Finances et assurances",2020-09-30,28,1.70049504657148,1124.21003506209,0.00678954449775648,2020-06-30,0.00678756570547989
"6. ridge (sans AR)","Finances et assurances",2020-12-31,28,2.22439825341465,602.089449333612,0.00663058423875831,2020-09-30,0.0114494849451461
"6. ridge (sans AR)","Finances et assurances",2021-03-31,28,2.22338423984424,602.089449333612,0.00589424916246055,2020-12-31,-0.00739307250548649
"6. ridge (sans AR)","Finances et assurances",2021-06-30,28,1.08583215184393,10000,0.00790938533535342,2021-03-31,0.0281576114642981
"6. ridge (sans AR)","Finances et assurances",2021-09-30,28,2.22580000836765,602.089449333612,0.00796316201920302,2021-06-30,0.00585438399346749
"6. ridge (sans AR)","Finances et assurances",2021-12-31,28,2.22586682245723,602.089449333612,0.00754248929567533,2021-09-30,0.016641170500078
"6. ridge (sans AR)","Finances et assurances",2022-03-31,28,1.9319107458242,822.724134170047,0.00843717850203093,2021-12-31,0.0414257987284206
"6. ridge (sans AR)","Finances et assurances",2022-06-30,28,3.59228950621626,235.983346678219,0.0128335142263516,2022-03-31,0.031410255383383
"6. ridge (sans AR)","Finances et assurances",2022-09-30,28,4.22642917601186,172.698329065944,0.0135700317287665,2022-06-30,0.0122236867003789
"6. ridge (sans AR)","Finances et assurances",2022-12-31,28,4.24978650070201,172.698329065944,0.00753106511503274,2022-09-30,0.00818990746985371
"6. ridge (sans AR)","Finances et assurances",2023-03-31,28,5.01458465220555,126.38482029343,0.00761195101722842,2022-12-31,0.0177076136496304
"6. ridge (sans AR)","Finances et assurances",2023-06-30,28,5.00526663515309,126.38482029343,0.0114481121275302,2023-03-31,0.0142309413674457
"6. ridge (sans AR)","Finances et assurances",2023-09-30,28,6.80918460626726,67.6875000945853,0.0137428647214228,2023-06-30,0.0138611051650379
"6. ridge (sans AR)","Finances et assurances",2023-12-31,28,6.82697466949193,67.6875000945853,0.00400567985302385,2023-09-30,0.0205123675274645
"6. ridge (sans AR)","Finances et assurances",2024-03-31,28,5.02476257965569,126.38482029343,0.012462777731363,2023-12-31,0.034226988537851
"6. ridge (sans AR)","Finances et assurances",2024-06-30,28,5.96560675544324,92.4914727721734,0.0141700013021905,2024-03-31,0.00677789865920531
"6. ridge (sans AR)","Finances et assurances",2024-09-30,28,6.94407634399099,67.6875000945853,0.0134075241868712,2024-06-30,0.0307983277209374
"6. ridge (sans AR)","Finances et assurances",2024-12-31,28,21.909842826396,0.335292414924956,0.0210641955937754,2024-09-30,0.024404004984877
"6. ridge (sans AR)","Finances et assurances",2025-03-31,28,6.94621698774293,67.6875000945853,0.0129759528616051,2024-12-31,-0.00576523644903126
"6. ridge (sans AR)","Finances et assurances",2025-06-30,28,22.4520869795566,0.245375110663982,-0.00887857523948522,2025-03-31,-0.000740007216192495
"6. ridge (sans AR)","Finances et assurances",2025-09-30,28,22.4800909204354,0.245375110663982,0.00665571008751699,2025-06-30,0.0383171453817219
"6. ridge (sans AR)","Finances et assurances",2025-12-31,28,4.34346912429855,172.698329065944,0.0160638512554081,2025-09-30,0.02252710319177
"6. ridge (sans AR)","Finances et assurances",2026-03-31,28,4.31891760288195,172.698329065944,0.0135501746483935,2025-12-31,0.0131482423939122
"6. ridge (sans AR)","Immobilier",2014-06-30,,,,,,-0.00347586163623959
"6. ridge (sans AR)","Immobilier",2014-09-30,,,,,,-0.00217718876892725
"6. ridge (sans AR)","Immobilier",2014-12-31,,,,,,-0.00175178666395936
"6. ridge (sans AR)","Immobilier",2015-03-31,,,,,,0.000110265740545401
"6. ridge (sans AR)","Immobilier",2015-06-30,,,,,,0.00268122505899093
"6. ridge (sans AR)","Immobilier",2015-09-30,,,,,,0.00388518358887602
"6. ridge (sans AR)","Immobilier",2015-12-31,,,,,,0.00438830891148179
"6. ridge (sans AR)","Immobilier",2016-03-31,,,,,,0.0126521894411589
"6. ridge (sans AR)","Immobilier",2016-06-30,3,1.00923003381076,10000,0.00726017436842922,2016-03-31,0.00642440146184065
"6. ridge (sans AR)","Immobilier",2016-09-30,3,1.00923442681851,10000,0.00732643758169599,2016-06-30,0.00538883523628364
"6. ridge (sans AR)","Immobilier",2016-12-31,3,1.00923907341443,10000,0.00725375568067143,2016-09-30,0.00381329164235744
"6. ridge (sans AR)","Immobilier",2017-03-31,3,1.23948579222851,322.45905452964,0.00729898235059094,2016-12-31,0.000111312238896488
"6. ridge (sans AR)","Immobilier",2017-06-30,3,1.00923624169996,10000,0.00655276357899328,2017-03-31,0.00532846857096558
"6. ridge (sans AR)","Immobilier",2017-09-30,3,1.0092386611488,10000,0.00619720575003585,2017-06-30,0.00538413091038592
"6. ridge (sans AR)","Immobilier",2017-12-31,3,1.00924307662456,10000,0.00613829826288541,2017-09-30,0.00537094450904618
"6. ridge (sans AR)","Immobilier",2018-03-31,3,1.00924596122254,10000,0.00612851336282991,2017-12-31,0.0139842136362436
"6. ridge (sans AR)","Immobilier",2018-06-30,3,1.00924680381299,10000,0.00675668962025602,2018-03-31,0.00709820759588098
"6. ridge (sans AR)","Immobilier",2018-09-30,3,1.00924946045226,10000,0.00670434094900556,2018-06-30,0.00546983793104339
"6. ridge (sans AR)","Immobilier",2018-12-31,3,1.00924710872228,10000,0.00678583794034557,2018-09-30,0.00429779031723321
"6. ridge (sans AR)","Immobilier",2019-03-31,3,1.00924715496232,10000,0.00652707431643939,2018-12-31,0.00697990763877421
"6. ridge (sans AR)","Immobilier",2019-06-30,3,1.00924807737055,10000,0.00590017495807547,2019-03-31,0.00407965402671806
"6. ridge (sans AR)","Immobilier",2019-09-30,3,1.00925223946951,10000,0.00587422665799442,2019-06-30,0.0012246541882952
"6. ridge (sans AR)","Immobilier",2019-12-31,3,1.0092546897382,10000,0.00549802222427081,2019-09-30,-0.00107461592825686
"6. ridge (sans AR)","Immobilier",2020-03-31,3,1.00925570237109,10000,0.00502705840534024,2019-12-31,-0.0121506955111226
"6. ridge (sans AR)","Immobilier",2020-06-30,3,1.00925488157859,10000,0.00403966715884036,2020-03-31,0.00154778434759706
"6. ridge (sans AR)","Immobilier",2020-09-30,3,1.00925908188684,10000,0.00397952431959814,2020-06-30,0.00248862454064991
"6. ridge (sans AR)","Immobilier",2020-12-31,3,1.00925987636154,10000,0.00398391236017107,2020-09-30,0.00250256303301022
"6. ridge (sans AR)","Immobilier",2021-03-31,3,1.00925967995811,10000,0.00378844392095301,2020-12-31,0.0186980933413192
"6. ridge (sans AR)","Immobilier",2021-06-30,3,1.0092598809571,10000,0.00455619318624413,2021-03-31,0.00589086653339521
"6. ridge (sans AR)","Immobilier",2021-09-30,3,1.00926022704767,10000,0.00455341286471191,2021-06-30,0.00489489217388339
"6. ridge (sans AR)","Immobilier",2021-12-31,3,1.00926024168582,10000,0.0042401926029236,2021-09-30,-0.000185568621855481
"6. ridge (sans AR)","Immobilier",2022-03-31,3,1.00926021876692,10000,0.00425074907155012,2021-12-31,-0.00613333557758722
"6. ridge (sans AR)","Immobilier",2022-06-30,3,1.00926027557928,10000,0.00336159512133692,2022-03-31,0.000982294226966829
"6. ridge (sans AR)","Immobilier",2022-09-30,3,1.00926021128338,10000,0.00350496163130095,2022-06-30,0.00192740181735829
"6. ridge (sans AR)","Immobilier",2022-12-31,3,1.33422050649996,235.983346678219,0.00349258198584458,2022-09-30,0.00286217020537194
"6. ridge (sans AR)","Immobilier",2023-03-31,3,2.02123520071523,49.5353520895917,0.00342399098714468,2022-12-31,0.0186492473499342
"6. ridge (sans AR)","Immobilier",2023-06-30,3,1.19256123567569,440.623642777357,0.00420175195238559,2023-03-31,0.00433516318523708
"6. ridge (sans AR)","Immobilier",2023-09-30,3,1.55206178432703,126.38482029343,0.00417758170385278,2023-06-30,0.000940152450292331
"6. ridge (sans AR)","Immobilier",2023-12-31,3,1.69075854817921,92.4914727721734,0.00385991552721109,2023-09-30,0.00367575702520995
"6. ridge (sans AR)","Immobilier",2024-03-31,3,1.68825189683518,92.4914727721734,0.00388436784764258,2023-12-31,0.019358859355199
"6. ridge (sans AR)","Immobilier",2024-06-30,3,1.00925755185517,10000,0.00449842844011885,2024-03-31,0.00208616686757601
"6. ridge (sans AR)","Immobilier",2024-09-30,3,1.00925777824202,10000,0.00436552368180737,2024-06-30,0.000572003912662211
"6. ridge (sans AR)","Immobilier",2024-12-31,3,1.00925767526462,10000,0.00421472668733905,2024-09-30,0.00271140021348693
"6. ridge (sans AR)","Immobilier",2025-03-31,3,1.00925729633295,10000,0.00418437980041907,2024-12-31,0.0241904984463055
"6. ridge (sans AR)","Immobilier",2025-06-30,3,1.00925718622623,10000,0.00492886359283505,2025-03-31,0.00225126559195132
"6. ridge (sans AR)","Immobilier",2025-09-30,3,1.00925738109629,10000,0.00483928126889474,2025-06-30,0.00139883513399042
"6. ridge (sans AR)","Immobilier",2025-12-31,3,1.00925737445382,10000,0.00471714650435503,2025-09-30,0.00356943094849527
"6. ridge (sans AR)","Immobilier",2026-03-31,4,1.01234441259393,10000,0.00465444320432903,2025-12-31,0.0145414287128816
"6+4. ridge + AR","Agriculture",2014-06-30,3,4.78828021283251,0.245375110663982,-0.0518530643504788,2014-03-31,0.0364714396168857
"6+4. ridge + AR","Agriculture",2014-09-30,3,4.73516641857056,0.335292414924956,-0.00532420248875628,2014-06-30,0.0235744177595567
"6+4. ridge + AR","Agriculture",2014-12-31,3,4.74324281882977,0.335292414924956,0.0251115198383206,2014-09-30,0.0253025688850634
"6+4. ridge + AR","Agriculture",2015-03-31,3,4.74783005935801,0.335292414924956,-0.00730661251626973,2014-12-31,0.0521449979479787
"6+4. ridge + AR","Agriculture",2015-06-30,3,3.76781137192344,7.60949668545988,0.0265906723271641,2015-03-31,0.0317672490600582
"6+4. ridge + AR","Agriculture",2015-09-30,3,3.6387186834758,10.3979841848149,0.0170868170551707,2015-06-30,0.0329272719732145
"6+4. ridge + AR","Agriculture",2015-12-31,3,3.50774722653623,14.2083083253392,0.0243861700058025,2015-09-30,0.00507799922861274
"6+4. ridge + AR","Agriculture",2016-03-31,3,3.63807950033092,10.3979841848149,0.018084639458074,2015-12-31,-0.265832646674593
"6+4. ridge + AR","Agriculture",2016-06-30,3,2.00922346048631,10000,-0.0828543011831342,2016-03-31,0.00748113104625325
"6+4. ridge + AR","Agriculture",2016-09-30,3,2.00923427305919,10000,0.00834263769225793,2016-06-30,0.0239103237598961
"6+4. ridge + AR","Agriculture",2016-12-31,3,2.00924041713453,10000,0.00930608740061078,2016-09-30,0.00479642186034113
"6+4. ridge + AR","Agriculture",2017-03-31,3,2.00924039787208,10000,0.00569706712708963,2016-12-31,0.156411418832823
"6+4. ridge + AR","Agriculture",2017-06-30,3,2.0092242056014,10000,0.0189808697671274,2017-03-31,0.031215998995707
"6+4. ridge + AR","Agriculture",2017-09-30,3,2.0092420048192,10000,0.0090635787325769,2017-06-30,-0.001589953838673
"6+4. ridge + AR","Agriculture",2017-12-31,3,2.00924099192537,10000,0.00605012152057615,2017-09-30,-0.00572029123758178
"6+4. ridge + AR","Agriculture",2018-03-31,3,2.00924154272517,10000,0.00518803371787928,2017-12-31,0.033613953651912
"6+4. ridge + AR","Agriculture",2018-06-30,3,2.00924136291769,10000,0.0100912549010691,2018-03-31,0.0315396357748075
"6+4. ridge + AR","Agriculture",2018-09-30,3,2.0092407399379,10000,0.0102790435049477,2018-06-30,-0.0076855501979054
"6+4. ridge + AR","Agriculture",2018-12-31,3,2.00924332224364,10000,0.00687742422576548,2018-09-30,-0.00708189895160238
"6+4. ridge + AR","Agriculture",2019-03-31,3,2.00923796533708,10000,0.00633053457224411,2018-12-31,-0.0674225881272044
"6+4. ridge + AR","Agriculture",2019-06-30,3,2.00923344041622,10000,-0.000403143909600342,2019-03-31,0.0269576277375521
"6+4. ridge + AR","Agriculture",2019-09-30,3,2.00922986853438,10000,0.00612516297126094,2019-06-30,-0.00378790367855686
"6+4. ridge + AR","Agriculture",2019-12-31,3,2.009236748549,10000,0.00411710153544874,2019-09-30,-0.00545796285781641
"6+4. ridge + AR","Agriculture",2020-03-31,3,2.00922909922616,10000,0.00414406236792599,2019-12-31,-0.0733468122559131
"6+4. ridge + AR","Agriculture",2020-06-30,3,2.00922366652447,10000,0.00296958209477015,2020-03-31,0.00964980812139338
"6+4. ridge + AR","Agriculture",2020-09-30,3,2.00923049872922,10000,0.00635916295729499,2020-06-30,-0.0341340216865049
"6+4. ridge + AR","Agriculture",2020-12-31,3,2.00922781791408,10000,0.0017567051265863,2020-09-30,-0.00972120420603417
"6+4. ridge + AR","Agriculture",2021-03-31,3,2.00922298300076,10000,0.0023438354135866,2020-12-31,0.198088349077135
"6+4. ridge + AR","Agriculture",2021-06-30,3,2.0092229875949,10000,0.014618924029684,2021-03-31,0.00736929305629452
"6+4. ridge + AR","Agriculture",2021-09-30,3,2.0092197353335,10000,0.00595552126261505,2021-06-30,-0.00217917484074093
"6+4. ridge + AR","Agriculture",2021-12-31,3,2.00922048224533,10000,0.00503618257942008,2021-09-30,-0.00946965224747842
"6+4. ridge + AR","Agriculture",2022-03-31,3,2.0092169941599,10000,0.00439715073723464,2021-12-31,-0.106650718690272
"6+4. ridge + AR","Agriculture",2022-06-30,3,2.00921553522329,10000,0.00204202152369258,2022-03-31,-0.00714754922684868
"6+4. ridge + AR","Agriculture",2022-09-30,3,2.00917366218151,10000,0.00241619137616373,2022-06-30,0.0022277626879923
"6+4. ridge + AR","Agriculture",2022-12-31,3,2.00917782409276,10000,0.00226275997988592,2022-09-30,-0.00919879348349895
"6+4. ridge + AR","Agriculture",2023-03-31,3,2.00916263301286,10000,0.000764228372292374,2022-12-31,0.0350757280012495
"6+4. ridge + AR","Agriculture",2023-06-30,3,2.00916813730706,10000,0.0017469720615859,2023-03-31,-0.0122701816794795
"6+4. ridge + AR","Agriculture",2023-09-30,3,2.00916962390378,10000,-0.000932952994929711,2023-06-30,-0.00378759914928928
"6+4. ridge + AR","Agriculture",2023-12-31,3,2.00916964162187,10000,-0.00190320193577788,2023-09-30,-0.00788085316350973
"6+4. ridge + AR","Agriculture",2024-03-31,3,2.00918161321412,10000,-0.00231766138824364,2023-12-31,-0.0365847420386523
"6+4. ridge + AR","Agriculture",2024-06-30,3,2.65617936990016,92.4914727721734,0.00819263450429234,2024-03-31,-0.00664188506091534
"6+4. ridge + AR","Agriculture",2024-09-30,3,2.41700479282818,172.698329065944,0.00313218021517326,2024-06-30,-0.0112104142680227
"6+4. ridge + AR","Agriculture",2024-12-31,3,2.52822538013824,126.38482029343,0.000353291237840929,2024-09-30,-0.00435261931916919
"6+4. ridge + AR","Agriculture",2025-03-31,3,2.52842747398802,126.38482029343,0.00481100237821509,2024-12-31,0.100359632990509
"6+4. ridge + AR","Agriculture",2025-06-30,3,2.00915888358151,10000,0.0060264488162309,2025-03-31,-0.00473311427913181
"6+4. ridge + AR","Agriculture",2025-09-30,3,2.00906793112292,10000,0.000289895414904815,2025-06-30,-0.0140787530247088
"6+4. ridge + AR","Agriculture",2025-12-31,3,2.0090641705056,10000,-6.45304486481672e-05,2025-09-30,-0.00148214583971118
"6+4. ridge + AR","Agriculture",2026-03-31,3,2.00906028886953,10000,-2.75508153107518e-05,2025-12-31,0.189386571246226
"6+4. ridge + AR","Pêche",2014-06-30,2,3.39147625244312,10.3979841848149,0.0193190441244704,2014-03-31,0.238884348531972
"6+4. ridge + AR","Pêche",2014-09-30,2,3.27141572355699,14.2083083253392,-0.0629301335777328,2014-06-30,-0.0842585990548885
"6+4. ridge + AR","Pêche",2014-12-31,2,3.2905048427411,14.2083083253392,0.109704795480513,2014-09-30,0.0971925333013068
"6+4. ridge + AR","Pêche",2015-03-31,2,3.30742303311472,14.2083083253392,-0.00371152396618882,2014-12-31,-0.0182664312630081
"6+4. ridge + AR","Pêche",2015-06-30,2,3.31046119151714,14.2083083253392,0.0439462708473976,2015-03-31,0.0112681719167798
"6+4. ridge + AR","Pêche",2015-09-30,2,3.31557961888038,14.2083083253392,0.0476233078968648,2015-06-30,-0.0240378912771044
"6+4. ridge + AR","Pêche",2015-12-31,2,3.31611635722944,14.2083083253392,0.00882201833076199,2015-09-30,0.0711997243889542
"6+4. ridge + AR","Pêche",2016-03-31,2,3.30925046391578,14.2083083253392,0.0211101203553207,2015-12-31,0.0522788830555712
"6+4. ridge + AR","Pêche",2016-06-30,2,3.30529081685848,14.2083083253392,-0.000773525860237635,2016-03-31,-0.0692837716719641
"6+4. ridge + AR","Pêche",2016-09-30,2,3.27701607062774,14.2083083253392,0.0430021708954084,2016-06-30,-0.0707389562407208
"6+4. ridge + AR","Pêche",2016-12-31,2,3.27728897120489,14.2083083253392,0.0516750098251083,2016-09-30,0.100756292896915
"6+4. ridge + AR","Pêche",2017-03-31,2,3.40761870379791,10.3979841848149,0.0147951519204739,2016-12-31,-0.0981301116583815
"6+4. ridge + AR","Pêche",2017-06-30,2,3.43065488516709,10.3979841848149,0.0911966368355466,2017-03-31,-0.0199501670707116
"6+4. ridge + AR","Pêche",2017-09-30,2,3.43226908530477,10.3979841848149,0.0367383536428846,2017-06-30,0.0209332096664658
"6+4. ridge + AR","Pêche",2017-12-31,2,3.43059524128014,10.3979841848149,0.0151631083185294,2017-09-30,-0.0659095853471712
"6+4. ridge + AR","Pêche",2018-03-31,2,3.42661564102964,10.3979841848149,0.0561959836387851,2017-12-31,-0.118526708999348
"6+4. ridge + AR","Pêche",2018-06-30,2,3.43040343092059,10.3979841848149,0.0812385275379673,2018-03-31,0.0565619820165848
"6+4. ridge + AR","Pêche",2018-09-30,2,3.53857236984496,7.60949668545988,-0.183855395523357,2018-06-30,-0.0520428663582821
"6+4. ridge + AR","Pêche",2018-12-31,2,3.57837706102964,7.60949668545988,0.0285476821737623,2018-09-30,0.0519498128058951
"6+4. ridge + AR","Pêche",2019-03-31,2,2.0058399852231,10000,0.00545305705126963,2018-12-31,0.165886600744615
"6+4. ridge + AR","Pêche",2019-06-30,2,2.55289034538671,67.6875000945853,-0.0156091042821113,2019-03-31,-0.10051090919398
"6+4. ridge + AR","Pêche",2019-09-30,2,2.46593403400871,92.4914727721734,0.0392449782011147,2019-06-30,0.107189386187184
"6+4. ridge + AR","Pêche",2019-12-31,2,2.46668208488004,92.4914727721734,-0.0127976015946987,2019-09-30,-0.178444977080698
"6+4. ridge + AR","Pêche",2020-03-31,2,2.56024839236921,67.6875000945853,0.0659893050113505,2019-12-31,0.250419564323746
"6+4. ridge + AR","Pêche",2020-06-30,2,2.36678205366163,126.38482029343,-0.0873172549672253,2020-03-31,-0.182744294243855
"6+4. ridge + AR","Pêche",2020-09-30,2,2.16936595998111,322.45905452964,0.103168996711137,2020-06-30,0.449867423442043
"6+4. ridge + AR","Pêche",2020-12-31,2,2.16927455614746,322.45905452964,-0.269328976237646,2020-09-30,-0.549113253084071
"6+4. ridge + AR","Pêche",2021-03-31,2,2.12783007267699,440.623642777357,0.478641036304611,2020-12-31,0.301831328865735
"6+4. ridge + AR","Pêche",2021-06-30,2,2.46045242421377,92.4914727721734,-0.234471623027358,2021-03-31,0.086451616600093
"6+4. ridge + AR","Pêche",2021-09-30,2,2.36657503718739,126.38482029343,-0.0509142796871351,2021-06-30,-0.0880960598262783
"6+4. ridge + AR","Pêche",2021-12-31,2,2.68490470992977,49.5353520895917,0.0775208768449577,2021-09-30,0.102924635387614
"6+4. ridge + AR","Pêche",2022-03-31,2,2.56528413797969,67.6875000945853,-0.0628155172875538,2021-12-31,-0.251794115386521
"6+4. ridge + AR","Pêche",2022-06-30,2,2.36530867351298,126.38482029343,0.211591515088643,2022-03-31,0.0309075374630767
"6+4. ridge + AR","Pêche",2022-09-30,2,2.28554381486458,172.698329065944,-0.0180135094300568,2022-06-30,-0.424362348289532
"6+4. ridge + AR","Pêche",2022-12-31,2,2.12755018678821,440.623642777357,0.297925119932826,2022-09-30,0.537806048836181
"6+4. ridge + AR","Pêche",2023-03-31,2,2.00616169817444,10000,-0.444946212610212,2022-12-31,-0.196422814008341
"6+4. ridge + AR","Pêche",2023-06-30,2,2.00610977707544,10000,0.141413738012713,2023-03-31,0.108653138186501
"6+4. ridge + AR","Pêche",2023-09-30,2,2.00612626222841,10000,-0.0801921284456588,2023-06-30,0.0833031314032056
"6+4. ridge + AR","Pêche",2023-12-31,2,2.00612418710343,10000,-0.0552809730803606,2023-09-30,-0.169722558184949
"6+4. ridge + AR","Pêche",2024-03-31,2,2.00613095711985,10000,0.119533676567212,2023-12-31,0.137736263229147
"6+4. ridge + AR","Pêche",2024-06-30,2,2.00614932208631,10000,-0.103530970946705,2024-03-31,-0.124393100066797
"6+4. ridge + AR","Pêche",2024-09-30,2,2.00614061103084,10000,0.0857781658247629,2024-06-30,0.3409847439024
"6+4. ridge + AR","Pêche",2024-12-31,2,2.00613697791548,10000,-0.247280676308143,2024-09-30,-0.314903192186618
"6+4. ridge + AR","Pêche",2025-03-31,2,2.00615415800325,10000,0.243317479942767,2024-12-31,0.0879705045311976
"6+4. ridge + AR","Pêche",2025-06-30,2,2.00616742652087,10000,-0.0639784544670788,2025-03-31,-0.202438183367684
"6+4. ridge + AR","Pêche",2025-09-30,2,2.0061652894101,10000,0.14902933618071,2025-06-30,0.141488674493727
"6+4. ridge + AR","Pêche",2025-12-31,2,2.00616651863426,10000,-0.106290655374837,2025-09-30,-0.181089428496749
"6+4. ridge + AR","Pêche",2026-03-31,2,2.00616895884134,10000,0.132649462698193,2025-12-31,0.222874852773161
"6+4. ridge + AR","Industrie d'extraction",2014-06-30,,,,,,-0.00618613651727884
"6+4. ridge + AR","Industrie d'extraction",2014-09-30,,,,,,-0.015888470256332
"6+4. ridge + AR","Industrie d'extraction",2014-12-31,,,,,,-0.0298633941618487
"6+4. ridge + AR","Industrie d'extraction",2015-03-31,3,2.07738705829503,1124.21003506209,-0.00191364910518434,2014-12-31,0.00890133635762247
"6+4. ridge + AR","Industrie d'extraction",2015-06-30,3,2.13994339430758,602.089449333612,0.00214847811282662,2015-03-31,0.0247954892566806
"6+4. ridge + AR","Industrie d'extraction",2015-09-30,3,2.32478695350346,235.983346678219,0.00507183433020799,2015-06-30,0.0237021448250037
"6+4. ridge + AR","Industrie d'extraction",2015-12-31,4,5.45311920525705,2.98247128621689,0.0202159682480853,2015-09-30,-0.00879815197435896
"6+4. ridge + AR","Industrie d'extraction",2016-03-31,4,5.45183994508189,2.98247128621689,-0.0662566882316424,2015-12-31,0.0161383433235596
"6+4. ridge + AR","Industrie d'extraction",2016-06-30,4,5.57281645077119,2.18264472839749,-0.0004155674802952,2016-03-31,-0.0163339493026129
"6+4. ridge + AR","Industrie d'extraction",2016-09-30,3,2.3238290911344,235.983346678219,-0.00424477147859185,2016-06-30,0.0218474503756241
"6+4. ridge + AR","Industrie d'extraction",2016-12-31,3,2.32352357612713,235.983346678219,0.00769131437547596,2016-09-30,0.025849664713844
"6+4. ridge + AR","Industrie d'extraction",2017-03-31,3,2.00886914383928,10000,0.0111825788006969,2016-12-31,0.0185128254497453
"6+4. ridge + AR","Industrie d'extraction",2017-06-30,3,2.00889387459978,10000,0.0207656548586383,2017-03-31,0.0955083840143161
"6+4. ridge + AR","Industrie d'extraction",2017-09-30,3,2.00837334253014,10000,0.0407531705104697,2017-06-30,-0.0311769033996843
"6+4. ridge + AR","Industrie d'extraction",2017-12-31,3,2.00832869579781,10000,0.000477602579235948,2017-09-30,0.0125783920146532
"6+4. ridge + AR","Industrie d'extraction",2018-03-31,3,2.00837497436475,10000,0.011158676880368,2017-12-31,-0.0244479675700369
"6+4. ridge + AR","Industrie d'extraction",2018-06-30,3,2.00805837877299,10000,0.00757130718458281,2018-03-31,0.0081793613697414
"6+4. ridge + AR","Industrie d'extraction",2018-09-30,3,2.00832822155648,10000,0.00502208662989365,2018-06-30,-0.0117710521370427
"6+4. ridge + AR","Industrie d'extraction",2018-12-31,3,2.00805575572396,10000,0.00911142312993261,2018-09-30,-0.00327062290436331
"6+4. ridge + AR","Industrie d'extraction",2019-03-31,3,2.00797205509995,10000,0.0062926275744166,2018-12-31,0.040057095335742
"6+4. ridge + AR","Industrie d'extraction",2019-06-30,3,2.00800537494718,10000,-0.00290037439210358,2019-03-31,-0.0225433471888596
"6+4. ridge + AR","Industrie d'extraction",2019-09-30,3,2.00811106313482,10000,0.0112645164939088,2019-06-30,0.0109256734157306
"6+4. ridge + AR","Industrie d'extraction",2019-12-31,3,2.0081738067124,10000,0.00376499635871968,2019-09-30,0.00214620520732645
"6+4. ridge + AR","Industrie d'extraction",2020-03-31,3,2.00815548820444,10000,0.00498256049343933,2019-12-31,0.00506158820307512
"6+4. ridge + AR","Industrie d'extraction",2020-06-30,3,2.00810714719525,10000,0.00652898103185319,2020-03-31,0.0237324718357801
"6+4. ridge + AR","Industrie d'extraction",2020-09-30,3,2.00796736289115,10000,0.00420796039359533,2020-06-30,-0.0110758122366672
"6+4. ridge + AR","Industrie d'extraction",2020-12-31,3,2.00785941750521,10000,0.0086097754157224,2020-09-30,0.0282365373459843
"6+4. ridge + AR","Industrie d'extraction",2021-03-31,3,2.00797871403213,10000,0.00177577307568192,2020-12-31,0.0506515529548963
"6+4. ridge + AR","Industrie d'extraction",2021-06-30,3,2.00783727013379,10000,0.00242844604353787,2021-03-31,-0.0120026798414088
"6+4. ridge + AR","Industrie d'extraction",2021-09-30,3,2.00907354565737,10000,0.0127329140338078,2021-06-30,0.0223534844760689
"6+4. ridge + AR","Industrie d'extraction",2021-12-31,3,2.00920279714913,10000,0.00654887042837845,2021-09-30,-0.0143497716369634
"6+4. ridge + AR","Industrie d'extraction",2022-03-31,3,2.009158126869,10000,0.0127904996833183,2021-12-31,-0.138625872821352
"6+4. ridge + AR","Industrie d'extraction",2022-06-30,3,2.00915913442143,10000,0.0121589109308935,2022-03-31,-0.0689421152185421
"6+4. ridge + AR","Industrie d'extraction",2022-09-30,3,2.00891932083835,10000,-0.0145758640804137,2022-06-30,-0.0421248811824597
"6+4. ridge + AR","Industrie d'extraction",2022-12-31,3,2.0089108941396,10000,-0.010868886490754,2022-09-30,-0.216757201746969
"6+4. ridge + AR","Industrie d'extraction",2023-03-31,3,2.00891994574094,10000,-0.098320087063328,2022-12-31,0.0973621473997142
"6+4. ridge + AR","Industrie d'extraction",2023-06-30,4,2.01178206257502,10000,-0.00381707726861411,2023-03-31,2.03357431196594e-05
"6+4. ridge + AR","Industrie d'extraction",2023-09-30,4,2.01205986405814,10000,-0.00375399680060324,2023-06-30,0.0733392840223264
"6+4. ridge + AR","Industrie d'extraction",2023-12-31,4,2.01207328247391,10000,-0.0031471989863396,2023-09-30,0.113749741354164
"6+4. ridge + AR","Industrie d'extraction",2024-03-31,4,2.01211453157043,10000,0.00975906801423722,2023-12-31,-0.0252607257677209
"6+4. ridge + AR","Industrie d'extraction",2024-06-30,7,4.12045300968237,49.5353520895917,0.0108890663605848,2024-03-31,0.0070152744335843
"6+4. ridge + AR","Industrie d'extraction",2024-09-30,7,4.13105120894681,49.5353520895917,0.0178992210023225,2024-06-30,0.022117053793357
"6+4. ridge + AR","Industrie d'extraction",2024-12-31,7,4.13409184298333,49.5353520895917,0.0119689636292072,2024-09-30,-0.0056609646746999
"6+4. ridge + AR","Industrie d'extraction",2025-03-31,7,4.13836082321505,49.5353520895917,-0.0244260382668878,2024-12-31,0.0657933092045351
"6+4. ridge + AR","Industrie d'extraction",2025-06-30,7,8.82368180257278,0.000136644834929533,-0.0862080351474631,2025-03-31,0.046428686738258
"6+4. ridge + AR","Industrie d'extraction",2025-09-30,7,3.18505709463892,126.38482029343,0.00146024630987809,2025-06-30,-0.0306857679206729
"6+4. ridge + AR","Industrie d'extraction",2025-12-31,7,3.18077779894942,126.38482029343,-0.00475433279972779,2025-09-30,-0.0912476795593946
"6+4. ridge + AR","Industrie d'extraction",2026-03-31,7,3.18017836876343,126.38482029343,-0.0182133312745684,2025-12-31,0.0429938589024168
"6+4. ridge + AR","Industrie de transformation",2014-06-30,18,3.22373098856688,322.45905452964,0.012315400578911,2014-03-31,0.0134903455131372
"6+4. ridge + AR","Industrie de transformation",2014-09-30,18,3.60486410358303,235.983346678219,0.00665181285236919,2014-06-30,0.00323811979902189
"6+4. ridge + AR","Industrie de transformation",2014-12-31,18,3.65013770333493,235.983346678219,0.00465751993396277,2014-09-30,-0.0476741243890952
"6+4. ridge + AR","Industrie de transformation",2015-03-31,18,4.10844443984259,172.698329065944,-0.00985192312939913,2014-12-31,0.0304379715047673
"6+4. ridge + AR","Industrie de transformation",2015-06-30,18,3.66598350346443,235.983346678219,0.00740024790836495,2015-03-31,0.0194938047357773
"6+4. ridge + AR","Industrie de transformation",2015-09-30,18,2.78855488469693,602.089449333612,0.00649932221647837,2015-06-30,0.00620713596259748
"6+4. ridge + AR","Industrie de transformation",2015-12-31,18,2.79116141411082,602.089449333612,0.00647879938081482,2015-09-30,-0.00664650552544366
"6+4. ridge + AR","Industrie de transformation",2016-03-31,18,2.07433631862897,7318.24221907618,0.00456879249097,2015-12-31,-0.00323991776717136
"6+4. ridge + AR","Industrie de transformation",2016-06-30,18,2.05471920231441,10000,0.00405896448172572,2016-03-31,-0.00999549769479913
"6+4. ridge + AR","Industrie de transformation",2016-09-30,18,2.05477779539198,10000,0.00260388960392986,2016-06-30,0.0228243332255111
"6+4. ridge + AR","Industrie de transformation",2016-12-31,18,2.05466063379826,10000,0.00716735321490931,2016-09-30,0.0116788252925897
"6+4. ridge + AR","Industrie de transformation",2017-03-31,18,2.05462711432464,10000,0.00663475773831964,2016-12-31,0.00953178833632684
"6+4. ridge + AR","Industrie de transformation",2017-06-30,18,2.0547084910479,10000,0.00814383478790139,2017-03-31,0.0149267146411702
"6+4. ridge + AR","Industrie de transformation",2017-09-30,18,2.05416519896117,10000,0.00884172292121696,2017-06-30,-0.0114616897126858
"6+4. ridge + AR","Industrie de transformation",2017-12-31,18,2.05428352301861,10000,0.00527501835757355,2017-09-30,0.00280821148239063
"6+4. ridge + AR","Industrie de transformation",2018-03-31,60,2.17868545556515,10000,0.00621991031711242,2017-12-31,0.0234087617899217
"6+4. ridge + AR","Industrie de transformation",2018-06-30,61,2.18129409562419,10000,0.00796406673987832,2018-03-31,-0.00382899876597698
"6+4. ridge + AR","Industrie de transformation",2018-09-30,61,2.45340209920866,3919.40677484722,0.00533824363655641,2018-06-30,0.0197648970716831
"6+4. ridge + AR","Industrie de transformation",2018-12-31,61,2.1813099013547,10000,0.00521070984113041,2018-09-30,0.00254844063750426
"6+4. ridge + AR","Industrie de transformation",2019-03-31,61,2.61304095835939,2868.31681334201,0.00603631499362047,2018-12-31,0.00525129663060397
"6+4. ridge + AR","Industrie de transformation",2019-06-30,61,2.61292460552255,2868.31681334201,0.00579463129871581,2019-03-31,0.0369509505888086
"6+4. ridge + AR","Industrie de transformation",2019-09-30,61,2.18162128574084,10000,0.00457436534634617,2019-06-30,-0.0175063522194137
"6+4. ridge + AR","Industrie de transformation",2019-12-31,61,2.18146256420117,10000,0.00848989141785889,2019-09-30,-0.00688096519466086
"6+4. ridge + AR","Industrie de transformation",2020-03-31,61,2.18101935854996,10000,0.00548981126864767,2019-12-31,-0.00162253854886352
"6+4. ridge + AR","Industrie de transformation",2020-06-30,61,2.45189267093962,3919.40677484722,0.00446853013603934,2020-03-31,-0.213797918505946
"6+4. ridge + AR","Industrie de transformation",2020-09-30,61,19.6342780803077,19.4149194574388,0.0439832592089601,2020-06-30,0.176609534773862
"6+4. ridge + AR","Industrie de transformation",2020-12-31,61,22.711772242336,10.3979841848149,-0.19057132731548,2020-09-30,-0.00858663289649719
"6+4. ridge + AR","Industrie de transformation",2021-03-31,61,16.1341919405468,36.2511704998854,-0.0122137465075735,2020-12-31,0.0682885003101887
"6+4. ridge + AR","Industrie de transformation",2021-06-30,61,21.3032071926162,14.2083083253392,-0.00908590116470814,2021-03-31,-0.0226087358268856
"6+4. ridge + AR","Industrie de transformation",2021-09-30,61,31.9996628918673,0.000136644834929533,0.0218841064732164,2021-06-30,0.0119171102444078
"6+4. ridge + AR","Industrie de transformation",2021-12-31,61,31.999627155031,0.000136644834929533,-0.0190523517776519,2021-09-30,0.0157395324071921
"6+4. ridge + AR","Industrie de transformation",2022-03-31,61,21.1765106921123,14.2083083253392,0.0143094975093544,2021-12-31,-0.00935236645143078
"6+4. ridge + AR","Industrie de transformation",2022-06-30,61,31.9995747809204,0.000186718109129192,0.10458529704383,2022-03-31,0.0265199585031901
"6+4. ridge + AR","Industrie de transformation",2022-09-30,61,21.1367751544517,14.2083083253392,-0.0318180190248016,2022-06-30,0.00503674468161641
"6+4. ridge + AR","Industrie de transformation",2022-12-31,61,17.8240496867819,26.5294846443189,0.0341967875422302,2022-09-30,-0.00375576483451212
"6+4. ridge + AR","Industrie de transformation",2023-03-31,61,16.1587647772806,36.2511704998854,0.0652764634807128,2022-12-31,0.00769564383733545
"6+4. ridge + AR","Industrie de transformation",2023-06-30,63,13.018468604402,67.6875000945853,-0.00752656499490492,2023-03-31,-0.0170061439275049
"6+4. ridge + AR","Industrie de transformation",2023-09-30,63,12.9273576745,67.6875000945853,0.00844243606012466,2023-06-30,0.0317188158621384
"6+4. ridge + AR","Industrie de transformation",2023-12-31,63,12.9515581445194,67.6875000945853,-0.000797760123000471,2023-09-30,0.0560799603193818
"6+4. ridge + AR","Industrie de transformation",2024-03-31,63,18.0321980954124,26.5294846443189,0.00592027565468895,2023-12-31,-0.0663244948448725
"6+4. ridge + AR","Industrie de transformation",2024-06-30,87,23.6295227265887,14.2083083253392,0.00940539444314725,2024-03-31,-0.00790860641250291
"6+4. ridge + AR","Industrie de transformation",2024-09-30,87,22.14977606655,19.4149194574388,0.0407106091428061,2024-06-30,0.069343487988764
"6+4. ridge + AR","Industrie de transformation",2024-12-31,45,30.962953355644,0.0961724871115296,0.0337264464791184,2024-09-30,0.0165418381598617
"6+4. ridge + AR","Industrie de transformation",2025-03-31,45,14.8971505577019,19.4149194574388,-0.0766959745969759,2024-12-31,-0.0681965626927639
"6+4. ridge + AR","Industrie de transformation",2025-06-30,45,13.4065844660612,26.5294846443189,0.0358166099470911,2025-03-31,0.0247579899121657
"6+4. ridge + AR","Industrie de transformation",2025-09-30,44,14.5480835719691,19.4149194574388,0.0335100255223598,2025-06-30,0.0308834262611075
"6+4. ridge + AR","Industrie de transformation",2025-12-31,44,14.6455190990533,19.4149194574388,0.0431793011742385,2025-09-30,0.0330754169078045
"6+4. ridge + AR","Industrie de transformation",2026-03-31,44,13.4141759965974,26.5294846443189,-0.07442939720483,2025-12-31,-0.101743963623765
"6+4. ridge + AR","Électricité, gaz, eau",2014-06-30,10,2.02991811326557,10000,0.0144267715810214,2014-03-31,0.0332147863217731
"6+4. ridge + AR","Électricité, gaz, eau",2014-09-30,10,2.02994727416089,10000,0.00310000938603595,2014-06-30,-0.00679393605210521
"6+4. ridge + AR","Électricité, gaz, eau",2014-12-31,10,2.03005373065923,10000,0.00999515041478614,2014-09-30,-0.00857021450047135
"6+4. ridge + AR","Électricité, gaz, eau",2015-03-31,13,2.78573137208397,440.623642777357,0.00995513441901657,2014-12-31,0.0437145225973961
"6+4. ridge + AR","Électricité, gaz, eau",2015-06-30,13,2.4448121918712,822.724134170047,0.00511079349146781,2015-03-31,0.00610525562054143
"6+4. ridge + AR","Électricité, gaz, eau",2015-09-30,13,2.18152496886374,2099.10372010855,0.00905840912547182,2015-06-30,0.0103469379268244
"6+4. ridge + AR","Électricité, gaz, eau",2015-12-31,13,2.03898335895372,10000,0.00748121190175559,2015-09-30,-0.00455943213512988
"6+4. ridge + AR","Électricité, gaz, eau",2016-03-31,13,2.03905563252785,10000,0.00792304146047658,2015-12-31,0.000155955147615572
"6+4. ridge + AR","Électricité, gaz, eau",2016-06-30,11,2.376542964422,822.724134170047,0.00693849492733137,2016-03-31,-0.017175634556283
"6+4. ridge + AR","Électricité, gaz, eau",2016-09-30,11,2.28037109434754,1124.21003506209,0.00640085469594761,2016-06-30,0.0711460023338066
"6+4. ridge + AR","Électricité, gaz, eau",2016-12-31,11,2.03297563866648,10000,0.000236178576736207,2016-09-30,-0.0359660643263187
"6+4. ridge + AR","Électricité, gaz, eau",2017-03-31,11,2.03285007387621,10000,0.0131992422015051,2016-12-31,-0.00716286993772819
"6+4. ridge + AR","Électricité, gaz, eau",2017-06-30,11,2.27963858603344,1124.21003506209,0.0121456880822031,2017-03-31,0.0253000677575166
"6+4. ridge + AR","Électricité, gaz, eau",2017-09-30,11,2.65505197965514,440.623642777357,0.00582101489719572,2017-06-30,0.0048164662893857
"6+4. ridge + AR","Électricité, gaz, eau",2017-12-31,11,3.1212027555427,235.983346678219,0.00490679310890617,2017-09-30,0.0387992037287237
"6+4. ridge + AR","Électricité, gaz, eau",2018-03-31,15,2.87467027441768,440.623642777357,0.00625280531825149,2017-12-31,0.0223262968366722
"6+4. ridge + AR","Électricité, gaz, eau",2018-06-30,15,2.04410364303923,10000,0.00546467823132067,2018-03-31,-0.016153880771169
"6+4. ridge + AR","Électricité, gaz, eau",2018-09-30,15,2.04512444814399,10000,0.0156235030720103,2018-06-30,0.0411974248960654
"6+4. ridge + AR","Électricité, gaz, eau",2018-12-31,15,2.04539290693208,10000,-0.00159177490025085,2018-09-30,0.0623784425554952
"6+4. ridge + AR","Électricité, gaz, eau",2019-03-31,15,2.04515891958397,10000,-0.00341550318216579,2018-12-31,0.0925664554057999
"6+4. ridge + AR","Électricité, gaz, eau",2019-06-30,15,3.967537219738,172.698329065944,-0.00498828526849997,2019-03-31,-0.0124026726248605
"6+4. ridge + AR","Électricité, gaz, eau",2019-09-30,15,4.46673380623313,126.38482029343,0.0255346423817674,2019-06-30,-0.0152269847098676
"6+4. ridge + AR","Électricité, gaz, eau",2019-12-31,15,2.04530612263805,10000,0.0154515359150462,2019-09-30,-0.00625851062808103
"6+4. ridge + AR","Électricité, gaz, eau",2020-03-31,15,6.44415605681291,49.5353520895917,0.0302857228053953,2019-12-31,0.0213425854542955
"6+4. ridge + AR","Électricité, gaz, eau",2020-06-30,15,6.44730251355463,49.5353520895917,0.0123001229799864,2020-03-31,-0.0970147629221021
"6+4. ridge + AR","Électricité, gaz, eau",2020-09-30,15,9.94006558865254,14.2083083253392,0.10582610004514,2020-06-30,0.114417799543279
"6+4. ridge + AR","Électricité, gaz, eau",2020-12-31,15,9.7367662658913,14.2083083253392,0.00513493085476554,2020-09-30,-0.016022429172736
"6+4. ridge + AR","Électricité, gaz, eau",2021-03-31,15,8.78640088595525,19.4149194574388,0.0276329074166434,2020-12-31,0.0217529032326009
"6+4. ridge + AR","Électricité, gaz, eau",2021-06-30,15,8.8012593408465,19.4149194574388,-0.00775171461944633,2021-03-31,0.0253032608158232
"6+4. ridge + AR","Électricité, gaz, eau",2021-09-30,15,7.82315339591457,26.5294846443189,0.0101340086017818,2021-06-30,0.0158724557012508
"6+4. ridge + AR","Électricité, gaz, eau",2021-12-31,16,16.2418740132266,0.626051657201482,-0.0716778606003909,2021-09-30,0.0138196358846692
"6+4. ridge + AR","Électricité, gaz, eau",2022-03-31,15,11.1170570227584,7.60949668545988,0.0275193718191586,2021-12-31,-0.0635858178619184
"6+4. ridge + AR","Électricité, gaz, eau",2022-06-30,15,6.33838905134799,49.5353520895917,0.00659177136805382,2022-03-31,0.00902096583624079
"6+4. ridge + AR","Électricité, gaz, eau",2022-09-30,15,7.15300949887925,36.2511704998854,-0.000476885554346903,2022-06-30,-0.00480416973629261
"6+4. ridge + AR","Électricité, gaz, eau",2022-12-31,16,7.3260693836528,36.2511704998854,-0.00635268755247288,2022-09-30,-0.0308377748401991
"6+4. ridge + AR","Électricité, gaz, eau",2023-03-31,16,7.33762351947632,36.2511704998854,0.0356217934471731,2022-12-31,-0.122401604802485
"6+4. ridge + AR","Électricité, gaz, eau",2023-06-30,16,4.51646092338565,126.38482029343,0.0216092470459103,2023-03-31,0.0472201858772916
"6+4. ridge + AR","Électricité, gaz, eau",2023-09-30,17,4.63382884692958,126.38482029343,0.00243027663094041,2023-06-30,0.00207719445817389
"6+4. ridge + AR","Électricité, gaz, eau",2023-12-31,18,4.78736157755774,126.38482029343,-0.0104203330601244,2023-09-30,-0.0104818116311538
"6+4. ridge + AR","Électricité, gaz, eau",2024-03-31,18,4.22487065778562,172.698329065944,0.00699767265697434,2023-12-31,0.0293667797510366
"6+4. ridge + AR","Électricité, gaz, eau",2024-06-30,20,6.57139443477164,67.6875000945853,0.00957409534759016,2024-03-31,-0.0474179307558522
"6+4. ridge + AR","Électricité, gaz, eau",2024-09-30,20,4.45152737185816,172.698329065944,0.0201670647310483,2024-06-30,0.100587875391312
"6+4. ridge + AR","Électricité, gaz, eau",2024-12-31,56,21.7236071498179,4.07539296587178,0.134994368412624,2024-09-30,0.0115181001740545
"6+4. ridge + AR","Électricité, gaz, eau",2025-03-31,56,23.1970306265985,2.98247128621689,0.0329521425161633,2024-12-31,-0.0640900842189289
"6+4. ridge + AR","Électricité, gaz, eau",2025-06-30,56,19.5166099688038,7.60949668545988,0.0111424902539815,2025-03-31,-0.0109469608200001
"6+4. ridge + AR","Électricité, gaz, eau",2025-09-30,56,19.518078872624,7.60949668545988,0.0492629914292381,2025-06-30,0.0726483567256153
"6+4. ridge + AR","Électricité, gaz, eau",2025-12-31,56,19.6932342090835,7.60949668545988,-0.0673470164699854,2025-09-30,-0.0191714590402032
"6+4. ridge + AR","Électricité, gaz, eau",2026-03-31,56,18.3840266410066,10.3979841848149,-0.0127280046595081,2025-12-31,-0.0771317041623973
"6+4. ridge + AR","Construction",2014-06-30,,,,,,0.00447736474689187
"6+4. ridge + AR","Construction",2014-09-30,,,,,,-0.000619901584931526
"6+4. ridge + AR","Construction",2014-12-31,,,,,,-0.0170090243189662
"6+4. ridge + AR","Construction",2015-03-31,4,3.99034584155869,26.5294846443189,0.00447392980585945,2014-12-31,-0.00530943948553997
"6+4. ridge + AR","Construction",2015-06-30,4,3.69238494391952,36.2511704998854,0.00418193987917631,2015-03-31,0.0209819845460189
"6+4. ridge + AR","Construction",2015-09-30,4,3.14903804256744,67.6875000945853,0.00943397864799001,2015-06-30,0.0115194109871428
"6+4. ridge + AR","Construction",2015-12-31,4,3.41871195202537,49.5353520895917,0.00706836911370093,2015-09-30,0.032079368271992
"6+4. ridge + AR","Construction",2016-03-31,4,2.01175124210803,10000,0.00923548912225777,2015-12-31,0.0187855153946899
"6+4. ridge + AR","Construction",2016-06-30,4,2.012086378691,10000,0.0108291495738325,2016-03-31,-0.00501930687227414
"6+4. ridge + AR","Construction",2016-09-30,4,2.01196480745407,10000,0.00508372352320613,2016-06-30,-0.00562759321653061
"6+4. ridge + AR","Construction",2016-12-31,4,2.01187897410602,10000,0.00402578108270785,2016-09-30,-0.0052620417260254
"6+4. ridge + AR","Construction",2017-03-31,4,2.01190594620333,10000,0.00336460544654458,2016-12-31,0.0132064022878779
"6+4. ridge + AR","Construction",2017-06-30,4,2.01190042757641,10000,0.00840604151368595,2017-03-31,0.000867405836450175
"6+4. ridge + AR","Construction",2017-09-30,4,2.01194906968539,10000,0.00504912707069695,2017-06-30,0.017936616006887
"6+4. ridge + AR","Construction",2017-12-31,4,2.0120430258139,10000,0.00894817807498942,2017-09-30,-0.00784029652175278
"6+4. ridge + AR","Construction",2018-03-31,4,2.01196121587176,10000,0.00413781717271654,2017-12-31,0.026272471549829
"6+4. ridge + AR","Construction",2018-06-30,4,2.01199858157388,10000,0.00822375393628831,2018-03-31,0.00736116363280281
"6+4. ridge + AR","Construction",2018-09-30,4,2.01177611628619,10000,0.00700363927799882,2018-06-30,-0.0192666965708348
"6+4. ridge + AR","Construction",2018-12-31,4,2.01166152678212,10000,0.00472325183898515,2018-09-30,-0.0524286380169254
"6+4. ridge + AR","Construction",2019-03-31,4,2.01165961748521,10000,-0.0181190183159388,2018-12-31,0.0166559720067418
"6+4. ridge + AR","Construction",2019-06-30,4,2.01186386488574,10000,0.00539721840072725,2019-03-31,0.0481920910731386
"6+4. ridge + AR","Construction",2019-09-30,4,2.01194041927449,10000,0.0141921358404583,2019-06-30,0.0125910845192418
"6+4. ridge + AR","Construction",2019-12-31,4,2.01203191126299,10000,0.00688344959618112,2019-09-30,-0.0273069523615579
"6+4. ridge + AR","Construction",2020-03-31,4,2.01204458845758,10000,-0.00106484228984858,2019-12-31,0.000213553084455143
"6+4. ridge + AR","Construction",2020-06-30,4,2.01169822571971,10000,0.00342468710533795,2020-03-31,-0.102776372819593
"6+4. ridge + AR","Construction",2020-09-30,4,2.01173780098673,10000,-0.0205700339012752,2020-06-30,0.0356201479127147
"6+4. ridge + AR","Construction",2020-12-31,4,2.01167256956713,10000,-0.000424639002833922,2020-09-30,0.072642691639901
"6+4. ridge + AR","Construction",2021-03-31,4,2.01178772517529,10000,0.00677960210654663,2020-12-31,-0.00494022963371066
"6+4. ridge + AR","Construction",2021-06-30,4,2.01183076495441,10000,0.00392714476443053,2021-03-31,-0.00250132109599832
"6+4. ridge + AR","Construction",2021-09-30,4,2.0118473739835,10000,0.00361834414783959,2021-06-30,0.0107028535882208
"6+4. ridge + AR","Construction",2021-12-31,4,2.33143102974466,322.45905452964,0.00415143087543507,2021-09-30,0.00772099252970015
"6+4. ridge + AR","Construction",2022-03-31,4,3.15541663935851,67.6875000945853,0.000951837460794282,2021-12-31,-0.026866287683136
"6+4. ridge + AR","Construction",2022-06-30,4,3.68195829999991,36.2511704998854,-0.00400674166909066,2022-03-31,-0.0038148328637746
"6+4. ridge + AR","Construction",2022-09-30,4,3.6882005619344,36.2511704998854,-0.000472902398893771,2022-06-30,-0.0309753266623467
"6+4. ridge + AR","Construction",2022-12-31,3,2.00885097077596,10000,0.000390332634204787,2022-09-30,-0.0138810252956052
"6+4. ridge + AR","Construction",2023-03-31,3,2.00911002581565,10000,0.000709371048210752,2022-12-31,0.0264176726138974
"6+4. ridge + AR","Construction",2023-06-30,3,2.00913782031969,10000,0.00266724724208736,2023-03-31,0.00252741405244095
"6+4. ridge + AR","Construction",2023-09-30,3,2.00912509898712,10000,0.00167635313605962,2023-06-30,0.00248876146185317
"6+4. ridge + AR","Construction",2023-12-31,3,2.00915244591017,10000,0.00134934285913592,2023-09-30,0.00486264809430104
"6+4. ridge + AR","Construction",2024-03-31,3,2.00913427722217,10000,0.000534839035259028,2023-12-31,0.0243786805323758
"6+4. ridge + AR","Construction",2024-06-30,3,2.00913770549448,10000,0.00043900080937667,2024-03-31,0.0131434129712957
"6+4. ridge + AR","Construction",2024-09-30,3,2.00911573325477,10000,0.00131579962917803,2024-06-30,0.0334036782533733
"6+4. ridge + AR","Construction",2024-12-31,3,2.00909825517029,10000,0.00297897276629107,2024-09-30,0.00587796447580935
"6+4. ridge + AR","Construction",2025-03-31,3,2.00906876762112,10000,0.00288129115749738,2024-12-31,0.0164348782556303
"6+4. ridge + AR","Construction",2025-06-30,3,2.00901789403465,10000,0.00317609011481761,2025-03-31,0.0173260458459641
"6+4. ridge + AR","Construction",2025-09-30,3,2.00900402719453,10000,0.00384946943561791,2025-06-30,0.0230301767543057
"6+4. ridge + AR","Construction",2025-12-31,3,2.00900400206895,10000,0.00434186760935436,2025-09-30,-0.000376710311417838
"6+4. ridge + AR","Construction",2026-03-31,3,2.00901068340886,10000,0.00366569958798726,2025-12-31,-0.0250954841631064
"6+4. ridge + AR","Commerce",2014-06-30,3,4.81749616566068,0.131414736261176,0.014790859725672,2014-03-31,0.00951978546845211
"6+4. ridge + AR","Commerce",2014-09-30,3,4.82406629912611,0.131414736261176,0.00758154389041189,2014-06-30,-0.0115603603846139
"6+4. ridge + AR","Commerce",2014-12-31,3,4.82812750991671,0.131414736261176,0.0104584821735144,2014-09-30,-0.0494865182085977
"6+4. ridge + AR","Commerce",2015-03-31,3,4.78198013813603,0.179571449437164,-0.00492739836384878,2014-12-31,0.0315083401930245
"6+4. ridge + AR","Commerce",2015-06-30,3,4.72517530877037,0.245375110663982,-0.00970979038974344,2015-03-31,0.0159370922398132
"6+4. ridge + AR","Commerce",2015-09-30,3,4.62909660202862,0.335292414924956,0.0142799737111796,2015-06-30,-0.0019131817420277
"6+4. ridge + AR","Commerce",2015-12-31,3,4.36737682718591,0.855467253556568,-0.0250919547635375,2015-09-30,0.00735412998310103
"6+4. ridge + AR","Commerce",2016-03-31,3,3.44448735733918,14.2083083253392,0.00797108468968209,2015-12-31,-0.0158055279342868
"6+4. ridge + AR","Commerce",2016-06-30,3,2.83372845391633,49.5353520895917,0.00357291269281382,2016-03-31,0.0133516373977667
"6+4. ridge + AR","Commerce",2016-09-30,3,2.72974636196617,67.6875000945853,-0.00120464422628766,2016-06-30,0.0267524972525734
"6+4. ridge + AR","Commerce",2016-12-31,3,2.00836038144146,10000,0.000136076539627019,2016-09-30,0.0309847865136277
"6+4. ridge + AR","Commerce",2017-03-31,3,2.00842568144779,10000,0.00576472914540663,2016-12-31,0.00917546195855401
"6+4. ridge + AR","Commerce",2017-06-30,3,2.00854458964729,10000,0.00544970276267264,2017-03-31,-0.00349218376741867
"6+4. ridge + AR","Commerce",2017-09-30,3,2.00849127221685,10000,0.00501213396392146,2017-06-30,-0.0111426180419461
"6+4. ridge + AR","Commerce",2017-12-31,3,2.00851449134593,10000,0.00355729225058729,2017-09-30,0.0160473615406325
"6+4. ridge + AR","Commerce",2018-03-31,15,8.67528962853314,14.2083083253392,-0.00157323227340483,2017-12-31,-0.0230462931639384
"6+4. ridge + AR","Commerce",2018-06-30,17,5.71034368647148,67.6875000945853,0.0113443434805971,2018-03-31,0.00870212621648037
"6+4. ridge + AR","Commerce",2018-09-30,17,5.71661055907587,67.6875000945853,0.00100045317663928,2018-06-30,0.00962442845128741
"6+4. ridge + AR","Commerce",2018-12-31,17,6.40066997907583,49.5353520895917,-0.000247649155617363,2018-09-30,0.0165859648209938
"6+4. ridge + AR","Commerce",2019-03-31,17,5.83629076295235,67.6875000945853,0.00071136239131992,2018-12-31,-0.0198319410856413
"6+4. ridge + AR","Commerce",2019-06-30,17,6.83061975320144,49.5353520895917,0.0150308979695144,2019-03-31,0.0339504681612155
"6+4. ridge + AR","Commerce",2019-09-30,17,7.72998554958836,36.2511704998854,-0.001848649245238,2019-06-30,-0.00535962123528755
"6+4. ridge + AR","Commerce",2019-12-31,17,8.57203121350518,26.5294846443189,-0.015946258611001,2019-09-30,-0.0070521019456713
"6+4. ridge + AR","Commerce",2020-03-31,15,7.87414518146316,26.5294846443189,0.00485629572890478,2019-12-31,-0.0169610578868529
"6+4. ridge + AR","Commerce",2020-06-30,15,7.05002007643712,36.2511704998854,-0.00208121705022902,2020-03-31,-0.150671734390357
"6+4. ridge + AR","Commerce",2020-09-30,15,10.3856008244405,10.3979841848149,0.0117440849619057,2020-06-30,0.108126994394249
"6+4. ridge + AR","Commerce",2020-12-31,15,11.1240160376487,7.60949668545988,-0.0689676490070612,2020-09-30,0.020045836468638
"6+4. ridge + AR","Commerce",2021-03-31,15,10.4324941065499,10.3979841848149,0.0593063198567957,2020-12-31,0.0273111173838672
"6+4. ridge + AR","Commerce",2021-06-30,15,10.392926336573,10.3979841848149,0.0166721826680051,2021-03-31,0.00987582878233084
"6+4. ridge + AR","Commerce",2021-09-30,15,10.3019992971167,10.3979841848149,0.0321839650348489,2021-06-30,0.0199199534821144
"6+4. ridge + AR","Commerce",2021-12-31,15,10.1565923880361,10.3979841848149,0.0531475027630454,2021-09-30,0.0158034521479156
"6+4. ridge + AR","Commerce",2022-03-31,15,9.43113347469999,14.2083083253392,0.0652838204541266,2021-12-31,-0.0348034749137724
"6+4. ridge + AR","Commerce",2022-06-30,15,9.04918052210399,14.2083083253392,0.0507215592291817,2022-03-31,0.007272295596783
"6+4. ridge + AR","Commerce",2022-09-30,15,9.45207289239437,10.3979841848149,-0.0148427579248736,2022-06-30,-0.00708032889736465
"6+4. ridge + AR","Commerce",2022-12-31,15,9.51567520005461,10.3979841848149,0.0110185373118701,2022-09-30,0.0110248570649674
"6+4. ridge + AR","Commerce",2023-03-31,15,9.54099887166188,10.3979841848149,0.0156649386937584,2022-12-31,0.0160767305589786
"6+4. ridge + AR","Commerce",2023-06-30,15,9.54153244972312,10.3979841848149,0.04014989909434,2023-03-31,0.00646517716538497
"6+4. ridge + AR","Commerce",2023-09-30,15,9.6006453853805,10.3979841848149,0.0134012098902547,2023-06-30,0.00237756549880963
"6+4. ridge + AR","Commerce",2023-12-31,15,8.92096363003285,14.2083083253392,0.0139687954600969,2023-09-30,0.00844315463132972
"6+4. ridge + AR","Commerce",2024-03-31,15,9.63310800341056,10.3979841848149,0.0173451887863679,2023-12-31,0.0184637520602795
"6+4. ridge + AR","Commerce",2024-06-30,15,9.67798394022478,10.3979841848149,-0.00525186486687371,2024-03-31,0.000290896215341618
"6+4. ridge + AR","Commerce",2024-09-30,15,9.0106700323051,14.2083083253392,0.00499223372230534,2024-06-30,0.0154439711545749
"6+4. ridge + AR","Commerce",2024-12-31,3,4.21400881081408,2.18264472839749,0.0189480103379105,2024-09-30,0.00571468262867647
"6+4. ridge + AR","Commerce",2025-03-31,3,4.20089408055634,2.18264472839749,0.00953989135634749,2024-12-31,0.0248772545888567
"6+4. ridge + AR","Commerce",2025-06-30,3,4.19603112561184,2.18264472839749,-0.00445787199765152,2025-03-31,0.00124917416875725
"6+4. ridge + AR","Commerce",2025-09-30,3,4.11007690450142,2.98247128621689,0.018621429905593,2025-06-30,0.00388237799968039
"6+4. ridge + AR","Commerce",2025-12-31,3,4.11107840579097,2.98247128621689,-0.00586945488235655,2025-09-30,0.00474667366104242
"6+4. ridge + AR","Commerce",2026-03-31,3,4.06796949556226,2.98247128621689,-0.00955716706699755,2025-12-31,0.030304457095939
"6+4. ridge + AR","Transports",2014-06-30,3,2.00785608141558,10000,0.00733481975980489,2014-03-31,0.028015303409596
"6+4. ridge + AR","Transports",2014-09-30,3,2.00814017503257,10000,0.000310193971870009,2014-06-30,-0.00329148743112206
"6+4. ridge + AR","Transports",2014-12-31,3,2.00842313866537,10000,0.012775990774589,2014-09-30,0.00554226208478248
"6+4. ridge + AR","Transports",2015-03-31,3,2.00879596765189,10000,0.00896533017738274,2014-12-31,0.0274647989726873
"6+4. ridge + AR","Transports",2015-06-30,3,2.00880827205191,10000,0.00159440973165822,2015-03-31,0.0238870417103634
"6+4. ridge + AR","Transports",2015-09-30,3,2.00865398440647,10000,0.00396794823076945,2015-06-30,-0.000400525138307017
"6+4. ridge + AR","Transports",2015-12-31,3,2.00865113513332,10000,0.0126977646632617,2015-09-30,0.0136274565391865
"6+4. ridge + AR","Transports",2016-03-31,3,2.00872029503667,10000,0.00703205504660937,2015-12-31,-0.00224188236103728
"6+4. ridge + AR","Transports",2016-06-30,3,2.00873220479475,10000,0.0118574536002056,2016-03-31,-0.0304162214184824
"6+4. ridge + AR","Transports",2016-09-30,3,2.00881148723162,10000,0.0195780284123163,2016-06-30,0.0405851512318183
"6+4. ridge + AR","Transports",2016-12-31,3,2.00851585397238,10000,-0.00286329430372109,2016-09-30,-0.000806231998783602
"6+4. ridge + AR","Transports",2017-03-31,3,2.00873646864516,10000,0.0143203623558094,2016-12-31,0.00525061131594917
"6+4. ridge + AR","Transports",2017-06-30,3,2.00869668612146,10000,0.0125756989257198,2017-03-31,-0.00885390403460029
"6+4. ridge + AR","Transports",2017-09-30,3,2.00888719053521,10000,0.0166966748989664,2017-06-30,0.00323264375167831
"6+4. ridge + AR","Transports",2017-12-31,3,2.00911381016324,10000,0.0110917377464516,2017-09-30,0.00270040887982859
"6+4. ridge + AR","Transports",2018-03-31,3,2.00911485956152,10000,0.00872863073004682,2017-12-31,-0.00771766276284147
"6+4. ridge + AR","Transports",2018-06-30,4,2.01217255307335,10000,0.00987700833412788,2018-03-31,0.0381116237789918
"6+4. ridge + AR","Transports",2018-09-30,4,2.01184612702947,10000,0.00270230250782791,2018-06-30,-0.0562132165992164
"6+4. ridge + AR","Transports",2018-12-31,4,2.01196472370302,10000,0.0355985642515718,2018-09-30,0.0024741177684291
"6+4. ridge + AR","Transports",2019-03-31,4,2.01184677363069,10000,0.00670178628788655,2018-12-31,0.0567198839409837
"6+4. ridge + AR","Transports",2019-06-30,4,2.01185443907305,10000,-0.00968588521877573,2019-03-31,0.100742314764428
"6+4. ridge + AR","Transports",2019-09-30,4,2.01180179748371,10000,0.0179639887632124,2019-06-30,-0.105961891018188
"6+4. ridge + AR","Transports",2019-12-31,4,2.01203549056001,10000,0.0559792753419725,2019-09-30,-0.0390667942682299
"6+4. ridge + AR","Transports",2020-03-31,4,2.01196231997686,10000,0.00993405376387996,2019-12-31,-0.0126004908496
"6+4. ridge + AR","Transports",2020-06-30,4,2.0119406400117,10000,0.00481286248931477,2020-03-31,-0.501094849125378
"6+4. ridge + AR","Transports",2020-09-30,4,2.0120095477645,10000,-0.0725709917287014,2020-06-30,0.125969152849114
"6+4. ridge + AR","Transports",2020-12-31,4,2.01232720063892,10000,-0.0392916141210831,2020-09-30,0.122566805849722
"6+4. ridge + AR","Transports",2021-03-31,4,2.01229922911336,10000,-0.0246304109555549,2020-12-31,0.0562033294168316
"6+4. ridge + AR","Transports",2021-06-30,4,2.01232044402945,10000,-0.0102403784560879,2021-03-31,0.000731330783699136
"6+4. ridge + AR","Transports",2021-09-30,4,2.01230795206063,10000,-0.00343076820490392,2021-06-30,0.0731279057345535
"6+4. ridge + AR","Transports",2021-12-31,4,2.01231155867997,10000,-0.0101119248847483,2021-09-30,-0.0243022849728511
"6+4. ridge + AR","Transports",2022-03-31,4,2.01228601353469,10000,0.000968816598609305,2021-12-31,-0.0184384391565189
"6+4. ridge + AR","Transports",2022-06-30,4,2.01229846222027,10000,-0.000639829961215364,2022-03-31,0.0331947459481938
"6+4. ridge + AR","Transports",2022-09-30,4,2.01229093468547,10000,-0.00682489411970063,2022-06-30,0.0296892895055922
"6+4. ridge + AR","Transports",2022-12-31,4,2.01230618182545,10000,-0.00525799860179451,2022-09-30,-0.00518075012109698
"6+4. ridge + AR","Transports",2023-03-31,4,2.01230405992683,10000,-0.00135912073615564,2022-12-31,0.0341097935940446
"6+4. ridge + AR","Transports",2023-06-30,3,2.009217876859,10000,-0.0058325863576501,2023-03-31,0.0106539923050857
"6+4. ridge + AR","Transports",2023-09-30,3,2.00919780945274,10000,-0.00346272147979168,2023-06-30,0.00294728832205848
"6+4. ridge + AR","Transports",2023-12-31,3,2.00919685096725,10000,-0.00248096291773126,2023-09-30,0.0143046496502013
"6+4. ridge + AR","Transports",2024-03-31,3,2.00919531808242,10000,-0.00382428956945915,2023-12-31,0.0448609908773161
"6+4. ridge + AR","Transports",2024-06-30,3,2.00919576119681,10000,-0.00590932547617576,2024-03-31,0.0233315106872372
"6+4. ridge + AR","Transports",2024-09-30,3,2.00917084647087,10000,-0.00133000664654519,2024-06-30,-0.000696765512168795
"6+4. ridge + AR","Transports",2024-12-31,3,2.00919643540417,10000,0.000185367659153819,2024-09-30,0.0179385719466758
"6+4. ridge + AR","Transports",2025-03-31,3,2.00920731409848,10000,-0.0014297669608909,2024-12-31,-2.13944930589349e-05
"6+4. ridge + AR","Transports",2025-06-30,3,2.00920365891662,10000,0.00045121181295739,2025-03-31,0.0262253345690056
"6+4. ridge + AR","Transports",2025-09-30,3,2.00919131309903,10000,-0.00135372138782478,2025-06-30,-0.00840283920981122
"6+4. ridge + AR","Transports",2025-12-31,3,2.00917904132711,10000,0.00236236795927281,2025-09-30,0.0256348485772033
"6+4. ridge + AR","Transports",2026-03-31,3,2.00918660052387,10000,-0.0010405903273568,2025-12-31,0.00343555107293625
"6+4. ridge + AR","Hébergement-restauration",2014-06-30,3,2.00807757427926,10000,0.00644358392477551,2014-03-31,0.0579051413275486
"6+4. ridge + AR","Hébergement-restauration",2014-09-30,3,2.00836549411843,10000,0.00270380755417817,2014-06-30,-0.100719732558025
"6+4. ridge + AR","Hébergement-restauration",2014-12-31,3,2.00863823487898,10000,0.0683987108659313,2014-09-30,0.0187926552611444
"6+4. ridge + AR","Hébergement-restauration",2015-03-31,3,2.00903822128932,10000,0.000438625134011505,2014-12-31,0.0127819913735721
"6+4. ridge + AR","Hébergement-restauration",2015-06-30,3,4.57248646747203,2.18264472839749,0.00498087134671744,2015-03-31,0.0151974154132208
"6+4. ridge + AR","Hébergement-restauration",2015-09-30,3,4.7925100813823,0.626051657201482,0.000203418398593451,2015-06-30,-0.0394942050942486
"6+4. ridge + AR","Hébergement-restauration",2015-12-31,3,4.79335130611889,0.626051657201482,0.0284449962829761,2015-09-30,0.0175488642456987
"6+4. ridge + AR","Hébergement-restauration",2016-03-31,3,4.78322195318433,0.626051657201482,-0.0117714523959058,2015-12-31,0.00665704009847978
"6+4. ridge + AR","Hébergement-restauration",2016-06-30,7,2.0205813715469,10000,0.00407378409639668,2016-03-31,-0.00832824764845164
"6+4. ridge + AR","Hébergement-restauration",2016-09-30,7,2.02056501460786,10000,0.00946644702531054,2016-06-30,0.0560471819745558
"6+4. ridge + AR","Hébergement-restauration",2016-12-31,7,2.02064924495767,10000,-0.0138420179755672,2016-09-30,0.0195963775895027
"6+4. ridge + AR","Hébergement-restauration",2017-03-31,7,2.02074246630226,10000,0.00209626066514514,2016-12-31,0.0277996430464089
"6+4. ridge + AR","Hébergement-restauration",2017-06-30,7,2.02075438289718,10000,0.00140974118359947,2017-03-31,0.0278215922434324
"6+4. ridge + AR","Hébergement-restauration",2017-09-30,7,2.02063166353648,10000,0.0026245401728944,2017-06-30,0.0102951493030083
"6+4. ridge + AR","Hébergement-restauration",2017-12-31,7,2.02043396336868,10000,0.00837928134313775,2017-09-30,0.0188149524720291
"6+4. ridge + AR","Hébergement-restauration",2018-03-31,7,2.02046772373647,10000,0.00573743940734725,2017-12-31,0.0248370780464207
"6+4. ridge + AR","Hébergement-restauration",2018-06-30,7,2.0205183063516,10000,0.00390258051941885,2018-03-31,0.0148534421343882
"6+4. ridge + AR","Hébergement-restauration",2018-09-30,7,2.02048135264372,10000,0.00639086451517306,2018-06-30,-0.0200453834008396
"6+4. ridge + AR","Hébergement-restauration",2018-12-31,7,2.02052827185852,10000,0.0163531909943925,2018-09-30,0.0330719091401885
"6+4. ridge + AR","Hébergement-restauration",2019-03-31,7,2.020594454942,10000,-0.00046612050867799,2018-12-31,0.0107181372644138
"6+4. ridge + AR","Hébergement-restauration",2019-06-30,7,2.02061915021211,10000,0.00771622055249565,2019-03-31,0.0402913731091044
"6+4. ridge + AR","Hébergement-restauration",2019-09-30,7,4.77897736231628,19.4149194574388,-0.000948653580584489,2019-06-30,-0.0688778865997968
"6+4. ridge + AR","Hébergement-restauration",2019-12-31,7,4.16978183910665,36.2511704998854,0.0408137182311797,2019-09-30,0.0396077656015432
"6+4. ridge + AR","Hébergement-restauration",2020-03-31,7,4.16794015838629,36.2511704998854,-0.0164587877519449,2019-12-31,-0.329368517252892
"6+4. ridge + AR","Hébergement-restauration",2020-06-30,7,5.72302938425366,7.60949668545988,-1.17450358696764,2020-03-31,-0.857041072981717
"6+4. ridge + AR","Hébergement-restauration",2020-09-30,7,7.07788037500037,0.626051657201482,1.26563226271802,2020-06-30,0.152814674284517
"6+4. ridge + AR","Hébergement-restauration",2020-12-31,7,7.41193688263153,0.335292414924956,0.201436822478396,2020-09-30,0.184991785349833
"6+4. ridge + AR","Hébergement-restauration",2021-03-31,7,7.24161556826456,0.626051657201482,-0.00636734592329412,2020-12-31,0.108593379555545
"6+4. ridge + AR","Hébergement-restauration",2021-06-30,5,6.85127176575671,0.335292414924956,0.0762203724450523,2021-03-31,0.0325203058080987
"6+4. ridge + AR","Hébergement-restauration",2021-09-30,5,6.86454898831296,0.335292414924956,0.0560392768002942,2021-06-30,0.0912570059284388
"6+4. ridge + AR","Hébergement-restauration",2021-12-31,5,6.85570797338803,0.335292414924956,-0.051008139416035,2021-09-30,0.0662513211980329
"6+4. ridge + AR","Hébergement-restauration",2022-03-31,5,6.86205125682257,0.335292414924956,0.00138628437451555,2021-12-31,0.172069210996341
"6+4. ridge + AR","Hébergement-restauration",2022-06-30,5,6.86544158253499,0.335292414924956,0.177299724525734,2022-03-31,0.185682194782517
"6+4. ridge + AR","Hébergement-restauration",2022-09-30,5,6.86416051458688,0.335292414924956,0.0797036343436761,2022-06-30,0.172534150339882
"6+4. ridge + AR","Hébergement-restauration",2022-12-31,5,6.84945825815202,0.335292414924956,0.0704007374979466,2022-09-30,0.0347188375472669
"6+4. ridge + AR","Hébergement-restauration",2023-03-31,5,6.80483240358223,0.458159766905449,0.0198822906269103,2022-12-31,0.0350713189035368
"6+4. ridge + AR","Hébergement-restauration",2023-06-30,5,6.80616951727098,0.458159766905449,0.0572560050290891,2023-03-31,0.0285381802766143
"6+4. ridge + AR","Hébergement-restauration",2023-09-30,5,6.80666563816721,0.458159766905449,0.0207354484351489,2023-06-30,0.0131680998376478
"6+4. ridge + AR","Hébergement-restauration",2023-12-31,5,6.80621822778037,0.458159766905449,0.00925334958471818,2023-09-30,0.00454308251082303
"6+4. ridge + AR","Hébergement-restauration",2024-03-31,5,6.81217727223517,0.458159766905449,-0.000979141982503108,2023-12-31,-0.0256302512562794
"6+4. ridge + AR","Hébergement-restauration",2024-06-30,5,6.80587521439435,0.458159766905449,0.0151940234879561,2024-03-31,0.0863211664480215
"6+4. ridge + AR","Hébergement-restauration",2024-09-30,5,6.80442200728872,0.458159766905449,0.0505553536472288,2024-06-30,0.0395958337321503
"6+4. ridge + AR","Hébergement-restauration",2024-12-31,5,6.8040815627942,0.458159766905449,0.048317933811553,2024-09-30,0.0126078965454273
"6+4. ridge + AR","Hébergement-restauration",2025-03-31,5,6.84633834384819,0.335292414924956,-0.0255691120000519,2024-12-31,-0.0551888649837782
"6+4. ridge + AR","Hébergement-restauration",2025-06-30,5,6.84563886615794,0.335292414924956,-0.0185049891187514,2025-03-31,0.0935791648916222
"6+4. ridge + AR","Hébergement-restauration",2025-09-30,5,6.84756380609965,0.335292414924956,0.0304979963258396,2025-06-30,0.0109571254893179
"6+4. ridge + AR","Hébergement-restauration",2025-12-31,5,6.84405726317804,0.335292414924956,-0.00429059315818527,2025-09-30,-0.0117140608570061
"6+4. ridge + AR","Hébergement-restauration",2026-03-31,4,5.50341359568304,1.59731228006026,-0.0119385683174721,2025-12-31,-0.0149369838672992
"6+4. ridge + AR","Information-communication",2014-06-30,13,2.03966804084551,10000,0.021910797395838,2014-03-31,0.0185608138362312
"6+4. ridge + AR","Information-communication",2014-09-30,13,2.03959329255649,10000,0.0196649954240704,2014-06-30,0.031275663358036
"6+4. ridge + AR","Information-communication",2014-12-31,13,2.03958364109954,10000,0.0191660888832953,2014-09-30,0.038634291236642
"6+4. ridge + AR","Information-communication",2015-03-31,13,2.03960681423184,10000,0.0194807784933625,2014-12-31,0.00404829052809141
"6+4. ridge + AR","Information-communication",2015-06-30,13,2.03959717309129,10000,0.0210992325443649,2015-03-31,-0.0211948620280431
"6+4. ridge + AR","Information-communication",2015-09-30,13,2.03961368232395,10000,0.0202789630660556,2015-06-30,-0.0255461304946749
"6+4. ridge + AR","Information-communication",2015-12-31,13,2.03959160583381,10000,0.0180034652554113,2015-09-30,-0.0117556566679973
"6+4. ridge + AR","Information-communication",2016-03-31,14,2.04262179821173,10000,0.0163193747988167,2015-12-31,0.0441187349800902
"6+4. ridge + AR","Information-communication",2016-06-30,14,2.04259238885776,10000,0.0154186460450746,2016-03-31,0.0324311797721624
"6+4. ridge + AR","Information-communication",2016-09-30,15,2.04559110069192,10000,0.0166639042765077,2016-06-30,0.0156993215704908
"6+4. ridge + AR","Information-communication",2016-12-31,16,2.04864354326162,10000,0.0187688903745001,2016-09-30,0.0119540679681371
"6+4. ridge + AR","Information-communication",2017-03-31,16,2.0486135245358,10000,0.0174324061594177,2016-12-31,-0.074924310117952
"6+4. ridge + AR","Information-communication",2017-06-30,16,2.04864248414767,10000,0.016142710907534,2017-03-31,0.0264960645184544
"6+4. ridge + AR","Information-communication",2017-09-30,16,2.04848627718453,10000,0.0140632895635064,2017-06-30,0.0150230359818178
"6+4. ridge + AR","Information-communication",2017-12-31,16,2.04848242693019,10000,0.0154521252905345,2017-09-30,0.00966388766132553
"6+4. ridge + AR","Information-communication",2018-03-31,16,2.0484659649086,10000,0.01636928367522,2017-12-31,-0.010365531714644
"6+4. ridge + AR","Information-communication",2018-06-30,16,2.0482489576547,10000,0.0162832882532761,2018-03-31,0.0250131048881688
"6+4. ridge + AR","Information-communication",2018-09-30,16,3.15029609632559,322.45905452964,0.00824118012105024,2018-06-30,0.00871941409985943
"6+4. ridge + AR","Information-communication",2018-12-31,18,2.0532740692432,10000,0.0142199414213068,2018-09-30,0.0017418043179287
"6+4. ridge + AR","Information-communication",2019-03-31,19,2.05671773367519,10000,0.0138123437128221,2018-12-31,0.000840591265317769
"6+4. ridge + AR","Information-communication",2019-06-30,21,2.06255456681906,10000,0.0112274438316655,2019-03-31,0.00593404498862071
"6+4. ridge + AR","Information-communication",2019-09-30,21,2.06318399084656,10000,0.0106263399868539,2019-06-30,0.0095827091317755
"6+4. ridge + AR","Information-communication",2019-12-31,21,2.38573703474708,1536.17494667183,0.0134345251080626,2019-09-30,0.0110725639758531
"6+4. ridge + AR","Information-communication",2020-03-31,21,4.79816456922563,126.38482029343,0.0126496351425763,2019-12-31,0.0419599960536452
"6+4. ridge + AR","Information-communication",2020-06-30,21,2.06146160717972,10000,0.0100448219142845,2020-03-31,-0.0210436716728193
"6+4. ridge + AR","Information-communication",2020-09-30,21,2.06330560625563,10000,0.00736969244221204,2020-06-30,-0.00204975173975619
"6+4. ridge + AR","Information-communication",2020-12-31,21,2.06365992563346,10000,0.0063146058968493,2020-09-30,0.0411703029645043
"6+4. ridge + AR","Information-communication",2021-03-31,21,2.06389668152386,10000,0.00583323286028471,2020-12-31,-0.0536933298258049
"6+4. ridge + AR","Information-communication",2021-06-30,21,2.06339997859232,10000,0.0139840884932348,2021-03-31,0.00186143113149839
"6+4. ridge + AR","Information-communication",2021-09-30,21,2.06378760471168,10000,0.00634283676714367,2021-06-30,0.00942302584054922
"6+4. ridge + AR","Information-communication",2021-12-31,21,2.06376189805232,10000,0.00536325015581411,2021-09-30,0.0317145043040412
"6+4. ridge + AR","Information-communication",2022-03-31,21,2.063839740103,10000,0.00349649166240233,2021-12-31,0.00597454514787366
"6+4. ridge + AR","Information-communication",2022-06-30,21,2.06389436651166,10000,0.00698050004015493,2022-03-31,0.00161153463684727
"6+4. ridge + AR","Information-communication",2022-09-30,21,2.06379841603913,10000,0.00681522440999106,2022-06-30,0.0112829099708271
"6+4. ridge + AR","Information-communication",2022-12-31,21,2.06381105318312,10000,0.00541124187801381,2022-09-30,-0.0182958711637902
"6+4. ridge + AR","Information-communication",2023-03-31,21,2.06385157960093,10000,0.00742088038317393,2022-12-31,0.0550902776591649
"6+4. ridge + AR","Information-communication",2023-06-30,21,2.06383524851251,10000,-0.00471217890965366,2023-03-31,0.0108067356801964
"6+4. ridge + AR","Information-communication",2023-09-30,21,2.06376300509461,10000,0.00577837898557924,2023-06-30,-0.00473773465213512
"6+4. ridge + AR","Information-communication",2023-12-31,21,2.0638008378385,10000,0.00979486510893555,2023-09-30,-0.000895282531592656
"6+4. ridge + AR","Information-communication",2024-03-31,21,2.06380412671424,10000,0.00969284515890786,2023-12-31,0.026793324234438
"6+4. ridge + AR","Information-communication",2024-06-30,21,2.06373227207634,10000,0.00273558846712338,2024-03-31,0.001257668725545
"6+4. ridge + AR","Information-communication",2024-09-30,21,2.06362112651434,10000,0.00796822459773612,2024-06-30,-0.00629426164916325
"6+4. ridge + AR","Information-communication",2024-12-31,21,2.06362223795655,10000,0.00940150366958121,2024-09-30,0.0171119883477697
"6+4. ridge + AR","Information-communication",2025-03-31,21,2.06342420696005,10000,0.00184667727248572,2024-12-31,-0.0293164263615733
"6+4. ridge + AR","Information-communication",2025-06-30,12,2.03611291143375,10000,0.0181192060773717,2025-03-31,0.0212659373554622
"6+4. ridge + AR","Information-communication",2025-09-30,12,2.03614437180581,10000,0.00163157657638612,2025-06-30,-0.0160974475343618
"6+4. ridge + AR","Information-communication",2025-12-31,12,2.03632681739655,10000,0.0150476153865753,2025-09-30,0.0239716974815245
"6+4. ridge + AR","Information-communication",2026-03-31,12,2.03625488292731,10000,-0.00134354681492285,2025-12-31,-0.00933597860249158
"6+4. ridge + AR","Finances et assurances",2014-06-30,20,5.53419032478882,92.4914727721734,0.0099148110772662,2014-03-31,0.00979204446059612
"6+4. ridge + AR","Finances et assurances",2014-09-30,20,6.20240578030725,67.6875000945853,0.0090000673019394,2014-06-30,0.0108712876306072
"6+4. ridge + AR","Finances et assurances",2014-12-31,20,6.23537187517593,67.6875000945853,0.0127685041339895,2014-09-30,0.00817212302553116
"6+4. ridge + AR","Finances et assurances",2015-03-31,23,5.33952950638084,126.38482029343,0.0101086898104307,2014-12-31,0.0025733872860485
"6+4. ridge + AR","Finances et assurances",2015-06-30,23,9.77364019455159,26.5294846443189,0.0219024748017184,2015-03-31,-0.000283635140750249
"6+4. ridge + AR","Finances et assurances",2015-09-30,23,8.85366932405814,36.2511704998854,0.00885129176651338,2015-06-30,0.00555168992811517
"6+4. ridge + AR","Finances et assurances",2015-12-31,23,8.8311738811045,36.2511704998854,0.01095193137788,2015-09-30,0.0216448096360278
"6+4. ridge + AR","Finances et assurances",2016-03-31,23,9.91704848625264,26.5294846443189,-0.00553937910854358,2015-12-31,0.0116644403276638
"6+4. ridge + AR","Finances et assurances",2016-06-30,25,5.61647528343208,126.38482029343,0.0122958679863931,2016-03-31,0.0132480316692885
"6+4. ridge + AR","Finances et assurances",2016-09-30,25,9.23063696649098,36.2511704998854,0.00843327684990185,2016-06-30,0.0406230501366736
"6+4. ridge + AR","Finances et assurances",2016-12-31,25,7.27364975268865,67.6875000945853,0.0122334322157691,2016-09-30,-0.0101673768515305
"6+4. ridge + AR","Finances et assurances",2017-03-31,25,7.32956201752144,67.6875000945853,0.000981692252098583,2016-12-31,0.00552692213443429
"6+4. ridge + AR","Finances et assurances",2017-06-30,25,8.32916730464443,49.5353520895917,0.023768426176188,2017-03-31,0.0236163865511507
"6+4. ridge + AR","Finances et assurances",2017-09-30,25,8.22757677672566,49.5353520895917,0.0113207260638371,2017-06-30,-0.00152331413688955
"6+4. ridge + AR","Finances et assurances",2017-12-31,25,9.2590059842572,36.2511704998854,0.000976363056947691,2017-09-30,-0.00363516724733692
"6+4. ridge + AR","Finances et assurances",2018-03-31,25,9.25407425526682,36.2511704998854,-0.00339562073663083,2017-12-31,0.0129764503213643
"6+4. ridge + AR","Finances et assurances",2018-06-30,28,6.7862876133863,92.4914727721734,0.014118776281438,2018-03-31,-0.00435156893570188
"6+4. ridge + AR","Finances et assurances",2018-09-30,28,5.92634850885822,126.38482029343,0.0124275398431298,2018-06-30,0.00735193248656962
"6+4. ridge + AR","Finances et assurances",2018-12-31,28,5.18811676181368,172.698329065944,0.00739346103404963,2018-09-30,0.0110438895944789
"6+4. ridge + AR","Finances et assurances",2019-03-31,28,5.91016114683457,126.38482029343,0.00689717219288292,2018-12-31,0.0315392522985256
"6+4. ridge + AR","Finances et assurances",2019-06-30,28,5.17238241507903,172.698329065944,0.00929779970001703,2019-03-31,0.000435811706188005
"6+4. ridge + AR","Finances et assurances",2019-09-30,28,3.54690022134839,440.623642777357,0.0101194881725462,2019-06-30,0.0130609593133908
"6+4. ridge + AR","Finances et assurances",2019-12-31,28,3.19983799773641,602.089449333612,0.00771175165310131,2019-09-30,0.00825566078032658
"6+4. ridge + AR","Finances et assurances",2020-03-31,28,2.51475592242695,1536.17494667183,0.00706213770747677,2019-12-31,-0.0212114526144092
"6+4. ridge + AR","Finances et assurances",2020-06-30,28,2.90839204398052,822.724134170047,0.0139340771952344,2020-03-31,0.0113083327777996
"6+4. ridge + AR","Finances et assurances",2020-09-30,28,2.38457492958125,2099.10372010855,0.00616128780737976,2020-06-30,0.00678756570547989
"6+4. ridge + AR","Finances et assurances",2020-12-31,28,2.91405117168688,822.724134170047,0.00671760263368025,2020-09-30,0.0114494849451461
"6+4. ridge + AR","Finances et assurances",2021-03-31,28,2.68948093745757,1124.21003506209,0.00575551596796479,2020-12-31,-0.00739307250548649
"6+4. ridge + AR","Finances et assurances",2021-06-30,28,2.08406899563629,10000,0.0107067195154289,2021-03-31,0.0281576114642981
"6+4. ridge + AR","Finances et assurances",2021-09-30,28,2.1540769443865,5355.6669177069,0.00329995298268631,2021-06-30,0.00585438399346749
"6+4. ridge + AR","Finances et assurances",2021-12-31,28,2.08354380801205,10000,0.00847541641483627,2021-09-30,0.016641170500078
"6+4. ridge + AR","Finances et assurances",2022-03-31,28,2.08339450985377,10000,0.00610437856490782,2021-12-31,0.0414257987284206
"6+4. ridge + AR","Finances et assurances",2022-06-30,28,2.90649673835497,822.724134170047,0.00520167227806456,2022-03-31,0.031410255383383
"6+4. ridge + AR","Finances et assurances",2022-09-30,28,5.15536556993172,172.698329065944,0.0137245745737198,2022-06-30,0.0122236867003789
"6+4. ridge + AR","Finances et assurances",2022-12-31,28,5.17192321191482,172.698329065944,0.00752807462772641,2022-09-30,0.00818990746985371
"6+4. ridge + AR","Finances et assurances",2023-03-31,28,5.18379406709893,172.698329065944,0.00777873396653439,2022-12-31,0.0177076136496304
"6+4. ridge + AR","Finances et assurances",2023-06-30,28,5.91747972861364,126.38482029343,0.0115010459839509,2023-03-31,0.0142309413674457
"6+4. ridge + AR","Finances et assurances",2023-09-30,28,7.69003337905426,67.6875000945853,0.0137638512820572,2023-06-30,0.0138611051650379
"6+4. ridge + AR","Finances et assurances",2023-12-31,28,7.68952848732071,67.6875000945853,0.00402809860001209,2023-09-30,0.0205123675274645
"6+4. ridge + AR","Finances et assurances",2024-03-31,28,5.92640995783669,126.38482029343,0.012149738398628,2023-12-31,0.034226988537851
"6+4. ridge + AR","Finances et assurances",2024-06-30,28,6.8626579782419,92.4914727721734,0.0144261866995904,2024-03-31,0.00677789865920531
"6+4. ridge + AR","Finances et assurances",2024-09-30,28,7.81004403724769,67.6875000945853,0.0134164634370015,2024-06-30,0.0307983277209374
"6+4. ridge + AR","Finances et assurances",2024-12-31,28,22.169164347864,0.458159766905449,0.0223525850350779,2024-09-30,0.024404004984877
"6+4. ridge + AR","Finances et assurances",2025-03-31,28,7.80044604099024,67.6875000945853,0.0144966064484222,2024-12-31,-0.00576523644903126
"6+4. ridge + AR","Finances et assurances",2025-06-30,28,22.7163584650951,0.335292414924956,-0.0228668318426805,2025-03-31,-0.000740007216192495
"6+4. ridge + AR","Finances et assurances",2025-09-30,28,8.98249659961989,49.5353520895917,0.00550295457350159,2025-06-30,0.0383171453817219
"6+4. ridge + AR","Finances et assurances",2025-12-31,28,5.26738212755216,172.698329065944,0.0184388891384041,2025-09-30,0.02252710319177
"6+4. ridge + AR","Finances et assurances",2026-03-31,28,5.25449250442666,172.698329065944,0.0139507995886295,2025-12-31,0.0131482423939122
"6+4. ridge + AR","Immobilier",2014-06-30,,,,,,-0.00347586163623959
"6+4. ridge + AR","Immobilier",2014-09-30,,,,,,-0.00217718876892725
"6+4. ridge + AR","Immobilier",2014-12-31,,,,,,-0.00175178666395936
"6+4. ridge + AR","Immobilier",2015-03-31,,,,,,0.000110265740545401
"6+4. ridge + AR","Immobilier",2015-06-30,,,,,,0.00268122505899093
"6+4. ridge + AR","Immobilier",2015-09-30,,,,,,0.00388518358887602
"6+4. ridge + AR","Immobilier",2015-12-31,,,,,,0.00438830891148179
"6+4. ridge + AR","Immobilier",2016-03-31,,,,,,0.0126521894411589
"6+4. ridge + AR","Immobilier",2016-06-30,3,2.00884192383128,10000,0.00774469508601594,2016-03-31,0.00642440146184065
"6+4. ridge + AR","Immobilier",2016-09-30,3,2.0089295349045,10000,0.00727409712910483,2016-06-30,0.00538883523628364
"6+4. ridge + AR","Immobilier",2016-12-31,3,2.00862378342127,10000,0.00712978024781298,2016-09-30,0.00381329164235744
"6+4. ridge + AR","Immobilier",2017-03-31,3,2.07123210985982,1124.21003506209,0.0070517221676554,2016-12-31,0.000111312238896488
"6+4. ridge + AR","Immobilier",2017-06-30,3,2.00828085779003,10000,0.00581074228674296,2017-03-31,0.00532846857096558
"6+4. ridge + AR","Immobilier",2017-09-30,3,2.00872194983501,10000,0.00615439290337284,2017-06-30,0.00538413091038592
"6+4. ridge + AR","Immobilier",2017-12-31,3,2.0089852440934,10000,0.00611273324472398,2017-09-30,0.00537094450904618
"6+4. ridge + AR","Immobilier",2018-03-31,3,2.00900150632306,10000,0.00610411521296442,2017-12-31,0.0139842136362436
"6+4. ridge + AR","Immobilier",2018-06-30,3,2.00897625015187,10000,0.00695532401306803,2018-03-31,0.00709820759588098
"6+4. ridge + AR","Immobilier",2018-09-30,3,2.00833562681159,10000,0.0067187256459653,2018-06-30,0.00546983793104339
"6+4. ridge + AR","Immobilier",2018-12-31,3,2.00830647946315,10000,0.00672985983107894,2018-09-30,0.00429779031723321
"6+4. ridge + AR","Immobilier",2019-03-31,3,2.00820832335699,10000,0.006373001550964,2018-12-31,0.00697990763877421
"6+4. ridge + AR","Immobilier",2019-06-30,3,2.00831896883063,10000,0.00589599666681479,2019-03-31,0.00407965402671806
"6+4. ridge + AR","Immobilier",2019-09-30,3,2.0090634424275,10000,0.00587041381582498,2019-06-30,0.0012246541882952
"6+4. ridge + AR","Immobilier",2019-12-31,3,2.00900240909815,10000,0.00543030591624095,2019-09-30,-0.00107461592825686
"6+4. ridge + AR","Immobilier",2020-03-31,3,2.0090996225983,10000,0.00514308004213103,2019-12-31,-0.0121506955111226
"6+4. ridge + AR","Immobilier",2020-06-30,3,2.00898301864657,10000,0.00471575465180166,2020-03-31,0.00154778434759706
"6+4. ridge + AR","Immobilier",2020-09-30,3,2.00907992151001,10000,0.00397362113098972,2020-06-30,0.00248862454064991
"6+4. ridge + AR","Immobilier",2020-12-31,3,2.00901354782315,10000,0.00397717545360276,2020-09-30,0.00250256303301022
"6+4. ridge + AR","Immobilier",2021-03-31,3,2.00900100409317,10000,0.0037705035859976,2020-12-31,0.0186980933413192
"6+4. ridge + AR","Immobilier",2021-06-30,3,2.00906690390946,10000,0.00507219482835495,2021-03-31,0.00589086653339521
"6+4. ridge + AR","Immobilier",2021-09-30,3,2.0080716271165,10000,0.00462799133494003,2021-06-30,0.00489489217388339
"6+4. ridge + AR","Immobilier",2021-12-31,3,2.00818110911313,10000,0.00425649172749581,2021-09-30,-0.000185568621855481
"6+4. ridge + AR","Immobilier",2022-03-31,3,2.00792003495311,10000,0.00385850526139666,2021-12-31,-0.00613333557758722
"6+4. ridge + AR","Immobilier",2022-06-30,3,2.00796268623684,10000,0.00133275355601939,2022-03-31,0.000982294226966829
"6+4. ridge + AR","Immobilier",2022-09-30,3,2.00763975477846,10000,0.00256998024755349,2022-06-30,0.00192740181735829
"6+4. ridge + AR","Immobilier",2022-12-31,3,2.00750136366126,10000,0.00304156006362737,2022-09-30,0.00286217020537194
"6+4. ridge + AR","Immobilier",2023-03-31,3,2.03396031601641,2099.10372010855,0.00351687221029349,2022-12-31,0.0186492473499342
"6+4. ridge + AR","Immobilier",2023-06-30,3,2.26073485563222,235.983346678219,0.00931330804775535,2023-03-31,0.00433516318523708
"6+4. ridge + AR","Immobilier",2023-09-30,3,2.28784038818708,235.983346678219,0.00449114860012489,2023-06-30,0.000940152450292331
"6+4. ridge + AR","Immobilier",2023-12-31,3,2.16549455000968,440.623642777357,0.00337340401949822,2023-09-30,0.00367575702520995
"6+4. ridge + AR","Immobilier",2024-03-31,3,2.21800887213654,322.45905452964,0.00415235173131669,2023-12-31,0.019358859355199
"6+4. ridge + AR","Immobilier",2024-06-30,3,2.00774442584382,10000,0.00831199275098909,2024-03-31,0.00208616686757601
"6+4. ridge + AR","Immobilier",2024-09-30,3,2.00832763948437,10000,0.00392958586528807,2024-06-30,0.000572003912662211
"6+4. ridge + AR","Immobilier",2024-12-31,3,2.00832515389815,10000,0.00350954353381421,2024-09-30,0.00271140021348693
"6+4. ridge + AR","Immobilier",2025-03-31,3,2.00831684132817,10000,0.00390137480442384,2024-12-31,0.0241904984463055
"6+4. ridge + AR","Immobilier",2025-06-30,3,2.00825780705991,10000,0.00820925262819105,2025-03-31,0.00225126559195132
"6+4. ridge + AR","Immobilier",2025-09-30,3,2.00809975416459,10000,0.00457753839003612,2025-06-30,0.00139883513399042
"6+4. ridge + AR","Immobilier",2025-12-31,3,2.00811151463124,10000,0.00436535089602775,2025-09-30,0.00356943094849527
"6+4. ridge + AR","Immobilier",2026-03-31,4,2.01110897697692,10000,0.00453616245450041,2025-12-31,0.0145414287128816
"6+4. ridge + AR, fenetre 48","Agriculture",2014-06-30,3,4.78828021283251,0.245375110663982,-0.0518530643504788,2014-03-31,0.0364714396168857
"6+4. ridge + AR, fenetre 48","Agriculture",2014-09-30,3,4.73516641857056,0.335292414924956,-0.00532420248875628,2014-06-30,0.0235744177595567
"6+4. ridge + AR, fenetre 48","Agriculture",2014-12-31,3,4.74324281882977,0.335292414924956,0.0251115198383206,2014-09-30,0.0253025688850634
"6+4. ridge + AR, fenetre 48","Agriculture",2015-03-31,3,4.74783005935801,0.335292414924956,-0.00730661251626973,2014-12-31,0.0521449979479787
"6+4. ridge + AR, fenetre 48","Agriculture",2015-06-30,3,4.69259556854467,0.458159766905449,0.0123603360560748,2015-03-31,0.0317672490600582
"6+4. ridge + AR, fenetre 48","Agriculture",2015-09-30,3,4.69947199849823,0.458159766905449,-0.0182406816788694,2015-06-30,0.0329272719732145
"6+4. ridge + AR, fenetre 48","Agriculture",2015-12-31,3,4.70823025757014,0.458159766905449,-0.00783246995784953,2015-09-30,0.00507799922861274
"6+4. ridge + AR, fenetre 48","Agriculture",2016-03-31,3,4.72317302664892,0.458159766905449,0.0317451128415674,2015-12-31,-0.265832646674593
"6+4. ridge + AR, fenetre 48","Agriculture",2016-06-30,3,3.59331165240182,14.2083083253392,-0.0105367504015516,2016-03-31,0.00748113104625325
"6+4. ridge + AR, fenetre 48","Agriculture",2016-09-30,3,3.60663737547975,14.2083083253392,-0.00424812424962839,2016-06-30,0.0239103237598961
"6+4. ridge + AR, fenetre 48","Agriculture",2016-12-31,3,3.61861960947281,14.2083083253392,0.00564621036108312,2016-09-30,0.00479642186034113
"6+4. ridge + AR, fenetre 48","Agriculture",2017-03-31,3,3.63080438879229,14.2083083253392,-0.0278368853150666,2016-12-31,0.156411418832823
"6+4. ridge + AR, fenetre 48","Agriculture",2017-06-30,3,2.01181449362809,10000,0.00720759751147097,2017-03-31,0.031215998995707
"6+4. ridge + AR, fenetre 48","Agriculture",2017-09-30,3,2.01210989510285,10000,0.00812362398174379,2017-06-30,-0.001589953838673
"6+4. ridge + AR, fenetre 48","Agriculture",2017-12-31,3,3.07396393410166,49.5353520895917,0.00674129236031835,2017-09-30,-0.00572029123758178
"6+4. ridge + AR, fenetre 48","Agriculture",2018-03-31,3,3.08570230436934,49.5353520895917,0.00774345019529284,2017-12-31,0.033613953651912
"6+4. ridge + AR, fenetre 48","Agriculture",2018-06-30,3,3.25234809145281,36.2511704998854,0.00684332997583678,2018-03-31,0.0315396357748075
"6+4. ridge + AR, fenetre 48","Agriculture",2018-09-30,3,3.26343972652802,36.2511704998854,-0.0310833948905686,2018-06-30,-0.0076855501979054
"6+4. ridge + AR, fenetre 48","Agriculture",2018-12-31,3,2.83096227120634,92.4914727721734,0.0120159842027805,2018-09-30,-0.00708189895160238
"6+4. ridge + AR, fenetre 48","Agriculture",2019-03-31,3,2.69576104500453,126.38482029343,0.026266909229043,2018-12-31,-0.0674225881272044
"6+4. ridge + AR, fenetre 48","Agriculture",2019-06-30,3,2.01392111152668,10000,0.00371003467838514,2019-03-31,0.0269576277375521
"6+4. ridge + AR, fenetre 48","Agriculture",2019-09-30,3,2.01399194257997,10000,0.0156195886032993,2019-06-30,-0.00378790367855686
"6+4. ridge + AR, fenetre 48","Agriculture",2019-12-31,3,2.01399202435266,10000,0.0111205273773094,2019-09-30,-0.00545796285781641
"6+4. ridge + AR, fenetre 48","Agriculture",2020-03-31,3,2.01399208527078,10000,0.0102400005897655,2019-12-31,-0.0733468122559131
"6+4. ridge + AR, fenetre 48","Agriculture",2020-06-30,3,2.01399097637052,10000,-0.00221550049487175,2020-03-31,0.00964980812139338
"6+4. ridge + AR, fenetre 48","Agriculture",2020-09-30,3,2.01395504367447,10000,0.00884474626478015,2020-06-30,-0.0341340216865049
"6+4. ridge + AR, fenetre 48","Agriculture",2020-12-31,3,2.01396085389658,10000,0.00224059167878569,2020-09-30,-0.00972120420603417
"6+4. ridge + AR, fenetre 48","Agriculture",2021-03-31,3,2.01395817356052,10000,0.00392733143578358,2020-12-31,0.198088349077135
"6+4. ridge + AR, fenetre 48","Agriculture",2021-06-30,3,2.0139253412557,10000,0.0198960610569984,2021-03-31,0.00736929305629452
"6+4. ridge + AR, fenetre 48","Agriculture",2021-09-30,3,2.01395463111395,10000,0.00701052391824905,2021-06-30,-0.00217917484074093
"6+4. ridge + AR, fenetre 48","Agriculture",2021-12-31,3,2.01395388072487,10000,0.00598857355910307,2021-09-30,-0.00946965224747842
"6+4. ridge + AR, fenetre 48","Agriculture",2022-03-31,3,2.01395667604674,10000,0.00524990007975936,2021-12-31,-0.106650718690272
"6+4. ridge + AR, fenetre 48","Agriculture",2022-06-30,3,2.01395391364348,10000,0.00038256361874686,2022-03-31,-0.00714754922684868
"6+4. ridge + AR, fenetre 48","Agriculture",2022-09-30,3,2.01396919796341,10000,0.00330785475203696,2022-06-30,0.0022277626879923
"6+4. ridge + AR, fenetre 48","Agriculture",2022-12-31,3,2.01397139667275,10000,0.00346799632745291,2022-09-30,-0.00919879348349895
"6+4. ridge + AR, fenetre 48","Agriculture",2023-03-31,3,2.01396737318877,10000,0.00240988808130801,2022-12-31,0.0350757280012495
"6+4. ridge + AR, fenetre 48","Agriculture",2023-06-30,3,2.01396927917636,10000,0.00506413337907063,2023-03-31,-0.0122701816794795
"6+4. ridge + AR, fenetre 48","Agriculture",2023-09-30,3,2.01396468649288,10000,0.00211934773785812,2023-06-30,-0.00378759914928928
"6+4. ridge + AR, fenetre 48","Agriculture",2023-12-31,3,2.01397280755226,10000,0.00234411529782877,2023-09-30,-0.00788085316350973
"6+4. ridge + AR, fenetre 48","Agriculture",2024-03-31,3,2.01396255600145,10000,0.00218578622132358,2023-12-31,-0.0365847420386523
"6+4. ridge + AR, fenetre 48","Agriculture",2024-06-30,3,2.0139550776627,10000,0.00328686573863437,2024-03-31,-0.00664188506091534
"6+4. ridge + AR, fenetre 48","Agriculture",2024-09-30,3,2.01397670835957,10000,0.00337087098403889,2024-06-30,-0.0112104142680227
"6+4. ridge + AR, fenetre 48","Agriculture",2024-12-31,3,2.01397289399034,10000,0.00252894067162338,2024-09-30,-0.00435261931916919
"6+4. ridge + AR, fenetre 48","Agriculture",2025-03-31,3,2.01397233071689,10000,0.00232992573311137,2024-12-31,0.100359632990509
"6+4. ridge + AR, fenetre 48","Agriculture",2025-06-30,3,2.0139742351166,10000,0.00764123879314214,2025-03-31,-0.00473311427913181
"6+4. ridge + AR, fenetre 48","Agriculture",2025-09-30,3,2.01394610851372,10000,0.00206669652909364,2025-06-30,-0.0140787530247088
"6+4. ridge + AR, fenetre 48","Agriculture",2025-12-31,3,4.77671956778591,0.458159766905449,-0.00701666434823392,2025-09-30,-0.00148214583971118
"6+4. ridge + AR, fenetre 48","Agriculture",2026-03-31,3,4.7768337512752,0.458159766905449,0.00471637070406819,2025-12-31,0.189386571246226
"6+4. ridge + AR, fenetre 48","Pêche",2014-06-30,2,3.39147625244312,10.3979841848149,0.0193190441244704,2014-03-31,0.238884348531972
"6+4. ridge + AR, fenetre 48","Pêche",2014-09-30,2,3.27141572355699,14.2083083253392,-0.0629301335777328,2014-06-30,-0.0842585990548885
"6+4. ridge + AR, fenetre 48","Pêche",2014-12-31,2,3.2905048427411,14.2083083253392,0.109704795480513,2014-09-30,0.0971925333013068
"6+4. ridge + AR, fenetre 48","Pêche",2015-03-31,2,3.30742303311472,14.2083083253392,-0.00371152396618882,2014-12-31,-0.0182664312630081
"6+4. ridge + AR, fenetre 48","Pêche",2015-06-30,2,3.32162469756451,14.2083083253392,0.0489480081580888,2015-03-31,0.0112681719167798
"6+4. ridge + AR, fenetre 48","Pêche",2015-09-30,2,3.33508360494432,14.2083083253392,0.0561848317888507,2015-06-30,-0.0240378912771044
"6+4. ridge + AR, fenetre 48","Pêche",2015-12-31,2,3.34827875084338,14.2083083253392,0.0134042764872354,2015-09-30,0.0711997243889542
"6+4. ridge + AR, fenetre 48","Pêche",2016-03-31,2,3.36052286171944,14.2083083253392,0.0264825581533032,2015-12-31,0.0522788830555712
"6+4. ridge + AR, fenetre 48","Pêche",2016-06-30,2,3.37226132781598,14.2083083253392,0.0102396207664415,2016-03-31,-0.0692837716719641
"6+4. ridge + AR, fenetre 48","Pêche",2016-09-30,2,3.38374016709538,14.2083083253392,0.0546414407216525,2016-06-30,-0.0707389562407208
"6+4. ridge + AR, fenetre 48","Pêche",2016-12-31,2,3.39446669259387,14.2083083253392,0.0583093762030567,2016-09-30,0.100756292896915
"6+4. ridge + AR, fenetre 48","Pêche",2017-03-31,2,3.40569120073621,14.2083083253392,0.0288230786426674,2016-12-31,-0.0981301116583815
"6+4. ridge + AR, fenetre 48","Pêche",2017-06-30,2,3.42430103997349,14.2083083253392,0.0784123215085595,2017-03-31,-0.0199501670707116
"6+4. ridge + AR, fenetre 48","Pêche",2017-09-30,2,3.4346507623329,14.2083083253392,0.0323112036601121,2017-06-30,0.0209332096664658
"6+4. ridge + AR, fenetre 48","Pêche",2017-12-31,2,3.44436737799959,14.2083083253392,0.0180068120884864,2017-09-30,-0.0659095853471712
"6+4. ridge + AR, fenetre 48","Pêche",2018-03-31,2,3.45359859305989,14.2083083253392,0.053806127904925,2017-12-31,-0.118526708999348
"6+4. ridge + AR, fenetre 48","Pêche",2018-06-30,2,3.46289081086655,14.2083083253392,0.0738462766574421,2018-03-31,0.0565619820165848
"6+4. ridge + AR, fenetre 48","Pêche",2018-09-30,2,3.47154137918096,14.2083083253392,-0.0825681522676897,2018-06-30,-0.0520428663582821
"6+4. ridge + AR, fenetre 48","Pêche",2018-12-31,2,3.50458785533515,14.2083083253392,0.023839455077207,2018-09-30,0.0519498128058951
"6+4. ridge + AR, fenetre 48","Pêche",2019-03-31,2,3.51371541216937,14.2083083253392,0.0446158429999027,2018-12-31,0.165886600744615
"6+4. ridge + AR, fenetre 48","Pêche",2019-06-30,2,3.62742988566748,10.3979841848149,-0.0497982658924534,2019-03-31,-0.10051090919398
"6+4. ridge + AR, fenetre 48","Pêche",2019-09-30,2,3.71473053477344,7.60949668545988,0.043481646282515,2019-06-30,0.107189386187184
"6+4. ridge + AR, fenetre 48","Pêche",2019-12-31,2,3.71502252420705,7.60949668545988,-0.0415081708528805,2019-09-30,-0.178444977080698
"6+4. ridge + AR, fenetre 48","Pêche",2020-03-31,2,3.71418493505699,7.60949668545988,0.143542451259591,2019-12-31,0.250419564323746
"6+4. ridge + AR, fenetre 48","Pêche",2020-06-30,2,3.71315071421719,7.60949668545988,-0.0885833526289099,2020-03-31,-0.182744294243855
"6+4. ridge + AR, fenetre 48","Pêche",2020-09-30,2,3.71452288239389,7.60949668545988,0.0836908428635431,2020-06-30,0.449867423442043
"6+4. ridge + AR, fenetre 48","Pêche",2020-12-31,2,3.63026506209194,10.3979841848149,-0.213526535013817,2020-09-30,-0.549113253084071
"6+4. ridge + AR, fenetre 48","Pêche",2021-03-31,2,3.63162721559719,10.3979841848149,0.39968109000956,2020-12-31,0.301831328865735
"6+4. ridge + AR, fenetre 48","Pêche",2021-06-30,2,3.6333676549483,10.3979841848149,-0.174637665982955,2021-03-31,0.086451616600093
"6+4. ridge + AR, fenetre 48","Pêche",2021-09-30,2,3.63306407690428,10.3979841848149,-0.0395511420423813,2021-06-30,-0.0880960598262783
"6+4. ridge + AR, fenetre 48","Pêche",2021-12-31,2,3.63270148676254,10.3979841848149,0.0691992599307824,2021-09-30,0.102924635387614
"6+4. ridge + AR, fenetre 48","Pêche",2022-03-31,2,3.63241590899748,10.3979841848149,-0.0301092373458182,2021-12-31,-0.251794115386521
"6+4. ridge + AR, fenetre 48","Pêche",2022-06-30,2,3.6322245996884,10.3979841848149,0.172390690829481,2022-03-31,0.0309075374630767
"6+4. ridge + AR, fenetre 48","Pêche",2022-09-30,2,3.71707354902854,7.60949668545988,0.003903399710062,2022-06-30,-0.424362348289532
"6+4. ridge + AR, fenetre 48","Pêche",2022-12-31,2,3.53036050057238,14.2083083253392,0.271595397803918,2022-09-30,0.537806048836181
"6+4. ridge + AR, fenetre 48","Pêche",2023-03-31,2,2.39886510724336,172.698329065944,-0.344328888871793,2022-12-31,-0.196422814008341
"6+4. ridge + AR, fenetre 48","Pêche",2023-06-30,2,2.31317209320497,235.983346678219,0.12333807629148,2023-03-31,0.108653138186501
"6+4. ridge + AR, fenetre 48","Pêche",2023-09-30,2,2.00931662444144,10000,-0.0607539309557941,2023-06-30,0.0833031314032056
"6+4. ridge + AR, fenetre 48","Pêche",2023-12-31,2,2.00931170337791,10000,-0.0391757412082746,2023-09-30,-0.169722558184949
"6+4. ridge + AR, fenetre 48","Pêche",2024-03-31,2,2.0093118633141,10000,0.124985213413466,2023-12-31,0.137736263229147
"6+4. ridge + AR, fenetre 48","Pêche",2024-06-30,2,2.00931857283714,10000,-0.0766452814151642,2024-03-31,-0.124393100066797
"6+4. ridge + AR, fenetre 48","Pêche",2024-09-30,2,2.00930929012445,10000,0.0938515682917912,2024-06-30,0.3409847439024
"6+4. ridge + AR, fenetre 48","Pêche",2024-12-31,2,2.00930637837478,10000,-0.219505921076048,2024-09-30,-0.314903192186618
"6+4. ridge + AR, fenetre 48","Pêche",2025-03-31,2,2.00932515870892,10000,0.232598781646722,2024-12-31,0.0879705045311976
"6+4. ridge + AR, fenetre 48","Pêche",2025-06-30,2,2.00933705185111,10000,-0.0615557518971212,2025-03-31,-0.202438183367684
"6+4. ridge + AR, fenetre 48","Pêche",2025-09-30,2,2.00932617367063,10000,0.140349179337816,2025-06-30,0.141488674493727
"6+4. ridge + AR, fenetre 48","Pêche",2025-12-31,2,2.07905510855039,1124.21003506209,-0.101011257109741,2025-09-30,-0.181089428496749
"6+4. ridge + AR, fenetre 48","Pêche",2026-03-31,2,2.00933546958607,10000,0.131817057496445,2025-12-31,0.222874852773161
"6+4. ridge + AR, fenetre 48","Industrie d'extraction",2014-06-30,,,,,,-0.00618613651727884
"6+4. ridge + AR, fenetre 48","Industrie d'extraction",2014-09-30,,,,,,-0.015888470256332
"6+4. ridge + AR, fenetre 48","Industrie d'extraction",2014-12-31,,,,,,-0.0298633941618487
"6+4. ridge + AR, fenetre 48","Industrie d'extraction",2015-03-31,,,,,,0.00890133635762247
"6+4. ridge + AR, fenetre 48","Industrie d'extraction",2015-06-30,,,,,,0.0247954892566806
"6+4. ridge + AR, fenetre 48","Industrie d'extraction",2015-09-30,,,,,,0.0237021448250037
"6+4. ridge + AR, fenetre 48","Industrie d'extraction",2015-12-31,,,,,,-0.00879815197435896
"6+4. ridge + AR, fenetre 48","Industrie d'extraction",2016-03-31,,,,,,0.0161383433235596
"6+4. ridge + AR, fenetre 48","Industrie d'extraction",2016-06-30,,,,,,-0.0163339493026129
"6+4. ridge + AR, fenetre 48","Industrie d'extraction",2016-09-30,,,,,,0.0218474503756241
"6+4. ridge + AR, fenetre 48","Industrie d'extraction",2016-12-31,,,,,,0.025849664713844
"6+4. ridge + AR, fenetre 48","Industrie d'extraction",2017-03-31,,,,,,0.0185128254497453
"6+4. ridge + AR, fenetre 48","Industrie d'extraction",2017-06-30,,,,,,0.0955083840143161
"6+4. ridge + AR, fenetre 48","Industrie d'extraction",2017-09-30,,,,,,-0.0311769033996843
"6+4. ridge + AR, fenetre 48","Industrie d'extraction",2017-12-31,,,,,,0.0125783920146532
"6+4. ridge + AR, fenetre 48","Industrie d'extraction",2018-03-31,,,,,,-0.0244479675700369
"6+4. ridge + AR, fenetre 48","Industrie d'extraction",2018-06-30,,,,,,0.0081793613697414
"6+4. ridge + AR, fenetre 48","Industrie d'extraction",2018-09-30,,,,,,-0.0117710521370427
"6+4. ridge + AR, fenetre 48","Industrie d'extraction",2018-12-31,,,,,,-0.00327062290436331
"6+4. ridge + AR, fenetre 48","Industrie d'extraction",2019-03-31,3,2.35480529014041,322.45905452964,0.00473073988877414,2018-12-31,0.040057095335742
"6+4. ridge + AR, fenetre 48","Industrie d'extraction",2019-06-30,3,2.45750395952008,235.983346678219,0.00989635984503815,2019-03-31,-0.0225433471888596
"6+4. ridge + AR, fenetre 48","Industrie d'extraction",2019-09-30,3,2.58520948022623,172.698329065944,0.00537384408113333,2019-06-30,0.0109256734157306
"6+4. ridge + AR, fenetre 48","Industrie d'extraction",2019-12-31,3,2.58470907712792,172.698329065944,-0.00676463308767447,2019-09-30,0.00214620520732645
"6+4. ridge + AR, fenetre 48","Industrie d'extraction",2020-03-31,3,2.45885796864176,235.983346678219,-0.000647845754116826,2019-12-31,0.00506158820307512
"6+4. ridge + AR, fenetre 48","Industrie d'extraction",2020-06-30,3,2.45883052249168,235.983346678219,0.00594034620512166,2020-03-31,0.0237324718357801
"6+4. ridge + AR, fenetre 48","Industrie d'extraction",2020-09-30,3,2.45921546314438,235.983346678219,0.007211198463185,2020-06-30,-0.0110758122366672
"6+4. ridge + AR, fenetre 48","Industrie d'extraction",2020-12-31,3,2.45919100161119,235.983346678219,0.00389676984278441,2020-09-30,0.0282365373459843
"6+4. ridge + AR, fenetre 48","Industrie d'extraction",2021-03-31,3,2.0136142081026,10000,0.0107136035527912,2020-12-31,0.0506515529548963
"6+4. ridge + AR, fenetre 48","Industrie d'extraction",2021-06-30,3,2.01362165001231,10000,0.00942924182670919,2021-03-31,-0.0120026798414088
"6+4. ridge + AR, fenetre 48","Industrie d'extraction",2021-09-30,3,2.01318160708038,10000,0.00645503426611099,2021-06-30,0.0223534844760689
"6+4. ridge + AR, fenetre 48","Industrie d'extraction",2021-12-31,3,2.01323629728745,10000,0.0148940664720242,2021-09-30,-0.0143497716369634
"6+4. ridge + AR, fenetre 48","Industrie d'extraction",2022-03-31,3,2.01331598842348,10000,0.00551956009340715,2021-12-31,-0.138625872821352
"6+4. ridge + AR, fenetre 48","Industrie d'extraction",2022-06-30,3,2.012972609888,10000,0.00298898530836925,2022-03-31,-0.0689421152185421
"6+4. ridge + AR, fenetre 48","Industrie d'extraction",2022-09-30,3,2.01303755236768,10000,-0.00215951335055404,2022-06-30,-0.0421248811824597
"6+4. ridge + AR, fenetre 48","Industrie d'extraction",2022-12-31,3,2.0129275985041,10000,-0.00428893070747842,2022-09-30,-0.216757201746969
"6+4. ridge + AR, fenetre 48","Industrie d'extraction",2023-03-31,3,2.01296664510464,10000,-0.0629730688293456,2022-12-31,0.0973621473997142
"6+4. ridge + AR, fenetre 48","Industrie d'extraction",2023-06-30,3,2.01296730252968,10000,-0.00736009311597848,2023-03-31,2.03357431196594e-05
"6+4. ridge + AR, fenetre 48","Industrie d'extraction",2023-09-30,3,2.01329219742056,10000,-0.0025447804184905,2023-06-30,0.0733392840223264
"6+4. ridge + AR, fenetre 48","Industrie d'extraction",2023-12-31,3,2.01329494151688,10000,-0.00360343624359459,2023-09-30,0.113749741354164
"6+4. ridge + AR, fenetre 48","Industrie d'extraction",2024-03-31,3,2.01341303683474,10000,0.00491533320310768,2023-12-31,-0.0252607257677209
"6+4. ridge + AR, fenetre 48","Industrie d'extraction",2024-06-30,3,2.01348783462723,10000,0.00110220835652098,2024-03-31,0.0070152744335843
"6+4. ridge + AR, fenetre 48","Industrie d'extraction",2024-09-30,3,2.01356514988476,10000,0.0019964673282704,2024-06-30,0.022117053793357
"6+4. ridge + AR, fenetre 48","Industrie d'extraction",2024-12-31,3,2.01356288790392,10000,0.00219353387330762,2024-09-30,-0.0056609646746999
"6+4. ridge + AR, fenetre 48","Industrie d'extraction",2025-03-31,3,2.01359229726499,10000,0.00107287698317214,2024-12-31,0.0657933092045351
"6+4. ridge + AR, fenetre 48","Industrie d'extraction",2025-06-30,3,2.01358242113263,10000,0.00577233991072788,2025-03-31,0.046428686738258
"6+4. ridge + AR, fenetre 48","Industrie d'extraction",2025-09-30,3,2.01369911270327,10000,0.00701466708850712,2025-06-30,-0.0306857679206729
"6+4. ridge + AR, fenetre 48","Industrie d'extraction",2025-12-31,3,2.01371963004486,10000,0.00202726111225336,2025-09-30,-0.0912476795593946
"6+4. ridge + AR, fenetre 48","Industrie d'extraction",2026-03-31,3,2.0137044540878,10000,-0.0056222797481469,2025-12-31,0.0429938589024168
"6+4. ridge + AR, fenetre 48","Industrie de transformation",2014-06-30,18,3.22373098856688,322.45905452964,0.012315400578911,2014-03-31,0.0134903455131372
"6+4. ridge + AR, fenetre 48","Industrie de transformation",2014-09-30,18,3.60486410358303,235.983346678219,0.00665181285236919,2014-06-30,0.00323811979902189
"6+4. ridge + AR, fenetre 48","Industrie de transformation",2014-12-31,18,3.65013770333493,235.983346678219,0.00465751993396277,2014-09-30,-0.0476741243890952
"6+4. ridge + AR, fenetre 48","Industrie de transformation",2015-03-31,18,4.10844443984259,172.698329065944,-0.00985192312939913,2014-12-31,0.0304379715047673
"6+4. ridge + AR, fenetre 48","Industrie de transformation",2015-06-30,18,3.72334026451876,235.983346678219,0.00804358854156181,2015-03-31,0.0194938047357773
"6+4. ridge + AR, fenetre 48","Industrie de transformation",2015-09-30,18,3.77719389006523,235.983346678219,0.00689756628348042,2015-06-30,0.00620713596259748
"6+4. ridge + AR, fenetre 48","Industrie de transformation",2015-12-31,18,3.82213610552333,235.983346678219,0.00629936267483286,2015-09-30,-0.00664650552544366
"6+4. ridge + AR, fenetre 48","Industrie de transformation",2016-03-31,18,3.8661749062969,235.983346678219,0.00552674884284148,2015-12-31,-0.00323991776717136
"6+4. ridge + AR, fenetre 48","Industrie de transformation",2016-06-30,18,3.9064323591908,235.983346678219,0.00952746341457521,2016-03-31,-0.00999549769479913
"6+4. ridge + AR, fenetre 48","Industrie de transformation",2016-09-30,18,3.54610570416619,322.45905452964,0.00401984051623686,2016-06-30,0.0228243332255111
"6+4. ridge + AR, fenetre 48","Industrie de transformation",2016-12-31,18,3.57840133808507,322.45905452964,0.00185456957601311,2016-09-30,0.0116788252925897
"6+4. ridge + AR, fenetre 48","Industrie de transformation",2017-03-31,18,2.97308110306905,602.089449333612,0.00699635509597467,2016-12-31,0.00953178833632684
"6+4. ridge + AR, fenetre 48","Industrie de transformation",2017-06-30,18,2.99487319347538,602.089449333612,0.00840045596341079,2017-03-31,0.0149267146411702
"6+4. ridge + AR, fenetre 48","Industrie de transformation",2017-09-30,18,3.31717777232193,440.623642777357,0.00812561724979988,2017-06-30,-0.0114616897126858
"6+4. ridge + AR, fenetre 48","Industrie de transformation",2017-12-31,18,3.34478384325121,440.623642777357,0.00548777678292855,2017-09-30,0.00280821148239063
"6+4. ridge + AR, fenetre 48","Industrie de transformation",2018-03-31,18,3.37192213884283,440.623642777357,0.0078989110619294,2017-12-31,0.0234087617899217
"6+4. ridge + AR, fenetre 48","Industrie de transformation",2018-06-30,18,3.39802256200151,440.623642777357,0.00996131181189352,2018-03-31,-0.00382899876597698
"6+4. ridge + AR, fenetre 48","Industrie de transformation",2018-09-30,18,3.42409533721035,440.623642777357,0.00446937560358301,2018-06-30,0.0197648970716831
"6+4. ridge + AR, fenetre 48","Industrie de transformation",2018-12-31,18,3.13303772699625,602.089449333612,0.00790104041901701,2018-09-30,0.00254844063750426
"6+4. ridge + AR, fenetre 48","Industrie de transformation",2019-03-31,18,3.4905218090084,440.623642777357,0.00358567187489434,2018-12-31,0.00525129663060397
"6+4. ridge + AR, fenetre 48","Industrie de transformation",2019-06-30,18,3.15024919277483,602.089449333612,0.00827871190971402,2019-03-31,0.0369509505888086
"6+4. ridge + AR, fenetre 48","Industrie de transformation",2019-09-30,18,2.67076226998047,1124.21003506209,0.00939275447418952,2019-06-30,-0.0175063522194137
"6+4. ridge + AR, fenetre 48","Industrie de transformation",2019-12-31,18,2.1126951680311,7318.24221907618,0.00649125520392921,2019-09-30,-0.00688096519466086
"6+4. ridge + AR, fenetre 48","Industrie de transformation",2020-03-31,18,2.08276831317014,10000,0.00552435074703708,2019-12-31,-0.00162253854886352
"6+4. ridge + AR, fenetre 48","Industrie de transformation",2020-06-30,18,2.08281060078086,10000,0.00519810195618881,2020-03-31,-0.213797918505946
"6+4. ridge + AR, fenetre 48","Industrie de transformation",2020-09-30,18,2.08261729779541,10000,-0.0303663913150794,2020-06-30,0.176609534773862
"6+4. ridge + AR, fenetre 48","Industrie de transformation",2020-12-31,18,2.08244599700774,10000,-0.097407953227982,2020-09-30,-0.00858663289649719
"6+4. ridge + AR, fenetre 48","Industrie de transformation",2021-03-31,18,2.08241000092175,10000,0.00998156894828253,2020-12-31,0.0682885003101887
"6+4. ridge + AR, fenetre 48","Industrie de transformation",2021-06-30,18,2.08245613089459,10000,-0.0203576355243178,2021-03-31,-0.0226087358268856
"6+4. ridge + AR, fenetre 48","Industrie de transformation",2021-09-30,18,2.08233419727139,10000,0.0195299739417127,2021-06-30,0.0119171102444078
"6+4. ridge + AR, fenetre 48","Industrie de transformation",2021-12-31,18,2.08234460099741,10000,0.00372675615439783,2021-09-30,0.0157395324071921
"6+4. ridge + AR, fenetre 48","Industrie de transformation",2022-03-31,60,7.755560364934,322.45905452964,0.00104523578497069,2021-12-31,-0.00935236645143078
"6+4. ridge + AR, fenetre 48","Industrie de transformation",2022-06-30,61,10.8649581817305,172.698329065944,0.0219609606738707,2022-03-31,0.0265199585031901
"6+4. ridge + AR, fenetre 48","Industrie de transformation",2022-09-30,61,10.884962405253,172.698329065944,-0.0103617833529501,2022-06-30,0.00503674468161641
"6+4. ridge + AR, fenetre 48","Industrie de transformation",2022-12-31,61,12.6736677046659,126.38482029343,0.0137664840680923,2022-09-30,-0.00375576483451212
"6+4. ridge + AR, fenetre 48","Industrie de transformation",2023-03-31,61,12.7365271547356,126.38482029343,0.0312304736541347,2022-12-31,0.00769564383733545
"6+4. ridge + AR, fenetre 48","Industrie de transformation",2023-06-30,61,10.9794617040252,172.698329065944,0.000318241008518406,2023-03-31,-0.0170061439275049
"6+4. ridge + AR, fenetre 48","Industrie de transformation",2023-09-30,61,11.0189905408569,172.698329065944,0.0237643883270681,2023-06-30,0.0317188158621384
"6+4. ridge + AR, fenetre 48","Industrie de transformation",2023-12-31,61,11.002664681431,172.698329065944,-0.00493585714588725,2023-09-30,0.0560799603193818
"6+4. ridge + AR, fenetre 48","Industrie de transformation",2024-03-31,61,12.7907313191625,126.38482029343,-0.00400732888663882,2023-12-31,-0.0663244948448725
"6+4. ridge + AR, fenetre 48","Industrie de transformation",2024-06-30,61,9.37572778448179,235.983346678219,0.0323653578400636,2024-03-31,-0.00790860641250291
"6+4. ridge + AR, fenetre 48","Industrie de transformation",2024-09-30,61,12.8395306210604,126.38482029343,0.0238335656401438,2024-06-30,0.069343487988764
"6+4. ridge + AR, fenetre 48","Industrie de transformation",2024-12-31,19,9.78565688196271,26.5294846443189,-0.0226146438063369,2024-09-30,0.0165418381598617
"6+4. ridge + AR, fenetre 48","Industrie de transformation",2025-03-31,19,9.75530569470374,26.5294846443189,-0.00454107587519222,2024-12-31,-0.0681965626927639
"6+4. ridge + AR, fenetre 48","Industrie de transformation",2025-06-30,19,10.5624238715047,19.4149194574388,0.0506917240373536,2025-03-31,0.0247579899121657
"6+4. ridge + AR, fenetre 48","Industrie de transformation",2025-09-30,18,2.082098171441,10000,-0.00317260996299778,2025-06-30,0.0308834262611075
"6+4. ridge + AR, fenetre 48","Industrie de transformation",2025-12-31,18,2.08217625109276,10000,-0.00504855969197249,2025-09-30,0.0330754169078045
"6+4. ridge + AR, fenetre 48","Industrie de transformation",2026-03-31,18,2.08213025506417,10000,-0.00531788661482063,2025-12-31,-0.101743963623765
"6+4. ridge + AR, fenetre 48","Électricité, gaz, eau",2014-06-30,9,2.04138888354119,10000,0.0178744706693976,2014-03-31,0.0332147863217731
"6+4. ridge + AR, fenetre 48","Électricité, gaz, eau",2014-09-30,9,2.04142244657276,10000,0.00708728387331033,2014-06-30,-0.00679393605210521
"6+4. ridge + AR, fenetre 48","Électricité, gaz, eau",2014-12-31,9,2.0413863749592,10000,0.0132360319585187,2014-09-30,-0.00857021450047135
"6+4. ridge + AR, fenetre 48","Électricité, gaz, eau",2015-03-31,9,2.04140029552319,10000,0.0128232978734501,2014-12-31,0.0437145225973961
"6+4. ridge + AR, fenetre 48","Électricité, gaz, eau",2015-06-30,10,2.04570107635416,10000,0.00491544586029526,2015-03-31,0.00610525562054143
"6+4. ridge + AR, fenetre 48","Électricité, gaz, eau",2015-09-30,10,2.04561150169358,10000,0.0106122258110533,2015-06-30,0.0103469379268244
"6+4. ridge + AR, fenetre 48","Électricité, gaz, eau",2015-12-31,10,2.04568616034734,10000,0.00915169290597682,2015-09-30,-0.00455943213512988
"6+4. ridge + AR, fenetre 48","Électricité, gaz, eau",2016-03-31,10,2.04565486984132,10000,0.0114544716131186,2015-12-31,0.000155955147615572
"6+4. ridge + AR, fenetre 48","Électricité, gaz, eau",2016-06-30,8,2.03635127575982,10000,0.0104849021507688,2016-03-31,-0.017175634556283
"6+4. ridge + AR, fenetre 48","Électricité, gaz, eau",2016-09-30,8,2.036322241622,10000,0.0128068445020008,2016-06-30,0.0711460023338066
"6+4. ridge + AR, fenetre 48","Électricité, gaz, eau",2016-12-31,8,2.03638764926381,10000,-0.00215357961138551,2016-09-30,-0.0359660643263187
"6+4. ridge + AR, fenetre 48","Électricité, gaz, eau",2017-03-31,8,2.03614589841268,10000,0.0180551401407505,2016-12-31,-0.00716286993772819
"6+4. ridge + AR, fenetre 48","Électricité, gaz, eau",2017-06-30,8,2.03609481776014,10000,0.0105895377155717,2017-03-31,0.0253000677575166
"6+4. ridge + AR, fenetre 48","Électricité, gaz, eau",2017-09-30,8,2.03607294493008,10000,0.00483246748938162,2017-06-30,0.0048164662893857
"6+4. ridge + AR, fenetre 48","Électricité, gaz, eau",2017-12-31,8,2.03609981994588,10000,0.00886834380591594,2017-09-30,0.0387992037287237
"6+4. ridge + AR, fenetre 48","Électricité, gaz, eau",2018-03-31,8,2.0361476346709,10000,0.00394599280162512,2017-12-31,0.0223262968366722
"6+4. ridge + AR, fenetre 48","Électricité, gaz, eau",2018-06-30,8,2.03618648755877,10000,0.00664795007447436,2018-03-31,-0.016153880771169
"6+4. ridge + AR, fenetre 48","Électricité, gaz, eau",2018-09-30,8,2.03630657871619,10000,0.0117095546954857,2018-06-30,0.0411974248960654
"6+4. ridge + AR, fenetre 48","Électricité, gaz, eau",2018-12-31,8,2.03645616469896,10000,0.00324521898023962,2018-09-30,0.0623784425554952
"6+4. ridge + AR, fenetre 48","Électricité, gaz, eau",2019-03-31,11,2.0501137006806,10000,0.00227579684456608,2018-12-31,0.0925664554057999
"6+4. ridge + AR, fenetre 48","Électricité, gaz, eau",2019-06-30,11,2.05040831324738,10000,0.0084533530987768,2019-03-31,-0.0124026726248605
"6+4. ridge + AR, fenetre 48","Électricité, gaz, eau",2019-09-30,11,2.05035706060149,10000,0.0136390785902759,2019-06-30,-0.0152269847098676
"6+4. ridge + AR, fenetre 48","Électricité, gaz, eau",2019-12-31,11,2.05028902579509,10000,0.0119988807735061,2019-09-30,-0.00625851062808103
"6+4. ridge + AR, fenetre 48","Électricité, gaz, eau",2020-03-31,11,2.05038822593974,10000,0.0108148199000228,2019-12-31,0.0213425854542955
"6+4. ridge + AR, fenetre 48","Électricité, gaz, eau",2020-06-30,11,2.05041167774414,10000,0.00907043004594302,2020-03-31,-0.0970147629221021
"6+4. ridge + AR, fenetre 48","Électricité, gaz, eau",2020-09-30,11,2.05041003312356,10000,0.0168134076873229,2020-06-30,0.114417799543279
"6+4. ridge + AR, fenetre 48","Électricité, gaz, eau",2020-12-31,11,2.05008261308478,10000,-0.00912319611984831,2020-09-30,-0.016022429172736
"6+4. ridge + AR, fenetre 48","Électricité, gaz, eau",2021-03-31,11,2.05010197268024,10000,0.0146750547921287,2020-12-31,0.0217529032326009
"6+4. ridge + AR, fenetre 48","Électricité, gaz, eau",2021-06-30,11,2.0501051505328,10000,0.00982759359418763,2021-03-31,0.0253032608158232
"6+4. ridge + AR, fenetre 48","Électricité, gaz, eau",2021-09-30,11,2.05007627493337,10000,0.0101108676580864,2021-06-30,0.0158724557012508
"6+4. ridge + AR, fenetre 48","Électricité, gaz, eau",2021-12-31,11,2.05032494452276,10000,0.013403539693914,2021-09-30,0.0138196358846692
"6+4. ridge + AR, fenetre 48","Électricité, gaz, eau",2022-03-31,13,6.26405461633327,67.6875000945853,0.0184527106947749,2021-12-31,-0.0635858178619184
"6+4. ridge + AR, fenetre 48","Électricité, gaz, eau",2022-06-30,13,7.12316704942127,49.5353520895917,0.00511595767700937,2022-03-31,0.00902096583624079
"6+4. ridge + AR, fenetre 48","Électricité, gaz, eau",2022-09-30,13,6.37181109167944,67.6875000945853,0.00595294355642462,2022-06-30,-0.00480416973629261
"6+4. ridge + AR, fenetre 48","Électricité, gaz, eau",2022-12-31,13,6.4163447353676,67.6875000945853,0.00232557874951769,2022-09-30,-0.0308377748401991
"6+4. ridge + AR, fenetre 48","Électricité, gaz, eau",2023-03-31,13,7.13758305611177,49.5353520895917,0.0374715903709609,2022-12-31,-0.122401604802485
"6+4. ridge + AR, fenetre 48","Électricité, gaz, eau",2023-06-30,13,4.41351482039958,172.698329065944,0.025760642099782,2023-03-31,0.0472201858772916
"6+4. ridge + AR, fenetre 48","Électricité, gaz, eau",2023-09-30,13,4.39338699719519,172.698329065944,0.000123524515539878,2023-06-30,0.00207719445817389
"6+4. ridge + AR, fenetre 48","Électricité, gaz, eau",2023-12-31,13,4.41590126041836,172.698329065944,-0.0041205860777078,2023-09-30,-0.0104818116311538
"6+4. ridge + AR, fenetre 48","Électricité, gaz, eau",2024-03-31,14,4.55923132636554,172.698329065944,0.00584504477969404,2023-12-31,0.0293667797510366
"6+4. ridge + AR, fenetre 48","Électricité, gaz, eau",2024-06-30,14,4.02980578309053,235.983346678219,0.00664619171667727,2024-03-31,-0.0474179307558522
"6+4. ridge + AR, fenetre 48","Électricité, gaz, eau",2024-09-30,14,4.03089989961706,235.983346678219,0.0228439869805788,2024-06-30,0.100587875391312
"6+4. ridge + AR, fenetre 48","Électricité, gaz, eau",2024-12-31,14,4.01613006511898,235.983346678219,-0.0214394973430675,2024-09-30,0.0115181001740545
"6+4. ridge + AR, fenetre 48","Électricité, gaz, eau",2025-03-31,14,4.01668931903238,235.983346678219,0.000366925420346864,2024-12-31,-0.0640900842189289
"6+4. ridge + AR, fenetre 48","Électricité, gaz, eau",2025-06-30,14,5.1730760971715,126.38482029343,0.0327873428007127,2025-03-31,-0.0109469608200001
"6+4. ridge + AR, fenetre 48","Électricité, gaz, eau",2025-09-30,14,4.53527450174208,172.698329065944,0.0171374358479026,2025-06-30,0.0726483567256153
"6+4. ridge + AR, fenetre 48","Électricité, gaz, eau",2025-12-31,15,5.34603796786496,126.38482029343,-0.0264358377376211,2025-09-30,-0.0191714590402032
"6+4. ridge + AR, fenetre 48","Électricité, gaz, eau",2026-03-31,15,4.71742044029537,172.698329065944,0.00549114095120467,2025-12-31,-0.0771317041623973
"6+4. ridge + AR, fenetre 48","Construction",2014-06-30,,,,,,0.00447736474689187
"6+4. ridge + AR, fenetre 48","Construction",2014-09-30,,,,,,-0.000619901584931526
"6+4. ridge + AR, fenetre 48","Construction",2014-12-31,,,,,,-0.0170090243189662
"6+4. ridge + AR, fenetre 48","Construction",2015-03-31,,,,,,-0.00530943948553997
"6+4. ridge + AR, fenetre 48","Construction",2015-06-30,,,,,,0.0209819845460189
"6+4. ridge + AR, fenetre 48","Construction",2015-09-30,,,,,,0.0115194109871428
"6+4. ridge + AR, fenetre 48","Construction",2015-12-31,,,,,,0.032079368271992
"6+4. ridge + AR, fenetre 48","Construction",2016-03-31,,,,,,0.0187855153946899
"6+4. ridge + AR, fenetre 48","Construction",2016-06-30,,,,,,-0.00501930687227414
"6+4. ridge + AR, fenetre 48","Construction",2016-09-30,,,,,,-0.00562759321653061
"6+4. ridge + AR, fenetre 48","Construction",2016-12-31,,,,,,-0.0052620417260254
"6+4. ridge + AR, fenetre 48","Construction",2017-03-31,,,,,,0.0132064022878779
"6+4. ridge + AR, fenetre 48","Construction",2017-06-30,,,,,,0.000867405836450175
"6+4. ridge + AR, fenetre 48","Construction",2017-09-30,,,,,,0.017936616006887
"6+4. ridge + AR, fenetre 48","Construction",2017-12-31,,,,,,-0.00784029652175278
"6+4. ridge + AR, fenetre 48","Construction",2018-03-31,,,,,,0.026272471549829
"6+4. ridge + AR, fenetre 48","Construction",2018-06-30,,,,,,0.00736116363280281
"6+4. ridge + AR, fenetre 48","Construction",2018-09-30,,,,,,-0.0192666965708348
"6+4. ridge + AR, fenetre 48","Construction",2018-12-31,,,,,,-0.0524286380169254
"6+4. ridge + AR, fenetre 48","Construction",2019-03-31,4,2.01780396805963,10000,-0.0149363087538013,2018-12-31,0.0166559720067418
"6+4. ridge + AR, fenetre 48","Construction",2019-06-30,4,2.01806821892957,10000,0.00811396375974695,2019-03-31,0.0481920910731386
"6+4. ridge + AR, fenetre 48","Construction",2019-09-30,4,2.01810437121241,10000,0.0153190939117789,2019-06-30,0.0125910845192418
"6+4. ridge + AR, fenetre 48","Construction",2019-12-31,4,2.01828114677159,10000,0.00793668641939249,2019-09-30,-0.0273069523615579
"6+4. ridge + AR, fenetre 48","Construction",2020-03-31,4,2.01838734792348,10000,0.00130167096916207,2019-12-31,0.000213553084455143
"6+4. ridge + AR, fenetre 48","Construction",2020-06-30,4,2.0181685028599,10000,0.00510054105730991,2020-03-31,-0.102776372819593
"6+4. ridge + AR, fenetre 48","Construction",2020-09-30,4,2.01803014401924,10000,-0.0203537258048179,2020-06-30,0.0356201479127147
"6+4. ridge + AR, fenetre 48","Construction",2020-12-31,4,2.01797108280868,10000,0.00268357986028362,2020-09-30,0.072642691639901
"6+4. ridge + AR, fenetre 48","Construction",2021-03-31,4,2.01812929265319,10000,0.00881108353146051,2020-12-31,-0.00494022963371066
"6+4. ridge + AR, fenetre 48","Construction",2021-06-30,4,2.01820732065081,10000,0.00488661610587752,2021-03-31,-0.00250132109599832
"6+4. ridge + AR, fenetre 48","Construction",2021-09-30,4,2.01821580636196,10000,0.00452604721151642,2021-06-30,0.0107028535882208
"6+4. ridge + AR, fenetre 48","Construction",2021-12-31,4,2.01825595342883,10000,0.00481582187051398,2021-09-30,0.00772099252970015
"6+4. ridge + AR, fenetre 48","Construction",2022-03-31,4,2.01825382524571,10000,0.00476158457543716,2021-12-31,-0.026866287683136
"6+4. ridge + AR, fenetre 48","Construction",2022-06-30,4,2.01824775821233,10000,0.00382004792939823,2022-03-31,-0.0038148328637746
"6+4. ridge + AR, fenetre 48","Construction",2022-09-30,4,2.20936429578683,822.724134170047,0.00359120906997711,2022-06-30,-0.0309753266623467
"6+4. ridge + AR, fenetre 48","Construction",2022-12-31,3,2.01350596074018,10000,0.00215337263236532,2022-09-30,-0.0138810252956052
"6+4. ridge + AR, fenetre 48","Construction",2023-03-31,3,2.01380470607776,10000,0.00187066950473435,2022-12-31,0.0264176726138974
"6+4. ridge + AR, fenetre 48","Construction",2023-06-30,3,2.01378690033652,10000,0.00332887260135741,2023-03-31,0.00252741405244095
"6+4. ridge + AR, fenetre 48","Construction",2023-09-30,3,2.01379660744647,10000,0.00270438148792369,2023-06-30,0.00248876146185317
"6+4. ridge + AR, fenetre 48","Construction",2023-12-31,3,2.01378977749059,10000,0.00250818156310398,2023-09-30,0.00486264809430104
"6+4. ridge + AR, fenetre 48","Construction",2024-03-31,3,2.01377423425638,10000,0.00246886189320171,2023-12-31,0.0243786805323758
"6+4. ridge + AR, fenetre 48","Construction",2024-06-30,3,2.01374756810856,10000,0.00330320316514702,2024-03-31,0.0131434129712957
"6+4. ridge + AR, fenetre 48","Construction",2024-09-30,3,2.01374451007789,10000,0.0033755123808135,2024-06-30,0.0334036782533733
"6+4. ridge + AR, fenetre 48","Construction",2024-12-31,3,2.01375619163327,10000,0.00502843894573511,2024-09-30,0.00587796447580935
"6+4. ridge + AR, fenetre 48","Construction",2025-03-31,3,2.0137233992605,10000,0.00376288267557166,2024-12-31,0.0164348782556303
"6+4. ridge + AR, fenetre 48","Construction",2025-06-30,3,2.01370999869877,10000,0.00471137757636182,2025-03-31,0.0173260458459641
"6+4. ridge + AR, fenetre 48","Construction",2025-09-30,3,2.01369795702496,10000,0.00505212507601123,2025-06-30,0.0230301767543057
"6+4. ridge + AR, fenetre 48","Construction",2025-12-31,3,2.01369980879972,10000,0.00551675224248919,2025-09-30,-0.000376710311417838
"6+4. ridge + AR, fenetre 48","Construction",2026-03-31,3,2.01370096718303,10000,0.00407220416166991,2025-12-31,-0.0250954841631064
"6+4. ridge + AR, fenetre 48","Commerce",2014-06-30,3,4.81749616566068,0.131414736261176,0.014790859725672,2014-03-31,0.00951978546845211
"6+4. ridge + AR, fenetre 48","Commerce",2014-09-30,3,4.82406629912611,0.131414736261176,0.00758154389041189,2014-06-30,-0.0115603603846139
"6+4. ridge + AR, fenetre 48","Commerce",2014-12-31,3,4.82812750991671,0.131414736261176,0.0104584821735144,2014-09-30,-0.0494865182085977
"6+4. ridge + AR, fenetre 48","Commerce",2015-03-31,3,4.78198013813603,0.179571449437164,-0.00492739836384878,2014-12-31,0.0315083401930245
"6+4. ridge + AR, fenetre 48","Commerce",2015-06-30,3,4.73132747584845,0.245375110663982,-0.00933963894214779,2015-03-31,0.0159370922398132
"6+4. ridge + AR, fenetre 48","Commerce",2015-09-30,3,4.67150363185592,0.335292414924956,0.0144529077054134,2015-06-30,-0.0019131817420277
"6+4. ridge + AR, fenetre 48","Commerce",2015-12-31,3,4.6783906361152,0.335292414924956,-0.0297068147704599,2015-09-30,0.00735412998310103
"6+4. ridge + AR, fenetre 48","Commerce",2016-03-31,3,3.64035552189518,10.3979841848149,0.00963930145839876,2015-12-31,-0.0158055279342868
"6+4. ridge + AR, fenetre 48","Commerce",2016-06-30,3,4.41365324053253,1.16895181649858,0.00034899289161219,2016-03-31,0.0133516373977667
"6+4. ridge + AR, fenetre 48","Commerce",2016-09-30,3,4.32574875713632,1.59731228006026,0.00277576745587822,2016-06-30,0.0267524972525734
"6+4. ridge + AR, fenetre 48","Commerce",2016-12-31,3,4.62916216888728,0.626051657201482,-0.00697794786867981,2016-09-30,0.0309847865136277
"6+4. ridge + AR, fenetre 48","Commerce",2017-03-31,3,4.55118664505629,0.855467253556568,0.00730803103516066,2016-12-31,0.00917546195855401
"6+4. ridge + AR, fenetre 48","Commerce",2017-06-30,3,4.56722163448071,0.855467253556568,0.0083479936638878,2017-03-31,-0.00349218376741867
"6+4. ridge + AR, fenetre 48","Commerce",2017-09-30,3,4.65455686687765,0.626051657201482,-0.00140401050220164,2017-06-30,-0.0111426180419461
"6+4. ridge + AR, fenetre 48","Commerce",2017-12-31,3,4.65861000827555,0.626051657201482,-0.00831351507464639,2017-09-30,0.0160473615406325
"6+4. ridge + AR, fenetre 48","Commerce",2018-03-31,3,4.43528781798669,1.59731228006026,0.0180658201526467,2017-12-31,-0.0230462931639384
"6+4. ridge + AR, fenetre 48","Commerce",2018-06-30,3,3.05070700176661,49.5353520895917,0.00834109347581051,2018-03-31,0.00870212621648037
"6+4. ridge + AR, fenetre 48","Commerce",2018-09-30,3,3.06296282717233,49.5353520895917,0.00288166661636136,2018-06-30,0.00962442845128741
"6+4. ridge + AR, fenetre 48","Commerce",2018-12-31,3,3.07317282498359,49.5353520895917,0.00621707593779515,2018-09-30,0.0165859648209938
"6+4. ridge + AR, fenetre 48","Commerce",2019-03-31,3,3.24143281003819,36.2511704998854,0.00647666563172412,2018-12-31,-0.0198319410856413
"6+4. ridge + AR, fenetre 48","Commerce",2019-06-30,3,3.24116420287457,36.2511704998854,0.00687372657724108,2019-03-31,0.0339504681612155
"6+4. ridge + AR, fenetre 48","Commerce",2019-09-30,3,3.0804244016406,49.5353520895917,0.00280929704267822,2019-06-30,-0.00535962123528755
"6+4. ridge + AR, fenetre 48","Commerce",2019-12-31,3,2.93029319818654,67.6875000945853,0.0036092188124544,2019-09-30,-0.0070521019456713
"6+4. ridge + AR, fenetre 48","Commerce",2020-03-31,3,2.78389946918078,92.4914727721734,0.0107260721071103,2019-12-31,-0.0169610578868529
"6+4. ridge + AR, fenetre 48","Commerce",2020-06-30,3,2.0129601768999,10000,0.0045055054377705,2020-03-31,-0.150671734390357
"6+4. ridge + AR, fenetre 48","Commerce",2020-09-30,3,2.01327092176434,10000,-0.00462262806213058,2020-06-30,0.108126994394249
"6+4. ridge + AR, fenetre 48","Commerce",2020-12-31,3,2.01322116433191,10000,-0.0332025761158688,2020-09-30,0.020045836468638
"6+4. ridge + AR, fenetre 48","Commerce",2021-03-31,3,3.39880208086596,26.5294846443189,-0.00318467285337672,2020-12-31,0.0273111173838672
"6+4. ridge + AR, fenetre 48","Commerce",2021-06-30,3,3.53728587530389,19.4149194574388,0.000928877850255339,2021-03-31,0.00987582878233084
"6+4. ridge + AR, fenetre 48","Commerce",2021-09-30,3,3.53031578226946,19.4149194574388,0.0191432389700169,2021-06-30,0.0199199534821144
"6+4. ridge + AR, fenetre 48","Commerce",2021-12-31,3,3.66704382682554,14.2083083253392,-0.00962214760892587,2021-09-30,0.0158034521479156
"6+4. ridge + AR, fenetre 48","Commerce",2022-03-31,15,8.67592723905935,26.5294846443189,0.054463398259332,2021-12-31,-0.0348034749137724
"6+4. ridge + AR, fenetre 48","Commerce",2022-06-30,15,8.54440492535127,26.5294846443189,0.0670832331416736,2022-03-31,0.007272295596783
"6+4. ridge + AR, fenetre 48","Commerce",2022-09-30,15,6.1482972151767,67.6875000945853,0.00745218812508652,2022-06-30,-0.00708032889736465
"6+4. ridge + AR, fenetre 48","Commerce",2022-12-31,15,10.0134127963734,14.2083083253392,0.0124148123692792,2022-09-30,0.0110248570649674
"6+4. ridge + AR, fenetre 48","Commerce",2023-03-31,15,10.1277176802641,14.2083083253392,-0.00394103373068397,2022-12-31,0.0160767305589786
"6+4. ridge + AR, fenetre 48","Commerce",2023-06-30,15,10.2432989376451,14.2083083253392,0.0218450539904378,2023-03-31,0.00646517716538497
"6+4. ridge + AR, fenetre 48","Commerce",2023-09-30,15,9.5852766554369,19.4149194574388,0.00364390532616844,2023-06-30,0.00237756549880963
"6+4. ridge + AR, fenetre 48","Commerce",2023-12-31,15,9.58660688875881,19.4149194574388,0.0135499442621431,2023-09-30,0.00844315463132972
"6+4. ridge + AR, fenetre 48","Commerce",2024-03-31,15,9.59343473695278,19.4149194574388,0.0124827661375758,2023-12-31,0.0184637520602795
"6+4. ridge + AR, fenetre 48","Commerce",2024-06-30,15,10.3354587333192,14.2083083253392,0.00383956755539823,2024-03-31,0.000290896215341618
"6+4. ridge + AR, fenetre 48","Commerce",2024-09-30,15,10.3698148492164,14.2083083253392,0.014989603512737,2024-06-30,0.0154439711545749
"6+4. ridge + AR, fenetre 48","Commerce",2024-12-31,3,3.79108762576617,10.3979841848149,0.0112445422680259,2024-09-30,0.00571468262867647
"6+4. ridge + AR, fenetre 48","Commerce",2025-03-31,3,3.7847462444547,10.3979841848149,0.00466259373119243,2024-12-31,0.0248772545888567
"6+4. ridge + AR, fenetre 48","Commerce",2025-06-30,3,4.04401286195065,5.56881399094527,-0.00334357709995294,2025-03-31,0.00124917416875725
"6+4. ridge + AR, fenetre 48","Commerce",2025-09-30,3,4.04299288195509,5.56881399094527,0.016037556017713,2025-06-30,0.00388237799968039
"6+4. ridge + AR, fenetre 48","Commerce",2025-12-31,3,4.04448932497253,5.56881399094527,-0.00282628078522127,2025-09-30,0.00474667366104242
"6+4. ridge + AR, fenetre 48","Commerce",2026-03-31,3,4.05118906446415,5.56881399094527,-0.0052793581234721,2025-12-31,0.030304457095939
"6+4. ridge + AR, fenetre 48","Transports",2014-06-30,3,2.00785608141558,10000,0.00733481975980489,2014-03-31,0.028015303409596
"6+4. ridge + AR, fenetre 48","Transports",2014-09-30,3,2.00814017503257,10000,0.000310193971870009,2014-06-30,-0.00329148743112206
"6+4. ridge + AR, fenetre 48","Transports",2014-12-31,3,2.00842313866537,10000,0.012775990774589,2014-09-30,0.00554226208478248
"6+4. ridge + AR, fenetre 48","Transports",2015-03-31,3,2.00879596765189,10000,0.00896533017738274,2014-12-31,0.0274647989726873
"6+4. ridge + AR, fenetre 48","Transports",2015-06-30,3,2.00908518947774,10000,0.000672256863161208,2015-03-31,0.0238870417103634
"6+4. ridge + AR, fenetre 48","Transports",2015-09-30,3,2.00940170364635,10000,0.00310001051329255,2015-06-30,-0.000400525138307017
"6+4. ridge + AR, fenetre 48","Transports",2015-12-31,3,2.00968799061028,10000,0.0123687878410622,2015-09-30,0.0136274565391865
"6+4. ridge + AR, fenetre 48","Transports",2016-03-31,3,2.0100257654688,10000,0.00697713327503708,2015-12-31,-0.00224188236103728
"6+4. ridge + AR, fenetre 48","Transports",2016-06-30,3,2.01032649397891,10000,0.0128647530230441,2016-03-31,-0.0304162214184824
"6+4. ridge + AR, fenetre 48","Transports",2016-09-30,3,2.01064309104076,10000,0.0219970383018367,2016-06-30,0.0405851512318183
"6+4. ridge + AR, fenetre 48","Transports",2016-12-31,3,2.01089968725673,10000,-0.00468617429908658,2016-09-30,-0.000806231998783602
"6+4. ridge + AR, fenetre 48","Transports",2017-03-31,3,2.01133905972902,10000,0.0117708475864247,2016-12-31,0.00525061131594917
"6+4. ridge + AR, fenetre 48","Transports",2017-06-30,3,2.01161983866254,10000,0.0091826577614871,2017-03-31,-0.00885390403460029
"6+4. ridge + AR, fenetre 48","Transports",2017-09-30,3,2.0119919881024,10000,0.014273412082872,2017-06-30,0.00323264375167831
"6+4. ridge + AR, fenetre 48","Transports",2017-12-31,3,2.01236260532141,10000,0.00929547117857731,2017-09-30,0.00270040887982859
"6+4. ridge + AR, fenetre 48","Transports",2018-03-31,3,2.01265383713875,10000,0.00935639072893635,2017-12-31,-0.00771766276284147
"6+4. ridge + AR, fenetre 48","Transports",2018-06-30,3,2.01294304253791,10000,0.0128437361158333,2018-03-31,0.0381116237789918
"6+4. ridge + AR, fenetre 48","Transports",2018-09-30,3,2.01325863178193,10000,-0.00428710870152221,2018-06-30,-0.0562132165992164
"6+4. ridge + AR, fenetre 48","Transports",2018-12-31,3,2.01352928443462,10000,0.0348647259052275,2018-09-30,0.0024741177684291
"6+4. ridge + AR, fenetre 48","Transports",2019-03-31,3,2.01361963797938,10000,0.00788914766355319,2018-12-31,0.0567198839409837
"6+4. ridge + AR, fenetre 48","Transports",2019-06-30,3,2.01363906800264,10000,-0.0114205061667575,2019-03-31,0.100742314764428
"6+4. ridge + AR, fenetre 48","Transports",2019-09-30,3,2.01344294714488,10000,-0.0115025208137056,2019-06-30,-0.105961891018188
"6+4. ridge + AR, fenetre 48","Transports",2019-12-31,3,2.0135769522337,10000,0.0561787409725568,2019-09-30,-0.0390667942682299
"6+4. ridge + AR, fenetre 48","Transports",2020-03-31,3,2.0134962883399,10000,0.0168755595610666,2019-12-31,-0.0126004908496
"6+4. ridge + AR, fenetre 48","Transports",2020-06-30,3,2.01348313825576,10000,0.00882270882374002,2020-03-31,-0.501094849125378
"6+4. ridge + AR, fenetre 48","Transports",2020-09-30,3,2.01357030450566,10000,0.0102680941505507,2020-06-30,0.125969152849114
"6+4. ridge + AR, fenetre 48","Transports",2020-12-31,3,2.01393045166824,10000,-0.0299944015410077,2020-09-30,0.122566805849722
"6+4. ridge + AR, fenetre 48","Transports",2021-03-31,3,2.0139122052466,10000,-0.0171118920873174,2020-12-31,0.0562033294168316
"6+4. ridge + AR, fenetre 48","Transports",2021-06-30,3,2.01394464997821,10000,-0.00434105111568741,2021-03-31,0.000731330783699136
"6+4. ridge + AR, fenetre 48","Transports",2021-09-30,3,2.01394140659315,10000,0.00175964240281703,2021-06-30,0.0731279057345535
"6+4. ridge + AR, fenetre 48","Transports",2021-12-31,3,2.01394973147434,10000,-0.0060260173730927,2021-09-30,-0.0243022849728511
"6+4. ridge + AR, fenetre 48","Transports",2022-03-31,3,2.01393807336233,10000,0.00407742230259076,2021-12-31,-0.0184384391565189
"6+4. ridge + AR, fenetre 48","Transports",2022-06-30,4,2.01864133723176,10000,0.00367308795183342,2022-03-31,0.0331947459481938
"6+4. ridge + AR, fenetre 48","Transports",2022-09-30,4,2.01864676875739,10000,-0.00188595099655107,2022-06-30,0.0296892895055922
"6+4. ridge + AR, fenetre 48","Transports",2022-12-31,4,2.01864481416764,10000,-0.00108402973257548,2022-09-30,-0.00518075012109698
"6+4. ridge + AR, fenetre 48","Transports",2023-03-31,4,2.01864606554733,10000,0.0023436887645228,2022-12-31,0.0341097935940446
"6+4. ridge + AR, fenetre 48","Transports",2023-06-30,3,2.01397382597749,10000,-0.00199526740027486,2023-03-31,0.0106539923050857
"6+4. ridge + AR, fenetre 48","Transports",2023-09-30,3,2.01396688945912,10000,0.000701764276062928,2023-06-30,0.00294728832205848
"6+4. ridge + AR, fenetre 48","Transports",2023-12-31,3,2.01396769024309,10000,0.00138916330302506,2023-09-30,0.0143046496502013
"6+4. ridge + AR, fenetre 48","Transports",2024-03-31,3,2.01396898776498,10000,8.12986241038404e-05,2023-12-31,0.0448609908773161
"6+4. ridge + AR, fenetre 48","Transports",2024-06-30,3,2.01396894572771,10000,-0.00300286573479291,2024-03-31,0.0233315106872372
"6+4. ridge + AR, fenetre 48","Transports",2024-09-30,3,2.01394455763823,10000,0.000398247091010081,2024-06-30,-0.000696765512168795
"6+4. ridge + AR, fenetre 48","Transports",2024-12-31,3,2.01395967098916,10000,0.00309829192639483,2024-09-30,0.0179385719466758
"6+4. ridge + AR, fenetre 48","Transports",2025-03-31,3,2.01395834162267,10000,0.00123609566955941,2024-12-31,-2.13944930589349e-05
"6+4. ridge + AR, fenetre 48","Transports",2025-06-30,3,2.01395669035541,10000,0.00327769922243775,2025-03-31,0.0262253345690056
"6+4. ridge + AR, fenetre 48","Transports",2025-09-30,3,2.01395771950518,10000,0.000840222612463732,2025-06-30,-0.00840283920981122
"6+4. ridge + AR, fenetre 48","Transports",2025-12-31,3,2.01395468423277,10000,0.00435997354344866,2025-09-30,0.0256348485772033
"6+4. ridge + AR, fenetre 48","Transports",2026-03-31,3,2.01395734235897,10000,0.00094377767931301,2025-12-31,0.00343555107293625
"6+4. ridge + AR, fenetre 48","Hébergement-restauration",2014-06-30,3,2.00807757427926,10000,0.00644358392477551,2014-03-31,0.0579051413275486
"6+4. ridge + AR, fenetre 48","Hébergement-restauration",2014-09-30,3,2.00836549411843,10000,0.00270380755417817,2014-06-30,-0.100719732558025
"6+4. ridge + AR, fenetre 48","Hébergement-restauration",2014-12-31,3,2.00863823487898,10000,0.0683987108659313,2014-09-30,0.0187926552611444
"6+4. ridge + AR, fenetre 48","Hébergement-restauration",2015-03-31,3,2.00903822128932,10000,0.000438625134011505,2014-12-31,0.0127819913735721
"6+4. ridge + AR, fenetre 48","Hébergement-restauration",2015-06-30,3,2.00929244589602,10000,0.00293437215713387,2015-03-31,0.0151974154132208
"6+4. ridge + AR, fenetre 48","Hébergement-restauration",2015-09-30,3,2.00956817347426,10000,0.00249637499118058,2015-06-30,-0.0394942050942486
"6+4. ridge + AR, fenetre 48","Hébergement-restauration",2015-12-31,3,2.00984900522523,10000,0.0203654288494063,2015-09-30,0.0175488642456987
"6+4. ridge + AR, fenetre 48","Hébergement-restauration",2016-03-31,3,2.01025534574795,10000,0.000322057240230437,2015-12-31,0.00665704009847978
"6+4. ridge + AR, fenetre 48","Hébergement-restauration",2016-06-30,3,2.01052701718041,10000,0.00426555220070517,2016-03-31,-0.00832824764845164
"6+4. ridge + AR, fenetre 48","Hébergement-restauration",2016-09-30,3,2.01081753696448,10000,0.00908805935350041,2016-06-30,0.0560471819745558
"6+4. ridge + AR, fenetre 48","Hébergement-restauration",2016-12-31,3,2.01112347933757,10000,-0.013043164378662,2016-09-30,0.0195963775895027
"6+4. ridge + AR, fenetre 48","Hébergement-restauration",2017-03-31,3,3.48350907939359,26.5294846443189,-0.00239086468277076,2016-12-31,0.0277996430464089
"6+4. ridge + AR, fenetre 48","Hébergement-restauration",2017-06-30,3,2.78812496411869,92.4914727721734,0.00133761420933866,2017-03-31,0.0278215922434324
"6+4. ridge + AR, fenetre 48","Hébergement-restauration",2017-09-30,3,3.14366433929387,49.5353520895917,0.00105897312081506,2017-06-30,0.0102951493030083
"6+4. ridge + AR, fenetre 48","Hébergement-restauration",2017-12-31,3,3.15848876594629,49.5353520895917,0.0115248417138823,2017-09-30,0.0188149524720291
"6+4. ridge + AR, fenetre 48","Hébergement-restauration",2018-03-31,3,3.18150211964695,49.5353520895917,0.000867546930797185,2017-12-31,0.0248370780464207
"6+4. ridge + AR, fenetre 48","Hébergement-restauration",2018-06-30,3,2.84160460487783,92.4914727721734,0.00290989533477899,2018-03-31,0.0148534421343882
"6+4. ridge + AR, fenetre 48","Hébergement-restauration",2018-09-30,3,2.8542380204677,92.4914727721734,0.00521817964771993,2018-06-30,-0.0200453834008396
"6+4. ridge + AR, fenetre 48","Hébergement-restauration",2018-12-31,3,3.04125341100666,67.6875000945853,0.0220467967414084,2018-09-30,0.0330719091401885
"6+4. ridge + AR, fenetre 48","Hébergement-restauration",2019-03-31,3,3.42694994638492,36.2511704998854,-0.00029891119858706,2018-12-31,0.0107181372644138
"6+4. ridge + AR, fenetre 48","Hébergement-restauration",2019-06-30,3,4.11658713635701,10.3979841848149,0.00768503144886808,2019-03-31,0.0402913731091044
"6+4. ridge + AR, fenetre 48","Hébergement-restauration",2019-09-30,3,4.44771090950261,4.07539296587178,-0.00176633809357925,2019-06-30,-0.0688778865997968
"6+4. ridge + AR, fenetre 48","Hébergement-restauration",2019-12-31,3,3.74750151165753,19.4149194574388,0.0385024481120403,2019-09-30,0.0396077656015432
"6+4. ridge + AR, fenetre 48","Hébergement-restauration",2020-03-31,3,3.60571077843336,26.5294846443189,-0.00945566351862209,2019-12-31,-0.329368517252892
"6+4. ridge + AR, fenetre 48","Hébergement-restauration",2020-06-30,7,5.41062135362159,19.4149194574388,-0.538571268048765,2020-03-31,-0.857041072981717
"6+4. ridge + AR, fenetre 48","Hébergement-restauration",2020-09-30,7,7.74100991588633,0.458159766905449,0.96910548528373,2020-06-30,0.152814674284517
"6+4. ridge + AR, fenetre 48","Hébergement-restauration",2020-12-31,7,7.73964904136564,0.458159766905449,0.212301036584982,2020-09-30,0.184991785349833
"6+4. ridge + AR, fenetre 48","Hébergement-restauration",2021-03-31,7,7.68928488147656,0.626051657201482,-0.016634831518115,2020-12-31,0.108593379555545
"6+4. ridge + AR, fenetre 48","Hébergement-restauration",2021-06-30,5,6.81789372484586,0.626051657201482,0.0812476695048684,2021-03-31,0.0325203058080987
"6+4. ridge + AR, fenetre 48","Hébergement-restauration",2021-09-30,5,6.83056216991374,0.626051657201482,0.0814622139842782,2021-06-30,0.0912570059284388
"6+4. ridge + AR, fenetre 48","Hébergement-restauration",2021-12-31,5,6.87216034717809,0.458159766905449,-0.042708747400136,2021-09-30,0.0662513211980329
"6+4. ridge + AR, fenetre 48","Hébergement-restauration",2022-03-31,5,6.90261042682585,0.335292414924956,0.00327931895867016,2021-12-31,0.172069210996341
"6+4. ridge + AR, fenetre 48","Hébergement-restauration",2022-06-30,5,6.8682951605062,0.458159766905449,0.170116318506369,2022-03-31,0.185682194782517
"6+4. ridge + AR, fenetre 48","Hébergement-restauration",2022-09-30,5,6.906426818288,0.335292414924956,0.0771306580865969,2022-06-30,0.172534150339882
"6+4. ridge + AR, fenetre 48","Hébergement-restauration",2022-12-31,5,6.87092116479807,0.458159766905449,0.0694031971546023,2022-09-30,0.0347188375472669
"6+4. ridge + AR, fenetre 48","Hébergement-restauration",2023-03-31,5,6.8667532005989,0.458159766905449,0.0332730565127775,2022-12-31,0.0350713189035368
"6+4. ridge + AR, fenetre 48","Hébergement-restauration",2023-06-30,5,6.86753141476546,0.458159766905449,0.0626087082836546,2023-03-31,0.0285381802766143
"6+4. ridge + AR, fenetre 48","Hébergement-restauration",2023-09-30,5,6.86886991366302,0.458159766905449,0.0184794824403721,2023-06-30,0.0131680998376478
"6+4. ridge + AR, fenetre 48","Hébergement-restauration",2023-12-31,5,6.8708293342093,0.458159766905449,0.0266445920968854,2023-09-30,0.00454308251082303
"6+4. ridge + AR, fenetre 48","Hébergement-restauration",2024-03-31,5,6.87263346645498,0.458159766905449,0.0113748159062219,2023-12-31,-0.0256302512562794
"6+4. ridge + AR, fenetre 48","Hébergement-restauration",2024-06-30,5,6.87356615750957,0.458159766905449,0.0272725364029993,2024-03-31,0.0863211664480215
"6+4. ridge + AR, fenetre 48","Hébergement-restauration",2024-09-30,5,6.87549672499439,0.458159766905449,0.0432537795301409,2024-06-30,0.0395958337321503
"6+4. ridge + AR, fenetre 48","Hébergement-restauration",2024-12-31,5,6.87503270300787,0.458159766905449,0.0756819094529905,2024-09-30,0.0126078965454273
"6+4. ridge + AR, fenetre 48","Hébergement-restauration",2025-03-31,5,6.8794325496404,0.458159766905449,-0.0108629878399062,2024-12-31,-0.0551888649837782
"6+4. ridge + AR, fenetre 48","Hébergement-restauration",2025-06-30,5,6.88165346752032,0.458159766905449,-0.0243464897956412,2025-03-31,0.0935791648916222
"6+4. ridge + AR, fenetre 48","Hébergement-restauration",2025-09-30,5,6.8816449250841,0.458159766905449,0.0273544127971846,2025-06-30,0.0109571254893179
"6+4. ridge + AR, fenetre 48","Hébergement-restauration",2025-12-31,5,6.88159143529432,0.458159766905449,-0.00119307589152749,2025-09-30,-0.0117140608570061
"6+4. ridge + AR, fenetre 48","Hébergement-restauration",2026-03-31,4,5.6852397889031,2.18264472839749,-0.0170856683480191,2025-12-31,-0.0149369838672992
"6+4. ridge + AR, fenetre 48","Information-communication",2014-06-30,,,,,,0.0185608138362312
"6+4. ridge + AR, fenetre 48","Information-communication",2014-09-30,,,,,,0.031275663358036
"6+4. ridge + AR, fenetre 48","Information-communication",2014-12-31,,,,,,0.038634291236642
"6+4. ridge + AR, fenetre 48","Information-communication",2015-03-31,,,,,,0.00404829052809141
"6+4. ridge + AR, fenetre 48","Information-communication",2015-06-30,,,,,,-0.0211948620280431
"6+4. ridge + AR, fenetre 48","Information-communication",2015-09-30,,,,,,-0.0255461304946749
"6+4. ridge + AR, fenetre 48","Information-communication",2015-12-31,,,,,,-0.0117556566679973
"6+4. ridge + AR, fenetre 48","Information-communication",2016-03-31,4,2.01858406131077,10000,0.017559095117595,2015-12-31,0.0441187349800902
"6+4. ridge + AR, fenetre 48","Information-communication",2016-06-30,4,2.01859385156189,10000,0.0167053168189763,2016-03-31,0.0324311797721624
"6+4. ridge + AR, fenetre 48","Information-communication",2016-09-30,4,2.0186005410154,10000,0.0171338475583575,2016-06-30,0.0156993215704908
"6+4. ridge + AR, fenetre 48","Information-communication",2016-12-31,4,2.01860095622175,10000,0.0178244566198463,2016-09-30,0.0119540679681371
"6+4. ridge + AR, fenetre 48","Information-communication",2017-03-31,4,2.01860492974684,10000,0.0175473615075801,2016-12-31,-0.074924310117952
"6+4. ridge + AR, fenetre 48","Information-communication",2017-06-30,4,2.01859669030917,10000,0.0175187321445833,2017-03-31,0.0264960645184544
"6+4. ridge + AR, fenetre 48","Information-communication",2017-09-30,4,2.11788448777039,1536.17494667183,0.015682877376012,2017-06-30,0.0150230359818178
"6+4. ridge + AR, fenetre 48","Information-communication",2017-12-31,4,2.15924471585201,1124.21003506209,0.0165656770346699,2017-09-30,0.00966388766132553
"6+4. ridge + AR, fenetre 48","Information-communication",2018-03-31,9,2.0416850203278,10000,0.0159161051753157,2017-12-31,-0.010365531714644
"6+4. ridge + AR, fenetre 48","Information-communication",2018-06-30,13,2.0598870656072,10000,0.0158733480408937,2018-03-31,0.0250131048881688
"6+4. ridge + AR, fenetre 48","Information-communication",2018-09-30,13,2.0598212865694,10000,0.0149141121360909,2018-06-30,0.00871941409985943
"6+4. ridge + AR, fenetre 48","Information-communication",2018-12-31,12,2.05515805841975,10000,0.0151480300976111,2018-09-30,0.0017418043179287
"6+4. ridge + AR, fenetre 48","Information-communication",2019-03-31,12,2.05511886603599,10000,0.0149227519184841,2018-12-31,0.000840591265317769
"6+4. ridge + AR, fenetre 48","Information-communication",2019-06-30,12,2.05511310756055,10000,0.0148687839444603,2019-03-31,0.00593404498862071
"6+4. ridge + AR, fenetre 48","Information-communication",2019-09-30,12,2.05506208281762,10000,0.0137986094112864,2019-06-30,0.0095827091317755
"6+4. ridge + AR, fenetre 48","Information-communication",2019-12-31,12,2.05519917055217,10000,0.0131707344911756,2019-09-30,0.0110725639758531
"6+4. ridge + AR, fenetre 48","Information-communication",2020-03-31,13,2.05990538553922,10000,0.0130088229780657,2019-12-31,0.0419599960536452
"6+4. ridge + AR, fenetre 48","Information-communication",2020-06-30,13,2.05991094958299,10000,0.0125683048700439,2020-03-31,-0.0210436716728193
"6+4. ridge + AR, fenetre 48","Information-communication",2020-09-30,14,2.06451628859256,10000,0.014291276543434,2020-06-30,-0.00204975173975619
"6+4. ridge + AR, fenetre 48","Information-communication",2020-12-31,15,2.06902973000404,10000,0.0137621685482803,2020-09-30,0.0411703029645043
"6+4. ridge + AR, fenetre 48","Information-communication",2021-03-31,15,2.06889837886494,10000,0.0124292858761828,2020-12-31,-0.0536933298258049
"6+4. ridge + AR, fenetre 48","Information-communication",2021-06-30,15,2.06907752435786,10000,0.0153060296965905,2021-03-31,0.00186143113149839
"6+4. ridge + AR, fenetre 48","Information-communication",2021-09-30,15,2.06895844718945,10000,0.0116992900633437,2021-06-30,0.00942302584054922
"6+4. ridge + AR, fenetre 48","Information-communication",2021-12-31,15,2.06889983259953,10000,0.0118725493402624,2021-09-30,0.0317145043040412
"6+4. ridge + AR, fenetre 48","Information-communication",2022-03-31,15,2.0687676302929,10000,0.0115357957977987,2021-12-31,0.00597454514787366
"6+4. ridge + AR, fenetre 48","Information-communication",2022-06-30,15,2.06858626834973,10000,0.0127721985995386,2022-03-31,0.00161153463684727
"6+4. ridge + AR, fenetre 48","Information-communication",2022-09-30,15,2.72466399146257,822.724134170047,0.00775346140161292,2022-06-30,0.0112829099708271
"6+4. ridge + AR, fenetre 48","Information-communication",2022-12-31,18,2.0815057497322,10000,0.0111768824690382,2022-09-30,-0.0182958711637902
"6+4. ridge + AR, fenetre 48","Information-communication",2023-03-31,19,2.08658285778233,10000,0.0119606798928279,2022-12-31,0.0550902776591649
"6+4. ridge + AR, fenetre 48","Information-communication",2023-06-30,21,2.09554090218607,10000,0.00594748863554944,2023-03-31,0.0108067356801964
"6+4. ridge + AR, fenetre 48","Information-communication",2023-09-30,21,2.09627289650278,10000,0.00992418176167502,2023-06-30,-0.00473773465213512
"6+4. ridge + AR, fenetre 48","Information-communication",2023-12-31,21,2.09620598917503,10000,0.0128315388056132,2023-09-30,-0.000895282531592656
"6+4. ridge + AR, fenetre 48","Information-communication",2024-03-31,21,3.61727526090746,440.623642777357,0.00758810051713485,2023-12-31,0.026793324234438
"6+4. ridge + AR, fenetre 48","Information-communication",2024-06-30,21,2.0949851270625,10000,0.00786239430715249,2024-03-31,0.001257668725545
"6+4. ridge + AR, fenetre 48","Information-communication",2024-09-30,21,2.0963871490202,10000,0.00814378950366308,2024-06-30,-0.00629426164916325
"6+4. ridge + AR, fenetre 48","Information-communication",2024-12-31,21,2.09637576938484,10000,0.00830568813855602,2024-09-30,0.0171119883477697
"6+4. ridge + AR, fenetre 48","Information-communication",2025-03-31,21,2.09650637339509,10000,0.00513446371101803,2024-12-31,-0.0293164263615733
"6+4. ridge + AR, fenetre 48","Information-communication",2025-06-30,12,2.05546073058988,10000,0.0117151399571584,2025-03-31,0.0212659373554622
"6+4. ridge + AR, fenetre 48","Information-communication",2025-09-30,12,2.05552225422237,10000,0.0043427062853346,2025-06-30,-0.0160974475343618
"6+4. ridge + AR, fenetre 48","Information-communication",2025-12-31,12,2.05550639703861,10000,0.0100476563057858,2025-09-30,0.0239716974815245
"6+4. ridge + AR, fenetre 48","Information-communication",2026-03-31,12,2.05550420189674,10000,0.00284283959871942,2025-12-31,-0.00933597860249158
"6+4. ridge + AR, fenetre 48","Finances et assurances",2014-06-30,20,7.84055696942492,67.6875000945853,0.0118202350198463,2014-03-31,0.00979204446059612
"6+4. ridge + AR, fenetre 48","Finances et assurances",2014-09-30,20,7.82164052912731,67.6875000945853,0.0118395352118299,2014-06-30,0.0108712876306072
"6+4. ridge + AR, fenetre 48","Finances et assurances",2014-12-31,20,7.79812412560786,67.6875000945853,0.0120739318495004,2014-09-30,0.00817212302553116
"6+4. ridge + AR, fenetre 48","Finances et assurances",2015-03-31,20,7.77778986952422,67.6875000945853,0.0096037953892908,2014-12-31,0.0025733872860485
"6+4. ridge + AR, fenetre 48","Finances et assurances",2015-06-30,20,7.72487820118827,67.6875000945853,0.0106779497321669,2015-03-31,-0.000283635140750249
"6+4. ridge + AR, fenetre 48","Finances et assurances",2015-09-30,20,7.67292963848853,67.6875000945853,0.0084119805038929,2015-06-30,0.00555168992811517
"6+4. ridge + AR, fenetre 48","Finances et assurances",2015-12-31,20,7.66399175783651,67.6875000945853,0.00834782465526915,2015-09-30,0.0216448096360278
"6+4. ridge + AR, fenetre 48","Finances et assurances",2016-03-31,20,7.65598038714279,67.6875000945853,4.77520605827904e-05,2015-12-31,0.0116644403276638
"6+4. ridge + AR, fenetre 48","Finances et assurances",2016-06-30,20,6.75621076658532,92.4914727721734,0.0129704386348321,2016-03-31,0.0132480316692885
"6+4. ridge + AR, fenetre 48","Finances et assurances",2016-09-30,20,6.73317418053995,92.4914727721734,0.0122649846067624,2016-06-30,0.0406230501366736
"6+4. ridge + AR, fenetre 48","Finances et assurances",2016-12-31,20,5.94391712268059,126.38482029343,0.0212488567553868,2016-09-30,-0.0101673768515305
"6+4. ridge + AR, fenetre 48","Finances et assurances",2017-03-31,20,5.9313981305238,126.38482029343,0.00282458397913388,2016-12-31,0.00552692213443429
"6+4. ridge + AR, fenetre 48","Finances et assurances",2017-06-30,20,5.90249675383868,126.38482029343,0.0169979907581629,2017-03-31,0.0236163865511507
"6+4. ridge + AR, fenetre 48","Finances et assurances",2017-09-30,20,5.89851398581331,126.38482029343,0.0113198482174736,2017-06-30,-0.00152331413688955
"6+4. ridge + AR, fenetre 48","Finances et assurances",2017-12-31,20,6.66390229150735,92.4914727721734,0.00612664446808633,2017-09-30,-0.00363516724733692
"6+4. ridge + AR, fenetre 48","Finances et assurances",2018-03-31,20,6.62493621966551,92.4914727721734,0.00125280790989712,2017-12-31,0.0129764503213643
"6+4. ridge + AR, fenetre 48","Finances et assurances",2018-06-30,20,6.60670403238245,92.4914727721734,0.0129678332630803,2018-03-31,-0.00435156893570188
"6+4. ridge + AR, fenetre 48","Finances et assurances",2018-09-30,20,7.35623083764477,67.6875000945853,0.00796103327686062,2018-06-30,0.00735193248656962
"6+4. ridge + AR, fenetre 48","Finances et assurances",2018-12-31,20,7.4221140998118,67.6875000945853,0.0114164685060556,2018-09-30,0.0110438895944789
"6+4. ridge + AR, fenetre 48","Finances et assurances",2019-03-31,23,7.38517956276831,92.4914727721734,0.00954244114021249,2018-12-31,0.0315392522985256
"6+4. ridge + AR, fenetre 48","Finances et assurances",2019-06-30,23,6.49900087841863,126.38482029343,0.0131774305267984,2019-03-31,0.000435811706188005
"6+4. ridge + AR, fenetre 48","Finances et assurances",2019-09-30,23,5.74192476651937,172.698329065944,0.0116351885226701,2019-06-30,0.0130609593133908
"6+4. ridge + AR, fenetre 48","Finances et assurances",2019-12-31,23,5.76007776827604,172.698329065944,0.0120619584784043,2019-09-30,0.00825566078032658
"6+4. ridge + AR, fenetre 48","Finances et assurances",2020-03-31,23,6.63743944620374,126.38482029343,0.00642893114417475,2019-12-31,-0.0212114526144092
"6+4. ridge + AR, fenetre 48","Finances et assurances",2020-06-30,25,5.23423994856586,235.983346678219,0.0155438150507966,2020-03-31,0.0113083327777996
"6+4. ridge + AR, fenetre 48","Finances et assurances",2020-09-30,25,6.0421286394995,172.698329065944,0.00801735334322226,2020-06-30,0.00678756570547989
"6+4. ridge + AR, fenetre 48","Finances et assurances",2020-12-31,25,6.91266039676518,126.38482029343,0.00638420766453919,2020-09-30,0.0114494849451461
"6+4. ridge + AR, fenetre 48","Finances et assurances",2021-03-31,25,6.98742794233535,126.38482029343,0.00130291477819922,2020-12-31,-0.00739307250548649
"6+4. ridge + AR, fenetre 48","Finances et assurances",2021-06-30,25,9.04306725476223,67.6875000945853,0.0202943795440311,2021-03-31,0.0281576114642981
"6+4. ridge + AR, fenetre 48","Finances et assurances",2021-09-30,25,8.92183829375765,67.6875000945853,0.00344223360720425,2021-06-30,0.00585438399346749
"6+4. ridge + AR, fenetre 48","Finances et assurances",2021-12-31,25,8.99493663978074,67.6875000945853,0.00314421035109916,2021-09-30,0.016641170500078
"6+4. ridge + AR, fenetre 48","Finances et assurances",2022-03-31,25,7.90966486364004,92.4914727721734,0.00706034112878231,2021-12-31,0.0414257987284206
"6+4. ridge + AR, fenetre 48","Finances et assurances",2022-06-30,28,5.59284214819937,235.983346678219,0.0143290639141917,2022-03-31,0.031410255383383
"6+4. ridge + AR, fenetre 48","Finances et assurances",2022-09-30,28,5.59917370618401,235.983346678219,0.014980390120168,2022-06-30,0.0122236867003789
"6+4. ridge + AR, fenetre 48","Finances et assurances",2022-12-31,28,5.61089563867485,235.983346678219,0.0108354459071151,2022-09-30,0.00818990746985371
"6+4. ridge + AR, fenetre 48","Finances et assurances",2023-03-31,28,6.43782939790844,172.698329065944,0.00787292366602291,2022-12-31,0.0177076136496304
"6+4. ridge + AR, fenetre 48","Finances et assurances",2023-06-30,28,6.45899332195954,172.698329065944,0.0131940904329882,2023-03-31,0.0142309413674457
"6+4. ridge + AR, fenetre 48","Finances et assurances",2023-09-30,28,5.59466965153762,235.983346678219,0.0111720285932468,2023-06-30,0.0138611051650379
"6+4. ridge + AR, fenetre 48","Finances et assurances",2023-12-31,28,6.45124950407084,172.698329065944,0.00889128957717942,2023-09-30,0.0205123675274645
"6+4. ridge + AR, fenetre 48","Finances et assurances",2024-03-31,28,6.41168595151507,172.698329065944,0.0114167884362037,2023-12-31,0.034226988537851
"6+4. ridge + AR, fenetre 48","Finances et assurances",2024-06-30,28,6.393210414596,172.698329065944,0.0128829730327109,2024-03-31,0.00677789865920531
"6+4. ridge + AR, fenetre 48","Finances et assurances",2024-09-30,28,6.38866460320454,172.698329065944,0.0128424523368682,2024-06-30,0.0307983277209374
"6+4. ridge + AR, fenetre 48","Finances et assurances",2024-12-31,28,7.39085152322832,126.38482029343,0.0128144041172437,2024-09-30,0.024404004984877
"6+4. ridge + AR, fenetre 48","Finances et assurances",2025-03-31,28,7.34543001796336,126.38482029343,0.0119109996584636,2024-12-31,-0.00576523644903126
"6+4. ridge + AR, fenetre 48","Finances et assurances",2025-06-30,28,6.43037155206261,172.698329065944,0.0153712106811667,2025-03-31,-0.000740007216192495
"6+4. ridge + AR, fenetre 48","Finances et assurances",2025-09-30,28,5.60086988158188,235.983346678219,0.00937365873008912,2025-06-30,0.0383171453817219
"6+4. ridge + AR, fenetre 48","Finances et assurances",2025-12-31,28,3.75594637659192,602.089449333612,0.0125672113884908,2025-09-30,0.02252710319177
"6+4. ridge + AR, fenetre 48","Finances et assurances",2026-03-31,28,4.2502401659768,440.623642777357,0.0110174449099812,2025-12-31,0.0131482423939122
"6+4. ridge + AR, fenetre 48","Immobilier",2014-06-30,,,,,,-0.00347586163623959
"6+4. ridge + AR, fenetre 48","Immobilier",2014-09-30,,,,,,-0.00217718876892725
"6+4. ridge + AR, fenetre 48","Immobilier",2014-12-31,,,,,,-0.00175178666395936
"6+4. ridge + AR, fenetre 48","Immobilier",2015-03-31,,,,,,0.000110265740545401
"6+4. ridge + AR, fenetre 48","Immobilier",2015-06-30,,,,,,0.00268122505899093
"6+4. ridge + AR, fenetre 48","Immobilier",2015-09-30,,,,,,0.00388518358887602
"6+4. ridge + AR, fenetre 48","Immobilier",2015-12-31,,,,,,0.00438830891148179
"6+4. ridge + AR, fenetre 48","Immobilier",2016-03-31,,,,,,0.0126521894411589
"6+4. ridge + AR, fenetre 48","Immobilier",2016-06-30,,,,,,0.00642440146184065
"6+4. ridge + AR, fenetre 48","Immobilier",2016-09-30,,,,,,0.00538883523628364
"6+4. ridge + AR, fenetre 48","Immobilier",2016-12-31,,,,,,0.00381329164235744
"6+4. ridge + AR, fenetre 48","Immobilier",2017-03-31,,,,,,0.000111312238896488
"6+4. ridge + AR, fenetre 48","Immobilier",2017-06-30,,,,,,0.00532846857096558
"6+4. ridge + AR, fenetre 48","Immobilier",2017-09-30,,,,,,0.00538413091038592
"6+4. ridge + AR, fenetre 48","Immobilier",2017-12-31,,,,,,0.00537094450904618
"6+4. ridge + AR, fenetre 48","Immobilier",2018-03-31,,,,,,0.0139842136362436
"6+4. ridge + AR, fenetre 48","Immobilier",2018-06-30,,,,,,0.00709820759588098
"6+4. ridge + AR, fenetre 48","Immobilier",2018-09-30,,,,,,0.00546983793104339
"6+4. ridge + AR, fenetre 48","Immobilier",2018-12-31,,,,,,0.00429779031723321
"6+4. ridge + AR, fenetre 48","Immobilier",2019-03-31,,,,,,0.00697990763877421
"6+4. ridge + AR, fenetre 48","Immobilier",2019-06-30,,,,,,0.00407965402671806
"6+4. ridge + AR, fenetre 48","Immobilier",2019-09-30,,,,,,0.0012246541882952
"6+4. ridge + AR, fenetre 48","Immobilier",2019-12-31,,,,,,-0.00107461592825686
"6+4. ridge + AR, fenetre 48","Immobilier",2020-03-31,,,,,,-0.0121506955111226
"6+4. ridge + AR, fenetre 48","Immobilier",2020-06-30,3,2.08392083063683,1536.17494667183,0.00394090298768739,2020-03-31,0.00154778434759706
"6+4. ridge + AR, fenetre 48","Immobilier",2020-09-30,3,2.01293253045183,10000,0.00529373042824552,2020-06-30,0.00248862454064991
"6+4. ridge + AR, fenetre 48","Immobilier",2020-12-31,3,2.01246158131997,10000,0.00533669668408848,2020-09-30,0.00250256303301022
"6+4. ridge + AR, fenetre 48","Immobilier",2021-03-31,3,2.51668631274081,172.698329065944,0.00481551616082452,2020-12-31,0.0186980933413192
"6+4. ridge + AR, fenetre 48","Immobilier",2021-06-30,3,2.0121428882685,10000,0.00810394949930196,2021-03-31,0.00589086653339521
"6+4. ridge + AR, fenetre 48","Immobilier",2021-09-30,3,2.01272418344728,10000,0.00562248830869151,2021-06-30,0.00489489217388339
"6+4. ridge + AR, fenetre 48","Immobilier",2021-12-31,3,2.01310740959131,10000,0.0054889389680789,2021-09-30,-0.000185568621855481
"6+4. ridge + AR, fenetre 48","Immobilier",2022-03-31,3,2.01312557638802,10000,0.00479184076353755,2021-12-31,-0.00613333557758722
"6+4. ridge + AR, fenetre 48","Immobilier",2022-06-30,3,2.54808688334164,172.698329065944,0.00369991197793387,2022-03-31,0.000982294226966829
"6+4. ridge + AR, fenetre 48","Immobilier",2022-09-30,3,2.13718109920539,822.724134170047,0.00440766881015752,2022-06-30,0.00192740181735829
"6+4. ridge + AR, fenetre 48","Immobilier",2022-12-31,3,2.95680067076239,67.6875000945853,0.00406985823396517,2022-09-30,0.00286217020537194
"6+4. ridge + AR, fenetre 48","Immobilier",2023-03-31,3,2.40196446355416,235.983346678219,0.00429982815874721,2022-12-31,0.0186492473499342
"6+4. ridge + AR, fenetre 48","Immobilier",2023-06-30,3,2.01192844663933,10000,0.00650216707180615,2023-03-31,0.00433516318523708
"6+4. ridge + AR, fenetre 48","Immobilier",2023-09-30,3,2.01316471341748,10000,0.00480407076728674,2023-06-30,0.000940152450292331
"6+4. ridge + AR, fenetre 48","Immobilier",2023-12-31,3,2.01306568108825,10000,0.00409565387970782,2023-09-30,0.00367575702520995
"6+4. ridge + AR, fenetre 48","Immobilier",2024-03-31,3,2.01322720502953,10000,0.00431345968461639,2023-12-31,0.019358859355199
"6+4. ridge + AR, fenetre 48","Immobilier",2024-06-30,3,2.01324065532318,10000,0.00483845133142859,2024-03-31,0.00208616686757601
"6+4. ridge + AR, fenetre 48","Immobilier",2024-09-30,3,2.01381476714249,10000,0.00433133755896421,2024-06-30,0.000572003912662211
"6+4. ridge + AR, fenetre 48","Immobilier",2024-12-31,3,2.01375372599434,10000,0.00424873840419063,2024-09-30,0.00271140021348693
"6+4. ridge + AR, fenetre 48","Immobilier",2025-03-31,3,2.01371703625678,10000,0.00416938339392068,2024-12-31,0.0241904984463055
"6+4. ridge + AR, fenetre 48","Immobilier",2025-06-30,3,2.01376526114199,10000,0.00556915020005472,2025-03-31,0.00225126559195132
"6+4. ridge + AR, fenetre 48","Immobilier",2025-09-30,3,2.01312156562762,10000,0.00472395099849837,2025-06-30,0.00139883513399042
"6+4. ridge + AR, fenetre 48","Immobilier",2025-12-31,3,2.01313303244253,10000,0.00443706075591097,2025-09-30,0.00356943094849527
"6+4. ridge + AR, fenetre 48","Immobilier",2026-03-31,3,2.08170224059707,1536.17494667183,0.00450246948095564,2025-12-31,0.0145414287128816
"6+4+5. ridge + AR + fonds commun","Agriculture",2014-06-30,45,13.3353367916028,36.2511704998854,0.0589324406677212,2014-03-31,0.0364714396168857
"6+4+5. ridge + AR + fonds commun","Agriculture",2014-09-30,45,13.1290080342772,36.2511704998854,0.0357127803957583,2014-06-30,0.0235744177595567
"6+4+5. ridge + AR + fonds commun","Agriculture",2014-12-31,45,14.7263337323483,26.5294846443189,-0.0327285288934244,2014-09-30,0.0253025688850634
"6+4+5. ridge + AR + fonds commun","Agriculture",2015-03-31,89,17.3964678059634,49.5353520895917,-0.0144204890551411,2014-12-31,0.0521449979479787
"6+4+5. ridge + AR + fonds commun","Agriculture",2015-06-30,89,2.25935906448088,10000,0.0230805905416101,2015-03-31,0.0317672490600582
"6+4+5. ridge + AR + fonds commun","Agriculture",2015-09-30,89,2.26283776776959,10000,0.0235085269056828,2015-06-30,0.0329272719732145
"6+4+5. ridge + AR + fonds commun","Agriculture",2015-12-31,90,2.2649678306521,10000,0.0238816600581904,2015-09-30,0.00507799922861274
"6+4+5. ridge + AR + fonds commun","Agriculture",2016-03-31,91,2.26713771497537,10000,0.0161150963199761,2015-12-31,-0.265832646674593
"6+4+5. ridge + AR + fonds commun","Agriculture",2016-06-30,97,2.94039935600484,2868.31681334201,-0.0811022128849967,2016-03-31,0.00748113104625325
"6+4+5. ridge + AR + fonds commun","Agriculture",2016-09-30,97,2.28513479166076,10000,0.00888346984325489,2016-06-30,0.0239103237598961
"6+4+5. ridge + AR + fonds commun","Agriculture",2016-12-31,98,2.28878431970771,10000,0.00783917857059444,2016-09-30,0.00479642186034113
"6+4+5. ridge + AR + fonds commun","Agriculture",2017-03-31,98,2.29011500721973,10000,0.00455669657307138,2016-12-31,0.156411418832823
"6+4+5. ridge + AR + fonds commun","Agriculture",2017-06-30,98,2.2904263882707,10000,0.0194103590276551,2017-03-31,0.031215998995707
"6+4+5. ridge + AR + fonds commun","Agriculture",2017-09-30,98,2.29306340951214,10000,0.00928671139999037,2017-06-30,-0.001589953838673
"6+4+5. ridge + AR + fonds commun","Agriculture",2017-12-31,98,2.29291399229123,10000,0.00596698296425602,2017-09-30,-0.00572029123758178
"6+4+5. ridge + AR + fonds commun","Agriculture",2018-03-31,156,2.460601884761,10000,0.00379750694056968,2017-12-31,0.033613953651912
"6+4+5. ridge + AR + fonds commun","Agriculture",2018-06-30,163,2.480669664622,10000,0.0102400227921627,2018-03-31,0.0315396357748075
"6+4+5. ridge + AR + fonds commun","Agriculture",2018-09-30,163,2.48183172889507,10000,0.0105879373403258,2018-06-30,-0.0076855501979054
"6+4+5. ridge + AR + fonds commun","Agriculture",2018-12-31,165,2.48741651808743,10000,0.00548990270352962,2018-09-30,-0.00708189895160238
"6+4+5. ridge + AR + fonds commun","Agriculture",2019-03-31,166,2.49017431648826,10000,0.00469956346736151,2018-12-31,-0.0674225881272044
"6+4+5. ridge + AR + fonds commun","Agriculture",2019-06-30,168,2.49575829148256,10000,-0.000368168132393204,2019-03-31,0.0269576277375521
"6+4+5. ridge + AR + fonds commun","Agriculture",2019-09-30,168,2.49452236021444,10000,0.00735663160880996,2019-06-30,-0.00378790367855686
"6+4+5. ridge + AR + fonds commun","Agriculture",2019-12-31,168,3.21031777064544,3919.40677484722,0.00330870207311078,2019-09-30,-0.00545796285781641
"6+4+5. ridge + AR + fonds commun","Agriculture",2020-03-31,166,2.48815203513243,10000,0.00390905437937144,2019-12-31,-0.0733468122559131
"6+4+5. ridge + AR + fonds commun","Agriculture",2020-06-30,166,4.11631638609395,2099.10372010855,-0.00479536019574817,2020-03-31,0.00964980812139338
"6+4+5. ridge + AR + fonds commun","Agriculture",2020-09-30,166,2.4884859374969,10000,0.00696344253859473,2020-06-30,-0.0341340216865049
"6+4+5. ridge + AR + fonds commun","Agriculture",2020-12-31,166,2.48915595968709,10000,0.0019976482488347,2020-09-30,-0.00972120420603417
"6+4+5. ridge + AR + fonds commun","Agriculture",2021-03-31,166,2.48896153358115,10000,0.00123020354163596,2020-12-31,0.198088349077135
"6+4+5. ridge + AR + fonds commun","Agriculture",2021-06-30,164,2.48332138169613,10000,0.0174880281723504,2021-03-31,0.00736929305629452
"6+4+5. ridge + AR + fonds commun","Agriculture",2021-09-30,164,2.48464483996498,10000,0.00740393725173721,2021-06-30,-0.00217917484074093
"6+4+5. ridge + AR + fonds commun","Agriculture",2021-12-31,165,2.48793234777044,10000,0.00651921279423495,2021-09-30,-0.00946965224747842
"6+4+5. ridge + AR + fonds commun","Agriculture",2022-03-31,164,2.48443146033221,10000,0.00698765916737935,2021-12-31,-0.106650718690272
"6+4+5. ridge + AR + fonds commun","Agriculture",2022-06-30,164,2.48445431592186,10000,0.00337809878748373,2022-03-31,-0.00714754922684868
"6+4+5. ridge + AR + fonds commun","Agriculture",2022-09-30,164,2.48469401115908,10000,0.00285552747179703,2022-06-30,0.0022277626879923
"6+4+5. ridge + AR + fonds commun","Agriculture",2022-12-31,164,2.48466625446369,10000,0.0015751359273768,2022-09-30,-0.00919879348349895
"6+4+5. ridge + AR + fonds commun","Agriculture",2023-03-31,164,2.48476901745209,10000,0.00046465627888937,2022-12-31,0.0350757280012495
"6+4+5. ridge + AR + fonds commun","Agriculture",2023-06-30,166,2.49076562432613,10000,0.00199982842220548,2023-03-31,-0.0122701816794795
"6+4+5. ridge + AR + fonds commun","Agriculture",2023-09-30,167,2.49273707707807,10000,-0.00157318707573683,2023-06-30,-0.00378759914928928
"6+4+5. ridge + AR + fonds commun","Agriculture",2023-12-31,168,2.49571421924699,10000,-0.00266170709583335,2023-09-30,-0.00788085316350973
"6+4+5. ridge + AR + fonds commun","Agriculture",2024-03-31,168,2.4957144245858,10000,-0.00180036288887557,2023-12-31,-0.0365847420386523
"6+4+5. ridge + AR + fonds commun","Agriculture",2024-06-30,197,2.57892442102192,10000,0.00384191539397048,2024-03-31,-0.00664188506091534
"6+4+5. ridge + AR + fonds commun","Agriculture",2024-09-30,197,2.57524528782518,10000,0.00400558958642423,2024-06-30,-0.0112104142680227
"6+4+5. ridge + AR + fonds commun","Agriculture",2024-12-31,179,2.51799843427296,10000,0.00151708733718446,2024-09-30,-0.00435261931916919
"6+4+5. ridge + AR + fonds commun","Agriculture",2025-03-31,179,2.5183177082892,10000,0.00328634511836412,2024-12-31,0.100359632990509
"6+4+5. ridge + AR + fonds commun","Agriculture",2025-06-30,170,2.49256436183402,10000,0.00597458041311629,2025-03-31,-0.00473311427913181
"6+4+5. ridge + AR + fonds commun","Agriculture",2025-09-30,169,2.49244925424519,10000,0.000606030105617898,2025-06-30,-0.0140787530247088
"6+4+5. ridge + AR + fonds commun","Agriculture",2025-12-31,169,2.49327534354016,10000,-0.0013344158717925,2025-09-30,-0.00148214583971118
"6+4+5. ridge + AR + fonds commun","Agriculture",2026-03-31,169,2.49345602596623,10000,0.00169059494706908,2025-12-31,0.189386571246226
"6+4+5. ridge + AR + fonds commun","Pêche",2014-06-30,45,6.73279586727981,172.698329065944,0.0497536150727194,2014-03-31,0.238884348531972
"6+4+5. ridge + AR + fonds commun","Pêche",2014-09-30,45,5.75077301604371,235.983346678219,-0.080811151000543,2014-06-30,-0.0842585990548885
"6+4+5. ridge + AR + fonds commun","Pêche",2014-12-31,45,3.06189724926158,1124.21003506209,0.0441379030599846,2014-09-30,0.0971925333013068
"6+4+5. ridge + AR + fonds commun","Pêche",2015-03-31,89,6.34121651509248,440.623642777357,-0.0271671650811027,2014-12-31,-0.0182664312630081
"6+4+5. ridge + AR + fonds commun","Pêche",2015-06-30,89,6.33540145229884,440.623642777357,0.147449807352763,2015-03-31,0.0112681719167798
"6+4+5. ridge + AR + fonds commun","Pêche",2015-09-30,89,7.49710436804806,322.45905452964,0.0362775839547838,2015-06-30,-0.0240378912771044
"6+4+5. ridge + AR + fonds commun","Pêche",2015-12-31,90,7.55114876122054,322.45905452964,0.0149133383767594,2015-09-30,0.0711997243889542
"6+4+5. ridge + AR + fonds commun","Pêche",2016-03-31,91,7.6178779044525,322.45905452964,0.0457312101305412,2015-12-31,0.0522788830555712
"6+4+5. ridge + AR + fonds commun","Pêche",2016-06-30,97,6.61635673015786,440.623642777357,0.0032972064542099,2016-03-31,-0.0692837716719641
"6+4+5. ridge + AR + fonds commun","Pêche",2016-09-30,97,6.62549279984027,440.623642777357,0.0386014044334047,2016-06-30,-0.0707389562407208
"6+4+5. ridge + AR + fonds commun","Pêche",2016-12-31,98,7.82991502252026,322.45905452964,0.0264346394364557,2016-09-30,0.100756292896915
"6+4+5. ridge + AR + fonds commun","Pêche",2017-03-31,98,7.84933734290609,322.45905452964,0.00483340386153708,2016-12-31,-0.0981301116583815
"6+4+5. ridge + AR + fonds commun","Pêche",2017-06-30,98,6.6677033896159,440.623642777357,0.0666974089781696,2017-03-31,-0.0199501670707116
"6+4+5. ridge + AR + fonds commun","Pêche",2017-09-30,98,6.68514530642479,440.623642777357,0.0276063740556635,2017-06-30,0.0209332096664658
"6+4+5. ridge + AR + fonds commun","Pêche",2017-12-31,98,7.87557820151271,322.45905452964,-0.0211600230793773,2017-09-30,-0.0659095853471712
"6+4+5. ridge + AR + fonds commun","Pêche",2018-03-31,156,12.0912526992992,235.983346678219,0.0716661726461345,2017-12-31,-0.118526708999348
"6+4+5. ridge + AR + fonds commun","Pêche",2018-06-30,163,9.02116161448524,440.623642777357,0.0591200290504956,2018-03-31,0.0565619820165848
"6+4+5. ridge + AR + fonds commun","Pêche",2018-09-30,163,12.4395113584698,235.983346678219,-0.0693288664205177,2018-06-30,-0.0520428663582821
"6+4+5. ridge + AR + fonds commun","Pêche",2018-12-31,165,12.4788695849943,235.983346678219,-0.055071530316752,2018-09-30,0.0519498128058951
"6+4+5. ridge + AR + fonds commun","Pêche",2019-03-31,166,9.1369061789913,440.623642777357,-0.00867293219394156,2018-12-31,0.165886600744615
"6+4+5. ridge + AR + fonds commun","Pêche",2019-06-30,168,2.48145087680024,10000,-0.0149048043547074,2019-03-31,-0.10051090919398
"6+4+5. ridge + AR + fonds commun","Pêche",2019-09-30,168,2.49163523126217,10000,0.0329073519558655,2019-06-30,0.107189386187184
"6+4+5. ridge + AR + fonds commun","Pêche",2019-12-31,168,2.49150536818145,10000,-0.0166457353150348,2019-09-30,-0.178444977080698
"6+4+5. ridge + AR + fonds commun","Pêche",2020-03-31,166,2.48509093379254,10000,0.0729922491746138,2019-12-31,0.250419564323746
"6+4+5. ridge + AR + fonds commun","Pêche",2020-06-30,166,2.4868838002901,10000,-0.0862839899699859,2020-03-31,-0.182744294243855
"6+4+5. ridge + AR + fonds commun","Pêche",2020-09-30,166,2.48621033651643,10000,0.101195430428682,2020-06-30,0.449867423442043
"6+4+5. ridge + AR + fonds commun","Pêche",2020-12-31,166,9.3093357232242,440.623642777357,-0.232771803712668,2020-09-30,-0.549113253084071
"6+4+5. ridge + AR + fonds commun","Pêche",2021-03-31,166,2.48738459923682,10000,0.478800139411765,2020-12-31,0.301831328865735
"6+4+5. ridge + AR + fonds commun","Pêche",2021-06-30,164,2.48210633377181,10000,-0.238435388472006,2021-03-31,0.086451616600093
"6+4+5. ridge + AR + fonds commun","Pêche",2021-09-30,164,2.48339149558139,10000,-0.0514544315953641,2021-06-30,-0.0880960598262783
"6+4+5. ridge + AR + fonds commun","Pêche",2021-12-31,165,2.48662530716304,10000,0.0725524536029032,2021-09-30,0.102924635387614
"6+4+5. ridge + AR + fonds commun","Pêche",2022-03-31,164,2.48330467723799,10000,-0.0614810138895077,2021-12-31,-0.251794115386521
"6+4+5. ridge + AR + fonds commun","Pêche",2022-06-30,164,2.48350711268558,10000,0.202404297736729,2022-03-31,0.0309075374630767
"6+4+5. ridge + AR + fonds commun","Pêche",2022-09-30,164,2.48254052202367,10000,-0.0206031470810051,2022-06-30,-0.424362348289532
"6+4+5. ridge + AR + fonds commun","Pêche",2022-12-31,164,7.78377521662592,602.089449333612,0.25936770186436,2022-09-30,0.537806048836181
"6+4+5. ridge + AR + fonds commun","Pêche",2023-03-31,164,2.88260802272029,5355.6669177069,-0.446570063628176,2022-12-31,-0.196422814008341
"6+4+5. ridge + AR + fonds commun","Pêche",2023-06-30,166,2.48962439599166,10000,0.142540448841252,2023-03-31,0.108653138186501
"6+4+5. ridge + AR + fonds commun","Pêche",2023-09-30,167,2.49260069882903,10000,-0.0816324305153485,2023-06-30,0.0833031314032056
"6+4+5. ridge + AR + fonds commun","Pêche",2023-12-31,168,2.49510804833916,10000,-0.0531051925708765,2023-09-30,-0.169722558184949
"6+4+5. ridge + AR + fonds commun","Pêche",2024-03-31,168,2.49520294038832,10000,0.120826156456845,2023-12-31,0.137736263229147
"6+4+5. ridge + AR + fonds commun","Pêche",2024-06-30,197,2.57786855829919,10000,-0.104724446622237,2024-03-31,-0.124393100066797
"6+4+5. ridge + AR + fonds commun","Pêche",2024-09-30,197,2.57765330020453,10000,0.0838902219262,2024-06-30,0.3409847439024
"6+4+5. ridge + AR + fonds commun","Pêche",2024-12-31,179,2.5208916984634,10000,-0.247758080511231,2024-09-30,-0.314903192186618
"6+4+5. ridge + AR + fonds commun","Pêche",2025-03-31,179,2.52119006916645,10000,0.241274613952111,2024-12-31,0.0879705045311976
"6+4+5. ridge + AR + fonds commun","Pêche",2025-06-30,170,2.49524731284453,10000,-0.0638445969047076,2025-03-31,-0.202438183367684
"6+4+5. ridge + AR + fonds commun","Pêche",2025-09-30,169,2.49184459404585,10000,0.150981395155005,2025-06-30,0.141488674493727
"6+4+5. ridge + AR + fonds commun","Pêche",2025-12-31,169,2.49167789042942,10000,-0.105999536562314,2025-09-30,-0.181089428496749
"6+4+5. ridge + AR + fonds commun","Pêche",2026-03-31,169,2.49104482874837,10000,0.129571440611243,2025-12-31,0.222874852773161
"6+4+5. ridge + AR + fonds commun","Industrie d'extraction",2014-06-30,45,2.13437189898979,10000,0.00612009556180029,2014-03-31,-0.00618613651727884
"6+4+5. ridge + AR + fonds commun","Industrie d'extraction",2014-09-30,45,2.13418792499616,10000,0.00321378149730087,2014-06-30,-0.015888470256332
"6+4+5. ridge + AR + fonds commun","Industrie d'extraction",2014-12-31,45,2.13397146587159,10000,0.00158716898325319,2014-09-30,-0.0298633941618487
"6+4+5. ridge + AR + fonds commun","Industrie d'extraction",2015-03-31,89,11.9631342488866,126.38482029343,-0.0438217368053256,2014-12-31,0.00890133635762247
"6+4+5. ridge + AR + fonds commun","Industrie d'extraction",2015-06-30,89,11.9282537678044,126.38482029343,-0.0968067636639267,2015-03-31,0.0247954892566806
"6+4+5. ridge + AR + fonds commun","Industrie d'extraction",2015-09-30,89,11.9985139801407,126.38482029343,-0.00015781570829443,2015-06-30,0.0237021448250037
"6+4+5. ridge + AR + fonds commun","Industrie d'extraction",2015-12-31,90,15.6879939950628,67.6875000945853,0.0111733235426285,2015-09-30,-0.00879815197435896
"6+4+5. ridge + AR + fonds commun","Industrie d'extraction",2016-03-31,91,15.7593412412833,67.6875000945853,-0.0481918618151775,2015-12-31,0.0161383433235596
"6+4+5. ridge + AR + fonds commun","Industrie d'extraction",2016-06-30,97,31.9995892714846,0.000476393801040134,0.0646955113618305,2016-03-31,-0.0163339493026129
"6+4+5. ridge + AR + fonds commun","Industrie d'extraction",2016-09-30,97,30.3057179253449,2.18264472839749,0.0211187859733778,2016-06-30,0.0218474503756241
"6+4+5. ridge + AR + fonds commun","Industrie d'extraction",2016-12-31,98,29.0979895227329,4.07539296587178,-0.0120999516265078,2016-09-30,0.025849664713844
"6+4+5. ridge + AR + fonds commun","Industrie d'extraction",2017-03-31,98,28.3498970881591,5.56881399094527,-0.0532143937131317,2016-12-31,0.0185128254497453
"6+4+5. ridge + AR + fonds commun","Industrie d'extraction",2017-06-30,98,19.764249455755,36.2511704998854,0.0204738058533385,2017-03-31,0.0955083840143161
"6+4+5. ridge + AR + fonds commun","Industrie d'extraction",2017-09-30,98,31.9995817776824,0.000476393801040134,-0.00715237414484666,2017-06-30,-0.0311769033996843
"6+4+5. ridge + AR + fonds commun","Industrie d'extraction",2017-12-31,98,31.9995909192573,0.000476393801040134,0.0110183967770876,2017-09-30,0.0125783920146532
"6+4+5. ridge + AR + fonds commun","Industrie d'extraction",2018-03-31,156,25.2084983106505,26.5294846443189,0.010407415033664,2017-12-31,-0.0244479675700369
"6+4+5. ridge + AR + fonds commun","Industrie d'extraction",2018-06-30,163,4.04330878879239,2099.10372010855,0.00889281849136509,2018-03-31,0.0081793613697414
"6+4+5. ridge + AR + fonds commun","Industrie d'extraction",2018-09-30,163,2.47657953797465,10000,0.00505931639677669,2018-06-30,-0.0117710521370427
"6+4+5. ridge + AR + fonds commun","Industrie d'extraction",2018-12-31,165,2.48444079005991,10000,0.0093831294646757,2018-09-30,-0.00327062290436331
"6+4+5. ridge + AR + fonds commun","Industrie d'extraction",2019-03-31,166,2.48690444085283,10000,0.00640325222958841,2018-12-31,0.040057095335742
"6+4+5. ridge + AR + fonds commun","Industrie d'extraction",2019-06-30,168,2.49315429963152,10000,-0.00222703847060582,2019-03-31,-0.0225433471888596
"6+4+5. ridge + AR + fonds commun","Industrie d'extraction",2019-09-30,168,2.49300378734823,10000,0.0115340290938522,2019-06-30,0.0109256734157306
"6+4+5. ridge + AR + fonds commun","Industrie d'extraction",2019-12-31,168,2.49369623274555,10000,0.00388676838033756,2019-09-30,0.00214620520732645
"6+4+5. ridge + AR + fonds commun","Industrie d'extraction",2020-03-31,166,2.4877904480359,10000,0.0048523988285947,2019-12-31,0.00506158820307512
"6+4+5. ridge + AR + fonds commun","Industrie d'extraction",2020-06-30,166,2.48742497044422,10000,0.00565051480985644,2020-03-31,0.0237324718357801
"6+4+5. ridge + AR + fonds commun","Industrie d'extraction",2020-09-30,166,2.48844546603019,10000,0.00413473924578978,2020-06-30,-0.0110758122366672
"6+4+5. ridge + AR + fonds commun","Industrie d'extraction",2020-12-31,166,2.48913483244291,10000,0.00830983713729108,2020-09-30,0.0282365373459843
"6+4+5. ridge + AR + fonds commun","Industrie d'extraction",2021-03-31,166,2.48873583284256,10000,0.00158094115810278,2020-12-31,0.0506515529548963
"6+4+5. ridge + AR + fonds commun","Industrie d'extraction",2021-06-30,164,2.48286476254503,10000,0.00291137402433263,2021-03-31,-0.0120026798414088
"6+4+5. ridge + AR + fonds commun","Industrie d'extraction",2021-09-30,164,2.48308010015084,10000,0.0128177212202428,2021-06-30,0.0223534844760689
"6+4+5. ridge + AR + fonds commun","Industrie d'extraction",2021-12-31,165,2.48613531066378,10000,0.00691948262709512,2021-09-30,-0.0143497716369634
"6+4+5. ridge + AR + fonds commun","Industrie d'extraction",2022-03-31,164,2.4832962537786,10000,0.0131581563845575,2021-12-31,-0.138625872821352
"6+4+5. ridge + AR + fonds commun","Industrie d'extraction",2022-06-30,164,2.48371049731343,10000,0.0111779097480518,2022-03-31,-0.0689421152185421
"6+4+5. ridge + AR + fonds commun","Industrie d'extraction",2022-09-30,164,2.48182930677487,10000,-0.0150784515999063,2022-06-30,-0.0421248811824597
"6+4+5. ridge + AR + fonds commun","Industrie d'extraction",2022-12-31,164,2.47806623928445,10000,-0.0113980583144023,2022-09-30,-0.216757201746969
"6+4+5. ridge + AR + fonds commun","Industrie d'extraction",2023-03-31,164,24.1447204611641,36.2511704998854,-0.104274498407468,2022-12-31,0.0973621473997142
"6+4+5. ridge + AR + fonds commun","Industrie d'extraction",2023-06-30,166,14.4884448144884,172.698329065944,-0.0245501952529824,2023-03-31,2.03357431196594e-05
"6+4+5. ridge + AR + fonds commun","Industrie d'extraction",2023-09-30,167,10.8845825596097,322.45905452964,-0.0162795179088646,2023-06-30,0.0733392840223264
"6+4+5. ridge + AR + fonds commun","Industrie d'extraction",2023-12-31,168,2.49111713073552,10000,-0.00471931929064387,2023-09-30,0.113749741354164
"6+4+5. ridge + AR + fonds commun","Industrie d'extraction",2024-03-31,168,2.49234493587774,10000,0.0107555723089447,2023-12-31,-0.0252607257677209
"6+4+5. ridge + AR + fonds commun","Industrie d'extraction",2024-06-30,197,2.57642620592881,10000,-0.00076098023433537,2024-03-31,0.0070152744335843
"6+4+5. ridge + AR + fonds commun","Industrie d'extraction",2024-09-30,197,2.57698380006268,10000,0.00244165992252731,2024-06-30,0.022117053793357
"6+4+5. ridge + AR + fonds commun","Industrie d'extraction",2024-12-31,179,2.52381659511274,10000,0.00183863001335143,2024-09-30,-0.0056609646746999
"6+4+5. ridge + AR + fonds commun","Industrie d'extraction",2025-03-31,179,2.52436579952657,10000,-0.00037201149236892,2024-12-31,0.0657933092045351
"6+4+5. ridge + AR + fonds commun","Industrie d'extraction",2025-06-30,170,2.49882771751671,10000,0.00353058411213118,2025-03-31,0.046428686738258
"6+4+5. ridge + AR + fonds commun","Industrie d'extraction",2025-09-30,169,2.49599291126828,10000,0.00243404836638385,2025-06-30,-0.0306857679206729
"6+4+5. ridge + AR + fonds commun","Industrie d'extraction",2025-12-31,169,2.49621104462892,10000,-0.00307822292608714,2025-09-30,-0.0912476795593946
"6+4+5. ridge + AR + fonds commun","Industrie d'extraction",2026-03-31,169,2.49648103192595,10000,-0.00974131898980547,2025-12-31,0.0429938589024168
"6+4+5. ridge + AR + fonds commun","Industrie de transformation",2014-06-30,45,2.13448254040296,10000,0.0114598559386862,2014-03-31,0.0134903455131372
"6+4+5. ridge + AR + fonds commun","Industrie de transformation",2014-09-30,45,2.13452220416504,10000,0.00994245671255144,2014-06-30,0.00323811979902189
"6+4+5. ridge + AR + fonds commun","Industrie de transformation",2014-12-31,45,2.13476015196627,10000,0.00779979626230189,2014-09-30,-0.0476741243890952
"6+4+5. ridge + AR + fonds commun","Industrie de transformation",2015-03-31,89,3.17631922813927,2099.10372010855,-0.00739364439389632,2014-12-31,0.0304379715047673
"6+4+5. ridge + AR + fonds commun","Industrie de transformation",2015-06-30,89,2.26122822727778,10000,0.0100662829758781,2015-03-31,0.0194938047357773
"6+4+5. ridge + AR + fonds commun","Industrie de transformation",2015-09-30,89,2.26335603186609,10000,0.00763261880933116,2015-06-30,0.00620713596259748
"6+4+5. ridge + AR + fonds commun","Industrie de transformation",2015-12-31,90,2.26804293000202,10000,0.00688236985170534,2015-09-30,-0.00664650552544366
"6+4+5. ridge + AR + fonds commun","Industrie de transformation",2016-03-31,91,2.27062468977739,10000,0.00449590684433262,2015-12-31,-0.00323991776717136
"6+4+5. ridge + AR + fonds commun","Industrie de transformation",2016-06-30,97,2.28758541654377,10000,0.00413437403857197,2016-03-31,-0.00999549769479913
"6+4+5. ridge + AR + fonds commun","Industrie de transformation",2016-09-30,97,2.28761144569682,10000,0.00278204691332684,2016-06-30,0.0228243332255111
"6+4+5. ridge + AR + fonds commun","Industrie de transformation",2016-12-31,98,2.29121296246058,10000,0.00691458871783792,2016-09-30,0.0116788252925897
"6+4+5. ridge + AR + fonds commun","Industrie de transformation",2017-03-31,98,2.29084260933763,10000,0.00633045211439814,2016-12-31,0.00953178833632684
"6+4+5. ridge + AR + fonds commun","Industrie de transformation",2017-06-30,98,2.2909144366592,10000,0.00815572616612849,2017-03-31,0.0149267146411702
"6+4+5. ridge + AR + fonds commun","Industrie de transformation",2017-09-30,98,2.28850492292964,10000,0.00885660282427712,2017-06-30,-0.0114616897126858
"6+4+5. ridge + AR + fonds commun","Industrie de transformation",2017-12-31,98,2.28910647609276,10000,0.00514707742926652,2017-09-30,0.00280821148239063
"6+4+5. ridge + AR + fonds commun","Industrie de transformation",2018-03-31,156,2.45552279182372,10000,0.00611151688462844,2017-12-31,0.0234087617899217
"6+4+5. ridge + AR + fonds commun","Industrie de transformation",2018-06-30,163,2.47506452163547,10000,0.00795736436773872,2018-03-31,-0.00382899876597698
"6+4+5. ridge + AR + fonds commun","Industrie de transformation",2018-09-30,163,2.47601968775348,10000,0.00574797253531652,2018-06-30,0.0197648970716831
"6+4+5. ridge + AR + fonds commun","Industrie de transformation",2018-12-31,165,2.48270713051342,10000,0.0052562843143594,2018-09-30,0.00254844063750426
"6+4+5. ridge + AR + fonds commun","Industrie de transformation",2019-03-31,166,2.48713234840382,10000,0.0058072623113329,2018-12-31,0.00525129663060397
"6+4+5. ridge + AR + fonds commun","Industrie de transformation",2019-06-30,168,2.49243079420048,10000,0.00559370762055477,2019-03-31,0.0369509505888086
"6+4+5. ridge + AR + fonds commun","Industrie de transformation",2019-09-30,168,2.49267703149735,10000,0.00464799456015961,2019-06-30,-0.0175063522194137
"6+4+5. ridge + AR + fonds commun","Industrie de transformation",2019-12-31,168,2.49283923091914,10000,0.00850516452630431,2019-09-30,-0.00688096519466086
"6+4+5. ridge + AR + fonds commun","Industrie de transformation",2020-03-31,166,2.4861296783138,10000,0.00551005632544391,2019-12-31,-0.00162253854886352
"6+4+5. ridge + AR + fonds commun","Industrie de transformation",2020-06-30,166,2.48516025717282,10000,0.00421609953877352,2020-03-31,-0.213797918505946
"6+4+5. ridge + AR + fonds commun","Industrie de transformation",2020-09-30,166,24.3641079846887,36.2511704998854,0.0751169579279608,2020-06-30,0.176609534773862
"6+4+5. ridge + AR + fonds commun","Industrie de transformation",2020-12-31,166,29.7464023435378,7.60949668545988,-0.111145416912114,2020-09-30,-0.00858663289649719
"6+4+5. ridge + AR + fonds commun","Industrie de transformation",2021-03-31,166,31.9995996949304,0.00121547425007629,0.0492649749990208,2020-12-31,0.0682885003101887
"6+4+5. ridge + AR + fonds commun","Industrie de transformation",2021-06-30,164,31.9995934478174,0.00121547425007629,-0.018743202937139,2021-03-31,-0.0226087358268856
"6+4+5. ridge + AR + fonds commun","Industrie de transformation",2021-09-30,164,31.9995849421837,0.00121547425007629,0.0710410238915637,2021-06-30,0.0119171102444078
"6+4+5. ridge + AR + fonds commun","Industrie de transformation",2021-12-31,165,31.9995929920031,0.00121547425007629,0.00665390340726536,2021-09-30,0.0157395324071921
"6+4+5. ridge + AR + fonds commun","Industrie de transformation",2022-03-31,164,31.9995940471409,0.00121547425007629,0.0367325781017733,2021-12-31,-0.00935236645143078
"6+4+5. ridge + AR + fonds commun","Industrie de transformation",2022-06-30,164,31.9989596887222,0.00310116892657478,0.0321195786275279,2022-03-31,0.0265199585031901
"6+4+5. ridge + AR + fonds commun","Industrie de transformation",2022-09-30,164,31.9992208485619,0.00226951053669467,-0.0421857738187908,2022-06-30,0.00503674468161641
"6+4+5. ridge + AR + fonds commun","Industrie de transformation",2022-12-31,164,29.6667253129071,7.60949668545988,-0.0181138147331833,2022-09-30,-0.00375576483451212
"6+4+5. ridge + AR + fonds commun","Industrie de transformation",2023-03-31,164,31.9995801843933,0.00121547425007629,0.0381017357474232,2022-12-31,0.00769564383733545
"6+4+5. ridge + AR + fonds commun","Industrie de transformation",2023-06-30,166,29.6852064823377,7.60949668545988,-0.00532272430433248,2023-03-31,-0.0170061439275049
"6+4+5. ridge + AR + fonds commun","Industrie de transformation",2023-09-30,167,31.9995886370772,0.00121547425007629,0.00594976054136558,2023-06-30,0.0317188158621384
"6+4+5. ridge + AR + fonds commun","Industrie de transformation",2023-12-31,168,31.9994425983999,0.00166088278262772,-0.0430074530618515,2023-09-30,0.0560799603193818
"6+4+5. ridge + AR + fonds commun","Industrie de transformation",2024-03-31,168,31.9989526595581,0.00310116892657478,-0.0248238779956796,2023-12-31,-0.0663244948448725
"6+4+5. ridge + AR + fonds commun","Industrie de transformation",2024-06-30,197,28.5451384932059,14.2083083253392,0.0133640230619532,2024-03-31,-0.00790860641250291
"6+4+5. ridge + AR + fonds commun","Industrie de transformation",2024-09-30,197,30.0270065852219,7.60949668545988,0.0405185789936171,2024-06-30,0.069343487988764
"6+4+5. ridge + AR + fonds commun","Industrie de transformation",2024-12-31,179,31.9995296635634,0.00121547425007629,0.0474245494194179,2024-09-30,0.0165418381598617
"6+4+5. ridge + AR + fonds commun","Industrie de transformation",2025-03-31,179,31.9996654075833,0.000889513497310824,-0.0404986955031434,2024-12-31,-0.0681965626927639
"6+4+5. ridge + AR + fonds commun","Industrie de transformation",2025-06-30,170,31.9996431885138,0.000889513497310824,0.0220506434806321,2025-03-31,0.0247579899121657
"6+4+5. ridge + AR + fonds commun","Industrie de transformation",2025-09-30,169,29.9857878397519,5.56881399094527,0.0537008192120594,2025-06-30,0.0308834262611075
"6+4+5. ridge + AR + fonds commun","Industrie de transformation",2025-12-31,169,26.3494081635577,19.4149194574388,0.0323462997821553,2025-09-30,0.0330754169078045
"6+4+5. ridge + AR + fonds commun","Industrie de transformation",2026-03-31,169,31.9996435383824,0.000889513497310824,-0.0846582273827104,2025-12-31,-0.101743963623765
"6+4+5. ridge + AR + fonds commun","Électricité, gaz, eau",2014-06-30,45,2.13461133368103,10000,0.0143936005833937,2014-03-31,0.0332147863217731
"6+4+5. ridge + AR + fonds commun","Électricité, gaz, eau",2014-09-30,45,2.13437231795026,10000,0.00297867567361976,2014-06-30,-0.00679393605210521
"6+4+5. ridge + AR + fonds commun","Électricité, gaz, eau",2014-12-31,45,2.1346175415015,10000,0.00987316336603837,2014-09-30,-0.00857021450047135
"6+4+5. ridge + AR + fonds commun","Électricité, gaz, eau",2015-03-31,89,2.26351851820182,10000,0.0078818226597174,2014-12-31,0.0437145225973961
"6+4+5. ridge + AR + fonds commun","Électricité, gaz, eau",2015-06-30,89,2.26362895145787,10000,0.00834451674466534,2015-03-31,0.00610525562054143
"6+4+5. ridge + AR + fonds commun","Électricité, gaz, eau",2015-09-30,89,2.26259846840864,10000,0.00953490783232695,2015-06-30,0.0103469379268244
"6+4+5. ridge + AR + fonds commun","Électricité, gaz, eau",2015-12-31,90,2.26543632941214,10000,0.00744105196541718,2015-09-30,-0.00455943213512988
"6+4+5. ridge + AR + fonds commun","Électricité, gaz, eau",2016-03-31,91,2.26762689152335,10000,0.00726398129739612,2015-12-31,0.000155955147615572
"6+4+5. ridge + AR + fonds commun","Électricité, gaz, eau",2016-06-30,97,2.28472355718469,10000,0.00686976824483553,2016-03-31,-0.017175634556283
"6+4+5. ridge + AR + fonds commun","Électricité, gaz, eau",2016-09-30,97,2.28447984434529,10000,0.00826379886273277,2016-06-30,0.0711460023338066
"6+4+5. ridge + AR + fonds commun","Électricité, gaz, eau",2016-12-31,98,2.28749268213959,10000,0.00032666328845937,2016-09-30,-0.0359660643263187
"6+4+5. ridge + AR + fonds commun","Électricité, gaz, eau",2017-03-31,98,2.28602399719712,10000,0.013177388184046,2016-12-31,-0.00716286993772819
"6+4+5. ridge + AR + fonds commun","Électricité, gaz, eau",2017-06-30,98,9.20580795685086,235.983346678219,0.0218180936356177,2017-03-31,0.0253000677575166
"6+4+5. ridge + AR + fonds commun","Électricité, gaz, eau",2017-09-30,98,12.4009913347723,126.38482029343,0.00960699554710107,2017-06-30,0.0048164662893857
"6+4+5. ridge + AR + fonds commun","Électricité, gaz, eau",2017-12-31,98,10.8109915757293,172.698329065944,-0.00855173471376702,2017-09-30,0.0387992037287237
"6+4+5. ridge + AR + fonds commun","Électricité, gaz, eau",2018-03-31,156,12.124194103263,235.983346678219,-0.00388910780841654,2017-12-31,0.0223262968366722
"6+4+5. ridge + AR + fonds commun","Électricité, gaz, eau",2018-06-30,163,2.47148128840358,10000,0.00562601185929224,2018-03-31,-0.016153880771169
"6+4+5. ridge + AR + fonds commun","Électricité, gaz, eau",2018-09-30,163,2.47712398240575,10000,0.0156868354567147,2018-06-30,0.0411974248960654
"6+4+5. ridge + AR + fonds commun","Électricité, gaz, eau",2018-12-31,165,2.48294311386609,10000,-0.0018556280945689,2018-09-30,0.0623784425554952
"6+4+5. ridge + AR + fonds commun","Électricité, gaz, eau",2019-03-31,166,2.48371740023956,10000,-0.00323383779171101,2018-12-31,0.0925664554057999
"6+4+5. ridge + AR + fonds commun","Électricité, gaz, eau",2019-06-30,168,31.9996068476436,0.00121547425007629,-0.0262999668647415,2019-03-31,-0.0124026726248605
"6+4+5. ridge + AR + fonds commun","Électricité, gaz, eau",2019-09-30,168,31.9996083251461,0.00121547425007629,0.0468558779875911,2019-06-30,-0.0152269847098676
"6+4+5. ridge + AR + fonds commun","Électricité, gaz, eau",2019-12-31,168,20.893866391805,67.6875000945853,0.0520578683367512,2019-09-30,-0.00625851062808103
"6+4+5. ridge + AR + fonds commun","Électricité, gaz, eau",2020-03-31,166,6.59404892800516,822.724134170047,0.0110226656944342,2019-12-31,0.0213425854542955
"6+4+5. ridge + AR + fonds commun","Électricité, gaz, eau",2020-06-30,166,2.48116676460832,10000,0.0120359595869873,2020-03-31,-0.0970147629221021
"6+4+5. ridge + AR + fonds commun","Électricité, gaz, eau",2020-09-30,166,6.61163440388313,822.724134170047,0.0218277360391038,2020-06-30,0.114417799543279
"6+4+5. ridge + AR + fonds commun","Électricité, gaz, eau",2020-12-31,166,10.907303752554,322.45905452964,-0.0100501340643549,2020-09-30,-0.016022429172736
"6+4+5. ridge + AR + fonds commun","Électricité, gaz, eau",2021-03-31,166,9.28305999927618,440.623642777357,0.0175220567684869,2020-12-31,0.0217529032326009
"6+4+5. ridge + AR + fonds commun","Électricité, gaz, eau",2021-06-30,164,9.20883540644576,440.623642777357,0.00289971419595706,2021-03-31,0.0253032608158232
"6+4+5. ridge + AR + fonds commun","Électricité, gaz, eau",2021-09-30,164,7.76132301737327,602.089449333612,0.0155417458823173,2021-06-30,0.0158724557012508
"6+4+5. ridge + AR + fonds commun","Électricité, gaz, eau",2021-12-31,165,7.78220456890509,602.089449333612,0.00923424090950595,2021-09-30,0.0138196358846692
"6+4+5. ridge + AR + fonds commun","Électricité, gaz, eau",2022-03-31,164,10.7838200781016,322.45905452964,0.0136425004633114,2021-12-31,-0.0635858178619184
"6+4+5. ridge + AR + fonds commun","Électricité, gaz, eau",2022-06-30,164,9.15370258204043,440.623642777357,0.0278129858328106,2022-03-31,0.00902096583624079
"6+4+5. ridge + AR + fonds commun","Électricité, gaz, eau",2022-09-30,164,9.14474957891133,440.623642777357,0.00119097359143431,2022-06-30,-0.00480416973629261
"6+4+5. ridge + AR + fonds commun","Électricité, gaz, eau",2022-12-31,164,10.7460919385401,322.45905452964,-0.00062843756584112,2022-09-30,-0.0308377748401991
"6+4+5. ridge + AR + fonds commun","Électricité, gaz, eau",2023-03-31,164,10.7511038548299,322.45905452964,0.0185888884630194,2022-12-31,-0.122401604802485
"6+4+5. ridge + AR + fonds commun","Électricité, gaz, eau",2023-06-30,166,16.4871464463898,126.38482029343,-0.00635520225075713,2023-03-31,0.0472201858772916
"6+4+5. ridge + AR + fonds commun","Électricité, gaz, eau",2023-09-30,167,16.4870237066176,126.38482029343,-0.0303445028902096,2023-06-30,0.00207719445817389
"6+4+5. ridge + AR + fonds commun","Électricité, gaz, eau",2023-12-31,168,16.5510915640151,126.38482029343,-0.00766812259314353,2023-09-30,-0.0104818116311538
"6+4+5. ridge + AR + fonds commun","Électricité, gaz, eau",2024-03-31,168,16.5140330376147,126.38482029343,-0.0261170116980858,2023-12-31,0.0293667797510366
"6+4+5. ridge + AR + fonds commun","Électricité, gaz, eau",2024-06-30,197,13.4782079235045,235.983346678219,-0.000349985436317293,2024-03-31,-0.0474179307558522
"6+4+5. ridge + AR + fonds commun","Électricité, gaz, eau",2024-09-30,197,11.6741805115816,322.45905452964,0.0316699937208068,2024-06-30,0.100587875391312
"6+4+5. ridge + AR + fonds commun","Électricité, gaz, eau",2024-12-31,179,14.1210386339478,172.698329065944,-0.00535527799307611,2024-09-30,0.0115181001740545
"6+4+5. ridge + AR + fonds commun","Électricité, gaz, eau",2025-03-31,179,14.2123710387945,172.698329065944,-0.0212349352368228,2024-12-31,-0.0640900842189289
"6+4+5. ridge + AR + fonds commun","Électricité, gaz, eau",2025-06-30,170,15.8142781817332,126.38482029343,0.0239374224415247,2025-03-31,-0.0109469608200001
"6+4+5. ridge + AR + fonds commun","Électricité, gaz, eau",2025-09-30,169,15.8224611020735,126.38482029343,0.0213540747630979,2025-06-30,0.0726483567256153
"6+4+5. ridge + AR + fonds commun","Électricité, gaz, eau",2025-12-31,169,15.8273229842709,126.38482029343,-0.0205389483533345,2025-09-30,-0.0191714590402032
"6+4+5. ridge + AR + fonds commun","Électricité, gaz, eau",2026-03-31,169,15.862199658325,126.38482029343,-0.0361819095205761,2025-12-31,-0.0771317041623973
"6+4+5. ridge + AR + fonds commun","Construction",2014-06-30,45,10.3485062516899,67.6875000945853,0.00939029693188179,2014-03-31,0.00447736474689187
"6+4+5. ridge + AR + fonds commun","Construction",2014-09-30,45,10.2068559219609,67.6875000945853,0.00739120903889561,2014-06-30,-0.000619901584931526
"6+4+5. ridge + AR + fonds commun","Construction",2014-12-31,45,7.70763401985859,126.38482029343,0.00647748223826655,2014-09-30,-0.0170090243189662
"6+4+5. ridge + AR + fonds commun","Construction",2015-03-31,89,4.61778257927928,822.724134170047,0.00338199431904167,2014-12-31,-0.00530943948553997
"6+4+5. ridge + AR + fonds commun","Construction",2015-06-30,89,5.37688378833188,602.089449333612,0.00611304516429368,2015-03-31,0.0209819845460189
"6+4+5. ridge + AR + fonds commun","Construction",2015-09-30,89,5.39090339671982,602.089449333612,0.00717568685867887,2015-06-30,0.0115194109871428
"6+4+5. ridge + AR + fonds commun","Construction",2015-12-31,90,2.25925094361791,10000,0.00774482939679819,2015-09-30,0.032079368271992
"6+4+5. ridge + AR + fonds commun","Construction",2016-03-31,91,2.26594844855234,10000,0.00925981457403366,2015-12-31,0.0187855153946899
"6+4+5. ridge + AR + fonds commun","Construction",2016-06-30,97,2.28747909221879,10000,0.0108850194981284,2016-03-31,-0.00501930687227414
"6+4+5. ridge + AR + fonds commun","Construction",2016-09-30,97,2.28657378268561,10000,0.00511026151265603,2016-06-30,-0.00562759321653061
"6+4+5. ridge + AR + fonds commun","Construction",2016-12-31,98,2.28931372132441,10000,0.00397005404956056,2016-09-30,-0.0052620417260254
"6+4+5. ridge + AR + fonds commun","Construction",2017-03-31,98,2.28814028476181,10000,0.00331654035949749,2016-12-31,0.0132064022878779
"6+4+5. ridge + AR + fonds commun","Construction",2017-06-30,98,2.28788206999765,10000,0.00837861378890974,2017-03-31,0.000867405836450175
"6+4+5. ridge + AR + fonds commun","Construction",2017-09-30,98,2.28845346327086,10000,0.00503605743488231,2017-06-30,0.017936616006887
"6+4+5. ridge + AR + fonds commun","Construction",2017-12-31,98,2.29005422547166,10000,0.00896963134509165,2017-09-30,-0.00784029652175278
"6+4+5. ridge + AR + fonds commun","Construction",2018-03-31,156,2.45821075660865,10000,0.0042481317645528,2017-12-31,0.026272471549829
"6+4+5. ridge + AR + fonds commun","Construction",2018-06-30,163,2.47907748325055,10000,0.00814938151126972,2018-03-31,0.00736116363280281
"6+4+5. ridge + AR + fonds commun","Construction",2018-09-30,163,2.47749578349835,10000,0.00708805805597367,2018-06-30,-0.0192666965708348
"6+4+5. ridge + AR + fonds commun","Construction",2018-12-31,165,2.48308741856887,10000,0.00470184042279799,2018-09-30,-0.0524286380169254
"6+4+5. ridge + AR + fonds commun","Construction",2019-03-31,166,2.48443862583282,10000,-0.0179824829316566,2018-12-31,0.0166559720067418
"6+4+5. ridge + AR + fonds commun","Construction",2019-06-30,168,2.48742232184665,10000,0.00531821736181869,2019-03-31,0.0481920910731386
"6+4+5. ridge + AR + fonds commun","Construction",2019-09-30,168,2.48719969884611,10000,0.0143614272468354,2019-06-30,0.0125910845192418
"6+4+5. ridge + AR + fonds commun","Construction",2019-12-31,168,2.48722740432136,10000,0.00655706267028781,2019-09-30,-0.0273069523615579
"6+4+5. ridge + AR + fonds commun","Construction",2020-03-31,166,2.4805576417936,10000,-0.00140616793178397,2019-12-31,0.000213553084455143
"6+4+5. ridge + AR + fonds commun","Construction",2020-06-30,166,2.48030261071692,10000,0.00275214889247989,2020-03-31,-0.102776372819593
"6+4+5. ridge + AR + fonds commun","Construction",2020-09-30,166,31.9992500166216,0.00226951053669467,-0.0343305843232389,2020-06-30,0.0356201479127147
"6+4+5. ridge + AR + fonds commun","Construction",2020-12-31,166,31.999597751096,0.00121547425007629,0.00667862687417527,2020-09-30,0.072642691639901
"6+4+5. ridge + AR + fonds commun","Construction",2021-03-31,166,31.9996045770833,0.00121547425007629,0.0651782845196564,2020-12-31,-0.00494022963371066
"6+4+5. ridge + AR + fonds commun","Construction",2021-06-30,164,31.9995962323897,0.00121547425007629,0.0114677436232692,2021-03-31,-0.00250132109599832
"6+4+5. ridge + AR + fonds commun","Construction",2021-09-30,164,31.9995930269763,0.00121547425007629,0.0430227115786964,2021-06-30,0.0107028535882208
"6+4+5. ridge + AR + fonds commun","Construction",2021-12-31,165,16.6986779354706,126.38482029343,-0.00391462538690861,2021-09-30,0.00772099252970015
"6+4+5. ridge + AR + fonds commun","Construction",2022-03-31,164,14.6185358742013,172.698329065944,0.0146442659383537,2021-12-31,-0.026866287683136
"6+4+5. ridge + AR + fonds commun","Construction",2022-06-30,164,12.6599843329525,235.983346678219,-0.00411988575484175,2022-03-31,-0.0038148328637746
"6+4+5. ridge + AR + fonds commun","Construction",2022-09-30,164,12.617998017034,235.983346678219,-0.00340626491447488,2022-06-30,-0.0309753266623467
"6+4+5. ridge + AR + fonds commun","Construction",2022-12-31,164,14.5222918469299,172.698329065944,-0.0126600827688995,2022-09-30,-0.0138810252956052
"6+4+5. ridge + AR + fonds commun","Construction",2023-03-31,164,14.5346253712371,172.698329065944,0.00192121027892047,2022-12-31,0.0264176726138974
"6+4+5. ridge + AR + fonds commun","Construction",2023-06-30,166,14.5807592795502,172.698329065944,-0.00178939150334987,2023-03-31,0.00252741405244095
"6+4+5. ridge + AR + fonds commun","Construction",2023-09-30,167,12.6887501265042,235.983346678219,0.00405588508867977,2023-06-30,0.00248876146185317
"6+4+5. ridge + AR + fonds commun","Construction",2023-12-31,168,12.7049893646027,235.983346678219,-0.0127030434290127,2023-09-30,0.00486264809430104
"6+4+5. ridge + AR + fonds commun","Construction",2024-03-31,168,10.9037681343916,322.45905452964,0.000911442449619327,2023-12-31,0.0243786805323758
"6+4+5. ridge + AR + fonds commun","Construction",2024-06-30,197,17.5360155346892,126.38482029343,0.00228163062827574,2024-03-31,0.0131434129712957
"6+4+5. ridge + AR + fonds commun","Construction",2024-09-30,197,17.5913883647141,126.38482029343,0.0168342658597854,2024-06-30,0.0334036782533733
"6+4+5. ridge + AR + fonds commun","Construction",2024-12-31,179,18.0762838209074,92.4914727721734,0.0245413933864871,2024-09-30,0.00587796447580935
"6+4+5. ridge + AR + fonds commun","Construction",2025-03-31,179,18.1893223583281,92.4914727721734,0.00037873387055749,2024-12-31,0.0164348782556303
"6+4+5. ridge + AR + fonds commun","Construction",2025-06-30,170,25.0224124111326,26.5294846443189,0.0147579078293149,2025-03-31,0.0173260458459641
"6+4+5. ridge + AR + fonds commun","Construction",2025-09-30,169,21.6592566689642,49.5353520895917,0.0218437780715124,2025-06-30,0.0230301767543057
"6+4+5. ridge + AR + fonds commun","Construction",2025-12-31,169,23.4050014295715,36.2511704998854,0.00914324822418496,2025-09-30,-0.000376710311417838
"6+4+5. ridge + AR + fonds commun","Construction",2026-03-31,169,19.8211885280722,67.6875000945853,-0.0143608511746117,2025-12-31,-0.0250954841631064
"6+4+5. ridge + AR + fonds commun","Commerce",2014-06-30,45,5.8597525025624,235.983346678219,0.00798963350243751,2014-03-31,0.00951978546845211
"6+4+5. ridge + AR + fonds commun","Commerce",2014-09-30,45,5.80324071186948,235.983346678219,0.00898342330832495,2014-06-30,-0.0115603603846139
"6+4+5. ridge + AR + fonds commun","Commerce",2014-12-31,45,6.74398662991015,172.698329065944,-0.000510159728565092,2014-09-30,-0.0494865182085977
"6+4+5. ridge + AR + fonds commun","Commerce",2015-03-31,89,8.81186162443185,235.983346678219,-0.0165788745837207,2014-12-31,0.0315083401930245
"6+4+5. ridge + AR + fonds commun","Commerce",2015-06-30,89,4.65168996203007,822.724134170047,0.0132171259492585,2015-03-31,0.0159370922398132
"6+4+5. ridge + AR + fonds commun","Commerce",2015-09-30,89,5.4502074105547,602.089449333612,0.00282534458669906,2015-06-30,-0.0019131817420277
"6+4+5. ridge + AR + fonds commun","Commerce",2015-12-31,90,5.489452749374,602.089449333612,0.00128856337315476,2015-09-30,0.00735412998310103
"6+4+5. ridge + AR + fonds commun","Commerce",2016-03-31,91,5.53533674193137,602.089449333612,0.0081057607366002,2015-12-31,-0.0158055279342868
"6+4+5. ridge + AR + fonds commun","Commerce",2016-06-30,97,5.67127270240093,602.089449333612,0.00497948486687879,2016-03-31,0.0133516373977667
"6+4+5. ridge + AR + fonds commun","Commerce",2016-09-30,97,5.67121507699038,602.089449333612,0.00240381377467068,2016-06-30,0.0267524972525734
"6+4+5. ridge + AR + fonds commun","Commerce",2016-12-31,98,6.69497703060941,440.623642777357,-0.011102811416682,2016-09-30,0.0309847865136277
"6+4+5. ridge + AR + fonds commun","Commerce",2017-03-31,98,2.28848690088873,10000,0.00543504252948501,2016-12-31,0.00917546195855401
"6+4+5. ridge + AR + fonds commun","Commerce",2017-06-30,98,2.28873567063216,10000,0.00551604830735876,2017-03-31,-0.00349218376741867
"6+4+5. ridge + AR + fonds commun","Commerce",2017-09-30,98,2.28869635067281,10000,0.00506483704889984,2017-06-30,-0.0111426180419461
"6+4+5. ridge + AR + fonds commun","Commerce",2017-12-31,98,2.2890433517466,10000,0.00387866673830946,2017-09-30,0.0160473615406325
"6+4+5. ridge + AR + fonds commun","Commerce",2018-03-31,156,2.45834793236098,10000,0.00418406498923841,2017-12-31,-0.0230462931639384
"6+4+5. ridge + AR + fonds commun","Commerce",2018-06-30,163,2.4777458657754,10000,0.00648872234425617,2018-03-31,0.00870212621648037
"6+4+5. ridge + AR + fonds commun","Commerce",2018-09-30,163,2.64245285294786,7318.24221907618,0.00551550924826228,2018-06-30,0.00962442845128741
"6+4+5. ridge + AR + fonds commun","Commerce",2018-12-31,165,3.17557298844988,3919.40677484722,0.00586498544563785,2018-09-30,0.0165859648209938
"6+4+5. ridge + AR + fonds commun","Commerce",2019-03-31,166,4.74931851406554,1536.17494667183,0.00558989233090744,2018-12-31,-0.0198319410856413
"6+4+5. ridge + AR + fonds commun","Commerce",2019-06-30,168,2.89684172014048,5355.6669177069,0.00565124893988555,2019-03-31,0.0339504681612155
"6+4+5. ridge + AR + fonds commun","Commerce",2019-09-30,168,5.62479933659608,1124.21003506209,0.00152716680748938,2019-06-30,-0.00535962123528755
"6+4+5. ridge + AR + fonds commun","Commerce",2019-12-31,168,6.67387772622125,822.724134170047,0.00338957868247723,2019-09-30,-0.0070521019456713
"6+4+5. ridge + AR + fonds commun","Commerce",2020-03-31,166,6.61685440565122,822.724134170047,-0.00111656275451099,2019-12-31,-0.0169610578868529
"6+4+5. ridge + AR + fonds commun","Commerce",2020-06-30,166,9.29660829375873,440.623642777357,-0.00964427499542825,2020-03-31,-0.150671734390357
"6+4+5. ridge + AR + fonds commun","Commerce",2020-09-30,166,18.7810795602088,92.4914727721734,0.0244049148069557,2020-06-30,0.108126994394249
"6+4+5. ridge + AR + fonds commun","Commerce",2020-12-31,166,20.6786961841785,67.6875000945853,-0.0422624391799085,2020-09-30,0.020045836468638
"6+4+5. ridge + AR + fonds commun","Commerce",2021-03-31,166,24.3186128274585,36.2511704998854,0.0134105790483473,2020-12-31,0.0273111173838672
"6+4+5. ridge + AR + fonds commun","Commerce",2021-06-30,164,25.7284782963499,26.5294846443189,0.00583313967633844,2021-03-31,0.00987582878233084
"6+4+5. ridge + AR + fonds commun","Commerce",2021-09-30,164,29.6943262212669,7.60949668545988,0.0415526322520642,2021-06-30,0.0199199534821144
"6+4+5. ridge + AR + fonds commun","Commerce",2021-12-31,165,31.9995913978696,0.00121547425007629,0.0160376591875837,2021-09-30,0.0158034521479156
"6+4+5. ridge + AR + fonds commun","Commerce",2022-03-31,164,31.9995925366715,0.00121547425007629,0.0348364715105157,2021-12-31,-0.0348034749137724
"6+4+5. ridge + AR + fonds commun","Commerce",2022-06-30,164,25.6904526289963,26.5294846443189,0.0335515372406131,2022-03-31,0.007272295596783
"6+4+5. ridge + AR + fonds commun","Commerce",2022-09-30,164,28.9627913687141,10.3979841848149,-0.0308838449711764,2022-06-30,-0.00708032889736465
"6+4+5. ridge + AR + fonds commun","Commerce",2022-12-31,164,26.9116213451035,19.4149194574388,-0.00135269521369669,2022-09-30,0.0110248570649674
"6+4+5. ridge + AR + fonds commun","Commerce",2023-03-31,164,31.9992155966211,0.00226951053669467,0.0170181465183737,2022-12-31,0.0160767305589786
"6+4+5. ridge + AR + fonds commun","Commerce",2023-06-30,166,31.9995819840527,0.00121547425007629,0.00482093186251311,2023-03-31,0.00646517716538497
"6+4+5. ridge + AR + fonds commun","Commerce",2023-09-30,167,31.9995886977997,0.00121547425007629,0.00889611475809073,2023-06-30,0.00237756549880963
"6+4+5. ridge + AR + fonds commun","Commerce",2023-12-31,168,31.9994426905179,0.00166088278262772,-0.0176597466943329,2023-09-30,0.00844315463132972
"6+4+5. ridge + AR + fonds commun","Commerce",2024-03-31,168,31.9994383392555,0.00166088278262772,0.00356540016556008,2023-12-31,0.0184637520602795
"6+4+5. ridge + AR + fonds commun","Commerce",2024-06-30,197,26.3298976643362,26.5294846443189,-0.000926016590873942,2024-03-31,0.000290896215341618
"6+4+5. ridge + AR + fonds commun","Commerce",2024-09-30,197,27.5846681430099,19.4149194574388,0.0283683719365881,2024-06-30,0.0154439711545749
"6+4+5. ridge + AR + fonds commun","Commerce",2024-12-31,179,23.6188271220787,36.2511704998854,0.0256938989905017,2024-09-30,0.00571468262867647
"6+4+5. ridge + AR + fonds commun","Commerce",2025-03-31,179,22.0065514318186,49.5353520895917,-0.00186028584104184,2024-12-31,0.0248772545888567
"6+4+5. ridge + AR + fonds commun","Commerce",2025-06-30,170,23.4273748113567,36.2511704998854,-0.00634582908909917,2025-03-31,0.00124917416875725
"6+4+5. ridge + AR + fonds commun","Commerce",2025-09-30,169,23.4112113418514,36.2511704998854,0.0349437400911231,2025-06-30,0.00388237799968039
"6+4+5. ridge + AR + fonds commun","Commerce",2025-12-31,169,19.7671032531893,67.6875000945853,0.0130314145436709,2025-09-30,0.00474667366104242
"6+4+5. ridge + AR + fonds commun","Commerce",2026-03-31,169,21.707022997361,49.5353520895917,-0.0089167287245645,2025-12-31,0.030304457095939
"6+4+5. ridge + AR + fonds commun","Transports",2014-06-30,45,9.01207035983187,92.4914727721734,0.0114563987883792,2014-03-31,0.028015303409596
"6+4+5. ridge + AR + fonds commun","Transports",2014-09-30,45,7.70784919660558,126.38482029343,0.00267810773184215,2014-06-30,-0.00329148743112206
"6+4+5. ridge + AR + fonds commun","Transports",2014-12-31,45,7.73836493861019,126.38482029343,0.0205983604952328,2014-09-30,0.00554226208478248
"6+4+5. ridge + AR + fonds commun","Transports",2015-03-31,89,11.884170332575,126.38482029343,0.0071796919468679,2014-12-31,0.0274647989726873
"6+4+5. ridge + AR + fonds commun","Transports",2015-06-30,89,15.4360620180553,67.6875000945853,0.0702275955647421,2015-03-31,0.0238870417103634
"6+4+5. ridge + AR + fonds commun","Transports",2015-09-30,89,17.418966869377,49.5353520895917,0.00721505167969931,2015-06-30,-0.000400525138307017
"6+4+5. ridge + AR + fonds commun","Transports",2015-12-31,90,15.6270783319423,67.6875000945853,0.0213674967105105,2015-09-30,0.0136274565391865
"6+4+5. ridge + AR + fonds commun","Transports",2016-03-31,91,17.5903309266402,49.5353520895917,0.0302412674262499,2015-12-31,-0.00224188236103728
"6+4+5. ridge + AR + fonds commun","Transports",2016-06-30,97,19.6487602253296,36.2511704998854,0.0139996584342303,2016-03-31,-0.0304162214184824
"6+4+5. ridge + AR + fonds commun","Transports",2016-09-30,97,15.9042752538601,67.6875000945853,0.0206756847986027,2016-06-30,0.0405851512318183
"6+4+5. ridge + AR + fonds commun","Transports",2016-12-31,98,17.8777644936101,49.5353520895917,-0.0257913054078222,2016-09-30,-0.000806231998783602
"6+4+5. ridge + AR + fonds commun","Transports",2017-03-31,98,17.9693036101468,49.5353520895917,0.00431805873389194,2016-12-31,0.00525061131594917
"6+4+5. ridge + AR + fonds commun","Transports",2017-06-30,98,16.0408266143274,67.6875000945853,0.00256308081153243,2017-03-31,-0.00885390403460029
"6+4+5. ridge + AR + fonds commun","Transports",2017-09-30,98,31.999575245349,0.000476393801040134,0.0248924682487538,2017-06-30,0.00323264375167831
"6+4+5. ridge + AR + fonds commun","Transports",2017-12-31,98,31.9992163015566,0.000889513497310824,0.010874745941639,2017-09-30,0.00270040887982859
"6+4+5. ridge + AR + fonds commun","Transports",2018-03-31,156,2.45618901002075,10000,0.00882583661574822,2017-12-31,-0.00771766276284147
"6+4+5. ridge + AR + fonds commun","Transports",2018-06-30,163,2.47730387900085,10000,0.00957151364596035,2018-03-31,0.0381116237789918
"6+4+5. ridge + AR + fonds commun","Transports",2018-09-30,163,2.47681315297838,10000,0.00258601191893136,2018-06-30,-0.0562132165992164
"6+4+5. ridge + AR + fonds commun","Transports",2018-12-31,165,2.48534139879504,10000,0.0356716879842691,2018-09-30,0.0024741177684291
"6+4+5. ridge + AR + fonds commun","Transports",2019-03-31,166,2.48574600632723,10000,0.00690490997466879,2018-12-31,0.0567198839409837
"6+4+5. ridge + AR + fonds commun","Transports",2019-06-30,168,2.49215890824678,10000,-0.0100218024248505,2019-03-31,0.100742314764428
"6+4+5. ridge + AR + fonds commun","Transports",2019-09-30,168,2.49253293014611,10000,0.0179010206644441,2019-06-30,-0.105961891018188
"6+4+5. ridge + AR + fonds commun","Transports",2019-12-31,168,2.49160590642625,10000,0.0556969667372908,2019-09-30,-0.0390667942682299
"6+4+5. ridge + AR + fonds commun","Transports",2020-03-31,166,2.482123347647,10000,0.00972977256596015,2019-12-31,-0.0126004908496
"6+4+5. ridge + AR + fonds commun","Transports",2020-06-30,166,2.48001307213216,10000,0.00444251748595893,2020-03-31,-0.501094849125378
"6+4+5. ridge + AR + fonds commun","Transports",2020-09-30,166,29.062038363997,10.3979841848149,0.110144966219635,2020-06-30,0.125969152849114
"6+4+5. ridge + AR + fonds commun","Transports",2020-12-31,166,28.1487158163615,14.2083083253392,-0.0654409909221067,2020-09-30,0.122566805849722
"6+4+5. ridge + AR + fonds commun","Transports",2021-03-31,166,31.9995997025366,0.00121547425007629,0.00683992825252369,2020-12-31,0.0562033294168316
"6+4+5. ridge + AR + fonds commun","Transports",2021-06-30,164,31.9995928441522,0.00121547425007629,0.010689255101338,2021-03-31,0.000731330783699136
"6+4+5. ridge + AR + fonds commun","Transports",2021-09-30,164,31.999584917951,0.00121547425007629,0.0768782154804033,2021-06-30,0.0731279057345535
"6+4+5. ridge + AR + fonds commun","Transports",2021-12-31,165,31.9994445388575,0.00166088278262772,0.0037563818815003,2021-09-30,-0.0243022849728511
"6+4+5. ridge + AR + fonds commun","Transports",2022-03-31,164,31.9995951059475,0.00121547425007629,0.0665238399474624,2021-12-31,-0.0184384391565189
"6+4+5. ridge + AR + fonds commun","Transports",2022-06-30,164,31.999592963553,0.00121547425007629,0.0238628881251081,2022-03-31,0.0331947459481938
"6+4+5. ridge + AR + fonds commun","Transports",2022-09-30,164,31.9995829142968,0.00121547425007629,-0.0392318673856188,2022-06-30,0.0296892895055922
"6+4+5. ridge + AR + fonds commun","Transports",2022-12-31,164,31.999578963681,0.00121547425007629,-0.00077173923766388,2022-09-30,-0.00518075012109698
"6+4+5. ridge + AR + fonds commun","Transports",2023-03-31,164,31.9992159214791,0.00226951053669467,0.0498516058723543,2022-12-31,0.0341097935940446
"6+4+5. ridge + AR + fonds commun","Transports",2023-06-30,166,31.9994270768465,0.00166088278262772,-0.00082395139628086,2023-03-31,0.0106539923050857
"6+4+5. ridge + AR + fonds commun","Transports",2023-09-30,167,31.9995868370195,0.00121547425007629,0.0229659198689665,2023-06-30,0.00294728832205848
"6+4+5. ridge + AR + fonds commun","Transports",2023-12-31,168,31.9994400704344,0.00166088278262772,-0.0495786231370975,2023-09-30,0.0143046496502013
"6+4+5. ridge + AR + fonds commun","Transports",2024-03-31,168,31.999585645872,0.00121547425007629,0.000118457743938082,2023-12-31,0.0448609908773161
"6+4+5. ridge + AR + fonds commun","Transports",2024-06-30,197,31.9996455341496,0.00121547425007629,0.0220250624626679,2024-03-31,0.0233315106872372
"6+4+5. ridge + AR + fonds commun","Transports",2024-09-30,197,31.9996493577627,0.00121547425007629,0.0856152606158835,2024-06-30,-0.000696765512168795
"6+4+5. ridge + AR + fonds commun","Transports",2024-12-31,179,31.999657062077,0.000889513497310824,0.0449064025851204,2024-09-30,0.0179385719466758
"6+4+5. ridge + AR + fonds commun","Transports",2025-03-31,179,31.9993773755427,0.00166088278262772,0.0399476135588513,2024-12-31,-2.13944930589349e-05
"6+4+5. ridge + AR + fonds commun","Transports",2025-06-30,170,29.3675674681098,7.60949668545988,0.00544224639409664,2025-03-31,0.0262253345690056
"6+4+5. ridge + AR + fonds commun","Transports",2025-09-30,169,27.5616792429275,14.2083083253392,0.0638115311905458,2025-06-30,-0.00840283920981122
"6+4+5. ridge + AR + fonds commun","Transports",2025-12-31,169,27.5556164351099,14.2083083253392,0.0272093422261801,2025-09-30,0.0256348485772033
"6+4+5. ridge + AR + fonds commun","Transports",2026-03-31,169,31.9996414637668,0.000889513497310824,-0.0411622843351043,2025-12-31,0.00343555107293625
"6+4+5. ridge + AR + fonds commun","Hébergement-restauration",2014-06-30,45,2.1335831183171,10000,0.00793022439189594,2014-03-31,0.0579051413275486
"6+4+5. ridge + AR + fonds commun","Hébergement-restauration",2014-09-30,45,2.13356722854814,10000,-0.0129960146072324,2014-06-30,-0.100719732558025
"6+4+5. ridge + AR + fonds commun","Hébergement-restauration",2014-12-31,45,2.13320748024014,10000,0.0670331603781079,2014-09-30,0.0187926552611444
"6+4+5. ridge + AR + fonds commun","Hébergement-restauration",2015-03-31,89,2.26556920412305,10000,0.00023540374846023,2014-12-31,0.0127819913735721
"6+4+5. ridge + AR + fonds commun","Hébergement-restauration",2015-06-30,89,2.2657407424448,10000,0.00253479274015415,2015-03-31,0.0151974154132208
"6+4+5. ridge + AR + fonds commun","Hébergement-restauration",2015-09-30,89,2.26593018313462,10000,0.00195943786660415,2015-06-30,-0.0394942050942486
"6+4+5. ridge + AR + fonds commun","Hébergement-restauration",2015-12-31,90,2.26881886649698,10000,0.0213386358658417,2015-09-30,0.0175488642456987
"6+4+5. ridge + AR + fonds commun","Hébergement-restauration",2016-03-31,91,2.27083039918626,10000,-0.000471103009973577,2015-12-31,0.00665704009847978
"6+4+5. ridge + AR + fonds commun","Hébergement-restauration",2016-06-30,97,2.28770139261892,10000,0.00415266327749024,2016-03-31,-0.00832824764845164
"6+4+5. ridge + AR + fonds commun","Hébergement-restauration",2016-09-30,97,2.28766541804753,10000,0.0094475362313047,2016-06-30,0.0560471819745558
"6+4+5. ridge + AR + fonds commun","Hébergement-restauration",2016-12-31,98,2.2904877574013,10000,-0.0139653561705885,2016-09-30,0.0195963775895027
"6+4+5. ridge + AR + fonds commun","Hébergement-restauration",2017-03-31,98,2.29120154598901,10000,0.00192309393297261,2016-12-31,0.0277996430464089
"6+4+5. ridge + AR + fonds commun","Hébergement-restauration",2017-06-30,98,2.29096759532344,10000,0.00148026270790273,2017-03-31,0.0278215922434324
"6+4+5. ridge + AR + fonds commun","Hébergement-restauration",2017-09-30,98,2.29135982623528,10000,0.00248085603176804,2017-06-30,0.0102951493030083
"6+4+5. ridge + AR + fonds commun","Hébergement-restauration",2017-12-31,98,2.29146957913565,10000,0.00840734777274417,2017-09-30,0.0188149524720291
"6+4+5. ridge + AR + fonds commun","Hébergement-restauration",2018-03-31,156,2.45966273310884,10000,0.00564948103750787,2017-12-31,0.0248370780464207
"6+4+5. ridge + AR + fonds commun","Hébergement-restauration",2018-06-30,163,2.47940093739849,10000,0.00411092593418218,2018-03-31,0.0148534421343882
"6+4+5. ridge + AR + fonds commun","Hébergement-restauration",2018-09-30,163,2.47833211435548,10000,0.00687980184496604,2018-06-30,-0.0200453834008396
"6+4+5. ridge + AR + fonds commun","Hébergement-restauration",2018-12-31,165,2.48313379887049,10000,0.0170462909935998,2018-09-30,0.0330719091401885
"6+4+5. ridge + AR + fonds commun","Hébergement-restauration",2019-03-31,166,2.48643159280784,10000,-0.000215730333024327,2018-12-31,0.0107181372644138
"6+4+5. ridge + AR + fonds commun","Hébergement-restauration",2019-06-30,168,2.49060431844799,10000,0.00796238024940085,2019-03-31,0.0402913731091044
"6+4+5. ridge + AR + fonds commun","Hébergement-restauration",2019-09-30,168,2.49050103841907,10000,0.000167432087948187,2019-06-30,-0.0688778865997968
"6+4+5. ridge + AR + fonds commun","Hébergement-restauration",2019-12-31,168,2.48914485151051,10000,0.0426719279235237,2019-09-30,0.0396077656015432
"6+4+5. ridge + AR + fonds commun","Hébergement-restauration",2020-03-31,166,2.48065128852222,10000,-0.00339100849924408,2019-12-31,-0.329368517252892
"6+4+5. ridge + AR + fonds commun","Hébergement-restauration",2020-06-30,166,31.9996040391818,0.00121547425007629,-0.00743687795207212,2020-03-31,-0.857041072981717
"6+4+5. ridge + AR + fonds commun","Hébergement-restauration",2020-09-30,166,29.7397802538957,7.60949668545988,-0.787448018269248,2020-06-30,0.152814674284517
"6+4+5. ridge + AR + fonds commun","Hébergement-restauration",2020-12-31,166,31.6153695400402,1.16895181649858,-0.0491852672899831,2020-09-30,0.184991785349833
"6+4+5. ridge + AR + fonds commun","Hébergement-restauration",2021-03-31,166,31.9995981510519,0.00121547425007629,-0.000180950453303148,2020-12-31,0.108593379555545
"6+4+5. ridge + AR + fonds commun","Hébergement-restauration",2021-06-30,164,31.9995916285749,0.00121547425007629,0.0220633329337973,2021-03-31,0.0325203058080987
"6+4+5. ridge + AR + fonds commun","Hébergement-restauration",2021-09-30,164,31.9995825122825,0.00121547425007629,0.0696682062168748,2021-06-30,0.0912570059284388
"6+4+5. ridge + AR + fonds commun","Hébergement-restauration",2021-12-31,165,31.9995901839138,0.00121547425007629,0.0395270217502439,2021-09-30,0.0662513211980329
"6+4+5. ridge + AR + fonds commun","Hébergement-restauration",2022-03-31,164,31.9995910836002,0.00121547425007629,0.0923012698499792,2021-12-31,0.172069210996341
"6+4+5. ridge + AR + fonds commun","Hébergement-restauration",2022-06-30,164,31.9995885657322,0.00121547425007629,0.145613806558776,2022-03-31,0.185682194782517
"6+4+5. ridge + AR + fonds commun","Hébergement-restauration",2022-09-30,164,31.9995795154719,0.00121547425007629,0.0558209203519085,2022-06-30,0.172534150339882
"6+4+5. ridge + AR + fonds commun","Hébergement-restauration",2022-12-31,164,31.9995756328162,0.00121547425007629,0.141445243634435,2022-09-30,0.0347188375472669
"6+4+5. ridge + AR + fonds commun","Hébergement-restauration",2023-03-31,164,31.9995768240643,0.00121547425007629,0.13998735436354,2022-12-31,0.0350713189035368
"6+4+5. ridge + AR + fonds commun","Hébergement-restauration",2023-06-30,166,31.9992112058144,0.00226951053669467,-0.00939176262189547,2023-03-31,0.0285381802766143
"6+4+5. ridge + AR + fonds commun","Hébergement-restauration",2023-09-30,167,31.9995839165394,0.00121547425007629,0.155060969464143,2023-06-30,0.0131680998376478
"6+4+5. ridge + AR + fonds commun","Hébergement-restauration",2023-12-31,168,31.9995868447053,0.00121547425007629,-0.0041691948631022,2023-09-30,0.00454308251082303
"6+4+5. ridge + AR + fonds commun","Hébergement-restauration",2024-03-31,168,31.9989342392879,0.00310116892657478,-0.0107914463653419,2023-12-31,-0.0256302512562794
"6+4+5. ridge + AR + fonds commun","Hébergement-restauration",2024-06-30,197,31.9987579077282,0.00423758716060406,0.0490427237980575,2024-03-31,0.0863211664480215
"6+4+5. ridge + AR + fonds commun","Hébergement-restauration",2024-09-30,197,31.9996473356384,0.00121547425007629,0.16233051843333,2024-06-30,0.0395958337321503
"6+4+5. ridge + AR + fonds commun","Hébergement-restauration",2024-12-31,179,28.6552331592995,10.3979841848149,0.00168964652122867,2024-09-30,0.0126078965454273
"6+4+5. ridge + AR + fonds commun","Hébergement-restauration",2025-03-31,179,28.7292296423336,10.3979841848149,-0.0269123121999369,2024-12-31,-0.0551888649837782
"6+4+5. ridge + AR + fonds commun","Hébergement-restauration",2025-06-30,170,27.5520813758144,14.2083083253392,0.107587561901367,2025-03-31,0.0935791648916222
"6+4+5. ridge + AR + fonds commun","Hébergement-restauration",2025-09-30,169,26.3369482433344,19.4149194574388,0.155315142835594,2025-06-30,0.0109571254893179
"6+4+5. ridge + AR + fonds commun","Hébergement-restauration",2025-12-31,169,31.3681033185018,1.59731228006026,0.0510480228036879,2025-09-30,-0.0117140608570061
"6+4+5. ridge + AR + fonds commun","Hébergement-restauration",2026-03-31,169,31.9996389607026,0.000889513497310824,-0.170227487173154,2025-12-31,-0.0149369838672992
"6+4+5. ridge + AR + fonds commun","Information-communication",2014-06-30,45,2.13541884848218,10000,0.021763919381927,2014-03-31,0.0185608138362312
"6+4+5. ridge + AR + fonds commun","Information-communication",2014-09-30,45,2.13527617463469,10000,0.0194419427117232,2014-06-30,0.031275663358036
"6+4+5. ridge + AR + fonds commun","Information-communication",2014-12-31,45,2.13529096863258,10000,0.0193094903564936,2014-09-30,0.038634291236642
"6+4+5. ridge + AR + fonds commun","Information-communication",2015-03-31,89,2.26447607306114,10000,0.0199866177059695,2014-12-31,0.00404829052809141
"6+4+5. ridge + AR + fonds commun","Information-communication",2015-06-30,89,2.26438900514956,10000,0.020981374749094,2015-03-31,-0.0211948620280431
"6+4+5. ridge + AR + fonds commun","Information-communication",2015-09-30,89,2.2644305948377,10000,0.0203080832494473,2015-06-30,-0.0255461304946749
"6+4+5. ridge + AR + fonds commun","Information-communication",2015-12-31,90,2.26691813328547,10000,0.01825740018035,2015-09-30,-0.0117556566679973
"6+4+5. ridge + AR + fonds commun","Information-communication",2016-03-31,91,2.26965760857017,10000,0.0166277400917274,2015-12-31,0.0441187349800902
"6+4+5. ridge + AR + fonds commun","Information-communication",2016-06-30,97,2.28667381790607,10000,0.015023269921636,2016-03-31,0.0324311797721624
"6+4+5. ridge + AR + fonds commun","Information-communication",2016-09-30,97,2.28666715614597,10000,0.0162560491627156,2016-06-30,0.0156993215704908
"6+4+5. ridge + AR + fonds commun","Information-communication",2016-12-31,98,2.28935090162521,10000,0.0186842528828913,2016-09-30,0.0119540679681371
"6+4+5. ridge + AR + fonds commun","Information-communication",2017-03-31,98,2.28986597880854,10000,0.0180497811779391,2016-12-31,-0.074924310117952
"6+4+5. ridge + AR + fonds commun","Information-communication",2017-06-30,98,2.28966952321059,10000,0.0158981502045854,2017-03-31,0.0264960645184544
"6+4+5. ridge + AR + fonds commun","Information-communication",2017-09-30,98,2.29115167129567,10000,0.014209952575465,2017-06-30,0.0150230359818178
"6+4+5. ridge + AR + fonds commun","Information-communication",2017-12-31,98,2.29082375315637,10000,0.0152981390281343,2017-09-30,0.00966388766132553
"6+4+5. ridge + AR + fonds commun","Information-communication",2018-03-31,156,2.45785549980295,10000,0.0166157983448842,2017-12-31,-0.010365531714644
"6+4+5. ridge + AR + fonds commun","Information-communication",2018-06-30,163,2.47734740486379,10000,0.0166225504242929,2018-03-31,0.0250131048881688
"6+4+5. ridge + AR + fonds commun","Information-communication",2018-09-30,163,2.47706719270436,10000,0.0151803584968404,2018-06-30,0.00871941409985943
"6+4+5. ridge + AR + fonds commun","Information-communication",2018-12-31,165,2.48149736164953,10000,0.0140257002041075,2018-09-30,0.0017418043179287
"6+4+5. ridge + AR + fonds commun","Information-communication",2019-03-31,166,2.48539514669186,10000,0.0137631968676719,2018-12-31,0.000840591265317769
"6+4+5. ridge + AR + fonds commun","Information-communication",2019-06-30,168,2.49056170932405,10000,0.0118234622770947,2019-03-31,0.00593404498862071
"6+4+5. ridge + AR + fonds commun","Information-communication",2019-09-30,168,2.49379120956978,10000,0.0107833224750055,2019-06-30,0.0095827091317755
"6+4+5. ridge + AR + fonds commun","Information-communication",2019-12-31,168,2.49316039705864,10000,0.0132073789821096,2019-09-30,0.0110725639758531
"6+4+5. ridge + AR + fonds commun","Information-communication",2020-03-31,166,7.8362349764184,602.089449333612,0.00855363687178566,2019-12-31,0.0419599960536452
"6+4+5. ridge + AR + fonds commun","Information-communication",2020-06-30,166,14.7097029496645,172.698329065944,0.0306366671466064,2020-03-31,-0.0210436716728193
"6+4+5. ridge + AR + fonds commun","Information-communication",2020-09-30,166,16.7936358615946,126.38482029343,0.0178710743858882,2020-06-30,-0.00204975173975619
"6+4+5. ridge + AR + fonds commun","Information-communication",2020-12-31,166,14.7778628853109,172.698329065944,-0.00272666997949332,2020-09-30,0.0411703029645043
"6+4+5. ridge + AR + fonds commun","Information-communication",2021-03-31,166,2.48601002700353,10000,0.005871948529071,2020-12-31,-0.0536933298258049
"6+4+5. ridge + AR + fonds commun","Information-communication",2021-06-30,164,2.47961885273002,10000,0.0134741172036131,2021-03-31,0.00186143113149839
"6+4+5. ridge + AR + fonds commun","Information-communication",2021-09-30,164,6.58500192382059,822.724134170047,0.004281086126855,2021-06-30,0.00942302584054922
"6+4+5. ridge + AR + fonds commun","Information-communication",2021-12-31,165,6.60965083663424,822.724134170047,-0.00203411098654195,2021-09-30,0.0317145043040412
"6+4+5. ridge + AR + fonds commun","Information-communication",2022-03-31,164,2.48107764035843,10000,0.00274435306663939,2021-12-31,0.00597454514787366
"6+4+5. ridge + AR + fonds commun","Information-communication",2022-06-30,164,2.48090966283375,10000,0.00674533286259142,2022-03-31,0.00161153463684727
"6+4+5. ridge + AR + fonds commun","Information-communication",2022-09-30,164,2.4812041209016,10000,0.00687155832132772,2022-06-30,0.0112829099708271
"6+4+5. ridge + AR + fonds commun","Information-communication",2022-12-31,164,2.48111610297721,10000,0.00572471857553698,2022-09-30,-0.0182958711637902
"6+4+5. ridge + AR + fonds commun","Information-communication",2023-03-31,164,2.48150523383637,10000,0.00686733949699349,2022-12-31,0.0550902776591649
"6+4+5. ridge + AR + fonds commun","Information-communication",2023-06-30,166,2.4879490338237,10000,-0.0043364369049348,2023-03-31,0.0108067356801964
"6+4+5. ridge + AR + fonds commun","Information-communication",2023-09-30,167,2.49168222317323,10000,0.00590012213487889,2023-06-30,-0.00473773465213512
"6+4+5. ridge + AR + fonds commun","Information-communication",2023-12-31,168,2.49416340561225,10000,0.00973150399829158,2023-09-30,-0.000895282531592656
"6+4+5. ridge + AR + fonds commun","Information-communication",2024-03-31,168,2.49486063585434,10000,0.00952144834551024,2023-12-31,0.026793324234438
"6+4+5. ridge + AR + fonds commun","Information-communication",2024-06-30,197,2.57548452577893,10000,0.00272962704964306,2024-03-31,0.001257668725545
"6+4+5. ridge + AR + fonds commun","Information-communication",2024-09-30,197,2.57263057616873,10000,0.00784674489081503,2024-06-30,-0.00629426164916325
"6+4+5. ridge + AR + fonds commun","Information-communication",2024-12-31,179,2.51454511116964,10000,0.00974109720020422,2024-09-30,0.0171119883477697
"6+4+5. ridge + AR + fonds commun","Information-communication",2025-03-31,179,2.51516666482334,10000,0.00188425616422323,2024-12-31,-0.0293164263615733
"6+4+5. ridge + AR + fonds commun","Information-communication",2025-06-30,170,2.48887216014605,10000,0.0181631886016496,2025-03-31,0.0212659373554622
"6+4+5. ridge + AR + fonds commun","Information-communication",2025-09-30,169,2.48895743990796,10000,0.00148676164851361,2025-06-30,-0.0160974475343618
"6+4+5. ridge + AR + fonds commun","Information-communication",2025-12-31,169,2.48910913762305,10000,0.0152880033360484,2025-09-30,0.0239716974815245
"6+4+5. ridge + AR + fonds commun","Information-communication",2026-03-31,169,2.48786661339211,10000,-0.00122388265440068,2025-12-31,-0.00933597860249158
"6+4+5. ridge + AR + fonds commun","Finances et assurances",2014-06-30,45,20.8437905502017,7.60949668545988,-0.0028211616425123,2014-03-31,0.00979204446059612
"6+4+5. ridge + AR + fonds commun","Finances et assurances",2014-09-30,45,16.171368412549,19.4149194574388,0.00484137180679471,2014-06-30,0.0108712876306072
"6+4+5. ridge + AR + fonds commun","Finances et assurances",2014-12-31,45,16.2634869454449,19.4149194574388,0.00930688662400156,2014-09-30,0.00817212302553116
"6+4+5. ridge + AR + fonds commun","Finances et assurances",2015-03-31,89,31.9996699590693,0.000348636522767808,-0.0019624677345775,2014-12-31,0.0025733872860485
"6+4+5. ridge + AR + fonds commun","Finances et assurances",2015-06-30,89,25.7390314815789,10.3979841848149,0.0204167113655507,2015-03-31,-0.000283635140750249
"6+4+5. ridge + AR + fonds commun","Finances et assurances",2015-09-30,89,24.3917007680109,14.2083083253392,0.0185429207371357,2015-06-30,0.00555168992811517
"6+4+5. ridge + AR + fonds commun","Finances et assurances",2015-12-31,90,22.8792900712498,19.4149194574388,-0.00509570451831827,2015-09-30,0.0216448096360278
"6+4+5. ridge + AR + fonds commun","Finances et assurances",2016-03-31,91,15.736113220582,67.6875000945853,-0.00694162716371908,2015-12-31,0.0116644403276638
"6+4+5. ridge + AR + fonds commun","Finances et assurances",2016-06-30,97,4.19751597790365,1124.21003506209,0.0110286501217354,2016-03-31,0.0132480316692885
"6+4+5. ridge + AR + fonds commun","Finances et assurances",2016-09-30,97,6.67878537710483,440.623642777357,0.0103005201100512,2016-06-30,0.0406230501366736
"6+4+5. ridge + AR + fonds commun","Finances et assurances",2016-12-31,98,6.70607665149944,440.623642777357,0.00837178257213197,2016-09-30,-0.0101673768515305
"6+4+5. ridge + AR + fonds commun","Finances et assurances",2017-03-31,98,6.69125668417644,440.623642777357,0.00692712998689079,2016-12-31,0.00552692213443429
"6+4+5. ridge + AR + fonds commun","Finances et assurances",2017-06-30,98,10.7212164600961,172.698329065944,0.0226821805027209,2017-03-31,0.0236163865511507
"6+4+5. ridge + AR + fonds commun","Finances et assurances",2017-09-30,98,10.7002931702946,172.698329065944,0.0189800715522386,2017-06-30,-0.00152331413688955
"6+4+5. ridge + AR + fonds commun","Finances et assurances",2017-12-31,98,9.21497971412344,235.983346678219,0.00464795047691202,2017-09-30,-0.00363516724733692
"6+4+5. ridge + AR + fonds commun","Finances et assurances",2018-03-31,156,8.81144478609842,440.623642777357,0.00614334640586047,2017-12-31,0.0129764503213643
"6+4+5. ridge + AR + fonds commun","Finances et assurances",2018-06-30,163,9.01201395878831,440.623642777357,0.00999891283114639,2018-03-31,-0.00435156893570188
"6+4+5. ridge + AR + fonds commun","Finances et assurances",2018-09-30,163,7.67963468735753,602.089449333612,0.011049314478519,2018-06-30,0.00735193248656962
"6+4+5. ridge + AR + fonds commun","Finances et assurances",2018-12-31,165,7.71304233313796,602.089449333612,0.00469034508023881,2018-09-30,0.0110438895944789
"6+4+5. ridge + AR + fonds commun","Finances et assurances",2019-03-31,166,7.74967754413709,602.089449333612,0.00736841240267352,2018-12-31,0.0315392522985256
"6+4+5. ridge + AR + fonds commun","Finances et assurances",2019-06-30,168,9.23744976930404,440.623642777357,0.01228621546738,2019-03-31,0.000435811706188005
"6+4+5. ridge + AR + fonds commun","Finances et assurances",2019-09-30,168,2.48944966803863,10000,0.00920035543715282,2019-06-30,0.0130609593133908
"6+4+5. ridge + AR + fonds commun","Finances et assurances",2019-12-31,168,2.48765137663225,10000,0.00700411281664361,2019-09-30,0.00825566078032658
"6+4+5. ridge + AR + fonds commun","Finances et assurances",2020-03-31,166,2.48162535572217,10000,0.00741031842612903,2019-12-31,-0.0212114526144092
"6+4+5. ridge + AR + fonds commun","Finances et assurances",2020-06-30,166,2.48107921986562,10000,0.011010934352765,2020-03-31,0.0113083327777996
"6+4+5. ridge + AR + fonds commun","Finances et assurances",2020-09-30,166,2.47996749166425,10000,0.00631619997594912,2020-06-30,0.00678756570547989
"6+4+5. ridge + AR + fonds commun","Finances et assurances",2020-12-31,166,2.48109542944946,10000,0.00687425140916553,2020-09-30,0.0114494849451461
"6+4+5. ridge + AR + fonds commun","Finances et assurances",2021-03-31,166,2.48112160570398,10000,0.00624330033073837,2020-12-31,-0.00739307250548649
"6+4+5. ridge + AR + fonds commun","Finances et assurances",2021-06-30,164,2.47561208821081,10000,0.0104336243896217,2021-03-31,0.0281576114642981
"6+4+5. ridge + AR + fonds commun","Finances et assurances",2021-09-30,164,2.47480629236701,10000,0.00340172817637551,2021-06-30,0.00585438399346749
"6+4+5. ridge + AR + fonds commun","Finances et assurances",2021-12-31,165,2.47820229745132,10000,0.00836339157717913,2021-09-30,0.016641170500078
"6+4+5. ridge + AR + fonds commun","Finances et assurances",2022-03-31,164,2.47515465341934,10000,0.00606347201278434,2021-12-31,0.0414257987284206
"6+4+5. ridge + AR + fonds commun","Finances et assurances",2022-06-30,164,2.4757292901169,10000,0.00408135595336109,2022-03-31,0.031410255383383
"6+4+5. ridge + AR + fonds commun","Finances et assurances",2022-09-30,164,6.50511040211047,822.724134170047,0.0138461361181156,2022-06-30,0.0122236867003789
"6+4+5. ridge + AR + fonds commun","Finances et assurances",2022-12-31,164,4.6927199975115,1536.17494667183,0.0109914723203056,2022-09-30,0.00818990746985371
"6+4+5. ridge + AR + fonds commun","Finances et assurances",2023-03-31,164,3.54542882490514,2868.31681334201,0.0104783773851094,2022-12-31,0.0177076136496304
"6+4+5. ridge + AR + fonds commun","Finances et assurances",2023-06-30,166,6.5339985427136,822.724134170047,0.0113554782562297,2023-03-31,0.0142309413674457
"6+4+5. ridge + AR + fonds commun","Finances et assurances",2023-09-30,167,14.4606199275722,172.698329065944,0.0181142609898667,2023-06-30,0.0138611051650379
"6+4+5. ridge + AR + fonds commun","Finances et assurances",2023-12-31,168,20.517357186668,67.6875000945853,0.0104004805491253,2023-09-30,0.0205123675274645
"6+4+5. ridge + AR + fonds commun","Finances et assurances",2024-03-31,168,16.4715394867485,126.38482029343,0.0163112542624497,2023-12-31,0.034226988537851
"6+4+5. ridge + AR + fonds commun","Finances et assurances",2024-06-30,197,30.4973642925813,5.56881399094527,0.0184300367167053,2024-03-31,0.00677789865920531
"6+4+5. ridge + AR + fonds commun","Finances et assurances",2024-09-30,197,31.9996499509494,0.00121547425007629,0.0139916018484221,2024-06-30,0.0307983277209374
"6+4+5. ridge + AR + fonds commun","Finances et assurances",2024-12-31,179,31.9996541210945,0.000889513497310824,0.0128449389350223,2024-09-30,0.024404004984877
"6+4+5. ridge + AR + fonds commun","Finances et assurances",2025-03-31,179,31.9996649618611,0.000889513497310824,0.0226321949738391,2024-12-31,-0.00576523644903126
"6+4+5. ridge + AR + fonds commun","Finances et assurances",2025-06-30,170,31.9996400203017,0.000889513497310824,0.0107903118263609,2025-03-31,-0.000740007216192495
"6+4+5. ridge + AR + fonds commun","Finances et assurances",2025-09-30,169,31.9995072326731,0.00121547425007629,0.0118420813499145,2025-06-30,0.0383171453817219
"6+4+5. ridge + AR + fonds commun","Finances et assurances",2025-12-31,169,19.7544892253023,67.6875000945853,0.0171594408433074,2025-09-30,0.02252710319177
"6+4+5. ridge + AR + fonds commun","Finances et assurances",2026-03-31,169,2.48798763538864,10000,0.0140133321477176,2025-12-31,0.0131482423939122
"6+4+5. ridge + AR + fonds commun","Immobilier",2014-06-30,45,2.13351242756262,10000,0.0131144440912229,2014-03-31,-0.00347586163623959
"6+4+5. ridge + AR + fonds commun","Immobilier",2014-09-30,45,3.07083070399816,1124.21003506209,0.00737686890913312,2014-06-30,-0.00217718876892725
"6+4+5. ridge + AR + fonds commun","Immobilier",2014-12-31,45,2.13269745192152,10000,0.00644637492369114,2014-09-30,-0.00175178666395936
"6+4+5. ridge + AR + fonds commun","Immobilier",2015-03-31,89,2.26127601969292,10000,0.00641236393513082,2014-12-31,0.000110265740545401
"6+4+5. ridge + AR + fonds commun","Immobilier",2015-06-30,89,2.26148352311661,10000,0.00698061082125555,2015-03-31,0.00268122505899093
"6+4+5. ridge + AR + fonds commun","Immobilier",2015-09-30,89,2.26266550467899,10000,0.00662133028528647,2015-06-30,0.00388518358887602
"6+4+5. ridge + AR + fonds commun","Immobilier",2015-12-31,90,2.26529897273884,10000,0.00624135171003818,2015-09-30,0.00438830891148179
"6+4+5. ridge + AR + fonds commun","Immobilier",2016-03-31,91,2.26873281580139,10000,0.00602832946920677,2015-12-31,0.0126521894411589
"6+4+5. ridge + AR + fonds commun","Immobilier",2016-06-30,97,2.28549404561324,10000,0.00767938373638903,2016-03-31,0.00642440146184065
"6+4+5. ridge + AR + fonds commun","Immobilier",2016-09-30,97,2.28255601604656,10000,0.00721315454530382,2016-06-30,0.00538883523628364
"6+4+5. ridge + AR + fonds commun","Immobilier",2016-12-31,98,2.28467370449553,10000,0.00699567650682191,2016-09-30,0.00381329164235744
"6+4+5. ridge + AR + fonds commun","Immobilier",2017-03-31,98,2.28384395678539,10000,0.0070101629097081,2016-12-31,0.000111312238896488
"6+4+5. ridge + AR + fonds commun","Immobilier",2017-06-30,98,2.28281939536272,10000,0.00574967644005911,2017-03-31,0.00532846857096558
"6+4+5. ridge + AR + fonds commun","Immobilier",2017-09-30,98,2.28665362591293,10000,0.00613472916667737,2017-06-30,0.00538413091038592
"6+4+5. ridge + AR + fonds commun","Immobilier",2017-12-31,98,2.28880911585782,10000,0.00607742388607609,2017-09-30,0.00537094450904618
"6+4+5. ridge + AR + fonds commun","Immobilier",2018-03-31,156,31.9996660189393,0.000889513497310824,0.00494725085784082,2017-12-31,0.0139842136362436
"6+4+5. ridge + AR + fonds commun","Immobilier",2018-06-30,163,30.680285698715,4.07539296587178,0.00207407399008767,2018-03-31,0.00709820759588098
"6+4+5. ridge + AR + fonds commun","Immobilier",2018-09-30,163,24.1345777381126,36.2511704998854,0.00869378759893206,2018-06-30,0.00546983793104339
"6+4+5. ridge + AR + fonds commun","Immobilier",2018-12-31,165,24.1730865796032,36.2511704998854,0.00631083493622896,2018-09-30,0.00429779031723321
"6+4+5. ridge + AR + fonds commun","Immobilier",2019-03-31,166,22.5217147608323,49.5353520895917,0.00993551099992454,2018-12-31,0.00697990763877421
"6+4+5. ridge + AR + fonds commun","Immobilier",2019-06-30,168,20.756051090206,67.6875000945853,0.00973954815021845,2019-03-31,0.00407965402671806
"6+4+5. ridge + AR + fonds commun","Immobilier",2019-09-30,168,16.7761838189637,126.38482029343,0.00619215247597595,2019-06-30,0.0012246541882952
"6+4+5. ridge + AR + fonds commun","Immobilier",2019-12-31,168,16.8343471643869,126.38482029343,0.0050235430305817,2019-09-30,-0.00107461592825686
"6+4+5. ridge + AR + fonds commun","Immobilier",2020-03-31,166,18.7800998906677,92.4914727721734,0.00172644395385813,2019-12-31,-0.0121506955111226
"6+4+5. ridge + AR + fonds commun","Immobilier",2020-06-30,166,14.7071085584072,172.698329065944,-0.010622206533143,2020-03-31,0.00154778434759706
"6+4+5. ridge + AR + fonds commun","Immobilier",2020-09-30,166,4.75269521772191,1536.17494667183,0.00335588963951628,2020-06-30,0.00248862454064991
"6+4+5. ridge + AR + fonds commun","Immobilier",2020-12-31,166,3.58234081634753,2868.31681334201,0.00372741657228226,2020-09-30,0.00250256303301022
"6+4+5. ridge + AR + fonds commun","Immobilier",2021-03-31,166,3.18504793542196,3919.40677484722,0.00367261206115863,2020-12-31,0.0186980933413192
"6+4+5. ridge + AR + fonds commun","Immobilier",2021-06-30,164,31.9996005181553,0.00121547425007629,0.00683117243298318,2021-03-31,0.00589086653339521
"6+4+5. ridge + AR + fonds commun","Immobilier",2021-09-30,164,31.9995966529953,0.00121547425007629,0.0031632064126386,2021-06-30,0.00489489217388339
"6+4+5. ridge + AR + fonds commun","Immobilier",2021-12-31,165,10.876960156131,322.45905452964,0.0072477994202278,2021-09-30,-0.000185568621855481
"6+4+5. ridge + AR + fonds commun","Immobilier",2022-03-31,164,4.06216689899812,2099.10372010855,0.00446774830905204,2021-12-31,-0.00613333557758722
"6+4+5. ridge + AR + fonds commun","Immobilier",2022-06-30,164,2.47487286295473,10000,0.00130156120217859,2022-03-31,0.000982294226966829
"6+4+5. ridge + AR + fonds commun","Immobilier",2022-09-30,164,2.47693377467244,10000,0.00252131791205741,2022-06-30,0.00192740181735829
"6+4+5. ridge + AR + fonds commun","Immobilier",2022-12-31,164,2.47590282607008,10000,0.00297673582610602,2022-09-30,0.00286217020537194
"6+4+5. ridge + AR + fonds commun","Immobilier",2023-03-31,164,2.47619868771323,10000,0.00354293820145998,2022-12-31,0.0186492473499342
"6+4+5. ridge + AR + fonds commun","Immobilier",2023-06-30,166,31.9995898212064,0.00121547425007629,0.0140920550831773,2023-03-31,0.00433516318523708
"6+4+5. ridge + AR + fonds commun","Immobilier",2023-09-30,167,2.48480195356528,10000,0.0044918691910005,2023-06-30,0.000940152450292331
"6+4+5. ridge + AR + fonds commun","Immobilier",2023-12-31,168,2.48770658657105,10000,0.00344298137261598,2023-09-30,0.00367575702520995
"6+4+5. ridge + AR + fonds commun","Immobilier",2024-03-31,168,2.48781187310442,10000,0.00423837329977223,2023-12-31,0.019358859355199
"6+4+5. ridge + AR + fonds commun","Immobilier",2024-06-30,197,3.382169843804,3919.40677484722,0.00843428601300551,2024-03-31,0.00208616686757601
"6+4+5. ridge + AR + fonds commun","Immobilier",2024-09-30,197,2.76761757694142,7318.24221907618,0.00403464191134513,2024-06-30,0.000572003912662211
"6+4+5. ridge + AR + fonds commun","Immobilier",2024-12-31,179,3.24659008428452,3919.40677484722,0.00353291132045774,2024-09-30,0.00271140021348693
"6+4+5. ridge + AR + fonds commun","Immobilier",2025-03-31,179,3.25081512714851,3919.40677484722,0.00462249351950228,2024-12-31,0.0241904984463055
"6+4+5. ridge + AR + fonds commun","Immobilier",2025-06-30,170,12.1324587280804,235.983346678219,0.00650150760364335,2025-03-31,0.00225126559195132
"6+4+5. ridge + AR + fonds commun","Immobilier",2025-09-30,169,12.0570211117018,235.983346678219,0.00640834794278853,2025-06-30,0.00139883513399042
"6+4+5. ridge + AR + fonds commun","Immobilier",2025-12-31,169,12.0522962545046,235.983346678219,0.00160183587075521,2025-09-30,0.00356943094849527
"6+4+5. ridge + AR + fonds commun","Immobilier",2026-03-31,169,12.0816334960817,235.983346678219,0.0111499349268081,2025-12-31,0.0145414287128816
