"specification","branche","origine","prevision","derniere_obs","reel","n_comble"
"1+4 + Kalman","Agriculture",2014-06-30,-0.00739541816059086,2014-03-31,0.0364714396168857,446
"ACP + Kalman","Agriculture",2014-06-30,-0.00812052485898169,2014-03-31,0.0364714396168857,446
"ridge + AR + Kalman","Agriculture",2014-06-30,-0.0518530643504788,2014-03-31,0.0364714396168857,446
"1+4 + Kalman","Pêche",2014-06-30,0.00368129704847911,2014-03-31,0.238884348531972,446
"ACP + Kalman","Pêche",2014-06-30,,,0.238884348531972,446
"ridge + AR + Kalman","Pêche",2014-06-30,0.0193190441244704,2014-03-31,0.238884348531972,446
"1+4 + Kalman","Industrie d'extraction",2014-06-30,0.0768839114325691,2014-03-31,-0.00618613651727884,446
"ACP + Kalman","Industrie d'extraction",2014-06-30,0.127125954621041,2014-03-31,-0.00618613651727884,446
"ridge + AR + Kalman","Industrie d'extraction",2014-06-30,,,-0.00618613651727884,446
"1+4 + Kalman","Industrie de transformation",2014-06-30,0.0164355895440173,2014-03-31,0.0134903455131372,446
"ACP + Kalman","Industrie de transformation",2014-06-30,0.0117574303289239,2014-03-31,0.0134903455131372,446
"ridge + AR + Kalman","Industrie de transformation",2014-06-30,0.012315400578911,2014-03-31,0.0134903455131372,446
"1+4 + Kalman","Électricité, gaz, eau",2014-06-30,0.0536883914230344,2014-03-31,0.0332147863217731,446
"ACP + Kalman","Électricité, gaz, eau",2014-06-30,0.0207909176022962,2014-03-31,0.0332147863217731,446
"ridge + AR + Kalman","Électricité, gaz, eau",2014-06-30,0.0128000710581719,2014-03-31,0.0332147863217731,446
"1+4 + Kalman","Construction",2014-06-30,0.00707754586886146,2014-03-31,0.00447736474689187,446
"ACP + Kalman","Construction",2014-06-30,0.00779924586144607,2014-03-31,0.00447736474689187,446
"ridge + AR + Kalman","Construction",2014-06-30,,,0.00447736474689187,446
"1+4 + Kalman","Commerce",2014-06-30,0.0179891357957773,2014-03-31,0.00951978546845211,446
"ACP + Kalman","Commerce",2014-06-30,0.0109426902660682,2014-03-31,0.00951978546845211,446
"ridge + AR + Kalman","Commerce",2014-06-30,0.014790859725672,2014-03-31,0.00951978546845211,446
"1+4 + Kalman","Transports",2014-06-30,,,0.028015303409596,446
"ACP + Kalman","Transports",2014-06-30,0.000499541851216234,2014-03-31,0.028015303409596,446
"ridge + AR + Kalman","Transports",2014-06-30,0.00733481975980489,2014-03-31,0.028015303409596,446
"1+4 + Kalman","Hébergement-restauration",2014-06-30,,,0.0579051413275486,446
"ACP + Kalman","Hébergement-restauration",2014-06-30,0.00942720747237665,2014-03-31,0.0579051413275486,446
"ridge + AR + Kalman","Hébergement-restauration",2014-06-30,0.00644358392477551,2014-03-31,0.0579051413275486,446
"1+4 + Kalman","Information-communication",2014-06-30,0.0340401668997074,2014-03-31,0.0185608138362312,446
"ACP + Kalman","Information-communication",2014-06-30,-0.00964843573000262,2014-03-31,0.0185608138362312,446
"ridge + AR + Kalman","Information-communication",2014-06-30,0.021910797395838,2014-03-31,0.0185608138362312,446
"1+4 + Kalman","Finances et assurances",2014-06-30,0.0122319802533327,2014-03-31,0.00979204446059612,446
"ACP + Kalman","Finances et assurances",2014-06-30,0.00990783199432313,2014-03-31,0.00979204446059612,446
"ridge + AR + Kalman","Finances et assurances",2014-06-30,0.0099148110772662,2014-03-31,0.00979204446059612,446
"1+4 + Kalman","Immobilier",2014-06-30,0.0118158704184291,2014-03-31,-0.00347586163623959,446
"ACP + Kalman","Immobilier",2014-06-30,,,-0.00347586163623959,446
"ridge + AR + Kalman","Immobilier",2014-06-30,,,-0.00347586163623959,446
"1+4 + Kalman","Agriculture",2014-09-30,0.00388459225418809,2014-06-30,0.0235744177595567,446
"ACP + Kalman","Agriculture",2014-09-30,0.0092797251653644,2014-06-30,0.0235744177595567,446
"ridge + AR + Kalman","Agriculture",2014-09-30,-0.00532420248875628,2014-06-30,0.0235744177595567,446
"1+4 + Kalman","Pêche",2014-09-30,-0.0358926254051133,2014-06-30,-0.0842585990548885,446
"ACP + Kalman","Pêche",2014-09-30,,,-0.0842585990548885,446
"ridge + AR + Kalman","Pêche",2014-09-30,-0.0629301335777328,2014-06-30,-0.0842585990548885,446
"1+4 + Kalman","Industrie d'extraction",2014-09-30,-0.0023625294956173,2014-06-30,-0.015888470256332,446
"ACP + Kalman","Industrie d'extraction",2014-09-30,0.00248747564831327,2014-06-30,-0.015888470256332,446
"ridge + AR + Kalman","Industrie d'extraction",2014-09-30,,,-0.015888470256332,446
"1+4 + Kalman","Industrie de transformation",2014-09-30,0.00351574720590558,2014-06-30,0.00323811979902189,446
"ACP + Kalman","Industrie de transformation",2014-09-30,-0.00062042033311433,2014-06-30,0.00323811979902189,446
"ridge + AR + Kalman","Industrie de transformation",2014-09-30,0.00665181285236919,2014-06-30,0.00323811979902189,446
"1+4 + Kalman","Électricité, gaz, eau",2014-09-30,-0.0386549149866893,2014-06-30,-0.00679393605210521,446
"ACP + Kalman","Électricité, gaz, eau",2014-09-30,-0.0117143597653036,2014-06-30,-0.00679393605210521,446
"ridge + AR + Kalman","Électricité, gaz, eau",2014-09-30,0.00302651930672758,2014-06-30,-0.00679393605210521,446
"1+4 + Kalman","Construction",2014-09-30,0.00238258009764325,2014-06-30,-0.000619901584931526,446
"ACP + Kalman","Construction",2014-09-30,0.0087922549678789,2014-06-30,-0.000619901584931526,446
"ridge + AR + Kalman","Construction",2014-09-30,,,-0.000619901584931526,446
"1+4 + Kalman","Commerce",2014-09-30,0.00268743744125319,2014-06-30,-0.0115603603846139,446
"ACP + Kalman","Commerce",2014-09-30,0.00611098010525007,2014-06-30,-0.0115603603846139,446
"ridge + AR + Kalman","Commerce",2014-09-30,0.00758154389041189,2014-06-30,-0.0115603603846139,446
"1+4 + Kalman","Transports",2014-09-30,,,-0.00329148743112206,446
"ACP + Kalman","Transports",2014-09-30,0.0139318292381101,2014-06-30,-0.00329148743112206,446
"ridge + AR + Kalman","Transports",2014-09-30,0.000310193971870009,2014-06-30,-0.00329148743112206,446
"1+4 + Kalman","Hébergement-restauration",2014-09-30,,,-0.100719732558025,446
"ACP + Kalman","Hébergement-restauration",2014-09-30,0.00874669766987528,2014-06-30,-0.100719732558025,446
"ridge + AR + Kalman","Hébergement-restauration",2014-09-30,0.00270380755417817,2014-06-30,-0.100719732558025,446
"1+4 + Kalman","Information-communication",2014-09-30,0.0118196887512284,2014-06-30,0.031275663358036,446
"ACP + Kalman","Information-communication",2014-09-30,0.00458735657653211,2014-06-30,0.031275663358036,446
"ridge + AR + Kalman","Information-communication",2014-09-30,0.0196649954240704,2014-06-30,0.031275663358036,446
"1+4 + Kalman","Finances et assurances",2014-09-30,0.00655638121817753,2014-06-30,0.0108712876306072,446
"ACP + Kalman","Finances et assurances",2014-09-30,0.00725657838275029,2014-06-30,0.0108712876306072,446
"ridge + AR + Kalman","Finances et assurances",2014-09-30,0.0090000673019394,2014-06-30,0.0108712876306072,446
"1+4 + Kalman","Immobilier",2014-09-30,0.00644290480812953,2014-06-30,-0.00217718876892725,446
"ACP + Kalman","Immobilier",2014-09-30,,,-0.00217718876892725,446
"ridge + AR + Kalman","Immobilier",2014-09-30,,,-0.00217718876892725,446
"1+4 + Kalman","Agriculture",2014-12-31,0.00349390644941559,2014-09-30,0.0253025688850634,448
"ACP + Kalman","Agriculture",2014-12-31,0.0294394163809901,2014-09-30,0.0253025688850634,448
"ridge + AR + Kalman","Agriculture",2014-12-31,0.0251115198383206,2014-09-30,0.0253025688850634,448
"1+4 + Kalman","Pêche",2014-12-31,0.0702166617268484,2014-09-30,0.0971925333013068,448
"ACP + Kalman","Pêche",2014-12-31,,,0.0971925333013068,448
"ridge + AR + Kalman","Pêche",2014-12-31,0.109704795480513,2014-09-30,0.0971925333013068,448
"1+4 + Kalman","Industrie d'extraction",2014-12-31,-0.0490415003055176,2014-09-30,-0.0298633941618487,448
"ACP + Kalman","Industrie d'extraction",2014-12-31,-0.037774839451983,2014-09-30,-0.0298633941618487,448
"ridge + AR + Kalman","Industrie d'extraction",2014-12-31,,,-0.0298633941618487,448
"1+4 + Kalman","Industrie de transformation",2014-12-31,0.00248513619382383,2014-09-30,-0.0476741243890952,448
"ACP + Kalman","Industrie de transformation",2014-12-31,0.000321972774800744,2014-09-30,-0.0476741243890952,448
"ridge + AR + Kalman","Industrie de transformation",2014-12-31,0.00465751993396277,2014-09-30,-0.0476741243890952,448
"1+4 + Kalman","Électricité, gaz, eau",2014-12-31,0.0525723201078437,2014-09-30,-0.00857021450047135,448
"ACP + Kalman","Électricité, gaz, eau",2014-12-31,0.0230208612005809,2014-09-30,-0.00857021450047135,448
"ridge + AR + Kalman","Électricité, gaz, eau",2014-12-31,0.0110203887038274,2014-09-30,-0.00857021450047135,448
"1+4 + Kalman","Construction",2014-12-31,0.00762191427644358,2014-09-30,-0.0170090243189662,448
"ACP + Kalman","Construction",2014-12-31,0.00775691394088419,2014-09-30,-0.0170090243189662,448
"ridge + AR + Kalman","Construction",2014-12-31,,,-0.0170090243189662,448
"1+4 + Kalman","Commerce",2014-12-31,0.0052746672634328,2014-09-30,-0.0494865182085977,448
"ACP + Kalman","Commerce",2014-12-31,0.0106216901080825,2014-09-30,-0.0494865182085977,448
"ridge + AR + Kalman","Commerce",2014-12-31,0.0104584821735144,2014-09-30,-0.0494865182085977,448
"1+4 + Kalman","Transports",2014-12-31,,,0.00554226208478248,448
"ACP + Kalman","Transports",2014-12-31,0.0182629791930742,2014-09-30,0.00554226208478248,448
"ridge + AR + Kalman","Transports",2014-12-31,0.012775990774589,2014-09-30,0.00554226208478248,448
"1+4 + Kalman","Hébergement-restauration",2014-12-31,,,0.0187926552611444,448
"ACP + Kalman","Hébergement-restauration",2014-12-31,0.00584897808045647,2014-09-30,0.0187926552611444,448
"ridge + AR + Kalman","Hébergement-restauration",2014-12-31,0.0683987108659313,2014-09-30,0.0187926552611444,448
"1+4 + Kalman","Information-communication",2014-12-31,0.0338892782385882,2014-09-30,0.038634291236642,448
"ACP + Kalman","Information-communication",2014-12-31,0.00190831212203475,2014-09-30,0.038634291236642,448
"ridge + AR + Kalman","Information-communication",2014-12-31,0.0191660888832953,2014-09-30,0.038634291236642,448
"1+4 + Kalman","Finances et assurances",2014-12-31,0.0145349835994395,2014-09-30,0.00817212302553116,448
"ACP + Kalman","Finances et assurances",2014-12-31,0.00558281026211127,2014-09-30,0.00817212302553116,448
"ridge + AR + Kalman","Finances et assurances",2014-12-31,0.0127685041339895,2014-09-30,0.00817212302553116,448
"1+4 + Kalman","Immobilier",2014-12-31,0.00697208718946253,2014-09-30,-0.00175178666395936,448
"ACP + Kalman","Immobilier",2014-12-31,,,-0.00175178666395936,448
"ridge + AR + Kalman","Immobilier",2014-12-31,,,-0.00175178666395936,448
"1+4 + Kalman","Agriculture",2015-03-31,0.00718938427191989,2014-12-31,0.0521449979479787,459
"ACP + Kalman","Agriculture",2015-03-31,0.00891751228203576,2014-12-31,0.0521449979479787,459
"ridge + AR + Kalman","Agriculture",2015-03-31,-0.00730661251626973,2014-12-31,0.0521449979479787,459
"1+4 + Kalman","Pêche",2015-03-31,0.00192952174786248,2014-12-31,-0.0182664312630081,459
"ACP + Kalman","Pêche",2015-03-31,,,-0.0182664312630081,459
"ridge + AR + Kalman","Pêche",2015-03-31,-0.00371152396618882,2014-12-31,-0.0182664312630081,459
"1+4 + Kalman","Industrie d'extraction",2015-03-31,-0.0998545381855174,2014-12-31,0.00890133635762247,459
"ACP + Kalman","Industrie d'extraction",2015-03-31,-0.111939326752963,2014-12-31,0.00890133635762247,459
"ridge + AR + Kalman","Industrie d'extraction",2015-03-31,-0.113489815830556,2014-12-31,0.00890133635762247,459
"1+4 + Kalman","Industrie de transformation",2015-03-31,-0.0228752457910763,2014-12-31,0.0304379715047673,459
"ACP + Kalman","Industrie de transformation",2015-03-31,-0.00451673620205547,2014-12-31,0.0304379715047673,459
"ridge + AR + Kalman","Industrie de transformation",2015-03-31,-0.00985192312939913,2014-12-31,0.0304379715047673,459
"1+4 + Kalman","Électricité, gaz, eau",2015-03-31,0.0476204099223536,2014-12-31,0.0437145225973961,459
"ACP + Kalman","Électricité, gaz, eau",2015-03-31,0.0284067545049835,2014-12-31,0.0437145225973961,459
"ridge + AR + Kalman","Électricité, gaz, eau",2015-03-31,0.0160385317611821,2014-12-31,0.0437145225973961,459
"1+4 + Kalman","Construction",2015-03-31,0.00595951063537087,2014-12-31,-0.00530943948553997,459
"ACP + Kalman","Construction",2015-03-31,0.0059412846498497,2014-12-31,-0.00530943948553997,459
"ridge + AR + Kalman","Construction",2015-03-31,0.00447392980585945,2014-12-31,-0.00530943948553997,459
"1+4 + Kalman","Commerce",2015-03-31,-0.00510279083054682,2014-12-31,0.0315083401930245,459
"ACP + Kalman","Commerce",2015-03-31,-0.00501296285844308,2014-12-31,0.0315083401930245,459
"ridge + AR + Kalman","Commerce",2015-03-31,-0.00492739836384878,2014-12-31,0.0315083401930245,459
"1+4 + Kalman","Transports",2015-03-31,,,0.0274647989726873,459
"ACP + Kalman","Transports",2015-03-31,0.00799189444779276,2014-12-31,0.0274647989726873,459
"ridge + AR + Kalman","Transports",2015-03-31,0.00896533017738274,2014-12-31,0.0274647989726873,459
"1+4 + Kalman","Hébergement-restauration",2015-03-31,,,0.0127819913735721,459
"ACP + Kalman","Hébergement-restauration",2015-03-31,0.00506444224065032,2014-12-31,0.0127819913735721,459
"ridge + AR + Kalman","Hébergement-restauration",2015-03-31,0.000438625134011505,2014-12-31,0.0127819913735721,459
"1+4 + Kalman","Information-communication",2015-03-31,0.0355797375205386,2014-12-31,0.00404829052809141,459
"ACP + Kalman","Information-communication",2015-03-31,0.0472825204800079,2014-12-31,0.00404829052809141,459
"ridge + AR + Kalman","Information-communication",2015-03-31,0.0194807784933625,2014-12-31,0.00404829052809141,459
"1+4 + Kalman","Finances et assurances",2015-03-31,0.00946711593143806,2014-12-31,0.0025733872860485,459
"ACP + Kalman","Finances et assurances",2015-03-31,0.0043026894190551,2014-12-31,0.0025733872860485,459
"ridge + AR + Kalman","Finances et assurances",2015-03-31,0.0101086898104307,2014-12-31,0.0025733872860485,459
"1+4 + Kalman","Immobilier",2015-03-31,0.00684082257989495,2014-12-31,0.000110265740545401,459
"ACP + Kalman","Immobilier",2015-03-31,,,0.000110265740545401,459
"ridge + AR + Kalman","Immobilier",2015-03-31,,,0.000110265740545401,459
"1+4 + Kalman","Agriculture",2015-06-30,0.00931648319323852,2015-03-31,0.0317672490600582,468
"ACP + Kalman","Agriculture",2015-06-30,0.0184756759586235,2015-03-31,0.0317672490600582,468
"ridge + AR + Kalman","Agriculture",2015-06-30,0.0265906723271641,2015-03-31,0.0317672490600582,468
"1+4 + Kalman","Pêche",2015-06-30,0.0419451672041227,2015-03-31,0.0112681719167798,468
"ACP + Kalman","Pêche",2015-06-30,,,0.0112681719167798,468
"ridge + AR + Kalman","Pêche",2015-06-30,0.0439462708473976,2015-03-31,0.0112681719167798,468
"1+4 + Kalman","Industrie d'extraction",2015-06-30,0.180397225612458,2015-03-31,0.0247954892566806,468
"ACP + Kalman","Industrie d'extraction",2015-06-30,0.17891433070006,2015-03-31,0.0247954892566806,468
"ridge + AR + Kalman","Industrie d'extraction",2015-06-30,0.206020262329852,2015-03-31,0.0247954892566806,468
"1+4 + Kalman","Industrie de transformation",2015-06-30,0.00147548302690971,2015-03-31,0.0194938047357773,468
"ACP + Kalman","Industrie de transformation",2015-06-30,0.000955024119189437,2015-03-31,0.0194938047357773,468
"ridge + AR + Kalman","Industrie de transformation",2015-06-30,0.00740024790836495,2015-03-31,0.0194938047357773,468
"1+4 + Kalman","Électricité, gaz, eau",2015-06-30,-0.0394603675709277,2015-03-31,0.00610525562054143,468
"ACP + Kalman","Électricité, gaz, eau",2015-06-30,-0.0116588122934784,2015-03-31,0.00610525562054143,468
"ridge + AR + Kalman","Électricité, gaz, eau",2015-06-30,-0.0118360152178935,2015-03-31,0.00610525562054143,468
"1+4 + Kalman","Construction",2015-06-30,0.00244773851550581,2015-03-31,0.0209819845460189,468
"ACP + Kalman","Construction",2015-06-30,0.0058882723679766,2015-03-31,0.0209819845460189,468
"ridge + AR + Kalman","Construction",2015-06-30,0.00418193987917631,2015-03-31,0.0209819845460189,468
"1+4 + Kalman","Commerce",2015-06-30,-0.00133639724030784,2015-03-31,0.0159370922398132,468
"ACP + Kalman","Commerce",2015-06-30,-0.011856953358936,2015-03-31,0.0159370922398132,468
"ridge + AR + Kalman","Commerce",2015-06-30,-0.00970979038974344,2015-03-31,0.0159370922398132,468
"1+4 + Kalman","Transports",2015-06-30,,,0.0238870417103634,468
"ACP + Kalman","Transports",2015-06-30,-0.0221249274230158,2015-03-31,0.0238870417103634,468
"ridge + AR + Kalman","Transports",2015-06-30,0.00159440973165822,2015-03-31,0.0238870417103634,468
"1+4 + Kalman","Hébergement-restauration",2015-06-30,,,0.0151974154132208,468
"ACP + Kalman","Hébergement-restauration",2015-06-30,0.0136905523150152,2015-03-31,0.0151974154132208,468
"ridge + AR + Kalman","Hébergement-restauration",2015-06-30,0.00237554031246699,2015-03-31,0.0151974154132208,468
"1+4 + Kalman","Information-communication",2015-06-30,0.0429942888145518,2015-03-31,-0.0211948620280431,468
"ACP + Kalman","Information-communication",2015-06-30,-0.0548489686091427,2015-03-31,-0.0211948620280431,468
"ridge + AR + Kalman","Information-communication",2015-06-30,0.0210992325443649,2015-03-31,-0.0211948620280431,468
"1+4 + Kalman","Finances et assurances",2015-06-30,0.00642796161453233,2015-03-31,-0.000283635140750249,468
"ACP + Kalman","Finances et assurances",2015-06-30,0.00918430094223742,2015-03-31,-0.000283635140750249,468
"ridge + AR + Kalman","Finances et assurances",2015-06-30,0.0219024748017184,2015-03-31,-0.000283635140750249,468
"1+4 + Kalman","Immobilier",2015-06-30,0.00571369018321791,2015-03-31,0.00268122505899093,468
"ACP + Kalman","Immobilier",2015-06-30,0.00477050908241449,2015-03-31,0.00268122505899093,468
"ridge + AR + Kalman","Immobilier",2015-06-30,,,0.00268122505899093,468
"1+4 + Kalman","Agriculture",2015-09-30,-0.00617231518371172,2015-06-30,0.0329272719732145,475
"ACP + Kalman","Agriculture",2015-09-30,-0.00164393335261092,2015-06-30,0.0329272719732145,475
"ridge + AR + Kalman","Agriculture",2015-09-30,0.0170868170551707,2015-06-30,0.0329272719732145,475
"1+4 + Kalman","Pêche",2015-09-30,0.0728967795407394,2015-06-30,-0.0240378912771044,475
"ACP + Kalman","Pêche",2015-09-30,,,-0.0240378912771044,475
"ridge + AR + Kalman","Pêche",2015-09-30,0.0476233078968648,2015-06-30,-0.0240378912771044,475
"1+4 + Kalman","Industrie d'extraction",2015-09-30,-0.0140150010930149,2013-09-30,0.0237021448250037,475
"ACP + Kalman","Industrie d'extraction",2015-09-30,-0.00419749953634788,2015-06-30,0.0237021448250037,475
"ridge + AR + Kalman","Industrie d'extraction",2015-09-30,-0.000739808544435736,2015-06-30,0.0237021448250037,475
"1+4 + Kalman","Industrie de transformation",2015-09-30,-0.0116423982010016,2015-06-30,0.00620713596259748,475
"ACP + Kalman","Industrie de transformation",2015-09-30,0.00234422930033575,2015-06-30,0.00620713596259748,475
"ridge + AR + Kalman","Industrie de transformation",2015-09-30,0.00649932221647837,2015-06-30,0.00620713596259748,475
"1+4 + Kalman","Électricité, gaz, eau",2015-09-30,0.0137468260238007,2015-06-30,0.0103469379268244,475
"ACP + Kalman","Électricité, gaz, eau",2015-09-30,-0.0150291493846815,2015-06-30,0.0103469379268244,475
"ridge + AR + Kalman","Électricité, gaz, eau",2015-09-30,0.0072661192658272,2015-06-30,0.0103469379268244,475
"1+4 + Kalman","Construction",2015-09-30,0.00740434898072832,2015-06-30,0.0115194109871428,475
"ACP + Kalman","Construction",2015-09-30,0.00781606662535736,2015-06-30,0.0115194109871428,475
"ridge + AR + Kalman","Construction",2015-09-30,0.00943397864799001,2015-06-30,0.0115194109871428,475
"1+4 + Kalman","Commerce",2015-09-30,-0.0127352069589509,2015-06-30,-0.0019131817420277,475
"ACP + Kalman","Commerce",2015-09-30,0.0107973842802175,2015-06-30,-0.0019131817420277,475
"ridge + AR + Kalman","Commerce",2015-09-30,0.0142799737111796,2015-06-30,-0.0019131817420277,475
"1+4 + Kalman","Transports",2015-09-30,,,-0.000400525138307017,475
"ACP + Kalman","Transports",2015-09-30,0.00934494434503944,2015-06-30,-0.000400525138307017,475
"ridge + AR + Kalman","Transports",2015-09-30,0.00396794823076945,2015-06-30,-0.000400525138307017,475
"1+4 + Kalman","Hébergement-restauration",2015-09-30,,,-0.0394942050942486,475
"ACP + Kalman","Hébergement-restauration",2015-09-30,-0.00264565053703487,2015-06-30,-0.0394942050942486,475
"ridge + AR + Kalman","Hébergement-restauration",2015-09-30,0.00201931950409004,2015-06-30,-0.0394942050942486,475
"1+4 + Kalman","Information-communication",2015-09-30,0.088111085880935,2015-06-30,-0.0255461304946749,475
"ACP + Kalman","Information-communication",2015-09-30,0.0160870346752158,2015-06-30,-0.0255461304946749,475
"ridge + AR + Kalman","Information-communication",2015-09-30,0.0202789630660556,2015-06-30,-0.0255461304946749,475
"1+4 + Kalman","Finances et assurances",2015-09-30,0.00712623620767374,2015-06-30,0.00555168992811517,475
"ACP + Kalman","Finances et assurances",2015-09-30,0.00514197682242856,2015-06-30,0.00555168992811517,475
"ridge + AR + Kalman","Finances et assurances",2015-09-30,0.00885129176651338,2015-06-30,0.00555168992811517,475
"1+4 + Kalman","Immobilier",2015-09-30,0.00704468161731437,2015-06-30,0.00388518358887602,475
"ACP + Kalman","Immobilier",2015-09-30,0.00756052860009398,2015-06-30,0.00388518358887602,475
"ridge + AR + Kalman","Immobilier",2015-09-30,,,0.00388518358887602,475
"1+4 + Kalman","Agriculture",2015-12-31,0.0212369137801094,2015-09-30,0.00507799922861274,484
"ACP + Kalman","Agriculture",2015-12-31,0.00359297749065771,2015-09-30,0.00507799922861274,484
"ridge + AR + Kalman","Agriculture",2015-12-31,0.0243861700058025,2015-09-30,0.00507799922861274,484
"1+4 + Kalman","Pêche",2015-12-31,0.0105473798766102,2015-09-30,0.0711997243889542,484
"ACP + Kalman","Pêche",2015-12-31,,,0.0711997243889542,484
"ridge + AR + Kalman","Pêche",2015-12-31,0.00882201833076199,2015-09-30,0.0711997243889542,484
"1+4 + Kalman","Industrie d'extraction",2015-12-31,0.0184822796233728,2015-09-30,-0.00879815197435896,484
"ACP + Kalman","Industrie d'extraction",2015-12-31,0.0246562365403851,2015-09-30,-0.00879815197435896,484
"ridge + AR + Kalman","Industrie d'extraction",2015-12-31,0.0202159682480853,2015-09-30,-0.00879815197435896,484
"1+4 + Kalman","Industrie de transformation",2015-12-31,0.00574990893688001,2015-09-30,-0.00664650552544366,484
"ACP + Kalman","Industrie de transformation",2015-12-31,0.00483773695561076,2015-09-30,-0.00664650552544366,484
"ridge + AR + Kalman","Industrie de transformation",2015-12-31,0.00647879938081482,2015-09-30,-0.00664650552544366,484
"1+4 + Kalman","Électricité, gaz, eau",2015-12-31,0.0222685637339436,2015-09-30,-0.00455943213512988,484
"ACP + Kalman","Électricité, gaz, eau",2015-12-31,0.00617975745429654,2015-09-30,-0.00455943213512988,484
"ridge + AR + Kalman","Électricité, gaz, eau",2015-12-31,0.00834911599275489,2015-09-30,-0.00455943213512988,484
"1+4 + Kalman","Construction",2015-12-31,0.0035722659190086,2015-09-30,0.032079368271992,484
"ACP + Kalman","Construction",2015-12-31,0.00596119212907185,2015-09-30,0.032079368271992,484
"ridge + AR + Kalman","Construction",2015-12-31,0.00706836911370093,2015-09-30,0.032079368271992,484
"1+4 + Kalman","Commerce",2015-12-31,-0.0182300570161131,2015-09-30,0.00735412998310103,484
"ACP + Kalman","Commerce",2015-12-31,-0.0315091843199359,2015-09-30,0.00735412998310103,484
"ridge + AR + Kalman","Commerce",2015-12-31,-0.0250919547635375,2015-09-30,0.00735412998310103,484
"1+4 + Kalman","Transports",2015-12-31,,,0.0136274565391865,484
"ACP + Kalman","Transports",2015-12-31,0.00174058026972368,2015-09-30,0.0136274565391865,484
"ridge + AR + Kalman","Transports",2015-12-31,0.0126977646632617,2015-09-30,0.0136274565391865,484
"1+4 + Kalman","Hébergement-restauration",2015-12-31,0.0224716904374031,2015-09-30,0.0175488642456987,484
"ACP + Kalman","Hébergement-restauration",2015-12-31,0.01822339761312,2015-09-30,0.0175488642456987,484
"ridge + AR + Kalman","Hébergement-restauration",2015-12-31,0.0213566263308656,2015-09-30,0.0175488642456987,484
"1+4 + Kalman","Information-communication",2015-12-31,0.0441933929807904,2015-09-30,-0.0117556566679973,484
"ACP + Kalman","Information-communication",2015-12-31,0.0363279119143743,2015-09-30,-0.0117556566679973,484
"ridge + AR + Kalman","Information-communication",2015-12-31,0.0180034652554113,2015-09-30,-0.0117556566679973,484
"1+4 + Kalman","Finances et assurances",2015-12-31,0.0051313154024268,2015-09-30,0.0216448096360278,484
"ACP + Kalman","Finances et assurances",2015-12-31,0.00522334777047939,2015-09-30,0.0216448096360278,484
"ridge + AR + Kalman","Finances et assurances",2015-12-31,0.01095193137788,2015-09-30,0.0216448096360278,484
"1+4 + Kalman","Immobilier",2015-12-31,0.00677208498860105,2015-09-30,0.00438830891148179,484
"ACP + Kalman","Immobilier",2015-12-31,0.00597443315583758,2015-09-30,0.00438830891148179,484
"ridge + AR + Kalman","Immobilier",2015-12-31,,,0.00438830891148179,484
"1+4 + Kalman","Agriculture",2016-03-31,0.00176543915644989,2015-12-31,-0.265832646674593,616
"ACP + Kalman","Agriculture",2016-03-31,0.0379073382494731,2015-12-31,-0.265832646674593,616
"ridge + AR + Kalman","Agriculture",2016-03-31,0.018084639458074,2015-12-31,-0.265832646674593,616
"1+4 + Kalman","Pêche",2016-03-31,0.0272360310567653,2015-12-31,0.0522788830555712,616
"ACP + Kalman","Pêche",2016-03-31,,,0.0522788830555712,616
"ridge + AR + Kalman","Pêche",2016-03-31,0.0211101203553207,2015-12-31,0.0522788830555712,616
"1+4 + Kalman","Industrie d'extraction",2016-03-31,-0.0701529991190752,2015-12-31,0.0161383433235596,616
"ACP + Kalman","Industrie d'extraction",2016-03-31,-0.0786219860975691,2015-12-31,0.0161383433235596,616
"ridge + AR + Kalman","Industrie d'extraction",2016-03-31,-0.0662566882316424,2015-12-31,0.0161383433235596,616
"1+4 + Kalman","Industrie de transformation",2016-03-31,0.008660698105714,2015-12-31,-0.00323991776717136,616
"ACP + Kalman","Industrie de transformation",2016-03-31,0.00434590125834607,2015-12-31,-0.00323991776717136,616
"ridge + AR + Kalman","Industrie de transformation",2016-03-31,0.00456879249097,2015-12-31,-0.00323991776717136,616
"1+4 + Kalman","Électricité, gaz, eau",2016-03-31,0.00530277390189275,2015-12-31,0.000155955147615572,616
"ACP + Kalman","Électricité, gaz, eau",2016-03-31,0.0145011336775744,2015-12-31,0.000155955147615572,616
"ridge + AR + Kalman","Électricité, gaz, eau",2016-03-31,0.00413374366416538,2015-12-31,0.000155955147615572,616
"1+4 + Kalman","Construction",2016-03-31,,,0.0187855153946899,616
"ACP + Kalman","Construction",2016-03-31,0.00847033959540189,2015-12-31,0.0187855153946899,616
"ridge + AR + Kalman","Construction",2016-03-31,0.00923548912225777,2015-12-31,0.0187855153946899,616
"1+4 + Kalman","Commerce",2016-03-31,-0.0144099435561356,2015-12-31,-0.0158055279342868,616
"ACP + Kalman","Commerce",2016-03-31,-0.00375054852681655,2015-12-31,-0.0158055279342868,616
"ridge + AR + Kalman","Commerce",2016-03-31,0.00797108468968209,2015-12-31,-0.0158055279342868,616
"1+4 + Kalman","Transports",2016-03-31,,,-0.00224188236103728,616
"ACP + Kalman","Transports",2016-03-31,0.0135083338421415,2015-12-31,-0.00224188236103728,616
"ridge + AR + Kalman","Transports",2016-03-31,0.00703205504660937,2015-12-31,-0.00224188236103728,616
"1+4 + Kalman","Hébergement-restauration",2016-03-31,-0.00408704935390932,2015-12-31,0.00665704009847978,616
"ACP + Kalman","Hébergement-restauration",2016-03-31,-0.0122471727566548,2015-12-31,0.00665704009847978,616
"ridge + AR + Kalman","Hébergement-restauration",2016-03-31,-0.000274832462599182,2015-12-31,0.00665704009847978,616
"1+4 + Kalman","Information-communication",2016-03-31,0.167102850481978,2015-12-31,0.0441187349800902,616
"ACP + Kalman","Information-communication",2016-03-31,0.0396484332230351,2015-12-31,0.0441187349800902,616
"ridge + AR + Kalman","Information-communication",2016-03-31,0.0163193747988167,2015-12-31,0.0441187349800902,616
"1+4 + Kalman","Finances et assurances",2016-03-31,-0.00547972522392873,2015-12-31,0.0116644403276638,616
"ACP + Kalman","Finances et assurances",2016-03-31,-0.014090826102734,2015-12-31,0.0116644403276638,616
"ridge + AR + Kalman","Finances et assurances",2016-03-31,-0.00553937910854358,2015-12-31,0.0116644403276638,616
"1+4 + Kalman","Immobilier",2016-03-31,0.00630592223375286,2015-12-31,0.0126521894411589,616
"ACP + Kalman","Immobilier",2016-03-31,0.000311236577386523,2015-12-31,0.0126521894411589,616
"ridge + AR + Kalman","Immobilier",2016-03-31,,,0.0126521894411589,616
"1+4 + Kalman","Agriculture",2016-06-30,-0.016469689212565,2016-03-31,0.00748113104625325,654
"ACP + Kalman","Agriculture",2016-06-30,0.00112902091817155,2016-03-31,0.00748113104625325,654
"ridge + AR + Kalman","Agriculture",2016-06-30,-0.0828543011831342,2016-03-31,0.00748113104625325,654
"1+4 + Kalman","Pêche",2016-06-30,0.0121222718976627,2016-03-31,-0.0692837716719641,654
"ACP + Kalman","Pêche",2016-06-30,,,-0.0692837716719641,654
"ridge + AR + Kalman","Pêche",2016-06-30,-0.000773525860237635,2016-03-31,-0.0692837716719641,654
"1+4 + Kalman","Industrie d'extraction",2016-06-30,0.00661193760475618,2016-03-31,-0.0163339493026129,654
"ACP + Kalman","Industrie d'extraction",2016-06-30,0.0122002450794592,2016-03-31,-0.0163339493026129,654
"ridge + AR + Kalman","Industrie d'extraction",2016-06-30,-0.0004155674802952,2016-03-31,-0.0163339493026129,654
"1+4 + Kalman","Industrie de transformation",2016-06-30,0.00578746475302852,2016-03-31,-0.00999549769479913,654
"ACP + Kalman","Industrie de transformation",2016-06-30,0.0119519550565717,2016-03-31,-0.00999549769479913,654
"ridge + AR + Kalman","Industrie de transformation",2016-06-30,0.00405896448172572,2016-03-31,-0.00999549769479913,654
"1+4 + Kalman","Électricité, gaz, eau",2016-06-30,-0.00258456350071576,2016-03-31,-0.017175634556283,654
"ACP + Kalman","Électricité, gaz, eau",2016-06-30,0.0193501801115558,2016-03-31,-0.017175634556283,654
"ridge + AR + Kalman","Électricité, gaz, eau",2016-06-30,0.00107715589440862,2016-03-31,-0.017175634556283,654
"1+4 + Kalman","Construction",2016-06-30,,,-0.00501930687227414,654
"ACP + Kalman","Construction",2016-06-30,0.00861788860252043,2016-03-31,-0.00501930687227414,654
"ridge + AR + Kalman","Construction",2016-06-30,0.0108291495738325,2016-03-31,-0.00501930687227414,654
"1+4 + Kalman","Commerce",2016-06-30,0.00531372555818417,2016-03-31,0.0133516373977667,654
"ACP + Kalman","Commerce",2016-06-30,0.00450714935472317,2016-03-31,0.0133516373977667,654
"ridge + AR + Kalman","Commerce",2016-06-30,0.00357291269281382,2016-03-31,0.0133516373977667,654
"1+4 + Kalman","Transports",2016-06-30,,,-0.0304162214184824,654
"ACP + Kalman","Transports",2016-06-30,0.0101554579836236,2016-03-31,-0.0304162214184824,654
"ridge + AR + Kalman","Transports",2016-06-30,0.0118574536002056,2016-03-31,-0.0304162214184824,654
"1+4 + Kalman","Hébergement-restauration",2016-06-30,0.00924659308691593,2016-03-31,-0.00832824764845164,654
"ACP + Kalman","Hébergement-restauration",2016-06-30,0.0133702861390271,2016-03-31,-0.00832824764845164,654
"ridge + AR + Kalman","Hébergement-restauration",2016-06-30,0.00416682044346057,2016-03-31,-0.00832824764845164,654
"1+4 + Kalman","Information-communication",2016-06-30,-0.0231644102917218,2016-03-31,0.0324311797721624,654
"ACP + Kalman","Information-communication",2016-06-30,0.0335063358274423,2016-03-31,0.0324311797721624,654
"ridge + AR + Kalman","Information-communication",2016-06-30,0.0154186460450746,2016-03-31,0.0324311797721624,654
"1+4 + Kalman","Finances et assurances",2016-06-30,0.0108997856671717,2016-03-31,0.0132480316692885,654
"ACP + Kalman","Finances et assurances",2016-06-30,0.0128667723661458,2016-03-31,0.0132480316692885,654
"ridge + AR + Kalman","Finances et assurances",2016-06-30,0.0122958679863931,2016-03-31,0.0132480316692885,654
"1+4 + Kalman","Immobilier",2016-06-30,0.00901808656001495,2016-03-31,0.00642440146184065,654
"ACP + Kalman","Immobilier",2016-06-30,0.00585105992656554,2016-03-31,0.00642440146184065,654
"ridge + AR + Kalman","Immobilier",2016-06-30,0.00774469508601594,2016-03-31,0.00642440146184065,654
"1+4 + Kalman","Agriculture",2016-09-30,-0.00116751014110707,2016-06-30,0.0239103237598961,654
"ACP + Kalman","Agriculture",2016-09-30,-0.00209758991908281,2016-06-30,0.0239103237598961,654
"ridge + AR + Kalman","Agriculture",2016-09-30,0.00834263769225793,2016-06-30,0.0239103237598961,654
"1+4 + Kalman","Pêche",2016-09-30,-0.0100303979676922,2016-06-30,-0.0707389562407208,654
"ACP + Kalman","Pêche",2016-09-30,,,-0.0707389562407208,654
"ridge + AR + Kalman","Pêche",2016-09-30,0.0430021708954084,2016-06-30,-0.0707389562407208,654
"1+4 + Kalman","Industrie d'extraction",2016-09-30,,,0.0218474503756241,654
"ACP + Kalman","Industrie d'extraction",2016-09-30,0.0236921118048339,2016-06-30,0.0218474503756241,654
"ridge + AR + Kalman","Industrie d'extraction",2016-09-30,-0.00424477147859185,2016-06-30,0.0218474503756241,654
"1+4 + Kalman","Industrie de transformation",2016-09-30,-0.000350492951565903,2016-06-30,0.0228243332255111,654
"ACP + Kalman","Industrie de transformation",2016-09-30,0.00644329577175791,2016-06-30,0.0228243332255111,654
"ridge + AR + Kalman","Industrie de transformation",2016-09-30,0.00260388960392986,2016-06-30,0.0228243332255111,654
"1+4 + Kalman","Électricité, gaz, eau",2016-09-30,0.00951313288247276,2016-06-30,0.0711460023338066,654
"ACP + Kalman","Électricité, gaz, eau",2016-09-30,-0.0154073499241512,2016-06-30,0.0711460023338066,654
"ridge + AR + Kalman","Électricité, gaz, eau",2016-09-30,0.0344916347237875,2016-06-30,0.0711460023338066,654
"1+4 + Kalman","Construction",2016-09-30,,,-0.00562759321653061,654
"ACP + Kalman","Construction",2016-09-30,0.00446811494837645,2016-06-30,-0.00562759321653061,654
"ridge + AR + Kalman","Construction",2016-09-30,0.00508372352320613,2016-06-30,-0.00562759321653061,654
"1+4 + Kalman","Commerce",2016-09-30,0.0213022656988235,2016-06-30,0.0267524972525734,654
"ACP + Kalman","Commerce",2016-09-30,0.0170973221048358,2016-06-30,0.0267524972525734,654
"ridge + AR + Kalman","Commerce",2016-09-30,-0.00120464422628766,2016-06-30,0.0267524972525734,654
"1+4 + Kalman","Transports",2016-09-30,,,0.0405851512318183,654
"ACP + Kalman","Transports",2016-09-30,0.0114414295255296,2016-06-30,0.0405851512318183,654
"ridge + AR + Kalman","Transports",2016-09-30,0.0195780284123163,2016-06-30,0.0405851512318183,654
"1+4 + Kalman","Hébergement-restauration",2016-09-30,0.00573326223100193,2016-06-30,0.0560471819745558,654
"ACP + Kalman","Hébergement-restauration",2016-09-30,-0.0123725752914518,2016-06-30,0.0560471819745558,654
"ridge + AR + Kalman","Hébergement-restauration",2016-09-30,-0.010695779555599,2016-06-30,0.0560471819745558,654
"1+4 + Kalman","Information-communication",2016-09-30,-0.0538761249072226,2016-06-30,0.0156993215704908,654
"ACP + Kalman","Information-communication",2016-09-30,-0.00930118578062842,2016-06-30,0.0156993215704908,654
"ridge + AR + Kalman","Information-communication",2016-09-30,0.0166639042765077,2016-06-30,0.0156993215704908,654
"1+4 + Kalman","Finances et assurances",2016-09-30,0.0089905211639972,2016-06-30,0.0406230501366736,654
"ACP + Kalman","Finances et assurances",2016-09-30,0.0134911878414326,2016-06-30,0.0406230501366736,654
"ridge + AR + Kalman","Finances et assurances",2016-09-30,0.00843327684990185,2016-06-30,0.0406230501366736,654
"1+4 + Kalman","Immobilier",2016-09-30,0.0084157503421744,2016-06-30,0.00538883523628364,654
"ACP + Kalman","Immobilier",2016-09-30,0.00754389631771036,2016-06-30,0.00538883523628364,654
"ridge + AR + Kalman","Immobilier",2016-09-30,0.00727409712910483,2016-06-30,0.00538883523628364,654
"1+4 + Kalman","Agriculture",2016-12-31,0.00526750673345059,2016-09-30,0.00479642186034113,658
"ACP + Kalman","Agriculture",2016-12-31,-0.00170023661004475,2016-09-30,0.00479642186034113,658
"ridge + AR + Kalman","Agriculture",2016-12-31,0.00930608740061078,2016-09-30,0.00479642186034113,658
"1+4 + Kalman","Pêche",2016-12-31,0.00706891270210233,2015-12-31,0.100756292896915,658
"ACP + Kalman","Pêche",2016-12-31,,,0.100756292896915,658
"ridge + AR + Kalman","Pêche",2016-12-31,0.0516750098251083,2016-09-30,0.100756292896915,658
"1+4 + Kalman","Industrie d'extraction",2016-12-31,,,0.025849664713844,658
"ACP + Kalman","Industrie d'extraction",2016-12-31,0.0132175772799108,2016-09-30,0.025849664713844,658
"ridge + AR + Kalman","Industrie d'extraction",2016-12-31,0.00769131437547596,2016-09-30,0.025849664713844,658
"1+4 + Kalman","Industrie de transformation",2016-12-31,0.00840724015556569,2016-09-30,0.0116788252925897,658
"ACP + Kalman","Industrie de transformation",2016-12-31,0.000317033801829477,2016-09-30,0.0116788252925897,658
"ridge + AR + Kalman","Industrie de transformation",2016-12-31,0.00716735321490931,2016-09-30,0.0116788252925897,658
"1+4 + Kalman","Électricité, gaz, eau",2016-12-31,0.034553206946777,2016-09-30,-0.0359660643263187,658
"ACP + Kalman","Électricité, gaz, eau",2016-12-31,0.00953835166607567,2016-09-30,-0.0359660643263187,658
"ridge + AR + Kalman","Électricité, gaz, eau",2016-12-31,-0.00182236098791716,2016-09-30,-0.0359660643263187,658
"1+4 + Kalman","Construction",2016-12-31,,,-0.0052620417260254,658
"ACP + Kalman","Construction",2016-12-31,0.0161155002948296,2016-09-30,-0.0052620417260254,658
"ridge + AR + Kalman","Construction",2016-12-31,0.00402578108270785,2016-09-30,-0.0052620417260254,658
"1+4 + Kalman","Commerce",2016-12-31,-0.0238704338131333,2016-09-30,0.0309847865136277,658
"ACP + Kalman","Commerce",2016-12-31,0.00515658464246935,2016-09-30,0.0309847865136277,658
"ridge + AR + Kalman","Commerce",2016-12-31,0.000136076539627019,2016-09-30,0.0309847865136277,658
"1+4 + Kalman","Transports",2016-12-31,,,-0.000806231998783602,658
"ACP + Kalman","Transports",2016-12-31,0.0114637818994427,2016-09-30,-0.000806231998783602,658
"ridge + AR + Kalman","Transports",2016-12-31,-0.00286329430372109,2016-09-30,-0.000806231998783602,658
"1+4 + Kalman","Hébergement-restauration",2016-12-31,,,0.0195963775895027,658
"ACP + Kalman","Hébergement-restauration",2016-12-31,0.0181415425349574,2016-09-30,0.0195963775895027,658
"ridge + AR + Kalman","Hébergement-restauration",2016-12-31,-0.0138024475978004,2016-09-30,0.0195963775895027,658
"1+4 + Kalman","Information-communication",2016-12-31,0.0430210840991339,2016-09-30,0.0119540679681371,658
"ACP + Kalman","Information-communication",2016-12-31,0.0513340276696233,2016-09-30,0.0119540679681371,658
"ridge + AR + Kalman","Information-communication",2016-12-31,0.0187688903745001,2016-09-30,0.0119540679681371,658
"1+4 + Kalman","Finances et assurances",2016-12-31,0.0152318917276414,2016-09-30,-0.0101673768515305,658
"ACP + Kalman","Finances et assurances",2016-12-31,0.0172864264040429,2016-09-30,-0.0101673768515305,658
"ridge + AR + Kalman","Finances et assurances",2016-12-31,0.0122334322157691,2016-09-30,-0.0101673768515305,658
"1+4 + Kalman","Immobilier",2016-12-31,0.00707700323361388,2016-09-30,0.00381329164235744,658
"ACP + Kalman","Immobilier",2016-12-31,0.0044498164791412,2016-09-30,0.00381329164235744,658
"ridge + AR + Kalman","Immobilier",2016-12-31,0.00712978024781298,2016-09-30,0.00381329164235744,658
"1+4 + Kalman","Agriculture",2017-03-31,-0.0321856648840439,2016-12-31,0.156411418832823,670
"ACP + Kalman","Agriculture",2017-03-31,-0.0203607737098141,2016-12-31,0.156411418832823,670
"ridge + AR + Kalman","Agriculture",2017-03-31,0.00569706712708963,2016-12-31,0.156411418832823,670
"1+4 + Kalman","Pêche",2017-03-31,0.0789410365494607,2016-12-31,-0.0981301116583815,670
"ACP + Kalman","Pêche",2017-03-31,,,-0.0981301116583815,670
"ridge + AR + Kalman","Pêche",2017-03-31,0.0147951519204739,2016-12-31,-0.0981301116583815,670
"1+4 + Kalman","Industrie d'extraction",2017-03-31,,,0.0185128254497453,670
"ACP + Kalman","Industrie d'extraction",2017-03-31,0.0113464349764128,2016-12-31,0.0185128254497453,670
"ridge + AR + Kalman","Industrie d'extraction",2017-03-31,0.0111825788006969,2016-12-31,0.0185128254497453,670
"1+4 + Kalman","Industrie de transformation",2017-03-31,0.000313364237150015,2016-12-31,0.00953178833632684,670
"ACP + Kalman","Industrie de transformation",2017-03-31,0.00848955497817564,2016-12-31,0.00953178833632684,670
"ridge + AR + Kalman","Industrie de transformation",2017-03-31,0.00663475773831964,2016-12-31,0.00953178833632684,670
"1+4 + Kalman","Électricité, gaz, eau",2017-03-31,-0.0075552597893412,2016-12-31,-0.00716286993772819,670
"ACP + Kalman","Électricité, gaz, eau",2017-03-31,0.0195009430522675,2016-12-31,-0.00716286993772819,670
"ridge + AR + Kalman","Électricité, gaz, eau",2017-03-31,-0.0612043396830684,2016-12-31,-0.00716286993772819,670
"1+4 + Kalman","Construction",2017-03-31,0.00385028176080414,2016-12-31,0.0132064022878779,670
"ACP + Kalman","Construction",2017-03-31,0.00305696440040043,2016-12-31,0.0132064022878779,670
"ridge + AR + Kalman","Construction",2017-03-31,0.00336460544654458,2016-12-31,0.0132064022878779,670
"1+4 + Kalman","Commerce",2017-03-31,0.00506498798242062,2016-12-31,0.00917546195855401,670
"ACP + Kalman","Commerce",2017-03-31,0.00953682904195064,2016-12-31,0.00917546195855401,670
"ridge + AR + Kalman","Commerce",2017-03-31,0.00576472914540663,2016-12-31,0.00917546195855401,670
"1+4 + Kalman","Transports",2017-03-31,,,0.00525061131594917,670
"ACP + Kalman","Transports",2017-03-31,0.00786505137982821,2016-12-31,0.00525061131594917,670
"ridge + AR + Kalman","Transports",2017-03-31,0.0143203623558094,2016-12-31,0.00525061131594917,670
"1+4 + Kalman","Hébergement-restauration",2017-03-31,,,0.0277996430464089,670
"ACP + Kalman","Hébergement-restauration",2017-03-31,0.00332101073703115,2016-12-31,0.0277996430464089,670
"ridge + AR + Kalman","Hébergement-restauration",2017-03-31,0.00202133277416413,2016-12-31,0.0277996430464089,670
"1+4 + Kalman","Information-communication",2017-03-31,0.00472670062671893,2016-12-31,-0.074924310117952,670
"ACP + Kalman","Information-communication",2017-03-31,0.0144351891465271,2016-12-31,-0.074924310117952,670
"ridge + AR + Kalman","Information-communication",2017-03-31,0.0174324061594177,2016-12-31,-0.074924310117952,670
"1+4 + Kalman","Finances et assurances",2017-03-31,-0.00189879382444303,2016-12-31,0.00552692213443429,670
"ACP + Kalman","Finances et assurances",2017-03-31,-0.00382959663288331,2016-12-31,0.00552692213443429,670
"ridge + AR + Kalman","Finances et assurances",2017-03-31,0.000981692252098583,2016-12-31,0.00552692213443429,670
"1+4 + Kalman","Immobilier",2017-03-31,0.00769638623037464,2016-12-31,0.000111312238896488,670
"ACP + Kalman","Immobilier",2017-03-31,0.00598120154701349,2016-12-31,0.000111312238896488,670
"ridge + AR + Kalman","Immobilier",2017-03-31,0.0070517221676554,2016-12-31,0.000111312238896488,670
"1+4 + Kalman","Agriculture",2017-06-30,,,0.031215998995707,813
"ACP + Kalman","Agriculture",2017-06-30,0.014518473768098,2017-03-31,0.031215998995707,813
"ridge + AR + Kalman","Agriculture",2017-06-30,0.0189808697671274,2017-03-31,0.031215998995707,813
"1+4 + Kalman","Pêche",2017-06-30,-0.0238138487108439,2017-03-31,-0.0199501670707116,813
"ACP + Kalman","Pêche",2017-06-30,,,-0.0199501670707116,813
"ridge + AR + Kalman","Pêche",2017-06-30,0.0911966368355466,2017-03-31,-0.0199501670707116,813
"1+4 + Kalman","Industrie d'extraction",2017-06-30,,,0.0955083840143161,813
"ACP + Kalman","Industrie d'extraction",2017-06-30,-0.00215007601245157,2017-03-31,0.0955083840143161,813
"ridge + AR + Kalman","Industrie d'extraction",2017-06-30,0.0207656548586383,2017-03-31,0.0955083840143161,813
"1+4 + Kalman","Industrie de transformation",2017-06-30,0.00878610950850356,2017-03-31,0.0149267146411702,813
"ACP + Kalman","Industrie de transformation",2017-06-30,0.00688924007768044,2017-03-31,0.0149267146411702,813
"ridge + AR + Kalman","Industrie de transformation",2017-06-30,0.00814383478790139,2017-03-31,0.0149267146411702,813
"1+4 + Kalman","Électricité, gaz, eau",2017-06-30,-0.00620064193841556,2017-03-31,0.0253000677575166,813
"ACP + Kalman","Électricité, gaz, eau",2017-06-30,0.00707891496824349,2017-03-31,0.0253000677575166,813
"ridge + AR + Kalman","Électricité, gaz, eau",2017-06-30,0.0239842790990632,2017-03-31,0.0253000677575166,813
"1+4 + Kalman","Construction",2017-06-30,,,0.000867405836450175,813
"ACP + Kalman","Construction",2017-06-30,0.00719670148220849,2017-03-31,0.000867405836450175,813
"ridge + AR + Kalman","Construction",2017-06-30,0.00840604151368595,2017-03-31,0.000867405836450175,813
"1+4 + Kalman","Commerce",2017-06-30,0.0111914916252458,2017-03-31,-0.00349218376741867,813
"ACP + Kalman","Commerce",2017-06-30,0.012137763666696,2017-03-31,-0.00349218376741867,813
"ridge + AR + Kalman","Commerce",2017-06-30,0.00544970276267264,2017-03-31,-0.00349218376741867,813
"1+4 + Kalman","Transports",2017-06-30,,,-0.00885390403460029,813
"ACP + Kalman","Transports",2017-06-30,0.0055697654301062,2017-03-31,-0.00885390403460029,813
"ridge + AR + Kalman","Transports",2017-06-30,0.0125756989257198,2017-03-31,-0.00885390403460029,813
"1+4 + Kalman","Hébergement-restauration",2017-06-30,,,0.0278215922434324,813
"ACP + Kalman","Hébergement-restauration",2017-06-30,0.0135948383644466,2017-03-31,0.0278215922434324,813
"ridge + AR + Kalman","Hébergement-restauration",2017-06-30,0.00147414165081453,2017-03-31,0.0278215922434324,813
"1+4 + Kalman","Information-communication",2017-06-30,0.00457519697506464,2017-03-31,0.0264960645184544,813
"ACP + Kalman","Information-communication",2017-06-30,-0.00539454219633304,2017-03-31,0.0264960645184544,813
"ridge + AR + Kalman","Information-communication",2017-06-30,0.016142710907534,2017-03-31,0.0264960645184544,813
"1+4 + Kalman","Finances et assurances",2017-06-30,0.0173822960267603,2017-03-31,0.0236163865511507,813
"ACP + Kalman","Finances et assurances",2017-06-30,0.0209421449136593,2017-03-31,0.0236163865511507,813
"ridge + AR + Kalman","Finances et assurances",2017-06-30,0.023768426176188,2017-03-31,0.0236163865511507,813
"1+4 + Kalman","Immobilier",2017-06-30,0.00644429224031751,2017-03-31,0.00532846857096558,813
"ACP + Kalman","Immobilier",2017-06-30,0.00718895078395956,2017-03-31,0.00532846857096558,813
"ridge + AR + Kalman","Immobilier",2017-06-30,0.00581074228674296,2017-03-31,0.00532846857096558,813
"1+4 + Kalman","Agriculture",2017-09-30,,,-0.001589953838673,888
"ACP + Kalman","Agriculture",2017-09-30,0.00931475719111824,2017-06-30,-0.001589953838673,888
"ridge + AR + Kalman","Agriculture",2017-09-30,0.0090635787325769,2017-06-30,-0.001589953838673,888
"1+4 + Kalman","Pêche",2017-09-30,0.0123211331795413,2017-06-30,0.0209332096664658,888
"ACP + Kalman","Pêche",2017-09-30,,,0.0209332096664658,888
"ridge + AR + Kalman","Pêche",2017-09-30,0.0367383536428846,2017-06-30,0.0209332096664658,888
"1+4 + Kalman","Industrie d'extraction",2017-09-30,,,-0.0311769033996843,888
"ACP + Kalman","Industrie d'extraction",2017-09-30,0.012341515486095,2017-06-30,-0.0311769033996843,888
"ridge + AR + Kalman","Industrie d'extraction",2017-09-30,0.0407531705104697,2017-06-30,-0.0311769033996843,888
"1+4 + Kalman","Industrie de transformation",2017-09-30,0.0161479230499145,2017-06-30,-0.0114616897126858,888
"ACP + Kalman","Industrie de transformation",2017-09-30,0.00608722605457881,2017-06-30,-0.0114616897126858,888
"ridge + AR + Kalman","Industrie de transformation",2017-09-30,0.00884172292121696,2017-06-30,-0.0114616897126858,888
"1+4 + Kalman","Électricité, gaz, eau",2017-09-30,-0.00607523559830361,2017-06-30,0.0048164662893857,888
"ACP + Kalman","Électricité, gaz, eau",2017-09-30,0.00949755846379659,2017-06-30,0.0048164662893857,888
"ridge + AR + Kalman","Électricité, gaz, eau",2017-09-30,0.0242126779157992,2017-06-30,0.0048164662893857,888
"1+4 + Kalman","Construction",2017-09-30,,,0.017936616006887,888
"ACP + Kalman","Construction",2017-09-30,0.00645398919475288,2017-06-30,0.017936616006887,888
"ridge + AR + Kalman","Construction",2017-09-30,0.00504912707069695,2017-06-30,0.017936616006887,888
"1+4 + Kalman","Commerce",2017-09-30,0.00314917679403743,2017-06-30,-0.0111426180419461,888
"ACP + Kalman","Commerce",2017-09-30,0.00416895736022341,2017-06-30,-0.0111426180419461,888
"ridge + AR + Kalman","Commerce",2017-09-30,0.00501213396392146,2017-06-30,-0.0111426180419461,888
"1+4 + Kalman","Transports",2017-09-30,,,0.00323264375167831,888
"ACP + Kalman","Transports",2017-09-30,0.00854491512704923,2017-06-30,0.00323264375167831,888
"ridge + AR + Kalman","Transports",2017-09-30,0.0166966748989664,2017-06-30,0.00323264375167831,888
"1+4 + Kalman","Hébergement-restauration",2017-09-30,-0.00399491131181942,2017-06-30,0.0102951493030083,888
"ACP + Kalman","Hébergement-restauration",2017-09-30,-0.00144054806809935,2017-06-30,0.0102951493030083,888
"ridge + AR + Kalman","Hébergement-restauration",2017-09-30,0.002603509840268,2017-06-30,0.0102951493030083,888
"1+4 + Kalman","Information-communication",2017-09-30,0.0154696226216519,2017-06-30,0.0150230359818178,888
"ACP + Kalman","Information-communication",2017-09-30,-0.0453834409759857,2017-06-30,0.0150230359818178,888
"ridge + AR + Kalman","Information-communication",2017-09-30,0.0140632895635064,2017-06-30,0.0150230359818178,888
"1+4 + Kalman","Finances et assurances",2017-09-30,0.0072312316793639,2017-06-30,-0.00152331413688955,888
"ACP + Kalman","Finances et assurances",2017-09-30,0.0073848565486582,2017-06-30,-0.00152331413688955,888
"ridge + AR + Kalman","Finances et assurances",2017-09-30,0.0113207260638371,2017-06-30,-0.00152331413688955,888
"1+4 + Kalman","Immobilier",2017-09-30,0.00788686911430022,2017-06-30,0.00538413091038592,888
"ACP + Kalman","Immobilier",2017-09-30,0.00761486280951143,2017-06-30,0.00538413091038592,888
"ridge + AR + Kalman","Immobilier",2017-09-30,0.00615439290337284,2017-06-30,0.00538413091038592,888
"1+4 + Kalman","Agriculture",2017-12-31,,,-0.00572029123758178,890
"ACP + Kalman","Agriculture",2017-12-31,0.00411976739693651,2017-09-30,-0.00572029123758178,890
"ridge + AR + Kalman","Agriculture",2017-12-31,0.00605012152057615,2017-09-30,-0.00572029123758178,890
"1+4 + Kalman","Pêche",2017-12-31,-0.0752965505032448,2017-09-30,-0.0659095853471712,890
"ACP + Kalman","Pêche",2017-12-31,,,-0.0659095853471712,890
"ridge + AR + Kalman","Pêche",2017-12-31,0.0151631083185294,2017-09-30,-0.0659095853471712,890
"1+4 + Kalman","Industrie d'extraction",2017-12-31,,,0.0125783920146532,890
"ACP + Kalman","Industrie d'extraction",2017-12-31,0.0140134780914092,2017-09-30,0.0125783920146532,890
"ridge + AR + Kalman","Industrie d'extraction",2017-12-31,0.000477602579235948,2017-09-30,0.0125783920146532,890
"1+4 + Kalman","Industrie de transformation",2017-12-31,0.00838065514543064,2017-09-30,0.00280821148239063,890
"ACP + Kalman","Industrie de transformation",2017-12-31,0.00474097234829178,2017-09-30,0.00280821148239063,890
"ridge + AR + Kalman","Industrie de transformation",2017-12-31,0.00527501835757355,2017-09-30,0.00280821148239063,890
"1+4 + Kalman","Électricité, gaz, eau",2017-12-31,0.0364065413433474,2017-09-30,0.0387992037287237,890
"ACP + Kalman","Électricité, gaz, eau",2017-12-31,0.0076680080764053,2017-09-30,0.0387992037287237,890
"ridge + AR + Kalman","Électricité, gaz, eau",2017-12-31,0.0191538641280969,2017-09-30,0.0387992037287237,890
"1+4 + Kalman","Construction",2017-12-31,,,-0.00784029652175278,890
"ACP + Kalman","Construction",2017-12-31,0.00670375420360947,2017-09-30,-0.00784029652175278,890
"ridge + AR + Kalman","Construction",2017-12-31,0.00894817807498942,2017-09-30,-0.00784029652175278,890
"1+4 + Kalman","Commerce",2017-12-31,0.002838509505627,2017-09-30,0.0160473615406325,890
"ACP + Kalman","Commerce",2017-12-31,0.00465255564451848,2017-09-30,0.0160473615406325,890
"ridge + AR + Kalman","Commerce",2017-12-31,0.00355729225058729,2017-09-30,0.0160473615406325,890
"1+4 + Kalman","Transports",2017-12-31,,,0.00270040887982859,890
"ACP + Kalman","Transports",2017-12-31,0.00942232309012072,2017-09-30,0.00270040887982859,890
"ridge + AR + Kalman","Transports",2017-12-31,0.0110917377464516,2017-09-30,0.00270040887982859,890
"1+4 + Kalman","Hébergement-restauration",2017-12-31,,,0.0188149524720291,890
"ACP + Kalman","Hébergement-restauration",2017-12-31,0.0160110886565107,2017-09-30,0.0188149524720291,890
"ridge + AR + Kalman","Hébergement-restauration",2017-12-31,0.00840437127582555,2017-09-30,0.0188149524720291,890
"1+4 + Kalman","Information-communication",2017-12-31,-0.0141884659227654,2017-09-30,0.00966388766132553,890
"ACP + Kalman","Information-communication",2017-12-31,0.00204770620416237,2017-09-30,0.00966388766132553,890
"ridge + AR + Kalman","Information-communication",2017-12-31,0.0154521252905345,2017-09-30,0.00966388766132553,890
"1+4 + Kalman","Finances et assurances",2017-12-31,0.00724967073854659,2017-09-30,-0.00363516724733692,890
"ACP + Kalman","Finances et assurances",2017-12-31,0.00107792675977229,2017-09-30,-0.00363516724733692,890
"ridge + AR + Kalman","Finances et assurances",2017-12-31,0.000976363056947691,2017-09-30,-0.00363516724733692,890
"1+4 + Kalman","Immobilier",2017-12-31,0.00787987895197642,2017-09-30,0.00537094450904618,890
"ACP + Kalman","Immobilier",2017-12-31,0.00265782384329957,2017-09-30,0.00537094450904618,890
"ridge + AR + Kalman","Immobilier",2017-12-31,0.00611273324472398,2017-09-30,0.00537094450904618,890
"1+4 + Kalman","Agriculture",2018-03-31,,,0.033613953651912,892
"ACP + Kalman","Agriculture",2018-03-31,0.00514832912695523,2017-12-31,0.033613953651912,892
"ridge + AR + Kalman","Agriculture",2018-03-31,0.00518803371787928,2017-12-31,0.033613953651912,892
"1+4 + Kalman","Pêche",2018-03-31,0.0270624718749403,2017-12-31,-0.118526708999348,892
"ACP + Kalman","Pêche",2018-03-31,,,-0.118526708999348,892
"ridge + AR + Kalman","Pêche",2018-03-31,0.0561959836387851,2017-12-31,-0.118526708999348,892
"1+4 + Kalman","Industrie d'extraction",2018-03-31,,,-0.0244479675700369,892
"ACP + Kalman","Industrie d'extraction",2018-03-31,0.0713931325470323,2017-12-31,-0.0244479675700369,892
"ridge + AR + Kalman","Industrie d'extraction",2018-03-31,0.011158676880368,2017-12-31,-0.0244479675700369,892
"1+4 + Kalman","Industrie de transformation",2018-03-31,0.00613221691380884,2017-12-31,0.0234087617899217,892
"ACP + Kalman","Industrie de transformation",2018-03-31,0.00820146519757429,2017-12-31,0.0234087617899217,892
"ridge + AR + Kalman","Industrie de transformation",2018-03-31,0.00621991031711242,2017-12-31,0.0234087617899217,892
"1+4 + Kalman","Électricité, gaz, eau",2018-03-31,-0.00116281328518191,2017-12-31,0.0223262968366722,892
"ACP + Kalman","Électricité, gaz, eau",2018-03-31,-0.00183664473547753,2017-12-31,0.0223262968366722,892
"ridge + AR + Kalman","Électricité, gaz, eau",2018-03-31,-0.0069506789396532,2017-12-31,0.0223262968366722,892
"1+4 + Kalman","Construction",2018-03-31,,,0.026272471549829,892
"ACP + Kalman","Construction",2018-03-31,0.00591429604165517,2017-12-31,0.026272471549829,892
"ridge + AR + Kalman","Construction",2018-03-31,0.00413781717271654,2017-12-31,0.026272471549829,892
"1+4 + Kalman","Commerce",2018-03-31,0.00717305479043686,2017-12-31,-0.0230462931639384,892
"ACP + Kalman","Commerce",2018-03-31,0.00419189041771347,2017-12-31,-0.0230462931639384,892
"ridge + AR + Kalman","Commerce",2018-03-31,-0.00157323227340483,2017-12-31,-0.0230462931639384,892
"1+4 + Kalman","Transports",2018-03-31,,,-0.00771766276284147,892
"ACP + Kalman","Transports",2018-03-31,0.0091595655245993,2017-12-31,-0.00771766276284147,892
"ridge + AR + Kalman","Transports",2018-03-31,0.00872863073004682,2017-12-31,-0.00771766276284147,892
"1+4 + Kalman","Hébergement-restauration",2018-03-31,0.00472692707524589,2017-12-31,0.0248370780464207,892
"ACP + Kalman","Hébergement-restauration",2018-03-31,0.0035146785112683,2017-12-31,0.0248370780464207,892
"ridge + AR + Kalman","Hébergement-restauration",2018-03-31,0.00569997681726631,2017-12-31,0.0248370780464207,892
"1+4 + Kalman","Information-communication",2018-03-31,0.0154905323816245,2017-12-31,-0.010365531714644,892
"ACP + Kalman","Information-communication",2018-03-31,0.0126387808189321,2017-12-31,-0.010365531714644,892
"ridge + AR + Kalman","Information-communication",2018-03-31,0.01636928367522,2017-12-31,-0.010365531714644,892
"1+4 + Kalman","Finances et assurances",2018-03-31,-0.00153927522042797,2017-12-31,0.0129764503213643,892
"ACP + Kalman","Finances et assurances",2018-03-31,-0.00196201832919129,2017-12-31,0.0129764503213643,892
"ridge + AR + Kalman","Finances et assurances",2018-03-31,-0.00339562073663083,2017-12-31,0.0129764503213643,892
"1+4 + Kalman","Immobilier",2018-03-31,0.006875427382076,2017-12-31,0.0139842136362436,892
"ACP + Kalman","Immobilier",2018-03-31,-0.00193605045432642,2017-12-31,0.0139842136362436,892
"ridge + AR + Kalman","Immobilier",2018-03-31,0.00610411521296442,2017-12-31,0.0139842136362436,892
"1+4 + Kalman","Agriculture",2018-06-30,,,0.0315396357748075,892
"ACP + Kalman","Agriculture",2018-06-30,-0.00404078108430231,2018-03-31,0.0315396357748075,892
"ridge + AR + Kalman","Agriculture",2018-06-30,0.0100912549010691,2018-03-31,0.0315396357748075,892
"1+4 + Kalman","Pêche",2018-06-30,0.0696055508383208,2018-03-31,0.0565619820165848,892
"ACP + Kalman","Pêche",2018-06-30,,,0.0565619820165848,892
"ridge + AR + Kalman","Pêche",2018-06-30,0.0812385275379673,2018-03-31,0.0565619820165848,892
"1+4 + Kalman","Industrie d'extraction",2018-06-30,,,0.0081793613697414,892
"ACP + Kalman","Industrie d'extraction",2018-06-30,0.00926077437908767,2018-03-31,0.0081793613697414,892
"ridge + AR + Kalman","Industrie d'extraction",2018-06-30,0.00757130718458281,2018-03-31,0.0081793613697414,892
"1+4 + Kalman","Industrie de transformation",2018-06-30,0.00219041868795968,2018-03-31,-0.00382899876597698,892
"ACP + Kalman","Industrie de transformation",2018-06-30,0.00366798775109755,2018-03-31,-0.00382899876597698,892
"ridge + AR + Kalman","Industrie de transformation",2018-06-30,0.00796406673987832,2018-03-31,-0.00382899876597698,892
"1+4 + Kalman","Électricité, gaz, eau",2018-06-30,0.0239229788025852,2018-03-31,-0.016153880771169,892
"ACP + Kalman","Électricité, gaz, eau",2018-06-30,0.00231322172582173,2018-03-31,-0.016153880771169,892
"ridge + AR + Kalman","Électricité, gaz, eau",2018-06-30,0.00550516498264821,2018-03-31,-0.016153880771169,892
"1+4 + Kalman","Construction",2018-06-30,,,0.00736116363280281,892
"ACP + Kalman","Construction",2018-06-30,0.00566347637169429,2018-03-31,0.00736116363280281,892
"ridge + AR + Kalman","Construction",2018-06-30,0.00822375393628831,2018-03-31,0.00736116363280281,892
"1+4 + Kalman","Commerce",2018-06-30,0.012531549023664,2018-03-31,0.00870212621648037,892
"ACP + Kalman","Commerce",2018-06-30,0.00640399737400684,2018-03-31,0.00870212621648037,892
"ridge + AR + Kalman","Commerce",2018-06-30,0.0113443434805971,2018-03-31,0.00870212621648037,892
"1+4 + Kalman","Transports",2018-06-30,,,0.0381116237789918,892
"ACP + Kalman","Transports",2018-06-30,0.00421851693458044,2018-03-31,0.0381116237789918,892
"ridge + AR + Kalman","Transports",2018-06-30,0.00987700833412788,2018-03-31,0.0381116237789918,892
"1+4 + Kalman","Hébergement-restauration",2018-06-30,0.00882935379359107,2018-03-31,0.0148534421343882,892
"ACP + Kalman","Hébergement-restauration",2018-06-30,0.0123805720341564,2018-03-31,0.0148534421343882,892
"ridge + AR + Kalman","Hébergement-restauration",2018-06-30,0.00399186669494468,2018-03-31,0.0148534421343882,892
"1+4 + Kalman","Information-communication",2018-06-30,0.0162962088086775,2018-03-31,0.0250131048881688,892
"ACP + Kalman","Information-communication",2018-06-30,0.00122051453258195,2018-03-31,0.0250131048881688,892
"ridge + AR + Kalman","Information-communication",2018-06-30,0.0162832882532761,2018-03-31,0.0250131048881688,892
"1+4 + Kalman","Finances et assurances",2018-06-30,0.0148450802535756,2018-03-31,-0.00435156893570188,892
"ACP + Kalman","Finances et assurances",2018-06-30,0.0139262319454785,2018-03-31,-0.00435156893570188,892
"ridge + AR + Kalman","Finances et assurances",2018-06-30,0.014118776281438,2018-03-31,-0.00435156893570188,892
"1+4 + Kalman","Immobilier",2018-06-30,0.00948617174811707,2018-03-31,0.00709820759588098,892
"ACP + Kalman","Immobilier",2018-06-30,0.0061159929077406,2018-03-31,0.00709820759588098,892
"ridge + AR + Kalman","Immobilier",2018-06-30,0.00695532401306803,2018-03-31,0.00709820759588098,892
"1+4 + Kalman","Agriculture",2018-09-30,,,-0.0076855501979054,1033
"ACP + Kalman","Agriculture",2018-09-30,0.0669447221382192,2018-06-30,-0.0076855501979054,1033
"ridge + AR + Kalman","Agriculture",2018-09-30,0.0102790435049477,2018-06-30,-0.0076855501979054,1033
"1+4 + Kalman","Pêche",2018-09-30,0.270359898997735,2018-06-30,-0.0520428663582821,1033
"ACP + Kalman","Pêche",2018-09-30,0.0104783019370893,2018-06-30,-0.0520428663582821,1033
"ridge + AR + Kalman","Pêche",2018-09-30,-0.183855395523357,2018-06-30,-0.0520428663582821,1033
"1+4 + Kalman","Industrie d'extraction",2018-09-30,,,-0.0117710521370427,1033
"ACP + Kalman","Industrie d'extraction",2018-09-30,0.0027938502729403,2018-06-30,-0.0117710521370427,1033
"ridge + AR + Kalman","Industrie d'extraction",2018-09-30,0.00502208662989365,2018-06-30,-0.0117710521370427,1033
"1+4 + Kalman","Industrie de transformation",2018-09-30,-0.000593257998001252,2018-06-30,0.0197648970716831,1033
"ACP + Kalman","Industrie de transformation",2018-09-30,0.00569122744717846,2018-06-30,0.0197648970716831,1033
"ridge + AR + Kalman","Industrie de transformation",2018-09-30,0.00533824363655641,2018-06-30,0.0197648970716831,1033
"1+4 + Kalman","Électricité, gaz, eau",2018-09-30,0.00349477375167833,2018-06-30,0.0411974248960654,1033
"ACP + Kalman","Électricité, gaz, eau",2018-09-30,0.0104385344427183,2018-06-30,0.0411974248960654,1033
"ridge + AR + Kalman","Électricité, gaz, eau",2018-09-30,0.0156589001777298,2018-06-30,0.0411974248960654,1033
"1+4 + Kalman","Construction",2018-09-30,,,-0.0192666965708348,1033
"ACP + Kalman","Construction",2018-09-30,0.00608177629460583,2018-06-30,-0.0192666965708348,1033
"ridge + AR + Kalman","Construction",2018-09-30,0.00700363927799882,2018-06-30,-0.0192666965708348,1033
"1+4 + Kalman","Commerce",2018-09-30,-0.00340269934438126,2018-06-30,0.00962442845128741,1033
"ACP + Kalman","Commerce",2018-09-30,-0.00143394805776752,2018-06-30,0.00962442845128741,1033
"ridge + AR + Kalman","Commerce",2018-09-30,0.00100045317663928,2018-06-30,0.00962442845128741,1033
"1+4 + Kalman","Transports",2018-09-30,,,-0.0562132165992164,1033
"ACP + Kalman","Transports",2018-09-30,0.00262641345158635,2018-06-30,-0.0562132165992164,1033
"ridge + AR + Kalman","Transports",2018-09-30,0.00270230250782791,2018-06-30,-0.0562132165992164,1033
"1+4 + Kalman","Hébergement-restauration",2018-09-30,2.96245090659333e-05,2018-06-30,-0.0200453834008396,1033
"ACP + Kalman","Hébergement-restauration",2018-09-30,0.00270633504308654,2018-06-30,-0.0200453834008396,1033
"ridge + AR + Kalman","Hébergement-restauration",2018-09-30,0.00636585062183078,2018-06-30,-0.0200453834008396,1033
"1+4 + Kalman","Information-communication",2018-09-30,0.0145605354948114,2018-06-30,0.00871941409985943,1033
"ACP + Kalman","Information-communication",2018-09-30,-0.015848472461238,2018-06-30,0.00871941409985943,1033
"ridge + AR + Kalman","Information-communication",2018-09-30,0.00824118012105024,2018-06-30,0.00871941409985943,1033
"1+4 + Kalman","Finances et assurances",2018-09-30,0.0137490794852582,2018-06-30,0.00735193248656962,1033
"ACP + Kalman","Finances et assurances",2018-09-30,0.00836244897561435,2018-06-30,0.00735193248656962,1033
"ridge + AR + Kalman","Finances et assurances",2018-09-30,0.0124275398431298,2018-06-30,0.00735193248656962,1033
"1+4 + Kalman","Immobilier",2018-09-30,0.00796760220604282,2018-06-30,0.00546983793104339,1033
"ACP + Kalman","Immobilier",2018-09-30,0.00536398338851603,2018-06-30,0.00546983793104339,1033
"ridge + AR + Kalman","Immobilier",2018-09-30,0.0067187256459653,2018-06-30,0.00546983793104339,1033
"1+4 + Kalman","Agriculture",2018-12-31,,,-0.00708189895160238,1033
"ACP + Kalman","Agriculture",2018-12-31,0.00554355747485924,2018-09-30,-0.00708189895160238,1033
"ridge + AR + Kalman","Agriculture",2018-12-31,0.00687742422576548,2018-09-30,-0.00708189895160238,1033
"1+4 + Kalman","Pêche",2018-12-31,0.0487761902549915,2018-09-30,0.0519498128058951,1033
"ACP + Kalman","Pêche",2018-12-31,0.0183462391056419,2018-09-30,0.0519498128058951,1033
"ridge + AR + Kalman","Pêche",2018-12-31,0.0285476821737623,2018-09-30,0.0519498128058951,1033
"1+4 + Kalman","Industrie d'extraction",2018-12-31,,,-0.00327062290436331,1033
"ACP + Kalman","Industrie d'extraction",2018-12-31,0.00212441329251944,2018-09-30,-0.00327062290436331,1033
"ridge + AR + Kalman","Industrie d'extraction",2018-12-31,0.00911142312993261,2018-09-30,-0.00327062290436331,1033
"1+4 + Kalman","Industrie de transformation",2018-12-31,0.00894620263814704,2018-09-30,0.00254844063750426,1033
"ACP + Kalman","Industrie de transformation",2018-12-31,0.00294177455869417,2018-09-30,0.00254844063750426,1033
"ridge + AR + Kalman","Industrie de transformation",2018-12-31,0.00521070984113041,2018-09-30,0.00254844063750426,1033
"1+4 + Kalman","Électricité, gaz, eau",2018-12-31,0.0235069666376628,2018-09-30,0.0623784425554952,1033
"ACP + Kalman","Électricité, gaz, eau",2018-12-31,0.00443130926270712,2018-09-30,0.0623784425554952,1033
"ridge + AR + Kalman","Électricité, gaz, eau",2018-12-31,-0.00154119092611947,2018-09-30,0.0623784425554952,1033
"1+4 + Kalman","Construction",2018-12-31,,,-0.0524286380169254,1033
"ACP + Kalman","Construction",2018-12-31,0.00613781446943125,2018-09-30,-0.0524286380169254,1033
"ridge + AR + Kalman","Construction",2018-12-31,0.00472325183898515,2018-09-30,-0.0524286380169254,1033
"1+4 + Kalman","Commerce",2018-12-31,-0.0110312503549538,2018-09-30,0.0165859648209938,1033
"ACP + Kalman","Commerce",2018-12-31,-0.00483520039630275,2018-09-30,0.0165859648209938,1033
"ridge + AR + Kalman","Commerce",2018-12-31,-0.000247649155617363,2018-09-30,0.0165859648209938,1033
"1+4 + Kalman","Transports",2018-12-31,,,0.0024741177684291,1033
"ACP + Kalman","Transports",2018-12-31,0.0158154464230062,2018-09-30,0.0024741177684291,1033
"ridge + AR + Kalman","Transports",2018-12-31,0.0355985642515718,2018-09-30,0.0024741177684291,1033
"1+4 + Kalman","Hébergement-restauration",2018-12-31,0.0159934912265419,2018-09-30,0.0330719091401885,1033
"ACP + Kalman","Hébergement-restauration",2018-12-31,0.0224494174362023,2018-09-30,0.0330719091401885,1033
"ridge + AR + Kalman","Hébergement-restauration",2018-12-31,0.0163714807408746,2018-09-30,0.0330719091401885,1033
"1+4 + Kalman","Information-communication",2018-12-31,,,0.0017418043179287,1033
"ACP + Kalman","Information-communication",2018-12-31,-0.000108865064218483,2018-09-30,0.0017418043179287,1033
"ridge + AR + Kalman","Information-communication",2018-12-31,0.0142199414213068,2018-09-30,0.0017418043179287,1033
"1+4 + Kalman","Finances et assurances",2018-12-31,0.00621908946868007,2018-09-30,0.0110438895944789,1033
"ACP + Kalman","Finances et assurances",2018-12-31,0.00619548336175905,2018-09-30,0.0110438895944789,1033
"ridge + AR + Kalman","Finances et assurances",2018-12-31,0.00739346103404963,2018-09-30,0.0110438895944789,1033
"1+4 + Kalman","Immobilier",2018-12-31,0.00654870484164313,2018-09-30,0.00429779031723321,1033
"ACP + Kalman","Immobilier",2018-12-31,0.00509384334069223,2018-09-30,0.00429779031723321,1033
"ridge + AR + Kalman","Immobilier",2018-12-31,0.00672985983107894,2018-09-30,0.00429779031723321,1033
"1+4 + Kalman","Agriculture",2019-03-31,,,-0.0674225881272044,1035
"ACP + Kalman","Agriculture",2019-03-31,0.0465298532993199,2018-12-31,-0.0674225881272044,1035
"ridge + AR + Kalman","Agriculture",2019-03-31,0.00633053457224411,2018-12-31,-0.0674225881272044,1035
"1+4 + Kalman","Pêche",2019-03-31,0.164355307630676,2018-12-31,0.165886600744615,1035
"ACP + Kalman","Pêche",2019-03-31,,,0.165886600744615,1035
"ridge + AR + Kalman","Pêche",2019-03-31,0.00545305705126963,2018-12-31,0.165886600744615,1035
"1+4 + Kalman","Industrie d'extraction",2019-03-31,,,0.040057095335742,1035
"ACP + Kalman","Industrie d'extraction",2019-03-31,0.000704667693217722,2018-12-31,0.040057095335742,1035
"ridge + AR + Kalman","Industrie d'extraction",2019-03-31,0.0062926275744166,2018-12-31,0.040057095335742,1035
"1+4 + Kalman","Industrie de transformation",2019-03-31,0.00894866921419241,2018-12-31,0.00525129663060397,1035
"ACP + Kalman","Industrie de transformation",2019-03-31,0.00548314412038726,2018-12-31,0.00525129663060397,1035
"ridge + AR + Kalman","Industrie de transformation",2019-03-31,0.00603631499362047,2018-12-31,0.00525129663060397,1035
"1+4 + Kalman","Électricité, gaz, eau",2019-03-31,0.0189154898342198,2018-12-31,0.0925664554057999,1035
"ACP + Kalman","Électricité, gaz, eau",2019-03-31,-0.00266659685298404,2018-12-31,0.0925664554057999,1035
"ridge + AR + Kalman","Électricité, gaz, eau",2019-03-31,0.0299869588854457,2018-12-31,0.0925664554057999,1035
"1+4 + Kalman","Construction",2019-03-31,-0.0119816459668406,2018-12-31,0.0166559720067418,1035
"ACP + Kalman","Construction",2019-03-31,0.00303636830018968,2018-12-31,0.0166559720067418,1035
"ridge + AR + Kalman","Construction",2019-03-31,-0.0181190183159388,2018-12-31,0.0166559720067418,1035
"1+4 + Kalman","Commerce",2019-03-31,-0.00604417757690523,2018-12-31,-0.0198319410856413,1035
"ACP + Kalman","Commerce",2019-03-31,-0.00115170271114298,2018-12-31,-0.0198319410856413,1035
"ridge + AR + Kalman","Commerce",2019-03-31,0.00071136239131992,2018-12-31,-0.0198319410856413,1035
"1+4 + Kalman","Transports",2019-03-31,,,0.0567198839409837,1035
"ACP + Kalman","Transports",2019-03-31,0.000688129097878933,2018-12-31,0.0567198839409837,1035
"ridge + AR + Kalman","Transports",2019-03-31,0.00670178628788655,2018-12-31,0.0567198839409837,1035
"1+4 + Kalman","Hébergement-restauration",2019-03-31,-0.0189751839944591,2018-12-31,0.0107181372644138,1035
"ACP + Kalman","Hébergement-restauration",2019-03-31,0.00246489311243173,2018-12-31,0.0107181372644138,1035
"ridge + AR + Kalman","Hébergement-restauration",2019-03-31,-0.00058270769091496,2018-12-31,0.0107181372644138,1035
"1+4 + Kalman","Information-communication",2019-03-31,,,0.000840591265317769,1035
"ACP + Kalman","Information-communication",2019-03-31,0.0087652634973743,2018-12-31,0.000840591265317769,1035
"ridge + AR + Kalman","Information-communication",2019-03-31,0.0138123437128221,2018-12-31,0.000840591265317769,1035
"1+4 + Kalman","Finances et assurances",2019-03-31,0.00715298136197451,2018-12-31,0.0315392522985256,1035
"ACP + Kalman","Finances et assurances",2019-03-31,0.00451129317529372,2018-12-31,0.0315392522985256,1035
"ridge + AR + Kalman","Finances et assurances",2019-03-31,0.00689717219288292,2018-12-31,0.0315392522985256,1035
"1+4 + Kalman","Immobilier",2019-03-31,0.00640406945848933,2018-12-31,0.00697990763877421,1035
"ACP + Kalman","Immobilier",2019-03-31,0.00534679319177374,2018-12-31,0.00697990763877421,1035
"ridge + AR + Kalman","Immobilier",2019-03-31,0.006373001550964,2018-12-31,0.00697990763877421,1035
"1+4 + Kalman","Agriculture",2019-06-30,,,0.0269576277375521,1249
"ACP + Kalman","Agriculture",2019-06-30,0.00790158015462415,2019-03-31,0.0269576277375521,1249
"ridge + AR + Kalman","Agriculture",2019-06-30,-0.000403143909600342,2019-03-31,0.0269576277375521,1249
"1+4 + Kalman","Pêche",2019-06-30,-0.0130386246566932,2019-03-31,-0.10051090919398,1249
"ACP + Kalman","Pêche",2019-06-30,,,-0.10051090919398,1249
"ridge + AR + Kalman","Pêche",2019-06-30,-0.0156091042821113,2019-03-31,-0.10051090919398,1249
"1+4 + Kalman","Industrie d'extraction",2019-06-30,,,-0.0225433471888596,1249
"ACP + Kalman","Industrie d'extraction",2019-06-30,0.000720341672884945,2019-03-31,-0.0225433471888596,1249
"ridge + AR + Kalman","Industrie d'extraction",2019-06-30,-0.00290037439210358,2019-03-31,-0.0225433471888596,1249
"1+4 + Kalman","Industrie de transformation",2019-06-30,0.00972933487730972,2019-03-31,0.0369509505888086,1249
"ACP + Kalman","Industrie de transformation",2019-06-30,0.00735926159106912,2019-03-31,0.0369509505888086,1249
"ridge + AR + Kalman","Industrie de transformation",2019-06-30,0.00579463129871581,2019-03-31,0.0369509505888086,1249
"1+4 + Kalman","Électricité, gaz, eau",2019-06-30,-9.13400774129576e-05,2019-03-31,-0.0124026726248605,1249
"ACP + Kalman","Électricité, gaz, eau",2019-06-30,0.0099622235583186,2019-03-31,-0.0124026726248605,1249
"ridge + AR + Kalman","Électricité, gaz, eau",2019-06-30,-0.0139911934255798,2019-03-31,-0.0124026726248605,1249
"1+4 + Kalman","Construction",2019-06-30,,,0.0481920910731386,1249
"ACP + Kalman","Construction",2019-06-30,0.00416915928529419,2019-03-31,0.0481920910731386,1249
"ridge + AR + Kalman","Construction",2019-06-30,0.00539721840072725,2019-03-31,0.0481920910731386,1249
"1+4 + Kalman","Commerce",2019-06-30,0.011772021450703,2019-03-31,0.0339504681612155,1249
"ACP + Kalman","Commerce",2019-06-30,0.0130095715249055,2019-03-31,0.0339504681612155,1249
"ridge + AR + Kalman","Commerce",2019-06-30,0.0150308979695144,2019-03-31,0.0339504681612155,1249
"1+4 + Kalman","Transports",2019-06-30,,,0.100742314764428,1249
"ACP + Kalman","Transports",2019-06-30,0.00497541830160742,2019-03-31,0.100742314764428,1249
"ridge + AR + Kalman","Transports",2019-06-30,-0.00968588521877573,2019-03-31,0.100742314764428,1249
"1+4 + Kalman","Hébergement-restauration",2019-06-30,0.0148570506956902,2019-03-31,0.0402913731091044,1249
"ACP + Kalman","Hébergement-restauration",2019-06-30,0.017999126176507,2019-03-31,0.0402913731091044,1249
"ridge + AR + Kalman","Hébergement-restauration",2019-06-30,0.00779251089441696,2019-03-31,0.0402913731091044,1249
"1+4 + Kalman","Information-communication",2019-06-30,,,0.00593404498862071,1249
"ACP + Kalman","Information-communication",2019-06-30,0.00620288600926437,2019-03-31,0.00593404498862071,1249
"ridge + AR + Kalman","Information-communication",2019-06-30,0.0112274438316655,2019-03-31,0.00593404498862071,1249
"1+4 + Kalman","Finances et assurances",2019-06-30,0.0115695993324715,2019-03-31,0.000435811706188005,1249
"ACP + Kalman","Finances et assurances",2019-06-30,0.0110978648278316,2019-03-31,0.000435811706188005,1249
"ridge + AR + Kalman","Finances et assurances",2019-06-30,0.00929779970001703,2019-03-31,0.000435811706188005,1249
"1+4 + Kalman","Immobilier",2019-06-30,0.00874730376132586,2019-03-31,0.00407965402671806,1249
"ACP + Kalman","Immobilier",2019-06-30,0.00356359279989661,2019-03-31,0.00407965402671806,1249
"ridge + AR + Kalman","Immobilier",2019-06-30,0.00589599666681479,2019-03-31,0.00407965402671806,1249
"1+4 + Kalman","Agriculture",2019-09-30,,,-0.00378790367855686,1391
"ACP + Kalman","Agriculture",2019-09-30,0.0114210658078694,2019-06-30,-0.00378790367855686,1391
"ridge + AR + Kalman","Agriculture",2019-09-30,0.00612516297126094,2019-06-30,-0.00378790367855686,1391
"1+4 + Kalman","Pêche",2019-09-30,0.083639032097321,2019-06-30,0.107189386187184,1391
"ACP + Kalman","Pêche",2019-09-30,-0.0123803860527198,2019-06-30,0.107189386187184,1391
"ridge + AR + Kalman","Pêche",2019-09-30,0.0354660784090206,2019-06-30,0.107189386187184,1391
"1+4 + Kalman","Industrie d'extraction",2019-09-30,,,0.0109256734157306,1391
"ACP + Kalman","Industrie d'extraction",2019-09-30,-0.000387021834292316,2019-06-30,0.0109256734157306,1391
"ridge + AR + Kalman","Industrie d'extraction",2019-09-30,0.0112645164939088,2019-06-30,0.0109256734157306,1391
"1+4 + Kalman","Industrie de transformation",2019-09-30,0.0162775639703426,2019-06-30,-0.0175063522194137,1391
"ACP + Kalman","Industrie de transformation",2019-09-30,0.0151142061225096,2019-06-30,-0.0175063522194137,1391
"ridge + AR + Kalman","Industrie de transformation",2019-09-30,0.00457436534634617,2019-06-30,-0.0175063522194137,1391
"1+4 + Kalman","Électricité, gaz, eau",2019-09-30,0.00621334422542798,2019-06-30,-0.0152269847098676,1391
"ACP + Kalman","Électricité, gaz, eau",2019-09-30,0.024655370591489,2019-06-30,-0.0152269847098676,1391
"ridge + AR + Kalman","Électricité, gaz, eau",2019-09-30,0.0420526885004366,2019-06-30,-0.0152269847098676,1391
"1+4 + Kalman","Construction",2019-09-30,,,0.0125910845192418,1391
"ACP + Kalman","Construction",2019-09-30,0.00387966904624976,2019-06-30,0.0125910845192418,1391
"ridge + AR + Kalman","Construction",2019-09-30,0.0141921358404583,2019-06-30,0.0125910845192418,1391
"1+4 + Kalman","Commerce",2019-09-30,-0.00479662330035415,2019-06-30,-0.00535962123528755,1391
"ACP + Kalman","Commerce",2019-09-30,0.000514093412165573,2019-06-30,-0.00535962123528755,1391
"ridge + AR + Kalman","Commerce",2019-09-30,-0.001848649245238,2019-06-30,-0.00535962123528755,1391
"1+4 + Kalman","Transports",2019-09-30,,,-0.105961891018188,1391
"ACP + Kalman","Transports",2019-09-30,0.00815477722206803,2019-06-30,-0.105961891018188,1391
"ridge + AR + Kalman","Transports",2019-09-30,0.0179639887632124,2019-06-30,-0.105961891018188,1391
"1+4 + Kalman","Hébergement-restauration",2019-09-30,,,-0.0688778865997968,1391
"ACP + Kalman","Hébergement-restauration",2019-09-30,0.00403859006534365,2019-06-30,-0.0688778865997968,1391
"ridge + AR + Kalman","Hébergement-restauration",2019-09-30,-0.000948653580584489,2019-06-30,-0.0688778865997968,1391
"1+4 + Kalman","Information-communication",2019-09-30,,,0.0095827091317755,1391
"ACP + Kalman","Information-communication",2019-09-30,0.00367730734793606,2019-06-30,0.0095827091317755,1391
"ridge + AR + Kalman","Information-communication",2019-09-30,0.0106263399868539,2019-06-30,0.0095827091317755,1391
"1+4 + Kalman","Finances et assurances",2019-09-30,0.014067125535114,2019-06-30,0.0130609593133908,1391
"ACP + Kalman","Finances et assurances",2019-09-30,0.00852169605534473,2019-06-30,0.0130609593133908,1391
"ridge + AR + Kalman","Finances et assurances",2019-09-30,0.0101194881725462,2019-06-30,0.0130609593133908,1391
"1+4 + Kalman","Immobilier",2019-09-30,0.00722465316430364,2019-06-30,0.0012246541882952,1391
"ACP + Kalman","Immobilier",2019-09-30,0.00641473101875214,2019-06-30,0.0012246541882952,1391
"ridge + AR + Kalman","Immobilier",2019-09-30,0.00587041381582498,2019-06-30,0.0012246541882952,1391
"1+4 + Kalman","Agriculture",2019-12-31,,,-0.00545796285781641,1391
"ACP + Kalman","Agriculture",2019-12-31,0.00758131561864545,2019-09-30,-0.00545796285781641,1391
"ridge + AR + Kalman","Agriculture",2019-12-31,0.00411710153544874,2019-09-30,-0.00545796285781641,1391
"1+4 + Kalman","Pêche",2019-12-31,-0.0341244652847293,2019-09-30,-0.178444977080698,1391
"ACP + Kalman","Pêche",2019-12-31,0.00962942315534671,2019-09-30,-0.178444977080698,1391
"ridge + AR + Kalman","Pêche",2019-12-31,-0.0160110257365925,2019-09-30,-0.178444977080698,1391
"1+4 + Kalman","Industrie d'extraction",2019-12-31,-0.0291302665065247,2019-09-30,0.00214620520732645,1391
"ACP + Kalman","Industrie d'extraction",2019-12-31,0.0291003588755844,2019-09-30,0.00214620520732645,1391
"ridge + AR + Kalman","Industrie d'extraction",2019-12-31,0.00376499635871968,2019-09-30,0.00214620520732645,1391
"1+4 + Kalman","Industrie de transformation",2019-12-31,-0.00317029923556064,2019-09-30,-0.00688096519466086,1391
"ACP + Kalman","Industrie de transformation",2019-12-31,-0.00177250023167907,2019-09-30,-0.00688096519466086,1391
"ridge + AR + Kalman","Industrie de transformation",2019-12-31,0.00848989141785889,2019-09-30,-0.00688096519466086,1391
"1+4 + Kalman","Électricité, gaz, eau",2019-12-31,0.00505461276949064,2019-09-30,-0.00625851062808103,1391
"ACP + Kalman","Électricité, gaz, eau",2019-12-31,0.0159934736178733,2019-09-30,-0.00625851062808103,1391
"ridge + AR + Kalman","Électricité, gaz, eau",2019-12-31,-0.00202392181786817,2019-09-30,-0.00625851062808103,1391
"1+4 + Kalman","Construction",2019-12-31,,,-0.0273069523615579,1391
"ACP + Kalman","Construction",2019-12-31,0.00288953702121538,2019-09-30,-0.0273069523615579,1391
"ridge + AR + Kalman","Construction",2019-12-31,0.00688344959618112,2019-09-30,-0.0273069523615579,1391
"1+4 + Kalman","Commerce",2019-12-31,-0.0184596433126704,2019-09-30,-0.0070521019456713,1391
"ACP + Kalman","Commerce",2019-12-31,-0.0104583044572657,2019-09-30,-0.0070521019456713,1391
"ridge + AR + Kalman","Commerce",2019-12-31,-0.015946258611001,2019-09-30,-0.0070521019456713,1391
"1+4 + Kalman","Transports",2019-12-31,,,-0.0390667942682299,1391
"ACP + Kalman","Transports",2019-12-31,0.00379114425288685,2019-09-30,-0.0390667942682299,1391
"ridge + AR + Kalman","Transports",2019-12-31,0.0559792753419725,2019-09-30,-0.0390667942682299,1391
"1+4 + Kalman","Hébergement-restauration",2019-12-31,,,0.0396077656015432,1391
"ACP + Kalman","Hébergement-restauration",2019-12-31,0.0150680242545675,2019-09-30,0.0396077656015432,1391
"ridge + AR + Kalman","Hébergement-restauration",2019-12-31,0.0408137182311797,2019-09-30,0.0396077656015432,1391
"1+4 + Kalman","Information-communication",2019-12-31,,,0.0110725639758531,1391
"ACP + Kalman","Information-communication",2019-12-31,0.0054499779331832,2019-09-30,0.0110725639758531,1391
"ridge + AR + Kalman","Information-communication",2019-12-31,0.0134345251080626,2019-09-30,0.0110725639758531,1391
"1+4 + Kalman","Finances et assurances",2019-12-31,0.0103976276300146,2019-09-30,0.00825566078032658,1391
"ACP + Kalman","Finances et assurances",2019-12-31,0.00788443797310485,2019-09-30,0.00825566078032658,1391
"ridge + AR + Kalman","Finances et assurances",2019-12-31,0.00771175165310131,2019-09-30,0.00825566078032658,1391
"1+4 + Kalman","Immobilier",2019-12-31,0.0056724407707362,2019-09-30,-0.00107461592825686,1391
"ACP + Kalman","Immobilier",2019-12-31,0.00549977034816391,2019-09-30,-0.00107461592825686,1391
"ridge + AR + Kalman","Immobilier",2019-12-31,0.00543030591624095,2019-09-30,-0.00107461592825686,1391
"1+4 + Kalman","Agriculture",2020-03-31,,,-0.0733468122559131,1393
"ACP + Kalman","Agriculture",2020-03-31,0.0301131796562721,2019-12-31,-0.0733468122559131,1393
"ridge + AR + Kalman","Agriculture",2020-03-31,0.00414406236792599,2019-12-31,-0.0733468122559131,1393
"1+4 + Kalman","Pêche",2020-03-31,0.138166698854979,2019-12-31,0.250419564323746,1393
"ACP + Kalman","Pêche",2020-03-31,,,0.250419564323746,1393
"ridge + AR + Kalman","Pêche",2020-03-31,0.0659893050113505,2019-12-31,0.250419564323746,1393
"1+4 + Kalman","Industrie d'extraction",2020-03-31,,,0.00506158820307512,1393
"ACP + Kalman","Industrie d'extraction",2020-03-31,0.0225122282063774,2019-12-31,0.00506158820307512,1393
"ridge + AR + Kalman","Industrie d'extraction",2020-03-31,0.00498256049343933,2019-12-31,0.00506158820307512,1393
"1+4 + Kalman","Industrie de transformation",2020-03-31,-0.0112113400306732,2019-12-31,-0.00162253854886352,1393
"ACP + Kalman","Industrie de transformation",2020-03-31,-0.00168131799143591,2019-12-31,-0.00162253854886352,1393
"ridge + AR + Kalman","Industrie de transformation",2020-03-31,0.00548981126864767,2019-12-31,-0.00162253854886352,1393
"1+4 + Kalman","Électricité, gaz, eau",2020-03-31,0.0368183354094895,2019-12-31,0.0213425854542955,1393
"ACP + Kalman","Électricité, gaz, eau",2020-03-31,0.0232432786140957,2019-12-31,0.0213425854542955,1393
"ridge + AR + Kalman","Électricité, gaz, eau",2020-03-31,0.0460230924950083,2019-12-31,0.0213425854542955,1393
"1+4 + Kalman","Construction",2020-03-31,,,0.000213553084455143,1393
"ACP + Kalman","Construction",2020-03-31,0.0283100451956904,2019-12-31,0.000213553084455143,1393
"ridge + AR + Kalman","Construction",2020-03-31,-0.00106484228984858,2019-12-31,0.000213553084455143,1393
"1+4 + Kalman","Commerce",2020-03-31,-0.00728399063979514,2019-12-31,-0.0169610578868529,1393
"ACP + Kalman","Commerce",2020-03-31,0.00510923905425577,2019-12-31,-0.0169610578868529,1393
"ridge + AR + Kalman","Commerce",2020-03-31,0.00485629572890478,2019-12-31,-0.0169610578868529,1393
"1+4 + Kalman","Transports",2020-03-31,,,-0.0126004908496,1393
"ACP + Kalman","Transports",2020-03-31,0.00563783352781851,2019-12-31,-0.0126004908496,1393
"ridge + AR + Kalman","Transports",2020-03-31,0.00993405376387996,2019-12-31,-0.0126004908496,1393
"1+4 + Kalman","Hébergement-restauration",2020-03-31,0.000947758514421481,2019-12-31,-0.329368517252892,1393
"ACP + Kalman","Hébergement-restauration",2020-03-31,-0.00627306864095154,2019-12-31,-0.329368517252892,1393
"ridge + AR + Kalman","Hébergement-restauration",2020-03-31,-0.0164587877519449,2019-12-31,-0.329368517252892,1393
"1+4 + Kalman","Information-communication",2020-03-31,,,0.0419599960536452,1393
"ACP + Kalman","Information-communication",2020-03-31,0.00463515934082974,2019-12-31,0.0419599960536452,1393
"ridge + AR + Kalman","Information-communication",2020-03-31,0.0126496351425763,2019-12-31,0.0419599960536452,1393
"1+4 + Kalman","Finances et assurances",2020-03-31,0.00501686340484693,2019-12-31,-0.0212114526144092,1393
"ACP + Kalman","Finances et assurances",2020-03-31,0.00367857013175944,2019-12-31,-0.0212114526144092,1393
"ridge + AR + Kalman","Finances et assurances",2020-03-31,0.00706213770747677,2019-12-31,-0.0212114526144092,1393
"1+4 + Kalman","Immobilier",2020-03-31,0.00483722559154723,2019-12-31,-0.0121506955111226,1393
"ACP + Kalman","Immobilier",2020-03-31,0.00550886887493653,2019-12-31,-0.0121506955111226,1393
"ridge + AR + Kalman","Immobilier",2020-03-31,0.00514308004213103,2019-12-31,-0.0121506955111226,1393
"1+4 + Kalman","Agriculture",2020-06-30,,,0.00964980812139338,1404
"ACP + Kalman","Agriculture",2020-06-30,-0.00413346168349362,2020-03-31,0.00964980812139338,1404
"ridge + AR + Kalman","Agriculture",2020-06-30,0.00296958209477015,2020-03-31,0.00964980812139338,1404
"1+4 + Kalman","Pêche",2020-06-30,-0.0665605119717875,2020-03-31,-0.182744294243855,1404
"ACP + Kalman","Pêche",2020-06-30,,,-0.182744294243855,1404
"ridge + AR + Kalman","Pêche",2020-06-30,-0.0873172549672253,2020-03-31,-0.182744294243855,1404
"1+4 + Kalman","Industrie d'extraction",2020-06-30,,,0.0237324718357801,1404
"ACP + Kalman","Industrie d'extraction",2020-06-30,0.00558412768159172,2020-03-31,0.0237324718357801,1404
"ridge + AR + Kalman","Industrie d'extraction",2020-06-30,0.00652898103185319,2020-03-31,0.0237324718357801,1404
"1+4 + Kalman","Industrie de transformation",2020-06-30,-0.00766482479110425,2020-03-31,-0.213797918505946,1404
"ACP + Kalman","Industrie de transformation",2020-06-30,0.000755880226631319,2020-03-31,-0.213797918505946,1404
"ridge + AR + Kalman","Industrie de transformation",2020-06-30,0.00446853013603934,2020-03-31,-0.213797918505946,1404
"1+4 + Kalman","Électricité, gaz, eau",2020-06-30,0.00466964808220938,2020-03-31,-0.0970147629221021,1404
"ACP + Kalman","Électricité, gaz, eau",2020-06-30,0.00103242813302882,2020-03-31,-0.0970147629221021,1404
"ridge + AR + Kalman","Électricité, gaz, eau",2020-06-30,0.0128368223665148,2020-03-31,-0.0970147629221021,1404
"1+4 + Kalman","Construction",2020-06-30,,,-0.102776372819593,1404
"ACP + Kalman","Construction",2020-06-30,0.014708140154716,2020-03-31,-0.102776372819593,1404
"ridge + AR + Kalman","Construction",2020-06-30,0.00342468710533795,2020-03-31,-0.102776372819593,1404
"1+4 + Kalman","Commerce",2020-06-30,-0.0123995887994069,2020-03-31,-0.150671734390357,1404
"ACP + Kalman","Commerce",2020-06-30,0.00101999775158994,2020-03-31,-0.150671734390357,1404
"ridge + AR + Kalman","Commerce",2020-06-30,-0.00134202175000779,2020-03-31,-0.150671734390357,1404
"1+4 + Kalman","Transports",2020-06-30,,,-0.501094849125378,1404
"ACP + Kalman","Transports",2020-06-30,0.00668269978849999,2020-03-31,-0.501094849125378,1404
"ridge + AR + Kalman","Transports",2020-06-30,0.00481286248931477,2020-03-31,-0.501094849125378,1404
"1+4 + Kalman","Hébergement-restauration",2020-06-30,-0.817338392307201,2020-03-31,-0.857041072981717,1404
"ACP + Kalman","Hébergement-restauration",2020-06-30,-0.974605580982018,2020-03-31,-0.857041072981717,1404
"ridge + AR + Kalman","Hébergement-restauration",2020-06-30,-1.17450358696764,2020-03-31,-0.857041072981717,1404
"1+4 + Kalman","Information-communication",2020-06-30,,,-0.0210436716728193,1404
"ACP + Kalman","Information-communication",2020-06-30,0.00951403310731308,2020-03-31,-0.0210436716728193,1404
"ridge + AR + Kalman","Information-communication",2020-06-30,0.0100448219142845,2020-03-31,-0.0210436716728193,1404
"1+4 + Kalman","Finances et assurances",2020-06-30,0.0159828628865533,2020-03-31,0.0113083327777996,1404
"ACP + Kalman","Finances et assurances",2020-06-30,0.00972543779842974,2020-03-31,0.0113083327777996,1404
"ridge + AR + Kalman","Finances et assurances",2020-06-30,0.0139340771952344,2020-03-31,0.0113083327777996,1404
"1+4 + Kalman","Immobilier",2020-06-30,0.00404406890585376,2020-03-31,0.00154778434759706,1404
"ACP + Kalman","Immobilier",2020-06-30,0.00729259041508887,2020-03-31,0.00154778434759706,1404
"ridge + AR + Kalman","Immobilier",2020-06-30,0.00471575465180166,2020-03-31,0.00154778434759706,1404
"1+4 + Kalman","Agriculture",2020-09-30,,,-0.0341340216865049,1547
"ACP + Kalman","Agriculture",2020-09-30,-0.0115028655172795,2020-06-30,-0.0341340216865049,1547
"ridge + AR + Kalman","Agriculture",2020-09-30,0.00635916295729499,2020-06-30,-0.0341340216865049,1547
"1+4 + Kalman","Pêche",2020-09-30,0.1206650925433,2020-06-30,0.449867423442043,1547
"ACP + Kalman","Pêche",2020-09-30,,,0.449867423442043,1547
"ridge + AR + Kalman","Pêche",2020-09-30,0.103168996711137,2020-06-30,0.449867423442043,1547
"1+4 + Kalman","Industrie d'extraction",2020-09-30,0.0100569597788371,2020-06-30,-0.0110758122366672,1547
"ACP + Kalman","Industrie d'extraction",2020-09-30,0.00683321672473887,2020-06-30,-0.0110758122366672,1547
"ridge + AR + Kalman","Industrie d'extraction",2020-09-30,0.00420796039359533,2020-06-30,-0.0110758122366672,1547
"1+4 + Kalman","Industrie de transformation",2020-09-30,0.0778783670981387,2020-06-30,0.176609534773862,1547
"ACP + Kalman","Industrie de transformation",2020-09-30,-0.0427594508342092,2020-06-30,0.176609534773862,1547
"ridge + AR + Kalman","Industrie de transformation",2020-09-30,0.0439832592089601,2020-06-30,0.176609534773862,1547
"1+4 + Kalman","Électricité, gaz, eau",2020-09-30,0.0117692168712812,2020-06-30,0.114417799543279,1547
"ACP + Kalman","Électricité, gaz, eau",2020-09-30,0.0604124963839694,2020-06-30,0.114417799543279,1547
"ridge + AR + Kalman","Électricité, gaz, eau",2020-09-30,0.110430612292804,2020-06-30,0.114417799543279,1547
"1+4 + Kalman","Construction",2020-09-30,,,0.0356201479127147,1547
"ACP + Kalman","Construction",2020-09-30,0.00905906737586163,2020-06-30,0.0356201479127147,1547
"ridge + AR + Kalman","Construction",2020-09-30,-0.0205700339012752,2020-06-30,0.0356201479127147,1547
"1+4 + Kalman","Commerce",2020-09-30,0.00587794551800452,2020-06-30,0.108126994394249,1547
"ACP + Kalman","Commerce",2020-09-30,-0.023145933386976,2020-06-30,0.108126994394249,1547
"ridge + AR + Kalman","Commerce",2020-09-30,0.00824685445851073,2020-06-30,0.108126994394249,1547
"1+4 + Kalman","Transports",2020-09-30,0.0152791757980261,2020-06-30,0.125969152849114,1547
"ACP + Kalman","Transports",2020-09-30,-0.0130955655213649,2020-06-30,0.125969152849114,1547
"ridge + AR + Kalman","Transports",2020-09-30,-0.0725709917287014,2020-06-30,0.125969152849114,1547
"1+4 + Kalman","Hébergement-restauration",2020-09-30,1.05418007774149,2020-06-30,0.152814674284517,1547
"ACP + Kalman","Hébergement-restauration",2020-09-30,0.181707359743716,2020-06-30,0.152814674284517,1547
"ridge + AR + Kalman","Hébergement-restauration",2020-09-30,1.26563226271802,2020-06-30,0.152814674284517,1547
"1+4 + Kalman","Information-communication",2020-09-30,,,-0.00204975173975619,1547
"ACP + Kalman","Information-communication",2020-09-30,-0.00140763353140967,2020-06-30,-0.00204975173975619,1547
"ridge + AR + Kalman","Information-communication",2020-09-30,0.00736969244221204,2020-06-30,-0.00204975173975619,1547
"1+4 + Kalman","Finances et assurances",2020-09-30,0.00895724386923676,2020-06-30,0.00678756570547989,1547
"ACP + Kalman","Finances et assurances",2020-09-30,0.00988409649881278,2020-06-30,0.00678756570547989,1547
"ridge + AR + Kalman","Finances et assurances",2020-09-30,0.00616128780737976,2020-06-30,0.00678756570547989,1547
"1+4 + Kalman","Immobilier",2020-09-30,0.00631427151437443,2020-06-30,0.00248862454064991,1547
"ACP + Kalman","Immobilier",2020-09-30,0.00573528090506801,2020-06-30,0.00248862454064991,1547
"ridge + AR + Kalman","Immobilier",2020-09-30,0.00397362113098972,2020-06-30,0.00248862454064991,1547
"1+4 + Kalman","Agriculture",2020-12-31,,,-0.00972120420603417,1547
"ACP + Kalman","Agriculture",2020-12-31,-0.0159856686555026,2020-09-30,-0.00972120420603417,1547
"ridge + AR + Kalman","Agriculture",2020-12-31,0.0017567051265863,2020-09-30,-0.00972120420603417,1547
"1+4 + Kalman","Pêche",2020-12-31,-0.331249133469498,2019-12-31,-0.549113253084071,1547
"ACP + Kalman","Pêche",2020-12-31,,,-0.549113253084071,1547
"ridge + AR + Kalman","Pêche",2020-12-31,-0.269328976237646,2020-09-30,-0.549113253084071,1547
"1+4 + Kalman","Industrie d'extraction",2020-12-31,0.00780535229084078,2020-09-30,0.0282365373459843,1547
"ACP + Kalman","Industrie d'extraction",2020-12-31,0.00703409579607815,2020-09-30,0.0282365373459843,1547
"ridge + AR + Kalman","Industrie d'extraction",2020-12-31,0.0086097754157224,2020-09-30,0.0282365373459843,1547
"1+4 + Kalman","Industrie de transformation",2020-12-31,-0.0043646885269907,2020-09-30,-0.00858663289649719,1547
"ACP + Kalman","Industrie de transformation",2020-12-31,0.0165965980101343,2020-09-30,-0.00858663289649719,1547
"ridge + AR + Kalman","Industrie de transformation",2020-12-31,-0.19057132731548,2020-09-30,-0.00858663289649719,1547
"1+4 + Kalman","Électricité, gaz, eau",2020-12-31,-0.00538411222288004,2020-09-30,-0.016022429172736,1547
"ACP + Kalman","Électricité, gaz, eau",2020-12-31,0.0350323879020724,2020-09-30,-0.016022429172736,1547
"ridge + AR + Kalman","Électricité, gaz, eau",2020-12-31,0.00682574790111774,2020-09-30,-0.016022429172736,1547
"1+4 + Kalman","Construction",2020-12-31,,,0.072642691639901,1547
"ACP + Kalman","Construction",2020-12-31,0.0069231376696101,2020-09-30,0.072642691639901,1547
"ridge + AR + Kalman","Construction",2020-12-31,-0.000424639002833922,2020-09-30,0.072642691639901,1547
"1+4 + Kalman","Commerce",2020-12-31,-0.0698127803000474,2020-09-30,0.020045836468638,1547
"ACP + Kalman","Commerce",2020-12-31,0.00854652198992603,2020-09-30,0.020045836468638,1547
"ridge + AR + Kalman","Commerce",2020-12-31,-0.0694457109070406,2020-09-30,0.020045836468638,1547
"1+4 + Kalman","Transports",2020-12-31,-0.0712753917406442,2020-09-30,0.122566805849722,1547
"ACP + Kalman","Transports",2020-12-31,-0.0174916532220288,2020-09-30,0.122566805849722,1547
"ridge + AR + Kalman","Transports",2020-12-31,-0.0392916141210831,2020-09-30,0.122566805849722,1547
"1+4 + Kalman","Hébergement-restauration",2020-12-31,0.292240412561478,2020-09-30,0.184991785349833,1547
"ACP + Kalman","Hébergement-restauration",2020-12-31,0.0879061982836997,2020-09-30,0.184991785349833,1547
"ridge + AR + Kalman","Hébergement-restauration",2020-12-31,0.201436822478396,2020-09-30,0.184991785349833,1547
"1+4 + Kalman","Information-communication",2020-12-31,,,0.0411703029645043,1547
"ACP + Kalman","Information-communication",2020-12-31,-0.00304602192849518,2020-09-30,0.0411703029645043,1547
"ridge + AR + Kalman","Information-communication",2020-12-31,0.0063146058968493,2020-09-30,0.0411703029645043,1547
"1+4 + Kalman","Finances et assurances",2020-12-31,0.00695798974416917,2020-09-30,0.0114494849451461,1547
"ACP + Kalman","Finances et assurances",2020-12-31,0.00754540138059334,2020-09-30,0.0114494849451461,1547
"ridge + AR + Kalman","Finances et assurances",2020-12-31,0.00671760263368025,2020-09-30,0.0114494849451461,1547
"1+4 + Kalman","Immobilier",2020-12-31,0.00511589096128717,2020-09-30,0.00250256303301022,1547
"ACP + Kalman","Immobilier",2020-12-31,0.00193916192397656,2020-09-30,0.00250256303301022,1547
"ridge + AR + Kalman","Immobilier",2020-12-31,0.00397717545360276,2020-09-30,0.00250256303301022,1547
"1+4 + Kalman","Agriculture",2021-03-31,,,0.198088349077135,1547
"ACP + Kalman","Agriculture",2021-03-31,0.00730455561809235,2020-12-31,0.198088349077135,1547
"ridge + AR + Kalman","Agriculture",2021-03-31,0.0023438354135866,2020-12-31,0.198088349077135,1547
"1+4 + Kalman","Pêche",2021-03-31,0.418725796935837,2020-12-31,0.301831328865735,1547
"ACP + Kalman","Pêche",2021-03-31,,,0.301831328865735,1547
"ridge + AR + Kalman","Pêche",2021-03-31,0.478641036304611,2020-12-31,0.301831328865735,1547
"1+4 + Kalman","Industrie d'extraction",2021-03-31,0.0139330121585699,2020-12-31,0.0506515529548963,1547
"ACP + Kalman","Industrie d'extraction",2021-03-31,0.00460372108932028,2020-12-31,0.0506515529548963,1547
"ridge + AR + Kalman","Industrie d'extraction",2021-03-31,0.00177577307568192,2020-12-31,0.0506515529548963,1547
"1+4 + Kalman","Industrie de transformation",2021-03-31,0.0354347004080008,2020-12-31,0.0682885003101887,1547
"ACP + Kalman","Industrie de transformation",2021-03-31,0.0098059643724338,2020-12-31,0.0682885003101887,1547
"ridge + AR + Kalman","Industrie de transformation",2021-03-31,-0.0122137465075735,2020-12-31,0.0682885003101887,1547
"1+4 + Kalman","Électricité, gaz, eau",2021-03-31,-0.0231608095654658,2020-12-31,0.0217529032326009,1547
"ACP + Kalman","Électricité, gaz, eau",2021-03-31,0.00228377012253262,2020-12-31,0.0217529032326009,1547
"ridge + AR + Kalman","Électricité, gaz, eau",2021-03-31,0.012062530079573,2020-12-31,0.0217529032326009,1547
"1+4 + Kalman","Construction",2021-03-31,0.0187709656978619,2020-12-31,-0.00494022963371066,1547
"ACP + Kalman","Construction",2021-03-31,0.000271078928327025,2020-12-31,-0.00494022963371066,1547
"ridge + AR + Kalman","Construction",2021-03-31,0.00677960210654663,2020-12-31,-0.00494022963371066,1547
"1+4 + Kalman","Commerce",2021-03-31,-0.0164711260095984,2020-12-31,0.0273111173838672,1547
"ACP + Kalman","Commerce",2021-03-31,0.000978303019690424,2020-12-31,0.0273111173838672,1547
"ridge + AR + Kalman","Commerce",2021-03-31,0.0529051592638402,2020-12-31,0.0273111173838672,1547
"1+4 + Kalman","Transports",2021-03-31,0.00695792252555772,2020-12-31,0.0562033294168316,1547
"ACP + Kalman","Transports",2021-03-31,-0.00910577015380903,2020-12-31,0.0562033294168316,1547
"ridge + AR + Kalman","Transports",2021-03-31,-0.0246304109555549,2020-12-31,0.0562033294168316,1547
"1+4 + Kalman","Hébergement-restauration",2021-03-31,-0.0257631089378497,2020-12-31,0.108593379555545,1547
"ACP + Kalman","Hébergement-restauration",2021-03-31,-0.13616814964331,2020-12-31,0.108593379555545,1547
"ridge + AR + Kalman","Hébergement-restauration",2021-03-31,-0.00636734592329412,2020-12-31,0.108593379555545,1547
"1+4 + Kalman","Information-communication",2021-03-31,,,-0.0536933298258049,1547
"ACP + Kalman","Information-communication",2021-03-31,0.0191371141341113,2020-12-31,-0.0536933298258049,1547
"ridge + AR + Kalman","Information-communication",2021-03-31,0.00583323286028471,2020-12-31,-0.0536933298258049,1547
"1+4 + Kalman","Finances et assurances",2021-03-31,0.00467702057470433,2020-12-31,-0.00739307250548649,1547
"ACP + Kalman","Finances et assurances",2021-03-31,0.00862741008393847,2020-12-31,-0.00739307250548649,1547
"ridge + AR + Kalman","Finances et assurances",2021-03-31,0.00575551596796479,2020-12-31,-0.00739307250548649,1547
"1+4 + Kalman","Immobilier",2021-03-31,0.00490094834635234,2020-12-31,0.0186980933413192,1547
"ACP + Kalman","Immobilier",2021-03-31,0.00348029857367909,2020-12-31,0.0186980933413192,1547
"ridge + AR + Kalman","Immobilier",2021-03-31,0.0037705035859976,2020-12-31,0.0186980933413192,1547
"1+4 + Kalman","Agriculture",2021-06-30,,,0.00736929305629452,1569
"ACP + Kalman","Agriculture",2021-06-30,0.0202472165689972,2021-03-31,0.00736929305629452,1569
"ridge + AR + Kalman","Agriculture",2021-06-30,0.014618924029684,2021-03-31,0.00736929305629452,1569
"1+4 + Kalman","Pêche",2021-06-30,-0.280278120672935,2021-03-31,0.086451616600093,1569
"ACP + Kalman","Pêche",2021-06-30,,,0.086451616600093,1569
"ridge + AR + Kalman","Pêche",2021-06-30,-0.234471623027358,2021-03-31,0.086451616600093,1569
"1+4 + Kalman","Industrie d'extraction",2021-06-30,0.0110258321453995,2021-03-31,-0.0120026798414088,1569
"ACP + Kalman","Industrie d'extraction",2021-06-30,0.0110087010930924,2021-03-31,-0.0120026798414088,1569
"ridge + AR + Kalman","Industrie d'extraction",2021-06-30,0.00242844604353787,2021-03-31,-0.0120026798414088,1569
"1+4 + Kalman","Industrie de transformation",2021-06-30,-0.122887286507131,2021-03-31,-0.0226087358268856,1569
"ACP + Kalman","Industrie de transformation",2021-06-30,0.0119827443429663,2021-03-31,-0.0226087358268856,1569
"ridge + AR + Kalman","Industrie de transformation",2021-06-30,-0.00908590116470814,2021-03-31,-0.0226087358268856,1569
"1+4 + Kalman","Électricité, gaz, eau",2021-06-30,0.0227603645776024,2021-03-31,0.0253032608158232,1569
"ACP + Kalman","Électricité, gaz, eau",2021-06-30,0.00298207327172782,2021-03-31,0.0253032608158232,1569
"ridge + AR + Kalman","Électricité, gaz, eau",2021-06-30,-0.00781485600982253,2021-03-31,0.0253032608158232,1569
"1+4 + Kalman","Construction",2021-06-30,0.00765446693206677,2021-03-31,-0.00250132109599832,1569
"ACP + Kalman","Construction",2021-06-30,0.00208026159779519,2021-03-31,-0.00250132109599832,1569
"ridge + AR + Kalman","Construction",2021-06-30,0.00392714476443053,2021-03-31,-0.00250132109599832,1569
"1+4 + Kalman","Commerce",2021-06-30,-0.00967077648634919,2021-03-31,0.00987582878233084,1569
"ACP + Kalman","Commerce",2021-06-30,0.00123496399196854,2021-03-31,0.00987582878233084,1569
"ridge + AR + Kalman","Commerce",2021-06-30,0.015957214077914,2021-03-31,0.00987582878233084,1569
"1+4 + Kalman","Transports",2021-06-30,-0.0158576165604305,2021-03-31,0.000731330783699136,1569
"ACP + Kalman","Transports",2021-06-30,-0.0110823794640494,2021-03-31,0.000731330783699136,1569
"ridge + AR + Kalman","Transports",2021-06-30,-0.0102403784560879,2021-03-31,0.000731330783699136,1569
"1+4 + Kalman","Hébergement-restauration",2021-06-30,0.133946752023252,2021-03-31,0.0325203058080987,1569
"ACP + Kalman","Hébergement-restauration",2021-06-30,-0.0602822873760998,2021-03-31,0.0325203058080987,1569
"ridge + AR + Kalman","Hébergement-restauration",2021-06-30,0.116644685544512,2021-03-31,0.0325203058080987,1569
"1+4 + Kalman","Information-communication",2021-06-30,,,0.00186143113149839,1569
"ACP + Kalman","Information-communication",2021-06-30,0.00107642655114782,2021-03-31,0.00186143113149839,1569
"ridge + AR + Kalman","Information-communication",2021-06-30,0.0139840884932348,2021-03-31,0.00186143113149839,1569
"1+4 + Kalman","Finances et assurances",2021-06-30,0.0145258886560461,2021-03-31,0.0281576114642981,1569
"ACP + Kalman","Finances et assurances",2021-06-30,0.0139108726863507,2021-03-31,0.0281576114642981,1569
"ridge + AR + Kalman","Finances et assurances",2021-06-30,0.0107067195154289,2021-03-31,0.0281576114642981,1569
"1+4 + Kalman","Immobilier",2021-06-30,0.00976650425687668,2021-03-31,0.00589086653339521,1569
"ACP + Kalman","Immobilier",2021-06-30,0.00544061739716708,2021-03-31,0.00589086653339521,1569
"ridge + AR + Kalman","Immobilier",2021-06-30,0.00507219482835495,2021-03-31,0.00589086653339521,1569
"1+4 + Kalman","Agriculture",2021-09-30,,,-0.00217917484074093,1570
"ACP + Kalman","Agriculture",2021-09-30,0.00443257410765194,2021-06-30,-0.00217917484074093,1570
"ridge + AR + Kalman","Agriculture",2021-09-30,0.00595552126261505,2021-06-30,-0.00217917484074093,1570
"1+4 + Kalman","Pêche",2021-09-30,0.00422167829117137,2021-06-30,-0.0880960598262783,1570
"ACP + Kalman","Pêche",2021-09-30,,,-0.0880960598262783,1570
"ridge + AR + Kalman","Pêche",2021-09-30,-0.0509142796871351,2021-06-30,-0.0880960598262783,1570
"1+4 + Kalman","Industrie d'extraction",2021-09-30,0.0212271330819328,2021-06-30,0.0223534844760689,1570
"ACP + Kalman","Industrie d'extraction",2021-09-30,-0.00154003051211506,2021-06-30,0.0223534844760689,1570
"ridge + AR + Kalman","Industrie d'extraction",2021-09-30,0.0127329140338078,2021-06-30,0.0223534844760689,1570
"1+4 + Kalman","Industrie de transformation",2021-09-30,0.0124048124063025,2021-06-30,0.0119171102444078,1570
"ACP + Kalman","Industrie de transformation",2021-09-30,0.0042107669353301,2021-06-30,0.0119171102444078,1570
"ridge + AR + Kalman","Industrie de transformation",2021-09-30,0.0218841064732164,2021-06-30,0.0119171102444078,1570
"1+4 + Kalman","Électricité, gaz, eau",2021-09-30,0.0476712660366376,2021-06-30,0.0158724557012508,1570
"ACP + Kalman","Électricité, gaz, eau",2021-09-30,0.00820259798157117,2021-06-30,0.0158724557012508,1570
"ridge + AR + Kalman","Électricité, gaz, eau",2021-09-30,0.0286229359695651,2021-06-30,0.0158724557012508,1570
"1+4 + Kalman","Construction",2021-09-30,0.00772655394280605,2021-06-30,0.0107028535882208,1570
"ACP + Kalman","Construction",2021-09-30,0.00314318525374149,2021-06-30,0.0107028535882208,1570
"ridge + AR + Kalman","Construction",2021-09-30,0.00361834414783959,2021-06-30,0.0107028535882208,1570
"1+4 + Kalman","Commerce",2021-09-30,0.0154600051942061,2021-06-30,0.0199199534821144,1570
"ACP + Kalman","Commerce",2021-09-30,0.0174511669980364,2021-06-30,0.0199199534821144,1570
"ridge + AR + Kalman","Commerce",2021-09-30,0.0317981344052439,2021-06-30,0.0199199534821144,1570
"1+4 + Kalman","Transports",2021-09-30,0.00965921968721876,2021-06-30,0.0731279057345535,1570
"ACP + Kalman","Transports",2021-09-30,-0.00288790704779437,2021-06-30,0.0731279057345535,1570
"ridge + AR + Kalman","Transports",2021-09-30,-0.00343076820490392,2021-06-30,0.0731279057345535,1570
"1+4 + Kalman","Hébergement-restauration",2021-09-30,0.159586524872894,2021-06-30,0.0912570059284388,1570
"ACP + Kalman","Hébergement-restauration",2021-09-30,0.151442876627651,2021-06-30,0.0912570059284388,1570
"ridge + AR + Kalman","Hébergement-restauration",2021-09-30,0.0764777202599112,2021-06-30,0.0912570059284388,1570
"1+4 + Kalman","Information-communication",2021-09-30,,,0.00942302584054922,1570
"ACP + Kalman","Information-communication",2021-09-30,-0.000562943573083588,2021-06-30,0.00942302584054922,1570
"ridge + AR + Kalman","Information-communication",2021-09-30,0.00634283676714367,2021-06-30,0.00942302584054922,1570
"1+4 + Kalman","Finances et assurances",2021-09-30,0.00398711678353411,2021-06-30,0.00585438399346749,1570
"ACP + Kalman","Finances et assurances",2021-09-30,0.00458391540848096,2021-06-30,0.00585438399346749,1570
"ridge + AR + Kalman","Finances et assurances",2021-09-30,0.00329995298268631,2021-06-30,0.00585438399346749,1570
"1+4 + Kalman","Immobilier",2021-09-30,0.00584539169850165,2021-06-30,0.00489489217388339,1570
"ACP + Kalman","Immobilier",2021-09-30,0.00196754144570691,2021-06-30,0.00489489217388339,1570
"ridge + AR + Kalman","Immobilier",2021-09-30,0.00462799133494003,2021-06-30,0.00489489217388339,1570
"1+4 + Kalman","Agriculture",2021-12-31,,,-0.00946965224747842,1571
"ACP + Kalman","Agriculture",2021-12-31,-0.0229222663473294,2021-09-30,-0.00946965224747842,1571
"ridge + AR + Kalman","Agriculture",2021-12-31,0.00503618257942008,2021-09-30,-0.00946965224747842,1571
"1+4 + Kalman","Pêche",2021-12-31,-0.00702855323524938,2021-09-30,0.102924635387614,1571
"ACP + Kalman","Pêche",2021-12-31,,,0.102924635387614,1571
"ridge + AR + Kalman","Pêche",2021-12-31,0.0775208768449577,2021-09-30,0.102924635387614,1571
"1+4 + Kalman","Industrie d'extraction",2021-12-31,0.0147062945994829,2021-09-30,-0.0143497716369634,1571
"ACP + Kalman","Industrie d'extraction",2021-12-31,0.0160465513750372,2021-09-30,-0.0143497716369634,1571
"ridge + AR + Kalman","Industrie d'extraction",2021-12-31,0.00654887042837845,2021-09-30,-0.0143497716369634,1571
"1+4 + Kalman","Industrie de transformation",2021-12-31,0.138623804435769,2021-09-30,0.0157395324071921,1571
"ACP + Kalman","Industrie de transformation",2021-12-31,0.0275163865452325,2021-09-30,0.0157395324071921,1571
"ridge + AR + Kalman","Industrie de transformation",2021-12-31,-0.0190523517776519,2021-09-30,0.0157395324071921,1571
"1+4 + Kalman","Électricité, gaz, eau",2021-12-31,-0.0269028161979917,2021-09-30,0.0138196358846692,1571
"ACP + Kalman","Électricité, gaz, eau",2021-12-31,-0.0254865212100142,2021-09-30,0.0138196358846692,1571
"ridge + AR + Kalman","Électricité, gaz, eau",2021-12-31,-0.05737040294525,2021-09-30,0.0138196358846692,1571
"1+4 + Kalman","Construction",2021-12-31,0.0117032081723566,2021-09-30,0.00772099252970015,1571
"ACP + Kalman","Construction",2021-12-31,0.0129658409501896,2021-09-30,0.00772099252970015,1571
"ridge + AR + Kalman","Construction",2021-12-31,0.00415143087543507,2021-09-30,0.00772099252970015,1571
"1+4 + Kalman","Commerce",2021-12-31,0.0263944075754338,2021-09-30,0.0158034521479156,1571
"ACP + Kalman","Commerce",2021-12-31,0.0214937014671022,2021-09-30,0.0158034521479156,1571
"ridge + AR + Kalman","Commerce",2021-12-31,0.0501748281261539,2021-09-30,0.0158034521479156,1571
"1+4 + Kalman","Transports",2021-12-31,0.164199001789355,2021-09-30,-0.0243022849728511,1571
"ACP + Kalman","Transports",2021-12-31,0.0476241608899341,2021-09-30,-0.0243022849728511,1571
"ridge + AR + Kalman","Transports",2021-12-31,-0.0101119248847483,2021-09-30,-0.0243022849728511,1571
"1+4 + Kalman","Hébergement-restauration",2021-12-31,-0.00968554446217694,2021-09-30,0.0662513211980329,1571
"ACP + Kalman","Hébergement-restauration",2021-12-31,-0.125827856612992,2021-09-30,0.0662513211980329,1571
"ridge + AR + Kalman","Hébergement-restauration",2021-12-31,-0.0356815351474887,2021-09-30,0.0662513211980329,1571
"1+4 + Kalman","Information-communication",2021-12-31,,,0.0317145043040412,1571
"ACP + Kalman","Information-communication",2021-12-31,-0.00203451677676292,2021-09-30,0.0317145043040412,1571
"ridge + AR + Kalman","Information-communication",2021-12-31,0.00536325015581411,2021-09-30,0.0317145043040412,1571
"1+4 + Kalman","Finances et assurances",2021-12-31,0.00668241218839003,2021-09-30,0.016641170500078,1571
"ACP + Kalman","Finances et assurances",2021-12-31,0.00869121797261224,2021-09-30,0.016641170500078,1571
"ridge + AR + Kalman","Finances et assurances",2021-12-31,0.00847541641483627,2021-09-30,0.016641170500078,1571
"1+4 + Kalman","Immobilier",2021-12-31,0.00689733142577171,2021-09-30,-0.000185568621855481,1571
"ACP + Kalman","Immobilier",2021-12-31,0.00369095363962857,2021-09-30,-0.000185568621855481,1571
"ridge + AR + Kalman","Immobilier",2021-12-31,0.00425649172749581,2021-09-30,-0.000185568621855481,1571
"1+4 + Kalman","Agriculture",2022-03-31,,,-0.106650718690272,1572
"ACP + Kalman","Agriculture",2022-03-31,0.0187211704190341,2021-12-31,-0.106650718690272,1572
"ridge + AR + Kalman","Agriculture",2022-03-31,0.00439715073723464,2021-12-31,-0.106650718690272,1572
"1+4 + Kalman","Pêche",2022-03-31,-0.0521257921022994,2021-12-31,-0.251794115386521,1572
"ACP + Kalman","Pêche",2022-03-31,,,-0.251794115386521,1572
"ridge + AR + Kalman","Pêche",2022-03-31,-0.0628155172875538,2021-12-31,-0.251794115386521,1572
"1+4 + Kalman","Industrie d'extraction",2022-03-31,-0.00557864843376897,2021-12-31,-0.138625872821352,1572
"ACP + Kalman","Industrie d'extraction",2022-03-31,0.0113100551427941,2021-12-31,-0.138625872821352,1572
"ridge + AR + Kalman","Industrie d'extraction",2022-03-31,0.0127904996833183,2021-12-31,-0.138625872821352,1572
"1+4 + Kalman","Industrie de transformation",2022-03-31,-0.113230386825568,2021-12-31,-0.00935236645143078,1572
"ACP + Kalman","Industrie de transformation",2022-03-31,0.000773843353518291,2021-12-31,-0.00935236645143078,1572
"ridge + AR + Kalman","Industrie de transformation",2022-03-31,0.0143094975093544,2021-12-31,-0.00935236645143078,1572
"1+4 + Kalman","Électricité, gaz, eau",2022-03-31,0.00342249118963414,2021-12-31,-0.0635858178619184,1572
"ACP + Kalman","Électricité, gaz, eau",2022-03-31,0.00719969335418122,2021-12-31,-0.0635858178619184,1572
"ridge + AR + Kalman","Électricité, gaz, eau",2022-03-31,0.0469222504876167,2021-12-31,-0.0635858178619184,1572
"1+4 + Kalman","Construction",2022-03-31,0.00662385717477592,2021-12-31,-0.026866287683136,1572
"ACP + Kalman","Construction",2022-03-31,-0.00376746012971141,2021-12-31,-0.026866287683136,1572
"ridge + AR + Kalman","Construction",2022-03-31,0.000951837460794282,2021-12-31,-0.026866287683136,1572
"1+4 + Kalman","Commerce",2022-03-31,0.059577017921333,2021-12-31,-0.0348034749137724,1572
"ACP + Kalman","Commerce",2022-03-31,0.0469990458510722,2021-12-31,-0.0348034749137724,1572
"ridge + AR + Kalman","Commerce",2022-03-31,0.0660497808291845,2021-12-31,-0.0348034749137724,1572
"1+4 + Kalman","Transports",2022-03-31,,,-0.0184384391565189,1572
"ACP + Kalman","Transports",2022-03-31,-0.0263290575562886,2021-12-31,-0.0184384391565189,1572
"ridge + AR + Kalman","Transports",2022-03-31,0.000968816598609305,2021-12-31,-0.0184384391565189,1572
"1+4 + Kalman","Hébergement-restauration",2022-03-31,-0.0134155973162077,2021-12-31,0.172069210996341,1572
"ACP + Kalman","Hébergement-restauration",2022-03-31,-0.0113223318063566,2021-12-31,0.172069210996341,1572
"ridge + AR + Kalman","Hébergement-restauration",2022-03-31,-0.0120149996195395,2021-12-31,0.172069210996341,1572
"1+4 + Kalman","Information-communication",2022-03-31,,,0.00597454514787366,1572
"ACP + Kalman","Information-communication",2022-03-31,0.00246893696673944,2021-12-31,0.00597454514787366,1572
"ridge + AR + Kalman","Information-communication",2022-03-31,0.00349649166240233,2021-12-31,0.00597454514787366,1572
"1+4 + Kalman","Finances et assurances",2022-03-31,0.00423202229119188,2021-12-31,0.0414257987284206,1572
"ACP + Kalman","Finances et assurances",2022-03-31,0.0119960953862092,2021-12-31,0.0414257987284206,1572
"ridge + AR + Kalman","Finances et assurances",2022-03-31,0.00610437856490782,2021-12-31,0.0414257987284206,1572
"1+4 + Kalman","Immobilier",2022-03-31,0.00559434596054119,2021-12-31,-0.00613333557758722,1572
"ACP + Kalman","Immobilier",2022-03-31,0.0021126639214728,2021-12-31,-0.00613333557758722,1572
"ridge + AR + Kalman","Immobilier",2022-03-31,0.00385850526139666,2021-12-31,-0.00613333557758722,1572
"1+4 + Kalman","Agriculture",2022-06-30,,,-0.00714754922684868,1573
"ACP + Kalman","Agriculture",2022-06-30,0.0208028519478028,2022-03-31,-0.00714754922684868,1573
"ridge + AR + Kalman","Agriculture",2022-06-30,0.00204202152369258,2022-03-31,-0.00714754922684868,1573
"1+4 + Kalman","Pêche",2022-06-30,0.241739688884429,2022-03-31,0.0309075374630767,1573
"ACP + Kalman","Pêche",2022-06-30,,,0.0309075374630767,1573
"ridge + AR + Kalman","Pêche",2022-06-30,0.211591515088643,2022-03-31,0.0309075374630767,1573
"1+4 + Kalman","Industrie d'extraction",2022-06-30,-0.00901996839655566,2022-03-31,-0.0689421152185421,1573
"ACP + Kalman","Industrie d'extraction",2022-06-30,0.0169811273043813,2022-03-31,-0.0689421152185421,1573
"ridge + AR + Kalman","Industrie d'extraction",2022-06-30,0.0121589109308935,2022-03-31,-0.0689421152185421,1573
"1+4 + Kalman","Industrie de transformation",2022-06-30,0.00478174402452832,2022-03-31,0.0265199585031901,1573
"ACP + Kalman","Industrie de transformation",2022-06-30,0.000539987329004541,2022-03-31,0.0265199585031901,1573
"ridge + AR + Kalman","Industrie de transformation",2022-06-30,0.10458529704383,2022-03-31,0.0265199585031901,1573
"1+4 + Kalman","Électricité, gaz, eau",2022-06-30,0.0152087918649572,2022-03-31,0.00902096583624079,1573
"ACP + Kalman","Électricité, gaz, eau",2022-06-30,-0.028312164517182,2022-03-31,0.00902096583624079,1573
"ridge + AR + Kalman","Électricité, gaz, eau",2022-06-30,0.0387920832162381,2022-03-31,0.00902096583624079,1573
"1+4 + Kalman","Construction",2022-06-30,0.00104414084882438,2022-03-31,-0.0038148328637746,1573
"ACP + Kalman","Construction",2022-06-30,-0.00162922227242987,2022-03-31,-0.0038148328637746,1573
"ridge + AR + Kalman","Construction",2022-06-30,-0.00400674166909066,2022-03-31,-0.0038148328637746,1573
"1+4 + Kalman","Commerce",2022-06-30,0.065797620587478,2022-03-31,0.007272295596783,1573
"ACP + Kalman","Commerce",2022-06-30,0.00795653637414309,2022-03-31,0.007272295596783,1573
"ridge + AR + Kalman","Commerce",2022-06-30,0.0480877388470169,2022-03-31,0.007272295596783,1573
"1+4 + Kalman","Transports",2022-06-30,,,0.0331947459481938,1573
"ACP + Kalman","Transports",2022-06-30,0.0334759854673325,2022-03-31,0.0331947459481938,1573
"ridge + AR + Kalman","Transports",2022-06-30,-0.000639829961215364,2022-03-31,0.0331947459481938,1573
"1+4 + Kalman","Hébergement-restauration",2022-06-30,0.166673690127308,2022-03-31,0.185682194782517,1573
"ACP + Kalman","Hébergement-restauration",2022-06-30,0.154330538418534,2022-03-31,0.185682194782517,1573
"ridge + AR + Kalman","Hébergement-restauration",2022-06-30,0.177299724525734,2022-03-31,0.185682194782517,1573
"1+4 + Kalman","Information-communication",2022-06-30,0.0152717034866097,2018-09-30,0.00161153463684727,1573
"ACP + Kalman","Information-communication",2022-06-30,0.00141839267584711,2022-03-31,0.00161153463684727,1573
"ridge + AR + Kalman","Information-communication",2022-06-30,0.00698050004015493,2022-03-31,0.00161153463684727,1573
"1+4 + Kalman","Finances et assurances",2022-06-30,0.0109479762412991,2022-03-31,0.031410255383383,1573
"ACP + Kalman","Finances et assurances",2022-06-30,0.0118179940094896,2022-03-31,0.031410255383383,1573
"ridge + AR + Kalman","Finances et assurances",2022-06-30,0.00520167227806456,2022-03-31,0.031410255383383,1573
"1+4 + Kalman","Immobilier",2022-06-30,0.00417710667802774,2022-03-31,0.000982294226966829,1573
"ACP + Kalman","Immobilier",2022-06-30,0.00267356540220507,2022-03-31,0.000982294226966829,1573
"ridge + AR + Kalman","Immobilier",2022-06-30,0.00133275355601939,2022-03-31,0.000982294226966829,1573
"1+4 + Kalman","Agriculture",2022-09-30,,,0.0022277626879923,1577
"ACP + Kalman","Agriculture",2022-09-30,0.00495942423503366,2022-06-30,0.0022277626879923,1577
"ridge + AR + Kalman","Agriculture",2022-09-30,0.00241619137616373,2022-06-30,0.0022277626879923,1577
"1+4 + Kalman","Pêche",2022-09-30,0.174446112346726,2022-06-30,-0.424362348289532,1577
"ACP + Kalman","Pêche",2022-09-30,,,-0.424362348289532,1577
"ridge + AR + Kalman","Pêche",2022-09-30,-0.0180135094300568,2022-06-30,-0.424362348289532,1577
"1+4 + Kalman","Industrie d'extraction",2022-09-30,0.00139285770763875,2022-06-30,-0.0421248811824597,1577
"ACP + Kalman","Industrie d'extraction",2022-09-30,0.00542873554577535,2022-06-30,-0.0421248811824597,1577
"ridge + AR + Kalman","Industrie d'extraction",2022-09-30,-0.0145758640804137,2022-06-30,-0.0421248811824597,1577
"1+4 + Kalman","Industrie de transformation",2022-09-30,0.0518752785170177,2022-06-30,0.00503674468161641,1577
"ACP + Kalman","Industrie de transformation",2022-09-30,-0.0179761321835523,2022-06-30,0.00503674468161641,1577
"ridge + AR + Kalman","Industrie de transformation",2022-09-30,-0.0318180190248016,2022-06-30,0.00503674468161641,1577
"1+4 + Kalman","Électricité, gaz, eau",2022-09-30,0.0180364310412427,2022-06-30,-0.00480416973629261,1577
"ACP + Kalman","Électricité, gaz, eau",2022-09-30,-0.00380843584663806,2022-06-30,-0.00480416973629261,1577
"ridge + AR + Kalman","Électricité, gaz, eau",2022-09-30,0.00490562257322584,2022-06-30,-0.00480416973629261,1577
"1+4 + Kalman","Construction",2022-09-30,0.0050405200024092,2022-06-30,-0.0309753266623467,1577
"ACP + Kalman","Construction",2022-09-30,-0.000231151503584179,2022-06-30,-0.0309753266623467,1577
"ridge + AR + Kalman","Construction",2022-09-30,-0.000472902398893771,2022-06-30,-0.0309753266623467,1577
"1+4 + Kalman","Commerce",2022-09-30,0.0185189858555288,2022-06-30,-0.00708032889736465,1577
"ACP + Kalman","Commerce",2022-09-30,0.00809686207227966,2022-06-30,-0.00708032889736465,1577
"ridge + AR + Kalman","Commerce",2022-09-30,-0.00802888237869922,2022-06-30,-0.00708032889736465,1577
"1+4 + Kalman","Transports",2022-09-30,,,0.0296892895055922,1577
"ACP + Kalman","Transports",2022-09-30,-0.0155663259760553,2022-06-30,0.0296892895055922,1577
"ridge + AR + Kalman","Transports",2022-09-30,-0.00691125433816685,2022-06-30,0.0296892895055922,1577
"1+4 + Kalman","Hébergement-restauration",2022-09-30,0.0698492171859972,2022-06-30,0.172534150339882,1577
"ACP + Kalman","Hébergement-restauration",2022-09-30,0.125111142291362,2022-06-30,0.172534150339882,1577
"ridge + AR + Kalman","Hébergement-restauration",2022-09-30,0.0797036343436761,2022-06-30,0.172534150339882,1577
"1+4 + Kalman","Information-communication",2022-09-30,0.0151773925978273,2022-06-30,0.0112829099708271,1577
"ACP + Kalman","Information-communication",2022-09-30,-4.42818790329371e-05,2022-06-30,0.0112829099708271,1577
"ridge + AR + Kalman","Information-communication",2022-09-30,0.00681522440999106,2022-06-30,0.0112829099708271,1577
"1+4 + Kalman","Finances et assurances",2022-09-30,0.00769057406516276,2022-06-30,0.0122236867003789,1577
"ACP + Kalman","Finances et assurances",2022-09-30,0.00823821692387042,2022-06-30,0.0122236867003789,1577
"ridge + AR + Kalman","Finances et assurances",2022-09-30,0.0137245745737198,2022-06-30,0.0122236867003789,1577
"1+4 + Kalman","Immobilier",2022-09-30,0.00429152672474764,2022-06-30,0.00192740181735829,1577
"ACP + Kalman","Immobilier",2022-09-30,0.000101104745288577,2022-06-30,0.00192740181735829,1577
"ridge + AR + Kalman","Immobilier",2022-09-30,0.00256998024755349,2022-06-30,0.00192740181735829,1577
"1+4 + Kalman","Agriculture",2022-12-31,,,-0.00919879348349895,1578
"ACP + Kalman","Agriculture",2022-12-31,-0.0071647496931926,2022-09-30,-0.00919879348349895,1578
"ridge + AR + Kalman","Agriculture",2022-12-31,0.00226275997988592,2022-09-30,-0.00919879348349895,1578
"1+4 + Kalman","Pêche",2022-12-31,0.24211862699234,2022-09-30,0.537806048836181,1578
"ACP + Kalman","Pêche",2022-12-31,,,0.537806048836181,1578
"ridge + AR + Kalman","Pêche",2022-12-31,0.297925119932826,2022-09-30,0.537806048836181,1578
"1+4 + Kalman","Industrie d'extraction",2022-12-31,-0.0395429631002283,2022-09-30,-0.216757201746969,1578
"ACP + Kalman","Industrie d'extraction",2022-12-31,-0.000822170131725121,2022-09-30,-0.216757201746969,1578
"ridge + AR + Kalman","Industrie d'extraction",2022-12-31,-0.010868886490754,2022-09-30,-0.216757201746969,1578
"1+4 + Kalman","Industrie de transformation",2022-12-31,-0.00706884391439349,2022-09-30,-0.00375576483451212,1578
"ACP + Kalman","Industrie de transformation",2022-12-31,0.00441604370563651,2022-09-30,-0.00375576483451212,1578
"ridge + AR + Kalman","Industrie de transformation",2022-12-31,0.0341967875422302,2022-09-30,-0.00375576483451212,1578
"1+4 + Kalman","Électricité, gaz, eau",2022-12-31,-0.010797002150884,2022-09-30,-0.0308377748401991,1578
"ACP + Kalman","Électricité, gaz, eau",2022-12-31,-0.0234528245629862,2022-09-30,-0.0308377748401991,1578
"ridge + AR + Kalman","Électricité, gaz, eau",2022-12-31,-0.0164801845248429,2022-09-30,-0.0308377748401991,1578
"1+4 + Kalman","Construction",2022-12-31,,,-0.0138810252956052,1578
"ACP + Kalman","Construction",2022-12-31,-0.0193926097157688,2022-09-30,-0.0138810252956052,1578
"ridge + AR + Kalman","Construction",2022-12-31,0.000390332634204787,2022-09-30,-0.0138810252956052,1578
"1+4 + Kalman","Commerce",2022-12-31,0.00780599517731478,2022-09-30,0.0110248570649674,1578
"ACP + Kalman","Commerce",2022-12-31,0.00481697876561054,2022-09-30,0.0110248570649674,1578
"ridge + AR + Kalman","Commerce",2022-12-31,0.00893054388636804,2022-09-30,0.0110248570649674,1578
"1+4 + Kalman","Transports",2022-12-31,,,-0.00518075012109698,1578
"ACP + Kalman","Transports",2022-12-31,-0.0376014320822577,2022-09-30,-0.00518075012109698,1578
"ridge + AR + Kalman","Transports",2022-12-31,-0.00551269979701117,2022-09-30,-0.00518075012109698,1578
"1+4 + Kalman","Hébergement-restauration",2022-12-31,0.0448632072099365,2022-09-30,0.0347188375472669,1578
"ACP + Kalman","Hébergement-restauration",2022-12-31,-0.0771048712930396,2022-09-30,0.0347188375472669,1578
"ridge + AR + Kalman","Hébergement-restauration",2022-12-31,0.0704007374979466,2022-09-30,0.0347188375472669,1578
"1+4 + Kalman","Information-communication",2022-12-31,0.0147891626507753,2022-09-30,-0.0182958711637902,1578
"ACP + Kalman","Information-communication",2022-12-31,0.0104817770032487,2022-09-30,-0.0182958711637902,1578
"ridge + AR + Kalman","Information-communication",2022-12-31,0.00541124187801381,2022-09-30,-0.0182958711637902,1578
"1+4 + Kalman","Finances et assurances",2022-12-31,0.00964811436399565,2022-09-30,0.00818990746985371,1578
"ACP + Kalman","Finances et assurances",2022-12-31,-0.000900818731406594,2022-09-30,0.00818990746985371,1578
"ridge + AR + Kalman","Finances et assurances",2022-12-31,0.00752807462772641,2022-09-30,0.00818990746985371,1578
"1+4 + Kalman","Immobilier",2022-12-31,0.00369381507350868,2022-09-30,0.00286217020537194,1578
"ACP + Kalman","Immobilier",2022-12-31,0.00176187854607351,2022-09-30,0.00286217020537194,1578
"ridge + AR + Kalman","Immobilier",2022-12-31,0.00304156006362737,2022-09-30,0.00286217020537194,1578
"1+4 + Kalman","Agriculture",2023-03-31,,,0.0350757280012495,1593
"ACP + Kalman","Agriculture",2023-03-31,0.0137295741255196,2022-12-31,0.0350757280012495,1593
"ridge + AR + Kalman","Agriculture",2023-03-31,0.000764228372292374,2022-12-31,0.0350757280012495,1593
"1+4 + Kalman","Pêche",2023-03-31,-0.290994059319375,2022-12-31,-0.196422814008341,1593
"ACP + Kalman","Pêche",2023-03-31,,,-0.196422814008341,1593
"ridge + AR + Kalman","Pêche",2023-03-31,-0.444946212610212,2022-12-31,-0.196422814008341,1593
"1+4 + Kalman","Industrie d'extraction",2023-03-31,-0.138281773697195,2022-12-31,0.0973621473997142,1593
"ACP + Kalman","Industrie d'extraction",2023-03-31,-0.0419647765307491,2022-12-31,0.0973621473997142,1593
"ridge + AR + Kalman","Industrie d'extraction",2023-03-31,-0.098320087063328,2022-12-31,0.0973621473997142,1593
"1+4 + Kalman","Industrie de transformation",2023-03-31,-0.020289627428973,2022-12-31,0.00769564383733545,1593
"ACP + Kalman","Industrie de transformation",2023-03-31,0.00391792318519928,2022-12-31,0.00769564383733545,1593
"ridge + AR + Kalman","Industrie de transformation",2023-03-31,0.0652764634807128,2022-12-31,0.00769564383733545,1593
"1+4 + Kalman","Électricité, gaz, eau",2023-03-31,-0.00357066364059628,2022-12-31,-0.122401604802485,1593
"ACP + Kalman","Électricité, gaz, eau",2023-03-31,0.00888281874196098,2022-12-31,-0.122401604802485,1593
"ridge + AR + Kalman","Électricité, gaz, eau",2023-03-31,0.0378313095778766,2022-12-31,-0.122401604802485,1593
"1+4 + Kalman","Construction",2023-03-31,,,0.0264176726138974,1593
"ACP + Kalman","Construction",2023-03-31,0.00293174261892482,2022-12-31,0.0264176726138974,1593
"ridge + AR + Kalman","Construction",2023-03-31,0.000709371048210752,2022-12-31,0.0264176726138974,1593
"1+4 + Kalman","Commerce",2023-03-31,0.0182193938342152,2022-12-31,0.0160767305589786,1593
"ACP + Kalman","Commerce",2023-03-31,8.33319877034319e-06,2022-12-31,0.0160767305589786,1593
"ridge + AR + Kalman","Commerce",2023-03-31,0.0156649386937584,2022-12-31,0.0160767305589786,1593
"1+4 + Kalman","Transports",2023-03-31,,,0.0341097935940446,1593
"ACP + Kalman","Transports",2023-03-31,-0.0108932631417305,2022-12-31,0.0341097935940446,1593
"ridge + AR + Kalman","Transports",2023-03-31,-0.00135912073615564,2022-12-31,0.0341097935940446,1593
"1+4 + Kalman","Hébergement-restauration",2023-03-31,0.00491574487266341,2022-03-31,0.0350713189035368,1593
"ACP + Kalman","Hébergement-restauration",2023-03-31,0.0257396377051941,2022-12-31,0.0350713189035368,1593
"ridge + AR + Kalman","Hébergement-restauration",2023-03-31,0.0198822906269103,2022-12-31,0.0350713189035368,1593
"1+4 + Kalman","Information-communication",2023-03-31,0.015185339745186,2022-12-31,0.0550902776591649,1593
"ACP + Kalman","Information-communication",2023-03-31,0.00648748845328641,2022-12-31,0.0550902776591649,1593
"ridge + AR + Kalman","Information-communication",2023-03-31,0.00742088038317393,2022-12-31,0.0550902776591649,1593
"1+4 + Kalman","Finances et assurances",2023-03-31,-1.20055992339081e-05,2022-12-31,0.0177076136496304,1593
"ACP + Kalman","Finances et assurances",2023-03-31,-0.00402645532448372,2022-12-31,0.0177076136496304,1593
"ridge + AR + Kalman","Finances et assurances",2023-03-31,0.00777873396653439,2022-12-31,0.0177076136496304,1593
"1+4 + Kalman","Immobilier",2023-03-31,0.00109480325196024,2022-12-31,0.0186492473499342,1593
"ACP + Kalman","Immobilier",2023-03-31,0.000358812613143361,2022-12-31,0.0186492473499342,1593
"ridge + AR + Kalman","Immobilier",2023-03-31,0.00351687221029349,2022-12-31,0.0186492473499342,1593
"1+4 + Kalman","Agriculture",2023-06-30,,,-0.0122701816794795,1595
"ACP + Kalman","Agriculture",2023-06-30,0.0258043997330548,2023-03-31,-0.0122701816794795,1595
"ridge + AR + Kalman","Agriculture",2023-06-30,0.0017469720615859,2023-03-31,-0.0122701816794795,1595
"1+4 + Kalman","Pêche",2023-06-30,,,0.108653138186501,1595
"ACP + Kalman","Pêche",2023-06-30,,,0.108653138186501,1595
"ridge + AR + Kalman","Pêche",2023-06-30,0.141413738012713,2023-03-31,0.108653138186501,1595
"1+4 + Kalman","Industrie d'extraction",2023-06-30,0.0281554191635887,2023-03-31,2.03357431196594e-05,1595
"ACP + Kalman","Industrie d'extraction",2023-06-30,0.0105328915569757,2023-03-31,2.03357431196594e-05,1595
"ridge + AR + Kalman","Industrie d'extraction",2023-06-30,-0.00381707726861411,2023-03-31,2.03357431196594e-05,1595
"1+4 + Kalman","Industrie de transformation",2023-06-30,0.0264011295578618,2023-03-31,-0.0170061439275049,1595
"ACP + Kalman","Industrie de transformation",2023-06-30,-0.00877996333226069,2023-03-31,-0.0170061439275049,1595
"ridge + AR + Kalman","Industrie de transformation",2023-06-30,-0.00752656499490492,2023-03-31,-0.0170061439275049,1595
"1+4 + Kalman","Électricité, gaz, eau",2023-06-30,0.0990488169951148,2023-03-31,0.0472201858772916,1595
"ACP + Kalman","Électricité, gaz, eau",2023-06-30,0.00028605686124282,2023-03-31,0.0472201858772916,1595
"ridge + AR + Kalman","Électricité, gaz, eau",2023-06-30,0.0201623539571913,2023-03-31,0.0472201858772916,1595
"1+4 + Kalman","Construction",2023-06-30,0.0182587969325235,2023-03-31,0.00252741405244095,1595
"ACP + Kalman","Construction",2023-06-30,0.0199409945277963,2023-03-31,0.00252741405244095,1595
"ridge + AR + Kalman","Construction",2023-06-30,0.0132793322688244,2023-03-31,0.00252741405244095,1595
"1+4 + Kalman","Commerce",2023-06-30,0.00846172700813452,2023-03-31,0.00646517716538497,1595
"ACP + Kalman","Commerce",2023-06-30,-0.00063638413937331,2023-03-31,0.00646517716538497,1595
"ridge + AR + Kalman","Commerce",2023-06-30,0.04014989909434,2023-03-31,0.00646517716538497,1595
"1+4 + Kalman","Transports",2023-06-30,,,0.0106539923050857,1595
"ACP + Kalman","Transports",2023-06-30,0.00412428942909882,2023-03-31,0.0106539923050857,1595
"ridge + AR + Kalman","Transports",2023-06-30,-0.0058325863576501,2023-03-31,0.0106539923050857,1595
"1+4 + Kalman","Hébergement-restauration",2023-06-30,0.0335511703440172,2023-03-31,0.0285381802766143,1595
"ACP + Kalman","Hébergement-restauration",2023-06-30,0.0228339198735937,2023-03-31,0.0285381802766143,1595
"ridge + AR + Kalman","Hébergement-restauration",2023-06-30,0.0572560050290891,2023-03-31,0.0285381802766143,1595
"1+4 + Kalman","Information-communication",2023-06-30,0.0130178578514213,2023-03-31,0.0108067356801964,1595
"ACP + Kalman","Information-communication",2023-06-30,0.0167544854305272,2023-03-31,0.0108067356801964,1595
"ridge + AR + Kalman","Information-communication",2023-06-30,-0.00471217890965366,2023-03-31,0.0108067356801964,1595
"1+4 + Kalman","Finances et assurances",2023-06-30,0.012705237901042,2023-03-31,0.0142309413674457,1595
"ACP + Kalman","Finances et assurances",2023-06-30,0.00899209093531412,2023-03-31,0.0142309413674457,1595
"ridge + AR + Kalman","Finances et assurances",2023-06-30,0.0115010459839509,2023-03-31,0.0142309413674457,1595
"1+4 + Kalman","Immobilier",2023-06-30,0.0100737449420033,2023-03-31,0.00433516318523708,1595
"ACP + Kalman","Immobilier",2023-06-30,0.00303641053579839,2023-03-31,0.00433516318523708,1595
"ridge + AR + Kalman","Immobilier",2023-06-30,0.00931330804775535,2023-03-31,0.00433516318523708,1595
"1+4 + Kalman","Agriculture",2023-09-30,,,-0.00378759914928928,1597
"ACP + Kalman","Agriculture",2023-09-30,0.0105332450368758,2023-06-30,-0.00378759914928928,1597
"ridge + AR + Kalman","Agriculture",2023-09-30,-0.000932952994929711,2023-06-30,-0.00378759914928928,1597
"1+4 + Kalman","Pêche",2023-09-30,-0.0535348795824034,2022-09-30,0.0833031314032056,1597
"ACP + Kalman","Pêche",2023-09-30,,,0.0833031314032056,1597
"ridge + AR + Kalman","Pêche",2023-09-30,-0.0801921284456588,2023-06-30,0.0833031314032056,1597
"1+4 + Kalman","Industrie d'extraction",2023-09-30,0.0139136084656193,2023-06-30,0.0733392840223264,1597
"ACP + Kalman","Industrie d'extraction",2023-09-30,0.03097259750993,2023-06-30,0.0733392840223264,1597
"ridge + AR + Kalman","Industrie d'extraction",2023-09-30,-0.00375399680060324,2023-06-30,0.0733392840223264,1597
"1+4 + Kalman","Industrie de transformation",2023-09-30,-0.0126291581721691,2023-06-30,0.0317188158621384,1597
"ACP + Kalman","Industrie de transformation",2023-09-30,0.0160511509929977,2023-06-30,0.0317188158621384,1597
"ridge + AR + Kalman","Industrie de transformation",2023-09-30,0.00844243606012466,2023-06-30,0.0317188158621384,1597
"1+4 + Kalman","Électricité, gaz, eau",2023-09-30,-0.0209729535490743,2023-06-30,0.00207719445817389,1597
"ACP + Kalman","Électricité, gaz, eau",2023-09-30,0.0294114356629607,2023-06-30,0.00207719445817389,1597
"ridge + AR + Kalman","Électricité, gaz, eau",2023-09-30,0.00882844629046234,2023-06-30,0.00207719445817389,1597
"1+4 + Kalman","Construction",2023-09-30,,,0.00248876146185317,1597
"ACP + Kalman","Construction",2023-09-30,-0.000102889724099569,2023-06-30,0.00248876146185317,1597
"ridge + AR + Kalman","Construction",2023-09-30,0.00151461108932318,2023-06-30,0.00248876146185317,1597
"1+4 + Kalman","Commerce",2023-09-30,0.00248065802581014,2023-06-30,0.00237756549880963,1597
"ACP + Kalman","Commerce",2023-09-30,0.00796545228343623,2023-06-30,0.00237756549880963,1597
"ridge + AR + Kalman","Commerce",2023-09-30,0.0134012098902547,2023-06-30,0.00237756549880963,1597
"1+4 + Kalman","Transports",2023-09-30,,,0.00294728832205848,1597
"ACP + Kalman","Transports",2023-09-30,-0.00322930127087845,2023-06-30,0.00294728832205848,1597
"ridge + AR + Kalman","Transports",2023-09-30,-0.00346272147979168,2023-06-30,0.00294728832205848,1597
"1+4 + Kalman","Hébergement-restauration",2023-09-30,-0.00366156053165362,2023-06-30,0.0131680998376478,1597
"ACP + Kalman","Hébergement-restauration",2023-09-30,0.119056918482588,2023-06-30,0.0131680998376478,1597
"ridge + AR + Kalman","Hébergement-restauration",2023-09-30,0.0207354484351489,2023-06-30,0.0131680998376478,1597
"1+4 + Kalman","Information-communication",2023-09-30,0.0149147376141294,2023-06-30,-0.00473773465213512,1597
"ACP + Kalman","Information-communication",2023-09-30,0.0161058522714456,2023-06-30,-0.00473773465213512,1597
"ridge + AR + Kalman","Information-communication",2023-09-30,0.00577837898557924,2023-06-30,-0.00473773465213512,1597
"1+4 + Kalman","Finances et assurances",2023-09-30,0.0089274151931457,2023-06-30,0.0138611051650379,1597
"ACP + Kalman","Finances et assurances",2023-09-30,0.00909303128346441,2023-06-30,0.0138611051650379,1597
"ridge + AR + Kalman","Finances et assurances",2023-09-30,0.0137638512820572,2023-06-30,0.0138611051650379,1597
"1+4 + Kalman","Immobilier",2023-09-30,0.00607178191878477,2023-06-30,0.000940152450292331,1597
"ACP + Kalman","Immobilier",2023-09-30,0.00395485125673099,2023-06-30,0.000940152450292331,1597
"ridge + AR + Kalman","Immobilier",2023-09-30,0.00449114860012489,2023-06-30,0.000940152450292331,1597
"1+4 + Kalman","Agriculture",2023-12-31,,,-0.00788085316350973,1598
"ACP + Kalman","Agriculture",2023-12-31,-0.00776654229028642,2023-09-30,-0.00788085316350973,1598
"ridge + AR + Kalman","Agriculture",2023-12-31,-0.00190320193577788,2023-09-30,-0.00788085316350973,1598
"1+4 + Kalman","Pêche",2023-12-31,0.0460762227450724,2022-09-30,-0.169722558184949,1598
"ACP + Kalman","Pêche",2023-12-31,,,-0.169722558184949,1598
"ridge + AR + Kalman","Pêche",2023-12-31,-0.0552809730803606,2023-09-30,-0.169722558184949,1598
"1+4 + Kalman","Industrie d'extraction",2023-12-31,0.031335431644485,2023-09-30,0.113749741354164,1598
"ACP + Kalman","Industrie d'extraction",2023-12-31,0.0496290368001412,2023-09-30,0.113749741354164,1598
"ridge + AR + Kalman","Industrie d'extraction",2023-12-31,-0.0031471989863396,2023-09-30,0.113749741354164,1598
"1+4 + Kalman","Industrie de transformation",2023-12-31,0.031781892258584,2023-09-30,0.0560799603193818,1598
"ACP + Kalman","Industrie de transformation",2023-12-31,0.0402461677884274,2023-09-30,0.0560799603193818,1598
"ridge + AR + Kalman","Industrie de transformation",2023-12-31,-0.000797760123000471,2023-09-30,0.0560799603193818,1598
"1+4 + Kalman","Électricité, gaz, eau",2023-12-31,-0.0340996930856143,2023-09-30,-0.0104818116311538,1598
"ACP + Kalman","Électricité, gaz, eau",2023-12-31,-0.0170305458244452,2023-09-30,-0.0104818116311538,1598
"ridge + AR + Kalman","Électricité, gaz, eau",2023-12-31,-0.0180953892407808,2023-09-30,-0.0104818116311538,1598
"1+4 + Kalman","Construction",2023-12-31,0.00467512435607676,2023-09-30,0.00486264809430104,1598
"ACP + Kalman","Construction",2023-12-31,-0.0154562097071885,2023-09-30,0.00486264809430104,1598
"ridge + AR + Kalman","Construction",2023-12-31,-0.00641712065270226,2023-09-30,0.00486264809430104,1598
"1+4 + Kalman","Commerce",2023-12-31,-0.0130629818131524,2023-09-30,0.00844315463132972,1598
"ACP + Kalman","Commerce",2023-12-31,0.00865657388740235,2023-09-30,0.00844315463132972,1598
"ridge + AR + Kalman","Commerce",2023-12-31,0.0139687954600969,2023-09-30,0.00844315463132972,1598
"1+4 + Kalman","Transports",2023-12-31,,,0.0143046496502013,1598
"ACP + Kalman","Transports",2023-12-31,-0.00371641148047671,2023-09-30,0.0143046496502013,1598
"ridge + AR + Kalman","Transports",2023-12-31,-0.00248096291773126,2023-09-30,0.0143046496502013,1598
"1+4 + Kalman","Hébergement-restauration",2023-12-31,0.0184452781115718,2023-09-30,0.00454308251082303,1598
"ACP + Kalman","Hébergement-restauration",2023-12-31,-0.0195464135202538,2023-09-30,0.00454308251082303,1598
"ridge + AR + Kalman","Hébergement-restauration",2023-12-31,0.00925334958471818,2023-09-30,0.00454308251082303,1598
"1+4 + Kalman","Information-communication",2023-12-31,0.0152849632672684,2023-09-30,-0.000895282531592656,1598
"ACP + Kalman","Information-communication",2023-12-31,0.00995288144473181,2023-09-30,-0.000895282531592656,1598
"ridge + AR + Kalman","Information-communication",2023-12-31,0.00979486510893555,2023-09-30,-0.000895282531592656,1598
"1+4 + Kalman","Finances et assurances",2023-12-31,0.0104657862323792,2023-09-30,0.0205123675274645,1598
"ACP + Kalman","Finances et assurances",2023-12-31,0.00802434258146826,2023-09-30,0.0205123675274645,1598
"ridge + AR + Kalman","Finances et assurances",2023-12-31,0.00402809860001209,2023-09-30,0.0205123675274645,1598
"1+4 + Kalman","Immobilier",2023-12-31,0.00556139768099844,2023-09-30,0.00367575702520995,1598
"ACP + Kalman","Immobilier",2023-12-31,0.00342088740891439,2023-09-30,0.00367575702520995,1598
"ridge + AR + Kalman","Immobilier",2023-12-31,0.00337340401949822,2023-09-30,0.00367575702520995,1598
"1+4 + Kalman","Agriculture",2024-03-31,,,-0.0365847420386523,1599
"ACP + Kalman","Agriculture",2024-03-31,0.029532864377844,2023-12-31,-0.0365847420386523,1599
"ridge + AR + Kalman","Agriculture",2024-03-31,-0.00231766138824364,2023-12-31,-0.0365847420386523,1599
"1+4 + Kalman","Pêche",2024-03-31,0.0326826919035708,2023-12-31,0.137736263229147,1599
"ACP + Kalman","Pêche",2024-03-31,,,0.137736263229147,1599
"ridge + AR + Kalman","Pêche",2024-03-31,0.119533676567212,2023-12-31,0.137736263229147,1599
"1+4 + Kalman","Industrie d'extraction",2024-03-31,-0.0570285159153786,2023-12-31,-0.0252607257677209,1599
"ACP + Kalman","Industrie d'extraction",2024-03-31,-0.0545429049732443,2023-12-31,-0.0252607257677209,1599
"ridge + AR + Kalman","Industrie d'extraction",2024-03-31,0.00975906801423722,2023-12-31,-0.0252607257677209,1599
"1+4 + Kalman","Industrie de transformation",2024-03-31,-0.0280906212736091,2023-12-31,-0.0663244948448725,1599
"ACP + Kalman","Industrie de transformation",2024-03-31,-0.0262655516079315,2023-12-31,-0.0663244948448725,1599
"ridge + AR + Kalman","Industrie de transformation",2024-03-31,0.00592027565468895,2023-12-31,-0.0663244948448725,1599
"1+4 + Kalman","Électricité, gaz, eau",2024-03-31,-0.0493506247170769,2023-12-31,0.0293667797510366,1599
"ACP + Kalman","Électricité, gaz, eau",2024-03-31,-0.00581140425972055,2023-12-31,0.0293667797510366,1599
"ridge + AR + Kalman","Électricité, gaz, eau",2024-03-31,-0.0140107861750139,2023-12-31,0.0293667797510366,1599
"1+4 + Kalman","Construction",2024-03-31,0.0069060972736389,2023-12-31,0.0243786805323758,1599
"ACP + Kalman","Construction",2024-03-31,-0.00213438942165361,2023-12-31,0.0243786805323758,1599
"ridge + AR + Kalman","Construction",2024-03-31,-3.86349772268165e-05,2023-12-31,0.0243786805323758,1599
"1+4 + Kalman","Commerce",2024-03-31,-0.00547634998857171,2023-12-31,0.0184637520602795,1599
"ACP + Kalman","Commerce",2024-03-31,0.000500058719367281,2023-12-31,0.0184637520602795,1599
"ridge + AR + Kalman","Commerce",2024-03-31,0.0173451887863679,2023-12-31,0.0184637520602795,1599
"1+4 + Kalman","Transports",2024-03-31,-0.0125696296416145,2023-12-31,0.0448609908773161,1599
"ACP + Kalman","Transports",2024-03-31,-0.00860106892110865,2023-12-31,0.0448609908773161,1599
"ridge + AR + Kalman","Transports",2024-03-31,-0.00382428956945915,2023-12-31,0.0448609908773161,1599
"1+4 + Kalman","Hébergement-restauration",2024-03-31,0.00826041086216626,2023-12-31,-0.0256302512562794,1599
"ACP + Kalman","Hébergement-restauration",2024-03-31,0.0339037796839419,2023-12-31,-0.0256302512562794,1599
"ridge + AR + Kalman","Hébergement-restauration",2024-03-31,-0.000979141982503108,2023-12-31,-0.0256302512562794,1599
"1+4 + Kalman","Information-communication",2024-03-31,0.0148270684133483,2023-12-31,0.026793324234438,1599
"ACP + Kalman","Information-communication",2024-03-31,0.00912523109456532,2023-12-31,0.026793324234438,1599
"ridge + AR + Kalman","Information-communication",2024-03-31,0.00969284515890786,2023-12-31,0.026793324234438,1599
"1+4 + Kalman","Finances et assurances",2024-03-31,0.00914137971047391,2023-12-31,0.034226988537851,1599
"ACP + Kalman","Finances et assurances",2024-03-31,0.0174629734468441,2023-12-31,0.034226988537851,1599
"ridge + AR + Kalman","Finances et assurances",2024-03-31,0.012149738398628,2023-12-31,0.034226988537851,1599
"1+4 + Kalman","Immobilier",2024-03-31,0.00609551966753756,2023-12-31,0.019358859355199,1599
"ACP + Kalman","Immobilier",2024-03-31,0.0034357536020378,2023-12-31,0.019358859355199,1599
"ridge + AR + Kalman","Immobilier",2024-03-31,0.00415235173131669,2023-12-31,0.019358859355199,1599
"1+4 + Kalman","Agriculture",2024-06-30,,,-0.00664188506091534,1600
"ACP + Kalman","Agriculture",2024-06-30,-0.00182234874840973,2024-03-31,-0.00664188506091534,1600
"ridge + AR + Kalman","Agriculture",2024-06-30,0.00819263450429234,2024-03-31,-0.00664188506091534,1600
"1+4 + Kalman","Pêche",2024-06-30,-0.100657916041538,2024-03-31,-0.124393100066797,1600
"ACP + Kalman","Pêche",2024-06-30,,,-0.124393100066797,1600
"ridge + AR + Kalman","Pêche",2024-06-30,-0.103530970946705,2024-03-31,-0.124393100066797,1600
"1+4 + Kalman","Industrie d'extraction",2024-06-30,0.0297340859783122,2024-03-31,0.0070152744335843,1600
"ACP + Kalman","Industrie d'extraction",2024-06-30,0.00840326360600746,2024-03-31,0.0070152744335843,1600
"ridge + AR + Kalman","Industrie d'extraction",2024-06-30,0.0108890663605848,2024-03-31,0.0070152744335843,1600
"1+4 + Kalman","Industrie de transformation",2024-06-30,0.00692279529969118,2024-03-31,-0.00790860641250291,1600
"ACP + Kalman","Industrie de transformation",2024-06-30,-0.00508655527319929,2024-03-31,-0.00790860641250291,1600
"ridge + AR + Kalman","Industrie de transformation",2024-06-30,0.00940539444314725,2024-03-31,-0.00790860641250291,1600
"1+4 + Kalman","Électricité, gaz, eau",2024-06-30,-0.10604753380695,2024-03-31,-0.0474179307558522,1600
"ACP + Kalman","Électricité, gaz, eau",2024-06-30,0.0100561994013777,2024-03-31,-0.0474179307558522,1600
"ridge + AR + Kalman","Électricité, gaz, eau",2024-06-30,-0.0185335142611598,2024-03-31,-0.0474179307558522,1600
"1+4 + Kalman","Construction",2024-06-30,0.0089855389175735,2024-03-31,0.0131434129712957,1600
"ACP + Kalman","Construction",2024-06-30,-0.00617914442514992,2024-03-31,0.0131434129712957,1600
"ridge + AR + Kalman","Construction",2024-06-30,-0.000391862890588079,2024-03-31,0.0131434129712957,1600
"1+4 + Kalman","Commerce",2024-06-30,0.0249396992725347,2024-03-31,0.000290896215341618,1600
"ACP + Kalman","Commerce",2024-06-30,0.000885596048572045,2024-03-31,0.000290896215341618,1600
"ridge + AR + Kalman","Commerce",2024-06-30,-0.00525186486687371,2024-03-31,0.000290896215341618,1600
"1+4 + Kalman","Transports",2024-06-30,0.0223702013073218,2024-03-31,0.0233315106872372,1600
"ACP + Kalman","Transports",2024-06-30,-0.00616590159817615,2024-03-31,0.0233315106872372,1600
"ridge + AR + Kalman","Transports",2024-06-30,-0.00590932547617576,2024-03-31,0.0233315106872372,1600
"1+4 + Kalman","Hébergement-restauration",2024-06-30,0.0159372746389225,2024-03-31,0.0863211664480215,1600
"ACP + Kalman","Hébergement-restauration",2024-06-30,0.0217361261468,2024-03-31,0.0863211664480215,1600
"ridge + AR + Kalman","Hébergement-restauration",2024-06-30,0.0151940234879561,2024-03-31,0.0863211664480215,1600
"1+4 + Kalman","Information-communication",2024-06-30,0.0138588499204697,2024-03-31,0.001257668725545,1600
"ACP + Kalman","Information-communication",2024-06-30,0.00911081553284038,2024-03-31,0.001257668725545,1600
"ridge + AR + Kalman","Information-communication",2024-06-30,0.00273558846712338,2024-03-31,0.001257668725545,1600
"1+4 + Kalman","Finances et assurances",2024-06-30,0.00762439433470097,2024-03-31,0.00677789865920531,1600
"ACP + Kalman","Finances et assurances",2024-06-30,0.0129296967506346,2024-03-31,0.00677789865920531,1600
"ridge + AR + Kalman","Finances et assurances",2024-06-30,0.0144261866995904,2024-03-31,0.00677789865920531,1600
"1+4 + Kalman","Immobilier",2024-06-30,0.0105257638186839,2024-03-31,0.00208616686757601,1600
"ACP + Kalman","Immobilier",2024-06-30,0.00142763642774766,2024-03-31,0.00208616686757601,1600
"ridge + AR + Kalman","Immobilier",2024-06-30,0.00831199275098909,2024-03-31,0.00208616686757601,1600
"1+4 + Kalman","Agriculture",2024-09-30,,,-0.0112104142680227,1601
"ACP + Kalman","Agriculture",2024-09-30,-0.00495351502558829,2024-06-30,-0.0112104142680227,1601
"ridge + AR + Kalman","Agriculture",2024-09-30,0.00313218021517326,2024-06-30,-0.0112104142680227,1601
"1+4 + Kalman","Pêche",2024-09-30,0.0901420577064496,2024-06-30,0.3409847439024,1601
"ACP + Kalman","Pêche",2024-09-30,,,0.3409847439024,1601
"ridge + AR + Kalman","Pêche",2024-09-30,0.0857781658247629,2024-06-30,0.3409847439024,1601
"1+4 + Kalman","Industrie d'extraction",2024-09-30,0.0179917718840513,2024-06-30,0.022117053793357,1601
"ACP + Kalman","Industrie d'extraction",2024-09-30,0.0365560146986811,2024-06-30,0.022117053793357,1601
"ridge + AR + Kalman","Industrie d'extraction",2024-09-30,0.0178992210023225,2024-06-30,0.022117053793357,1601
"1+4 + Kalman","Industrie de transformation",2024-09-30,-0.0100329655856476,2024-06-30,0.069343487988764,1601
"ACP + Kalman","Industrie de transformation",2024-09-30,0.0147858740122322,2024-06-30,0.069343487988764,1601
"ridge + AR + Kalman","Industrie de transformation",2024-09-30,0.0407106091428061,2024-06-30,0.069343487988764,1601
"1+4 + Kalman","Électricité, gaz, eau",2024-09-30,0.148439612898679,2024-06-30,0.100587875391312,1601
"ACP + Kalman","Électricité, gaz, eau",2024-09-30,0.0282051995714863,2024-06-30,0.100587875391312,1601
"ridge + AR + Kalman","Électricité, gaz, eau",2024-09-30,0.0827434544857073,2024-06-30,0.100587875391312,1601
"1+4 + Kalman","Construction",2024-09-30,0.0128109240467748,2024-06-30,0.0334036782533733,1601
"ACP + Kalman","Construction",2024-09-30,0.0174650224437776,2024-06-30,0.0334036782533733,1601
"ridge + AR + Kalman","Construction",2024-09-30,0.00376294531262783,2024-06-30,0.0334036782533733,1601
"1+4 + Kalman","Commerce",2024-09-30,0.0142707161940185,2024-06-30,0.0154439711545749,1601
"ACP + Kalman","Commerce",2024-09-30,-0.00744012548619127,2024-06-30,0.0154439711545749,1601
"ridge + AR + Kalman","Commerce",2024-09-30,0.00499223372230534,2024-06-30,0.0154439711545749,1601
"1+4 + Kalman","Transports",2024-09-30,0.0133455505763561,2024-06-30,-0.000696765512168795,1601
"ACP + Kalman","Transports",2024-09-30,0.0284957162363726,2024-06-30,-0.000696765512168795,1601
"ridge + AR + Kalman","Transports",2024-09-30,-0.00133000664654519,2024-06-30,-0.000696765512168795,1601
"1+4 + Kalman","Hébergement-restauration",2024-09-30,0.0201750555050521,2024-06-30,0.0395958337321503,1601
"ACP + Kalman","Hébergement-restauration",2024-09-30,0.148068450671869,2024-06-30,0.0395958337321503,1601
"ridge + AR + Kalman","Hébergement-restauration",2024-09-30,0.0505553536472288,2024-06-30,0.0395958337321503,1601
"1+4 + Kalman","Information-communication",2024-09-30,0.0147730431751106,2024-06-30,-0.00629426164916325,1601
"ACP + Kalman","Information-communication",2024-09-30,0.00993800167092945,2024-06-30,-0.00629426164916325,1601
"ridge + AR + Kalman","Information-communication",2024-09-30,0.00796822459773612,2024-06-30,-0.00629426164916325,1601
"1+4 + Kalman","Finances et assurances",2024-09-30,0.0112759014454074,2024-06-30,0.0307983277209374,1601
"ACP + Kalman","Finances et assurances",2024-09-30,0.0120272889415864,2024-06-30,0.0307983277209374,1601
"ridge + AR + Kalman","Finances et assurances",2024-09-30,0.0134164634370015,2024-06-30,0.0307983277209374,1601
"1+4 + Kalman","Immobilier",2024-09-30,0.00350203609307527,2024-06-30,0.000572003912662211,1601
"ACP + Kalman","Immobilier",2024-09-30,0.00274363913425249,2024-06-30,0.000572003912662211,1601
"ridge + AR + Kalman","Immobilier",2024-09-30,0.00392958586528807,2024-06-30,0.000572003912662211,1601
"1+4 + Kalman","Agriculture",2024-12-31,,,-0.00435261931916919,1601
"ACP + Kalman","Agriculture",2024-12-31,0.000556856093365317,2024-09-30,-0.00435261931916919,1601
"ridge + AR + Kalman","Agriculture",2024-12-31,0.000353291237840929,2024-09-30,-0.00435261931916919,1601
"1+4 + Kalman","Pêche",2024-12-31,-0.317958311657807,2024-09-30,-0.314903192186618,1601
"ACP + Kalman","Pêche",2024-12-31,,,-0.314903192186618,1601
"ridge + AR + Kalman","Pêche",2024-12-31,-0.247280676308143,2024-09-30,-0.314903192186618,1601
"1+4 + Kalman","Industrie d'extraction",2024-12-31,0.0140650119926045,2024-09-30,-0.0056609646746999,1601
"ACP + Kalman","Industrie d'extraction",2024-12-31,0.0172753180106706,2024-09-30,-0.0056609646746999,1601
"ridge + AR + Kalman","Industrie d'extraction",2024-12-31,0.0119689636292072,2024-09-30,-0.0056609646746999,1601
"1+4 + Kalman","Industrie de transformation",2024-12-31,0.0566800444775542,2024-09-30,0.0165418381598617,1601
"ACP + Kalman","Industrie de transformation",2024-12-31,0.0479184708270456,2024-09-30,0.0165418381598617,1601
"ridge + AR + Kalman","Industrie de transformation",2024-12-31,0.0337264464791184,2024-09-30,0.0165418381598617,1601
"1+4 + Kalman","Électricité, gaz, eau",2024-12-31,-0.0232344855396565,2024-09-30,0.0115181001740545,1601
"ACP + Kalman","Électricité, gaz, eau",2024-12-31,-0.00169599962386957,2024-09-30,0.0115181001740545,1601
"ridge + AR + Kalman","Électricité, gaz, eau",2024-12-31,0.134994368412624,2024-09-30,0.0115181001740545,1601
"1+4 + Kalman","Construction",2024-12-31,0.0144979703354422,2024-09-30,0.00587796447580935,1601
"ACP + Kalman","Construction",2024-12-31,0.0068185396055194,2024-09-30,0.00587796447580935,1601
"ridge + AR + Kalman","Construction",2024-12-31,0.00733538207240676,2024-09-30,0.00587796447580935,1601
"1+4 + Kalman","Commerce",2024-12-31,0.0120615371379464,2024-09-30,0.00571468262867647,1601
"ACP + Kalman","Commerce",2024-12-31,0.0270487321794006,2024-09-30,0.00571468262867647,1601
"ridge + AR + Kalman","Commerce",2024-12-31,0.0189480103379105,2024-09-30,0.00571468262867647,1601
"1+4 + Kalman","Transports",2024-12-31,-0.0294461072109545,2024-09-30,0.0179385719466758,1601
"ACP + Kalman","Transports",2024-12-31,-0.0153322849796062,2024-09-30,0.0179385719466758,1601
"ridge + AR + Kalman","Transports",2024-12-31,0.000185367659153819,2024-09-30,0.0179385719466758,1601
"1+4 + Kalman","Hébergement-restauration",2024-12-31,0.0345124032617283,2024-09-30,0.0126078965454273,1601
"ACP + Kalman","Hébergement-restauration",2024-12-31,0.0293313454594953,2024-09-30,0.0126078965454273,1601
"ridge + AR + Kalman","Hébergement-restauration",2024-12-31,0.048317933811553,2024-09-30,0.0126078965454273,1601
"1+4 + Kalman","Information-communication",2024-12-31,0.0147444672548382,2024-09-30,0.0171119883477697,1601
"ACP + Kalman","Information-communication",2024-12-31,0.00579710867247972,2024-09-30,0.0171119883477697,1601
"ridge + AR + Kalman","Information-communication",2024-12-31,0.00940150366958121,2024-09-30,0.0171119883477697,1601
"1+4 + Kalman","Finances et assurances",2024-12-31,0.0122312097495603,2024-09-30,0.024404004984877,1601
"ACP + Kalman","Finances et assurances",2024-12-31,0.0158665008594381,2024-09-30,0.024404004984877,1601
"ridge + AR + Kalman","Finances et assurances",2024-12-31,0.0223525850350779,2024-09-30,0.024404004984877,1601
"1+4 + Kalman","Immobilier",2024-12-31,0.00314987866125609,2024-09-30,0.00271140021348693,1601
"ACP + Kalman","Immobilier",2024-12-31,0.00335672595598459,2024-09-30,0.00271140021348693,1601
"ridge + AR + Kalman","Immobilier",2024-12-31,0.00350954353381421,2024-09-30,0.00271140021348693,1601
"1+4 + Kalman","Agriculture",2025-03-31,,,0.100359632990509,1601
"ACP + Kalman","Agriculture",2025-03-31,-0.00842202064040206,2024-12-31,0.100359632990509,1601
"ridge + AR + Kalman","Agriculture",2025-03-31,0.00481100237821509,2024-12-31,0.100359632990509,1601
"1+4 + Kalman","Pêche",2025-03-31,0.26040557099972,2024-12-31,0.0879705045311976,1601
"ACP + Kalman","Pêche",2025-03-31,,,0.0879705045311976,1601
"ridge + AR + Kalman","Pêche",2025-03-31,0.243317479942767,2024-12-31,0.0879705045311976,1601
"1+4 + Kalman","Industrie d'extraction",2025-03-31,-0.0380845906354916,2024-12-31,0.0657933092045351,1601
"ACP + Kalman","Industrie d'extraction",2025-03-31,-0.0425352798250247,2024-12-31,0.0657933092045351,1601
"ridge + AR + Kalman","Industrie d'extraction",2025-03-31,-0.0244260382668878,2024-12-31,0.0657933092045351,1601
"1+4 + Kalman","Industrie de transformation",2025-03-31,-0.0551742483758858,2024-12-31,-0.0681965626927639,1601
"ACP + Kalman","Industrie de transformation",2025-03-31,-0.0320101614748474,2024-12-31,-0.0681965626927639,1601
"ridge + AR + Kalman","Industrie de transformation",2025-03-31,-0.0766959745969759,2024-12-31,-0.0681965626927639,1601
"1+4 + Kalman","Électricité, gaz, eau",2025-03-31,-0.033001702812015,2024-12-31,-0.0640900842189289,1601
"ACP + Kalman","Électricité, gaz, eau",2025-03-31,-0.0135989561795446,2024-12-31,-0.0640900842189289,1601
"ridge + AR + Kalman","Électricité, gaz, eau",2025-03-31,0.0329521425161633,2024-12-31,-0.0640900842189289,1601
"1+4 + Kalman","Construction",2025-03-31,0.00462399632284612,2024-12-31,0.0164348782556303,1601
"ACP + Kalman","Construction",2025-03-31,-0.0100919220796373,2024-12-31,0.0164348782556303,1601
"ridge + AR + Kalman","Construction",2025-03-31,-0.00179112739671779,2024-12-31,0.0164348782556303,1601
"1+4 + Kalman","Commerce",2025-03-31,-0.0319128862595527,2024-12-31,0.0248772545888567,1601
"ACP + Kalman","Commerce",2025-03-31,0.0114690283576949,2024-12-31,0.0248772545888567,1601
"ridge + AR + Kalman","Commerce",2025-03-31,0.00953989135634749,2024-12-31,0.0248772545888567,1601
"1+4 + Kalman","Transports",2025-03-31,-0.0265496072657613,2024-12-31,-2.13944930589349e-05,1601
"ACP + Kalman","Transports",2025-03-31,-0.00775791449293409,2024-12-31,-2.13944930589349e-05,1601
"ridge + AR + Kalman","Transports",2025-03-31,-0.0014297669608909,2024-12-31,-2.13944930589349e-05,1601
"1+4 + Kalman","Hébergement-restauration",2025-03-31,-0.00575630309213224,2024-12-31,-0.0551888649837782,1601
"ACP + Kalman","Hébergement-restauration",2025-03-31,0.0307685178072568,2024-12-31,-0.0551888649837782,1601
"ridge + AR + Kalman","Hébergement-restauration",2025-03-31,-0.0255691120000519,2024-12-31,-0.0551888649837782,1601
"1+4 + Kalman","Information-communication",2025-03-31,0.0138130325696368,2024-12-31,-0.0293164263615733,1601
"ACP + Kalman","Information-communication",2025-03-31,0.00752840203037647,2024-12-31,-0.0293164263615733,1601
"ridge + AR + Kalman","Information-communication",2025-03-31,0.00184667727248572,2024-12-31,-0.0293164263615733,1601
"1+4 + Kalman","Finances et assurances",2025-03-31,0.0127794964142313,2024-12-31,-0.00576523644903126,1601
"ACP + Kalman","Finances et assurances",2025-03-31,0.0130534693058775,2024-12-31,-0.00576523644903126,1601
"ridge + AR + Kalman","Finances et assurances",2025-03-31,0.0144966064484222,2024-12-31,-0.00576523644903126,1601
"1+4 + Kalman","Immobilier",2025-03-31,0.00477993188070585,2024-09-30,0.0241904984463055,1601
"ACP + Kalman","Immobilier",2025-03-31,0.00351643637614999,2024-12-31,0.0241904984463055,1601
"ridge + AR + Kalman","Immobilier",2025-03-31,0.00390137480442384,2024-12-31,0.0241904984463055,1601
"1+4 + Kalman","Agriculture",2025-06-30,0.00656075547029465,2025-03-31,-0.00473311427913181,1602
"ACP + Kalman","Agriculture",2025-06-30,-0.00251281580191952,2025-03-31,-0.00473311427913181,1602
"ridge + AR + Kalman","Agriculture",2025-06-30,0.0060264488162309,2025-03-31,-0.00473311427913181,1602
"1+4 + Kalman","Pêche",2025-06-30,-0.176314104188401,2025-03-31,-0.202438183367684,1602
"ACP + Kalman","Pêche",2025-06-30,,,-0.202438183367684,1602
"ridge + AR + Kalman","Pêche",2025-06-30,-0.0639784544670788,2025-03-31,-0.202438183367684,1602
"1+4 + Kalman","Industrie d'extraction",2025-06-30,0.0365429495234426,2025-03-31,0.046428686738258,1602
"ACP + Kalman","Industrie d'extraction",2025-06-30,-0.00125981464663591,2025-03-31,0.046428686738258,1602
"ridge + AR + Kalman","Industrie d'extraction",2025-06-30,-0.0862080351474631,2025-03-31,0.046428686738258,1602
"1+4 + Kalman","Industrie de transformation",2025-06-30,0.0242661421856819,2025-03-31,0.0247579899121657,1602
"ACP + Kalman","Industrie de transformation",2025-06-30,-0.00795925437012734,2025-03-31,0.0247579899121657,1602
"ridge + AR + Kalman","Industrie de transformation",2025-06-30,0.0358166099470911,2025-03-31,0.0247579899121657,1602
"1+4 + Kalman","Électricité, gaz, eau",2025-06-30,-0.0169977358483236,2025-03-31,-0.0109469608200001,1602
"ACP + Kalman","Électricité, gaz, eau",2025-06-30,0.0165723685432039,2025-03-31,-0.0109469608200001,1602
"ridge + AR + Kalman","Électricité, gaz, eau",2025-06-30,0.0111424902539815,2025-03-31,-0.0109469608200001,1602
"1+4 + Kalman","Construction",2025-06-30,0.0105753841912563,2025-03-31,0.0173260458459641,1602
"ACP + Kalman","Construction",2025-06-30,-0.00684990361158598,2025-03-31,0.0173260458459641,1602
"ridge + AR + Kalman","Construction",2025-06-30,0.000856780441396725,2025-03-31,0.0173260458459641,1602
"1+4 + Kalman","Commerce",2025-06-30,0.0367073438997774,2025-03-31,0.00124917416875725,1602
"ACP + Kalman","Commerce",2025-06-30,0.0247983342255809,2025-03-31,0.00124917416875725,1602
"ridge + AR + Kalman","Commerce",2025-06-30,-0.00445787199765152,2025-03-31,0.00124917416875725,1602
"1+4 + Kalman","Transports",2025-06-30,,,0.0262253345690056,1602
"ACP + Kalman","Transports",2025-06-30,-0.00899385243168746,2025-03-31,0.0262253345690056,1602
"ridge + AR + Kalman","Transports",2025-06-30,0.00045121181295739,2025-03-31,0.0262253345690056,1602
"1+4 + Kalman","Hébergement-restauration",2025-06-30,-0.0126587727996048,2025-03-31,0.0935791648916222,1602
"ACP + Kalman","Hébergement-restauration",2025-06-30,0.0503024066020485,2025-03-31,0.0935791648916222,1602
"ridge + AR + Kalman","Hébergement-restauration",2025-06-30,-0.0185049891187514,2025-03-31,0.0935791648916222,1602
"1+4 + Kalman","Information-communication",2025-06-30,-0.0124161867773823,2025-03-31,0.0212659373554622,1602
"ACP + Kalman","Information-communication",2025-06-30,0.00673880517056768,2025-03-31,0.0212659373554622,1602
"ridge + AR + Kalman","Information-communication",2025-06-30,0.0181192060773717,2025-03-31,0.0212659373554622,1602
"1+4 + Kalman","Finances et assurances",2025-06-30,0.0143785608263289,2025-03-31,-0.000740007216192495,1602
"ACP + Kalman","Finances et assurances",2025-06-30,0.0148245027393994,2025-03-31,-0.000740007216192495,1602
"ridge + AR + Kalman","Finances et assurances",2025-06-30,-0.0228668318426805,2025-03-31,-0.000740007216192495,1602
"1+4 + Kalman","Immobilier",2025-06-30,0.011654571422743,2025-03-31,0.00225126559195132,1602
"ACP + Kalman","Immobilier",2025-06-30,0.0016406887906427,2025-03-31,0.00225126559195132,1602
"ridge + AR + Kalman","Immobilier",2025-06-30,0.00820925262819105,2025-03-31,0.00225126559195132,1602
"1+4 + Kalman","Agriculture",2025-09-30,-0.0330851831818066,2025-06-30,-0.0140787530247088,1604
"ACP + Kalman","Agriculture",2025-09-30,-0.0155118366065136,2025-06-30,-0.0140787530247088,1604
"ridge + AR + Kalman","Agriculture",2025-09-30,0.000289895414904815,2025-06-30,-0.0140787530247088,1604
"1+4 + Kalman","Pêche",2025-09-30,0.314671094553419,2025-06-30,0.141488674493727,1604
"ACP + Kalman","Pêche",2025-09-30,,,0.141488674493727,1604
"ridge + AR + Kalman","Pêche",2025-09-30,0.14902933618071,2025-06-30,0.141488674493727,1604
"1+4 + Kalman","Industrie d'extraction",2025-09-30,-0.0103094018818563,2025-06-30,-0.0306857679206729,1604
"ACP + Kalman","Industrie d'extraction",2025-09-30,-0.00646371688289309,2025-06-30,-0.0306857679206729,1604
"ridge + AR + Kalman","Industrie d'extraction",2025-09-30,0.00146024630987809,2025-06-30,-0.0306857679206729,1604
"1+4 + Kalman","Industrie de transformation",2025-09-30,0.022874430572487,2025-06-30,0.0308834262611075,1604
"ACP + Kalman","Industrie de transformation",2025-09-30,0.0228952885358886,2025-06-30,0.0308834262611075,1604
"ridge + AR + Kalman","Industrie de transformation",2025-09-30,0.0335100255223598,2025-06-30,0.0308834262611075,1604
"1+4 + Kalman","Électricité, gaz, eau",2025-09-30,0.0639457550233027,2025-06-30,0.0726483567256153,1604
"ACP + Kalman","Électricité, gaz, eau",2025-09-30,0.0298697204777583,2025-06-30,0.0726483567256153,1604
"ridge + AR + Kalman","Électricité, gaz, eau",2025-09-30,0.0492629914292381,2025-06-30,0.0726483567256153,1604
"1+4 + Kalman","Construction",2025-09-30,0.0129241875250501,2025-06-30,0.0230301767543057,1604
"ACP + Kalman","Construction",2025-09-30,0.0119650415726985,2025-06-30,0.0230301767543057,1604
"ridge + AR + Kalman","Construction",2025-09-30,0.00767434698978364,2025-06-30,0.0230301767543057,1604
"1+4 + Kalman","Commerce",2025-09-30,0.00174419218789182,2025-06-30,0.00388237799968039,1604
"ACP + Kalman","Commerce",2025-09-30,0.00818658681030999,2025-06-30,0.00388237799968039,1604
"ridge + AR + Kalman","Commerce",2025-09-30,0.018621429905593,2025-06-30,0.00388237799968039,1604
"1+4 + Kalman","Transports",2025-09-30,,,-0.00840283920981122,1604
"ACP + Kalman","Transports",2025-09-30,-0.000813445323120714,2025-06-30,-0.00840283920981122,1604
"ridge + AR + Kalman","Transports",2025-09-30,-0.00135372138782478,2025-06-30,-0.00840283920981122,1604
"1+4 + Kalman","Hébergement-restauration",2025-09-30,0.0289034556200458,2025-06-30,0.0109571254893179,1604
"ACP + Kalman","Hébergement-restauration",2025-09-30,0.112125721697514,2025-06-30,0.0109571254893179,1604
"ridge + AR + Kalman","Hébergement-restauration",2025-09-30,0.0304979963258396,2025-06-30,0.0109571254893179,1604
"1+4 + Kalman","Information-communication",2025-09-30,0.0372966111848895,2025-06-30,-0.0160974475343618,1604
"ACP + Kalman","Information-communication",2025-09-30,0.00880365992080524,2025-06-30,-0.0160974475343618,1604
"ridge + AR + Kalman","Information-communication",2025-09-30,0.00163157657638612,2025-06-30,-0.0160974475343618,1604
"1+4 + Kalman","Finances et assurances",2025-09-30,0.00779309587077296,2025-06-30,0.0383171453817219,1604
"ACP + Kalman","Finances et assurances",2025-09-30,0.0137926274920794,2025-06-30,0.0383171453817219,1604
"ridge + AR + Kalman","Finances et assurances",2025-09-30,0.00550295457350159,2025-06-30,0.0383171453817219,1604
"1+4 + Kalman","Immobilier",2025-09-30,0.00612765007284394,2025-06-30,0.00139883513399042,1604
"ACP + Kalman","Immobilier",2025-09-30,0.00386861381228212,2025-06-30,0.00139883513399042,1604
"ridge + AR + Kalman","Immobilier",2025-09-30,0.00457753839003612,2025-06-30,0.00139883513399042,1604
"1+4 + Kalman","Agriculture",2025-12-31,0.0678155983840635,2025-09-30,-0.00148214583971118,1606
"ACP + Kalman","Agriculture",2025-12-31,-0.00166385613562302,2025-09-30,-0.00148214583971118,1606
"ridge + AR + Kalman","Agriculture",2025-12-31,-6.45304486481672e-05,2025-09-30,-0.00148214583971118,1606
"1+4 + Kalman","Pêche",2025-12-31,-0.279864892209043,2025-09-30,-0.181089428496749,1606
"ACP + Kalman","Pêche",2025-12-31,,,-0.181089428496749,1606
"ridge + AR + Kalman","Pêche",2025-12-31,-0.106290655374837,2025-09-30,-0.181089428496749,1606
"1+4 + Kalman","Industrie d'extraction",2025-12-31,-0.0140869881643279,2025-09-30,-0.0912476795593946,1606
"ACP + Kalman","Industrie d'extraction",2025-12-31,-0.019692542771423,2025-09-30,-0.0912476795593946,1606
"ridge + AR + Kalman","Industrie d'extraction",2025-12-31,-0.00475433279972779,2025-09-30,-0.0912476795593946,1606
"1+4 + Kalman","Industrie de transformation",2025-12-31,0.0609233271077731,2025-09-30,0.0330754169078045,1606
"ACP + Kalman","Industrie de transformation",2025-12-31,0.0630383504347482,2025-09-30,0.0330754169078045,1606
"ridge + AR + Kalman","Industrie de transformation",2025-12-31,0.0431793011742385,2025-09-30,0.0330754169078045,1606
"1+4 + Kalman","Électricité, gaz, eau",2025-12-31,-0.0171577828859962,2025-09-30,-0.0191714590402032,1606
"ACP + Kalman","Électricité, gaz, eau",2025-12-31,-0.00521538680844761,2025-09-30,-0.0191714590402032,1606
"ridge + AR + Kalman","Électricité, gaz, eau",2025-12-31,-0.0673470164699854,2025-09-30,-0.0191714590402032,1606
"1+4 + Kalman","Construction",2025-12-31,0.0107044111747293,2025-09-30,-0.000376710311417838,1606
"ACP + Kalman","Construction",2025-12-31,0.000803081498523098,2025-09-30,-0.000376710311417838,1606
"ridge + AR + Kalman","Construction",2025-12-31,0.00372673210006643,2025-09-30,-0.000376710311417838,1606
"1+4 + Kalman","Commerce",2025-12-31,0.00737627174310922,2025-09-30,0.00474667366104242,1606
"ACP + Kalman","Commerce",2025-12-31,0.000999473123921677,2025-09-30,0.00474667366104242,1606
"ridge + AR + Kalman","Commerce",2025-12-31,-0.00586945488235655,2025-09-30,0.00474667366104242,1606
"1+4 + Kalman","Transports",2025-12-31,,,0.0256348485772033,1606
"ACP + Kalman","Transports",2025-12-31,0.134782698908015,2025-09-30,0.0256348485772033,1606
"ridge + AR + Kalman","Transports",2025-12-31,0.00236236795927281,2025-09-30,0.0256348485772033,1606
"1+4 + Kalman","Hébergement-restauration",2025-12-31,-0.00581912269688131,2025-09-30,-0.0117140608570061,1606
"ACP + Kalman","Hébergement-restauration",2025-12-31,-0.155537845721146,2025-09-30,-0.0117140608570061,1606
"ridge + AR + Kalman","Hébergement-restauration",2025-12-31,-0.00429059315818527,2025-09-30,-0.0117140608570061,1606
"1+4 + Kalman","Information-communication",2025-12-31,,,0.0239716974815245,1606
"ACP + Kalman","Information-communication",2025-12-31,0.00604714338575902,2025-09-30,0.0239716974815245,1606
"ridge + AR + Kalman","Information-communication",2025-12-31,0.0150476153865753,2025-09-30,0.0239716974815245,1606
"1+4 + Kalman","Finances et assurances",2025-12-31,0.0159624883917171,2025-09-30,0.02252710319177,1606
"ACP + Kalman","Finances et assurances",2025-12-31,0.0249129315972991,2025-09-30,0.02252710319177,1606
"ridge + AR + Kalman","Finances et assurances",2025-12-31,0.0184388891384041,2025-09-30,0.02252710319177,1606
"1+4 + Kalman","Immobilier",2025-12-31,0.00562429111527388,2025-09-30,0.00356943094849527,1606
"ACP + Kalman","Immobilier",2025-12-31,0.00475007298945649,2025-09-30,0.00356943094849527,1606
"ridge + AR + Kalman","Immobilier",2025-12-31,0.00436535089602775,2025-09-30,0.00356943094849527,1606
"1+4 + Kalman","Agriculture",2026-03-31,0.0955812396201442,2025-12-31,0.189386571246226,1607
"ACP + Kalman","Agriculture",2026-03-31,-0.00522747840875378,2025-12-31,0.189386571246226,1607
"ridge + AR + Kalman","Agriculture",2026-03-31,-2.75508153107518e-05,2025-12-31,0.189386571246226,1607
"1+4 + Kalman","Pêche",2026-03-31,0.237115125672981,2025-12-31,0.222874852773161,1607
"ACP + Kalman","Pêche",2026-03-31,,,0.222874852773161,1607
"ridge + AR + Kalman","Pêche",2026-03-31,0.132649462698193,2025-12-31,0.222874852773161,1607
"1+4 + Kalman","Industrie d'extraction",2026-03-31,-0.0190504344754676,2025-12-31,0.0429938589024168,1607
"ACP + Kalman","Industrie d'extraction",2026-03-31,-0.0217262746971882,2025-12-31,0.0429938589024168,1607
"ridge + AR + Kalman","Industrie d'extraction",2026-03-31,-0.0182133312745684,2025-12-31,0.0429938589024168,1607
"1+4 + Kalman","Industrie de transformation",2026-03-31,-0.0884164010868075,2025-12-31,-0.101743963623765,1607
"ACP + Kalman","Industrie de transformation",2026-03-31,-0.0749590254055736,2025-12-31,-0.101743963623765,1607
"ridge + AR + Kalman","Industrie de transformation",2026-03-31,-0.07442939720483,2025-12-31,-0.101743963623765,1607
"1+4 + Kalman","Électricité, gaz, eau",2026-03-31,-0.103824533479034,2025-12-31,-0.0771317041623973,1607
"ACP + Kalman","Électricité, gaz, eau",2026-03-31,-0.0409703835479793,2025-12-31,-0.0771317041623973,1607
"ridge + AR + Kalman","Électricité, gaz, eau",2026-03-31,-0.0127280046595081,2025-12-31,-0.0771317041623973,1607
"1+4 + Kalman","Construction",2026-03-31,0.000496758161687159,2025-12-31,-0.0250954841631064,1607
"ACP + Kalman","Construction",2026-03-31,-0.0215359082741319,2025-12-31,-0.0250954841631064,1607
"ridge + AR + Kalman","Construction",2026-03-31,-0.00634784745304466,2025-12-31,-0.0250954841631064,1607
"1+4 + Kalman","Commerce",2026-03-31,-0.0124744272088742,2025-12-31,0.030304457095939,1607
"ACP + Kalman","Commerce",2026-03-31,-0.0234358197238132,2025-12-31,0.030304457095939,1607
"ridge + AR + Kalman","Commerce",2026-03-31,-0.00955716706699755,2025-12-31,0.030304457095939,1607
"1+4 + Kalman","Transports",2026-03-31,-0.030367450868373,2025-03-31,0.00343555107293625,1607
"ACP + Kalman","Transports",2026-03-31,-0.0811132476182785,2025-12-31,0.00343555107293625,1607
"ridge + AR + Kalman","Transports",2026-03-31,-0.0010405903273568,2025-12-31,0.00343555107293625,1607
"1+4 + Kalman","Hébergement-restauration",2026-03-31,-0.0145027769431409,2025-12-31,-0.0149369838672992,1607
"ACP + Kalman","Hébergement-restauration",2026-03-31,-0.00131788317780344,2025-12-31,-0.0149369838672992,1607
"ridge + AR + Kalman","Hébergement-restauration",2026-03-31,-0.0119385683174721,2025-12-31,-0.0149369838672992,1607
"1+4 + Kalman","Information-communication",2026-03-31,,,-0.00933597860249158,1607
"ACP + Kalman","Information-communication",2026-03-31,0.00759007266076559,2025-12-31,-0.00933597860249158,1607
"ridge + AR + Kalman","Information-communication",2026-03-31,-0.00134354681492285,2025-12-31,-0.00933597860249158,1607
"1+4 + Kalman","Finances et assurances",2026-03-31,0.00977936242272074,2025-12-31,0.0131482423939122,1607
"ACP + Kalman","Finances et assurances",2026-03-31,0.0181837775592441,2025-12-31,0.0131482423939122,1607
"ridge + AR + Kalman","Finances et assurances",2026-03-31,0.0139507995886295,2025-12-31,0.0131482423939122,1607
"1+4 + Kalman","Immobilier",2026-03-31,0.00623514569920513,2025-12-31,0.0145414287128816,1607
"ACP + Kalman","Immobilier",2026-03-31,0.00370381741304064,2025-12-31,0.0145414287128816,1607
"ridge + AR + Kalman","Immobilier",2026-03-31,0.00453616245450041,2025-12-31,0.0145414287128816,1607
