"variante","branche","origine","bridge","bvar","reel","delta_base","z","delta_etat","comb_constante","comb_etat"
"1+4. disponibilite + terme AR","Agriculture",2014-06-30,-0.00739541816059086,0.0175030651021184,0.0364714396168857,0.5,0.0847738407211447,0.5,0.00505382347076377,0.00505382347076377
"1+4. disponibilite + terme AR","Agriculture",2014-09-30,0.00388459225418809,0.00225184627887035,0.0235744177595567,0.5,0.0448441915445653,0.5,0.00306821926652922,0.00306821926652922
"1+4. disponibilite + terme AR","Agriculture",2014-12-31,0.00349390644941559,0.0200060122948302,0.0253025688850634,0.5,0.0406385634171497,0.5,0.0117499593721229,0.0117499593721229
"1+4. disponibilite + terme AR","Agriculture",2015-03-31,0.00718938427191989,0.0108141041806088,0.0521449979479787,0.5,0.0842388935363392,0.5,0.00900174422626434,0.00900174422626434
"1+4. disponibilite + terme AR","Agriculture",2015-06-30,0.00931648319323852,0.00817656924350645,0.0317672490600582,0.5,0.109777356085848,0.5,0.00874652621837248,0.00874652621837248
"1+4. disponibilite + terme AR","Agriculture",2015-09-30,-0.00617231518371172,0.00903393990976414,0.0329272719732145,0.5,0.0732334384147165,0.5,0.00143081236302621,0.00143081236302621
"1+4. disponibilite + terme AR","Agriculture",2015-12-31,0.0212369137801094,0.0118177215761837,0.00507799922861274,0.5,0.25368206552133,0.5,0.0165273176781465,0.0165273176781465
"1+4. disponibilite + terme AR","Agriculture",2016-03-31,0.00176543915644989,0.0112290717315121,-0.265832646674593,0.5,0.0212404369976475,0.5,0.00649725544398099,0.00649725544398099
"1+4. disponibilite + terme AR","Agriculture",2016-06-30,-0.016469689212565,0.0119608349124837,0.00748113104625325,0.5,0.185655039622628,0.5,-0.00225442715004065,-0.00225442715004065
"1+4. disponibilite + terme AR","Agriculture",2016-09-30,-0.00116751014110707,0.0110047042272691,0.0239103237598961,0.5,0.0132531353085929,0.5,0.00491859704308101,0.00491859704308101
"1+4. disponibilite + terme AR","Agriculture",2016-12-31,0.00526750673345059,-0.00511833500923946,0.00479642186034113,0.5,0.0601923122955566,0.5,7.45858621055652e-05,7.45858621055652e-05
"1+4. disponibilite + terme AR","Agriculture",2017-03-31,-0.0321856648840439,0.0259132369351288,0.156411418832823,0.5,0.370298126114977,0.5,-0.00313621397445755,-0.00313621397445755
"1+4. disponibilite + terme AR","Agriculture",2017-06-30,,0.00598885526714524,0.031215998995707,0.5,,0.5,0.00598885526714524,0.00598885526714524
"1+4. disponibilite + terme AR","Agriculture",2017-09-30,,0.00862831113148479,-0.001589953838673,0.5,,0.5,0.00862831113148479,0.00862831113148479
"1+4. disponibilite + terme AR","Agriculture",2017-12-31,,0.00927646707816531,-0.00572029123758178,0.5,,0.5,0.00927646707816531,0.00927646707816531
"1+4. disponibilite + terme AR","Agriculture",2018-03-31,,0.011041592661361,0.033613953651912,0.5,,0.5,0.011041592661361,0.011041592661361
"1+4. disponibilite + terme AR","Agriculture",2018-06-30,,-0.000547089117364585,0.0315396357748075,0.5,,0.5,-0.000547089117364585,-0.000547089117364585
"1+4. disponibilite + terme AR","Agriculture",2018-09-30,,0.00827543424918903,-0.0076855501979054,0.5,,0.5,0.00827543424918903,0.00827543424918903
"1+4. disponibilite + terme AR","Agriculture",2018-12-31,,0.0239542637109607,-0.00708189895160238,0.5,,0.5,0.0239542637109607,0.0239542637109607
"1+4. disponibilite + terme AR","Agriculture",2019-03-31,,0.0125525807665885,-0.0674225881272044,0.5,,0.5,0.0125525807665885,0.0125525807665885
"1+4. disponibilite + terme AR","Agriculture",2019-06-30,,0.0216583643179617,0.0269576277375521,0.5,,0.5,0.0216583643179617,0.0216583643179617
"1+4. disponibilite + terme AR","Agriculture",2019-09-30,,-0.0230737906305004,-0.00378790367855686,0.5,,0.5,-0.0230737906305004,-0.0230737906305004
"1+4. disponibilite + terme AR","Agriculture",2019-12-31,,0.00545000525263175,-0.00545796285781641,0.5,,0.5,0.00545000525263175,0.00545000525263175
"1+4. disponibilite + terme AR","Agriculture",2020-03-31,,0.000160189584848236,-0.0733468122559131,0.5,,0.5,0.000160189584848236,0.000160189584848236
"1+4. disponibilite + terme AR","Agriculture",2020-06-30,,-0.00789671527844581,0.00964980812139338,0.5,,0.5,-0.00789671527844581,-0.00789671527844581
"1+4. disponibilite + terme AR","Agriculture",2020-09-30,,0.0303985752293546,-0.0341340216865049,0.5,,0.5,0.0303985752293546,0.0303985752293546
"1+4. disponibilite + terme AR","Agriculture",2020-12-31,,-0.0104773711250303,-0.00972120420603417,0.5,,0.5,-0.0104773711250303,-0.0104773711250303
"1+4. disponibilite + terme AR","Agriculture",2021-03-31,,0.00751918162875032,0.198088349077135,0.5,,0.5,0.00751918162875032,0.00751918162875032
"1+4. disponibilite + terme AR","Agriculture",2021-06-30,,0.0057395550062642,0.00736929305629452,0.5,,0.5,0.0057395550062642,0.0057395550062642
"1+4. disponibilite + terme AR","Agriculture",2021-09-30,,0.00926930518876699,-0.00217917484074093,0.5,,0.5,0.00926930518876699,0.00926930518876699
"1+4. disponibilite + terme AR","Agriculture",2021-12-31,,0.00399440960151357,-0.00946965224747842,0.5,,0.5,0.00399440960151357,0.00399440960151357
"1+4. disponibilite + terme AR","Agriculture",2022-03-31,,0.0117318118174543,-0.106650718690272,0.5,,0.5,0.0117318118174543,0.0117318118174543
"1+4. disponibilite + terme AR","Agriculture",2022-06-30,,0.0094590102527439,-0.00714754922684868,0.5,,0.5,0.0094590102527439,0.0094590102527439
"1+4. disponibilite + terme AR","Agriculture",2022-09-30,,0.003957204692481,0.0022277626879923,0.5,,0.5,0.003957204692481,0.003957204692481
"1+4. disponibilite + terme AR","Agriculture",2022-12-31,,-0.00609200798322126,-0.00919879348349895,0.5,,0.5,-0.00609200798322126,-0.00609200798322126
"1+4. disponibilite + terme AR","Agriculture",2023-03-31,,0.0252284939868304,0.0350757280012495,0.5,,0.5,0.0252284939868304,0.0252284939868304
"1+4. disponibilite + terme AR","Agriculture",2023-06-30,,0.00363703031476224,-0.0122701816794795,0.5,,0.5,0.00363703031476224,0.00363703031476224
"1+4. disponibilite + terme AR","Agriculture",2023-09-30,,0.00556184645374601,-0.00378759914928928,0.5,,0.5,0.00556184645374601,0.00556184645374601
"1+4. disponibilite + terme AR","Agriculture",2023-12-31,,0.0235561948801528,-0.00788085316350973,0.5,,0.5,0.0235561948801528,0.0235561948801528
"1+4. disponibilite + terme AR","Agriculture",2024-03-31,,0.0149214585764306,-0.0365847420386523,0.5,,0.5,0.0149214585764306,0.0149214585764306
"1+4. disponibilite + terme AR","Agriculture",2024-06-30,,0.00116566099343259,-0.00664188506091534,0.5,,0.5,0.00116566099343259,0.00116566099343259
"1+4. disponibilite + terme AR","Agriculture",2024-09-30,,0.00222012853221105,-0.0112104142680227,0.5,,0.5,0.00222012853221105,0.00222012853221105
"1+4. disponibilite + terme AR","Agriculture",2024-12-31,,0.00389667779732688,-0.00435261931916919,0.5,,0.5,0.00389667779732688,0.00389667779732688
"1+4. disponibilite + terme AR","Agriculture",2025-03-31,,0.00480642550169154,0.100359632990509,0.5,,0.5,0.00480642550169154,0.00480642550169154
"1+4. disponibilite + terme AR","Agriculture",2025-06-30,0.00656075547029465,0.0010681782940441,-0.00473311427913181,0.5,0.0834364387165733,0.5,0.00381446688216938,0.00381446688216938
"1+4. disponibilite + terme AR","Agriculture",2025-09-30,-0.0330851831818066,0.0110220129883565,-0.0140787530247088,0.5,0.422682985425264,0.5,-0.0110315850967251,-0.0110315850967251
"1+4. disponibilite + terme AR","Agriculture",2025-12-31,0.0678155983840635,0.0061162562436078,-0.00148214583971118,0.5,0.870114786708214,0.5,0.0369659273138356,0.0369659273138356
"1+4. disponibilite + terme AR","Agriculture",2026-03-31,0.0955812396201442,0.0213610005199623,0.189386571246226,0.5,1.231923417154,0.5,0.0584711200700532,0.0584711200700532
"1+4. disponibilite + terme AR","Commerce",2014-06-30,0.0179891357957773,0.0113431434777973,0.00951978546845211,0.5,0.88230102068556,0.5,0.0146661396367873,0.0146661396367873
"1+4. disponibilite + terme AR","Commerce",2014-09-30,0.00268743744125319,0.00841997445921111,-0.0115603603846139,0.5,0.132845417212765,0.5,0.00555370595023215,0.00555370595023215
"1+4. disponibilite + terme AR","Commerce",2014-12-31,0.0052746672634328,0.00839443354473628,-0.0494865182085977,0.5,0.260885386460017,0.5,0.00683455040408454,0.00683455040408454
"1+4. disponibilite + terme AR","Commerce",2015-03-31,-0.00510279083054682,0.00618332612570919,0.0315083401930245,0.5,0.240147324554157,0.5,0.000540267647581185,0.000540267647581185
"1+4. disponibilite + terme AR","Commerce",2015-06-30,-0.00133639724030784,0.00771943368934421,0.0159370922398132,0.5,0.062743450750973,0.5,0.00319151822451818,0.00319151822451818
"1+4. disponibilite + terme AR","Commerce",2015-09-30,-0.0127352069589509,0.00742562113757371,-0.0019131817420277,0.5,0.60162724293167,0.5,-0.0026547929106886,-0.0026547929106886
"1+4. disponibilite + terme AR","Commerce",2015-12-31,-0.0182300570161131,0.00779999199756191,0.00735412998310103,0.5,0.866307151602631,0.5,-0.0052150325092756,-0.0052150325092756
"1+4. disponibilite + terme AR","Commerce",2016-03-31,-0.0144099435561356,0.00901624417504578,-0.0158055279342868,0.5,0.689716422059688,0.5,-0.00269684969054491,-0.00269684969054491
"1+4. disponibilite + terme AR","Commerce",2016-06-30,0.00531372555818417,0.00830763453854398,0.0133516373977667,0.5,0.253974408575857,0.5,0.00681068004836407,0.00681068004836407
"1+4. disponibilite + terme AR","Commerce",2016-09-30,0.0213022656988235,0.00918927208823553,0.0267524972525734,0.5,1.02463881014934,0.5,0.0152457688935295,0.0152457688935295
"1+4. disponibilite + terme AR","Commerce",2016-12-31,-0.0238704338131333,0.0113671150462135,0.0309847865136277,0.5,1.14905122139584,0.5,-0.0062516593834599,-0.0062516593834599
"1+4. disponibilite + terme AR","Commerce",2017-03-31,0.00506498798242062,0.00984818921105807,0.00917546195855401,0.5,0.243348633750498,0.5,0.00745658859673935,0.00745658859673935
"1+4. disponibilite + terme AR","Commerce",2017-06-30,0.0111914916252458,0.0104128510203937,-0.00349218376741867,0.5,0.541298604539719,0.5,0.0108021713228197,0.0108021713228197
"1+4. disponibilite + terme AR","Commerce",2017-09-30,0.00314917679403743,0.00960355702342151,-0.0111426180419461,0.5,0.153036948754385,0.5,0.00637636690872947,0.00637636690872947
"1+4. disponibilite + terme AR","Commerce",2017-12-31,0.002838509505627,0.00875786849729404,0.0160473615406325,0.5,0.138111001375471,0.5,0.00579818900146052,0.00579818900146052
"1+4. disponibilite + terme AR","Commerce",2018-03-31,0.00717305479043686,0.00942639477500668,-0.0230462931639384,0.5,0.350860431493585,0.5,0.00829972478272177,0.00829972478272177
"1+4. disponibilite + terme AR","Commerce",2018-06-30,0.012531549023664,0.00713397560948433,0.00870212621648037,0.5,0.608419797190183,0.5,0.00983276231657416,0.00983276231657416
"1+4. disponibilite + terme AR","Commerce",2018-09-30,-0.00340269934438126,0.00817826905196376,0.00962442845128741,0.5,0.166239661691365,0.5,0.00238778485379125,0.00238778485379125
"1+4. disponibilite + terme AR","Commerce",2018-12-31,-0.0110312503549538,0.00718587423336388,0.0165859648209938,0.5,0.542237217625754,0.5,-0.00192268806079496,-0.00192268806079496
"1+4. disponibilite + terme AR","Commerce",2019-03-31,-0.00604417757690523,0.00947184643730503,-0.0198319410856413,0.5,0.298526668816467,0.5,0.0017138344301999,0.0017138344301999
"1+4. disponibilite + terme AR","Commerce",2019-06-30,0.011772021450703,0.00798376200343544,0.0339504681612155,0.5,0.578803749157222,0.5,0.00987789172706922,0.00987789172706922
"1+4. disponibilite + terme AR","Commerce",2019-09-30,-0.00479662330035415,0.00423099134570187,-0.00535962123528755,0.5,0.234782993241706,0.5,-0.00028281597732614,-0.00028281597732614
"1+4. disponibilite + terme AR","Commerce",2019-12-31,-0.0184596433126704,0.00764851495452053,-0.0070521019456713,0.5,0.906919510687203,0.5,-0.00540556417907494,-0.00540556417907494
"1+4. disponibilite + terme AR","Commerce",2020-03-31,-0.00728399063979514,0.00587772398831716,-0.0169610578868529,0.5,0.358966573818778,0.5,-0.00070313332573899,-0.00070313332573899
"1+4. disponibilite + terme AR","Commerce",2020-06-30,-0.0208083617565985,-0.00373383217959304,-0.150671734390357,0.5,1.02335270690712,0.5,-0.0122710969680958,-0.0122710969680958
"1+4. disponibilite + terme AR","Commerce",2020-09-30,0.00587794551800452,0.00223355698600013,0.108126994394249,0.5,0.224329302437232,0.5,0.00405575125200233,0.00405575125200233
"1+4. disponibilite + terme AR","Commerce",2020-12-31,-0.0196328611064297,0.0101776845920583,0.020045836468638,0.5,0.69522770374326,0.5,-0.0047275882571857,-0.0047275882571857
"1+4. disponibilite + terme AR","Commerce",2021-03-31,-0.00298328366169832,0.00574794982962526,0.0273111173838672,0.5,0.106087438860085,0.5,0.00138233308396347,0.00138233308396347
"1+4. disponibilite + terme AR","Commerce",2021-06-30,-0.00967077648634919,0.00798502471855052,0.00987582878233084,0.5,0.34472865366476,0.5,-0.000842875883899336,-0.000842875883899336
"1+4. disponibilite + terme AR","Commerce",2021-09-30,0.0123083360636664,0.00671087992601535,0.0199199534821144,0.5,0.441114186508108,0.5,0.00950960799484087,0.00950960799484087
"1+4. disponibilite + terme AR","Commerce",2021-12-31,0.0121723060095566,0.00693632237177593,0.0158034521479156,0.5,0.438048776080213,0.5,0.00955431419066627,0.00955431419066627
"1+4. disponibilite + terme AR","Commerce",2022-03-31,0.0313756480765767,0.00754371163520957,-0.0348034749137724,0.5,1.13450644890193,0.5,0.0194596798558931,0.0194596798558931
"1+4. disponibilite + terme AR","Commerce",2022-06-30,0.014262183166893,0.00619107793211208,0.007272295596783,0.5,0.512424724973737,0.5,0.0102266305495025,0.0102266305495025
"1+4. disponibilite + terme AR","Commerce",2022-09-30,0.0161706789094201,0.00789595555450624,-0.00708032889736465,0.5,0.584040118790773,0.5,0.0120333172319632,0.0120333172319632
"1+4. disponibilite + terme AR","Commerce",2022-12-31,0.00318609604247535,0.00534596443128551,0.0110248570649674,0.5,0.115533886403941,0.5,0.00426603023688043,0.00426603023688043
"1+4. disponibilite + terme AR","Commerce",2023-03-31,0.0182193938342152,0.00412565968777209,0.0160767305589786,0.5,0.663956784287121,0.5,0.0111725267609936,0.0111725267609936
"1+4. disponibilite + terme AR","Commerce",2023-06-30,0.00846172700813452,0.00632108389055682,0.00646517716538497,0.5,0.30972787990245,0.5,0.00739140544934567,0.00739140544934567
"1+4. disponibilite + terme AR","Commerce",2023-09-30,0.00248065802581014,0.00572550601442212,0.00237756549880963,0.5,0.0912578854841826,0.5,0.00410308202011613,0.00410308202011613
"1+4. disponibilite + terme AR","Commerce",2023-12-31,-0.0130629818131524,0.00324694141132473,0.00844315463132972,0.5,0.482907237260412,0.5,-0.00490802020091383,-0.00490802020091383
"1+4. disponibilite + terme AR","Commerce",2024-03-31,-0.00547634998857171,0.00555246499214392,0.0184637520602795,0.5,0.203440315797086,0.5,3.8057501786105e-05,3.8057501786105e-05
"1+4. disponibilite + terme AR","Commerce",2024-06-30,0.0249396992725347,0.0069416337032158,0.000290896215341618,0.5,0.930075466155584,0.5,0.0159406664878752,0.0159406664878752
"1+4. disponibilite + terme AR","Commerce",2024-09-30,0.0142707161940185,0.00659218049984048,0.0154439711545749,0.5,0.534644904218926,0.5,0.0104314483469295,0.0104314483469295
"1+4. disponibilite + terme AR","Commerce",2024-12-31,0.0120615371379464,0.00670576123591258,0.00571468262867647,0.5,0.453790572689852,0.5,0.00938364918692949,0.00938364918692949
"1+4. disponibilite + terme AR","Commerce",2025-03-31,-0.0319128862595527,0.00694655096532436,0.0248772545888567,0.5,1.20635749894092,0.5,-0.0124831676471142,-0.0124831676471142
"1+4. disponibilite + terme AR","Commerce",2025-06-30,0.0367073438997774,0.00573931300723424,0.00124917416875725,0.5,1.39093678550947,0.5,0.0212233284535058,0.0212233284535058
"1+4. disponibilite + terme AR","Commerce",2025-09-30,0.00174419218789182,0.00734920802397538,0.00388237799968039,0.5,0.0663878889260588,0.5,0.0045467001059336,0.0045467001059336
"1+4. disponibilite + terme AR","Commerce",2025-12-31,0.00737627174310922,0.00650358951918271,0.00474667366104242,0.5,0.282041876037668,0.5,0.00693993063114596,0.00693993063114596
"1+4. disponibilite + terme AR","Commerce",2026-03-31,-0.0124744272088742,0.00558437278021224,0.030304457095939,0.5,0.479150705692205,0.5,-0.00344502721433098,-0.00344502721433098
"1+4. disponibilite + terme AR","Construction",2014-06-30,0.00707754586886146,0.0135342524661724,0.00447736474689187,0.5,0.511304662656268,0.5,0.0103058991675169,0.0103058991675169
"1+4. disponibilite + terme AR","Construction",2014-09-30,0.00238258009764325,0.0139608835007986,-0.000619901584931526,0.5,0.17307963784851,0.5,0.00817173179922093,0.00817173179922093
"1+4. disponibilite + terme AR","Construction",2014-12-31,0.00762191427644358,0.0135108994581792,-0.0170090243189662,0.5,0.554446965098906,0.5,0.0105664068673114,0.0105664068673114
"1+4. disponibilite + terme AR","Construction",2015-03-31,0.00595951063537087,0.0119242811701445,-0.00530943948553997,0.5,0.423024810719887,0.5,0.00894189590275768,0.00894189590275768
"1+4. disponibilite + terme AR","Construction",2015-06-30,0.00244773851550581,0.0111879956953914,0.0209819845460189,0.5,0.173264178336012,0.5,0.0068178671054486,0.0068178671054486
"1+4. disponibilite + terme AR","Construction",2015-09-30,0.00740434898072832,0.0120684962486412,0.0115194109871428,0.5,0.526121948925974,0.5,0.00973642261468476,0.00973642261468476
"1+4. disponibilite + terme AR","Construction",2015-12-31,0.0035722659190086,0.0114004814166324,0.032079368271992,0.5,0.255689023144377,0.5,0.0074863736678205,0.0074863736678205
"1+4. disponibilite + terme AR","Construction",2016-03-31,,0.0130882506551527,0.0187855153946899,0.5,,0.5,0.0130882506551527,0.0130882506551527
"1+4. disponibilite + terme AR","Construction",2016-06-30,,0.012669329199756,-0.00501930687227414,0.5,,0.5,0.012669329199756,0.012669329199756
"1+4. disponibilite + terme AR","Construction",2016-09-30,,0.011636632309017,-0.00562759321653061,0.5,,0.5,0.011636632309017,0.011636632309017
"1+4. disponibilite + terme AR","Construction",2016-12-31,,0.0124515873959961,-0.0052620417260254,0.5,,0.5,0.0124515873959961,0.0124515873959961
"1+4. disponibilite + terme AR","Construction",2017-03-31,0.00385028176080414,0.0105025955245449,0.0132064022878779,0.5,0.272491108380122,0.5,0.00717643864267452,0.00717643864267452
"1+4. disponibilite + terme AR","Construction",2017-06-30,,0.0117889777110755,0.000867405836450175,0.5,,0.5,0.0117889777110755,0.0117889777110755
"1+4. disponibilite + terme AR","Construction",2017-09-30,,0.0114155714823311,0.017936616006887,0.5,,0.5,0.0114155714823311,0.0114155714823311
"1+4. disponibilite + terme AR","Construction",2017-12-31,,0.0115486012069794,-0.00784029652175278,0.5,,0.5,0.0115486012069794,0.0115486012069794
"1+4. disponibilite + terme AR","Construction",2018-03-31,,0.0107415786772516,0.026272471549829,0.5,,0.5,0.0107415786772516,0.0107415786772516
"1+4. disponibilite + terme AR","Construction",2018-06-30,,0.0130643283125074,0.00736116363280281,0.5,,0.5,0.0130643283125074,0.0130643283125074
"1+4. disponibilite + terme AR","Construction",2018-09-30,,0.0113876526016158,-0.0192666965708348,0.5,,0.5,0.0113876526016158,0.0113876526016158
"1+4. disponibilite + terme AR","Construction",2018-12-31,,0.0100600784924261,-0.0524286380169254,0.5,,0.5,0.0100600784924261,0.0100600784924261
"1+4. disponibilite + terme AR","Construction",2019-03-31,-0.0119816459668406,0.00885098456855127,0.0166559720067418,0.5,0.760818454414711,0.5,-0.00156533069914467,-0.00156533069914467
"1+4. disponibilite + terme AR","Construction",2019-06-30,,0.0119527879653205,0.0481920910731386,0.5,,0.5,0.0119527879653205,0.0119527879653205
"1+4. disponibilite + terme AR","Construction",2019-09-30,,0.014249309052876,0.0125910845192418,0.5,,0.5,0.014249309052876,0.014249309052876
"1+4. disponibilite + terme AR","Construction",2019-12-31,,0.00895884970361975,-0.0273069523615579,0.5,,0.5,0.00895884970361975,0.00895884970361975
"1+4. disponibilite + terme AR","Construction",2020-03-31,,0.00726370133625902,0.000213553084455143,0.5,,0.5,0.00726370133625902,0.00726370133625902
"1+4. disponibilite + terme AR","Construction",2020-06-30,,0.000543484826574807,-0.102776372819593,0.5,,0.5,0.000543484826574807,0.000543484826574807
"1+4. disponibilite + terme AR","Construction",2020-09-30,,-0.000286293027691621,0.0356201479127147,0.5,,0.5,-0.000286293027691621,-0.000286293027691621
"1+4. disponibilite + terme AR","Construction",2020-12-31,0.0145130168387476,0.0127320820427462,0.072642691639901,0.5,0.715841457730703,0.5,0.0136225494407469,0.0136225494407469
"1+4. disponibilite + terme AR","Construction",2021-03-31,0.0183386315396939,0.0137820274801226,-0.00494022963371066,0.5,0.863263364784407,0.5,0.0160603295099082,0.0160603295099082
"1+4. disponibilite + terme AR","Construction",2021-06-30,0.00742100108394215,0.0099200849104172,-0.00250132109599832,0.5,0.350380840580944,0.5,0.00867054299717968,0.00867054299717968
"1+4. disponibilite + terme AR","Construction",2021-09-30,0.00748224547747619,0.00986454778203801,0.0107028535882208,0.5,0.35460726035855,0.5,0.0086733966297571,0.0086733966297571
"1+4. disponibilite + terme AR","Construction",2021-12-31,0.0118502611401467,0.0129192439234903,0.00772099252970015,0.5,0.564650028414245,0.5,0.0123847525318185,0.0123847525318185
"1+4. disponibilite + terme AR","Construction",2022-03-31,0.00597601075835367,0.00953832346164042,-0.026866287683136,0.5,0.286268449647022,0.5,0.00775716710999705,0.00775716710999705
"1+4. disponibilite + terme AR","Construction",2022-06-30,0.000271770436302773,0.00923638063925402,-0.0038148328637746,0.5,0.0128867245815591,0.5,0.0047540755377784,0.0047540755377784
"1+4. disponibilite + terme AR","Construction",2022-09-30,0.00448150755758655,0.0088818641192418,-0.0309753266623467,0.5,0.213219462934364,0.5,0.00668168583841417,0.00668168583841417
"1+4. disponibilite + terme AR","Construction",2022-12-31,,0.00502176900630458,-0.0138810252956052,0.5,,0.5,0.00502176900630458,0.00502176900630458
"1+4. disponibilite + terme AR","Construction",2023-03-31,,0.00137059462271156,0.0264176726138974,0.5,,0.5,0.00137059462271156,0.00137059462271156
"1+4. disponibilite + terme AR","Construction",2023-06-30,,0.0102549162102403,0.00252741405244095,0.5,,0.5,0.0102549162102403,0.0102549162102403
"1+4. disponibilite + terme AR","Construction",2023-09-30,,0.0087000006609335,0.00248876146185317,0.5,,0.5,0.0087000006609335,0.0087000006609335
"1+4. disponibilite + terme AR","Construction",2023-12-31,,0.00693905551430475,0.00486264809430104,0.5,,0.5,0.00693905551430475,0.00693905551430475
"1+4. disponibilite + terme AR","Construction",2024-03-31,0.00651160728073925,0.00750063107069851,0.0243786805323758,0.5,0.310487677590271,0.5,0.00700611917571888,0.00700611917571888
"1+4. disponibilite + terme AR","Construction",2024-06-30,0.00832276804843119,0.0105724448604855,0.0131434129712957,0.5,0.39762807042637,0.5,0.00944760645445835,0.00944760645445835
"1+4. disponibilite + terme AR","Construction",2024-09-30,0.0141307021754891,0.00754080486595122,0.0334036782533733,0.5,0.678199696529883,0.5,0.0108357535207202,0.0108357535207202
"1+4. disponibilite + terme AR","Construction",2024-12-31,0.0152973212008605,0.00902142194442809,0.00587796447580935,0.5,0.732669038407675,0.5,0.0121593715726443,0.0121593715726443
"1+4. disponibilite + terme AR","Construction",2025-03-31,0.00316123251367846,0.0107764162004622,0.0164348782556303,0.5,0.152115579770972,0.5,0.00696882435707033,0.00696882435707033
"1+4. disponibilite + terme AR","Construction",2025-06-30,0.0108388218715777,0.0111057481407055,0.0173260458459641,0.5,0.523653795964569,0.5,0.0109722850061416,0.0109722850061416
"1+4. disponibilite + terme AR","Construction",2025-09-30,0.0140341164722111,0.00834907634842199,0.0230301767543057,0.5,0.680627957738062,0.5,0.0111915964103165,0.0111915964103165
"1+4. disponibilite + terme AR","Construction",2025-12-31,0.0105856215655104,0.00878617933429037,-0.000376710311417838,0.5,0.514610897689534,0.5,0.00968590044990039,0.00968590044990039
"1+4. disponibilite + terme AR","Construction",2026-03-31,-0.00228383353376849,0.0111984473797093,-0.0250954841631064,0.5,0.111433836052385,0.5,0.00445730692297041,0.00445730692297041
"1+4. disponibilite + terme AR","Finances et assurances",2014-06-30,0.0122319802533327,0.0140681567625369,0.00979204446059612,0.5,0.598590543345195,0.5,0.0131500685079348,0.0131500685079348
"1+4. disponibilite + terme AR","Finances et assurances",2014-09-30,0.00655638121817753,0.0146312688234217,0.0108712876306072,0.5,0.323343593242312,0.5,0.0105938250207996,0.0105938250207996
"1+4. disponibilite + terme AR","Finances et assurances",2014-12-31,0.0145349835994395,0.0121648395804871,0.00817212302553116,0.5,0.722378326741849,0.5,0.0133499115899633,0.0133499115899633
"1+4. disponibilite + terme AR","Finances et assurances",2015-03-31,0.00946711593143806,0.0121945974410465,0.0025733872860485,0.5,0.473964837431264,0.5,0.0108308566862423,0.0108308566862423
"1+4. disponibilite + terme AR","Finances et assurances",2015-06-30,0.00642796161453233,0.012426105066098,-0.000283635140750249,0.5,0.323677698488197,0.5,0.00942703334031516,0.00942703334031516
"1+4. disponibilite + terme AR","Finances et assurances",2015-09-30,0.00712623620767374,0.0129537372037148,0.00555168992811517,0.5,0.360481706989524,0.5,0.0100399867056943,0.0100399867056943
"1+4. disponibilite + terme AR","Finances et assurances",2015-12-31,0.0051313154024268,0.0117430605231681,0.0216448096360278,0.5,0.261274984400706,0.5,0.00843718796279745,0.00843718796279745
"1+4. disponibilite + terme AR","Finances et assurances",2016-03-31,-0.00547972522392873,0.0153764876598674,0.0116644403276638,0.5,0.280527226158304,0.5,0.00494838121796934,0.00494838121796934
"1+4. disponibilite + terme AR","Finances et assurances",2016-06-30,0.0108997856671717,0.0151314048367449,0.0132480316692885,0.5,0.56197076167595,0.5,0.0130155952519583,0.0130155952519583
"1+4. disponibilite + terme AR","Finances et assurances",2016-09-30,0.0089905211639972,0.0116688289538044,0.0406230501366736,0.5,0.466771135813153,0.5,0.0103296750589008,0.0103296750589008
"1+4. disponibilite + terme AR","Finances et assurances",2016-12-31,0.0152318917276414,0.0141647063806995,-0.0101673768515305,0.5,0.784470662278482,0.5,0.0146982990541705,0.0146982990541705
"1+4. disponibilite + terme AR","Finances et assurances",2017-03-31,-0.00189879382444303,0.0102546490414968,0.00552692213443429,0.5,0.0975764269742913,0.5,0.00417792760852688,0.00417792760852688
"1+4. disponibilite + terme AR","Finances et assurances",2017-06-30,0.0173822960267603,0.0116480143021699,0.0236163865511507,0.5,0.898595661907107,0.5,0.0145151551644651,0.0145151551644651
"1+4. disponibilite + terme AR","Finances et assurances",2017-09-30,0.0072312316793639,0.0130385624814541,-0.00152331413688955,0.5,0.37541391180562,0.5,0.010134897080409,0.010134897080409
"1+4. disponibilite + terme AR","Finances et assurances",2017-12-31,0.00724967073854659,0.0123311502410938,-0.00363516724733692,0.5,0.377612458887194,0.5,0.00979041048982019,0.00979041048982019
"1+4. disponibilite + terme AR","Finances et assurances",2018-03-31,-0.00153927522042797,0.011140428531226,0.0129764503213643,0.5,0.0803567336204848,0.5,0.00480057665539901,0.00480057665539901
"1+4. disponibilite + terme AR","Finances et assurances",2018-06-30,0.0148450802535756,0.0138091384445282,-0.00435156893570188,0.5,0.779907903543245,0.5,0.0143271093490519,0.0143271093490519
"1+4. disponibilite + terme AR","Finances et assurances",2018-09-30,0.0137490794852582,0.0115706784504298,0.00735193248656962,0.5,0.723653630768327,0.5,0.012659878967844,0.012659878967844
"1+4. disponibilite + terme AR","Finances et assurances",2018-12-31,0.00621908946868007,0.00874297886195605,0.0110438895944789,0.5,0.329268526235232,0.5,0.00748103416531806,0.00748103416531806
"1+4. disponibilite + terme AR","Finances et assurances",2019-03-31,0.00715298136197451,0.0100667958222359,0.0315392522985256,0.5,0.381042440539802,0.5,0.0086098885921052,0.0086098885921052
"1+4. disponibilite + terme AR","Finances et assurances",2019-06-30,0.0115695993324715,0.0139581707063801,0.000435811706188005,0.5,0.615849939148721,0.5,0.0127638850194258,0.0127638850194258
"1+4. disponibilite + terme AR","Finances et assurances",2019-09-30,0.014067125535114,0.0144508412845183,0.0130609593133908,0.5,0.751672823121438,0.5,0.0142589834098161,0.0142589834098161
"1+4. disponibilite + terme AR","Finances et assurances",2019-12-31,0.0103976276300146,0.0120688123557421,0.00825566078032658,0.5,0.558871665988927,0.5,0.0112332199928784,0.0112332199928784
"1+4. disponibilite + terme AR","Finances et assurances",2020-03-31,0.00501686340484693,0.0121198820341142,-0.0212114526144092,0.5,0.27118598045733,0.5,0.00856837271948056,0.00856837271948056
"1+4. disponibilite + terme AR","Finances et assurances",2020-06-30,0.0159828628865533,0.00518195860742856,0.0113083327777996,0.5,0.853677669869715,0.5,0.0105824107469909,0.0105824107469909
"1+4. disponibilite + terme AR","Finances et assurances",2020-09-30,0.00895724386923676,0.00614068207830312,0.00678756570547989,0.5,0.481166505554454,0.5,0.00754896297376994,0.00754896297376994
"1+4. disponibilite + terme AR","Finances et assurances",2020-12-31,0.00695798974416917,0.00787272860201549,0.0114494849451461,0.5,0.375768776238547,0.5,0.00741535917309233,0.00741535917309233
"1+4. disponibilite + terme AR","Finances et assurances",2021-03-31,0.00467702057470433,0.0157067490056733,-0.00739307250548649,0.5,0.253998912244069,0.5,0.0101918847901888,0.0101918847901888
"1+4. disponibilite + terme AR","Finances et assurances",2021-06-30,0.0145258886560461,0.0132416318975279,0.0281576114642981,0.5,0.788849144050849,0.5,0.013883760276787,0.013883760276787
"1+4. disponibilite + terme AR","Finances et assurances",2021-09-30,0.00398711678353411,0.0123493802492189,0.00585438399346749,0.5,0.216688050493867,0.5,0.00816824851637651,0.00816824851637651
"1+4. disponibilite + terme AR","Finances et assurances",2021-12-31,0.00668241218839003,0.0134169140860317,0.016641170500078,0.5,0.364975410292087,0.5,0.0100496631372109,0.0100496631372109
"1+4. disponibilite + terme AR","Finances et assurances",2022-03-31,0.00423202229119188,0.0118596036462315,0.0414257987284206,0.5,0.232267600314903,0.5,0.00804581296871169,0.00804581296871169
"1+4. disponibilite + terme AR","Finances et assurances",2022-06-30,0.0109479762412991,0.0122908502458726,0.031410255383383,0.5,0.5954575928475,0.5,0.0116194132435859,0.0116194132435859
"1+4. disponibilite + terme AR","Finances et assurances",2022-09-30,0.00769057406516276,0.0138281071378301,0.0122236867003789,0.5,0.417930213491542,0.5,0.0107593406014964,0.0107593406014964
"1+4. disponibilite + terme AR","Finances et assurances",2022-12-31,0.00964811436399565,0.0148010203077491,0.00818990746985371,0.5,0.52703042467593,0.5,0.0122245673358724,0.0122245673358724
"1+4. disponibilite + terme AR","Finances et assurances",2023-03-31,-1.20055992339081e-05,0.0098605338753833,0.0177076136496304,0.5,0.000659058339577055,0.5,0.0049242641380747,0.0049242641380747
"1+4. disponibilite + terme AR","Finances et assurances",2023-06-30,0.012705237901042,0.0147002203889168,0.0142309413674457,0.5,0.700622840628043,0.5,0.0137027291449794,0.0137027291449794
"1+4. disponibilite + terme AR","Finances et assurances",2023-09-30,0.0089274151931457,0.0138909190340834,0.0138611051650379,0.5,0.49472905106137,0.5,0.0114091671136145,0.0114091671136145
"1+4. disponibilite + terme AR","Finances et assurances",2023-12-31,0.0104657862323792,0.0140112648383389,0.0205123675274645,0.5,0.58283305151569,0.5,0.0122385255353591,0.0122385255353591
"1+4. disponibilite + terme AR","Finances et assurances",2024-03-31,0.00914137971047391,0.0157533574911074,0.034226988537851,0.5,0.510995303036076,0.5,0.0124473686007907,0.0124473686007907
"1+4. disponibilite + terme AR","Finances et assurances",2024-06-30,0.00762439433470097,0.013729697055497,0.00677789865920531,0.5,0.42505992458852,0.5,0.010677045695099,0.010677045695099
"1+4. disponibilite + terme AR","Finances et assurances",2024-09-30,0.0112759014454074,0.0132938858143099,0.0307983277209374,0.5,0.631413547130198,0.5,0.0122848936298586,0.0122848936298586
"1+4. disponibilite + terme AR","Finances et assurances",2024-12-31,0.0122312097495603,0.0146411711588781,0.024404004984877,0.5,0.684589075621042,0.5,0.0134361904542192,0.0134361904542192
"1+4. disponibilite + terme AR","Finances et assurances",2025-03-31,0.0127794964142313,0.0169947542814617,-0.00576523644903126,0.5,0.717092262519302,0.5,0.0148871253478465,0.0148871253478465
"1+4. disponibilite + terme AR","Finances et assurances",2025-06-30,0.0143785608263289,0.0131166084060867,-0.000740007216192495,0.5,0.80675615550513,0.5,0.0137475846162078,0.0137475846162078
"1+4. disponibilite + terme AR","Finances et assurances",2025-09-30,0.00779309587077296,0.0121431557847343,0.0383171453817219,0.5,0.438239965108305,0.5,0.00996812582775363,0.00996812582775363
"1+4. disponibilite + terme AR","Finances et assurances",2025-12-31,0.0159624883917171,0.0161887632976205,0.02252710319177,0.5,0.892863895917377,0.5,0.0160756258446688,0.0160756258446688
"1+4. disponibilite + terme AR","Finances et assurances",2026-03-31,0.00977936242272074,0.0145541845518335,0.0131482423939122,0.5,0.548688901639249,0.5,0.0121667734872771,0.0121667734872771
"1+4. disponibilite + terme AR","Hébergement-restauration",2014-06-30,,0.00983910294422055,0.0579051413275486,0.5,,0.5,0.00983910294422055,0.00983910294422055
"1+4. disponibilite + terme AR","Hébergement-restauration",2014-09-30,,0.00486007960335512,-0.100719732558025,0.5,,0.5,0.00486007960335512,0.00486007960335512
"1+4. disponibilite + terme AR","Hébergement-restauration",2014-12-31,,0.0127718705720377,0.0187926552611444,0.5,,0.5,0.0127718705720377,0.0127718705720377
"1+4. disponibilite + terme AR","Hébergement-restauration",2015-03-31,,0.0117067939875733,0.0127819913735721,0.5,,0.5,0.0117067939875733,0.0117067939875733
"1+4. disponibilite + terme AR","Hébergement-restauration",2015-06-30,,0.00659599488759563,0.0151974154132208,0.5,,0.5,0.00659599488759563,0.00659599488759563
"1+4. disponibilite + terme AR","Hébergement-restauration",2015-09-30,,0.0043976729383019,-0.0394942050942486,0.5,,0.5,0.0043976729383019,0.0043976729383019
"1+4. disponibilite + terme AR","Hébergement-restauration",2015-12-31,,0.0082287362069184,0.0175488642456987,0.5,,0.5,0.0082287362069184,0.0082287362069184
"1+4. disponibilite + terme AR","Hébergement-restauration",2016-03-31,,0.00320641508772281,0.00665704009847978,0.5,,0.5,0.00320641508772281,0.00320641508772281
"1+4. disponibilite + terme AR","Hébergement-restauration",2016-06-30,,0.00481813281520201,-0.00832824764845164,0.5,,0.5,0.00481813281520201,0.00481813281520201
"1+4. disponibilite + terme AR","Hébergement-restauration",2016-09-30,,0.010002523529641,0.0560471819745558,0.5,,0.5,0.010002523529641,0.010002523529641
"1+4. disponibilite + terme AR","Hébergement-restauration",2016-12-31,,0.00120753395646334,0.0195963775895027,0.5,,0.5,0.00120753395646334,0.00120753395646334
"1+4. disponibilite + terme AR","Hébergement-restauration",2017-03-31,,0.00711099636681498,0.0277996430464089,0.5,,0.5,0.00711099636681498,0.00711099636681498
"1+4. disponibilite + terme AR","Hébergement-restauration",2017-06-30,,0.00856153945787162,0.0278215922434324,0.5,,0.5,0.00856153945787162,0.00856153945787162
"1+4. disponibilite + terme AR","Hébergement-restauration",2017-09-30,,0.00691199529715454,0.0102951493030083,0.5,,0.5,0.00691199529715454,0.00691199529715454
"1+4. disponibilite + terme AR","Hébergement-restauration",2017-12-31,,0.00981137840994608,0.0188149524720291,0.5,,0.5,0.00981137840994608,0.00981137840994608
"1+4. disponibilite + terme AR","Hébergement-restauration",2018-03-31,,0.00953803869056786,0.0248370780464207,0.5,,0.5,0.00953803869056786,0.00953803869056786
"1+4. disponibilite + terme AR","Hébergement-restauration",2018-06-30,,0.00207637268526864,0.0148534421343882,0.5,,0.5,0.00207637268526864,0.00207637268526864
"1+4. disponibilite + terme AR","Hébergement-restauration",2018-09-30,,0.00731935416302951,-0.0200453834008396,0.5,,0.5,0.00731935416302951,0.00731935416302951
"1+4. disponibilite + terme AR","Hébergement-restauration",2018-12-31,,0.0123239497643486,0.0330719091401885,0.5,,0.5,0.0123239497643486,0.0123239497643486
"1+4. disponibilite + terme AR","Hébergement-restauration",2019-03-31,,0.00951525106807088,0.0107181372644138,0.5,,0.5,0.00951525106807088,0.00951525106807088
"1+4. disponibilite + terme AR","Hébergement-restauration",2019-06-30,,-0.00119713255112923,0.0402913731091044,0.5,,0.5,-0.00119713255112923,-0.00119713255112923
"1+4. disponibilite + terme AR","Hébergement-restauration",2019-09-30,,-0.00655275657677681,-0.0688778865997968,0.5,,0.5,-0.00655275657677681,-0.00655275657677681
"1+4. disponibilite + terme AR","Hébergement-restauration",2019-12-31,,0.0106792338947299,0.0396077656015432,0.5,,0.5,0.0106792338947299,0.0106792338947299
"1+4. disponibilite + terme AR","Hébergement-restauration",2020-03-31,0.000947758514421481,0.0133225193882025,-0.329368517252892,0.5,0.0315948796353589,0.5,0.00713513895131199,0.00713513895131199
"1+4. disponibilite + terme AR","Hébergement-restauration",2020-06-30,-0.817338392307201,-0.0331484908175594,-0.857041072981717,0.5,17.4750652052372,0,-0.42524344156238,-0.817338392307201
"1+4. disponibilite + terme AR","Hébergement-restauration",2020-09-30,1.05418007774149,0.0143057816461628,0.152814674284517,0.5,10.2838439039884,0,0.534242929693826,1.05418007774149
"1+4. disponibilite + terme AR","Hébergement-restauration",2020-12-31,0.292240412561478,-0.0272265445436888,0.184991785349833,0.5,2.82965329548465,0,0.132506934008895,0.292240412561478
"1+4. disponibilite + terme AR","Hébergement-restauration",2021-03-31,-0.0257631089378497,0.00744481785676402,0.108593379555545,0.5,0.246350307527725,0.5,-0.00915914554054284,-0.00915914554054284
"1+4. disponibilite + terme AR","Hébergement-restauration",2021-06-30,0.0867461642879876,0.00901626202888402,0.0325203058080987,0.5,0.829077610248242,0.5,0.0478812131584358,0.0478812131584358
"1+4. disponibilite + terme AR","Hébergement-restauration",2021-09-30,0.0543279372186962,0.0079785573142786,0.0912570059284388,0.5,0.521812959235507,0.5,0.0311532472664874,0.0311532472664874
"1+4. disponibilite + terme AR","Hébergement-restauration",2021-12-31,-0.000620201938207601,0.00510192362131615,0.0662513211980329,0.5,0.00596490060180353,0.5,0.00224086084155427,0.00224086084155427
"1+4. disponibilite + terme AR","Hébergement-restauration",2022-03-31,-0.0172631160182513,0.00743198200564778,0.172069210996341,0.5,0.166577101533609,0.5,-0.00491556700630176,-0.00491556700630176
"1+4. disponibilite + terme AR","Hébergement-restauration",2022-06-30,0.166673690127308,0.0100962681369822,0.185682194782517,0.5,1.59440047065221,0.5,0.0883849791321451,0.0883849791321451
"1+4. disponibilite + terme AR","Hébergement-restauration",2022-09-30,0.0698492171859972,0.0177645607675224,0.172534150339882,0.5,0.661345701733669,0.5,0.0438068889767598,0.0438068889767598
"1+4. disponibilite + terme AR","Hébergement-restauration",2022-12-31,0.0448632072099365,0.0418994154394745,0.0347188375472669,0.5,0.421594318921636,0.5,0.0433813113247055,0.0433813113247055
"1+4. disponibilite + terme AR","Hébergement-restauration",2023-03-31,0.00440241992589297,0.0360670184708599,0.0350713189035368,0.5,0.0415697649401642,0.5,0.0202347191983764,0.0202347191983764
"1+4. disponibilite + terme AR","Hébergement-restauration",2023-06-30,0.0342020858957269,0.0174644954644923,0.0285381802766143,0.5,0.32448678655254,0.5,0.0258332906801096,0.0258332906801096
"1+4. disponibilite + terme AR","Hébergement-restauration",2023-09-30,-0.0042858471232774,0.0177715768358601,0.0131680998376478,0.5,0.0408583695057847,0.5,0.00674286485629135,0.00674286485629135
"1+4. disponibilite + terme AR","Hébergement-restauration",2023-12-31,0.0201212096894735,0.0168960811961114,0.00454308251082303,0.5,0.192776595219123,0.5,0.0185086454427925,0.0185086454427925
"1+4. disponibilite + terme AR","Hébergement-restauration",2024-03-31,0.00898475275496108,0.0176746152679738,-0.0256302512562794,0.5,0.0865053694678115,0.5,0.0133296840114674,0.0133296840114674
"1+4. disponibilite + terme AR","Hébergement-restauration",2024-06-30,0.0184825375799832,0.0156434156638115,0.0863211664480215,0.5,0.178728300458528,0.5,0.0170629766218974,0.0170629766218974
"1+4. disponibilite + terme AR","Hébergement-restauration",2024-09-30,0.018820443489926,0.0186582521991832,0.0395958337321503,0.5,0.182373480519857,0.5,0.0187393478445546,0.0187393478445546
"1+4. disponibilite + terme AR","Hébergement-restauration",2024-12-31,0.0339676850374243,0.0135205249272131,0.0126078965454273,0.5,0.330589963912434,0.5,0.0237441049823187,0.0237441049823187
"1+4. disponibilite + terme AR","Hébergement-restauration",2025-03-31,-0.00446070040046024,0.0373153618512822,-0.0551888649837782,0.5,0.0436196747082904,0.5,0.016427330725411,0.016427330725411
"1+4. disponibilite + terme AR","Hébergement-restauration",2025-06-30,-0.0126587727996048,0.0115983032844378,0.0935791648916222,0.5,0.12414029069781,0.5,-0.000530234757583499,-0.000530234757583499
"1+4. disponibilite + terme AR","Hébergement-restauration",2025-09-30,0.0289034556200458,0.0147496537577987,0.0109571254893179,0.5,0.283851542474657,0.5,0.0218265546889223,0.0218265546889223
"1+4. disponibilite + terme AR","Hébergement-restauration",2025-12-31,-0.00581912269688131,0.0191445701728367,-0.0117140608570061,0.5,0.0574116126984839,0.5,0.0066627237379777,0.0066627237379777
"1+4. disponibilite + terme AR","Hébergement-restauration",2026-03-31,-0.0145027769431409,0.0214278838335228,-0.0149369838672992,0.5,0.143711902973716,0.5,0.00346255344519095,0.00346255344519095
"1+4. disponibilite + terme AR","Immobilier",2014-06-30,0.0118158704184291,0.0122596909319343,-0.00347586163623959,0.5,0.904015001340468,0.5,0.0120377806751817,0.0120377806751817
"1+4. disponibilite + terme AR","Immobilier",2014-09-30,0.00644290480812953,0.0128905081004547,-0.00217718876892725,0.5,0.491434013257023,0.5,0.00966670645429211,0.00966670645429211
"1+4. disponibilite + terme AR","Immobilier",2014-12-31,0.00697208718946253,0.0121689724626345,-0.00175178666395936,0.5,0.531292396068349,0.5,0.00957052982604852,0.00957052982604852
"1+4. disponibilite + terme AR","Immobilier",2015-03-31,0.00684082257989495,0.0114885194562888,0.000110265740545401,0.5,0.521202975617911,0.5,0.00916467101809187,0.00916467101809187
"1+4. disponibilite + terme AR","Immobilier",2015-06-30,0.00571369018321791,0.0110016509265868,0.00268122505899093,0.5,0.43620336433589,0.5,0.00835767055490235,0.00835767055490235
"1+4. disponibilite + terme AR","Immobilier",2015-09-30,0.00704468161731437,0.0111695819997516,0.00388518358887602,0.5,0.540117900967139,0.5,0.00910713180853298,0.00910713180853298
"1+4. disponibilite + terme AR","Immobilier",2015-12-31,0.00677208498860105,0.0108555173180894,0.00438830891148179,0.5,0.521857708687751,0.5,0.00881380115334522,0.00881380115334522
"1+4. disponibilite + terme AR","Immobilier",2016-03-31,0.00630592223375286,0.0105438032446352,0.0126521894411589,0.5,0.488532764986935,0.5,0.00842486273919403,0.00842486273919403
"1+4. disponibilite + terme AR","Immobilier",2016-06-30,0.00901808656001495,0.0110146916742121,0.00642440146184065,0.5,0.703533934423428,0.5,0.0100163891171135,0.0100163891171135
"1+4. disponibilite + terme AR","Immobilier",2016-09-30,0.0084157503421744,0.0105398068682385,0.00538883523628364,0.5,0.660578751496263,0.5,0.00947777860520645,0.00947777860520645
"1+4. disponibilite + terme AR","Immobilier",2016-12-31,0.00707700323361388,0.0114911565933515,0.00381329164235744,0.5,0.55862757113374,0.5,0.00928407991348269,0.00928407991348269
"1+4. disponibilite + terme AR","Immobilier",2017-03-31,0.00769638623037464,0.00909726026256174,0.000111312238896488,0.5,0.6104069920025,0.5,0.00839682324646819,0.00839682324646819
"1+4. disponibilite + terme AR","Immobilier",2017-06-30,0.00644429224031751,0.0106465078471458,0.00532846857096558,0.5,0.512131481519574,0.5,0.00854540004373166,0.00854540004373166
"1+4. disponibilite + terme AR","Immobilier",2017-09-30,0.00788686911430022,0.0109490483310259,0.00538413091038592,0.5,0.630216002192215,0.5,0.00941795872266306,0.00941795872266306
"1+4. disponibilite + terme AR","Immobilier",2017-12-31,0.00787987895197642,0.0102628545671528,0.00537094450904618,0.5,0.633095839254267,0.5,0.00907136675956461,0.00907136675956461
"1+4. disponibilite + terme AR","Immobilier",2018-03-31,0.006875427382076,0.0100880003959658,0.0139842136362436,0.5,0.555378015321135,0.5,0.0084817138890209,0.0084817138890209
"1+4. disponibilite + terme AR","Immobilier",2018-06-30,0.00948617174811707,0.0126555614823982,0.00709820759588098,0.5,0.770750554876745,0.5,0.0110708666152576,0.0110708666152576
"1+4. disponibilite + terme AR","Immobilier",2018-09-30,0.00796760220604282,0.0103415112889544,0.00546983793104339,0.5,0.651153240042884,0.5,0.00915455674749861,0.00915455674749861
"1+4. disponibilite + terme AR","Immobilier",2018-12-31,0.00654870484164313,0.00991457310907439,0.00429779031723321,0.5,0.537991935106897,0.5,0.00823163897535876,0.00823163897535876
"1+4. disponibilite + terme AR","Immobilier",2019-03-31,0.00640406945848933,0.0101357893800674,0.00697990763877421,0.5,0.528556931150415,0.5,0.00826992941927836,0.00826992941927836
"1+4. disponibilite + terme AR","Immobilier",2019-06-30,0.00874730376132586,0.00866401083127962,0.00407965402671806,0.5,0.726023908780696,0.5,0.00870565729630274,0.00870565729630274
"1+4. disponibilite + terme AR","Immobilier",2019-09-30,0.00722465316430364,0.0121204528707181,0.0012246541882952,0.5,0.602316273922353,0.5,0.00967255301751087,0.00967255301751087
"1+4. disponibilite + terme AR","Immobilier",2019-12-31,0.0056724407707362,0.00956426682907744,-0.00107461592825686,0.5,0.474175511692562,0.5,0.00761835379990682,0.00761835379990682
"1+4. disponibilite + terme AR","Immobilier",2020-03-31,0.00483722559154723,0.0098260316890376,-0.0121506955111226,0.5,0.404702628034485,0.5,0.00733162864029242,0.00733162864029242
"1+4. disponibilite + terme AR","Immobilier",2020-06-30,0.00404406890585376,0.00253732561563537,0.00154778434759706,0.5,0.333829855449392,0.5,0.00329069726074456,0.00329069726074456
"1+4. disponibilite + terme AR","Immobilier",2020-09-30,0.00631427151437443,0.0076096107172803,0.00248862454064991,0.5,0.5228862130644,0.5,0.00696194111582737,0.00696194111582737
"1+4. disponibilite + terme AR","Immobilier",2020-12-31,0.00511589096128717,0.00808896066416918,0.00250256303301022,0.5,0.425227356731029,0.5,0.00660242581272817,0.00660242581272817
"1+4. disponibilite + terme AR","Immobilier",2021-03-31,0.00490094834635234,0.0116777433225484,0.0186980933413192,0.5,0.408877648158532,0.5,0.00828934583445037,0.00828934583445037
"1+4. disponibilite + terme AR","Immobilier",2021-06-30,0.00976650425687668,0.00896287384176394,0.00589086653339521,0.5,0.816629690603824,0.5,0.00936468904932031,0.00936468904932031
"1+4. disponibilite + terme AR","Immobilier",2021-09-30,0.00584539169850165,0.00930348524618798,0.00489489217388339,0.5,0.49119739295276,0.5,0.00757443847234482,0.00757443847234482
"1+4. disponibilite + terme AR","Immobilier",2021-12-31,0.00689733142577171,0.0105072326535578,-0.000185568621855481,0.5,0.582270952135699,0.5,0.00870228203966475,0.00870228203966475
"1+4. disponibilite + terme AR","Immobilier",2022-03-31,0.00559434596054119,0.00901618150144863,-0.00613333557758722,0.5,0.473150439940162,0.5,0.00730526373099491,0.00730526373099491
"1+4. disponibilite + terme AR","Immobilier",2022-06-30,0.00417710667802774,0.00952360595914048,0.000982294226966829,0.5,0.352005491395463,0.5,0.00685035631858411,0.00685035631858411
"1+4. disponibilite + terme AR","Immobilier",2022-09-30,0.00429152672474764,0.00841182050470035,0.00192740181735829,0.5,0.362648754932038,0.5,0.00635167361472399,0.00635167361472399
"1+4. disponibilite + terme AR","Immobilier",2022-12-31,0.00369381507350868,0.00914594280479493,0.00286217020537194,0.5,0.313172035105973,0.5,0.0064198789391518,0.0064198789391518
"1+4. disponibilite + terme AR","Immobilier",2023-03-31,0.00109480325196024,0.00320022411002661,0.0186492473499342,0.5,0.0931687100763162,0.5,0.00214751368099343,0.00214751368099343
"1+4. disponibilite + terme AR","Immobilier",2023-06-30,0.0100737449420033,0.0117933011869318,0.00433516318523708,0.5,0.858695331781821,0.5,0.0109335230644675,0.0109335230644675
"1+4. disponibilite + terme AR","Immobilier",2023-09-30,0.00607178191878477,0.00903871660149807,0.000940152450292331,0.5,0.519753174104687,0.5,0.00755524926014142,0.00755524926014142
"1+4. disponibilite + terme AR","Immobilier",2023-12-31,0.00556139768099844,0.00680146448015212,0.00367575702520995,0.5,0.477315170254659,0.5,0.00618143108057528,0.00618143108057528
"1+4. disponibilite + terme AR","Immobilier",2024-03-31,0.00609551966753756,0.00835513536735188,0.019358859355199,0.5,0.525219479613986,0.5,0.00722532751744472,0.00722532751744472
"1+4. disponibilite + terme AR","Immobilier",2024-06-30,0.0105257638186839,0.010323706411602,0.00208616686757601,0.5,0.907791216945695,0.5,0.0104247351151429,0.0104247351151429
"1+4. disponibilite + terme AR","Immobilier",2024-09-30,0.00350203609307527,0.00805831144615959,0.000572003912662211,0.5,0.302981877962786,0.5,0.00578017376961743,0.00578017376961743
"1+4. disponibilite + terme AR","Immobilier",2024-12-31,0.00314987866125609,0.00858221767094556,0.00271140021348693,0.5,0.273146806838433,0.5,0.00586604816610082,0.00586604816610082
"1+4. disponibilite + terme AR","Immobilier",2025-03-31,0.00477993188070585,0.0102451841916419,0.0241904984463055,0.5,0.415917717372432,0.5,0.00751255803617387,0.00751255803617387
"1+4. disponibilite + terme AR","Immobilier",2025-06-30,0.011654571422743,0.00980279651170369,0.00225126559195132,0.5,1.01040588241707,0.5,0.0107286839672233,0.0107286839672233
"1+4. disponibilite + terme AR","Immobilier",2025-09-30,0.00612765007284394,0.00879022210120843,0.00139883513399042,0.5,0.532898475219257,0.5,0.00745893608702619,0.00745893608702619
"1+4. disponibilite + terme AR","Immobilier",2025-12-31,0.00562429111527388,0.00859530181841989,0.00356943094849527,0.5,0.490439011032243,0.5,0.00710979646684689,0.00710979646684689
"1+4. disponibilite + terme AR","Immobilier",2026-03-31,0.00623514569920513,0.0113771026213591,0.0145414287128816,0.5,0.545681949577765,0.5,0.00880612416028211,0.00880612416028211
"1+4. disponibilite + terme AR","Industrie d'extraction",2014-06-30,0.0814074414469281,0.017278995762863,-0.00618613651727884,0.5,0.981572917184316,0.5,0.0493432186048956,0.0493432186048956
"1+4. disponibilite + terme AR","Industrie d'extraction",2014-09-30,-0.000394560943768925,0.018847408104959,-0.015888470256332,0.5,0.00479406039987572,0.5,0.00922642358059504,0.00922642358059504
"1+4. disponibilite + terme AR","Industrie d'extraction",2014-12-31,-0.048163111620312,0.0294840370491735,-0.0298633941618487,0.5,0.589402344524086,0.5,-0.00933953728556925,-0.00933953728556925
"1+4. disponibilite + terme AR","Industrie d'extraction",2015-03-31,-0.100109470369097,0.0306349108556698,0.00890133635762247,0.5,1.23262455172044,0.5,-0.0347372797567136,-0.0347372797567136
"1+4. disponibilite + terme AR","Industrie d'extraction",2015-06-30,0.185974751155541,0.0117541769572229,0.0247954892566806,0.5,2.30712589518414,0,0.0988644640563819,0.185974751155541
"1+4. disponibilite + terme AR","Industrie d'extraction",2015-09-30,0.0290398322004403,0.0121890669862214,0.0237021448250037,0.5,0.362792256575053,0.5,0.0206144495933308,0.0206144495933308
"1+4. disponibilite + terme AR","Industrie d'extraction",2015-12-31,0.0181070776546766,0.010453219933241,-0.00879815197435896,0.5,0.227790715718464,0.5,0.0142801487939588,0.0142801487939588
"1+4. disponibilite + terme AR","Industrie d'extraction",2016-03-31,-0.0695524782718296,0.00911586608716397,0.0161383433235596,0.5,0.881063131793097,0.5,-0.0302183060923328,-0.0302183060923328
"1+4. disponibilite + terme AR","Industrie d'extraction",2016-06-30,0.0088447193536802,0.0207324617336401,-0.0163339493026129,0.5,0.112826920999811,0.5,0.0147885905436602,0.0147885905436602
"1+4. disponibilite + terme AR","Industrie d'extraction",2016-09-30,,0.0185937502493746,0.0218474503756241,0.5,,0.5,0.0185937502493746,0.0185937502493746
"1+4. disponibilite + terme AR","Industrie d'extraction",2016-12-31,,0.00914133792422436,0.025849664713844,0.5,,0.5,0.00914133792422436,0.00914133792422436
"1+4. disponibilite + terme AR","Industrie d'extraction",2017-03-31,,0.0156424128408559,0.0185128254497453,0.5,,0.5,0.0156424128408559,0.0156424128408559
"1+4. disponibilite + terme AR","Industrie d'extraction",2017-06-30,,0.0133271099000362,0.0955083840143161,0.5,,0.5,0.0133271099000362,0.0133271099000362
"1+4. disponibilite + terme AR","Industrie d'extraction",2017-09-30,,0.0119669733443149,-0.0311769033996843,0.5,,0.5,0.0119669733443149,0.0119669733443149
"1+4. disponibilite + terme AR","Industrie d'extraction",2017-12-31,,0.0202132224594892,0.0125783920146532,0.5,,0.5,0.0202132224594892,0.0202132224594892
"1+4. disponibilite + terme AR","Industrie d'extraction",2018-03-31,,0.0168804749053021,-0.0244479675700369,0.5,,0.5,0.0168804749053021,0.0168804749053021
"1+4. disponibilite + terme AR","Industrie d'extraction",2018-06-30,,-0.0119328900924359,0.0081793613697414,0.5,,0.5,-0.0119328900924359,-0.0119328900924359
"1+4. disponibilite + terme AR","Industrie d'extraction",2018-09-30,,0.0129550588583958,-0.0117710521370427,0.5,,0.5,0.0129550588583958,0.0129550588583958
"1+4. disponibilite + terme AR","Industrie d'extraction",2018-12-31,,0.0038356298493351,-0.00327062290436331,0.5,,0.5,0.0038356298493351,0.0038356298493351
"1+4. disponibilite + terme AR","Industrie d'extraction",2019-03-31,,0.00969642848813987,0.040057095335742,0.5,,0.5,0.00969642848813987,0.00969642848813987
"1+4. disponibilite + terme AR","Industrie d'extraction",2019-06-30,,0.00587506414679064,-0.0225433471888596,0.5,,0.5,0.00587506414679064,0.00587506414679064
"1+4. disponibilite + terme AR","Industrie d'extraction",2019-09-30,,0.0200650282919328,0.0109256734157306,0.5,,0.5,0.0200650282919328,0.0200650282919328
"1+4. disponibilite + terme AR","Industrie d'extraction",2019-12-31,-0.0291302665065247,0.0175802728170349,0.00214620520732645,0.5,0.400209870863499,0.5,-0.0057749968447449,-0.0057749968447449
"1+4. disponibilite + terme AR","Industrie d'extraction",2020-03-31,,0.0198612030350813,0.00506158820307512,0.5,,0.5,0.0198612030350813,0.0198612030350813
"1+4. disponibilite + terme AR","Industrie d'extraction",2020-06-30,,0.0282733812059157,0.0237324718357801,0.5,,0.5,0.0282733812059157,0.0282733812059157
"1+4. disponibilite + terme AR","Industrie d'extraction",2020-09-30,0.0100569597788371,0.0348257825919949,-0.0110758122366672,0.5,0.140538089633329,0.5,0.022441371185416,0.022441371185416
"1+4. disponibilite + terme AR","Industrie d'extraction",2020-12-31,0.00780535229084078,0.0069170568149415,0.0282365373459843,0.5,0.109651976449015,0.5,0.00736120455289114,0.00736120455289114
"1+4. disponibilite + terme AR","Industrie d'extraction",2021-03-31,0.0139330121585699,0.00891710501019216,0.0506515529548963,0.5,0.196733410144417,0.5,0.011425058584381,0.011425058584381
"1+4. disponibilite + terme AR","Industrie d'extraction",2021-06-30,0.0110258321453995,0.0112140528473805,-0.0120026798414088,0.5,0.156222617254618,0.5,0.01111994249639,0.01111994249639
"1+4. disponibilite + terme AR","Industrie d'extraction",2021-09-30,0.0212271330819328,0.0189719762582948,0.0223534844760689,0.5,0.302284093511978,0.5,0.0200995546701138,0.0200995546701138
"1+4. disponibilite + terme AR","Industrie d'extraction",2021-12-31,0.0147062945994829,0.0131587260013968,-0.0143497716369634,0.5,0.210507990771591,0.5,0.0139325103004399,0.0139325103004399
"1+4. disponibilite + terme AR","Industrie d'extraction",2022-03-31,-0.00557864843376897,0.0147690469986585,-0.138625872821352,0.5,0.0802398555679224,0.5,0.00459519928244476,0.00459519928244476
"1+4. disponibilite + terme AR","Industrie d'extraction",2022-06-30,-0.00901996839655566,0.0207467815319396,-0.0689421152185421,0.5,0.127502573683677,0.5,0.00586340656769197,0.00586340656769197
"1+4. disponibilite + terme AR","Industrie d'extraction",2022-09-30,0.00139285770763875,0.00969542753409443,-0.0421248811824597,0.5,0.0196781764360196,0.5,0.00554414262086659,0.00554414262086659
"1+4. disponibilite + terme AR","Industrie d'extraction",2022-12-31,-0.0395429631002283,0.00519363304535769,-0.216757201746969,0.5,0.560282129352887,0.5,-0.0171746650274353,-0.0171746650274353
"1+4. disponibilite + terme AR","Industrie d'extraction",2023-03-31,-0.138281773697195,0.0292897627901745,0.0973621473997142,0.5,1.87745043234841,0.5,-0.0544960054535102,-0.0544960054535102
"1+4. disponibilite + terme AR","Industrie d'extraction",2023-06-30,0.0281554191635887,-0.00724115442567746,2.03357431196594e-05,0.5,0.381018706730355,0.5,0.0104571323689556,0.0104571323689556
"1+4. disponibilite + terme AR","Industrie d'extraction",2023-09-30,0.0139136084656193,0.00866230564705127,0.0733392840223264,0.5,0.189235378830911,0.5,0.0112879570563353,0.0112879570563353
"1+4. disponibilite + terme AR","Industrie d'extraction",2023-12-31,0.031335431644485,-0.000896764388484034,0.113749741354164,0.5,0.426394880358762,0.5,0.0152193336280005,0.0152193336280005
"1+4. disponibilite + terme AR","Industrie d'extraction",2024-03-31,-0.0570285159153786,-0.00984357845914411,-0.0252607257677209,0.5,0.771440502186125,0.5,-0.0334360471872614,-0.0334360471872614
"1+4. disponibilite + terme AR","Industrie d'extraction",2024-06-30,0.0297340859783122,0.0134125995166855,0.0070152744335843,0.5,0.403860273314004,0.5,0.0215733427474988,0.0215733427474988
"1+4. disponibilite + terme AR","Industrie d'extraction",2024-09-30,0.0179917718840513,0.0111587526145102,0.022117053793357,0.5,0.245553674035513,0.5,0.0145752622492808,0.0145752622492808
"1+4. disponibilite + terme AR","Industrie d'extraction",2024-12-31,0.0140650119926045,0.00859012744437375,-0.0056609646746999,0.5,0.192829641852427,0.5,0.0113275697184891,0.0113275697184891
"1+4. disponibilite + terme AR","Industrie d'extraction",2025-03-31,-0.0380845906354916,-0.00797111829592025,0.0657933092045351,0.5,0.524564117924046,0.5,-0.0230278544657059,-0.0230278544657059
"1+4. disponibilite + terme AR","Industrie d'extraction",2025-06-30,0.0365429495234426,0.023742819052498,0.046428686738258,0.5,0.504037311718745,0.5,0.0301428842879703,0.0301428842879703
"1+4. disponibilite + terme AR","Industrie d'extraction",2025-09-30,-0.0103094018818563,0.000506588676821092,-0.0306857679206729,0.5,0.14264858818495,0.5,-0.0049014066025176,-0.0049014066025176
"1+4. disponibilite + terme AR","Industrie d'extraction",2025-12-31,-0.0140869881643279,0.00387901013032952,-0.0912476795593946,0.5,0.195590968923073,0.5,-0.00510398901699919,-0.00510398901699919
"1+4. disponibilite + terme AR","Industrie d'extraction",2026-03-31,-0.0190504344754676,-0.00523553901199326,0.0429938589024168,0.5,0.263568688268979,0.5,-0.0121429867437304,-0.0121429867437304
"1+4. disponibilite + terme AR","Industrie de transformation",2014-06-30,0.0164355895440173,0.00976839603108851,0.0134903455131372,0.5,0.78064554968348,0.5,0.0131019927875529,0.0131019927875529
"1+4. disponibilite + terme AR","Industrie de transformation",2014-09-30,0.00351574720590558,0.00956973110133947,0.00323811979902189,0.5,0.168179033445928,0.5,0.00654273915362252,0.00654273915362252
"1+4. disponibilite + terme AR","Industrie de transformation",2014-12-31,0.00248513619382383,0.00953185613182733,-0.0476741243890952,0.5,0.119774359566795,0.5,0.00600849616282558,0.00600849616282558
"1+4. disponibilite + terme AR","Industrie de transformation",2015-03-31,-0.0228752457910763,0.00850045489962514,0.0304379715047673,0.5,1.0568743177856,0.5,-0.00718739544572558,-0.00718739544572558
"1+4. disponibilite + terme AR","Industrie de transformation",2015-06-30,0.00147548302690971,0.00792302098410826,0.0194938047357773,0.5,0.0680456760284839,0.5,0.00469925200550898,0.00469925200550898
"1+4. disponibilite + terme AR","Industrie de transformation",2015-09-30,-0.0116423982010016,0.0085700197758126,0.00620713596259748,0.5,0.539481491688025,0.5,-0.0015361892125945,-0.0015361892125945
"1+4. disponibilite + terme AR","Industrie de transformation",2015-12-31,0.00574990893688001,0.00777741202381764,-0.00664650552544366,0.5,0.268388423822826,0.5,0.00676366048034882,0.00676366048034882
"1+4. disponibilite + terme AR","Industrie de transformation",2016-03-31,0.008660698105714,0.0110257820609607,-0.00323991776717136,0.5,0.406057893926653,0.5,0.00984324008333735,0.00984324008333735
"1+4. disponibilite + terme AR","Industrie de transformation",2016-06-30,0.00578746475302852,0.00857876891199688,-0.00999549769479913,0.5,0.272879681856313,0.5,0.0071831168325127,0.0071831168325127
"1+4. disponibilite + terme AR","Industrie de transformation",2016-09-30,-0.000350492951565903,0.00809640328148517,0.0228243332255111,0.5,0.0165736903911399,0.5,0.00387295516495963,0.00387295516495963
"1+4. disponibilite + terme AR","Industrie de transformation",2016-12-31,0.00840724015556569,0.0112113175746548,0.0116788252925897,0.5,0.39859982947961,0.5,0.00980927886511024,0.00980927886511024
"1+4. disponibilite + terme AR","Industrie de transformation",2017-03-31,0.000313364237150015,0.00644319385401934,0.00953178833632684,0.5,0.0149519900598861,0.5,0.00337827904558468,0.00337827904558468
"1+4. disponibilite + terme AR","Industrie de transformation",2017-06-30,0.00878610950850356,0.00926156447049259,0.0149267146411702,0.5,0.421984443713208,0.5,0.00902383698949807,0.00902383698949807
"1+4. disponibilite + terme AR","Industrie de transformation",2017-09-30,0.0161479230499145,0.00906628533060474,-0.0114616897126858,0.5,0.77986407342648,0.5,0.0126071041902596,0.0126071041902596
"1+4. disponibilite + terme AR","Industrie de transformation",2017-12-31,0.00838065514543064,0.00839291936560086,0.00280821148239063,0.5,0.405409395243841,0.5,0.00838678725551575,0.00838678725551575
"1+4. disponibilite + terme AR","Industrie de transformation",2018-03-31,0.00613221691380884,0.00832519695978311,0.0234087617899217,0.5,0.298507173400863,0.5,0.00722870693679598,0.00722870693679598
"1+4. disponibilite + terme AR","Industrie de transformation",2018-06-30,0.00219041868795968,0.00631987222989079,-0.00382899876597698,0.5,0.10683844790507,0.5,0.00425514545892523,0.00425514545892523
"1+4. disponibilite + terme AR","Industrie de transformation",2018-09-30,-0.000593257998001252,0.00772200801963733,0.0197648970716831,0.5,0.0290729033864442,0.5,0.00356437501081804,0.00356437501081804
"1+4. disponibilite + terme AR","Industrie de transformation",2018-12-31,0.00894620263814704,0.00664036420936519,0.00254844063750426,0.5,0.439975095955595,0.5,0.00779328342375612,0.00779328342375612
"1+4. disponibilite + terme AR","Industrie de transformation",2019-03-31,0.00894866921419241,0.0083367455257233,0.00525129663060397,0.5,0.442701240796046,0.5,0.00864270736995786,0.00864270736995786
"1+4. disponibilite + terme AR","Industrie de transformation",2019-06-30,0.00972933487730972,0.00462311964244373,0.0369509505888086,0.5,0.484236884168282,0.5,0.00717622725987673,0.00717622725987673
"1+4. disponibilite + terme AR","Industrie de transformation",2019-09-30,0.0162775639703426,0.00881244858098063,-0.0175063522194137,0.5,0.804068777123948,0.5,0.0125450062756616,0.0125450062756616
"1+4. disponibilite + terme AR","Industrie de transformation",2019-12-31,-0.00317029923556064,0.00840333768157522,-0.00688096519466086,0.5,0.156211799849303,0.5,0.00261651922300729,0.00261651922300729
"1+4. disponibilite + terme AR","Industrie de transformation",2020-03-31,-0.0112113400306732,0.00936394890538783,-0.00162253854886352,0.5,0.554254090368552,0.5,-0.000923695562642685,-0.000923695562642685
"1+4. disponibilite + terme AR","Industrie de transformation",2020-06-30,-0.00766482479110425,0.00597223556292502,-0.213797918505946,0.5,0.380778889186971,0.5,-0.000846294614089615,-0.000846294614089615
"1+4. disponibilite + terme AR","Industrie de transformation",2020-09-30,0.0778783670981387,0.00821449451536489,0.176609534773862,0.5,2.53354988758347,0,0.0430464308067518,0.0778783670981387
"1+4. disponibilite + terme AR","Industrie de transformation",2020-12-31,-0.0043646885269907,0.0116905879142253,-0.00858663289649719,0.5,0.122670457889537,0.5,0.0036629496936173,0.0036629496936173
"1+4. disponibilite + terme AR","Industrie de transformation",2021-03-31,0.0354347004080008,0.00516162071921515,0.0682885003101887,0.5,1.0005773199235,0.5,0.020298160563608,0.020298160563608
"1+4. disponibilite + terme AR","Industrie de transformation",2021-06-30,-0.122887286507131,0.00820082206240853,-0.0226087358268856,0.5,3.43062355135011,0,-0.0573432322223612,-0.122887286507131
"1+4. disponibilite + terme AR","Industrie de transformation",2021-09-30,0.0124048124063025,0.00881350135032242,0.0119171102444078,0.5,0.346977123126737,0.5,0.0106091568783125,0.0106091568783125
"1+4. disponibilite + terme AR","Industrie de transformation",2021-12-31,0.138623804435769,0.00880205207214303,0.0157395324071921,0.5,3.89790397392344,0,0.073712928253956,0.138623804435769
"1+4. disponibilite + terme AR","Industrie de transformation",2022-03-31,-0.113230386825568,0.00753133140780234,-0.00935236645143078,0.5,3.19967820648427,0,-0.0528495277088828,-0.113230386825568
"1+4. disponibilite + terme AR","Industrie de transformation",2022-06-30,0.00478174402452832,0.00798127572582743,0.0265199585031901,0.5,0.1357034127976,0.5,0.00638150987517788,0.00638150987517788
"1+4. disponibilite + terme AR","Industrie de transformation",2022-09-30,0.0518752785170177,0.00957575710848014,0.00503674468161641,0.5,1.47730460858292,0.5,0.0307255178127489,0.0307255178127489
"1+4. disponibilite + terme AR","Industrie de transformation",2022-12-31,-0.00706884391439349,0.00959049955161093,-0.00375576483451212,0.5,0.202351256606754,0.5,0.00126082781860872,0.00126082781860872
"1+4. disponibilite + terme AR","Industrie de transformation",2023-03-31,-0.020289627428973,0.00949709494001025,0.00769564383733545,0.5,0.583552859854222,0.5,-0.00539626624448138,-0.00539626624448138
"1+4. disponibilite + terme AR","Industrie de transformation",2023-06-30,0.0264011295578618,0.00903291643165808,-0.0170061439275049,0.5,0.763182416443601,0.5,0.0177170229947599,0.0177170229947599
"1+4. disponibilite + terme AR","Industrie de transformation",2023-09-30,-0.0126291581721691,0.0088094922397776,0.0317188158621384,0.5,0.366098316035761,0.5,-0.00190983296619575,-0.00190983296619575
"1+4. disponibilite + terme AR","Industrie de transformation",2023-12-31,0.031781892258584,0.00509751789318947,0.0560799603193818,0.5,0.923332201790191,0.5,0.0184397050758867,0.0184397050758867
"1+4. disponibilite + terme AR","Industrie de transformation",2024-03-31,-0.0280906212736091,0.0053036230535477,-0.0663244948448725,0.5,0.811776419806814,0.5,-0.0113934991100307,-0.0113934991100307
"1+4. disponibilite + terme AR","Industrie de transformation",2024-06-30,0.00692279529969118,0.0101458223979333,-0.00790860641250291,0.5,0.196838601276185,0.5,0.00853430884881224,0.00853430884881224
"1+4. disponibilite + terme AR","Industrie de transformation",2024-09-30,-0.0100329655856476,0.00691895300250297,0.069343487988764,0.5,0.286440928043289,0.5,-0.00155700629157231,-0.00155700629157231
"1+4. disponibilite + terme AR","Industrie de transformation",2024-12-31,0.0566800444775542,0.00739212769858457,0.0165418381598617,0.5,1.60104047977994,0.5,0.0320360860880694,0.0320360860880694
"1+4. disponibilite + terme AR","Industrie de transformation",2025-03-31,-0.0551742483758858,0.00404058842863856,-0.0681965626927639,0.5,1.56529901494082,0.5,-0.0255668299736236,-0.0255668299736236
"1+4. disponibilite + terme AR","Industrie de transformation",2025-06-30,0.0242661421856819,0.00996361567238173,0.0247579899121657,0.5,0.677615895835689,0.5,0.0171148789290318,0.0171148789290318
"1+4. disponibilite + terme AR","Industrie de transformation",2025-09-30,0.022874430572487,0.0071168794181092,0.0308834262611075,0.5,0.64089659523453,0.5,0.0149956549952981,0.0149956549952981
"1+4. disponibilite + terme AR","Industrie de transformation",2025-12-31,0.0609233271077731,0.00722150265812272,0.0330754169078045,0.5,1.71100514451686,0.5,0.0340724148829479,0.0340724148829479
"1+4. disponibilite + terme AR","Industrie de transformation",2026-03-31,-0.0884164010868075,-0.00184682985651775,-0.101743963623765,0.5,2.48804706109361,0,-0.0451316154716626,-0.0884164010868075
"1+4. disponibilite + terme AR","Information-communication",2014-06-30,0.0340401668997074,0.0294778338878449,0.0185608138362312,0.5,0.720387488487179,0.5,0.0317590003937762,0.0317590003937762
"1+4. disponibilite + terme AR","Information-communication",2014-09-30,0.0118196887512284,0.0263629773244093,0.031275663358036,0.5,0.251984704163031,0.5,0.0190913330378189,0.0190913330378189
"1+4. disponibilite + terme AR","Information-communication",2014-12-31,0.0338892782385882,0.0275667649108956,0.038634291236642,0.5,0.728108995892039,0.5,0.0307280215747419,0.0307280215747419
"1+4. disponibilite + terme AR","Information-communication",2015-03-31,0.0355797375205386,0.024933012824293,0.00404829052809141,0.5,0.770111554950834,0.5,0.0302563751724158,0.0302563751724158
"1+4. disponibilite + terme AR","Information-communication",2015-06-30,0.0429942888145518,0.0290107895641515,-0.0211948620280431,0.5,0.935299729513046,0.5,0.0360025391893516,0.0360025391893516
"1+4. disponibilite + terme AR","Information-communication",2015-09-30,0.088111085880935,0.0252990436434834,-0.0255461304946749,0.5,1.91343807192528,0.5,0.0567050647622092,0.0567050647622092
"1+4. disponibilite + terme AR","Information-communication",2015-12-31,0.0441933929807904,0.0270583617600648,-0.0117556566679973,0.5,0.956861338110863,0.5,0.0356258773704276,0.0356258773704276
"1+4. disponibilite + terme AR","Information-communication",2016-03-31,0.167102850481978,0.0189489553539417,0.0441187349800902,0.5,3.62429389058272,0,0.0930259029179599,0.167102850481978
"1+4. disponibilite + terme AR","Information-communication",2016-06-30,-0.0231644102917218,0.0270369741459753,0.0324311797721624,0.5,0.505564851891023,0.5,0.00193628192712675,0.00193628192712675
"1+4. disponibilite + terme AR","Information-communication",2016-09-30,-0.0538761249072226,0.0256629501505232,0.0156993215704908,0.5,1.18403900993239,0.5,-0.0141065873783497,-0.0141065873783497
"1+4. disponibilite + terme AR","Information-communication",2016-12-31,0.0430210840991339,0.0248261038010425,0.0119540679681371,0.5,0.951505998307139,0.5,0.0339235939500882,0.0339235939500882
"1+4. disponibilite + terme AR","Information-communication",2017-03-31,0.00472670062671893,0.0197339213365438,-0.074924310117952,0.5,0.105162044679272,0.5,0.0122303109816314,0.0122303109816314
"1+4. disponibilite + terme AR","Information-communication",2017-06-30,0.00457519697506464,0.0183625545990811,0.0264960645184544,0.5,0.0990656399757227,0.5,0.0114688757870729,0.0114688757870729
"1+4. disponibilite + terme AR","Information-communication",2017-09-30,0.0154696226216519,0.0239692053012145,0.0150230359818178,0.5,0.33718563173151,0.5,0.0197194139614332,0.0197194139614332
"1+4. disponibilite + terme AR","Information-communication",2017-12-31,-0.0141884659227654,0.0239809564523361,0.00966388766132553,0.5,0.311157087207783,0.5,0.00489624526478535,0.00489624526478535
"1+4. disponibilite + terme AR","Information-communication",2018-03-31,0.0154905323816245,0.0238138246772928,-0.010365531714644,0.5,0.341609217095739,0.5,0.0196521785294586,0.0196521785294586
"1+4. disponibilite + terme AR","Information-communication",2018-06-30,0.0162962088086775,0.0267033931090104,0.0250131048881688,0.5,0.360179886824514,0.5,0.0214998009588439,0.0214998009588439
"1+4. disponibilite + terme AR","Information-communication",2018-09-30,0.0145605354948114,0.0227802204571883,0.00871941409985943,0.5,0.323847543821771,0.5,0.0186703779759999,0.0186703779759999
"1+4. disponibilite + terme AR","Information-communication",2018-12-31,,0.0198353373605658,0.0017418043179287,0.5,,0.5,0.0198353373605658,0.0198353373605658
"1+4. disponibilite + terme AR","Information-communication",2019-03-31,,0.0208066457532991,0.000840591265317769,0.5,,0.5,0.0208066457532991,0.0208066457532991
"1+4. disponibilite + terme AR","Information-communication",2019-06-30,,0.0195649375912108,0.00593404498862071,0.5,,0.5,0.0195649375912108,0.0195649375912108
"1+4. disponibilite + terme AR","Information-communication",2019-09-30,,0.0245599444569149,0.0095827091317755,0.5,,0.5,0.0245599444569149,0.0245599444569149
"1+4. disponibilite + terme AR","Information-communication",2019-12-31,,0.0224294120588152,0.0110725639758531,0.5,,0.5,0.0224294120588152,0.0224294120588152
"1+4. disponibilite + terme AR","Information-communication",2020-03-31,,0.0213821338843639,0.0419599960536452,0.5,,0.5,0.0213821338843639,0.0213821338843639
"1+4. disponibilite + terme AR","Information-communication",2020-06-30,,0.0230317616592223,-0.0210436716728193,0.5,,0.5,0.0230317616592223,0.0230317616592223
"1+4. disponibilite + terme AR","Information-communication",2020-09-30,,0.0163388280289452,-0.00204975173975619,0.5,,0.5,0.0163388280289452,0.0163388280289452
"1+4. disponibilite + terme AR","Information-communication",2020-12-31,,0.0270349569632045,0.0411703029645043,0.5,,0.5,0.0270349569632045,0.0270349569632045
"1+4. disponibilite + terme AR","Information-communication",2021-03-31,,0.0218335879307991,-0.0536933298258049,0.5,,0.5,0.0218335879307991,0.0218335879307991
"1+4. disponibilite + terme AR","Information-communication",2021-06-30,,0.0188994125399165,0.00186143113149839,0.5,,0.5,0.0188994125399165,0.0188994125399165
"1+4. disponibilite + terme AR","Information-communication",2021-09-30,,0.0190179195185552,0.00942302584054922,0.5,,0.5,0.0190179195185552,0.0190179195185552
"1+4. disponibilite + terme AR","Information-communication",2021-12-31,,0.0220949652728678,0.0317145043040412,0.5,,0.5,0.0220949652728678,0.0220949652728678
"1+4. disponibilite + terme AR","Information-communication",2022-03-31,,0.0214147669734638,0.00597454514787366,0.5,,0.5,0.0214147669734638,0.0214147669734638
"1+4. disponibilite + terme AR","Information-communication",2022-06-30,0.0152717034866097,0.0223742415761555,0.00161153463684727,0.5,0.356540552491085,0.5,0.0188229725313826,0.0188229725313826
"1+4. disponibilite + terme AR","Information-communication",2022-09-30,0.0151773925978273,0.0193218689122779,0.0112829099708271,0.5,0.355744675338085,0.5,0.0172496307550526,0.0172496307550526
"1+4. disponibilite + terme AR","Information-communication",2022-12-31,0.0147891626507753,0.0178847784462767,-0.0182958711637902,0.5,0.348319267239509,0.5,0.016336970548526,0.016336970548526
"1+4. disponibilite + terme AR","Information-communication",2023-03-31,0.015185339745186,0.00658965832462748,0.0550902776591649,0.5,0.357808384326752,0.5,0.0108874990349067,0.0108874990349067
"1+4. disponibilite + terme AR","Information-communication",2023-06-30,0.0130178578514213,0.0239339350561539,0.0108067356801964,0.5,0.307359526705446,0.5,0.0184758964537876,0.0184758964537876
"1+4. disponibilite + terme AR","Information-communication",2023-09-30,0.0149147376141294,0.0210429570675845,-0.00473773465213512,0.5,0.353787388106156,0.5,0.0179788473408569,0.0179788473408569
"1+4. disponibilite + terme AR","Information-communication",2023-12-31,0.0152849632672684,0.0182483090690289,-0.000895282531592656,0.5,0.363638394639201,0.5,0.0167666361681486,0.0167666361681486
"1+4. disponibilite + terme AR","Information-communication",2024-03-31,0.0148270684133483,0.0210546688741508,0.026793324234438,0.5,0.353971100063129,0.5,0.0179408686437495,0.0179408686437495
"1+4. disponibilite + terme AR","Information-communication",2024-06-30,0.0138588499204697,0.0247314692317778,0.001257668725545,0.5,0.332451517002079,0.5,0.0192951595761238,0.0192951595761238
"1+4. disponibilite + terme AR","Information-communication",2024-09-30,0.0147730431751106,0.0216714594344862,-0.00629426164916325,0.5,0.355680555339834,0.5,0.0182222513047984,0.0182222513047984
"1+4. disponibilite + terme AR","Information-communication",2024-12-31,0.0147444672548382,0.0223145028126143,0.0171119883477697,0.5,0.355928407914241,0.5,0.0185294850337262,0.0185294850337262
"1+4. disponibilite + terme AR","Information-communication",2025-03-31,0.0138130325696368,0.024233519924589,-0.0293164263615733,0.5,0.335010961205499,0.5,0.0190232762471129,0.0190232762471129
"1+4. disponibilite + terme AR","Information-communication",2025-06-30,-0.0124161867773823,0.0221502707613554,0.0212659373554622,0.5,0.300437164155062,0.5,0.00486704199198655,0.00486704199198655
"1+4. disponibilite + terme AR","Information-communication",2025-09-30,0.0372966111848895,0.0202156715306706,-0.0160974475343618,0.5,0.906681190339295,0.5,0.02875614135778,0.02875614135778
"1+4. disponibilite + terme AR","Information-communication",2025-12-31,,0.0236013882588358,0.0239716974815245,0.5,,0.5,0.0236013882588358,0.0236013882588358
"1+4. disponibilite + terme AR","Information-communication",2026-03-31,,0.0188829454122323,-0.00933597860249158,0.5,,0.5,0.0188829454122323,0.0188829454122323
"1+4. disponibilite + terme AR","Pêche",2014-06-30,0.00368129704847911,-0.000999570503781654,0.238884348531972,0.5,0.0243222249142663,0.5,0.00134086327234873,0.00134086327234873
"1+4. disponibilite + terme AR","Pêche",2014-09-30,-0.0358926254051133,-0.0140790872750741,-0.0842585990548885,0.5,0.23445445165719,0.5,-0.0249858563400937,-0.0249858563400937
"1+4. disponibilite + terme AR","Pêche",2014-12-31,0.0702166617268484,-0.00560863183832511,0.0971925333013068,0.5,0.461091801362855,0.5,0.0323040149442616,0.0323040149442616
"1+4. disponibilite + terme AR","Pêche",2015-03-31,0.00192952174786248,-0.00244108431895587,-0.0182664312630081,0.5,0.0127294742341252,0.5,-0.000255781285546695,-0.000255781285546695
"1+4. disponibilite + terme AR","Pêche",2015-06-30,0.0419451672041227,0.00365731835177571,0.0112681719167798,0.5,0.278770049826954,0.5,0.0228012427779492,0.0228012427779492
"1+4. disponibilite + terme AR","Pêche",2015-09-30,0.0728967795407394,-0.000999300630460134,-0.0240378912771044,0.5,0.488065910706967,0.5,0.0359487394551396,0.0359487394551396
"1+4. disponibilite + terme AR","Pêche",2015-12-31,0.0105473798766102,0.00655587352674376,0.0711997243889542,0.5,0.0711189400254108,0.5,0.00855162670167698,0.00855162670167698
"1+4. disponibilite + terme AR","Pêche",2016-03-31,0.0272360310567653,-0.00439795316152736,0.0522788830555712,0.5,0.18468742978847,0.5,0.011419038947619,0.011419038947619
"1+4. disponibilite + terme AR","Pêche",2016-06-30,0.0121222718976627,-0.00454193895761413,-0.0692837716719641,0.5,0.082721425316201,0.5,0.00379016647002428,0.00379016647002428
"1+4. disponibilite + terme AR","Pêche",2016-09-30,0.0632949114102163,0.00507426860234367,-0.0707389562407208,0.5,0.434201055323658,0.5,0.03418459000628,0.03418459000628
"1+4. disponibilite + terme AR","Pêche",2016-12-31,0.058033006285019,-0.00261749375662086,0.100756292896915,0.5,0.400162595991792,0.5,0.0277077562641991,0.0277077562641991
"1+4. disponibilite + terme AR","Pêche",2017-03-31,0.0425558610068025,-0.000108959568785388,-0.0981301116583815,0.5,0.294518895716201,0.5,0.0212234507190086,0.0212234507190086
"1+4. disponibilite + terme AR","Pêche",2017-06-30,0.0807191453416222,0.00498932814816059,-0.0199501670707116,0.5,0.560567230935369,0.5,0.0428542367448914,0.0428542367448914
"1+4. disponibilite + terme AR","Pêche",2017-09-30,0.0322053440852315,0.00203090303419007,0.0209332096664658,0.5,0.22510757748442,0.5,0.0171181235597108,0.0171181235597108
"1+4. disponibilite + terme AR","Pêche",2017-12-31,0.0189142195743181,0.00110619122177103,-0.0659095853471712,0.5,0.133056833298461,0.5,0.0100102053980446,0.0100102053980446
"1+4. disponibilite + terme AR","Pêche",2018-03-31,0.0238318946779402,0.00409250452649495,-0.118526708999348,0.5,0.168491972668737,0.5,0.0139621996022176,0.0139621996022176
"1+4. disponibilite + terme AR","Pêche",2018-06-30,0.0285903000350324,0.0176268564013249,0.0565619820165848,0.5,0.202513683720893,0.5,0.0231085782181786,0.0231085782181786
"1+4. disponibilite + terme AR","Pêche",2018-09-30,-0.103802572505198,0.00223453884793879,-0.0520428663582821,0.5,0.739146923759183,0.5,-0.0507840168286296,-0.0507840168286296
"1+4. disponibilite + terme AR","Pêche",2018-12-31,0.0192426695544284,-0.00242950525524237,0.0519498128058951,0.5,0.137757723798159,0.5,0.00840658214959301,0.00840658214959301
"1+4. disponibilite + terme AR","Pêche",2019-03-31,0.0582319841657433,0.00194418873897726,0.165886600744615,0.5,0.419086094637874,0.5,0.0300880864523603,0.0300880864523603
"1+4. disponibilite + terme AR","Pêche",2019-06-30,-0.0502618443401271,-0.0361441619886129,-0.10051090919398,0.5,0.360843878329254,0.5,-0.04320300316437,-0.04320300316437
"1+4. disponibilite + terme AR","Pêche",2019-09-30,0.0462926680359218,0.0128049962048641,0.107189386187184,0.5,0.333269492547766,0.5,0.0295488321203929,0.0295488321203929
"1+4. disponibilite + terme AR","Pêche",2019-12-31,-0.0411513188987651,0.00323256169326961,-0.178444977080698,0.5,0.296992448323135,0.5,-0.0189593786027477,-0.0189593786027477
"1+4. disponibilite + terme AR","Pêche",2020-03-31,0.15443105126896,0.00569287368339539,0.250419564323746,0.5,1.11017031784475,0.5,0.0800619624761777,0.0800619624761777
"1+4. disponibilite + terme AR","Pêche",2020-06-30,-0.0730334008189974,0.0357225585486882,-0.182744294243855,0.5,0.518497367774761,0.5,-0.0186554211351546,-0.0186554211351546
"1+4. disponibilite + terme AR","Pêche",2020-09-30,0.0859100188748421,0.00446374201032906,0.449867423442043,0.5,0.607443891006292,0.5,0.0451868804425856,0.0451868804425856
"1+4. disponibilite + terme AR","Pêche",2020-12-31,-0.193563863438907,0.0300882332202258,-0.549113253084071,0.5,1.30447245428513,0.5,-0.0817378151093406,-0.0817378151093406
"1+4. disponibilite + terme AR","Pêche",2021-03-31,0.252208025201185,0.00859614682572679,0.301831328865735,0.5,1.59011577372653,0.5,0.130402086013456,0.130402086013456
"1+4. disponibilite + terme AR","Pêche",2021-06-30,-0.134010097186881,-0.00964365691871637,0.086451616600093,0.5,0.833134079713153,0.5,-0.0718268770527987,-0.0718268770527987
"1+4. disponibilite + terme AR","Pêche",2021-09-30,0.0677931736090675,-0.00383558754625745,-0.0880960598262783,0.5,0.423157171406073,0.5,0.031978793031405,0.031978793031405
"1+4. disponibilite + terme AR","Pêche",2021-12-31,-0.058429027340417,0.0146934961926879,0.102924635387614,0.5,0.366035988153544,0.5,-0.0218677655738646,-0.0218677655738646
"1+4. disponibilite + terme AR","Pêche",2022-03-31,0.0450006185820789,-0.0038224727266961,-0.251794115386521,0.5,0.282833395501651,0.5,0.0205890729276914,0.0205890729276914
"1+4. disponibilite + terme AR","Pêche",2022-06-30,0.278600559899341,-0.000175243541600336,0.0309075374630767,0.5,1.73686007362862,0.5,0.13921265817887,0.13921265817887
"1+4. disponibilite + terme AR","Pêche",2022-09-30,-0.0704926121517695,0.00311213458101047,-0.424362348289532,0.5,0.441695642518434,0.5,-0.0336902387853795,-0.0336902387853795
"1+4. disponibilite + terme AR","Pêche",2022-12-31,0.118450784754352,0.0211587764184412,0.537806048836181,0.5,0.720075741086772,0.5,0.0698047805863966,0.0698047805863966
"1+4. disponibilite + terme AR","Pêche",2023-03-31,-0.231254888158645,-0.0851770901785509,-0.196422814008341,0.5,1.34108735073647,0.5,-0.158215989168598,-0.158215989168598
"1+4. disponibilite + terme AR","Pêche",2023-06-30,0.0939366606527572,0.0204885639305283,0.108653138186501,0.5,0.5438764030903,0.5,0.0572126122916427,0.0572126122916427
"1+4. disponibilite + terme AR","Pêche",2023-09-30,-0.14216795958843,-0.00733238796590109,0.0833031314032056,0.5,0.825662678631957,0.5,-0.0747501737771655,-0.0747501737771655
"1+4. disponibilite + terme AR","Pêche",2023-12-31,0.119179712660825,-0.0112094913306088,-0.169722558184949,0.5,0.69483626762121,0.5,0.0539851106651081,0.0539851106651081
"1+4. disponibilite + terme AR","Pêche",2024-03-31,0.101784256985919,0.0321943029255859,0.137736263229147,0.5,0.593420069079595,0.5,0.0669892799557524,0.0669892799557524
"1+4. disponibilite + terme AR","Pêche",2024-06-30,-0.118788753190517,-0.00302814502527464,-0.124393100066797,0.5,0.693805596340764,0.5,-0.0609084491078958,-0.0609084491078958
"1+4. disponibilite + terme AR","Pêche",2024-09-30,0.102960075004747,0.0162443811730374,0.3409847439024,0.5,0.602685037779094,0.5,0.0596022280888922,0.0596022280888922
"1+4. disponibilite + terme AR","Pêche",2024-12-31,-0.244753780244325,-0.00885931164393119,-0.314903192186618,0.5,1.41315187782992,0.5,-0.126806545944128,-0.126806545944128
"1+4. disponibilite + terme AR","Pêche",2025-03-31,0.158925208365223,0.0698904733558483,0.0879705045311976,0.5,0.907536391973877,0.5,0.114407840860536,0.114407840860536
"1+4. disponibilite + terme AR","Pêche",2025-06-30,-0.0541439672183927,0.0116477655842803,-0.202438183367684,0.5,0.310286597585798,0.5,-0.0212481008170562,-0.0212481008170562
"1+4. disponibilite + terme AR","Pêche",2025-09-30,0.316889583772723,0.0469071869359351,0.141488674493727,0.5,1.81299697514052,0.5,0.181898385354329,0.181898385354329
"1+4. disponibilite + terme AR","Pêche",2025-12-31,-0.213568481189205,-0.06053298572125,-0.181089428496749,0.5,1.22385254552742,0.5,-0.137050733455228,-0.137050733455228
"1+4. disponibilite + terme AR","Pêche",2026-03-31,0.093583220789011,0.053549101411741,0.222874852773161,0.5,0.536072389077422,0.5,0.073566161100376,0.073566161100376
"1+4. disponibilite + terme AR","Transports",2014-06-30,,0.0141536051730765,0.028015303409596,0.5,,0.5,0.0141536051730765,0.0141536051730765
"1+4. disponibilite + terme AR","Transports",2014-09-30,,0.0131550204147149,-0.00329148743112206,0.5,,0.5,0.0131550204147149,0.0131550204147149
"1+4. disponibilite + terme AR","Transports",2014-12-31,,0.0142599898517394,0.00554226208478248,0.5,,0.5,0.0142599898517394,0.0142599898517394
"1+4. disponibilite + terme AR","Transports",2015-03-31,,0.0140194057609696,0.0274647989726873,0.5,,0.5,0.0140194057609696,0.0140194057609696
"1+4. disponibilite + terme AR","Transports",2015-06-30,,0.0130427995271564,0.0238870417103634,0.5,,0.5,0.0130427995271564,0.0130427995271564
"1+4. disponibilite + terme AR","Transports",2015-09-30,,0.0139908746054988,-0.000400525138307017,0.5,,0.5,0.0139908746054988,0.0139908746054988
"1+4. disponibilite + terme AR","Transports",2015-12-31,,0.0142004949137126,0.0136274565391865,0.5,,0.5,0.0142004949137126,0.0142004949137126
"1+4. disponibilite + terme AR","Transports",2016-03-31,,0.0180787374977578,-0.00224188236103728,0.5,,0.5,0.0180787374977578,0.0180787374977578
"1+4. disponibilite + terme AR","Transports",2016-06-30,,0.0171810686543806,-0.0304162214184824,0.5,,0.5,0.0171810686543806,0.0171810686543806
"1+4. disponibilite + terme AR","Transports",2016-09-30,,0.0140168719932552,0.0405851512318183,0.5,,0.5,0.0140168719932552,0.0140168719932552
"1+4. disponibilite + terme AR","Transports",2016-12-31,,0.0132038186697193,-0.000806231998783602,0.5,,0.5,0.0132038186697193,0.0132038186697193
"1+4. disponibilite + terme AR","Transports",2017-03-31,,0.0132584575868841,0.00525061131594917,0.5,,0.5,0.0132584575868841,0.0132584575868841
"1+4. disponibilite + terme AR","Transports",2017-06-30,,0.0147036017529837,-0.00885390403460029,0.5,,0.5,0.0147036017529837,0.0147036017529837
"1+4. disponibilite + terme AR","Transports",2017-09-30,,0.0125345159048235,0.00323264375167831,0.5,,0.5,0.0125345159048235,0.0125345159048235
"1+4. disponibilite + terme AR","Transports",2017-12-31,,0.0144349176001422,0.00270040887982859,0.5,,0.5,0.0144349176001422,0.0144349176001422
"1+4. disponibilite + terme AR","Transports",2018-03-31,,0.0127324187950481,-0.00771766276284147,0.5,,0.5,0.0127324187950481,0.0127324187950481
"1+4. disponibilite + terme AR","Transports",2018-06-30,,0.0114358870241822,0.0381116237789918,0.5,,0.5,0.0114358870241822,0.0114358870241822
"1+4. disponibilite + terme AR","Transports",2018-09-30,,0.012916040817674,-0.0562132165992164,0.5,,0.5,0.012916040817674,0.012916040817674
"1+4. disponibilite + terme AR","Transports",2018-12-31,,0.0120675214836421,0.0024741177684291,0.5,,0.5,0.0120675214836421,0.0120675214836421
"1+4. disponibilite + terme AR","Transports",2019-03-31,,0.0111470584263773,0.0567198839409837,0.5,,0.5,0.0111470584263773,0.0111470584263773
"1+4. disponibilite + terme AR","Transports",2019-06-30,,0.00665525952470219,0.100742314764428,0.5,,0.5,0.00665525952470219,0.00665525952470219
"1+4. disponibilite + terme AR","Transports",2019-09-30,,0.00786649167377473,-0.105961891018188,0.5,,0.5,0.00786649167377473,0.00786649167377473
"1+4. disponibilite + terme AR","Transports",2019-12-31,,0.0126349581539969,-0.0390667942682299,0.5,,0.5,0.0126349581539969,0.0126349581539969
"1+4. disponibilite + terme AR","Transports",2020-03-31,,0.00998825619226729,-0.0126004908496,0.5,,0.5,0.00998825619226729,0.00998825619226729
"1+4. disponibilite + terme AR","Transports",2020-06-30,,0.000110559992614148,-0.501094849125378,0.5,,0.5,0.000110559992614148,0.000110559992614148
"1+4. disponibilite + terme AR","Transports",2020-09-30,,0.0225324483589166,0.125969152849114,0.5,,0.5,0.0225324483589166,0.0225324483589166
"1+4. disponibilite + terme AR","Transports",2020-12-31,,0.0102959727811038,0.122566805849722,0.5,,0.5,0.0102959727811038,0.0102959727811038
"1+4. disponibilite + terme AR","Transports",2021-03-31,,0.00319788801215952,0.0562033294168316,0.5,,0.5,0.00319788801215952,0.00319788801215952
"1+4. disponibilite + terme AR","Transports",2021-06-30,,0.0098771813694828,0.000731330783699136,0.5,,0.5,0.0098771813694828,0.0098771813694828
"1+4. disponibilite + terme AR","Transports",2021-09-30,,0.0130402847290895,0.0731279057345535,0.5,,0.5,0.0130402847290895,0.0130402847290895
"1+4. disponibilite + terme AR","Transports",2021-12-31,,0.0109580356678965,-0.0243022849728511,0.5,,0.5,0.0109580356678965,0.0109580356678965
"1+4. disponibilite + terme AR","Transports",2022-03-31,,0.0112131205447917,-0.0184384391565189,0.5,,0.5,0.0112131205447917,0.0112131205447917
"1+4. disponibilite + terme AR","Transports",2022-06-30,,0.0111405510752218,0.0331947459481938,0.5,,0.5,0.0111405510752218,0.0111405510752218
"1+4. disponibilite + terme AR","Transports",2022-09-30,,0.0122061351734691,0.0296892895055922,0.5,,0.5,0.0122061351734691,0.0122061351734691
"1+4. disponibilite + terme AR","Transports",2022-12-31,,0.0132427908480447,-0.00518075012109698,0.5,,0.5,0.0132427908480447,0.0132427908480447
"1+4. disponibilite + terme AR","Transports",2023-03-31,,0.0170919938318446,0.0341097935940446,0.5,,0.5,0.0170919938318446,0.0170919938318446
"1+4. disponibilite + terme AR","Transports",2023-06-30,,0.00814437110334127,0.0106539923050857,0.5,,0.5,0.00814437110334127,0.00814437110334127
"1+4. disponibilite + terme AR","Transports",2023-09-30,,0.0110643979483545,0.00294728832205848,0.5,,0.5,0.0110643979483545,0.0110643979483545
"1+4. disponibilite + terme AR","Transports",2023-12-31,,0.000691444645788297,0.0143046496502013,0.5,,0.5,0.000691444645788297,0.000691444645788297
"1+4. disponibilite + terme AR","Transports",2024-03-31,,-0.00011930428150073,0.0448609908773161,0.5,,0.5,-0.00011930428150073,-0.00011930428150073
"1+4. disponibilite + terme AR","Transports",2024-06-30,,0.014878461367281,0.0233315106872372,0.5,,0.5,0.014878461367281,0.014878461367281
"1+4. disponibilite + terme AR","Transports",2024-09-30,,0.00878334236570151,-0.000696765512168795,0.5,,0.5,0.00878334236570151,0.00878334236570151
"1+4. disponibilite + terme AR","Transports",2024-12-31,,0.00863875431731276,0.0179385719466758,0.5,,0.5,0.00863875431731276,0.00863875431731276
"1+4. disponibilite + terme AR","Transports",2025-03-31,,0.00746259335818907,-2.13944930589349e-05,0.5,,0.5,0.00746259335818907,0.00746259335818907
"1+4. disponibilite + terme AR","Transports",2025-06-30,,0.0121017134674558,0.0262253345690056,0.5,,0.5,0.0121017134674558,0.0121017134674558
"1+4. disponibilite + terme AR","Transports",2025-09-30,,0.00691333943636892,-0.00840283920981122,0.5,,0.5,0.00691333943636892,0.00691333943636892
"1+4. disponibilite + terme AR","Transports",2025-12-31,,0.0117068666480418,0.0256348485772033,0.5,,0.5,0.0117068666480418,0.0117068666480418
"1+4. disponibilite + terme AR","Transports",2026-03-31,,0.00521837220506411,0.00343555107293625,0.5,,0.5,0.00521837220506411,0.00521837220506411
"1+4. disponibilite + terme AR","Électricité, gaz, eau",2014-06-30,0.0590468502544335,0.0146477094499805,0.0332147863217731,0.5,1.36937651423444,0.5,0.036847279852207,0.036847279852207
"1+4. disponibilite + terme AR","Électricité, gaz, eau",2014-09-30,-0.055326546647399,0.00788023198356382,-0.00679393605210521,0.5,1.29009503039725,0.5,-0.0237231573319176,-0.0237231573319176
"1+4. disponibilite + terme AR","Électricité, gaz, eau",2014-12-31,0.0484889559414815,0.00858555759323919,-0.00857021450047135,0.5,1.13819529374983,0.5,0.0285372567673603,0.0285372567673603
"1+4. disponibilite + terme AR","Électricité, gaz, eau",2015-03-31,0.0330975258539812,0.00884921238223348,0.0437145225973961,0.5,0.781826768341102,0.5,0.0209733691181073,0.0209733691181073
"1+4. disponibilite + terme AR","Électricité, gaz, eau",2015-06-30,-0.0910417814711873,0.0100129920168948,0.00610525562054143,0.5,2.15599948447505,0,-0.0405143947271462,-0.0910417814711873
"1+4. disponibilite + terme AR","Électricité, gaz, eau",2015-09-30,0.0094476588086608,0.0117712031787603,0.0103469379268244,0.5,0.22538693219208,0.5,0.0106094309937105,0.0106094309937105
"1+4. disponibilite + terme AR","Électricité, gaz, eau",2015-12-31,0.00442537013755264,0.00907087004314348,-0.00455943213512988,0.5,0.106346383776351,0.5,0.00674812009034806,0.00674812009034806
"1+4. disponibilite + terme AR","Électricité, gaz, eau",2016-03-31,-0.00426057221676208,0.010328303361933,0.000155955147615572,0.5,0.103042009846875,0.5,0.00303386557258546,0.00303386557258546
"1+4. disponibilite + terme AR","Électricité, gaz, eau",2016-06-30,-0.00719009971012766,0.0044390794189665,-0.017175634556283,0.5,0.175070735325483,0.5,-0.00137551014558058,-0.00137551014558058
"1+4. disponibilite + terme AR","Électricité, gaz, eau",2016-09-30,-0.00182580823338169,0.00927168715997263,0.0711460023338066,0.5,0.0446413688677361,0.5,0.00372293946329547,0.00372293946329547
"1+4. disponibilite + terme AR","Électricité, gaz, eau",2016-12-31,0.0198971845341001,0.00588625183696977,-0.0359660643263187,0.5,0.482231373360499,0.5,0.0128917181855349,0.0128917181855349
"1+4. disponibilite + terme AR","Électricité, gaz, eau",2017-03-31,-0.00491723936692832,0.00956577654612547,-0.00716286993772819,0.5,0.119011378554011,0.5,0.00232426858959857,0.00232426858959857
"1+4. disponibilite + terme AR","Électricité, gaz, eau",2017-06-30,-0.0227790623272879,0.00916374339825512,0.0253000677575166,0.5,0.554466311342989,0.5,-0.00680765946451639,-0.00680765946451639
"1+4. disponibilite + terme AR","Électricité, gaz, eau",2017-09-30,-0.0180218441488593,0.00714456804040103,0.0048164662893857,0.5,0.441116630280434,0.5,-0.00543863805422913,-0.00543863805422913
"1+4. disponibilite + terme AR","Électricité, gaz, eau",2017-12-31,0.0289740066373416,0.00927679771418092,0.0387992037287237,0.5,0.713792121942709,0.5,0.0191254021757613,0.0191254021757613
"1+4. disponibilite + terme AR","Électricité, gaz, eau",2018-03-31,-0.00449381194480493,0.00822401884561453,0.0223262968366722,0.5,0.111039937659977,0.5,0.0018651034504048,0.0018651034504048
"1+4. disponibilite + terme AR","Électricité, gaz, eau",2018-06-30,0.0102389932403957,0.00724824029248788,-0.016153880771169,0.5,0.254451045988959,0.5,0.00874361676644179,0.00874361676644179
"1+4. disponibilite + terme AR","Électricité, gaz, eau",2018-09-30,-0.00726761519682504,0.00775235295529797,0.0411974248960654,0.5,0.181288763627405,0.5,0.000242368879236465,0.000242368879236465
"1+4. disponibilite + terme AR","Électricité, gaz, eau",2018-12-31,0.0169831129572343,0.00151060326382151,0.0623784425554952,0.5,0.424608965681592,0.5,0.0092468581105279,0.0092468581105279
"1+4. disponibilite + terme AR","Électricité, gaz, eau",2019-03-31,0.0145858934959761,0.00763040373789924,0.0925664554057999,0.5,0.363077368201466,0.5,0.0111081486169377,0.0111081486169377
"1+4. disponibilite + terme AR","Électricité, gaz, eau",2019-06-30,-0.00853066512279363,0.0048789593049273,-0.0124026726248605,0.5,0.208425311959749,0.5,-0.00182585290893316,-0.00182585290893316
"1+4. disponibilite + terme AR","Électricité, gaz, eau",2019-09-30,0.00300340796241578,0.0118104322328054,-0.0152269847098676,0.5,0.0736759954851266,0.5,0.00740692009761059,0.00740692009761059
"1+4. disponibilite + terme AR","Électricité, gaz, eau",2019-12-31,0.00157411991239601,0.0116090980007103,-0.00625851062808103,0.5,0.03875005169454,0.5,0.00659160895655315,0.00659160895655315
"1+4. disponibilite + terme AR","Électricité, gaz, eau",2020-03-31,0.0356906070302669,0.0133282177143148,0.0213425854542955,0.5,0.88286409369445,0.5,0.0245094123722908,0.0245094123722908
"1+4. disponibilite + terme AR","Électricité, gaz, eau",2020-06-30,-0.000288077064274876,0.0116253106567407,-0.0970147629221021,0.5,0.00716434139108232,0.5,0.00566861679623291,0.00566861679623291
"1+4. disponibilite + terme AR","Électricité, gaz, eau",2020-09-30,0.0119664649873197,0.0203679484167375,0.114417799543279,0.5,0.287834662459882,0.5,0.0161672067020286,0.0161672067020286
"1+4. disponibilite + terme AR","Électricité, gaz, eau",2020-12-31,-0.0157699393969414,0.00763759661181983,-0.016022429172736,0.5,0.368468980268673,0.5,-0.00406617139256078,-0.00406617139256078
"1+4. disponibilite + terme AR","Électricité, gaz, eau",2021-03-31,0.00596046216045244,0.0142507064559801,0.0217529032326009,0.5,0.139750482895624,0.5,0.0101055843082163,0.0101055843082163
"1+4. disponibilite + terme AR","Électricité, gaz, eau",2021-06-30,-0.00829356833418283,0.0117374484688917,0.0253032608158232,0.5,0.195451529015901,0.5,0.00172194006735444,0.00172194006735444
"1+4. disponibilite + terme AR","Électricité, gaz, eau",2021-09-30,0.0472863056948166,0.014287837676236,0.0158724557012508,0.5,1.11972701215191,0.5,0.0307870716855263,0.0307870716855263
"1+4. disponibilite + terme AR","Électricité, gaz, eau",2021-12-31,-0.0209262552099726,0.0147813379033558,0.0138196358846692,0.5,0.498170266019246,0.5,-0.0030724586533084,-0.0030724586533084
"1+4. disponibilite + terme AR","Électricité, gaz, eau",2022-03-31,4.87559656237174e-05,0.0117816009097258,-0.0635858178619184,0.5,0.00116686982885995,0.5,0.00591517843767476,0.00591517843767476
"1+4. disponibilite + terme AR","Électricité, gaz, eau",2022-06-30,0.0164288466578446,0.0111161028363726,0.00902096583624079,0.5,0.388879688156482,0.5,0.0137724747471086,0.0137724747471086
"1+4. disponibilite + terme AR","Électricité, gaz, eau",2022-09-30,0.0186760772104328,0.0117854211849548,-0.00480416973629261,0.5,0.444392669646096,0.5,0.0152307491976938,0.0152307491976938
"1+4. disponibilite + terme AR","Électricité, gaz, eau",2022-12-31,-0.000478991256923939,0.0164287285184849,-0.0308377748401991,0.5,0.0114495684738093,0.5,0.00797486863078048,0.00797486863078048
"1+4. disponibilite + terme AR","Électricité, gaz, eau",2023-03-31,-0.00826184993932349,0.00491119316459571,-0.122401604802485,0.5,0.197560828313171,0.5,-0.00167532838736389,-0.00167532838736389
"1+4. disponibilite + terme AR","Électricité, gaz, eau",2023-06-30,0.0990488169951148,0.0167429521213334,0.0472201858772916,0.5,2.26966784536124,0,0.0578958845582241,0.0990488169951148
"1+4. disponibilite + terme AR","Électricité, gaz, eau",2023-09-30,-0.0209729535490743,0.00858480447681304,0.00207719445817389,0.5,0.481061730579732,0.5,-0.00619407453613063,-0.00619407453613063
"1+4. disponibilite + terme AR","Électricité, gaz, eau",2023-12-31,-0.0340996930856143,0.0133204612169981,-0.0104818116311538,0.5,0.785974498745709,0.5,-0.0103896159343081,-0.0103896159343081
"1+4. disponibilite + terme AR","Électricité, gaz, eau",2024-03-31,-0.0493506247170769,0.0222722417795464,0.0293667797510366,0.5,1.14207239583872,0.5,-0.0135391914687652,-0.0135391914687652
"1+4. disponibilite + terme AR","Électricité, gaz, eau",2024-06-30,-0.10604753380695,0.00737316359000585,-0.0474179307558522,0.5,2.46324899493667,0,-0.0493371851084721,-0.10604753380695
"1+4. disponibilite + terme AR","Électricité, gaz, eau",2024-09-30,0.148439612898679,0.0117658201185831,0.100587875391312,0.5,3.43707975170245,0,0.080102716508631,0.148439612898679
"1+4. disponibilite + terme AR","Électricité, gaz, eau",2024-12-31,-0.0181548207644432,0.00778918186518608,0.0115181001740545,0.5,0.413385055598663,0.5,-0.00518281944962856,-0.00518281944962856
"1+4. disponibilite + terme AR","Électricité, gaz, eau",2025-03-31,-0.0348711403798002,0.0163996483811137,-0.0640900842189289,0.5,0.797771085250748,0.5,-0.00923574599934325,-0.00923574599934325
"1+4. disponibilite + terme AR","Électricité, gaz, eau",2025-06-30,-0.0152142825329786,0.0209032412501338,-0.0109469608200001,0.5,0.345266631990787,0.5,0.0028444793585776,0.0028444793585776
"1+4. disponibilite + terme AR","Électricité, gaz, eau",2025-09-30,0.0633024102063966,0.0145466146290205,0.0726483567256153,0.5,1.44202614504819,0.5,0.0389245124177085,0.0389245124177085
"1+4. disponibilite + terme AR","Électricité, gaz, eau",2025-12-31,-0.0171577828859962,-0.00561992620699645,-0.0191714590402032,0.5,0.388785479216931,0.5,-0.0113888545464963,-0.0113888545464963
"1+4. disponibilite + terme AR","Électricité, gaz, eau",2026-03-31,-0.0929902802892006,0.00390440593123111,-0.0771317041623973,0.5,2.11300792493685,0,-0.0445429371789847,-0.0929902802892006
"reference (phase 4)","Agriculture",2014-06-30,0.000422440940671904,0.0175030651021184,0.0364714396168857,0.5,0.00484244977646393,0.5,0.00896275302139515,0.00896275302139515
"reference (phase 4)","Agriculture",2014-09-30,0.00288257773499951,0.00225184627887035,0.0235744177595567,0.5,0.0332768176508232,0.5,0.00256721200693493,0.00256721200693493
"reference (phase 4)","Agriculture",2014-12-31,0.00300400354431078,0.0200060122948302,0.0253025688850634,0.5,0.0349403712744615,0.5,0.0115050079195705,0.0115050079195705
"reference (phase 4)","Agriculture",2015-03-31,0.00655791029138432,0.0108141041806088,0.0521449979479787,0.5,0.0768398357860016,0.5,0.00868600723599656,0.00868600723599656
"reference (phase 4)","Agriculture",2015-06-30,0.00740400688837701,0.00817656924350645,0.0317672490600582,0.5,0.0872423943443942,0.5,0.00779028806594173,0.00779028806594173
"reference (phase 4)","Agriculture",2015-09-30,-0.00674663856775828,0.00903393990976414,0.0329272719732145,0.5,0.0800476847588918,0.5,0.00114365067100293,0.00114365067100293
"reference (phase 4)","Agriculture",2015-12-31,0.0198180494616699,0.0118177215761837,0.00507799922861274,0.5,0.236733254845582,0.5,0.0158178855189268,0.0158178855189268
"reference (phase 4)","Agriculture",2016-03-31,0.00240512528546718,0.0112290717315121,-0.265832646674593,0.5,0.0289366597034944,0.5,0.00681709850848964,0.00681709850848964
"reference (phase 4)","Agriculture",2016-06-30,0.00318427565166908,0.0119608349124837,0.00748113104625325,0.5,0.0358948377622678,0.5,0.00757255528207639,0.00757255528207639
"reference (phase 4)","Agriculture",2016-09-30,-0.00117036322181314,0.0110047042272691,0.0239103237598961,0.5,0.0132855224059829,0.5,0.00491717050272798,0.00491717050272798
"reference (phase 4)","Agriculture",2016-12-31,0.00442319789248022,-0.00511833500923946,0.00479642186034113,0.5,0.0505443129666034,0.5,-0.00034756855837962,-0.00034756855837962
"reference (phase 4)","Agriculture",2017-03-31,-0.0313536393898801,0.0259132369351288,0.156411418832823,0.5,0.36072561976848,0.5,-0.00272020122737565,-0.00272020122737565
"reference (phase 4)","Agriculture",2017-06-30,,0.00598885526714524,0.031215998995707,0.5,,0.5,0.00598885526714524,0.00598885526714524
"reference (phase 4)","Agriculture",2017-09-30,,0.00862831113148479,-0.001589953838673,0.5,,0.5,0.00862831113148479,0.00862831113148479
"reference (phase 4)","Agriculture",2017-12-31,,0.00927646707816531,-0.00572029123758178,0.5,,0.5,0.00927646707816531,0.00927646707816531
"reference (phase 4)","Agriculture",2018-03-31,,0.011041592661361,0.033613953651912,0.5,,0.5,0.011041592661361,0.011041592661361
"reference (phase 4)","Agriculture",2018-06-30,,-0.000547089117364585,0.0315396357748075,0.5,,0.5,-0.000547089117364585,-0.000547089117364585
"reference (phase 4)","Agriculture",2018-09-30,,0.00827543424918903,-0.0076855501979054,0.5,,0.5,0.00827543424918903,0.00827543424918903
"reference (phase 4)","Agriculture",2018-12-31,,0.0239542637109607,-0.00708189895160238,0.5,,0.5,0.0239542637109607,0.0239542637109607
"reference (phase 4)","Agriculture",2019-03-31,,0.0125525807665885,-0.0674225881272044,0.5,,0.5,0.0125525807665885,0.0125525807665885
"reference (phase 4)","Agriculture",2019-06-30,,0.0216583643179617,0.0269576277375521,0.5,,0.5,0.0216583643179617,0.0216583643179617
"reference (phase 4)","Agriculture",2019-09-30,,-0.0230737906305004,-0.00378790367855686,0.5,,0.5,-0.0230737906305004,-0.0230737906305004
"reference (phase 4)","Agriculture",2019-12-31,,0.00545000525263175,-0.00545796285781641,0.5,,0.5,0.00545000525263175,0.00545000525263175
"reference (phase 4)","Agriculture",2020-03-31,,0.000160189584848236,-0.0733468122559131,0.5,,0.5,0.000160189584848236,0.000160189584848236
"reference (phase 4)","Agriculture",2020-06-30,,-0.00789671527844581,0.00964980812139338,0.5,,0.5,-0.00789671527844581,-0.00789671527844581
"reference (phase 4)","Agriculture",2020-09-30,,0.0303985752293546,-0.0341340216865049,0.5,,0.5,0.0303985752293546,0.0303985752293546
"reference (phase 4)","Agriculture",2020-12-31,,-0.0104773711250303,-0.00972120420603417,0.5,,0.5,-0.0104773711250303,-0.0104773711250303
"reference (phase 4)","Agriculture",2021-03-31,,0.00751918162875032,0.198088349077135,0.5,,0.5,0.00751918162875032,0.00751918162875032
"reference (phase 4)","Agriculture",2021-06-30,,0.0057395550062642,0.00736929305629452,0.5,,0.5,0.0057395550062642,0.0057395550062642
"reference (phase 4)","Agriculture",2021-09-30,,0.00926930518876699,-0.00217917484074093,0.5,,0.5,0.00926930518876699,0.00926930518876699
"reference (phase 4)","Agriculture",2021-12-31,,0.00399440960151357,-0.00946965224747842,0.5,,0.5,0.00399440960151357,0.00399440960151357
"reference (phase 4)","Agriculture",2022-03-31,,0.0117318118174543,-0.106650718690272,0.5,,0.5,0.0117318118174543,0.0117318118174543
"reference (phase 4)","Agriculture",2022-06-30,,0.0094590102527439,-0.00714754922684868,0.5,,0.5,0.0094590102527439,0.0094590102527439
"reference (phase 4)","Agriculture",2022-09-30,,0.003957204692481,0.0022277626879923,0.5,,0.5,0.003957204692481,0.003957204692481
"reference (phase 4)","Agriculture",2022-12-31,,-0.00609200798322126,-0.00919879348349895,0.5,,0.5,-0.00609200798322126,-0.00609200798322126
"reference (phase 4)","Agriculture",2023-03-31,,0.0252284939868304,0.0350757280012495,0.5,,0.5,0.0252284939868304,0.0252284939868304
"reference (phase 4)","Agriculture",2023-06-30,,0.00363703031476224,-0.0122701816794795,0.5,,0.5,0.00363703031476224,0.00363703031476224
"reference (phase 4)","Agriculture",2023-09-30,,0.00556184645374601,-0.00378759914928928,0.5,,0.5,0.00556184645374601,0.00556184645374601
"reference (phase 4)","Agriculture",2023-12-31,,0.0235561948801528,-0.00788085316350973,0.5,,0.5,0.0235561948801528,0.0235561948801528
"reference (phase 4)","Agriculture",2024-03-31,,0.0149214585764306,-0.0365847420386523,0.5,,0.5,0.0149214585764306,0.0149214585764306
"reference (phase 4)","Agriculture",2024-06-30,,0.00116566099343259,-0.00664188506091534,0.5,,0.5,0.00116566099343259,0.00116566099343259
"reference (phase 4)","Agriculture",2024-09-30,,0.00222012853221105,-0.0112104142680227,0.5,,0.5,0.00222012853221105,0.00222012853221105
"reference (phase 4)","Agriculture",2024-12-31,,0.00389667779732688,-0.00435261931916919,0.5,,0.5,0.00389667779732688,0.00389667779732688
"reference (phase 4)","Agriculture",2025-03-31,,0.00480642550169154,0.100359632990509,0.5,,0.5,0.00480642550169154,0.00480642550169154
"reference (phase 4)","Agriculture",2025-06-30,0.00526845196657581,0.0010681782940441,-0.00473311427913181,0.5,0.0670015627972597,0.5,0.00316831513030996,0.00316831513030996
"reference (phase 4)","Agriculture",2025-09-30,-0.0331019364460621,0.0110220129883565,-0.0140787530247088,0.5,0.422897018387156,0.5,-0.0110399617288528,-0.0110399617288528
"reference (phase 4)","Agriculture",2025-12-31,0.0677387783183526,0.0061162562436078,-0.00148214583971118,0.5,0.869129139206995,0.5,0.0369275172809802,0.0369275172809802
"reference (phase 4)","Agriculture",2026-03-31,0.0955672061094572,0.0213610005199623,0.189386571246226,0.5,1.23174254263815,0.5,0.0584641033147097,0.0584641033147097
"reference (phase 4)","Commerce",2014-06-30,0.0195697350761709,0.0113431434777973,0.00951978546845211,0.5,0.959823608441748,0.5,0.0154564392769841,0.0154564392769841
"reference (phase 4)","Commerce",2014-09-30,0.00331797012899471,0.00841997445921111,-0.0115603603846139,0.5,0.164013911289504,0.5,0.00586897229410291,0.00586897229410291
"reference (phase 4)","Commerce",2014-12-31,0.00338952864841196,0.00839443354473628,-0.0494865182085977,0.5,0.167646307756436,0.5,0.00589198109657412,0.00589198109657412
"reference (phase 4)","Commerce",2015-03-31,-0.0137825309217566,0.00618332612570919,0.0315083401930245,0.5,0.64863288274156,0.5,-0.0037996023980237,-0.0037996023980237
"reference (phase 4)","Commerce",2015-06-30,0.00426776244897815,0.00771943368934421,0.0159370922398132,0.5,0.200370170603338,0.5,0.00599359806916118,0.00599359806916118
"reference (phase 4)","Commerce",2015-09-30,-0.00926792741640044,0.00742562113757371,-0.0019131817420277,0.5,0.437828583170443,0.5,-0.000921153139413365,-0.000921153139413365
"reference (phase 4)","Commerce",2015-12-31,-0.0159306981419552,0.00779999199756191,0.00735412998310103,0.5,0.757039745854896,0.5,-0.00406535307219665,-0.00406535307219665
"reference (phase 4)","Commerce",2016-03-31,-0.00913878856109535,0.00901624417504578,-0.0158055279342868,0.5,0.437418267723531,0.5,-6.12721930247856e-05,-6.12721930247856e-05
"reference (phase 4)","Commerce",2016-06-30,-0.00307570667745136,0.00830763453854398,0.0133516373977667,0.5,0.147006234289876,0.5,0.00261596393054631,0.00261596393054631
"reference (phase 4)","Commerce",2016-09-30,0.0185174910733242,0.00918927208823553,0.0267524972525734,0.5,0.890691172881664,0.5,0.0138533815807799,0.0138533815807799
"reference (phase 4)","Commerce",2016-12-31,-0.00858389933048271,0.0113671150462135,0.0309847865136277,0.5,0.413203215628337,0.5,0.0013916078578654,0.0013916078578654
"reference (phase 4)","Commerce",2017-03-31,0.00891746790654217,0.00984818921105807,0.00917546195855401,0.5,0.428442009951987,0.5,0.00938282855880012,0.00938282855880012
"reference (phase 4)","Commerce",2017-06-30,0.0108486181632615,0.0104128510203937,-0.00349218376741867,0.5,0.524714852103437,0.5,0.0106307345918276,0.0106307345918276
"reference (phase 4)","Commerce",2017-09-30,0.00183843721248413,0.00960355702342151,-0.0111426180419461,0.5,0.0893404339850933,0.5,0.00572099711795282,0.00572099711795282
"reference (phase 4)","Commerce",2017-12-31,-0.000150269784251329,0.00875786849729404,0.0160473615406325,0.5,0.00731155218549909,0.5,0.00430379935652136,0.00430379935652136
"reference (phase 4)","Commerce",2018-03-31,0.0096683597382893,0.00942639477500668,-0.0230462931639384,0.5,0.472914953073263,0.5,0.00954737725664799,0.00954737725664799
"reference (phase 4)","Commerce",2018-06-30,0.00660587954226279,0.00713397560948433,0.00870212621648037,0.5,0.3207223531406,0.5,0.00686992757587356,0.00686992757587356
"reference (phase 4)","Commerce",2018-09-30,-0.00201175757642138,0.00817826905196376,0.00962442845128741,0.5,0.0982848806379464,0.5,0.00308325573777119,0.00308325573777119
"reference (phase 4)","Commerce",2018-12-31,-0.00463480821648584,0.00718587423336388,0.0165859648209938,0.5,0.227822361987069,0.5,0.00127553300843902,0.00127553300843902
"reference (phase 4)","Commerce",2019-03-31,-0.00325835192127538,0.00947184643730503,-0.0198319410856413,0.5,0.160932555755273,0.5,0.00310674725801482,0.00310674725801482
"reference (phase 4)","Commerce",2019-06-30,0.00674954789562438,0.00798376200343544,0.0339504681612155,0.5,0.331860049989149,0.5,0.00736665494952991,0.00736665494952991
"reference (phase 4)","Commerce",2019-09-30,0.00166815223752701,0.00423099134570187,-0.00535962123528755,0.5,0.0816519770231953,0.5,0.00294957179161444,0.00294957179161444
"reference (phase 4)","Commerce",2019-12-31,-0.0182406410507881,0.00764851495452053,-0.0070521019456713,0.5,0.89615996236758,0.5,-0.00529606304813379,-0.00529606304813379
"reference (phase 4)","Commerce",2020-03-31,,0.00587772398831716,-0.0169610578868529,0.5,,0.5,0.00587772398831716,0.00587772398831716
"reference (phase 4)","Commerce",2020-06-30,,-0.00373383217959304,-0.150671734390357,0.5,,0.5,-0.00373383217959304,-0.00373383217959304
"reference (phase 4)","Commerce",2020-09-30,,0.00223355698600013,0.108126994394249,0.5,,0.5,0.00223355698600013,0.00223355698600013
"reference (phase 4)","Commerce",2020-12-31,-0.00364402221254148,0.0101776845920583,0.020045836468638,0.5,0.129040040648225,0.5,0.00326683118975841,0.00326683118975841
"reference (phase 4)","Commerce",2021-03-31,-0.00282985972803597,0.00574794982962526,0.0273111173838672,0.5,0.100631587513783,0.5,0.00145904505079464,0.00145904505079464
"reference (phase 4)","Commerce",2021-06-30,-0.00308676827653416,0.00798502471855052,0.00987582878233084,0.5,0.110032268209977,0.5,0.00244912822100818,0.00244912822100818
"reference (phase 4)","Commerce",2021-09-30,0.0122867509007078,0.00671087992601535,0.0199199534821144,0.5,0.44034060334058,0.5,0.00949881541336157,0.00949881541336157
"reference (phase 4)","Commerce",2021-12-31,0.0120717743322484,0.00693632237177593,0.0158034521479156,0.5,0.434430909575085,0.5,0.00950404835201217,0.00950404835201217
"reference (phase 4)","Commerce",2022-03-31,0.0313310090298202,0.00754371163520957,-0.0348034749137724,0.5,1.13289235359163,0.5,0.0194373603325149,0.0194373603325149
"reference (phase 4)","Commerce",2022-06-30,0.014558042768612,0.00619107793211208,0.007272295596783,0.5,0.523054638589881,0.5,0.010374560350362,0.010374560350362
"reference (phase 4)","Commerce",2022-09-30,0.0161024148654049,0.00789595555450624,-0.00708032889736465,0.5,0.581574610657249,0.5,0.0119991852099556,0.0119991852099556
"reference (phase 4)","Commerce",2022-12-31,0.00332393115248845,0.00534596443128551,0.0110248570649674,0.5,0.120532048961011,0.5,0.00433494779188698,0.00433494779188698
"reference (phase 4)","Commerce",2023-03-31,,0.00412565968777209,0.0160767305589786,0.5,,0.5,0.00412565968777209,0.00412565968777209
"reference (phase 4)","Commerce",2023-06-30,,0.00632108389055682,0.00646517716538497,0.5,,0.5,0.00632108389055682,0.00632108389055682
"reference (phase 4)","Commerce",2023-09-30,,0.00572550601442212,0.00237756549880963,0.5,,0.5,0.00572550601442212,0.00572550601442212
"reference (phase 4)","Commerce",2023-12-31,,0.00324694141132473,0.00844315463132972,0.5,,0.5,0.00324694141132473,0.00324694141132473
"reference (phase 4)","Commerce",2024-03-31,,0.00555246499214392,0.0184637520602795,0.5,,0.5,0.00555246499214392,0.00555246499214392
"reference (phase 4)","Commerce",2024-06-30,,0.0069416337032158,0.000290896215341618,0.5,,0.5,0.0069416337032158,0.0069416337032158
"reference (phase 4)","Commerce",2024-09-30,,0.00659218049984048,0.0154439711545749,0.5,,0.5,0.00659218049984048,0.00659218049984048
"reference (phase 4)","Commerce",2024-12-31,,0.00670576123591258,0.00571468262867647,0.5,,0.5,0.00670576123591258,0.00670576123591258
"reference (phase 4)","Commerce",2025-03-31,,0.00694655096532436,0.0248772545888567,0.5,,0.5,0.00694655096532436,0.00694655096532436
"reference (phase 4)","Commerce",2025-06-30,,0.00573931300723424,0.00124917416875725,0.5,,0.5,0.00573931300723424,0.00573931300723424
"reference (phase 4)","Commerce",2025-09-30,,0.00734920802397538,0.00388237799968039,0.5,,0.5,0.00734920802397538,0.00734920802397538
"reference (phase 4)","Commerce",2025-12-31,,0.00650358951918271,0.00474667366104242,0.5,,0.5,0.00650358951918271,0.00650358951918271
"reference (phase 4)","Commerce",2026-03-31,,0.00558437278021224,0.030304457095939,0.5,,0.5,0.00558437278021224,0.00558437278021224
"reference (phase 4)","Construction",2014-06-30,0.00801731409688731,0.0135342524661724,0.00447736474689187,0.5,0.579196540110555,0.5,0.0107757832815299,0.0107757832815299
"reference (phase 4)","Construction",2014-09-30,0.00265430305116695,0.0139608835007986,-0.000619901584931526,0.5,0.192818621833783,0.5,0.00830759327598278,0.00830759327598278
"reference (phase 4)","Construction",2014-12-31,0.00688137999465228,0.0135108994581792,-0.0170090243189662,0.5,0.500577691554351,0.5,0.0101961397264157,0.0101961397264157
"reference (phase 4)","Construction",2015-03-31,0.00537070924770459,0.0119242811701445,-0.00530943948553997,0.5,0.38122983613073,0.5,0.00864749520892454,0.00864749520892454
"reference (phase 4)","Construction",2015-06-30,0.00324535527568901,0.0111879956953914,0.0209819845460189,0.5,0.229723809013358,0.5,0.0072166754855402,0.0072166754855402
"reference (phase 4)","Construction",2015-09-30,0.00729506556851319,0.0120684962486412,0.0115194109871428,0.5,0.518356728517056,0.5,0.0096817809085772,0.0096817809085772
"reference (phase 4)","Construction",2015-12-31,0.00334722587509278,0.0114004814166324,0.032079368271992,0.5,0.239581524346199,0.5,0.00737385364586259,0.00737385364586259
"reference (phase 4)","Construction",2016-03-31,,0.0130882506551527,0.0187855153946899,0.5,,0.5,0.0130882506551527,0.0130882506551527
"reference (phase 4)","Construction",2016-06-30,,0.012669329199756,-0.00501930687227414,0.5,,0.5,0.012669329199756,0.012669329199756
"reference (phase 4)","Construction",2016-09-30,,0.011636632309017,-0.00562759321653061,0.5,,0.5,0.011636632309017,0.011636632309017
"reference (phase 4)","Construction",2016-12-31,,0.0124515873959961,-0.0052620417260254,0.5,,0.5,0.0124515873959961,0.0124515873959961
"reference (phase 4)","Construction",2017-03-31,,0.0105025955245449,0.0132064022878779,0.5,,0.5,0.0105025955245449,0.0105025955245449
"reference (phase 4)","Construction",2017-06-30,,0.0117889777110755,0.000867405836450175,0.5,,0.5,0.0117889777110755,0.0117889777110755
"reference (phase 4)","Construction",2017-09-30,,0.0114155714823311,0.017936616006887,0.5,,0.5,0.0114155714823311,0.0114155714823311
"reference (phase 4)","Construction",2017-12-31,,0.0115486012069794,-0.00784029652175278,0.5,,0.5,0.0115486012069794,0.0115486012069794
"reference (phase 4)","Construction",2018-03-31,,0.0107415786772516,0.026272471549829,0.5,,0.5,0.0107415786772516,0.0107415786772516
"reference (phase 4)","Construction",2018-06-30,,0.0130643283125074,0.00736116363280281,0.5,,0.5,0.0130643283125074,0.0130643283125074
"reference (phase 4)","Construction",2018-09-30,,0.0113876526016158,-0.0192666965708348,0.5,,0.5,0.0113876526016158,0.0113876526016158
"reference (phase 4)","Construction",2018-12-31,,0.0100600784924261,-0.0524286380169254,0.5,,0.5,0.0100600784924261,0.0100600784924261
"reference (phase 4)","Construction",2019-03-31,,0.00885098456855127,0.0166559720067418,0.5,,0.5,0.00885098456855127,0.00885098456855127
"reference (phase 4)","Construction",2019-06-30,,0.0119527879653205,0.0481920910731386,0.5,,0.5,0.0119527879653205,0.0119527879653205
"reference (phase 4)","Construction",2019-09-30,,0.014249309052876,0.0125910845192418,0.5,,0.5,0.014249309052876,0.014249309052876
"reference (phase 4)","Construction",2019-12-31,,0.00895884970361975,-0.0273069523615579,0.5,,0.5,0.00895884970361975,0.00895884970361975
"reference (phase 4)","Construction",2020-03-31,,0.00726370133625902,0.000213553084455143,0.5,,0.5,0.00726370133625902,0.00726370133625902
"reference (phase 4)","Construction",2020-06-30,,0.000543484826574807,-0.102776372819593,0.5,,0.5,0.000543484826574807,0.000543484826574807
"reference (phase 4)","Construction",2020-09-30,,-0.000286293027691621,0.0356201479127147,0.5,,0.5,-0.000286293027691621,-0.000286293027691621
"reference (phase 4)","Construction",2020-12-31,,0.0127320820427462,0.072642691639901,0.5,,0.5,0.0127320820427462,0.0127320820427462
"reference (phase 4)","Construction",2021-03-31,,0.0137820274801226,-0.00494022963371066,0.5,,0.5,0.0137820274801226,0.0137820274801226
"reference (phase 4)","Construction",2021-06-30,,0.0099200849104172,-0.00250132109599832,0.5,,0.5,0.0099200849104172,0.0099200849104172
"reference (phase 4)","Construction",2021-09-30,,0.00986454778203801,0.0107028535882208,0.5,,0.5,0.00986454778203801,0.00986454778203801
"reference (phase 4)","Construction",2021-12-31,,0.0129192439234903,0.00772099252970015,0.5,,0.5,0.0129192439234903,0.0129192439234903
"reference (phase 4)","Construction",2022-03-31,,0.00953832346164042,-0.026866287683136,0.5,,0.5,0.00953832346164042,0.00953832346164042
"reference (phase 4)","Construction",2022-06-30,,0.00923638063925402,-0.0038148328637746,0.5,,0.5,0.00923638063925402,0.00923638063925402
"reference (phase 4)","Construction",2022-09-30,,0.0088818641192418,-0.0309753266623467,0.5,,0.5,0.0088818641192418,0.0088818641192418
"reference (phase 4)","Construction",2022-12-31,,0.00502176900630458,-0.0138810252956052,0.5,,0.5,0.00502176900630458,0.00502176900630458
"reference (phase 4)","Construction",2023-03-31,,0.00137059462271156,0.0264176726138974,0.5,,0.5,0.00137059462271156,0.00137059462271156
"reference (phase 4)","Construction",2023-06-30,,0.0102549162102403,0.00252741405244095,0.5,,0.5,0.0102549162102403,0.0102549162102403
"reference (phase 4)","Construction",2023-09-30,,0.0087000006609335,0.00248876146185317,0.5,,0.5,0.0087000006609335,0.0087000006609335
"reference (phase 4)","Construction",2023-12-31,,0.00693905551430475,0.00486264809430104,0.5,,0.5,0.00693905551430475,0.00693905551430475
"reference (phase 4)","Construction",2024-03-31,,0.00750063107069851,0.0243786805323758,0.5,,0.5,0.00750063107069851,0.00750063107069851
"reference (phase 4)","Construction",2024-06-30,,0.0105724448604855,0.0131434129712957,0.5,,0.5,0.0105724448604855,0.0105724448604855
"reference (phase 4)","Construction",2024-09-30,,0.00754080486595122,0.0334036782533733,0.5,,0.5,0.00754080486595122,0.00754080486595122
"reference (phase 4)","Construction",2024-12-31,,0.00902142194442809,0.00587796447580935,0.5,,0.5,0.00902142194442809,0.00902142194442809
"reference (phase 4)","Construction",2025-03-31,,0.0107764162004622,0.0164348782556303,0.5,,0.5,0.0107764162004622,0.0107764162004622
"reference (phase 4)","Construction",2025-06-30,,0.0111057481407055,0.0173260458459641,0.5,,0.5,0.0111057481407055,0.0111057481407055
"reference (phase 4)","Construction",2025-09-30,,0.00834907634842199,0.0230301767543057,0.5,,0.5,0.00834907634842199,0.00834907634842199
"reference (phase 4)","Construction",2025-12-31,,0.00878617933429037,-0.000376710311417838,0.5,,0.5,0.00878617933429037,0.00878617933429037
"reference (phase 4)","Construction",2026-03-31,,0.0111984473797093,-0.0250954841631064,0.5,,0.5,0.0111984473797093,0.0111984473797093
"reference (phase 4)","Finances et assurances",2014-06-30,0.0118302670562357,0.0140681567625369,0.00979204446059612,0.5,0.578932097538457,0.5,0.0129492119093863,0.0129492119093863
"reference (phase 4)","Finances et assurances",2014-09-30,0.00660120868574355,0.0146312688234217,0.0108712876306072,0.5,0.325554366831646,0.5,0.0106162387545826,0.0106162387545826
"reference (phase 4)","Finances et assurances",2014-12-31,0.014431763115889,0.0121648395804871,0.00817212302553116,0.5,0.717248342268005,0.5,0.013298301348188,0.013298301348188
"reference (phase 4)","Finances et assurances",2015-03-31,0.00941961111237323,0.0121945974410465,0.0025733872860485,0.5,0.471586540386174,0.5,0.0108071042767099,0.0108071042767099
"reference (phase 4)","Finances et assurances",2015-06-30,0.00648108700393817,0.012426105066098,-0.000283635140750249,0.5,0.326352808391669,0.5,0.00945359603501809,0.00945359603501809
"reference (phase 4)","Finances et assurances",2015-09-30,0.00737414423677777,0.0129537372037148,0.00555168992811517,0.5,0.373022171114414,0.5,0.0101639407202463,0.0101639407202463
"reference (phase 4)","Finances et assurances",2015-12-31,0.00506076691509001,0.0117430605231681,0.0216448096360278,0.5,0.257682814852972,0.5,0.00840191371912906,0.00840191371912906
"reference (phase 4)","Finances et assurances",2016-03-31,-0.00567106793437268,0.0153764876598674,0.0116644403276638,0.5,0.290322761082584,0.5,0.00485270986274736,0.00485270986274736
"reference (phase 4)","Finances et assurances",2016-06-30,0.0109167543264868,0.0151314048367449,0.0132480316692885,0.5,0.56284563120927,0.5,0.0130240795816159,0.0130240795816159
"reference (phase 4)","Finances et assurances",2016-09-30,0.00897537047945717,0.0116688289538044,0.0406230501366736,0.5,0.465984540453207,0.5,0.0103220997166308,0.0103220997166308
"reference (phase 4)","Finances et assurances",2016-12-31,0.0151039565196587,0.0141647063806995,-0.0101673768515305,0.5,0.777881761889123,0.5,0.0146343314501791,0.0146343314501791
"reference (phase 4)","Finances et assurances",2017-03-31,-0.00163018698258013,0.0102546490414968,0.00552692213443429,0.5,0.0837730874266085,0.5,0.00431223102945833,0.00431223102945833
"reference (phase 4)","Finances et assurances",2017-06-30,0.0176237580564525,0.0116480143021699,0.0236163865511507,0.5,0.911078289752281,0.5,0.0146358861793112,0.0146358861793112
"reference (phase 4)","Finances et assurances",2017-09-30,0.0071548161079264,0.0130385624814541,-0.00152331413688955,0.5,0.371446749658391,0.5,0.0100966892946903,0.0100966892946903
"reference (phase 4)","Finances et assurances",2017-12-31,0.00708804397159665,0.0123311502410938,-0.00363516724733692,0.5,0.369193830912071,0.5,0.00970959710634522,0.00970959710634522
"reference (phase 4)","Finances et assurances",2018-03-31,-0.00155532134213756,0.011140428531226,0.0129764503213643,0.5,0.0811944096323814,0.5,0.00479255359454422,0.00479255359454422
"reference (phase 4)","Finances et assurances",2018-06-30,0.0148309291465977,0.0138091384445282,-0.00435156893570188,0.5,0.77916445453607,0.5,0.0143200337955629,0.0143200337955629
"reference (phase 4)","Finances et assurances",2018-09-30,0.0135276633895568,0.0115706784504298,0.00735193248656962,0.5,0.711999864293512,0.5,0.0125491709199933,0.0125491709199933
"reference (phase 4)","Finances et assurances",2018-12-31,0.00622002161869112,0.00874297886195605,0.0110438895944789,0.5,0.329317878742848,0.5,0.00748150024032359,0.00748150024032359
"reference (phase 4)","Finances et assurances",2019-03-31,0.00699359159839049,0.0100667958222359,0.0315392522985256,0.5,0.372551678235292,0.5,0.0085301937103132,0.0085301937103132
"reference (phase 4)","Finances et assurances",2019-06-30,0.0133387626494382,0.0139581707063801,0.000435811706188005,0.5,0.710022527998895,0.5,0.0136484666779092,0.0136484666779092
"reference (phase 4)","Finances et assurances",2019-09-30,0.0125327237210498,0.0144508412845183,0.0130609593133908,0.5,0.669682501751142,0.5,0.0134917825027841,0.0134917825027841
"reference (phase 4)","Finances et assurances",2019-12-31,0.0104276490573853,0.0120688123557421,0.00825566078032658,0.5,0.560485315345017,0.5,0.0112482307065637,0.0112482307065637
"reference (phase 4)","Finances et assurances",2020-03-31,0.00513037211376582,0.0121198820341142,-0.0212114526144092,0.5,0.27732168080127,0.5,0.00862512707394001,0.00862512707394001
"reference (phase 4)","Finances et assurances",2020-06-30,0.0121132449924184,0.00518195860742856,0.0113083327777996,0.5,0.646993397433739,0.5,0.00864760179992348,0.00864760179992348
"reference (phase 4)","Finances et assurances",2020-09-30,0.00907794803092073,0.00614068207830312,0.00678756570547989,0.5,0.487650508952288,0.5,0.00760931505461192,0.00760931505461192
"reference (phase 4)","Finances et assurances",2020-12-31,0.00658003230138593,0.00787272860201549,0.0114494849451461,0.5,0.355357046562755,0.5,0.00722638045170071,0.00722638045170071
"reference (phase 4)","Finances et assurances",2021-03-31,0.00532698173358191,0.0157067490056733,-0.00739307250548649,0.5,0.289296902646054,0.5,0.0105168653696276,0.0105168653696276
"reference (phase 4)","Finances et assurances",2021-06-30,0.0132286515712155,0.0132416318975279,0.0281576114642981,0.5,0.718400830131431,0.5,0.0132351417343717,0.0132351417343717
"reference (phase 4)","Finances et assurances",2021-09-30,0.00603063306441307,0.0123493802492189,0.00585438399346749,0.5,0.327747139830007,0.5,0.00919000665681599,0.00919000665681599
"reference (phase 4)","Finances et assurances",2021-12-31,0.00625736946530646,0.0134169140860317,0.016641170500078,0.5,0.341760718070824,0.5,0.00983714177566908,0.00983714177566908
"reference (phase 4)","Finances et assurances",2022-03-31,0.00500948676208738,0.0118596036462315,0.0414257987284206,0.5,0.274937462276839,0.5,0.00843454520415944,0.00843454520415944
"reference (phase 4)","Finances et assurances",2022-06-30,0.0139347901839065,0.0122908502458726,0.031410255383383,0.5,0.757909629767276,0.5,0.0131128202148896,0.0131128202148896
"reference (phase 4)","Finances et assurances",2022-09-30,0.00971301659721096,0.0138281071378301,0.0122236867003789,0.5,0.52783616225837,0.5,0.0117705618675205,0.0117705618675205
"reference (phase 4)","Finances et assurances",2022-12-31,0.00975729344927299,0.0148010203077491,0.00818990746985371,0.5,0.532994356850509,0.5,0.012279156878511,0.012279156878511
"reference (phase 4)","Finances et assurances",2023-03-31,0.000471117662262106,0.0098605338753833,0.0177076136496304,0.5,0.0258624345346246,0.5,0.0051658257688227,0.0051658257688227
"reference (phase 4)","Finances et assurances",2023-06-30,0.0129130053690425,0.0147002203889168,0.0142309413674457,0.5,0.712080054948183,0.5,0.0138066128789796,0.0138066128789796
"reference (phase 4)","Finances et assurances",2023-09-30,0.00913609934242026,0.0138909190340834,0.0138611051650379,0.5,0.506293665107933,0.5,0.0115135091882518,0.0115135091882518
"reference (phase 4)","Finances et assurances",2023-12-31,0.0106255479713725,0.0140112648383389,0.0205123675274645,0.5,0.591730082258095,0.5,0.0123184064048557,0.0123184064048557
"reference (phase 4)","Finances et assurances",2024-03-31,0.00970229712823826,0.0157533574911074,0.034226988537851,0.5,0.542350106681339,0.5,0.0127278273096728,0.0127278273096728
"reference (phase 4)","Finances et assurances",2024-06-30,0.00881543391724387,0.013729697055497,0.00677789865920531,0.5,0.491460372009434,0.5,0.0112725654863704,0.0112725654863704
"reference (phase 4)","Finances et assurances",2024-09-30,0.0110448468151039,0.0132938858143099,0.0307983277209374,0.5,0.618475244644395,0.5,0.0121693663147069,0.0121693663147069
"reference (phase 4)","Finances et assurances",2024-12-31,0.0132333825142963,0.0146411711588781,0.024404004984877,0.5,0.740681362538767,0.5,0.0139372768365872,0.0139372768365872
"reference (phase 4)","Finances et assurances",2025-03-31,0.0131329783643746,0.0169947542814617,-0.00576523644903126,0.5,0.736927095064481,0.5,0.0150638663229181,0.0150638663229181
"reference (phase 4)","Finances et assurances",2025-06-30,0.0136961312958945,0.0131166084060867,-0.000740007216192495,0.5,0.768466215988492,0.5,0.0134063698509906,0.0134063698509906
"reference (phase 4)","Finances et assurances",2025-09-30,0.00738529253382906,0.0121431557847343,0.0383171453817219,0.5,0.415307394648907,0.5,0.00976422415928168,0.00976422415928168
"reference (phase 4)","Finances et assurances",2025-12-31,0.0147242122384305,0.0161887632976205,0.02252710319177,0.5,0.823600755778227,0.5,0.0154564877680255,0.0154564877680255
"reference (phase 4)","Finances et assurances",2026-03-31,0.0101053180952596,0.0145541845518335,0.0131482423939122,0.5,0.566977237035522,0.5,0.0123297513235466,0.0123297513235466
"reference (phase 4)","Hébergement-restauration",2014-06-30,,0.00983910294422055,0.0579051413275486,0.5,,0.5,0.00983910294422055,0.00983910294422055
"reference (phase 4)","Hébergement-restauration",2014-09-30,,0.00486007960335512,-0.100719732558025,0.5,,0.5,0.00486007960335512,0.00486007960335512
"reference (phase 4)","Hébergement-restauration",2014-12-31,,0.0127718705720377,0.0187926552611444,0.5,,0.5,0.0127718705720377,0.0127718705720377
"reference (phase 4)","Hébergement-restauration",2015-03-31,,0.0117067939875733,0.0127819913735721,0.5,,0.5,0.0117067939875733,0.0117067939875733
"reference (phase 4)","Hébergement-restauration",2015-06-30,,0.00659599488759563,0.0151974154132208,0.5,,0.5,0.00659599488759563,0.00659599488759563
"reference (phase 4)","Hébergement-restauration",2015-09-30,,0.0043976729383019,-0.0394942050942486,0.5,,0.5,0.0043976729383019,0.0043976729383019
"reference (phase 4)","Hébergement-restauration",2015-12-31,,0.0082287362069184,0.0175488642456987,0.5,,0.5,0.0082287362069184,0.0082287362069184
"reference (phase 4)","Hébergement-restauration",2016-03-31,,0.00320641508772281,0.00665704009847978,0.5,,0.5,0.00320641508772281,0.00320641508772281
"reference (phase 4)","Hébergement-restauration",2016-06-30,,0.00481813281520201,-0.00832824764845164,0.5,,0.5,0.00481813281520201,0.00481813281520201
"reference (phase 4)","Hébergement-restauration",2016-09-30,,0.010002523529641,0.0560471819745558,0.5,,0.5,0.010002523529641,0.010002523529641
"reference (phase 4)","Hébergement-restauration",2016-12-31,,0.00120753395646334,0.0195963775895027,0.5,,0.5,0.00120753395646334,0.00120753395646334
"reference (phase 4)","Hébergement-restauration",2017-03-31,,0.00711099636681498,0.0277996430464089,0.5,,0.5,0.00711099636681498,0.00711099636681498
"reference (phase 4)","Hébergement-restauration",2017-06-30,,0.00856153945787162,0.0278215922434324,0.5,,0.5,0.00856153945787162,0.00856153945787162
"reference (phase 4)","Hébergement-restauration",2017-09-30,,0.00691199529715454,0.0102951493030083,0.5,,0.5,0.00691199529715454,0.00691199529715454
"reference (phase 4)","Hébergement-restauration",2017-12-31,,0.00981137840994608,0.0188149524720291,0.5,,0.5,0.00981137840994608,0.00981137840994608
"reference (phase 4)","Hébergement-restauration",2018-03-31,,0.00953803869056786,0.0248370780464207,0.5,,0.5,0.00953803869056786,0.00953803869056786
"reference (phase 4)","Hébergement-restauration",2018-06-30,,0.00207637268526864,0.0148534421343882,0.5,,0.5,0.00207637268526864,0.00207637268526864
"reference (phase 4)","Hébergement-restauration",2018-09-30,,0.00731935416302951,-0.0200453834008396,0.5,,0.5,0.00731935416302951,0.00731935416302951
"reference (phase 4)","Hébergement-restauration",2018-12-31,,0.0123239497643486,0.0330719091401885,0.5,,0.5,0.0123239497643486,0.0123239497643486
"reference (phase 4)","Hébergement-restauration",2019-03-31,,0.00951525106807088,0.0107181372644138,0.5,,0.5,0.00951525106807088,0.00951525106807088
"reference (phase 4)","Hébergement-restauration",2019-06-30,,-0.00119713255112923,0.0402913731091044,0.5,,0.5,-0.00119713255112923,-0.00119713255112923
"reference (phase 4)","Hébergement-restauration",2019-09-30,,-0.00655275657677681,-0.0688778865997968,0.5,,0.5,-0.00655275657677681,-0.00655275657677681
"reference (phase 4)","Hébergement-restauration",2019-12-31,,0.0106792338947299,0.0396077656015432,0.5,,0.5,0.0106792338947299,0.0106792338947299
"reference (phase 4)","Hébergement-restauration",2020-03-31,0.0123163072707354,0.0133225193882025,-0.329368517252892,0.5,0.410581640628689,0.5,0.012819413329469,0.012819413329469
"reference (phase 4)","Hébergement-restauration",2020-06-30,-0.98015258194101,-0.0331484908175594,-0.857041072981717,0.5,20.9561063590207,0,-0.506650536379285,-0.98015258194101
"reference (phase 4)","Hébergement-restauration",2020-09-30,0.35023460435111,0.0143057816461628,0.152814674284517,0.5,3.4166439652687,0,0.182270192998636,0.35023460435111
"reference (phase 4)","Hébergement-restauration",2020-12-31,0.284314080077038,-0.0272265445436888,0.184991785349833,0.5,2.75290561832695,0,0.128543767766675,0.284314080077038
"reference (phase 4)","Hébergement-restauration",2021-03-31,-0.0463422117181425,0.00744481785676402,0.108593379555545,0.5,0.443130451989317,0.5,-0.0194486969306892,-0.0194486969306892
"reference (phase 4)","Hébergement-restauration",2021-06-30,,0.00901626202888402,0.0325203058080987,0.5,,0.5,0.00901626202888402,0.00901626202888402
"reference (phase 4)","Hébergement-restauration",2021-09-30,,0.0079785573142786,0.0912570059284388,0.5,,0.5,0.0079785573142786,0.0079785573142786
"reference (phase 4)","Hébergement-restauration",2021-12-31,0.006930377653096,0.00510192362131615,0.0662513211980329,0.5,0.0666541190650723,0.5,0.00601615063720607,0.00601615063720607
"reference (phase 4)","Hébergement-restauration",2022-03-31,-0.0307172684878526,0.00743198200564778,0.172069210996341,0.5,0.296400345472188,0.5,-0.0116426432411024,-0.0116426432411024
"reference (phase 4)","Hébergement-restauration",2022-06-30,,0.0100962681369822,0.185682194782517,0.5,,0.5,0.0100962681369822,0.0100962681369822
"reference (phase 4)","Hébergement-restauration",2022-09-30,,0.0177645607675224,0.172534150339882,0.5,,0.5,0.0177645607675224,0.0177645607675224
"reference (phase 4)","Hébergement-restauration",2022-12-31,,0.0418994154394745,0.0347188375472669,0.5,,0.5,0.0418994154394745,0.0418994154394745
"reference (phase 4)","Hébergement-restauration",2023-03-31,-0.00919904998031341,0.0360670184708599,0.0350713189035368,0.5,0.0868618513889007,0.5,0.0134339842452732,0.0134339842452732
"reference (phase 4)","Hébergement-restauration",2023-06-30,0.0221544076771908,0.0174644954644923,0.0285381802766143,0.5,0.210186378019848,0.5,0.0198094515708415,0.0198094515708415
"reference (phase 4)","Hébergement-restauration",2023-09-30,-0.0112678577790251,0.0177715768358601,0.0131680998376478,0.5,0.107420139690372,0.5,0.0032518595284175,0.0032518595284175
"reference (phase 4)","Hébergement-restauration",2023-12-31,0.0225713613751477,0.0168960811961114,0.00454308251082303,0.5,0.216250924398336,0.5,0.0197337212856296,0.0197337212856296
"reference (phase 4)","Hébergement-restauration",2024-03-31,0.00574529885909014,0.0176746152679738,-0.0256302512562794,0.5,0.0553158460853764,0.5,0.011709957063532,0.011709957063532
"reference (phase 4)","Hébergement-restauration",2024-06-30,0.0213185431389107,0.0156434156638115,0.0863211664480215,0.5,0.20615280596512,0.5,0.0184809794013611,0.0184809794013611
"reference (phase 4)","Hébergement-restauration",2024-09-30,0.00386880147383801,0.0186582521991832,0.0395958337321503,0.5,0.0374893817248175,0.5,0.0112635268365106,0.0112635268365106
"reference (phase 4)","Hébergement-restauration",2024-12-31,0.0274051131339107,0.0135205249272131,0.0126078965454273,0.5,0.266719835395727,0.5,0.0204628190305619,0.0204628190305619
"reference (phase 4)","Hébergement-restauration",2025-03-31,-0.00702205739057895,0.0373153618512822,-0.0551888649837782,0.5,0.0686663150765287,0.5,0.0151466522303516,0.0151466522303516
"reference (phase 4)","Hébergement-restauration",2025-06-30,,0.0115983032844378,0.0935791648916222,0.5,,0.5,0.0115983032844378,0.0115983032844378
"reference (phase 4)","Hébergement-restauration",2025-09-30,,0.0147496537577987,0.0109571254893179,0.5,,0.5,0.0147496537577987,0.0147496537577987
"reference (phase 4)","Hébergement-restauration",2025-12-31,,0.0191445701728367,-0.0117140608570061,0.5,,0.5,0.0191445701728367,0.0191445701728367
"reference (phase 4)","Hébergement-restauration",2026-03-31,,0.0214278838335228,-0.0149369838672992,0.5,,0.5,0.0214278838335228,0.0214278838335228
"reference (phase 4)","Immobilier",2014-06-30,0.00973926419611907,0.0122596909319343,-0.00347586163623959,0.5,0.745136889922011,0.5,0.0109994775640267,0.0109994775640267
"reference (phase 4)","Immobilier",2014-09-30,0.00856218481905592,0.0128905081004547,-0.00217718876892725,0.5,0.653082572719025,0.5,0.0107263464597553,0.0107263464597553
"reference (phase 4)","Immobilier",2014-12-31,0.00908227114445384,0.0121689724626345,-0.00175178666395936,0.5,0.69209427061845,0.5,0.0106256218035442,0.0106256218035442
"reference (phase 4)","Immobilier",2015-03-31,0.00899407073805973,0.0114885194562888,0.000110265740545401,0.5,0.685259174148425,0.5,0.0102412950971743,0.0102412950971743
"reference (phase 4)","Immobilier",2015-06-30,0.007379754266619,0.0110016509265868,0.00268122505899093,0.5,0.563396602869074,0.5,0.0091907025966029,0.0091907025966029
"reference (phase 4)","Immobilier",2015-09-30,0.0083446184794538,0.0111695819997516,0.00388518358887602,0.5,0.639784459018945,0.5,0.0097571002396027,0.0097571002396027
"reference (phase 4)","Immobilier",2015-12-31,0.00775346443300016,0.0108555173180894,0.00438830891148179,0.5,0.597482930324725,0.5,0.00930449087554478,0.00930449087554478
"reference (phase 4)","Immobilier",2016-03-31,0.00708627927785517,0.0105438032446352,0.0126521894411589,0.5,0.548988630172169,0.5,0.00881504126124518,0.00881504126124518
"reference (phase 4)","Immobilier",2016-06-30,0.00833186518046192,0.0110146916742121,0.00642440146184065,0.5,0.649999293362984,0.5,0.00967327842733701,0.00967327842733701
"reference (phase 4)","Immobilier",2016-09-30,0.00905366709861172,0.0105398068682385,0.00538883523628364,0.5,0.710650846959237,0.5,0.00979673698342511,0.00979673698342511
"reference (phase 4)","Immobilier",2016-12-31,0.00772291953226204,0.0114911565933515,0.00381329164235744,0.5,0.609613368533929,0.5,0.00960703806280677,0.00960703806280677
"reference (phase 4)","Immobilier",2017-03-31,0.00880950600784385,0.00909726026256174,0.000111312238896488,0.5,0.698689476114579,0.5,0.0089533831352028,0.0089533831352028
"reference (phase 4)","Immobilier",2017-06-30,0.00823806241151519,0.0106465078471458,0.00532846857096558,0.5,0.654683392733928,0.5,0.0094422851293305,0.0094422851293305
"reference (phase 4)","Immobilier",2017-09-30,0.00868972362669683,0.0109490483310259,0.00538413091038592,0.5,0.694369692815426,0.5,0.00981938597886137,0.00981938597886137
"reference (phase 4)","Immobilier",2017-12-31,0.00866710116888954,0.0102628545671528,0.00537094450904618,0.5,0.696343906024533,0.5,0.00946497786802117,0.00946497786802117
"reference (phase 4)","Immobilier",2018-03-31,0.00748069328570302,0.0100880003959658,0.0139842136362436,0.5,0.604269721627897,0.5,0.00878434684083441,0.00878434684083441
"reference (phase 4)","Immobilier",2018-06-30,0.0084882158792812,0.0126555614823982,0.00709820759588098,0.5,0.689666735178833,0.5,0.0105718886808397,0.0105718886808397
"reference (phase 4)","Immobilier",2018-09-30,0.00834138878467702,0.0103415112889544,0.00546983793104339,0.5,0.681700992737867,0.5,0.00934145003681571,0.00934145003681571
"reference (phase 4)","Immobilier",2018-12-31,0.00704947820068043,0.00991457310907439,0.00429779031723321,0.5,0.579131677238085,0.5,0.00848202565487741,0.00848202565487741
"reference (phase 4)","Immobilier",2019-03-31,0.00715509563552778,0.0101357893800674,0.00697990763877421,0.5,0.590542531700524,0.5,0.00864544250779759,0.00864544250779759
"reference (phase 4)","Immobilier",2019-06-30,0.00927995312762701,0.00866401083127962,0.00407965402671806,0.5,0.770233665922239,0.5,0.00897198197945331,0.00897198197945331
"reference (phase 4)","Immobilier",2019-09-30,0.00817329086893613,0.0121204528707181,0.0012246541882952,0.5,0.68140379751167,0.5,0.0101468718698271,0.0101468718698271
"reference (phase 4)","Immobilier",2019-12-31,0.00703851972060953,0.00956426682907744,-0.00107461592825686,0.5,0.588369949545555,0.5,0.00830139327484349,0.00830139327484349
"reference (phase 4)","Immobilier",2020-03-31,0.00664981539448866,0.0098260316890376,-0.0121506955111226,0.5,0.556351510832252,0.5,0.00823792354176313,0.00823792354176313
"reference (phase 4)","Immobilier",2020-06-30,0.00888108252930851,0.00253732561563537,0.00154778434759706,0.5,0.73311572231168,0.5,0.00570920407247194,0.00570920407247194
"reference (phase 4)","Immobilier",2020-09-30,0.00790292724654337,0.0076096107172803,0.00248862454064991,0.5,0.654443143704112,0.5,0.00775626898191184,0.00775626898191184
"reference (phase 4)","Immobilier",2020-12-31,0.00618693415849198,0.00808896066416918,0.00250256303301022,0.5,0.514251315829947,0.5,0.00713794741133058,0.00713794741133058
"reference (phase 4)","Immobilier",2021-03-31,0.00591796930921096,0.0116777433225484,0.0186980933413192,0.5,0.493725948943228,0.5,0.00879785631587968,0.00879785631587968
"reference (phase 4)","Immobilier",2021-06-30,0.00726187214608195,0.00896287384176394,0.00589086653339521,0.5,0.607203995194482,0.5,0.00811237299392295,0.00811237299392295
"reference (phase 4)","Immobilier",2021-09-30,0.00607356661004801,0.00930348524618798,0.00489489217388339,0.5,0.510371287102151,0.5,0.007688525928118,0.007688525928118
"reference (phase 4)","Immobilier",2021-12-31,0.007621215076348,0.0105072326535578,-0.000185568621855481,0.5,0.643381024486523,0.5,0.0090642238649529,0.0090642238649529
"reference (phase 4)","Immobilier",2022-03-31,0.00744885218942415,0.00901618150144863,-0.00613333557758722,0.5,0.629998165171453,0.5,0.00823251684543639,0.00823251684543639
"reference (phase 4)","Immobilier",2022-06-30,0.00752756193895795,0.00952360595914048,0.000982294226966829,0.5,0.634348927038603,0.5,0.00852558394904921,0.00852558394904921
"reference (phase 4)","Immobilier",2022-09-30,0.00561025254285929,0.00841182050470035,0.00192740181735829,0.5,0.474085618013217,0.5,0.00701103652377982,0.00701103652377982
"reference (phase 4)","Immobilier",2022-12-31,0.00387600279333792,0.00914594280479493,0.00286217020537194,0.5,0.328618422609082,0.5,0.00651097279906642,0.00651097279906642
"reference (phase 4)","Immobilier",2023-03-31,0.0011729218489685,0.00320022411002661,0.0186492473499342,0.5,0.099816670705954,0.5,0.00218657297949756,0.00218657297949756
"reference (phase 4)","Immobilier",2023-06-30,0.00748797749493352,0.0117933011869318,0.00433516318523708,0.5,0.638282124116206,0.5,0.00964063934093266,0.00964063934093266
"reference (phase 4)","Immobilier",2023-09-30,0.0067579992261539,0.00903871660149807,0.000940152450292331,0.5,0.57849435229609,0.5,0.00789835791382599,0.00789835791382599
"reference (phase 4)","Immobilier",2023-12-31,0.00711387684156738,0.00680146448015212,0.00367575702520995,0.5,0.610558987249731,0.5,0.00695767066085975,0.00695767066085975
"reference (phase 4)","Immobilier",2024-03-31,0.00609910100545779,0.00835513536735188,0.019358859355199,0.5,0.52552806502448,0.5,0.00722711818640483,0.00722711818640483
"reference (phase 4)","Immobilier",2024-06-30,0.00794173106621228,0.010323706411602,0.00208616686757601,0.5,0.684932118318585,0.5,0.00913271873890714,0.00913271873890714
"reference (phase 4)","Immobilier",2024-09-30,0.0034954788710908,0.00805831144615959,0.000572003912662211,0.5,0.302414573863607,0.5,0.0057768951586252,0.0057768951586252
"reference (phase 4)","Immobilier",2024-12-31,,0.00858221767094556,0.00271140021348693,0.5,,0.5,0.00858221767094556,0.00858221767094556
"reference (phase 4)","Immobilier",2025-03-31,0.00496346317960763,0.0102451841916419,0.0241904984463055,0.5,0.431887384056124,0.5,0.00760432368562476,0.00760432368562476
"reference (phase 4)","Immobilier",2025-06-30,0.00817089177493987,0.00980279651170369,0.00225126559195132,0.5,0.708384445427288,0.5,0.00898684414332178,0.00898684414332178
"reference (phase 4)","Immobilier",2025-09-30,0.00722974075701494,0.00879022210120843,0.00139883513399042,0.5,0.628743120093944,0.5,0.00800998142911168,0.00800998142911168
"reference (phase 4)","Immobilier",2025-12-31,0.00684689453610806,0.00859530181841989,0.00356943094849527,0.5,0.597050208836387,0.5,0.00772109817726398,0.00772109817726398
"reference (phase 4)","Immobilier",2026-03-31,0.0070390827333909,0.0113771026213591,0.0145414287128816,0.5,0.616040197695076,0.5,0.009208092677375,0.009208092677375
"reference (phase 4)","Industrie d'extraction",2014-06-30,,0.017278995762863,-0.00618613651727884,0.5,,0.5,0.017278995762863,0.017278995762863
"reference (phase 4)","Industrie d'extraction",2014-09-30,,0.018847408104959,-0.015888470256332,0.5,,0.5,0.018847408104959,0.018847408104959
"reference (phase 4)","Industrie d'extraction",2014-12-31,,0.0294840370491735,-0.0298633941618487,0.5,,0.5,0.0294840370491735,0.0294840370491735
"reference (phase 4)","Industrie d'extraction",2015-03-31,,0.0306349108556698,0.00890133635762247,0.5,,0.5,0.0306349108556698,0.0306349108556698
"reference (phase 4)","Industrie d'extraction",2015-06-30,,0.0117541769572229,0.0247954892566806,0.5,,0.5,0.0117541769572229,0.0117541769572229
"reference (phase 4)","Industrie d'extraction",2015-09-30,,0.0121890669862214,0.0237021448250037,0.5,,0.5,0.0121890669862214,0.0121890669862214
"reference (phase 4)","Industrie d'extraction",2015-12-31,,0.010453219933241,-0.00879815197435896,0.5,,0.5,0.010453219933241,0.010453219933241
"reference (phase 4)","Industrie d'extraction",2016-03-31,,0.00911586608716397,0.0161383433235596,0.5,,0.5,0.00911586608716397,0.00911586608716397
"reference (phase 4)","Industrie d'extraction",2016-06-30,,0.0207324617336401,-0.0163339493026129,0.5,,0.5,0.0207324617336401,0.0207324617336401
"reference (phase 4)","Industrie d'extraction",2016-09-30,,0.0185937502493746,0.0218474503756241,0.5,,0.5,0.0185937502493746,0.0185937502493746
"reference (phase 4)","Industrie d'extraction",2016-12-31,,0.00914133792422436,0.025849664713844,0.5,,0.5,0.00914133792422436,0.00914133792422436
"reference (phase 4)","Industrie d'extraction",2017-03-31,,0.0156424128408559,0.0185128254497453,0.5,,0.5,0.0156424128408559,0.0156424128408559
"reference (phase 4)","Industrie d'extraction",2017-06-30,,0.0133271099000362,0.0955083840143161,0.5,,0.5,0.0133271099000362,0.0133271099000362
"reference (phase 4)","Industrie d'extraction",2017-09-30,,0.0119669733443149,-0.0311769033996843,0.5,,0.5,0.0119669733443149,0.0119669733443149
"reference (phase 4)","Industrie d'extraction",2017-12-31,,0.0202132224594892,0.0125783920146532,0.5,,0.5,0.0202132224594892,0.0202132224594892
"reference (phase 4)","Industrie d'extraction",2018-03-31,,0.0168804749053021,-0.0244479675700369,0.5,,0.5,0.0168804749053021,0.0168804749053021
"reference (phase 4)","Industrie d'extraction",2018-06-30,,-0.0119328900924359,0.0081793613697414,0.5,,0.5,-0.0119328900924359,-0.0119328900924359
"reference (phase 4)","Industrie d'extraction",2018-09-30,,0.0129550588583958,-0.0117710521370427,0.5,,0.5,0.0129550588583958,0.0129550588583958
"reference (phase 4)","Industrie d'extraction",2018-12-31,,0.0038356298493351,-0.00327062290436331,0.5,,0.5,0.0038356298493351,0.0038356298493351
"reference (phase 4)","Industrie d'extraction",2019-03-31,,0.00969642848813987,0.040057095335742,0.5,,0.5,0.00969642848813987,0.00969642848813987
"reference (phase 4)","Industrie d'extraction",2019-06-30,,0.00587506414679064,-0.0225433471888596,0.5,,0.5,0.00587506414679064,0.00587506414679064
"reference (phase 4)","Industrie d'extraction",2019-09-30,,0.0200650282919328,0.0109256734157306,0.5,,0.5,0.0200650282919328,0.0200650282919328
"reference (phase 4)","Industrie d'extraction",2019-12-31,,0.0175802728170349,0.00214620520732645,0.5,,0.5,0.0175802728170349,0.0175802728170349
"reference (phase 4)","Industrie d'extraction",2020-03-31,,0.0198612030350813,0.00506158820307512,0.5,,0.5,0.0198612030350813,0.0198612030350813
"reference (phase 4)","Industrie d'extraction",2020-06-30,,0.0282733812059157,0.0237324718357801,0.5,,0.5,0.0282733812059157,0.0282733812059157
"reference (phase 4)","Industrie d'extraction",2020-09-30,,0.0348257825919949,-0.0110758122366672,0.5,,0.5,0.0348257825919949,0.0348257825919949
"reference (phase 4)","Industrie d'extraction",2020-12-31,,0.0069170568149415,0.0282365373459843,0.5,,0.5,0.0069170568149415,0.0069170568149415
"reference (phase 4)","Industrie d'extraction",2021-03-31,,0.00891710501019216,0.0506515529548963,0.5,,0.5,0.00891710501019216,0.00891710501019216
"reference (phase 4)","Industrie d'extraction",2021-06-30,,0.0112140528473805,-0.0120026798414088,0.5,,0.5,0.0112140528473805,0.0112140528473805
"reference (phase 4)","Industrie d'extraction",2021-09-30,,0.0189719762582948,0.0223534844760689,0.5,,0.5,0.0189719762582948,0.0189719762582948
"reference (phase 4)","Industrie d'extraction",2021-12-31,,0.0131587260013968,-0.0143497716369634,0.5,,0.5,0.0131587260013968,0.0131587260013968
"reference (phase 4)","Industrie d'extraction",2022-03-31,,0.0147690469986585,-0.138625872821352,0.5,,0.5,0.0147690469986585,0.0147690469986585
"reference (phase 4)","Industrie d'extraction",2022-06-30,,0.0207467815319396,-0.0689421152185421,0.5,,0.5,0.0207467815319396,0.0207467815319396
"reference (phase 4)","Industrie d'extraction",2022-09-30,,0.00969542753409443,-0.0421248811824597,0.5,,0.5,0.00969542753409443,0.00969542753409443
"reference (phase 4)","Industrie d'extraction",2022-12-31,,0.00519363304535769,-0.216757201746969,0.5,,0.5,0.00519363304535769,0.00519363304535769
"reference (phase 4)","Industrie d'extraction",2023-03-31,,0.0292897627901745,0.0973621473997142,0.5,,0.5,0.0292897627901745,0.0292897627901745
"reference (phase 4)","Industrie d'extraction",2023-06-30,,-0.00724115442567746,2.03357431196594e-05,0.5,,0.5,-0.00724115442567746,-0.00724115442567746
"reference (phase 4)","Industrie d'extraction",2023-09-30,,0.00866230564705127,0.0733392840223264,0.5,,0.5,0.00866230564705127,0.00866230564705127
"reference (phase 4)","Industrie d'extraction",2023-12-31,,-0.000896764388484034,0.113749741354164,0.5,,0.5,-0.000896764388484034,-0.000896764388484034
"reference (phase 4)","Industrie d'extraction",2024-03-31,,-0.00984357845914411,-0.0252607257677209,0.5,,0.5,-0.00984357845914411,-0.00984357845914411
"reference (phase 4)","Industrie d'extraction",2024-06-30,,0.0134125995166855,0.0070152744335843,0.5,,0.5,0.0134125995166855,0.0134125995166855
"reference (phase 4)","Industrie d'extraction",2024-09-30,,0.0111587526145102,0.022117053793357,0.5,,0.5,0.0111587526145102,0.0111587526145102
"reference (phase 4)","Industrie d'extraction",2024-12-31,,0.00859012744437375,-0.0056609646746999,0.5,,0.5,0.00859012744437375,0.00859012744437375
"reference (phase 4)","Industrie d'extraction",2025-03-31,,-0.00797111829592025,0.0657933092045351,0.5,,0.5,-0.00797111829592025,-0.00797111829592025
"reference (phase 4)","Industrie d'extraction",2025-06-30,,0.023742819052498,0.046428686738258,0.5,,0.5,0.023742819052498,0.023742819052498
"reference (phase 4)","Industrie d'extraction",2025-09-30,,0.000506588676821092,-0.0306857679206729,0.5,,0.5,0.000506588676821092,0.000506588676821092
"reference (phase 4)","Industrie d'extraction",2025-12-31,,0.00387901013032952,-0.0912476795593946,0.5,,0.5,0.00387901013032952,0.00387901013032952
"reference (phase 4)","Industrie d'extraction",2026-03-31,,-0.00523553901199326,0.0429938589024168,0.5,,0.5,-0.00523553901199326,-0.00523553901199326
"reference (phase 4)","Industrie de transformation",2014-06-30,0.0149074605052731,0.00976839603108851,0.0134903455131372,0.5,0.708063599991752,0.5,0.0123379282681808,0.0123379282681808
"reference (phase 4)","Industrie de transformation",2014-09-30,0.00175080269766082,0.00956973110133947,0.00323811979902189,0.5,0.0837512734000103,0.5,0.00566026689950015,0.00566026689950015
"reference (phase 4)","Industrie de transformation",2014-12-31,0.00269674364418199,0.00953185613182733,-0.0476741243890952,0.5,0.129973054877419,0.5,0.00611429988800466,0.00611429988800466
"reference (phase 4)","Industrie de transformation",2015-03-31,-0.0110641678814274,0.00850045489962514,0.0304379715047673,0.5,0.511182917479758,0.5,-0.00128185649090113,-0.00128185649090113
"reference (phase 4)","Industrie de transformation",2015-06-30,0.0118262661007325,0.00792302098410826,0.0194938047357773,0.5,0.545398528509355,0.5,0.00987464354242038,0.00987464354242038
"reference (phase 4)","Industrie de transformation",2015-09-30,-0.00838771442248341,0.0085700197758126,0.00620713596259748,0.5,0.388667060718231,0.5,9.11526766645947e-05,9.11526766645947e-05
"reference (phase 4)","Industrie de transformation",2015-12-31,0.00653164976680227,0.00777741202381764,-0.00664650552544366,0.5,0.304877730259499,0.5,0.00715453089530995,0.00715453089530995
"reference (phase 4)","Industrie de transformation",2016-03-31,0.00783092501689864,0.0110257820609607,-0.00323991776717136,0.5,0.367153880789527,0.5,0.00942835353892967,0.00942835353892967
"reference (phase 4)","Industrie de transformation",2016-06-30,0.00471900654293866,0.00857876891199688,-0.00999549769479913,0.5,0.222501744557685,0.5,0.00664888772746777,0.00664888772746777
"reference (phase 4)","Industrie de transformation",2016-09-30,-0.00117310081443643,0.00809640328148517,0.0228243332255111,0.5,0.055472184559488,0.5,0.00346165123352437,0.00346165123352437
"reference (phase 4)","Industrie de transformation",2016-12-31,0.0102686644212785,0.0112113175746548,0.0116788252925897,0.5,0.486852737826846,0.5,0.0107399909979666,0.0107399909979666
"reference (phase 4)","Industrie de transformation",2017-03-31,0.0013647582876275,0.00644319385401934,0.00953178833632684,0.5,0.0651186380945723,0.5,0.00390397607082342,0.00390397607082342
"reference (phase 4)","Industrie de transformation",2017-06-30,0.00892401293326962,0.00926156447049259,0.0149267146411702,0.5,0.428607750642143,0.5,0.0090927887018811,0.0090927887018811
"reference (phase 4)","Industrie de transformation",2017-09-30,0.0168671810491078,0.00906628533060474,-0.0114616897126858,0.5,0.81460064427597,0.5,0.0129667331898563,0.0129667331898563
"reference (phase 4)","Industrie de transformation",2017-12-31,0.00620910251076799,0.00839291936560086,0.00280821148239063,0.5,0.300361779624105,0.5,0.00730101093818443,0.00730101093818443
"reference (phase 4)","Industrie de transformation",2018-03-31,0.00609721646886629,0.00832519695978311,0.0234087617899217,0.5,0.296803403942864,0.5,0.0072112067143247,0.0072112067143247
"reference (phase 4)","Industrie de transformation",2018-06-30,0.00355284056545308,0.00631987222989079,-0.00382899876597698,0.5,0.173291057893934,0.5,0.00493635639767193,0.00493635639767193
"reference (phase 4)","Industrie de transformation",2018-09-30,-0.00127552342859237,0.00772200801963733,0.0197648970716831,0.5,0.062507660295435,0.5,0.00322324229552248,0.00322324229552248
"reference (phase 4)","Industrie de transformation",2018-12-31,0.00958477795958263,0.00664036420936519,0.00254844063750426,0.5,0.471380290951457,0.5,0.00811257108447391,0.00811257108447391
"reference (phase 4)","Industrie de transformation",2019-03-31,0.00807981435434469,0.0083367455257233,0.00525129663060397,0.5,0.399717964141208,0.5,0.00820827994003399,0.00820827994003399
"reference (phase 4)","Industrie de transformation",2019-06-30,0.00870858111198648,0.00462311964244373,0.0369509505888086,0.5,0.433433141769003,0.5,0.00666585037721511,0.00666585037721511
"reference (phase 4)","Industrie de transformation",2019-09-30,0.0205621089928704,0.00881244858098063,-0.0175063522194137,0.5,1.01571401366384,0.5,0.0146872787869255,0.0146872787869255
"reference (phase 4)","Industrie de transformation",2019-12-31,-0.00745766966379383,0.00840333768157522,-0.00688096519466086,0.5,0.367465628416228,0.5,0.000472834008890695,0.000472834008890695
"reference (phase 4)","Industrie de transformation",2020-03-31,-0.012204723399356,0.00936394890538783,-0.00162253854886352,0.5,0.60336390185319,0.5,-0.00142038724698409,-0.00142038724698409
"reference (phase 4)","Industrie de transformation",2020-06-30,-0.00563178044383893,0.00597223556292502,-0.213797918505946,0.5,0.279779794058534,0.5,0.000170227559543045,0.000170227559543045
"reference (phase 4)","Industrie de transformation",2020-09-30,0.0131864819218565,0.00821449451536489,0.176609534773862,0.5,0.428984466875648,0.5,0.0107004882186107,0.0107004882186107
"reference (phase 4)","Industrie de transformation",2020-12-31,0.069721532836379,0.0116905879142253,-0.00858663289649719,0.5,1.9595378467237,0.5,0.0407060603753021,0.0407060603753021
"reference (phase 4)","Industrie de transformation",2021-03-31,0.0286925239545697,0.00516162071921515,0.0682885003101887,0.5,0.810197021274151,0.5,0.0169270723368924,0.0169270723368924
"reference (phase 4)","Industrie de transformation",2021-06-30,-0.0736996568159491,0.00820082206240853,-0.0226087358268856,0.5,2.05746082923349,0,-0.0327494173767703,-0.0736996568159491
"reference (phase 4)","Industrie de transformation",2021-09-30,0.011614821821918,0.00881350135032242,0.0119171102444078,0.5,0.324880161779085,0.5,0.0102141615861202,0.0102141615861202
"reference (phase 4)","Industrie de transformation",2021-12-31,0.1392411207981,0.00880205207214303,0.0157395324071921,0.5,3.91526203094468,0,0.0740215864351215,0.1392411207981
"reference (phase 4)","Industrie de transformation",2022-03-31,-0.113849996364681,0.00753133140780234,-0.00935236645143078,0.5,3.21718720909754,0,-0.0531593324784393,-0.113849996364681
"reference (phase 4)","Industrie de transformation",2022-06-30,0.00801561578083356,0.00798127572582743,0.0265199585031901,0.5,0.227479014257923,0.5,0.0079984457533305,0.0079984457533305
"reference (phase 4)","Industrie de transformation",2022-09-30,0.0552533664322567,0.00957575710848014,0.00503674468161641,0.5,1.57350582403747,0.5,0.0324145617703684,0.0324145617703684
"reference (phase 4)","Industrie de transformation",2022-12-31,-0.00976684324997714,0.00959049955161093,-0.00375576483451212,0.5,0.279583624797526,0.5,-8.81718491831055e-05,-8.81718491831055e-05
"reference (phase 4)","Industrie de transformation",2023-03-31,-0.0243051138963828,0.00949709494001025,0.00769564383733545,0.5,0.699042837182087,0.5,-0.00740400947818628,-0.00740400947818628
"reference (phase 4)","Industrie de transformation",2023-06-30,0.0315215184979691,0.00903291643165808,-0.0170061439275049,0.5,0.911198462343369,0.5,0.0202772174648136,0.0202772174648136
"reference (phase 4)","Industrie de transformation",2023-09-30,-0.0201182359613388,0.0088094922397776,0.0317188158621384,0.5,0.583194240395773,0.5,-0.0056543718607806,-0.0056543718607806
"reference (phase 4)","Industrie de transformation",2023-12-31,0.0416679485854748,0.00509751789318947,0.0560799603193818,0.5,1.21054336219127,0.5,0.0233827332393321,0.0233827332393321
"reference (phase 4)","Industrie de transformation",2024-03-31,-0.0262865021456065,0.0053036230535477,-0.0663244948448725,0.5,0.759640108816396,0.5,-0.0104914395460294,-0.0104914395460294
"reference (phase 4)","Industrie de transformation",2024-06-30,-0.0121775754805611,0.0101458223979333,-0.00790860641250291,0.5,0.346249863062647,0.5,-0.0010158765413139,-0.0010158765413139
"reference (phase 4)","Industrie de transformation",2024-09-30,-0.0190542643941833,0.00691895300250297,0.069343487988764,0.5,0.543998793742476,0.5,-0.00606765569584016,-0.00606765569584016
"reference (phase 4)","Industrie de transformation",2024-12-31,0.0811338018125889,0.00739212769858457,0.0165418381598617,0.5,2.29178544543731,0,0.0442629647555867,0.0811338018125889
"reference (phase 4)","Industrie de transformation",2025-03-31,-0.0553728915872408,0.00404058842863856,-0.0681965626927639,0.5,1.57093454296723,0.5,-0.0256661515793011,-0.0256661515793011
"reference (phase 4)","Industrie de transformation",2025-06-30,0.00593244662359806,0.00996361567238173,0.0247579899121657,0.5,0.165659629890355,0.5,0.0079480311479899,0.0079480311479899
"reference (phase 4)","Industrie de transformation",2025-09-30,0.0249265979380684,0.0071168794181092,0.0308834262611075,0.5,0.698394292206033,0.5,0.0160217386780888,0.0160217386780888
"reference (phase 4)","Industrie de transformation",2025-12-31,0.0731661826995807,0.00722150265812272,0.0330754169078045,0.5,2.05484041904321,0,0.0401938426788517,0.0731661826995807
"reference (phase 4)","Industrie de transformation",2026-03-31,-0.083394343835728,-0.00184682985651775,-0.101743963623765,0.5,2.3467258284874,0,-0.0426205868461229,-0.083394343835728
"reference (phase 4)","Information-communication",2014-06-30,0.0324091475299403,0.0294778338878449,0.0185608138362312,0.5,0.685870444228194,0.5,0.0309434907088926,0.0309434907088926
"reference (phase 4)","Information-communication",2014-09-30,0.0117208097314541,0.0263629773244093,0.031275663358036,0.5,0.249876695985305,0.5,0.0190418935279317,0.0190418935279317
"reference (phase 4)","Information-communication",2014-12-31,0.0344700344626394,0.0275667649108956,0.038634291236642,0.5,0.740586506571817,0.5,0.0310183996867675,0.0310183996867675
"reference (phase 4)","Information-communication",2015-03-31,0.0364171191015651,0.024933012824293,0.00404829052809141,0.5,0.788236400056261,0.5,0.0306750659629291,0.0306750659629291
"reference (phase 4)","Information-communication",2015-06-30,0.0424154371277517,0.0290107895641515,-0.0211948620280431,0.5,0.922707363386756,0.5,0.0357131133459516,0.0357131133459516
"reference (phase 4)","Information-communication",2015-09-30,0.0858741292232913,0.0252990436434834,-0.0255461304946749,0.5,1.86485987099645,0.5,0.0555865864333873,0.0555865864333873
"reference (phase 4)","Information-communication",2015-12-31,0.0457560703065372,0.0270583617600648,-0.0117556566679973,0.5,0.990695932291028,0.5,0.036407216033301,0.036407216033301
"reference (phase 4)","Information-communication",2016-03-31,0.166916050631561,0.0189489553539417,0.0441187349800902,0.5,3.62024238844092,0,0.0929325029927514,0.166916050631561
"reference (phase 4)","Information-communication",2016-06-30,-0.0233610475208538,0.0270369741459753,0.0324311797721624,0.5,0.509856472975714,0.5,0.00183796331256075,0.00183796331256075
"reference (phase 4)","Information-communication",2016-09-30,-0.053002642545937,0.0256629501505232,0.0156993215704908,0.5,1.16484243274665,0.5,-0.0136698461977069,-0.0136698461977069
"reference (phase 4)","Information-communication",2016-12-31,0.0427667203317959,0.0248261038010425,0.0119540679681371,0.5,0.945880183536493,0.5,0.0337964120664192,0.0337964120664192
"reference (phase 4)","Information-communication",2017-03-31,,0.0197339213365438,-0.074924310117952,0.5,,0.5,0.0197339213365438,0.0197339213365438
"reference (phase 4)","Information-communication",2017-06-30,,0.0183625545990811,0.0264960645184544,0.5,,0.5,0.0183625545990811,0.0183625545990811
"reference (phase 4)","Information-communication",2017-09-30,,0.0239692053012145,0.0150230359818178,0.5,,0.5,0.0239692053012145,0.0239692053012145
"reference (phase 4)","Information-communication",2017-12-31,,0.0239809564523361,0.00966388766132553,0.5,,0.5,0.0239809564523361,0.0239809564523361
"reference (phase 4)","Information-communication",2018-03-31,,0.0238138246772928,-0.010365531714644,0.5,,0.5,0.0238138246772928,0.0238138246772928
"reference (phase 4)","Information-communication",2018-06-30,,0.0267033931090104,0.0250131048881688,0.5,,0.5,0.0267033931090104,0.0267033931090104
"reference (phase 4)","Information-communication",2018-09-30,,0.0227802204571883,0.00871941409985943,0.5,,0.5,0.0227802204571883,0.0227802204571883
"reference (phase 4)","Information-communication",2018-12-31,,0.0198353373605658,0.0017418043179287,0.5,,0.5,0.0198353373605658,0.0198353373605658
"reference (phase 4)","Information-communication",2019-03-31,,0.0208066457532991,0.000840591265317769,0.5,,0.5,0.0208066457532991,0.0208066457532991
"reference (phase 4)","Information-communication",2019-06-30,,0.0195649375912108,0.00593404498862071,0.5,,0.5,0.0195649375912108,0.0195649375912108
"reference (phase 4)","Information-communication",2019-09-30,,0.0245599444569149,0.0095827091317755,0.5,,0.5,0.0245599444569149,0.0245599444569149
"reference (phase 4)","Information-communication",2019-12-31,,0.0224294120588152,0.0110725639758531,0.5,,0.5,0.0224294120588152,0.0224294120588152
"reference (phase 4)","Information-communication",2020-03-31,,0.0213821338843639,0.0419599960536452,0.5,,0.5,0.0213821338843639,0.0213821338843639
"reference (phase 4)","Information-communication",2020-06-30,,0.0230317616592223,-0.0210436716728193,0.5,,0.5,0.0230317616592223,0.0230317616592223
"reference (phase 4)","Information-communication",2020-09-30,,0.0163388280289452,-0.00204975173975619,0.5,,0.5,0.0163388280289452,0.0163388280289452
"reference (phase 4)","Information-communication",2020-12-31,,0.0270349569632045,0.0411703029645043,0.5,,0.5,0.0270349569632045,0.0270349569632045
"reference (phase 4)","Information-communication",2021-03-31,,0.0218335879307991,-0.0536933298258049,0.5,,0.5,0.0218335879307991,0.0218335879307991
"reference (phase 4)","Information-communication",2021-06-30,,0.0188994125399165,0.00186143113149839,0.5,,0.5,0.0188994125399165,0.0188994125399165
"reference (phase 4)","Information-communication",2021-09-30,,0.0190179195185552,0.00942302584054922,0.5,,0.5,0.0190179195185552,0.0190179195185552
"reference (phase 4)","Information-communication",2021-12-31,,0.0220949652728678,0.0317145043040412,0.5,,0.5,0.0220949652728678,0.0220949652728678
"reference (phase 4)","Information-communication",2022-03-31,,0.0214147669734638,0.00597454514787366,0.5,,0.5,0.0214147669734638,0.0214147669734638
"reference (phase 4)","Information-communication",2022-06-30,,0.0223742415761555,0.00161153463684727,0.5,,0.5,0.0223742415761555,0.0223742415761555
"reference (phase 4)","Information-communication",2022-09-30,,0.0193218689122779,0.0112829099708271,0.5,,0.5,0.0193218689122779,0.0193218689122779
"reference (phase 4)","Information-communication",2022-12-31,,0.0178847784462767,-0.0182958711637902,0.5,,0.5,0.0178847784462767,0.0178847784462767
"reference (phase 4)","Information-communication",2023-03-31,,0.00658965832462748,0.0550902776591649,0.5,,0.5,0.00658965832462748,0.00658965832462748
"reference (phase 4)","Information-communication",2023-06-30,,0.0239339350561539,0.0108067356801964,0.5,,0.5,0.0239339350561539,0.0239339350561539
"reference (phase 4)","Information-communication",2023-09-30,,0.0210429570675845,-0.00473773465213512,0.5,,0.5,0.0210429570675845,0.0210429570675845
"reference (phase 4)","Information-communication",2023-12-31,,0.0182483090690289,-0.000895282531592656,0.5,,0.5,0.0182483090690289,0.0182483090690289
"reference (phase 4)","Information-communication",2024-03-31,,0.0210546688741508,0.026793324234438,0.5,,0.5,0.0210546688741508,0.0210546688741508
"reference (phase 4)","Information-communication",2024-06-30,,0.0247314692317778,0.001257668725545,0.5,,0.5,0.0247314692317778,0.0247314692317778
"reference (phase 4)","Information-communication",2024-09-30,,0.0216714594344862,-0.00629426164916325,0.5,,0.5,0.0216714594344862,0.0216714594344862
"reference (phase 4)","Information-communication",2024-12-31,,0.0223145028126143,0.0171119883477697,0.5,,0.5,0.0223145028126143,0.0223145028126143
"reference (phase 4)","Information-communication",2025-03-31,,0.024233519924589,-0.0293164263615733,0.5,,0.5,0.024233519924589,0.024233519924589
"reference (phase 4)","Information-communication",2025-06-30,,0.0221502707613554,0.0212659373554622,0.5,,0.5,0.0221502707613554,0.0221502707613554
"reference (phase 4)","Information-communication",2025-09-30,,0.0202156715306706,-0.0160974475343618,0.5,,0.5,0.0202156715306706,0.0202156715306706
"reference (phase 4)","Information-communication",2025-12-31,,0.0236013882588358,0.0239716974815245,0.5,,0.5,0.0236013882588358,0.0236013882588358
"reference (phase 4)","Information-communication",2026-03-31,,0.0188829454122323,-0.00933597860249158,0.5,,0.5,0.0188829454122323,0.0188829454122323
"reference (phase 4)","Pêche",2014-06-30,-0.0111571954736477,-0.000999570503781654,0.238884348531972,0.5,0.0737152732172498,0.5,-0.00607838298871468,-0.00607838298871468
"reference (phase 4)","Pêche",2014-09-30,0.0413417051268206,-0.0140790872750741,-0.0842585990548885,0.5,0.270048420718233,0.5,0.0136313089258733,0.0136313089258733
"reference (phase 4)","Pêche",2014-12-31,0.0392659013188637,-0.00560863183832511,0.0971925333013068,0.5,0.257847421480708,0.5,0.0168286347402693,0.0168286347402693
"reference (phase 4)","Pêche",2015-03-31,0.0305926596731917,-0.00244108431895587,-0.0182664312630081,0.5,0.201826423306534,0.5,0.0140757876771179,0.0140757876771179
"reference (phase 4)","Pêche",2015-06-30,0.0311130364509157,0.00365731835177571,0.0112681719167798,0.5,0.206779071340479,0.5,0.0173851774013457,0.0173851774013457
"reference (phase 4)","Pêche",2015-09-30,0.0859482235797479,-0.000999300630460134,-0.0240378912771044,0.5,0.575449262359419,0.5,0.0424744614746439,0.0424744614746439
"reference (phase 4)","Pêche",2015-12-31,-0.0122841974390538,0.00655587352674376,0.0711997243889542,0.5,0.0828299645171355,0.5,-0.00286416195615502,-0.00286416195615502
"reference (phase 4)","Pêche",2016-03-31,0.0538563990227461,-0.00439795316152736,0.0522788830555712,0.5,0.365200050346637,0.5,0.0247292229306094,0.0247292229306094
"reference (phase 4)","Pêche",2016-06-30,0.0238703504856445,-0.00454193895761413,-0.0692837716719641,0.5,0.162889385062424,0.5,0.00966420576401518,0.00966420576401518
"reference (phase 4)","Pêche",2016-09-30,0.0363929676381988,0.00507426860234367,-0.0707389562407208,0.5,0.249654586803247,0.5,0.0207336181202712,0.0207336181202712
"reference (phase 4)","Pêche",2016-12-31,0.0195972119482901,-0.00261749375662086,0.100756292896915,0.5,0.135131224615767,0.5,0.00848985909583462,0.00848985909583462
"reference (phase 4)","Pêche",2017-03-31,0.124064550729199,-0.000108959568785388,-0.0981301116583815,0.5,0.858620965804204,0.5,0.0619777955802068,0.0619777955802068
"reference (phase 4)","Pêche",2017-06-30,0.0295451477016011,0.00498932814816059,-0.0199501670707116,0.5,0.205181082685757,0.5,0.0172672379248808,0.0172672379248808
"reference (phase 4)","Pêche",2017-09-30,0.0144688808431036,0.00203090303419007,0.0209332096664658,0.5,0.101133982822291,0.5,0.00824989193864684,0.00824989193864684
"reference (phase 4)","Pêche",2017-12-31,0.0243646303559173,0.00110619122177103,-0.0659095853471712,0.5,0.171399118367419,0.5,0.0127354107888442,0.0127354107888442
"reference (phase 4)","Pêche",2018-03-31,0.0171056468708144,0.00409250452649495,-0.118526708999348,0.5,0.120937265961744,0.5,0.0105990756986547,0.0105990756986547
"reference (phase 4)","Pêche",2018-06-30,0.0223666859977939,0.0176268564013249,0.0565619820165848,0.5,0.158429955911326,0.5,0.0199967711995594,0.0199967711995594
"reference (phase 4)","Pêche",2018-09-30,,0.00223453884793879,-0.0520428663582821,0.5,,0.5,0.00223453884793879,0.00223453884793879
"reference (phase 4)","Pêche",2018-12-31,,-0.00242950525524237,0.0519498128058951,0.5,,0.5,-0.00242950525524237,-0.00242950525524237
"reference (phase 4)","Pêche",2019-03-31,,0.00194418873897726,0.165886600744615,0.5,,0.5,0.00194418873897726,0.00194418873897726
"reference (phase 4)","Pêche",2019-06-30,,-0.0361441619886129,-0.10051090919398,0.5,,0.5,-0.0361441619886129,-0.0361441619886129
"reference (phase 4)","Pêche",2019-09-30,,0.0128049962048641,0.107189386187184,0.5,,0.5,0.0128049962048641,0.0128049962048641
"reference (phase 4)","Pêche",2019-12-31,-0.032989677414062,0.00323256169326961,-0.178444977080698,0.5,0.238089211397954,0.5,-0.0148785578603962,-0.0148785578603962
"reference (phase 4)","Pêche",2020-03-31,,0.00569287368339539,0.250419564323746,0.5,,0.5,0.00569287368339539,0.00569287368339539
"reference (phase 4)","Pêche",2020-06-30,,0.0357225585486882,-0.182744294243855,0.5,,0.5,0.0357225585486882,0.0357225585486882
"reference (phase 4)","Pêche",2020-09-30,,0.00446374201032906,0.449867423442043,0.5,,0.5,0.00446374201032906,0.00446374201032906
"reference (phase 4)","Pêche",2020-12-31,,0.0300882332202258,-0.549113253084071,0.5,,0.5,0.0300882332202258,0.0300882332202258
"reference (phase 4)","Pêche",2021-03-31,0.209663356352515,0.00859614682572679,0.301831328865735,0.5,1.32188105371603,0.5,0.109129751589121,0.109129751589121
"reference (phase 4)","Pêche",2021-06-30,-0.117515536487798,-0.00964365691871637,0.086451616600093,0.5,0.730588219835599,0.5,-0.0635795967032572,-0.0635795967032572
"reference (phase 4)","Pêche",2021-09-30,0.079295000149508,-0.00383558754625745,-0.0880960598262783,0.5,0.494950246220985,0.5,0.0377297063016253,0.0377297063016253
"reference (phase 4)","Pêche",2021-12-31,-0.0803773151894659,0.0146934961926879,0.102924635387614,0.5,0.503533796978915,0.5,-0.032841909498389,-0.032841909498389
"reference (phase 4)","Pêche",2022-03-31,0.0735585520874929,-0.0038224727266961,-0.251794115386521,0.5,0.462322868232217,0.5,0.0348680396803984,0.0348680396803984
"reference (phase 4)","Pêche",2022-06-30,0.242217764760834,-0.000175243541600336,0.0309075374630767,0.5,1.5100413469688,0.5,0.121021260609617,0.121021260609617
"reference (phase 4)","Pêche",2022-09-30,-0.1008939583102,0.00311213458101047,-0.424362348289532,0.5,0.632185705448187,0.5,-0.0488909118645948,-0.0488909118645948
"reference (phase 4)","Pêche",2022-12-31,,0.0211587764184412,0.537806048836181,0.5,,0.5,0.0211587764184412,0.0211587764184412
"reference (phase 4)","Pêche",2023-03-31,,-0.0851770901785509,-0.196422814008341,0.5,,0.5,-0.0851770901785509,-0.0851770901785509
"reference (phase 4)","Pêche",2023-06-30,,0.0204885639305283,0.108653138186501,0.5,,0.5,0.0204885639305283,0.0204885639305283
"reference (phase 4)","Pêche",2023-09-30,,-0.00733238796590109,0.0833031314032056,0.5,,0.5,-0.00733238796590109,-0.00733238796590109
"reference (phase 4)","Pêche",2023-12-31,0.120870658908513,-0.0112094913306088,-0.169722558184949,0.5,0.704694747334409,0.5,0.0548305837889521,0.0548305837889521
"reference (phase 4)","Pêche",2024-03-31,0.191590212494285,0.0321943029255859,0.137736263229147,0.5,1.11700453979893,0.5,0.111892257709935,0.111892257709935
"reference (phase 4)","Pêche",2024-06-30,-0.115286306408445,-0.00302814502527464,-0.124393100066797,0.5,0.673348969656671,0.5,-0.0591572257168598,-0.0591572257168598
"reference (phase 4)","Pêche",2024-09-30,0.112170651889066,0.0162443811730374,0.3409847439024,0.5,0.65659988659051,0.5,0.0642075165310517,0.0642075165310517
"reference (phase 4)","Pêche",2024-12-31,-0.236094706218815,-0.00885931164393119,-0.314903192186618,0.5,1.3631563815103,0.5,-0.122477008931373,-0.122477008931373
"reference (phase 4)","Pêche",2025-03-31,0.147207241686051,0.0698904733558483,0.0879705045311976,0.5,0.840621386414489,0.5,0.10854885752095,0.10854885752095
"reference (phase 4)","Pêche",2025-06-30,-0.0545364038097048,0.0116477655842803,-0.202438183367684,0.5,0.312535561245872,0.5,-0.0214443191127122,-0.0214443191127122
"reference (phase 4)","Pêche",2025-09-30,0.3175570368487,0.0469071869359351,0.141488674493727,0.5,1.81681562513648,0.5,0.182232111892318,0.182232111892318
"reference (phase 4)","Pêche",2025-12-31,-0.229501291553719,-0.06053298572125,-0.181089428496749,0.5,1.31515539327649,0.5,-0.145017138637484,-0.145017138637484
"reference (phase 4)","Pêche",2026-03-31,0.0109118118916708,0.053549101411741,0.222874852773161,0.5,0.0625060883843642,0.5,0.0322304566517059,0.0322304566517059
"reference (phase 4)","Transports",2014-06-30,,0.0141536051730765,0.028015303409596,0.5,,0.5,0.0141536051730765,0.0141536051730765
"reference (phase 4)","Transports",2014-09-30,,0.0131550204147149,-0.00329148743112206,0.5,,0.5,0.0131550204147149,0.0131550204147149
"reference (phase 4)","Transports",2014-12-31,,0.0142599898517394,0.00554226208478248,0.5,,0.5,0.0142599898517394,0.0142599898517394
"reference (phase 4)","Transports",2015-03-31,,0.0140194057609696,0.0274647989726873,0.5,,0.5,0.0140194057609696,0.0140194057609696
"reference (phase 4)","Transports",2015-06-30,,0.0130427995271564,0.0238870417103634,0.5,,0.5,0.0130427995271564,0.0130427995271564
"reference (phase 4)","Transports",2015-09-30,,0.0139908746054988,-0.000400525138307017,0.5,,0.5,0.0139908746054988,0.0139908746054988
"reference (phase 4)","Transports",2015-12-31,,0.0142004949137126,0.0136274565391865,0.5,,0.5,0.0142004949137126,0.0142004949137126
"reference (phase 4)","Transports",2016-03-31,,0.0180787374977578,-0.00224188236103728,0.5,,0.5,0.0180787374977578,0.0180787374977578
"reference (phase 4)","Transports",2016-06-30,,0.0171810686543806,-0.0304162214184824,0.5,,0.5,0.0171810686543806,0.0171810686543806
"reference (phase 4)","Transports",2016-09-30,,0.0140168719932552,0.0405851512318183,0.5,,0.5,0.0140168719932552,0.0140168719932552
"reference (phase 4)","Transports",2016-12-31,,0.0132038186697193,-0.000806231998783602,0.5,,0.5,0.0132038186697193,0.0132038186697193
"reference (phase 4)","Transports",2017-03-31,,0.0132584575868841,0.00525061131594917,0.5,,0.5,0.0132584575868841,0.0132584575868841
"reference (phase 4)","Transports",2017-06-30,,0.0147036017529837,-0.00885390403460029,0.5,,0.5,0.0147036017529837,0.0147036017529837
"reference (phase 4)","Transports",2017-09-30,,0.0125345159048235,0.00323264375167831,0.5,,0.5,0.0125345159048235,0.0125345159048235
"reference (phase 4)","Transports",2017-12-31,,0.0144349176001422,0.00270040887982859,0.5,,0.5,0.0144349176001422,0.0144349176001422
"reference (phase 4)","Transports",2018-03-31,,0.0127324187950481,-0.00771766276284147,0.5,,0.5,0.0127324187950481,0.0127324187950481
"reference (phase 4)","Transports",2018-06-30,,0.0114358870241822,0.0381116237789918,0.5,,0.5,0.0114358870241822,0.0114358870241822
"reference (phase 4)","Transports",2018-09-30,,0.012916040817674,-0.0562132165992164,0.5,,0.5,0.012916040817674,0.012916040817674
"reference (phase 4)","Transports",2018-12-31,,0.0120675214836421,0.0024741177684291,0.5,,0.5,0.0120675214836421,0.0120675214836421
"reference (phase 4)","Transports",2019-03-31,,0.0111470584263773,0.0567198839409837,0.5,,0.5,0.0111470584263773,0.0111470584263773
"reference (phase 4)","Transports",2019-06-30,,0.00665525952470219,0.100742314764428,0.5,,0.5,0.00665525952470219,0.00665525952470219
"reference (phase 4)","Transports",2019-09-30,,0.00786649167377473,-0.105961891018188,0.5,,0.5,0.00786649167377473,0.00786649167377473
"reference (phase 4)","Transports",2019-12-31,,0.0126349581539969,-0.0390667942682299,0.5,,0.5,0.0126349581539969,0.0126349581539969
"reference (phase 4)","Transports",2020-03-31,,0.00998825619226729,-0.0126004908496,0.5,,0.5,0.00998825619226729,0.00998825619226729
"reference (phase 4)","Transports",2020-06-30,,0.000110559992614148,-0.501094849125378,0.5,,0.5,0.000110559992614148,0.000110559992614148
"reference (phase 4)","Transports",2020-09-30,,0.0225324483589166,0.125969152849114,0.5,,0.5,0.0225324483589166,0.0225324483589166
"reference (phase 4)","Transports",2020-12-31,,0.0102959727811038,0.122566805849722,0.5,,0.5,0.0102959727811038,0.0102959727811038
"reference (phase 4)","Transports",2021-03-31,,0.00319788801215952,0.0562033294168316,0.5,,0.5,0.00319788801215952,0.00319788801215952
"reference (phase 4)","Transports",2021-06-30,,0.0098771813694828,0.000731330783699136,0.5,,0.5,0.0098771813694828,0.0098771813694828
"reference (phase 4)","Transports",2021-09-30,,0.0130402847290895,0.0731279057345535,0.5,,0.5,0.0130402847290895,0.0130402847290895
"reference (phase 4)","Transports",2021-12-31,,0.0109580356678965,-0.0243022849728511,0.5,,0.5,0.0109580356678965,0.0109580356678965
"reference (phase 4)","Transports",2022-03-31,,0.0112131205447917,-0.0184384391565189,0.5,,0.5,0.0112131205447917,0.0112131205447917
"reference (phase 4)","Transports",2022-06-30,,0.0111405510752218,0.0331947459481938,0.5,,0.5,0.0111405510752218,0.0111405510752218
"reference (phase 4)","Transports",2022-09-30,,0.0122061351734691,0.0296892895055922,0.5,,0.5,0.0122061351734691,0.0122061351734691
"reference (phase 4)","Transports",2022-12-31,,0.0132427908480447,-0.00518075012109698,0.5,,0.5,0.0132427908480447,0.0132427908480447
"reference (phase 4)","Transports",2023-03-31,,0.0170919938318446,0.0341097935940446,0.5,,0.5,0.0170919938318446,0.0170919938318446
"reference (phase 4)","Transports",2023-06-30,,0.00814437110334127,0.0106539923050857,0.5,,0.5,0.00814437110334127,0.00814437110334127
"reference (phase 4)","Transports",2023-09-30,,0.0110643979483545,0.00294728832205848,0.5,,0.5,0.0110643979483545,0.0110643979483545
"reference (phase 4)","Transports",2023-12-31,,0.000691444645788297,0.0143046496502013,0.5,,0.5,0.000691444645788297,0.000691444645788297
"reference (phase 4)","Transports",2024-03-31,,-0.00011930428150073,0.0448609908773161,0.5,,0.5,-0.00011930428150073,-0.00011930428150073
"reference (phase 4)","Transports",2024-06-30,,0.014878461367281,0.0233315106872372,0.5,,0.5,0.014878461367281,0.014878461367281
"reference (phase 4)","Transports",2024-09-30,,0.00878334236570151,-0.000696765512168795,0.5,,0.5,0.00878334236570151,0.00878334236570151
"reference (phase 4)","Transports",2024-12-31,,0.00863875431731276,0.0179385719466758,0.5,,0.5,0.00863875431731276,0.00863875431731276
"reference (phase 4)","Transports",2025-03-31,,0.00746259335818907,-2.13944930589349e-05,0.5,,0.5,0.00746259335818907,0.00746259335818907
"reference (phase 4)","Transports",2025-06-30,,0.0121017134674558,0.0262253345690056,0.5,,0.5,0.0121017134674558,0.0121017134674558
"reference (phase 4)","Transports",2025-09-30,,0.00691333943636892,-0.00840283920981122,0.5,,0.5,0.00691333943636892,0.00691333943636892
"reference (phase 4)","Transports",2025-12-31,,0.0117068666480418,0.0256348485772033,0.5,,0.5,0.0117068666480418,0.0117068666480418
"reference (phase 4)","Transports",2026-03-31,,0.00521837220506411,0.00343555107293625,0.5,,0.5,0.00521837220506411,0.00521837220506411
"reference (phase 4)","Électricité, gaz, eau",2014-06-30,0.0364653538752965,0.0146477094499805,0.0332147863217731,0.5,0.845680996783222,0.5,0.0255565316626385,0.0255565316626385
"reference (phase 4)","Électricité, gaz, eau",2014-09-30,-0.0431525093490712,0.00788023198356382,-0.00679393605210521,0.5,1.00622289359939,0.5,-0.0176361386827537,-0.0176361386827537
"reference (phase 4)","Électricité, gaz, eau",2014-12-31,0.0433385776133288,0.00858555759323919,-0.00857021450047135,0.5,1.01729897292145,0.5,0.025962067603284,0.025962067603284
"reference (phase 4)","Électricité, gaz, eau",2015-03-31,0.0289025102691116,0.00884921238223348,0.0437145225973961,0.5,0.682732488837287,0.5,0.0188758613256725,0.0188758613256725
"reference (phase 4)","Électricité, gaz, eau",2015-06-30,-0.0806451544969817,0.0100129920168948,0.00610525562054143,0.5,1.90979250088521,0.5,-0.0353160812400434,-0.0353160812400434
"reference (phase 4)","Électricité, gaz, eau",2015-09-30,0.00708730182083196,0.0117712031787603,0.0103469379268244,0.5,0.169077360568135,0.5,0.00942925249979613,0.00942925249979613
"reference (phase 4)","Électricité, gaz, eau",2015-12-31,0.00322048978986399,0.00907087004314348,-0.00455943213512988,0.5,0.0773918186491178,0.5,0.00614567991650374,0.00614567991650374
"reference (phase 4)","Électricité, gaz, eau",2016-03-31,-0.00926546018136234,0.010328303361933,0.000155955147615572,0.5,0.224085308421163,0.5,0.00053142159028533,0.00053142159028533
"reference (phase 4)","Électricité, gaz, eau",2016-06-30,-0.00724910771803738,0.0044390794189665,-0.017175634556283,0.5,0.176507513082583,0.5,-0.00140501414953544,-0.00140501414953544
"reference (phase 4)","Électricité, gaz, eau",2016-09-30,-0.00183048189816335,0.00927168715997263,0.0711460023338066,0.5,0.0447556408869261,0.5,0.00372060263090464,0.00372060263090464
"reference (phase 4)","Électricité, gaz, eau",2016-12-31,0.0319473791033212,0.00588625183696977,-0.0359660643263187,0.5,0.774281832379853,0.5,0.0189168154701455,0.0189168154701455
"reference (phase 4)","Électricité, gaz, eau",2017-03-31,-0.0247741848561643,0.00956577654612547,-0.00716286993772819,0.5,0.599606745222538,0.5,-0.00760420415501942,-0.00760420415501942
"reference (phase 4)","Électricité, gaz, eau",2017-06-30,-0.0290933342362994,0.00916374339825512,0.0253000677575166,0.5,0.708162324106966,0.5,-0.00996479541902214,-0.00996479541902214
"reference (phase 4)","Électricité, gaz, eau",2017-09-30,-0.00889752276509985,0.00714456804040103,0.0048164662893857,0.5,0.21778266572307,0.5,-0.00087647736234941,-0.00087647736234941
"reference (phase 4)","Électricité, gaz, eau",2017-12-31,0.0420691455895961,0.00927679771418092,0.0387992037287237,0.5,1.03639876509222,0.5,0.0256729716518885,0.0256729716518885
"reference (phase 4)","Électricité, gaz, eau",2018-03-31,0.00153361630303377,0.00822401884561453,0.0223262968366722,0.5,0.0378949232355086,0.5,0.00487881757432415,0.00487881757432415
"reference (phase 4)","Électricité, gaz, eau",2018-06-30,0.0124707854118265,0.00724824029248788,-0.016153880771169,0.5,0.309913711030097,0.5,0.00985951285215719,0.00985951285215719
"reference (phase 4)","Électricité, gaz, eau",2018-09-30,-0.0122478343476592,0.00775235295529797,0.0411974248960654,0.5,0.305519030089871,0.5,-0.00224774069618061,-0.00224774069618061
"reference (phase 4)","Électricité, gaz, eau",2018-12-31,0.0284295432713141,0.00151060326382151,0.0623784425554952,0.5,0.71079071272918,0.5,0.0149700732675678,0.0149700732675678
"reference (phase 4)","Électricité, gaz, eau",2019-03-31,0.0250669245914562,0.00763040373789924,0.0925664554057999,0.5,0.623975007913045,0.5,0.0163486641646777,0.0163486641646777
"reference (phase 4)","Électricité, gaz, eau",2019-06-30,0.00309225380021381,0.0048789593049273,-0.0124026726248605,0.5,0.0755514316516999,0.5,0.00398560655257055,0.00398560655257055
"reference (phase 4)","Électricité, gaz, eau",2019-09-30,-0.00149443727117887,0.0118104322328054,-0.0152269847098676,0.5,0.0366597395432146,0.5,0.00515799748081326,0.00515799748081326
"reference (phase 4)","Électricité, gaz, eau",2019-12-31,-0.00222337433274644,0.0116090980007103,-0.00625851062808103,0.5,0.0547327237599694,0.5,0.00469286183398193,0.00469286183398193
"reference (phase 4)","Électricité, gaz, eau",2020-03-31,0.03133770011652,0.0133282177143148,0.0213425854542955,0.5,0.775187998018004,0.5,0.0223329589154174,0.0223329589154174
"reference (phase 4)","Électricité, gaz, eau",2020-06-30,0.00128178976892658,0.0116253106567407,-0.0970147629221021,0.5,0.0318775099965063,0.5,0.00645355021283364,0.00645355021283364
"reference (phase 4)","Électricité, gaz, eau",2020-09-30,-0.00436584736087426,0.0203679484167375,0.114417799543279,0.5,0.10501365297105,0.5,0.00800105052793162,0.00800105052793162
"reference (phase 4)","Électricité, gaz, eau",2020-12-31,0.0169039860508353,0.00763759661181983,-0.016022429172736,0.5,0.394966292884752,0.5,0.0122707913313276,0.0122707913313276
"reference (phase 4)","Électricité, gaz, eau",2021-03-31,0.00181584593842474,0.0142507064559801,0.0217529032326009,0.5,0.0425747769095228,0.5,0.00803327619720242,0.00803327619720242
"reference (phase 4)","Électricité, gaz, eau",2021-06-30,-0.0031311493712129,0.0117374484688917,0.0253032608158232,0.5,0.0737906661549243,0.5,0.0043031495488394,0.0043031495488394
"reference (phase 4)","Électricité, gaz, eau",2021-09-30,0.0501580741003161,0.014287837676236,0.0158724557012508,0.5,1.18772971629707,0.5,0.032222955888276,0.032222955888276
"reference (phase 4)","Électricité, gaz, eau",2021-12-31,-0.0244562170477571,0.0147813379033558,0.0138196358846692,0.5,0.582204509610467,0.5,-0.00483743957220065,-0.00483743957220065
"reference (phase 4)","Électricité, gaz, eau",2022-03-31,-0.0014956553256211,0.0117816009097258,-0.0635858178619184,0.5,0.0357953134865612,0.5,0.00514297279205235,0.00514297279205235
"reference (phase 4)","Électricité, gaz, eau",2022-06-30,0.00827249322618207,0.0111161028363726,0.00902096583624079,0.5,0.195814389961343,0.5,0.00969429803127734,0.00969429803127734
"reference (phase 4)","Électricité, gaz, eau",2022-09-30,0.0218099893672109,0.0117854211849548,-0.00480416973629261,0.5,0.518963339605042,0.5,0.0167977052760829,0.0167977052760829
"reference (phase 4)","Électricité, gaz, eau",2022-12-31,-0.00844266270096218,0.0164287285184849,-0.0308377748401991,0.5,0.201809204862568,0.5,0.00399303290876136,0.00399303290876136
"reference (phase 4)","Électricité, gaz, eau",2023-03-31,-0.0102832820651958,0.00491119316459571,-0.122401604802485,0.5,0.245898162941508,0.5,-0.00268604445030004,-0.00268604445030004
"reference (phase 4)","Électricité, gaz, eau",2023-06-30,0.0593299288360118,0.0167429521213334,0.0472201858772916,0.5,1.35952387753716,0.5,0.0380364404786726,0.0380364404786726
"reference (phase 4)","Électricité, gaz, eau",2023-09-30,-0.00994637815125726,0.00858480447681304,0.00207719445817389,0.5,0.228142491959863,0.5,-0.00068078683722211,-0.00068078683722211
"reference (phase 4)","Électricité, gaz, eau",2023-12-31,-0.0368404309144135,0.0133204612169981,-0.0104818116311538,0.5,0.849146622781412,0.5,-0.0117599848487077,-0.0117599848487077
"reference (phase 4)","Électricité, gaz, eau",2024-03-31,-0.051059726331523,0.0222722417795464,0.0293667797510366,0.5,1.18162443366463,0.5,-0.0143937422759883,-0.0143937422759883
"reference (phase 4)","Électricité, gaz, eau",2024-06-30,-0.098405931426847,0.00737316359000585,-0.0474179307558522,0.5,2.28575152086282,0,-0.0455163839184206,-0.098405931426847
"reference (phase 4)","Électricité, gaz, eau",2024-09-30,0.14559222258006,0.0117658201185831,0.100587875391312,0.5,3.37114918628122,0,0.0786790213493215,0.14559222258006
"reference (phase 4)","Électricité, gaz, eau",2024-12-31,-0.0122566169315779,0.00778918186518608,0.0115181001740545,0.5,0.279083023592011,0.5,-0.00223371753319591,-0.00223371753319591
"reference (phase 4)","Électricité, gaz, eau",2025-03-31,-0.0369683007483286,0.0163996483811137,-0.0640900842189289,0.5,0.84574926677632,0.5,-0.0102843261836075,-0.0102843261836075
"reference (phase 4)","Électricité, gaz, eau",2025-06-30,-0.0183597087496098,0.0209032412501338,-0.0109469608200001,0.5,0.416647632944182,0.5,0.001271766250262,0.001271766250262
"reference (phase 4)","Électricité, gaz, eau",2025-09-30,0.0631044101922272,0.0145466146290205,0.0726483567256153,0.5,1.43751571335655,0.5,0.0388255124106239,0.0388255124106239
"reference (phase 4)","Électricité, gaz, eau",2025-12-31,-0.0128927759279671,-0.00561992620699645,-0.0191714590402032,0.5,0.29214287771891,0.5,-0.00925635106748177,-0.00925635106748177
"reference (phase 4)","Électricité, gaz, eau",2026-03-31,-0.0939218143012372,0.00390440593123111,-0.0771317041623973,0.5,2.13417506997243,0,-0.045008704185003,-0.0939218143012372
