"branche","origine","modele","prevision","reel"
"Services aux entreprises",2014-06-30,"moyenne recursive",0.00974032485105703,0.0494666289321355
"Services aux entreprises",2014-06-30,"marche aleatoire",-0.0449104851464153,0.0494666289321355
"Services aux entreprises",2014-06-30,"AR(4)",0.00037015248859563,0.0494666289321355
"Services aux entreprises",2014-06-30,"AR(p) par BIC",-0.00236469978779091,0.0494666289321355
"Services aux entreprises",2014-06-30,"AR(4) + choc",-0.00177592252468067,0.0494666289321355
"Services aux entreprises",2014-06-30,"AR(4) + saison",-0.00248888999129166,0.0494666289321355
"Services aux entreprises",2014-06-30,"SARIMA",-0.00760669546981894,0.0494666289321355
"Administration publique",2014-06-30,"moyenne recursive",0.0131913687585094,0.00804065354743422
"Administration publique",2014-06-30,"marche aleatoire",0.00986466208178349,0.00804065354743422
"Administration publique",2014-06-30,"AR(4)",0.0173367910673071,0.00804065354743422
"Administration publique",2014-06-30,"AR(p) par BIC",0.0195727400838222,0.00804065354743422
"Administration publique",2014-06-30,"AR(4) + choc",0.0163411099659245,0.00804065354743422
"Administration publique",2014-06-30,"AR(4) + saison",0.0178870227031499,0.00804065354743422
"Administration publique",2014-06-30,"SARIMA",0.00885893779934222,0.00804065354743422
"Éducation-santé",2014-06-30,"moyenne recursive",0.0109257252527818,0.00139425050418929
"Éducation-santé",2014-06-30,"marche aleatoire",0.000588457399388176,0.00139425050418929
"Éducation-santé",2014-06-30,"AR(4)",0.00801759743293017,0.00139425050418929
"Éducation-santé",2014-06-30,"AR(p) par BIC",0.00801759743293017,0.00139425050418929
"Éducation-santé",2014-06-30,"AR(4) + choc",0.00839504172984027,0.00139425050418929
"Éducation-santé",2014-06-30,"AR(4) + saison",0.00897757336998618,0.00139425050418929
"Éducation-santé",2014-06-30,"SARIMA",0.00640819628206147,0.00139425050418929
"Autres services",2014-06-30,"moyenne recursive",0.00595801725679898,0.000558900504858073
"Autres services",2014-06-30,"marche aleatoire",0.000152481638963309,0.000558900504858073
"Autres services",2014-06-30,"AR(4)",0.00375655606801254,0.000558900504858073
"Autres services",2014-06-30,"AR(p) par BIC",0.00371609448989878,0.000558900504858073
"Autres services",2014-06-30,"AR(4) + choc",0.00384839054263909,0.000558900504858073
"Autres services",2014-06-30,"AR(4) + saison",0.00395414439882467,0.000558900504858073
"Autres services",2014-06-30,"SARIMA",0.00348429987122789,0.000558900504858073
"Services aux entreprises",2014-09-30,"moyenne recursive",0.0103514987599967,0.034287117857092
"Services aux entreprises",2014-09-30,"marche aleatoire",0.0494666289321355,0.034287117857092
"Services aux entreprises",2014-09-30,"AR(4)",-0.00294949559956825,0.034287117857092
"Services aux entreprises",2014-09-30,"AR(p) par BIC",0.0102469228713114,0.034287117857092
"Services aux entreprises",2014-09-30,"AR(4) + choc",-0.00391373593039503,0.034287117857092
"Services aux entreprises",2014-09-30,"AR(4) + saison",-0.00542019397980764,0.034287117857092
"Services aux entreprises",2014-09-30,"SARIMA",0.0091292233625147,0.034287117857092
"Administration publique",2014-09-30,"moyenne recursive",0.0131121269860313,0.00828594872622368
"Administration publique",2014-09-30,"marche aleatoire",0.00804065354743422,0.00828594872622368
"Administration publique",2014-09-30,"AR(4)",0.0136946255967645,0.00828594872622368
"Administration publique",2014-09-30,"AR(p) par BIC",0.0125386521684408,0.00828594872622368
"Administration publique",2014-09-30,"AR(4) + choc",0.0126825085080925,0.00828594872622368
"Administration publique",2014-09-30,"AR(4) + saison",0.0143472891703341,0.00828594872622368
"Administration publique",2014-09-30,"SARIMA",0.000565122770809976,0.00828594872622368
"Éducation-santé",2014-09-30,"moyenne recursive",0.0107790871797265,0.00154285344149763
"Éducation-santé",2014-09-30,"marche aleatoire",0.00139425050418929,0.00154285344149763
"Éducation-santé",2014-09-30,"AR(4)",0.00917577279041122,0.00154285344149763
"Éducation-santé",2014-09-30,"AR(p) par BIC",0.00917577279041122,0.00154285344149763
"Éducation-santé",2014-09-30,"AR(4) + choc",0.00958297396324143,0.00154285344149763
"Éducation-santé",2014-09-30,"AR(4) + saison",0.010374066292549,0.00154285344149763
"Éducation-santé",2014-09-30,"SARIMA",0.00902245790441695,0.00154285344149763
"Autres services",2014-09-30,"moyenne recursive",0.00587495392215374,0.00162411851159838
"Autres services",2014-09-30,"marche aleatoire",0.000558900504858073,0.00162411851159838
"Autres services",2014-09-30,"AR(4)",0.00367423831091555,0.00162411851159838
"Autres services",2014-09-30,"AR(p) par BIC",0.0030384823397139,0.00162411851159838
"Autres services",2014-09-30,"AR(4) + choc",0.00375251314167402,0.00162411851159838
"Autres services",2014-09-30,"AR(4) + saison",0.00392581587969388,0.00162411851159838
"Autres services",2014-09-30,"SARIMA",0.00297629409998913,0.00162411851159838
"Services aux entreprises",2014-12-31,"moyenne recursive",0.0107141596554072,0.00589867461622262
"Services aux entreprises",2014-12-31,"marche aleatoire",0.034287117857092,0.00589867461622262
"Services aux entreprises",2014-12-31,"AR(4)",0.0242618255531344,0.00589867461622262
"Services aux entreprises",2014-12-31,"AR(p) par BIC",0.0126591592504383,0.00589867461622262
"Services aux entreprises",2014-12-31,"AR(4) + choc",0.0242581500702667,0.00589867461622262
"Services aux entreprises",2014-12-31,"AR(4) + saison",0.0188023011216992,0.00589867461622262
"Services aux entreprises",2014-12-31,"SARIMA",0.0122367082436843,0.00589867461622262
"Administration publique",2014-12-31,"moyenne recursive",0.0130390030730039,0.00852466054544543
"Administration publique",2014-12-31,"marche aleatoire",0.00828594872622368,0.00852466054544543
"Administration publique",2014-12-31,"AR(4)",0.0134495304134478,0.00852466054544543
"Administration publique",2014-12-31,"AR(p) par BIC",0.010937814364902,0.00852466054544543
"Administration publique",2014-12-31,"AR(4) + choc",0.0122943090592413,0.00852466054544543
"Administration publique",2014-12-31,"AR(4) + saison",0.0141438594216026,0.00852466054544543
"Administration publique",2014-12-31,"SARIMA",0.00617347373968772,0.00852466054544543
"Éducation-santé",2014-12-31,"moyenne recursive",0.0106391442442988,0.00169594854263799
"Éducation-santé",2014-12-31,"marche aleatoire",0.00154285344149763,0.00169594854263799
"Éducation-santé",2014-12-31,"AR(4)",0.00925455110797307,0.00169594854263799
"Éducation-santé",2014-12-31,"AR(p) par BIC",0.00925455110797307,0.00169594854263799
"Éducation-santé",2014-12-31,"AR(4) + choc",0.00960600639820358,0.00169594854263799
"Éducation-santé",2014-12-31,"AR(4) + saison",0.0104540169829814,0.00169594854263799
"Éducation-santé",2014-12-31,"SARIMA",0.00884689654137783,0.00169594854263799
"Autres services",2014-12-31,"moyenne recursive",0.00581054732502411,0.00273473278914338
"Autres services",2014-12-31,"marche aleatoire",0.00162411851159838,0.00273473278914338
"Autres services",2014-12-31,"AR(4)",0.00431085895293159,0.00273473278914338
"Autres services",2014-12-31,"AR(p) par BIC",0.00383941846359305,0.00273473278914338
"Autres services",2014-12-31,"AR(4) + choc",0.00435434633414168,0.00273473278914338
"Autres services",2014-12-31,"AR(4) + saison",0.00459371477053577,0.00273473278914338
"Autres services",2014-12-31,"SARIMA",0.00386646787213079,0.00273473278914338
"Services aux entreprises",2015-03-31,"moyenne recursive",0.0106422867443746,0.0275292125963489
"Services aux entreprises",2015-03-31,"marche aleatoire",0.00589867461622262,0.0275292125963489
"Services aux entreprises",2015-03-31,"AR(4)",0.00193746415261338,0.0275292125963489
"Services aux entreprises",2015-03-31,"AR(p) par BIC",0.0110993186145104,0.0275292125963489
"Services aux entreprises",2015-03-31,"AR(4) + choc",0.00201782550625794,0.0275292125963489
"Services aux entreprises",2015-03-31,"AR(4) + saison",-0.00179915897357246,0.0275292125963489
"Services aux entreprises",2015-03-31,"SARIMA",0.0089059016589282,0.0275292125963489
"Administration publique",2015-03-31,"moyenne recursive",0.0129716248263239,0.00875673417691658
"Administration publique",2015-03-31,"marche aleatoire",0.00852466054544543,0.00875673417691658
"Administration publique",2015-03-31,"AR(4)",0.013738007295297,0.00875673417691658
"Administration publique",2015-03-31,"AR(p) par BIC",0.0115761393857134,0.00875673417691658
"Administration publique",2015-03-31,"AR(4) + choc",0.0125679033384321,0.00875673417691658
"Administration publique",2015-03-31,"AR(4) + saison",0.0145171346916615,0.00875673417691658
"Administration publique",2015-03-31,"SARIMA",0.0101812354628761,0.00875673417691658
"Éducation-santé",2015-03-31,"moyenne recursive",0.0105056637114382,0.00184308945596356
"Éducation-santé",2015-03-31,"marche aleatoire",0.00169594854263799,0.00184308945596356
"Éducation-santé",2015-03-31,"AR(4)",0.0124933083101007,0.00184308945596356
"Éducation-santé",2015-03-31,"AR(p) par BIC",0.0124933083101007,0.00184308945596356
"Éducation-santé",2015-03-31,"AR(4) + choc",0.0128135468879946,0.00184308945596356
"Éducation-santé",2015-03-31,"AR(4) + saison",0.0139847024780682,0.00184308945596356
"Éducation-santé",2015-03-31,"SARIMA",0.0118524973134678,0.00184308945596356
"Autres services",2015-03-31,"moyenne recursive",0.0057646396453841,0.00381106678856646
"Autres services",2015-03-31,"marche aleatoire",0.00273473278914338,0.00381106678856646
"Autres services",2015-03-31,"AR(4)",0.00615913250304286,0.00381106678856646
"Autres services",2015-03-31,"AR(p) par BIC",0.00585696262671521,0.00381106678856646
"Autres services",2015-03-31,"AR(4) + choc",0.00617668980587973,0.00381106678856646
"Autres services",2015-03-31,"AR(4) + saison",0.00646286855607326,0.00381106678856646
"Autres services",2015-03-31,"SARIMA",0.00570075759126329,0.00381106678856646
"Services aux entreprises",2015-06-30,"moyenne recursive",0.0108906238892566,0.0292942097996889
"Services aux entreprises",2015-06-30,"marche aleatoire",0.0275292125963489,0.0292942097996889
"Services aux entreprises",2015-06-30,"AR(4)",0.00499742729058108,0.0292942097996889
"Services aux entreprises",2015-06-30,"AR(p) par BIC",0.0121447416316706,0.0292942097996889
"Services aux entreprises",2015-06-30,"AR(4) + choc",0.00428261600706786,0.0292942097996889
"Services aux entreprises",2015-06-30,"AR(4) + saison",0.00217190880781893,0.0292942097996889
"Services aux entreprises",2015-06-30,"SARIMA",0.00710029578676202,0.0292942097996889
"Administration publique",2015-06-30,"moyenne recursive",0.0129096411403032,0.00898212868578696
"Administration publique",2015-06-30,"marche aleatoire",0.00875673417691658,0.00898212868578696
"Administration publique",2015-06-30,"AR(4)",0.0133833865009109,0.00898212868578696
"Administration publique",2015-06-30,"AR(p) par BIC",0.0111489890333191,0.00898212868578696
"Administration publique",2015-06-30,"AR(4) + choc",0.0132492324294595,0.00898212868578696
"Administration publique",2015-06-30,"AR(4) + saison",0.0138679779417592,0.00898212868578696
"Administration publique",2015-06-30,"SARIMA",0.00934415554796465,0.00898212868578696
"Éducation-santé",2015-06-30,"moyenne recursive",0.0103782729135636,0.00199457500565536
"Éducation-santé",2015-06-30,"marche aleatoire",0.00184308945596356,0.00199457500565536
"Éducation-santé",2015-06-30,"AR(4)",0.0116253391174634,0.00199457500565536
"Éducation-santé",2015-06-30,"AR(p) par BIC",0.0116253391174634,0.00199457500565536
"Éducation-santé",2015-06-30,"AR(4) + choc",0.011841495332582,0.00199457500565536
"Éducation-santé",2015-06-30,"AR(4) + saison",0.0124962546705247,0.00199457500565536
"Éducation-santé",2015-06-30,"SARIMA",0.00954268230924303,0.00199457500565536
"Autres services",2015-06-30,"moyenne recursive",0.00573591063278384,0.00485004783011078
"Autres services",2015-06-30,"marche aleatoire",0.00381106678856646,0.00485004783011078
"Autres services",2015-06-30,"AR(4)",0.00669302811324282,0.00485004783011078
"Autres services",2015-06-30,"AR(p) par BIC",0.00567528691310718,0.00485004783011078
"Autres services",2015-06-30,"AR(4) + choc",0.00669839044166353,0.00485004783011078
"Autres services",2015-06-30,"AR(4) + saison",0.00686519815244384,0.00485004783011078
"Autres services",2015-06-30,"SARIMA",0.00515397761424511,0.00485004783011078
"Services aux entreprises",2015-09-30,"moyenne recursive",0.0111573425256397,0.0116303474886887
"Services aux entreprises",2015-09-30,"marche aleatoire",0.0292942097996889,0.0116303474886887
"Services aux entreprises",2015-09-30,"AR(4)",0.0101517652886366,0.0116303474886887
"Services aux entreprises",2015-09-30,"AR(p) par BIC",0.0128415231180671,0.0116303474886887
"Services aux entreprises",2015-09-30,"AR(4) + choc",0.00905324972395784,0.0116303474886887
"Services aux entreprises",2015-09-30,"AR(4) + saison",0.00628771644235961,0.0116303474886887
"Services aux entreprises",2015-09-30,"SARIMA",0.0121889073050561,0.0116303474886887
"Administration publique",2015-09-30,"moyenne recursive",0.0128527206699479,0.0091965507824483
"Administration publique",2015-09-30,"marche aleatoire",0.00898212868578696,0.0091965507824483
"Administration publique",2015-09-30,"AR(4)",0.0131130179338895,0.0091965507824483
"Administration publique",2015-09-30,"AR(p) par BIC",0.010743216994299,0.0091965507824483
"Administration publique",2015-09-30,"AR(4) + choc",0.0129787520628688,0.0091965507824483
"Administration publique",2015-09-30,"AR(4) + saison",0.0136717965414899,0.0091965507824483
"Administration publique",2015-09-30,"SARIMA",0.00929391222037662,0.0091965507824483
"Éducation-santé",2015-09-30,"moyenne recursive",0.010256770045333,0.00213999787741948
"Éducation-santé",2015-09-30,"marche aleatoire",0.00199457500565536,0.00213999787741948
"Éducation-santé",2015-09-30,"AR(4)",0.0112204362789896,0.00213999787741948
"Éducation-santé",2015-09-30,"AR(p) par BIC",0.0112204362789896,0.00213999787741948
"Éducation-santé",2015-09-30,"AR(4) + choc",0.011421319012913,0.00213999787741948
"Éducation-santé",2015-09-30,"AR(4) + saison",0.0122449332049468,0.00213999787741948
"Éducation-santé",2015-09-30,"SARIMA",0.00935173241828573,0.00213999787741948
"Autres services",2015-09-30,"moyenne recursive",0.00572307204144075,0.00592375852744276
"Autres services",2015-09-30,"marche aleatoire",0.00485004783011078,0.00592375852744276
"Autres services",2015-09-30,"AR(4)",0.00694969280239731,0.00592375852744276
"Autres services",2015-09-30,"AR(p) par BIC",0.0059935334705231,0.00592375852744276
"Autres services",2015-09-30,"AR(4) + choc",0.00695705397408038,0.00592375852744276
"Autres services",2015-09-30,"AR(4) + saison",0.00715153733141149,0.00592375852744276
"Autres services",2015-09-30,"SARIMA",0.00543653949428675,0.00592375852744276
"Services aux entreprises",2015-12-31,"moyenne recursive",0.0111640997393975,0.0186346447296248
"Services aux entreprises",2015-12-31,"marche aleatoire",0.0116303474886887,0.0186346447296248
"Services aux entreprises",2015-12-31,"AR(4)",0.0108033856013234,0.0186346447296248
"Services aux entreprises",2015-12-31,"AR(p) par BIC",0.0118259757601396,0.0186346447296248
"Services aux entreprises",2015-12-31,"AR(4) + choc",0.0100570926689324,0.0186346447296248
"Services aux entreprises",2015-12-31,"AR(4) + saison",0.00782056780030766,0.0186346447296248
"Services aux entreprises",2015-12-31,"SARIMA",0.0111892592827006,0.0186346447296248
"Administration publique",2015-12-31,"moyenne recursive",0.0128004896715551,0.00941282320647119
"Administration publique",2015-12-31,"marche aleatoire",0.0091965507824483,0.00941282320647119
"Administration publique",2015-12-31,"AR(4)",0.0128589073456811,0.00941282320647119
"Administration publique",2015-12-31,"AR(p) par BIC",0.0103603857139267,0.00941282320647119
"Administration publique",2015-12-31,"AR(4) + choc",0.0127246432592567,0.00941282320647119
"Administration publique",2015-12-31,"AR(4) + saison",0.013482725748819,0.00941282320647119
"Administration publique",2015-12-31,"SARIMA",0.00943779948361012,0.00941282320647119
"Éducation-santé",2015-12-31,"moyenne recursive",0.0101408161572199,0.00228961976586284
"Éducation-santé",2015-12-31,"marche aleatoire",0.00213999787741948,0.00228961976586284
"Éducation-santé",2015-12-31,"AR(4)",0.0108586436573578,0.00228961976586284
"Éducation-santé",2015-12-31,"AR(p) par BIC",0.0108586436573578,0.00228961976586284
"Éducation-santé",2015-12-31,"AR(4) + choc",0.0110460490167635,0.00228961976586284
"Éducation-santé",2015-12-31,"AR(4) + saison",0.0119853031519692,0.00228961976586284
"Éducation-santé",2015-12-31,"SARIMA",0.00904354835471351,0.00228961976586284
"Autres services",2015-12-31,"moyenne recursive",0.00572593899124078,0.00692886434659279
"Autres services",2015-12-31,"marche aleatoire",0.00592375852744276,0.00692886434659279
"Autres services",2015-12-31,"AR(4)",0.00721467666707111,0.00692886434659279
"Autres services",2015-12-31,"AR(p) par BIC",0.00650072183546906,0.00692886434659279
"Autres services",2015-12-31,"AR(4) + choc",0.00722390073519355,0.00692886434659279
"Autres services",2015-12-31,"AR(4) + saison",0.00743184744303882,0.00692886434659279
"Autres services",2015-12-31,"SARIMA",0.00597858262289888,0.00692886434659279
"Services aux entreprises",2016-03-31,"moyenne recursive",0.0112693186829218,0.0323913521307642
"Services aux entreprises",2016-03-31,"marche aleatoire",0.0186346447296248,0.0323913521307642
"Services aux entreprises",2016-03-31,"AR(4)",0.0111645409559893,0.0323913521307642
"Services aux entreprises",2016-03-31,"AR(p) par BIC",0.0123094556046708,0.0323913521307642
"Services aux entreprises",2016-03-31,"AR(4) + choc",0.0109445771724997,0.0323913521307642
"Services aux entreprises",2016-03-31,"AR(4) + saison",0.00739040007455915,0.0323913521307642
"Services aux entreprises",2016-03-31,"SARIMA",0.011516466223405,0.0323913521307642
"Administration publique",2016-03-31,"moyenne recursive",0.0127527760593708,0.01018293355291
"Administration publique",2016-03-31,"marche aleatoire",0.00941282320647119,0.01018293355291
"Administration publique",2016-03-31,"AR(4)",0.0126170818357433,0.01018293355291
"Administration publique",2016-03-31,"AR(p) par BIC",0.00999514705648789,0.01018293355291
"Administration publique",2016-03-31,"AR(4) + choc",0.01248291491097,0.01018293355291
"Administration publique",2016-03-31,"AR(4) + saison",0.01329178039614,0.01018293355291
"Administration publique",2016-03-31,"SARIMA",0.00957831790834951,0.01018293355291
"Éducation-santé",2016-03-31,"moyenne recursive",0.0100302359263558,0.00257149378081323
"Éducation-santé",2016-03-31,"marche aleatoire",0.00228961976586284,0.00257149378081323
"Éducation-santé",2016-03-31,"AR(4)",0.0105421420532106,0.00257149378081323
"Éducation-santé",2016-03-31,"AR(p) par BIC",0.0105421420532106,0.00257149378081323
"Éducation-santé",2016-03-31,"AR(4) + choc",0.0107178705831273,0.00257149378081323
"Éducation-santé",2016-03-31,"AR(4) + saison",0.011855414927325,0.00257149378081323
"Éducation-santé",2016-03-31,"SARIMA",0.00878767058034141,0.00257149378081323
"Autres services",2016-03-31,"moyenne recursive",0.00574288160187954,0.012518455187994
"Autres services",2016-03-31,"marche aleatoire",0.00692886434659279,0.012518455187994
"Autres services",2016-03-31,"AR(4)",0.00748328762382341,0.012518455187994
"Autres services",2016-03-31,"AR(p) par BIC",0.00701235185917437,0.012518455187994
"Autres services",2016-03-31,"AR(4) + choc",0.00749429124326807,0.012518455187994
"Autres services",2016-03-31,"AR(4) + saison",0.00770428120614045,0.012518455187994
"Autres services",2016-03-31,"SARIMA",0.00651396833667611,0.012518455187994
"Services aux entreprises",2016-06-30,"moyenne recursive",0.0115626802585863,-0.0113751292368818
"Services aux entreprises",2016-06-30,"marche aleatoire",0.0323913521307642,-0.0113751292368818
"Services aux entreprises",2016-06-30,"AR(4)",0.0117818854744731,-0.0113751292368818
"Services aux entreprises",2016-06-30,"AR(p) par BIC",0.0135713713050092,-0.0113751292368818
"Services aux entreprises",2016-06-30,"AR(4) + choc",0.0117044023325273,-0.0113751292368818
"Services aux entreprises",2016-06-30,"AR(4) + saison",0.0091383448461147,-0.0113751292368818
"Services aux entreprises",2016-06-30,"SARIMA",0.0136066297961562,-0.0113751292368818
"Administration publique",2016-06-30,"moyenne recursive",0.0127170838023366,0.00958323495247093
"Administration publique",2016-06-30,"marche aleatoire",0.01018293355291,0.00958323495247093
"Administration publique",2016-06-30,"AR(4)",0.0121869338072665,0.00958323495247093
"Administration publique",2016-06-30,"AR(p) par BIC",0.00934650060670836,0.00958323495247093
"Administration publique",2016-06-30,"AR(4) + choc",0.0115443734917383,0.00958323495247093
"Administration publique",2016-06-30,"AR(4) + saison",0.012706132074965,0.00958323495247093
"Administration publique",2016-06-30,"SARIMA",0.00964445877483263,0.00958323495247093
"Éducation-santé",2016-06-30,"moyenne recursive",0.00992664228544545,0.00252399334302567
"Éducation-santé",2016-06-30,"marche aleatoire",0.00257149378081323,0.00252399334302567
"Éducation-santé",2016-06-30,"AR(4)",0.0103000360145124,0.00252399334302567
"Éducation-santé",2016-06-30,"AR(p) par BIC",0.00799563908364202,0.00252399334302567
"Éducation-santé",2016-06-30,"AR(4) + choc",0.0105424057952773,0.00252399334302567
"Éducation-santé",2016-06-30,"AR(4) + saison",0.0111728637318964,0.00252399334302567
"Éducation-santé",2016-06-30,"SARIMA",0.00863538081775008,0.00252399334302567
"Autres services",2016-06-30,"moyenne recursive",0.00583698679057558,0.00708713284092255
"Autres services",2016-06-30,"marche aleatoire",0.012518455187994,0.00708713284092255
"Autres services",2016-06-30,"AR(4)",0.00977388209877817,0.00708713284092255
"Autres services",2016-06-30,"AR(p) par BIC",0.0102506133641338,0.00708713284092255
"Autres services",2016-06-30,"AR(4) + choc",0.0098764709628975,0.00708713284092255
"Autres services",2016-06-30,"AR(4) + saison",0.0101951744828056,0.00708713284092255
"Autres services",2016-06-30,"SARIMA",0.0102688820021423,0.00708713284092255
"Services aux entreprises",2016-09-30,"moyenne recursive",0.0112484636901553,0.01825476325042
"Services aux entreprises",2016-09-30,"marche aleatoire",-0.0113751292368818,0.01825476325042
"Services aux entreprises",2016-09-30,"AR(4)",0.0126592739286679,0.01825476325042
"Services aux entreprises",2016-09-30,"AR(p) par BIC",0.0111716272270752,0.01825476325042
"Services aux entreprises",2016-09-30,"AR(4) + choc",0.0127394871286586,0.01825476325042
"Services aux entreprises",2016-09-30,"AR(4) + saison",0.0103398173951219,0.01825476325042
"Services aux entreprises",2016-09-30,"SARIMA",0.0106008276916001,0.01825476325042
"Administration publique",2016-09-30,"moyenne recursive",0.0126741543660371,0.00955792913052633
"Administration publique",2016-09-30,"marche aleatoire",0.00958323495247093,0.00955792913052633
"Administration publique",2016-09-30,"AR(4)",0.0120826620774912,0.00955792913052633
"Administration publique",2016-09-30,"AR(p) par BIC",0.00915171637874695,0.00955792913052633
"Administration publique",2016-09-30,"AR(4) + choc",0.0114426934866987,0.00955792913052633
"Administration publique",2016-09-30,"AR(4) + saison",0.0126424738433138,0.00955792913052633
"Administration publique",2016-09-30,"SARIMA",0.00988758923358228,0.00955792913052633
"Éducation-santé",2016-09-30,"moyenne recursive",0.00982523613554929,0.00260944091079018
"Éducation-santé",2016-09-30,"marche aleatoire",0.00252399334302567,0.00260944091079018
"Éducation-santé",2016-09-30,"AR(4)",0.0100079054018874,0.00260944091079018
"Éducation-santé",2016-09-30,"AR(p) par BIC",0.0077082803997994,0.00260944091079018
"Éducation-santé",2016-09-30,"AR(4) + choc",0.0102306039349327,0.00260944091079018
"Éducation-santé",2016-09-30,"AR(4) + saison",0.0109938493254645,0.00260944091079018
"Éducation-santé",2016-09-30,"SARIMA",0.00834997825408369,0.00260944091079018
"Autres services",2016-09-30,"moyenne recursive",0.00585411207893649,0.00628993751704598
"Autres services",2016-09-30,"marche aleatoire",0.00708713284092255,0.00628993751704598
"Autres services",2016-09-30,"AR(4)",0.00814089545161428,0.00628993751704598
"Autres services",2016-09-30,"AR(p) par BIC",0.00766745329600227,0.00628993751704598
"Autres services",2016-09-30,"AR(4) + choc",0.00825488738445133,0.00628993751704598
"Autres services",2016-09-30,"AR(4) + saison",0.00860784141068458,0.00628993751704598
"Autres services",2016-09-30,"SARIMA",0.00630289031910476,0.00628993751704598
"Services aux entreprises",2016-12-31,"moyenne recursive",0.0113431434139426,0.010270120493173
"Services aux entreprises",2016-12-31,"marche aleatoire",0.01825476325042,0.010270120493173
"Services aux entreprises",2016-12-31,"AR(4)",0.01281587738927,0.010270120493173
"Services aux entreprises",2016-12-31,"AR(p) par BIC",0.0120823366346666,0.010270120493173
"Services aux entreprises",2016-12-31,"AR(4) + choc",0.0131321329864176,0.010270120493173
"Services aux entreprises",2016-12-31,"AR(4) + saison",0.0102433890559913,0.010270120493173
"Services aux entreprises",2016-12-31,"SARIMA",0.011249279270722,0.010270120493173
"Administration publique",2016-12-31,"moyenne recursive",0.0126320432142059,0.00952841308478547
"Administration publique",2016-12-31,"marche aleatoire",0.00955792913052633,0.00952841308478547
"Administration publique",2016-12-31,"AR(4)",0.0120956113404912,0.00952841308478547
"Administration publique",2016-12-31,"AR(p) par BIC",0.0090990070088603,0.00952841308478547
"Administration publique",2016-12-31,"AR(4) + choc",0.0114602952929829,0.00952841308478547
"Administration publique",2016-12-31,"AR(4) + saison",0.0126895405912454,0.00952841308478547
"Administration publique",2016-12-31,"SARIMA",0.0100482277147816,0.00952841308478547
"Éducation-santé",2016-12-31,"moyenne recursive",0.00972772538926876,0.00269929065641428
"Éducation-santé",2016-12-31,"marche aleatoire",0.00260944091079018,0.00269929065641428
"Éducation-santé",2016-12-31,"AR(4)",0.00975372163750878,0.00269929065641428
"Éducation-santé",2016-12-31,"AR(p) par BIC",0.00749488683588267,0.00269929065641428
"Éducation-santé",2016-12-31,"AR(4) + choc",0.00996006889113772,0.00269929065641428
"Éducation-santé",2016-12-31,"AR(4) + saison",0.010825449507345,0.00269929065641428
"Éducation-santé",2016-12-31,"SARIMA",0.00815014204181868,0.00269929065641428
"Autres services",2016-12-31,"moyenne recursive",0.00586000161188392,0.00550740320163534
"Autres services",2016-12-31,"marche aleatoire",0.00628993751704598,0.00550740320163534
"Autres services",2016-12-31,"AR(4)",0.00693467868691211,0.00550740320163534
"Autres services",2016-12-31,"AR(p) par BIC",0.00639129746828725,0.00550740320163534
"Autres services",2016-12-31,"AR(4) + choc",0.00711204863980315,0.00550740320163534
"Autres services",2016-12-31,"AR(4) + saison",0.00743287835126422,0.00550740320163534
"Autres services",2016-12-31,"SARIMA",0.00561080844359532,0.00550740320163534
"Services aux entreprises",2017-03-31,"moyenne recursive",0.0113288364416657,0.00638804951572425
"Services aux entreprises",2017-03-31,"marche aleatoire",0.010270120493173,0.00638804951572425
"Services aux entreprises",2017-03-31,"AR(4)",0.0113415568159384,0.00638804951572425
"Services aux entreprises",2017-03-31,"AR(p) par BIC",0.0119041117259459,0.00638804951572425
"Services aux entreprises",2017-03-31,"AR(4) + choc",0.0120835804025176,0.00638804951572425
"Services aux entreprises",2017-03-31,"AR(4) + saison",0.00802218182752233,0.00638804951572425
"Services aux entreprises",2017-03-31,"SARIMA",0.0107232040850906,0.00638804951572425
"Administration publique",2017-03-31,"moyenne recursive",0.0125906614791469,0.00934988939090076
"Administration publique",2017-03-31,"marche aleatoire",0.00952841308478547,0.00934988939090076
"Administration publique",2017-03-31,"AR(4)",0.0122310382366459,0.00934988939090076
"Administration publique",2017-03-31,"AR(p) par BIC",0.00944400760464513,0.00934988939090076
"Administration publique",2017-03-31,"AR(4) + choc",0.0116010484736592,0.00934988939090076
"Administration publique",2017-03-31,"AR(4) + saison",0.0128633505177487,0.00934988939090076
"Administration publique",2017-03-31,"SARIMA",0.0105824153224363,0.00934988939090076
"Éducation-santé",2017-03-31,"moyenne recursive",0.00963401292616403,-0.00175625743508867
"Éducation-santé",2017-03-31,"marche aleatoire",0.00269929065641428,-0.00175625743508867
"Éducation-santé",2017-03-31,"AR(4)",0.00943178920046102,-0.00175625743508867
"Éducation-santé",2017-03-31,"AR(p) par BIC",0.00721102311896925,-0.00175625743508867
"Éducation-santé",2017-03-31,"AR(4) + choc",0.00962256949824459,-0.00175625743508867
"Éducation-santé",2017-03-31,"AR(4) + saison",0.0106385312698818,-0.00175625743508867
"Éducation-santé",2017-03-31,"SARIMA",0.00789910732543535,-0.00175625743508867
"Autres services",2017-03-31,"moyenne recursive",0.00585530029974727,0.00347160221771858
"Autres services",2017-03-31,"marche aleatoire",0.00550740320163534,0.00347160221771858
"Autres services",2017-03-31,"AR(4)",0.00347018310676864,0.00347160221771858
"Autres services",2017-03-31,"AR(p) par BIC",0.0027226128564971,0.00347160221771858
"Autres services",2017-03-31,"AR(4) + choc",0.00360264360860163,0.00347160221771858
"Autres services",2017-03-31,"AR(4) + saison",0.00399673138945714,0.00347160221771858
"Autres services",2017-03-31,"SARIMA",0.00241469276176796,0.00347160221771858
"Services aux entreprises",2017-06-30,"moyenne recursive",0.011263826087377,0.0274268507273003
"Services aux entreprises",2017-06-30,"marche aleatoire",0.00638804951572425,0.0274268507273003
"Services aux entreprises",2017-06-30,"AR(4)",0.0136334644948682,0.0274268507273003
"Services aux entreprises",2017-06-30,"AR(p) par BIC",0.0117566924368257,0.0274268507273003
"Services aux entreprises",2017-06-30,"AR(4) + choc",0.0137983941282436,0.0274268507273003
"Services aux entreprises",2017-06-30,"AR(4) + saison",0.0112614592397659,0.0274268507273003
"Services aux entreprises",2017-06-30,"SARIMA",0.0120638889556309,0.0274268507273003
"Administration publique",2017-06-30,"moyenne recursive",0.0125480197411437,0.00953455004764514
"Administration publique",2017-06-30,"marche aleatoire",0.00934988939090076,0.00953455004764514
"Administration publique",2017-06-30,"AR(4)",0.0122520521620968,0.00953455004764514
"Administration publique",2017-06-30,"AR(p) par BIC",0.00956998029382923,0.00953455004764514
"Administration publique",2017-06-30,"AR(4) + choc",0.0116380859318768,0.00953455004764514
"Administration publique",2017-06-30,"AR(4) + saison",0.0127224036490881,0.00953455004764514
"Administration publique",2017-06-30,"SARIMA",0.0102588744163734,0.00953455004764514
"Éducation-santé",2017-06-30,"moyenne recursive",0.0094841409477265,0.00470187237935704
"Éducation-santé",2017-06-30,"marche aleatoire",-0.00175625743508867,0.00470187237935704
"Éducation-santé",2017-06-30,"AR(4)",0.00783066035270428,0.00470187237935704
"Éducation-santé",2017-06-30,"AR(p) par BIC",0.00494701929245493,0.00470187237935704
"Éducation-santé",2017-06-30,"AR(4) + choc",0.00801106211426497,0.00470187237935704
"Éducation-santé",2017-06-30,"AR(4) + saison",0.00846483515816605,0.00470187237935704
"Éducation-santé",2017-06-30,"SARIMA",0.00531357196392683,0.00470187237935704
"Autres services",2017-06-30,"moyenne recursive",0.00582393585129952,0.00448324306986159
"Autres services",2017-06-30,"marche aleatoire",0.00347160221771858,0.00448324306986159
"Autres services",2017-06-30,"AR(4)",0.00470680078760364,0.00448324306986159
"Autres services",2017-06-30,"AR(p) par BIC",0.00588116457673905,0.00448324306986159
"Autres services",2017-06-30,"AR(4) + choc",0.00482802058025614,0.00448324306986159
"Autres services",2017-06-30,"AR(4) + saison",0.00519840052986612,0.00448324306986159
"Autres services",2017-06-30,"SARIMA",0.00604825290918981,0.00448324306986159
"Services aux entreprises",2017-09-30,"moyenne recursive",0.0114737354982851,0.0076753449194058
"Services aux entreprises",2017-09-30,"marche aleatoire",0.0274268507273003,0.0076753449194058
"Services aux entreprises",2017-09-30,"AR(4)",0.0109333328670988,0.0076753449194058
"Services aux entreprises",2017-09-30,"AR(p) par BIC",0.0122796931370447,0.0076753449194058
"Services aux entreprises",2017-09-30,"AR(4) + choc",0.0111335857594844,0.0076753449194058
"Services aux entreprises",2017-09-30,"AR(4) + saison",0.00801853554412166,0.0076753449194058
"Services aux entreprises",2017-09-30,"SARIMA",0.0110642217420205,0.0076753449194058
"Administration publique",2017-09-30,"moyenne recursive",0.0125088837710982,0.00956698178584681
"Administration publique",2017-09-30,"marche aleatoire",0.00953455004764514,0.00956698178584681
"Administration publique",2017-09-30,"AR(4)",0.0122096114231718,0.00956698178584681
"Administration publique",2017-09-30,"AR(p) par BIC",0.0095796962450751,0.00956698178584681
"Administration publique",2017-09-30,"AR(4) + choc",0.0116032833972978,0.00956698178584681
"Administration publique",2017-09-30,"AR(4) + saison",0.0127228695360996,0.00956698178584681
"Administration publique",2017-09-30,"SARIMA",0.0101483090852283,0.00956698178584681
"Éducation-santé",2017-09-30,"moyenne recursive",0.0094220335637217,0.00656585246698427
"Éducation-santé",2017-09-30,"marche aleatoire",0.00470187237935704,0.00656585246698427
"Éducation-santé",2017-09-30,"AR(4)",0.00909947009694826,0.00656585246698427
"Éducation-santé",2017-09-30,"AR(p) par BIC",0.00752307581157202,0.00656585246698427
"Éducation-santé",2017-09-30,"AR(4) + choc",0.00927432565397087,0.00656585246698427
"Éducation-santé",2017-09-30,"AR(4) + saison",0.00987600610291701,0.00656585246698427
"Éducation-santé",2017-09-30,"SARIMA",0.00870649347089513,0.00656585246698427
"Autres services",2017-09-30,"moyenne recursive",0.0058065242567354,0.00420263460915393
"Autres services",2017-09-30,"marche aleatoire",0.00448324306986159,0.00420263460915393
"Autres services",2017-09-30,"AR(4)",0.00500964892751838,0.00420263460915393
"Autres services",2017-09-30,"AR(p) par BIC",0.00508345983238316,0.00420263460915393
"Autres services",2017-09-30,"AR(4) + choc",0.00512210503203875,0.00420263460915393
"Autres services",2017-09-30,"AR(4) + saison",0.00550376418496429,0.00420263460915393
"Autres services",2017-09-30,"SARIMA",0.00514637495929759,0.00420263460915393
"Services aux entreprises",2017-12-31,"moyenne recursive",0.0114250381831712,0.00612104475248287
"Services aux entreprises",2017-12-31,"marche aleatoire",0.0076753449194058,0.00612104475248287
"Services aux entreprises",2017-12-31,"AR(4)",0.0119745742940755,0.00612104475248287
"Services aux entreprises",2017-12-31,"AR(p) par BIC",0.0119635639751264,0.00612104475248287
"Services aux entreprises",2017-12-31,"AR(4) + choc",0.0120744673398364,0.00612104475248287
"Services aux entreprises",2017-12-31,"AR(4) + saison",0.00923199984661656,0.00612104475248287
"Services aux entreprises",2017-12-31,"SARIMA",0.0115709426323677,0.00612104475248287
"Administration publique",2017-12-31,"moyenne recursive",0.0124711670789796,0.00958980669840059
"Administration publique",2017-12-31,"marche aleatoire",0.00956698178584681,0.00958980669840059
"Administration publique",2017-12-31,"AR(4)",0.0121383609731719,0.00958980669840059
"Administration publique",2017-12-31,"AR(p) par BIC",0.00955375647297149,0.00958980669840059
"Administration publique",2017-12-31,"AR(4) + choc",0.0115390033662199,0.00958980669840059
"Administration publique",2017-12-31,"AR(4) + saison",0.0126923588472525,0.00958980669840059
"Administration publique",2017-12-31,"SARIMA",0.0101119287539575,0.00958980669840059
"Éducation-santé",2017-12-31,"moyenne recursive",0.00938541585735327,0.00840821689739712
"Éducation-santé",2017-12-31,"marche aleatoire",0.00656585246698427,0.00840821689739712
"Éducation-santé",2017-12-31,"AR(4)",0.00981478382641273,0.00840821689739712
"Éducation-santé",2017-12-31,"AR(p) par BIC",0.00841449469025745,0.00840821689739712
"Éducation-santé",2017-12-31,"AR(4) + choc",0.00995708581772212,0.00840821689739712
"Éducation-santé",2017-12-31,"AR(4) + saison",0.0105050024078815,0.00840821689739712
"Éducation-santé",2017-12-31,"SARIMA",0.00964269507185844,0.00840821689739712
"Autres services",2017-12-31,"moyenne recursive",0.00578596156894589,0.00392546852918052
"Autres services",2017-12-31,"marche aleatoire",0.00420263460915393,0.00392546852918052
"Autres services",2017-12-31,"AR(4)",0.0051877864204594,0.00392546852918052
"Autres services",2017-12-31,"AR(p) par BIC",0.00517579123662737,0.00392546852918052
"Autres services",2017-12-31,"AR(4) + choc",0.005277537983938,0.00392546852918052
"Autres services",2017-12-31,"AR(4) + saison",0.0056923579257382,0.00392546852918052
"Autres services",2017-12-31,"SARIMA",0.00507194381017527,0.00392546852918052
"Services aux entreprises",2018-03-31,"moyenne recursive",0.0113578990258208,0.014697429880405
"Services aux entreprises",2018-03-31,"marche aleatoire",0.00612104475248287,0.014697429880405
"Services aux entreprises",2018-03-31,"AR(4)",0.0136117819686167,0.014697429880405
"Services aux entreprises",2018-03-31,"AR(p) par BIC",0.0118669422437678,0.014697429880405
"Services aux entreprises",2018-03-31,"AR(4) + choc",0.0137334790236778,0.014697429880405
"Services aux entreprises",2018-03-31,"AR(4) + saison",0.0109909364720731,0.014697429880405
"Services aux entreprises",2018-03-31,"SARIMA",0.0117602603856587,0.014697429880405
"Administration publique",2018-03-31,"moyenne recursive",0.0124346941627698,0.00535436808402245
"Administration publique",2018-03-31,"marche aleatoire",0.00958980669840059,0.00535436808402245
"Administration publique",2018-03-31,"AR(4)",0.0120402315499107,0.00535436808402245
"Administration publique",2018-03-31,"AR(p) par BIC",0.00942894552974034,0.00535436808402245
"Administration publique",2018-03-31,"AR(4) + choc",0.0114476100222852,0.00535436808402245
"Administration publique",2018-03-31,"AR(4) + saison",0.0126277657365283,0.00535436808402245
"Administration publique",2018-03-31,"SARIMA",0.00997600188274069,0.00535436808402245
"Éducation-santé",2018-03-31,"moyenne recursive",0.00937304625026522,0.0179134096847253
"Éducation-santé",2018-03-31,"marche aleatoire",0.00840821689739712,0.0179134096847253
"Éducation-santé",2018-03-31,"AR(4)",0.0136420671117586,0.0179134096847253
"Éducation-santé",2018-03-31,"AR(p) par BIC",0.0127810075304873,0.0179134096847253
"Éducation-santé",2018-03-31,"AR(4) + choc",0.0137866001960556,0.0179134096847253
"Éducation-santé",2018-03-31,"AR(4) + saison",0.0144941099415898,0.0179134096847253
"Éducation-santé",2018-03-31,"SARIMA",0.0132264635990824,0.0179134096847253
"Autres services",2018-03-31,"moyenne recursive",0.00576241102413873,0.00510835748749727
"Autres services",2018-03-31,"marche aleatoire",0.00392546852918052,0.00510835748749727
"Autres services",2018-03-31,"AR(4)",0.00597612324235183,0.00510835748749727
"Autres services",2018-03-31,"AR(p) par BIC",0.00591434952104686,0.00510835748749727
"Autres services",2018-03-31,"AR(4) + choc",0.00607192009541004,0.00510835748749727
"Autres services",2018-03-31,"AR(4) + saison",0.00649739485775388,0.00510835748749727
"Autres services",2018-03-31,"SARIMA",0.00567807779829375,0.00510835748749727
"Services aux entreprises",2018-06-30,"moyenne recursive",0.0113996431615031,0.0367116061237276
"Services aux entreprises",2018-06-30,"marche aleatoire",0.014697429880405,0.0367116061237276
"Services aux entreprises",2018-06-30,"AR(4)",0.0112457695853513,0.0367116061237276
"Services aux entreprises",2018-06-30,"AR(p) par BIC",0.0119900854937083,0.0367116061237276
"Services aux entreprises",2018-06-30,"AR(4) + choc",0.0125723973487539,0.0367116061237276
"Services aux entreprises",2018-06-30,"AR(4) + saison",0.00842428974978239,0.0367116061237276
"Services aux entreprises",2018-06-30,"SARIMA",0.0103235956935128,0.0367116061237276
"Administration publique",2018-06-30,"moyenne recursive",0.0123461900867854,0.0113741597093231
"Administration publique",2018-06-30,"marche aleatoire",0.00535436808402245,0.0113741597093231
"Administration publique",2018-06-30,"AR(4)",0.0135170942432822,0.0113741597093231
"Administration publique",2018-06-30,"AR(p) par BIC",0.0116777919044419,0.0113741597093231
"Administration publique",2018-06-30,"AR(4) + choc",0.0138092838610274,0.0113741597093231
"Administration publique",2018-06-30,"AR(4) + saison",0.0137889558967819,0.0113741597093231
"Administration publique",2018-06-30,"SARIMA",0.0106240260484635,0.0113741597093231
"Éducation-santé",2018-06-30,"moyenne recursive",0.00947980079319597,0.00879401424712967
"Éducation-santé",2018-06-30,"marche aleatoire",0.0179134096847253,0.00879401424712967
"Éducation-santé",2018-06-30,"AR(4)",0.0137669692239996,0.00879401424712967
"Éducation-santé",2018-06-30,"AR(p) par BIC",0.0121656781162357,0.00879401424712967
"Éducation-santé",2018-06-30,"AR(4) + choc",0.0138761766005084,0.00879401424712967
"Éducation-santé",2018-06-30,"AR(4) + saison",0.0147561833502512,0.00879401424712967
"Éducation-santé",2018-06-30,"SARIMA",0.0133074378383198,0.00879401424712967
"Autres services",2018-06-30,"moyenne recursive",0.00575423535493071,0.00286056140101465
"Autres services",2018-06-30,"marche aleatoire",0.00510835748749727,0.00286056140101465
"Autres services",2018-06-30,"AR(4)",0.00594640895984598,0.00286056140101465
"Autres services",2018-06-30,"AR(p) par BIC",0.00543471057667539,0.00286056140101465
"Autres services",2018-06-30,"AR(4) + choc",0.0059847295946947,0.00286056140101465
"Autres services",2018-06-30,"AR(4) + saison",0.00640438875043134,0.00286056140101465
"Autres services",2018-06-30,"SARIMA",0.0051821501758547,0.00286056140101465
"Services aux entreprises",2018-09-30,"moyenne recursive",0.0117121365314071,0.00363759451456147
"Services aux entreprises",2018-09-30,"marche aleatoire",0.0367116061237276,0.00363759451456147
"Services aux entreprises",2018-09-30,"AR(4)",0.0105019500041204,0.00363759451456147
"Services aux entreprises",2018-09-30,"AR(p) par BIC",0.012643524399556,0.00363759451456147
"Services aux entreprises",2018-09-30,"AR(4) + choc",0.0105973760155456,0.00363759451456147
"Services aux entreprises",2018-09-30,"AR(4) + saison",0.00782929723729927,0.00363759451456147
"Services aux entreprises",2018-09-30,"SARIMA",0.0120819464001492,0.00363759451456147
"Administration publique",2018-09-30,"moyenne recursive",0.012334189711755,0.0130368478673404
"Administration publique",2018-09-30,"marche aleatoire",0.0113741597093231,0.0130368478673404
"Administration publique",2018-09-30,"AR(4)",0.0126279519277977,0.0130368478673404
"Administration publique",2018-09-30,"AR(p) par BIC",0.0106411742967826,0.0130368478673404
"Administration publique",2018-09-30,"AR(4) + choc",0.0138867472414124,0.0130368478673404
"Administration publique",2018-09-30,"AR(4) + saison",0.0129382582477897,0.0130368478673404
"Administration publique",2018-09-30,"SARIMA",0.00982909695869034,0.0130368478673404
"Éducation-santé",2018-09-30,"moyenne recursive",0.00947133429262725,0.00751114448576296
"Éducation-santé",2018-09-30,"marche aleatoire",0.00879401424712967,0.00751114448576296
"Éducation-santé",2018-09-30,"AR(4)",0.0114010250946249,0.00751114448576296
"Éducation-santé",2018-09-30,"AR(p) par BIC",0.00961461715298493,0.00751114448576296
"Éducation-santé",2018-09-30,"AR(4) + choc",0.0113937074945183,0.00751114448576296
"Éducation-santé",2018-09-30,"AR(4) + saison",0.0122786158531862,0.00751114448576296
"Éducation-santé",2018-09-30,"SARIMA",0.00926596856098843,0.00751114448576296
"Autres services",2018-09-30,"moyenne recursive",0.00571851098512928,0.00205828767058058
"Autres services",2018-09-30,"marche aleatoire",0.00286056140101465,0.00205828767058058
"Autres services",2018-09-30,"AR(4)",0.00527220381838422,0.00205828767058058
"Autres services",2018-09-30,"AR(p) par BIC",0.00469269755538565,0.00205828767058058
"Autres services",2018-09-30,"AR(4) + choc",0.00528458264123148,0.00205828767058058
"Autres services",2018-09-30,"AR(4) + saison",0.00577242402867803,0.00205828767058058
"Autres services",2018-09-30,"SARIMA",0.00413841444176128,0.00205828767058058
"Services aux entreprises",2018-12-31,"moyenne recursive",0.0116136665068114,0.000897666128501839
"Services aux entreprises",2018-12-31,"marche aleatoire",0.00363759451456147,0.000897666128501839
"Services aux entreprises",2018-12-31,"AR(4)",0.0119421651652486,0.000897666128501839
"Services aux entreprises",2018-12-31,"AR(p) par BIC",0.0121536611464025,0.000897666128501839
"Services aux entreprises",2018-12-31,"AR(4) + choc",0.0118883101978682,0.000897666128501839
"Services aux entreprises",2018-12-31,"AR(4) + saison",0.00955575157596015,0.000897666128501839
"Services aux entreprises",2018-12-31,"SARIMA",0.0119072827409128,0.000897666128501839
"Administration publique",2018-12-31,"moyenne recursive",0.0123427587136524,0.0146299010390862
"Administration publique",2018-12-31,"marche aleatoire",0.0130368478673404,0.0146299010390862
"Administration publique",2018-12-31,"AR(4)",0.010951883771053,0.0146299010390862
"Administration publique",2018-12-31,"AR(p) par BIC",0.00868169243571656,0.0146299010390862
"Administration publique",2018-12-31,"AR(4) + choc",0.0122972734520334,0.0146299010390862
"Administration publique",2018-12-31,"AR(4) + saison",0.0112855046676933,0.0146299010390862
"Administration publique",2018-12-31,"SARIMA",0.00964558223326394,0.0146299010390862
"Éducation-santé",2018-12-31,"moyenne recursive",0.009447429538885,0.00624686200166558
"Éducation-santé",2018-12-31,"marche aleatoire",0.00751114448576296,0.00624686200166558
"Éducation-santé",2018-12-31,"AR(4)",0.0100411985340408,0.00624686200166558
"Éducation-santé",2018-12-31,"AR(p) par BIC",0.00856485017461458,0.00624686200166558
"Éducation-santé",2018-12-31,"AR(4) + choc",0.0100213737865673,0.00624686200166558
"Éducation-santé",2018-12-31,"AR(4) + saison",0.011118398170566,0.00624686200166558
"Éducation-santé",2018-12-31,"SARIMA",0.00806114074782616,0.00624686200166558
"Autres services",2018-12-31,"moyenne recursive",0.00567387411543966,0.00121427251983341
"Autres services",2018-12-31,"marche aleatoire",0.00205828767058058,0.00121427251983341
"Autres services",2018-12-31,"AR(4)",0.00471255810952051,0.00121427251983341
"Autres services",2018-12-31,"AR(p) par BIC",0.00398326157529178,0.00121427251983341
"Autres services",2018-12-31,"AR(4) + choc",0.00472372688297982,0.00121427251983341
"Autres services",2018-12-31,"AR(4) + saison",0.00525588553339337,0.00121427251983341
"Autres services",2018-12-31,"SARIMA",0.00360106442500122,0.00121427251983341
"Services aux entreprises",2019-03-31,"moyenne recursive",0.0114845580685185,0.0341258423573425
"Services aux entreprises",2019-03-31,"marche aleatoire",0.000897666128501839,0.0341258423573425
"Services aux entreprises",2019-03-31,"AR(4)",0.0142892480505841,0.0341258423573425
"Services aux entreprises",2019-03-31,"AR(p) par BIC",0.011954520744242,0.0341258423573425
"Services aux entreprises",2019-03-31,"AR(4) + choc",0.0151422730818204,0.0341258423573425
"Services aux entreprises",2019-03-31,"AR(4) + saison",0.0117484102565852,0.0341258423573425
"Services aux entreprises",2019-03-31,"SARIMA",0.0113931647693427,0.0341258423573425
"Administration publique",2019-03-31,"moyenne recursive",0.0123703146452842,0.0219797204456977
"Administration publique",2019-03-31,"marche aleatoire",0.0146299010390862,0.0219797204456977
"Administration publique",2019-03-31,"AR(4)",0.00845245150901941,0.0219797204456977
"Administration publique",2019-03-31,"AR(p) par BIC",0.00387801448144373,0.0219797204456977
"Administration publique",2019-03-31,"AR(4) + choc",0.00992775209235659,0.0219797204456977
"Administration publique",2019-03-31,"AR(4) + saison",0.00871617920048031,0.0219797204456977
"Administration publique",2019-03-31,"SARIMA",0.00657843220671753,0.0219797204456977
"Éducation-santé",2019-03-31,"moyenne recursive",0.00940886848421971,0.00382123979938243
"Éducation-santé",2019-03-31,"marche aleatoire",0.00624686200166558,0.00382123979938243
"Éducation-santé",2019-03-31,"AR(4)",0.00345344689870897,0.00382123979938243
"Éducation-santé",2019-03-31,"AR(p) par BIC",0.00165189840991025,0.00382123979938243
"Éducation-santé",2019-03-31,"AR(4) + choc",0.00344172579909712,0.00382123979938243
"Éducation-santé",2019-03-31,"AR(4) + saison",0.00440055803387925,0.00382123979938243
"Éducation-santé",2019-03-31,"SARIMA",0.00238170749206882,0.00382123979938243
"Autres services",2019-03-31,"moyenne recursive",0.00562014397573356,0.0342943177846262
"Autres services",2019-03-31,"marche aleatoire",0.00121427251983341,0.0342943177846262
"Autres services",2019-03-31,"AR(4)",0.00341006241227712,0.0342943177846262
"Autres services",2019-03-31,"AR(p) par BIC",0.00248245574520415,0.0342943177846262
"Autres services",2019-03-31,"AR(4) + choc",0.0034162420328882,0.0342943177846262
"Autres services",2019-03-31,"AR(4) + saison",0.0039983342379257,0.0342943177846262
"Autres services",2019-03-31,"SARIMA",0.00223461701043376,0.0342943177846262
"Services aux entreprises",2019-06-30,"moyenne recursive",0.011754097167195,0.063725227956656
"Services aux entreprises",2019-06-30,"marche aleatoire",0.0341258423573425,0.063725227956656
"Services aux entreprises",2019-06-30,"AR(4)",0.01035317416285,0.063725227956656
"Services aux entreprises",2019-06-30,"AR(p) par BIC",0.0121098209360413,0.063725227956656
"Services aux entreprises",2019-06-30,"AR(4) + choc",0.0102305490844265,0.063725227956656
"Services aux entreprises",2019-06-30,"AR(4) + saison",0.00804099678592839,0.063725227956656
"Services aux entreprises",2019-06-30,"SARIMA",0.0106198352388884,0.063725227956656
"Administration publique",2019-06-30,"moyenne recursive",0.0124847123333843,0.0152082717689765
"Administration publique",2019-06-30,"marche aleatoire",0.0219797204456977,0.0152082717689765
"Administration publique",2019-06-30,"AR(4)",0.00524617157975059,0.0152082717689765
"Administration publique",2019-06-30,"AR(p) par BIC",-0.00164882773700646,0.0152082717689765
"Administration publique",2019-06-30,"AR(4) + choc",0.00506077589373802,0.0152082717689765
"Administration publique",2019-06-30,"AR(4) + saison",0.00601301447011393,0.0152082717689765
"Administration publique",2019-06-30,"SARIMA",0.00942064068769464,0.0152082717689765
"Éducation-santé",2019-06-30,"moyenne recursive",0.0093423490951145,0.00428270264143293
"Éducation-santé",2019-06-30,"marche aleatoire",0.00382123979938243,0.00428270264143293
"Éducation-santé",2019-06-30,"AR(4)",0.00708348519807785,0.00428270264143293
"Éducation-santé",2019-06-30,"AR(p) par BIC",0.00908402802871654,0.00428270264143293
"Éducation-santé",2019-06-30,"AR(4) + choc",0.00711522157375345,0.00428270264143293
"Éducation-santé",2019-06-30,"AR(4) + saison",0.00806010594504169,0.00428270264143293
"Éducation-santé",2019-06-30,"SARIMA",0.00941367613070218,0.00428270264143293
"Autres services",2019-06-30,"moyenne recursive",0.00596150318774419,-0.0137826733622841
"Autres services",2019-06-30,"marche aleatoire",0.0342943177846262,-0.0137826733622841
"Autres services",2019-06-30,"AR(4)",0.0178854852637735,-0.0137826733622841
"Autres services",2019-06-30,"AR(p) par BIC",0.0178854852637735,-0.0137826733622841
"Autres services",2019-06-30,"AR(4) + choc",0.0179410411505699,-0.0137826733622841
"Autres services",2019-06-30,"AR(4) + saison",0.0195503831839139,-0.0137826733622841
"Autres services",2019-06-30,"SARIMA",0.0255290746711076,-0.0137826733622841
"Services aux entreprises",2019-09-30,"moyenne recursive",0.0123655222353063,-0.0188406290925656
"Services aux entreprises",2019-09-30,"marche aleatoire",0.063725227956656,-0.0188406290925656
"Services aux entreprises",2019-09-30,"AR(4)",0.0082943307971697,-0.0188406290925656
"Services aux entreprises",2019-09-30,"AR(p) par BIC",0.0160582096045056,-0.0188406290925656
"Services aux entreprises",2019-09-30,"AR(4) + choc",0.00880262612124903,-0.0188406290925656
"Services aux entreprises",2019-09-30,"AR(4) + saison",0.00712502295779478,-0.0188406290925656
"Services aux entreprises",2019-09-30,"SARIMA",0.0155719603110126,-0.0188406290925656
"Administration publique",2019-09-30,"moyenne recursive",0.0125167542090972,0.0143940441478136
"Administration publique",2019-09-30,"marche aleatoire",0.0152082717689765,0.0143940441478136
"Administration publique",2019-09-30,"AR(4)",0.00525356969858476,0.0143940441478136
"Administration publique",2019-09-30,"AR(p) par BIC",-0.00249549938532117,0.0143940441478136
"Administration publique",2019-09-30,"AR(4) + choc",0.00484762777770156,0.0143940441478136
"Administration publique",2019-09-30,"AR(4) + saison",0.00585742394249357,0.0143940441478136
"Administration publique",2019-09-30,"SARIMA",0.0121258828590137,0.0143940441478136
"Éducation-santé",2019-09-30,"moyenne recursive",0.00928282384271825,0.00354389619512929
"Éducation-santé",2019-09-30,"marche aleatoire",0.00428270264143293,0.00354389619512929
"Éducation-santé",2019-09-30,"AR(4)",0.00738230231630722,0.00354389619512929
"Éducation-santé",2019-09-30,"AR(p) par BIC",0.00688014359542155,0.00354389619512929
"Éducation-santé",2019-09-30,"AR(4) + choc",0.00745677334781299,0.00354389619512929
"Éducation-santé",2019-09-30,"AR(4) + saison",0.00842496863355992,0.00354389619512929
"Éducation-santé",2019-09-30,"SARIMA",0.00747250525043427,0.00354389619512929
"Autres services",2019-09-30,"moyenne recursive",0.00572921875774386,-0.0285720470296322
"Autres services",2019-09-30,"marche aleatoire",-0.0137826733622841,-0.0285720470296322
"Autres services",2019-09-30,"AR(4)",0.0135594440567767,-0.0285720470296322
"Autres services",2019-09-30,"AR(p) par BIC",0.0135594440567767,-0.0285720470296322
"Autres services",2019-09-30,"AR(4) + choc",0.012039403196928,-0.0285720470296322
"Autres services",2019-09-30,"AR(4) + saison",0.0151736038347719,-0.0285720470296322
"Autres services",2019-09-30,"SARIMA",-0.000826913356661993,-0.0285720470296322
"Services aux entreprises",2019-12-31,"moyenne recursive",0.0120026600105636,-0.0165393083624608
"Services aux entreprises",2019-12-31,"marche aleatoire",-0.0188406290925656,-0.0165393083624608
"Services aux entreprises",2019-12-31,"AR(4)",0.00761357476957412,-0.0165393083624608
"Services aux entreprises",2019-12-31,"AR(p) par BIC",0.0135046124359186,-0.0165393083624608
"Services aux entreprises",2019-12-31,"AR(4) + choc",0.00949240745492682,-0.0165393083624608
"Services aux entreprises",2019-12-31,"AR(4) + saison",0.00673520361934712,-0.0165393083624608
"Services aux entreprises",2019-12-31,"SARIMA",0.0116912080814886,-0.0165393083624608
"Administration publique",2019-12-31,"moyenne recursive",0.0125385831618729,0.0136078138543425
"Administration publique",2019-12-31,"marche aleatoire",0.0143940441478136,0.0136078138543425
"Administration publique",2019-12-31,"AR(4)",0.00641224592790116,0.0136078138543425
"Administration publique",2019-12-31,"AR(p) par BIC",-0.00195446977216461,0.0136078138543425
"Administration publique",2019-12-31,"AR(4) + choc",0.00602043972920264,0.0136078138543425
"Administration publique",2019-12-31,"AR(4) + saison",0.0068483622818563,0.0136078138543425
"Administration publique",2019-12-31,"SARIMA",0.0135109435390201,0.0136078138543425
"Éducation-santé",2019-12-31,"moyenne recursive",0.00921609212588582,0.00282231901474184
"Éducation-santé",2019-12-31,"marche aleatoire",0.00354389619512929,0.00282231901474184
"Éducation-santé",2019-12-31,"AR(4)",0.00750611053581734,0.00282231901474184
"Éducation-santé",2019-12-31,"AR(p) par BIC",0.00669971842265643,0.00282231901474184
"Éducation-santé",2019-12-31,"AR(4) + choc",0.00756779146896254,0.00282231901474184
"Éducation-santé",2019-12-31,"AR(4) + saison",0.00856036625168292,0.00282231901474184
"Éducation-santé",2019-12-31,"SARIMA",0.00733987188324237,0.00282231901474184
"Autres services",2019-12-31,"moyenne recursive",0.00533036682998367,-0.0446464064426788
"Autres services",2019-12-31,"marche aleatoire",-0.0285720470296322,-0.0446464064426788
"Autres services",2019-12-31,"AR(4)",0.00328487262339797,-0.0446464064426788
"Autres services",2019-12-31,"AR(p) par BIC",-0.00926179144845323,-0.0446464064426788
"Autres services",2019-12-31,"AR(4) + choc",0.00245270095537423,-0.0446464064426788
"Autres services",2019-12-31,"AR(4) + saison",0.00545675516910414,-0.0446464064426788
"Autres services",2019-12-31,"SARIMA",-0.0106354030028538,-0.0446464064426788
"Services aux entreprises",2020-03-31,"moyenne recursive",0.0116745914085748,-0.0484686689414122
"Services aux entreprises",2020-03-31,"marche aleatoire",-0.0165393083624608,-0.0484686689414122
"Services aux entreprises",2020-03-31,"AR(4)",0.0237382307731119,-0.0484686689414122
"Services aux entreprises",2020-03-31,"AR(p) par BIC",0.0117896767563843,-0.0484686689414122
"Services aux entreprises",2020-03-31,"AR(4) + choc",0.0229780146905845,-0.0484686689414122
"Services aux entreprises",2020-03-31,"AR(4) + saison",0.021039083948549,-0.0484686689414122
"Services aux entreprises",2020-03-31,"SARIMA",0.0131059068234865,-0.0484686689414122
"Administration publique",2020-03-31,"moyenne recursive",0.0125508731698324,0.0112705932423776
"Administration publique",2020-03-31,"marche aleatoire",0.0136078138543425,0.0112705932423776
"Administration publique",2020-03-31,"AR(4)",0.00875229420488131,0.0112705932423776
"Administration publique",2020-03-31,"AR(p) par BIC",0.0025908685507067,0.0112705932423776
"Administration publique",2020-03-31,"AR(4) + choc",0.00838392749037867,0.0112705932423776
"Administration publique",2020-03-31,"AR(4) + saison",0.00913745036951587,0.0112705932423776
"Administration publique",2020-03-31,"SARIMA",0.0188214909267654,0.0112705932423776
"Éducation-santé",2020-03-31,"moyenne recursive",0.00914260048093014,-0.00401330090882546
"Éducation-santé",2020-03-31,"marche aleatoire",0.00282231901474184,-0.00401330090882546
"Éducation-santé",2020-03-31,"AR(4)",0.00840032321187168,-0.00401330090882546
"Éducation-santé",2020-03-31,"AR(p) par BIC",0.0073928967011681,-0.00401330090882546
"Éducation-santé",2020-03-31,"AR(4) + choc",0.00845792104077391,-0.00401330090882546
"Éducation-santé",2020-03-31,"AR(4) + saison",0.00955843227223675,-0.00401330090882546
"Éducation-santé",2020-03-31,"SARIMA",0.007871471462167,-0.00401330090882546
"Autres services",2020-03-31,"moyenne recursive",0.00475592116018295,-0.155410185258452
"Autres services",2020-03-31,"marche aleatoire",-0.0446464064426788,-0.155410185258452
"Autres services",2020-03-31,"AR(4)",-0.0303767525801832,-0.155410185258452
"Autres services",2020-03-31,"AR(p) par BIC",-0.0255455276844856,-0.155410185258452
"Autres services",2020-03-31,"AR(4) + choc",-0.0312771246499773,-0.155410185258452
"Autres services",2020-03-31,"AR(4) + saison",-0.0275662706836781,-0.155410185258452
"Autres services",2020-03-31,"SARIMA",-0.0434551488103039,-0.155410185258452
"Services aux entreprises",2020-06-30,"moyenne recursive",0.010991145268234,-0.26337617935458
"Services aux entreprises",2020-06-30,"marche aleatoire",-0.0484686689414122,-0.26337617935458
"Services aux entreprises",2020-06-30,"AR(4)",0.0215314121729077,-0.26337617935458
"Services aux entreprises",2020-06-30,"AR(p) par BIC",0.00583672848155491,-0.26337617935458
"Services aux entreprises",2020-06-30,"AR(4) + choc",0.0168804579773208,-0.26337617935458
"Services aux entreprises",2020-06-30,"AR(4) + saison",0.0149853252289766,-0.26337617935458
"Services aux entreprises",2020-06-30,"SARIMA",0.00602763469050172,-0.26337617935458
"Administration publique",2020-06-30,"moyenne recursive",0.0125363245342931,0.0127759397880887
"Administration publique",2020-06-30,"marche aleatoire",0.0112705932423776,0.0127759397880887
"Administration publique",2020-06-30,"AR(4)",0.00980822346851117,0.0127759397880887
"Administration publique",2020-06-30,"AR(p) par BIC",0.00481150235661604,0.0127759397880887
"Administration publique",2020-06-30,"AR(4) + choc",0.0095158583364529,0.0127759397880887
"Administration publique",2020-06-30,"AR(4) + saison",0.0102850672060331,0.0127759397880887
"Administration publique",2020-06-30,"SARIMA",0.0151285911395765,0.0127759397880887
"Éducation-santé",2020-06-30,"moyenne recursive",0.0089931016015011,0.00384305111413319
"Éducation-santé",2020-06-30,"marche aleatoire",-0.00401330090882546,0.00384305111413319
"Éducation-santé",2020-06-30,"AR(4)",0.0055996763301193,0.00384305111413319
"Éducation-santé",2020-06-30,"AR(p) par BIC",0.00272358075203099,0.00384305111413319
"Éducation-santé",2020-06-30,"AR(4) + choc",0.00564505704223019,0.00384305111413319
"Éducation-santé",2020-06-30,"AR(4) + saison",0.00620368139651172,0.00384305111413319
"Éducation-santé",2020-06-30,"SARIMA",0.00275644304039627,0.00384305111413319
"Autres services",2020-06-30,"moyenne recursive",0.0029358517690621,-0.0518697020825911
"Autres services",2020-06-30,"marche aleatoire",-0.155410185258452,-0.0518697020825911
"Autres services",2020-06-30,"AR(4)",-0.16619212768398,-0.0518697020825911
"Autres services",2020-06-30,"AR(p) par BIC",-0.1531113208172,-0.0518697020825911
"Autres services",2020-06-30,"AR(4) + choc",-0.173371669181629,-0.0518697020825911
"Autres services",2020-06-30,"AR(4) + saison",-0.166830987606303,-0.0518697020825911
"Autres services",2020-06-30,"SARIMA",-0.11081722825576,-0.0518697020825911
"Services aux entreprises",2020-09-30,"moyenne recursive",0.00790836633988781,0.180412336071653
"Services aux entreprises",2020-09-30,"marche aleatoire",-0.26337617935458,0.180412336071653
"Services aux entreprises",2020-09-30,"AR(4)",-0.199602140352252,0.180412336071653
"Services aux entreprises",2020-09-30,"AR(p) par BIC",-0.223465163007686,0.180412336071653
"Services aux entreprises",2020-09-30,"AR(4) + choc",-0.136580768468121,0.180412336071653
"Services aux entreprises",2020-09-30,"AR(4) + saison",-0.208200515256524,0.180412336071653
"Services aux entreprises",2020-09-30,"SARIMA",-0.147510366336467,0.180412336071653
"Administration publique",2020-09-30,"moyenne recursive",0.0125390168405155,0.012675622336614
"Administration publique",2020-09-30,"marche aleatoire",0.0127759397880887,0.012675622336614
"Administration publique",2020-09-30,"AR(4)",0.0101755010062604,0.012675622336614
"Administration publique",2020-09-30,"AR(p) par BIC",0.00574371162305005,0.012675622336614
"Administration publique",2020-09-30,"AR(4) + choc",0.0100051931455909,0.012675622336614
"Administration publique",2020-09-30,"AR(4) + saison",0.0106216198364892,0.012675622336614
"Administration publique",2020-09-30,"SARIMA",0.0136970504668505,0.012675622336614
"Éducation-santé",2020-09-30,"moyenne recursive",0.00893523586568798,0.00554655612052457
"Éducation-santé",2020-09-30,"marche aleatoire",0.00384305111413319,0.00554655612052457
"Éducation-santé",2020-09-30,"AR(4)",0.00740460403597615,0.00554655612052457
"Éducation-santé",2020-09-30,"AR(p) par BIC",0.00647821100225433,0.00554655612052457
"Éducation-santé",2020-09-30,"AR(4) + choc",0.00744506173074313,0.00554655612052457
"Éducation-santé",2020-09-30,"AR(4) + saison",0.00814938187041091,0.00554655612052457
"Éducation-santé",2020-09-30,"SARIMA",0.00775991753891671,0.00554655612052457
"Autres services",2020-09-30,"moyenne recursive",0.00232005902915589,-0.0318268080588098
"Autres services",2020-09-30,"marche aleatoire",-0.0518697020825911,-0.0318268080588098
"Autres services",2020-09-30,"AR(4)",-0.0828569268423122,-0.0318268080588098
"Autres services",2020-09-30,"AR(p) par BIC",-0.0778756259466592,-0.0318268080588098
"Autres services",2020-09-30,"AR(4) + choc",-0.0840542054659725,-0.0318268080588098
"Autres services",2020-09-30,"AR(4) + saison",-0.0840125435409906,-0.0318268080588098
"Autres services",2020-09-30,"SARIMA",-0.0239972647702072,-0.0318268080588098
"Services aux entreprises",2020-12-31,"moyenne recursive",0.0098250771146852,0.0538102828967748
"Services aux entreprises",2020-12-31,"marche aleatoire",0.180412336071653,0.0538102828967748
"Services aux entreprises",2020-12-31,"AR(4)",0.0108924101966721,0.0538102828967748
"Services aux entreprises",2020-12-31,"AR(p) par BIC",-0.0389325104670172,0.0538102828967748
"Services aux entreprises",2020-12-31,"AR(4) + choc",0.0406262025472959,0.0538102828967748
"Services aux entreprises",2020-12-31,"AR(4) + saison",-0.00164407377652863,0.0538102828967748
"Services aux entreprises",2020-12-31,"SARIMA",-0.0134226366169323,0.0538102828967748
"Administration publique",2020-12-31,"moyenne recursive",0.0125405346793611,0.0125770497153397
"Administration publique",2020-12-31,"marche aleatoire",0.012675622336614,0.0125770497153397
"Administration publique",2020-12-31,"AR(4)",0.0102136197346785,0.0125770497153397
"Administration publique",2020-12-31,"AR(p) par BIC",0.00626860238726267,0.0125770497153397
"Administration publique",2020-12-31,"AR(4) + choc",0.0100206489899905,0.0125770497153397
"Administration publique",2020-12-31,"AR(4) + saison",0.0106435856350623,0.0125770497153397
"Administration publique",2020-12-31,"SARIMA",0.0130865866782647,0.0125770497153397
"Éducation-santé",2020-12-31,"moyenne recursive",0.00889758386851949,0.00722180449425913
"Éducation-santé",2020-12-31,"marche aleatoire",0.00554655612052457,0.00722180449425913
"Éducation-santé",2020-12-31,"AR(4)",0.00843138540102712,0.00722180449425913
"Éducation-santé",2020-12-31,"AR(p) par BIC",0.00748702052360737,0.00722180449425913
"Éducation-santé",2020-12-31,"AR(4) + choc",0.00847914406125832,0.00722180449425913
"Éducation-santé",2020-12-31,"AR(4) + saison",0.00905871664298643,0.00722180449425913
"Éducation-santé",2020-12-31,"SARIMA",0.00884959416686288,0.00722180449425913
"Autres services",2020-12-31,"moyenne recursive",0.00194064939484516,-0.00979630428437517
"Autres services",2020-12-31,"marche aleatoire",-0.0318268080588098,-0.00979630428437517
"Autres services",2020-12-31,"AR(4)",-0.0166932761395845,-0.00979630428437517
"Autres services",2020-12-31,"AR(p) par BIC",-0.0148680087671508,-0.00979630428437517
"Autres services",2020-12-31,"AR(4) + choc",-0.0191370942576385,-0.00979630428437517
"Autres services",2020-12-31,"AR(4) + saison",-0.0179987114437753,-0.00979630428437517
"Autres services",2020-12-31,"SARIMA",-0.00533380759072524,-0.00979630428437517
"Services aux entreprises",2021-03-31,"moyenne recursive",0.0103084310243785,0.0236849909538215
"Services aux entreprises",2021-03-31,"marche aleatoire",0.0538102828967748,0.0236849909538215
"Services aux entreprises",2021-03-31,"AR(4)",-0.00530023378711957,0.0236849909538215
"Services aux entreprises",2021-03-31,"AR(p) par BIC",-0.00530023378711957,0.0236849909538215
"Services aux entreprises",2021-03-31,"AR(4) + choc",0.0137832473527794,0.0236849909538215
"Services aux entreprises",2021-03-31,"AR(4) + saison",-0.0199024150297322,0.0236849909538215
"Services aux entreprises",2021-03-31,"SARIMA",0.0506823400469363,0.0236849909538215
"Administration publique",2021-03-31,"moyenne recursive",0.0125409359434927,0.0124109391990199
"Administration publique",2021-03-31,"marche aleatoire",0.0125770497153397,0.0124109391990199
"Administration publique",2021-03-31,"AR(4)",0.00991146395691377,0.0124109391990199
"Administration publique",2021-03-31,"AR(p) par BIC",0.00567702346294061,0.0124109391990199
"Administration publique",2021-03-31,"AR(4) + choc",0.00969616342686888,0.0124109391990199
"Administration publique",2021-03-31,"AR(4) + saison",0.0103119518549188,0.0124109391990199
"Administration publique",2021-03-31,"SARIMA",0.0114099641051041,0.0124109391990199
"Éducation-santé",2021-03-31,"moyenne recursive",0.00887916871056059,0.00824967476330762
"Éducation-santé",2021-03-31,"marche aleatoire",0.00722180449425913,0.00824967476330762
"Éducation-santé",2021-03-31,"AR(4)",0.0135782420992855,0.00824967476330762
"Éducation-santé",2021-03-31,"AR(p) par BIC",0.013113606166703,0.00824967476330762
"Éducation-santé",2021-03-31,"AR(4) + choc",0.013654480709988,0.00824967476330762
"Éducation-santé",2021-03-31,"AR(4) + saison",0.0143843277890796,0.00824967476330762
"Éducation-santé",2021-03-31,"SARIMA",0.0134752073450884,0.00824967476330762
"Autres services",2021-03-31,"moyenne recursive",0.00181167188188669,0.0650452081351318
"Autres services",2021-03-31,"marche aleatoire",-0.00979630428437517,0.0650452081351318
"Autres services",2021-03-31,"AR(4)",0.170574016950721,0.0650452081351318
"Autres services",2021-03-31,"AR(p) par BIC",0.179035648728067,0.0650452081351318
"Autres services",2021-03-31,"AR(4) + choc",0.165088819567608,0.0650452081351318
"Autres services",2021-03-31,"AR(4) + saison",0.169225407880956,0.0650452081351318
"Autres services",2021-03-31,"SARIMA",0.0997892434379742,0.0650452081351318
"Services aux entreprises",2021-06-30,"moyenne recursive",0.0104538284149159,-0.0253276404682605
"Services aux entreprises",2021-06-30,"marche aleatoire",0.0236849909538215,-0.0253276404682605
"Services aux entreprises",2021-06-30,"AR(4)",0.26275297358317,-0.0253276404682605
"Services aux entreprises",2021-06-30,"AR(p) par BIC",0.26275297358317,-0.0253276404682605
"Services aux entreprises",2021-06-30,"AR(4) + choc",0.193014353685078,-0.0253276404682605
"Services aux entreprises",2021-06-30,"AR(4) + saison",0.258617892959164,-0.0253276404682605
"Services aux entreprises",2021-06-30,"SARIMA",0.210491091694548,-0.0253276404682605
"Administration publique",2021-06-30,"moyenne recursive",0.0125395229354006,0.0124151117984699
"Administration publique",2021-06-30,"marche aleatoire",0.0124109391990199,0.0124151117984699
"Administration publique",2021-06-30,"AR(4)",0.0101114911730525,0.0124151117984699
"Administration publique",2021-06-30,"AR(p) par BIC",0.00594849305227683,0.0124151117984699
"Administration publique",2021-06-30,"AR(4) + choc",0.00985939593595097,0.0124151117984699
"Administration publique",2021-06-30,"AR(4) + saison",0.010579690256273,0.0124151117984699
"Administration publique",2021-06-30,"SARIMA",0.0122584924099431,0.0124151117984699
"Éducation-santé",2021-06-30,"moyenne recursive",0.00887232638504697,0.0107145527308568
"Éducation-santé",2021-06-30,"marche aleatoire",0.00824967476330762,0.0107145527308568
"Éducation-santé",2021-06-30,"AR(4)",0.0102921803037219,0.0107145527308568
"Éducation-santé",2021-06-30,"AR(p) par BIC",0.00674054893349241,0.0107145527308568
"Éducation-santé",2021-06-30,"AR(4) + choc",0.0104341293173308,0.0107145527308568
"Éducation-santé",2021-06-30,"AR(4) + saison",0.0108079729970828,0.0107145527308568
"Éducation-santé",2021-06-30,"SARIMA",0.00724184463712894,0.0107145527308568
"Autres services",2021-06-30,"moyenne recursive",0.00249899292811762,0.0130709296570739
"Autres services",2021-06-30,"marche aleatoire",0.0650452081351318,0.0130709296570739
"Autres services",2021-06-30,"AR(4)",0.0641514885976944,0.0130709296570739
"Autres services",2021-06-30,"AR(p) par BIC",-0.0571122274950122,0.0130709296570739
"Autres services",2021-06-30,"AR(4) + choc",0.0625592858219186,0.0130709296570739
"Autres services",2021-06-30,"AR(4) + saison",0.0625359802047728,0.0130709296570739
"Autres services",2021-06-30,"SARIMA",-0.00505174264673847,0.0130709296570739
"Services aux entreprises",2021-09-30,"moyenne recursive",0.0100690814376775,0.0425796070346394
"Services aux entreprises",2021-09-30,"marche aleatoire",-0.0253276404682605,0.0425796070346394
"Services aux entreprises",2021-09-30,"AR(4)",-0.0310233156163968,0.0425796070346394
"Services aux entreprises",2021-09-30,"AR(p) par BIC",0.0162325243527584,0.0425796070346394
"Services aux entreprises",2021-09-30,"AR(4) + choc",-0.0632140274062345,0.0425796070346394
"Services aux entreprises",2021-09-30,"AR(4) + saison",-0.0321049122085629,0.0425796070346394
"Services aux entreprises",2021-09-30,"SARIMA",0.0012104472515726,0.0425796070346394
"Administration publique",2021-09-30,"moyenne recursive",0.0125381851812401,0.0123497114869799
"Administration publique",2021-09-30,"marche aleatoire",0.0124151117984699,0.0123497114869799
"Administration publique",2021-09-30,"AR(4)",0.0102066582992209,0.0123497114869799
"Administration publique",2021-09-30,"AR(p) par BIC",0.00615859835533832,0.0123497114869799
"Administration publique",2021-09-30,"AR(4) + choc",0.00996331379175643,0.0123497114869799
"Administration publique",2021-09-30,"AR(4) + saison",0.0106479796730032,0.0123497114869799
"Administration publique",2021-09-30,"SARIMA",0.0123335739231175,0.0123497114869799
"Éducation-santé",2021-09-30,"moyenne recursive",0.00889213527048579,0.0124987113733415
"Éducation-santé",2021-09-30,"marche aleatoire",0.0107145527308568,0.0124987113733415
"Éducation-santé",2021-09-30,"AR(4)",0.010579040432742,0.0124987113733415
"Éducation-santé",2021-09-30,"AR(p) par BIC",0.00966625310572217,0.0124987113733415
"Éducation-santé",2021-09-30,"AR(4) + choc",0.0106989730562603,0.0124987113733415
"Éducation-santé",2021-09-30,"AR(4) + saison",0.0110975886060725,0.0124987113733415
"Éducation-santé",2021-09-30,"SARIMA",0.0102273340212785,0.0124987113733415
"Autres services",2021-09-30,"moyenne recursive",0.00261266966713865,0.0139388205165201
"Autres services",2021-09-30,"marche aleatoire",0.0130709296570739,0.0139388205165201
"Autres services",2021-09-30,"AR(4)",0.042318035185391,0.0139388205165201
"Autres services",2021-09-30,"AR(p) par BIC",0.0172894584770249,0.0139388205165201
"Autres services",2021-09-30,"AR(4) + choc",0.0420343628336869,0.0139388205165201
"Autres services",2021-09-30,"AR(4) + saison",0.0413221639930633,0.0139388205165201
"Autres services",2021-09-30,"SARIMA",0.00472050917519816,0.0139388205165201
"Services aux entreprises",2021-12-31,"moyenne recursive",0.0104149380929643,0.0247258900965548
"Services aux entreprises",2021-12-31,"marche aleatoire",0.0425796070346394,0.0247258900965548
"Services aux entreprises",2021-12-31,"AR(4)",0.00348019195238827,0.0247258900965548
"Services aux entreprises",2021-12-31,"AR(p) par BIC",0.00547157064780226,0.0247258900965548
"Services aux entreprises",2021-12-31,"AR(4) + choc",0.003654921784722,0.0247258900965548
"Services aux entreprises",2021-12-31,"AR(4) + saison",0.0014888622971592,0.0247258900965548
"Services aux entreprises",2021-12-31,"SARIMA",-0.00149609550480066,0.0247258900965548
"Administration publique",2021-12-31,"moyenne recursive",0.0125361801419394,0.0122848408349885
"Administration publique",2021-12-31,"marche aleatoire",0.0123497114869799,0.0122848408349885
"Administration publique",2021-12-31,"AR(4)",0.0102844604748213,0.0122848408349885
"Administration publique",2021-12-31,"AR(p) par BIC",0.0063458539171912,0.0122848408349885
"Administration publique",2021-12-31,"AR(4) + choc",0.00990826161537664,0.0122848408349885
"Administration publique",2021-12-31,"AR(4) + saison",0.0107013930838355,0.0122848408349885
"Administration publique",2021-12-31,"SARIMA",0.0122651898376392,0.0122848408349885
"Éducation-santé",2021-12-31,"moyenne recursive",0.00893050310136723,0.0142153530442766
"Éducation-santé",2021-12-31,"marche aleatoire",0.0124987113733415,0.0142153530442766
"Éducation-santé",2021-12-31,"AR(4)",0.0107929895257426,0.0142153530442766
"Éducation-santé",2021-12-31,"AR(p) par BIC",0.0103356385418934,0.0142153530442766
"Éducation-santé",2021-12-31,"AR(4) + choc",0.0109252129586061,0.0142153530442766
"Éducation-santé",2021-12-31,"AR(4) + saison",0.0112791860205526,0.0142153530442766
"Éducation-santé",2021-12-31,"SARIMA",0.0108371595870194,0.0142153530442766
"Autres services",2021-12-31,"moyenne recursive",0.00273316063362143,0.0147685323674143
"Autres services",2021-12-31,"marche aleatoire",0.0139388205165201,0.0147685323674143
"Autres services",2021-12-31,"AR(4)",0.0275512501108164,0.0147685323674143
"Autres services",2021-12-31,"AR(p) par BIC",0.00537865068676731,0.0147685323674143
"Autres services",2021-12-31,"AR(4) + choc",0.0276829363972452,0.0147685323674143
"Autres services",2021-12-31,"AR(4) + saison",0.0268276806916899,0.0147685323674143
"Autres services",2021-12-31,"SARIMA",0.000910266532532026,0.0147685323674143
"Services aux entreprises",2022-03-31,"moyenne recursive",0.0105655796930021,0.0467640057093828
"Services aux entreprises",2022-03-31,"marche aleatoire",0.0247258900965548,0.0467640057093828
"Services aux entreprises",2022-03-31,"AR(4)",0.00582406661913985,0.0467640057093828
"Services aux entreprises",2022-03-31,"AR(p) par BIC",0.00871240872482044,0.0467640057093828
"Services aux entreprises",2022-03-31,"AR(4) + choc",0.0107702594566574,0.0467640057093828
"Services aux entreprises",2022-03-31,"AR(4) + saison",0.00404289386951654,0.0467640057093828
"Services aux entreprises",2022-03-31,"SARIMA",0.0068896446724035,0.0467640057093828
"Administration publique",2022-03-31,"moyenne recursive",0.0125335344650241,0.0166954361468807
"Administration publique",2022-03-31,"marche aleatoire",0.0122848408349885,0.0166954361468807
"Administration publique",2022-03-31,"AR(4)",0.0103446525353458,0.0166954361468807
"Administration publique",2022-03-31,"AR(p) par BIC",0.00647932324830331,0.0166954361468807
"Administration publique",2022-03-31,"AR(4) + choc",0.00997886422836673,0.0166954361468807
"Administration publique",2022-03-31,"AR(4) + saison",0.0107401675018649,0.0166954361468807
"Administration publique",2022-03-31,"SARIMA",0.0121498811876431,0.0166954361468807
"Éducation-santé",2022-03-31,"moyenne recursive",0.00898613310076627,0.0228322535149648
"Éducation-santé",2022-03-31,"marche aleatoire",0.0142153530442766,0.0228322535149648
"Éducation-santé",2022-03-31,"AR(4)",0.0114207490884726,0.0228322535149648
"Éducation-santé",2022-03-31,"AR(p) par BIC",0.0114482814223525,0.0228322535149648
"Éducation-santé",2022-03-31,"AR(4) + choc",0.0115305142550459,0.0228322535149648
"Éducation-santé",2022-03-31,"AR(4) + saison",0.0118831267539407,0.0228322535149648
"Éducation-santé",2022-03-31,"SARIMA",0.011785843040169,0.0228322535149648
"Autres services",2022-03-31,"moyenne recursive",0.00285984875713504,0.0243149233660027
"Autres services",2022-03-31,"marche aleatoire",0.0147685323674143,0.0243149233660027
"Autres services",2022-03-31,"AR(4)",-0.0219718345728587,0.0243149233660027
"Autres services",2022-03-31,"AR(p) par BIC",-0.0440458207045434,0.0243149233660027
"Autres services",2022-03-31,"AR(4) + choc",-0.0217242888387227,0.0243149233660027
"Autres services",2022-03-31,"AR(4) + saison",-0.0230224834823134,0.0243149233660027
"Autres services",2022-03-31,"SARIMA",-0.0398782320495197,0.0243149233660027
"Services aux entreprises",2022-06-30,"moyenne recursive",0.0109426466306727,0.010881697664729
"Services aux entreprises",2022-06-30,"marche aleatoire",0.0467640057093828,0.010881697664729
"Services aux entreprises",2022-06-30,"AR(4)",-0.000745961638443645,0.010881697664729
"Services aux entreprises",2022-06-30,"AR(p) par BIC",0.00569647915313047,0.010881697664729
"Services aux entreprises",2022-06-30,"AR(4) + choc",-0.0052549631690535,0.010881697664729
"Services aux entreprises",2022-06-30,"AR(4) + saison",-0.000161438287731773,0.010881697664729
"Services aux entreprises",2022-06-30,"SARIMA",0.00700902837345827,0.010881697664729
"Administration publique",2022-06-30,"moyenne recursive",0.0125768876075435,0.0103354390450736
"Administration publique",2022-06-30,"marche aleatoire",0.0166954361468807,0.0103354390450736
"Administration publique",2022-06-30,"AR(4)",0.00884986302117209,0.0103354390450736
"Administration publique",2022-06-30,"AR(p) par BIC",0.00425937717326329,0.0103354390450736
"Administration publique",2022-06-30,"AR(4) + choc",0.00847255528586226,0.0103354390450736
"Administration publique",2022-06-30,"AR(4) + saison",0.00945143199087264,0.0103354390450736
"Administration publique",2022-06-30,"SARIMA",0.0115695404429633,0.0103354390450736
"Éducation-santé",2022-06-30,"moyenne recursive",0.00913036352174751,0.0145617040986501
"Éducation-santé",2022-06-30,"marche aleatoire",0.0228322535149648,0.0145617040986501
"Éducation-santé",2022-06-30,"AR(4)",0.0136057799895081,0.0145617040986501
"Éducation-santé",2022-06-30,"AR(p) par BIC",0.0148415024910138,0.0145617040986501
"Éducation-santé",2022-06-30,"AR(4) + choc",0.0136327173297038,0.0145617040986501
"Éducation-santé",2022-06-30,"AR(4) + saison",0.0144765295273273,0.0145617040986501
"Éducation-santé",2022-06-30,"SARIMA",0.0157471382716798,0.0145617040986501
"Autres services",2022-06-30,"moyenne recursive",0.00308333911764408,0.0126500421906393
"Autres services",2022-06-30,"marche aleatoire",0.0243149233660027,0.0126500421906393
"Autres services",2022-06-30,"AR(4)",0.0117471868710605,0.0126500421906393
"Autres services",2022-06-30,"AR(p) par BIC",0.0379447387662547,0.0126500421906393
"Autres services",2022-06-30,"AR(4) + choc",0.0120188927514111,0.0126500421906393
"Autres services",2022-06-30,"AR(4) + saison",0.0123700983316089,0.0126500421906393
"Autres services",2022-06-30,"SARIMA",0.0392978401765303,0.0126500421906393
"Services aux entreprises",2022-09-30,"moyenne recursive",0.0109420182908176,0.0220326309552998
"Services aux entreprises",2022-09-30,"marche aleatoire",0.010881697664729,0.0220326309552998
"Services aux entreprises",2022-09-30,"AR(4)",-0.000669748443482115,0.0220326309552998
"Services aux entreprises",2022-09-30,"AR(p) par BIC",0.0114062869406369,0.0220326309552998
"Services aux entreprises",2022-09-30,"AR(4) + choc",-0.00867359751850292,0.0220326309552998
"Services aux entreprises",2022-09-30,"AR(4) + saison",-0.00132898014244299,0.0220326309552998
"Services aux entreprises",2022-09-30,"SARIMA",0.00950971338774257,0.0220326309552998
"Administration publique",2022-09-30,"moyenne recursive",0.0125537798904046,0.00856011434605897
"Administration publique",2022-09-30,"marche aleatoire",0.0103354390450736,0.00856011434605897
"Administration publique",2022-09-30,"AR(4)",0.00978400243163645,0.00856011434605897
"Administration publique",2022-09-30,"AR(p) par BIC",0.00545198852783615,0.00856011434605897
"Administration publique",2022-09-30,"AR(4) + choc",0.00859225152880249,0.00856011434605897
"Administration publique",2022-09-30,"AR(4) + saison",0.0103610944953186,0.00856011434605897
"Administration publique",2022-09-30,"SARIMA",0.0123884368646129,0.00856011434605897
"Éducation-santé",2022-09-30,"moyenne recursive",0.00918635672357125,0.0134330473693307
"Éducation-santé",2022-09-30,"marche aleatoire",0.0145617040986501,0.0134330473693307
"Éducation-santé",2022-09-30,"AR(4)",0.0114550377053999,0.0134330473693307
"Éducation-santé",2022-09-30,"AR(p) par BIC",0.0114361650912788,0.0134330473693307
"Éducation-santé",2022-09-30,"AR(4) + choc",0.0114868051168202,0.0134330473693307
"Éducation-santé",2022-09-30,"AR(4) + saison",0.0121972033055578,0.0134330473693307
"Éducation-santé",2022-09-30,"SARIMA",0.0108072265414757,0.0134330473693307
"Autres services",2022-09-30,"moyenne recursive",0.00318196492252032,0.0100060653211909
"Autres services",2022-09-30,"marche aleatoire",0.0126500421906393,0.0100060653211909
"Autres services",2022-09-30,"AR(4)",0.00793758076830466,0.0100060653211909
"Autres services",2022-09-30,"AR(p) par BIC",0.0096199878212265,0.0100060653211909
"Autres services",2022-09-30,"AR(4) + choc",0.00820207685189321,0.0100060653211909
"Autres services",2022-09-30,"AR(4) + saison",0.00855870783375475,0.0100060653211909
"Autres services",2022-09-30,"SARIMA",0.00766892200345384,0.0100060653211909
"Services aux entreprises",2022-12-31,"moyenne recursive",0.0110551878078021,0.012256676526075
"Services aux entreprises",2022-12-31,"marche aleatoire",0.0220326309552998,0.012256676526075
"Services aux entreprises",2022-12-31,"AR(4)",0.00251718156102294,0.012256676526075
"Services aux entreprises",2022-12-31,"AR(p) par BIC",0.00977352903404465,0.012256676526075
"Services aux entreprises",2022-12-31,"AR(4) + choc",-0.00412076124918217,0.012256676526075
"Services aux entreprises",2022-12-31,"AR(4) + saison",0.00182290957044018,0.012256676526075
"Services aux entreprises",2022-12-31,"SARIMA",0.00824142959012707,0.012256676526075
"Administration publique",2022-12-31,"moyenne recursive",0.0125130282011766,0.00682921881790222
"Administration publique",2022-12-31,"marche aleatoire",0.00856011434605897,0.00682921881790222
"Administration publique",2022-12-31,"AR(4)",0.0115317005093477,0.00682921881790222
"Administration publique",2022-12-31,"AR(p) par BIC",0.00760148819270788,0.00682921881790222
"Administration publique",2022-12-31,"AR(4) + choc",0.010399694011358,0.00682921881790222
"Administration publique",2022-12-31,"AR(4) + saison",0.0120972688205661,0.00682921881790222
"Administration publique",2022-12-31,"SARIMA",0.0125487400462391,0.00682921881790222
"Éducation-santé",2022-12-31,"moyenne recursive",0.0092296903015892,0.0123382402410126
"Éducation-santé",2022-12-31,"marche aleatoire",0.0134330473693307,0.0123382402410126
"Éducation-santé",2022-12-31,"AR(4)",0.0102477543556891,0.0123382402410126
"Éducation-santé",2022-12-31,"AR(p) par BIC",0.0105082190271789,0.0123382402410126
"Éducation-santé",2022-12-31,"AR(4) + choc",0.0103384168922013,0.0123382402410126
"Éducation-santé",2022-12-31,"AR(4) + saison",0.0110597203968476,0.0123382402410126
"Éducation-santé",2022-12-31,"SARIMA",0.00980689061842615,0.0123382402410126
"Autres services",2022-12-31,"moyenne recursive",0.00325159860005777,0.00746624133835461
"Autres services",2022-12-31,"marche aleatoire",0.0100060653211909,0.00746624133835461
"Autres services",2022-12-31,"AR(4)",0.00522128328775498,0.00746624133835461
"Autres services",2022-12-31,"AR(p) par BIC",0.00645626309238362,0.00746624133835461
"Autres services",2022-12-31,"AR(4) + choc",0.00550172595612377,0.00746624133835461
"Autres services",2022-12-31,"AR(4) + saison",0.00582275589168277,0.00746624133835461
"Autres services",2022-12-31,"SARIMA",0.00575365598431108,0.00746624133835461
"Services aux entreprises",2023-03-31,"moyenne recursive",0.0110673240574817,0.0181934991504722
"Services aux entreprises",2023-03-31,"marche aleatoire",0.012256676526075,0.0181934991504722
"Services aux entreprises",2023-03-31,"AR(4)",0.00629619430120014,0.0181934991504722
"Services aux entreprises",2023-03-31,"AR(p) par BIC",0.0113265811888064,0.0181934991504722
"Services aux entreprises",2023-03-31,"AR(4) + choc",0.00511415363893778,0.0181934991504722
"Services aux entreprises",2023-03-31,"AR(4) + saison",0.00488887766681139,0.0181934991504722
"Services aux entreprises",2023-03-31,"SARIMA",0.00884053051599176,0.0181934991504722
"Administration publique",2023-03-31,"moyenne recursive",0.0124556159851839,-0.00225596783675819
"Administration publique",2023-03-31,"marche aleatoire",0.00682921881790222,-0.00225596783675819
"Administration publique",2023-03-31,"AR(4)",0.0141484655198787,-0.00225596783675819
"Administration publique",2023-03-31,"AR(p) par BIC",0.0127439354807713,-0.00225596783675819
"Administration publique",2023-03-31,"AR(4) + choc",0.0131999361625295,-0.00225596783675819
"Administration publique",2023-03-31,"AR(4) + saison",0.0147882138992932,-0.00225596783675819
"Administration publique",2023-03-31,"SARIMA",0.0158066573048831,-0.00225596783675819
"Éducation-santé",2023-03-31,"moyenne recursive",0.00926108979592681,0.00554624253136105
"Éducation-santé",2023-03-31,"marche aleatoire",0.0123382402410126,0.00554624253136105
"Éducation-santé",2023-03-31,"AR(4)",0.00442575391362237,0.00554624253136105
"Éducation-santé",2023-03-31,"AR(p) par BIC",0.00440777552711783,0.00554624253136105
"Éducation-santé",2023-03-31,"AR(4) + choc",0.00448810032138525,0.00554624253136105
"Éducation-santé",2023-03-31,"AR(4) + saison",0.00510974010900176,0.00554624253136105
"Éducation-santé",2023-03-31,"SARIMA",0.00485680396696397,0.00554624253136105
"Autres services",2023-03-31,"moyenne recursive",0.00329417074892946,-0.00654680050990564
"Autres services",2023-03-31,"marche aleatoire",0.00746624133835461,-0.00654680050990564
"Autres services",2023-03-31,"AR(4)",-0.00188130242555591,-0.00654680050990564
"Autres services",2023-03-31,"AR(p) par BIC",-0.00140049873967601,-0.00654680050990564
"Autres services",2023-03-31,"AR(4) + choc",-0.00152005223412233,-0.00654680050990564
"Autres services",2023-03-31,"AR(4) + saison",-0.00130470598033527,-0.00654680050990564
"Autres services",2023-03-31,"SARIMA",-0.000775669444153273,-0.00654680050990564
"Services aux entreprises",2023-06-30,"moyenne recursive",0.0111385858084116,0.0158151524330918
"Services aux entreprises",2023-06-30,"marche aleatoire",0.0181934991504722,0.0158151524330918
"Services aux entreprises",2023-06-30,"AR(4)",0.00865822965336692,0.0158151524330918
"Services aux entreprises",2023-06-30,"AR(p) par BIC",0.0104699622450432,0.0158151524330918
"Services aux entreprises",2023-06-30,"AR(4) + choc",0.00982342792357241,0.0158151524330918
"Services aux entreprises",2023-06-30,"AR(4) + saison",0.00838475312209981,0.0158151524330918
"Services aux entreprises",2023-06-30,"SARIMA",0.00977201792344054,0.0158151524330918
"Administration publique",2023-06-30,"moyenne recursive",0.0123085001469645,0.00644343103267175
"Administration publique",2023-06-30,"marche aleatoire",-0.00225596783675819,0.00644343103267175
"Administration publique",2023-06-30,"AR(4)",0.0179429107005041,0.00644343103267175
"Administration publique",2023-06-30,"AR(p) par BIC",0.0193595396983071,0.00644343103267175
"Administration publique",2023-06-30,"AR(4) + choc",0.017149467774749,0.00644343103267175
"Administration publique",2023-06-30,"AR(4) + saison",0.0180254235782626,0.00644343103267175
"Administration publique",2023-06-30,"SARIMA",0.0128781074326908,0.00644343103267175
"Éducation-santé",2023-06-30,"moyenne recursive",0.00922394132328115,0.0125980443471505
"Éducation-santé",2023-06-30,"marche aleatoire",0.00554624253136105,0.0125980443471505
"Éducation-santé",2023-06-30,"AR(4)",0.00606267649300344,0.0125980443471505
"Éducation-santé",2023-06-30,"AR(p) par BIC",0.00875760469543265,0.0125980443471505
"Éducation-santé",2023-06-30,"AR(4) + choc",0.00631829669846623,0.0125980443471505
"Éducation-santé",2023-06-30,"AR(4) + saison",0.00675596642232824,0.0125980443471505
"Éducation-santé",2023-06-30,"SARIMA",0.0085295796429752,0.0125980443471505
"Autres services",2023-06-30,"moyenne recursive",0.00319576103634111,0.00711056648142794
"Autres services",2023-06-30,"marche aleatoire",-0.00654680050990564,0.00711056648142794
"Autres services",2023-06-30,"AR(4)",-0.0038258836869404,0.00711056648142794
"Autres services",2023-06-30,"AR(p) par BIC",-0.000310506146691835,0.00711056648142794
"Autres services",2023-06-30,"AR(4) + choc",-0.00113101376440914,0.00711056648142794
"Autres services",2023-06-30,"AR(4) + saison",-0.00341967058105209,0.00711056648142794
"Autres services",2023-06-30,"SARIMA",-0.000755163745703368,0.00711056648142794
"Services aux entreprises",2023-09-30,"moyenne recursive",0.0111848884482599,0.0197986861667374
"Services aux entreprises",2023-09-30,"marche aleatoire",0.0158151524330918,0.0197986861667374
"Services aux entreprises",2023-09-30,"AR(4)",0.00864700573675591,0.0197986861667374
"Services aux entreprises",2023-09-30,"AR(p) par BIC",0.010895708626609,0.0197986861667374
"Services aux entreprises",2023-09-30,"AR(4) + choc",0.0106274309745413,0.0197986861667374
"Services aux entreprises",2023-09-30,"AR(4) + saison",0.00806432510421161,0.0197986861667374
"Services aux entreprises",2023-09-30,"SARIMA",0.00994638684901292,0.0197986861667374
"Administration publique",2023-09-30,"moyenne recursive",0.0122504301557339,0.00768794217927926
"Administration publique",2023-09-30,"marche aleatoire",0.00644343103267175,0.00768794217927926
"Administration publique",2023-09-30,"AR(4)",0.0178143872605291,0.00768794217927926
"Administration publique",2023-09-30,"AR(p) par BIC",0.0202440166622853,0.00768794217927926
"Administration publique",2023-09-30,"AR(4) + choc",0.0177012392220913,0.00768794217927926
"Administration publique",2023-09-30,"AR(4) + saison",0.0180360314267808,0.00768794217927926
"Administration publique",2023-09-30,"SARIMA",0.00978325486626523,0.00768794217927926
"Éducation-santé",2023-09-30,"moyenne recursive",0.00925734828391352,0.0137970404457572
"Éducation-santé",2023-09-30,"marche aleatoire",0.0125980443471505,0.0137970404457572
"Éducation-santé",2023-09-30,"AR(4)",0.0078924297278931,0.0137970404457572
"Éducation-santé",2023-09-30,"AR(p) par BIC",0.00962731560482213,0.0137970404457572
"Éducation-santé",2023-09-30,"AR(4) + choc",0.00808245664950301,0.0137970404457572
"Éducation-santé",2023-09-30,"AR(4) + saison",0.00860781198617636,0.0137970404457572
"Éducation-santé",2023-09-30,"SARIMA",0.0105596357178719,0.0137970404457572
"Autres services",2023-09-30,"moyenne recursive",0.00323452148629246,0.00919006254286181
"Autres services",2023-09-30,"marche aleatoire",0.00711056648142794,0.00919006254286181
"Autres services",2023-09-30,"AR(4)",0.000774785708849991,0.00919006254286181
"Autres services",2023-09-30,"AR(p) par BIC",0.0035540065813112,0.00919006254286181
"Autres services",2023-09-30,"AR(4) + choc",0.00209304706076647,0.00919006254286181
"Autres services",2023-09-30,"AR(4) + saison",0.00106752666960299,0.00919006254286181
"Autres services",2023-09-30,"SARIMA",0.00585886448567232,0.00919006254286181
"Services aux entreprises",2023-12-31,"moyenne recursive",0.0112693374454999,0.011904827279416
"Services aux entreprises",2023-12-31,"marche aleatoire",0.0197986861667374,0.011904827279416
"Services aux entreprises",2023-12-31,"AR(4)",0.00832742256348709,0.011904827279416
"Services aux entreprises",2023-12-31,"AR(p) par BIC",0.0103662355918884,0.011904827279416
"Services aux entreprises",2023-12-31,"AR(4) + choc",0.0091895968500718,0.011904827279416
"Services aux entreprises",2023-12-31,"AR(4) + saison",0.00783872892859564,0.011904827279416
"Services aux entreprises",2023-12-31,"SARIMA",0.00981920155634291,0.011904827279416
"Administration publique",2023-12-31,"moyenne recursive",0.0122056998814549,0.00890364721697701
"Administration publique",2023-12-31,"marche aleatoire",0.00768794217927926,0.00890364721697701
"Administration publique",2023-12-31,"AR(4)",0.0162584985628244,0.00890364721697701
"Administration publique",2023-12-31,"AR(p) par BIC",0.0194179123134435,0.00890364721697701
"Administration publique",2023-12-31,"AR(4) + choc",0.0162063405086619,0.00890364721697701
"Administration publique",2023-12-31,"AR(4) + saison",0.0166398202064695,0.00890364721697701
"Administration publique",2023-12-31,"SARIMA",0.00821376330764537,0.00890364721697701
"Éducation-santé",2023-12-31,"moyenne recursive",0.00930185506981395,0.0149488762170922
"Éducation-santé",2023-12-31,"marche aleatoire",0.0137970404457572,0.0149488762170922
"Éducation-santé",2023-12-31,"AR(4)",0.00897426507272469,0.0149488762170922
"Éducation-santé",2023-12-31,"AR(p) par BIC",0.010577958612817,0.0149488762170922
"Éducation-santé",2023-12-31,"AR(4) + choc",0.00910238682534246,0.0149488762170922
"Éducation-santé",2023-12-31,"AR(4) + saison",0.0095340540173475,0.0149488762170922
"Éducation-santé",2023-12-31,"SARIMA",0.0115565191063218,0.0149488762170922
"Autres services",2023-12-31,"moyenne recursive",0.00329290914370981,0.0112123027804802
"Autres services",2023-12-31,"marche aleatoire",0.00919006254286181,0.0112123027804802
"Autres services",2023-12-31,"AR(4)",0.00401631925896739,0.0112123027804802
"Autres services",2023-12-31,"AR(p) par BIC",0.00699529070575695,0.0112123027804802
"Autres services",2023-12-31,"AR(4) + choc",0.00547602738756614,0.0112123027804802
"Autres services",2023-12-31,"AR(4) + saison",0.00422412249551482,0.0112123027804802
"Autres services",2023-12-31,"SARIMA",0.00771957335040893,0.0112123027804802
"Services aux entreprises",2024-03-31,"moyenne recursive",0.0112755072497126,0.00835699534889045
"Services aux entreprises",2024-03-31,"marche aleatoire",0.011904827279416,0.00835699534889045
"Services aux entreprises",2024-03-31,"AR(4)",0.00921585516232256,0.00835699534889045
"Services aux entreprises",2024-03-31,"AR(p) par BIC",0.0116080801015875,0.00835699534889045
"Services aux entreprises",2024-03-31,"AR(4) + choc",0.0108530530162878,0.00835699534889045
"Services aux entreprises",2024-03-31,"AR(4) + saison",0.00853004430013078,0.00835699534889045
"Services aux entreprises",2024-03-31,"SARIMA",0.0108983280430684,0.00835699534889045
"Administration publique",2024-03-31,"moyenne recursive",0.0121736411177221,0.0269071361893101
"Administration publique",2024-03-31,"marche aleatoire",0.00890364721697701,0.0269071361893101
"Administration publique",2024-03-31,"AR(4)",0.0132027528971036,0.0269071361893101
"Administration publique",2024-03-31,"AR(p) par BIC",0.0135398325067385,0.0269071361893101
"Administration publique",2024-03-31,"AR(4) + choc",0.0130936978437715,0.0269071361893101
"Administration publique",2024-03-31,"AR(4) + saison",0.0136471819751165,0.0269071361893101
"Administration publique",2024-03-31,"SARIMA",0.0015267618403449,0.0269071361893101
"Éducation-santé",2024-03-31,"moyenne recursive",0.00935668051784578,0.0169078161685654
"Éducation-santé",2024-03-31,"marche aleatoire",0.0149488762170922,0.0169078161685654
"Éducation-santé",2024-03-31,"AR(4)",0.0138622297817938,0.0169078161685654
"Éducation-santé",2024-03-31,"AR(p) par BIC",0.0157828741524889,0.0169078161685654
"Éducation-santé",2024-03-31,"AR(4) + choc",0.0140405157248358,0.0169078161685654
"Éducation-santé",2024-03-31,"AR(4) + saison",0.0144799827325828,0.0169078161685654
"Éducation-santé",2024-03-31,"SARIMA",0.0158158928548527,0.0169078161685654
"Autres services",2024-03-31,"moyenne recursive",0.00336979646057166,0.0123355107969552
"Autres services",2024-03-31,"marche aleatoire",0.0112123027804802,0.0123355107969552
"Autres services",2024-03-31,"AR(4)",0.0131127332053761,0.0123355107969552
"Autres services",2024-03-31,"AR(p) par BIC",0.0167550416846824,0.0123355107969552
"Autres services",2024-03-31,"AR(4) + choc",0.013800837902852,0.0123355107969552
"Autres services",2024-03-31,"AR(4) + saison",0.0132488903036495,0.0123355107969552
"Autres services",2024-03-31,"SARIMA",0.0157669203743043,0.0123355107969552
"Services aux entreprises",2024-06-30,"moyenne recursive",0.0112474446352817,0.0133284155104878
"Services aux entreprises",2024-06-30,"marche aleatoire",0.00835699534889045,0.0133284155104878
"Services aux entreprises",2024-06-30,"AR(4)",0.0110185563483983,0.0133284155104878
"Services aux entreprises",2024-06-30,"AR(p) par BIC",0.0121275450315557,0.0133284155104878
"Services aux entreprises",2024-06-30,"AR(4) + choc",0.0129754404961361,0.0133284155104878
"Services aux entreprises",2024-06-30,"AR(4) + saison",0.010357549532989,0.0133284155104878
"Services aux entreprises",2024-06-30,"SARIMA",0.0115235950012511,0.0133284155104878
"Administration publique",2024-06-30,"moyenne recursive",0.0123153093395643,0.0112365274243853
"Administration publique",2024-06-30,"marche aleatoire",0.0269071361893101,0.0112365274243853
"Administration publique",2024-06-30,"AR(4)",0.00660126062002599,0.0112365274243853
"Administration publique",2024-06-30,"AR(p) par BIC",0.00264573642064631,0.0112365274243853
"Administration publique",2024-06-30,"AR(4) + choc",0.00637496208902562,0.0112365274243853
"Administration publique",2024-06-30,"AR(4) + saison",0.00744267623598979,0.0112365274243853
"Administration publique",2024-06-30,"SARIMA",0.00453006367085034,0.0112365274243853
"Éducation-santé",2024-06-30,"moyenne recursive",0.00942928759141039,0.0170825792445601
"Éducation-santé",2024-06-30,"marche aleatoire",0.0169078161685654,0.0170825792445601
"Éducation-santé",2024-06-30,"AR(4)",0.0114212518985447,0.0170825792445601
"Éducation-santé",2024-06-30,"AR(p) par BIC",0.0104314597568522,0.0170825792445601
"Éducation-santé",2024-06-30,"AR(4) + choc",0.0114665414638035,0.0170825792445601
"Éducation-santé",2024-06-30,"AR(4) + saison",0.0120684449052654,0.0170825792445601
"Éducation-santé",2024-06-30,"SARIMA",0.0106548654832675,0.0170825792445601
"Autres services",2024-06-30,"moyenne recursive",0.00345600525226765,0.0150293485435213
"Autres services",2024-06-30,"marche aleatoire",0.0123355107969552,0.0150293485435213
"Autres services",2024-06-30,"AR(4)",0.00811647463273586,0.0150293485435213
"Autres services",2024-06-30,"AR(p) par BIC",0.00482522738494736,0.0150293485435213
"Autres services",2024-06-30,"AR(4) + choc",0.00817484665950776,0.0150293485435213
"Autres services",2024-06-30,"AR(4) + saison",0.00822245118955775,0.0150293485435213
"Autres services",2024-06-30,"SARIMA",0.00392723330478651,0.0150293485435213
"Services aux entreprises",2024-09-30,"moyenne recursive",0.0112672634055217,0.0253446994224049
"Services aux entreprises",2024-09-30,"marche aleatoire",0.0133284155104878,0.0253446994224049
"Services aux entreprises",2024-09-30,"AR(4)",0.0114022628236918,0.0253446994224049
"Services aux entreprises",2024-09-30,"AR(p) par BIC",0.0113668925259676,0.0253446994224049
"Services aux entreprises",2024-09-30,"AR(4) + choc",0.0137454335519112,0.0253446994224049
"Services aux entreprises",2024-09-30,"AR(4) + saison",0.0106367549628834,0.0253446994224049
"Services aux entreprises",2024-09-30,"SARIMA",0.0105466516989257,0.0253446994224049
"Administration publique",2024-09-30,"moyenne recursive",0.0123050352260864,0.0123431234125686
"Administration publique",2024-09-30,"marche aleatoire",0.0112365274243853,0.0123431234125686
"Administration publique",2024-09-30,"AR(4)",0.00641498941352171,0.0123431234125686
"Administration publique",2024-09-30,"AR(p) par BIC",0.000975848293437731,0.0123431234125686
"Administration publique",2024-09-30,"AR(4) + choc",0.00523363060171625,0.0123431234125686
"Administration publique",2024-09-30,"AR(4) + saison",0.00717969720845887,0.0123431234125686
"Administration publique",2024-09-30,"SARIMA",0.00840980728754435,0.0123431234125686
"Éducation-santé",2024-09-30,"moyenne recursive",0.00950217608334515,0.0180634761869047
"Éducation-santé",2024-09-30,"marche aleatoire",0.0170825792445601,0.0180634761869047
"Éducation-santé",2024-09-30,"AR(4)",0.0114243639503973,0.0180634761869047
"Éducation-santé",2024-09-30,"AR(p) par BIC",0.0124711431383275,0.0180634761869047
"Éducation-santé",2024-09-30,"AR(4) + choc",0.0114745039153026,0.0180634761869047
"Éducation-santé",2024-09-30,"AR(4) + saison",0.012005471544955,0.0180634761869047
"Éducation-santé",2024-09-30,"SARIMA",0.0125300143523584,0.0180634761869047
"Autres services",2024-09-30,"moyenne recursive",0.00356622756932721,0.0167712964737525
"Autres services",2024-09-30,"marche aleatoire",0.0150293485435213,0.0167712964737525
"Autres services",2024-09-30,"AR(4)",0.0089164084596555,0.0167712964737525
"Autres services",2024-09-30,"AR(p) par BIC",0.0101885892713553,0.0167712964737525
"Autres services",2024-09-30,"AR(4) + choc",0.00899893731796723,0.0167712964737525
"Autres services",2024-09-30,"AR(4) + saison",0.0089540403762058,0.0167712964737525
"Autres services",2024-09-30,"SARIMA",0.00987448296389084,0.0167712964737525
"Services aux entreprises",2024-12-31,"moyenne recursive",0.011400069405681,0.0160335393842974
"Services aux entreprises",2024-12-31,"marche aleatoire",0.0253446994224049,0.0160335393842974
"Services aux entreprises",2024-12-31,"AR(4)",0.0092577365249057,0.0160335393842974
"Services aux entreprises",2024-12-31,"AR(p) par BIC",0.00963637994159963,0.0160335393842974
"Services aux entreprises",2024-12-31,"AR(4) + choc",0.0111288189135303,0.0160335393842974
"Services aux entreprises",2024-12-31,"AR(4) + saison",0.00855778407080241,0.0160335393842974
"Services aux entreprises",2024-12-31,"SARIMA",0.00911284456740808,0.0160335393842974
"Administration publique",2024-12-31,"moyenne recursive",0.0123053945486004,0.013410467532875
"Administration publique",2024-12-31,"marche aleatoire",0.0123431234125686,0.013410467532875
"Administration publique",2024-12-31,"AR(4)",0.00743191987522653,0.013410467532875
"Administration publique",2024-12-31,"AR(p) par BIC",-0.000325659859304798,0.013410467532875
"Administration publique",2024-12-31,"AR(4) + choc",0.00622465541858526,0.013410467532875
"Administration publique",2024-12-31,"AR(4) + saison",0.00803999759206944,0.013410467532875
"Administration publique",2024-12-31,"SARIMA",0.00925515935750678,0.013410467532875
"Éducation-santé",2024-12-31,"moyenne recursive",0.0095829430654542,0.0189906473331884
"Éducation-santé",2024-12-31,"marche aleatoire",0.0180634761869047,0.0189906473331884
"Éducation-santé",2024-12-31,"AR(4)",0.0116158734388765,0.0189906473331884
"Éducation-santé",2024-12-31,"AR(p) par BIC",0.0129731878569287,0.0189906473331884
"Éducation-santé",2024-12-31,"AR(4) + choc",0.0116399771475609,0.0189906473331884
"Éducation-santé",2024-12-31,"AR(4) + saison",0.0121323942556082,0.0189906473331884
"Éducation-santé",2024-12-31,"SARIMA",0.0129747175498286,0.0189906473331884
"Autres services",2024-12-31,"moyenne recursive",0.00369080369106707,0.0184973490283724
"Autres services",2024-12-31,"marche aleatoire",0.0167712964737525,0.0184973490283724
"Autres services",2024-12-31,"AR(4)",0.00953464194693793,0.0184973490283724
"Autres services",2024-12-31,"AR(p) par BIC",0.0112826201510398,0.0184973490283724
"Autres services",2024-12-31,"AR(4) + choc",0.00970012035850464,0.0184973490283724
"Autres services",2024-12-31,"AR(4) + saison",0.00949496776402488,0.0184973490283724
"Autres services",2024-12-31,"SARIMA",0.0108679313383671,0.0184973490283724
"Services aux entreprises",2025-03-31,"moyenne recursive",0.0114433728634251,-0.0153565744378081
"Services aux entreprises",2025-03-31,"marche aleatoire",0.0160335393842974,-0.0153565744378081
"Services aux entreprises",2025-03-31,"AR(4)",0.00881202403528621,-0.0153565744378081
"Services aux entreprises",2025-03-31,"AR(p) par BIC",0.0111442222746544,-0.0153565744378081
"Services aux entreprises",2025-03-31,"AR(4) + choc",0.00943319888914309,-0.0153565744378081
"Services aux entreprises",2025-03-31,"AR(4) + saison",0.00809974102715982,-0.0153565744378081
"Services aux entreprises",2025-03-31,"SARIMA",0.0109392446146523,-0.0153565744378081
"Administration publique",2025-03-31,"moyenne recursive",0.0123157223335002,-0.00442491005711076
"Administration publique",2025-03-31,"marche aleatoire",0.013410467532875,-0.00442491005711076
"Administration publique",2025-03-31,"AR(4)",0.0106665487310972,-0.00442491005711076
"Administration publique",2025-03-31,"AR(p) par BIC",0.00663852626067109,-0.00442491005711076
"Administration publique",2025-03-31,"AR(4) + choc",0.00946499362410922,-0.00442491005711076
"Administration publique",2025-03-31,"AR(4) + saison",0.0112770384878718,-0.00442491005711076
"Administration publique",2025-03-31,"SARIMA",0.0218461378628421,-0.00442491005711076
"Éducation-santé",2025-03-31,"moyenne recursive",0.00967086553524611,0.0121051266911252
"Éducation-santé",2025-03-31,"marche aleatoire",0.0189906473331884,0.0121051266911252
"Éducation-santé",2025-03-31,"AR(4)",0.0113202736669603,0.0121051266911252
"Éducation-santé",2025-03-31,"AR(p) par BIC",0.0128971555429491,0.0121051266911252
"Éducation-santé",2025-03-31,"AR(4) + choc",0.01131286799652,0.0121051266911252
"Éducation-santé",2025-03-31,"AR(4) + saison",0.0117786468365098,0.0121051266911252
"Éducation-santé",2025-03-31,"SARIMA",0.0129552731706644,0.0121051266911252
"Autres services",2025-03-31,"moyenne recursive",0.0038291826194531,-0.0189503501686215
"Autres services",2025-03-31,"marche aleatoire",0.0184973490283724,-0.0189503501686215
"Autres services",2025-03-31,"AR(4)",0.010565098958315,-0.0189503501686215
"Autres services",2025-03-31,"AR(p) par BIC",0.0128364119508414,-0.0189503501686215
"Autres services",2025-03-31,"AR(4) + choc",0.0108090766369869,-0.0189503501686215
"Autres services",2025-03-31,"AR(4) + saison",0.0104370048994896,-0.0189503501686215
"Autres services",2025-03-31,"SARIMA",0.0123397043914233,-0.0189503501686215
"Services aux entreprises",2025-06-30,"moyenne recursive",0.0111952252032285,0.0162113534410686
"Services aux entreprises",2025-06-30,"marche aleatoire",-0.0153565744378081,0.0162113534410686
"Services aux entreprises",2025-06-30,"AR(4)",0.0149060117224955,0.0162113534410686
"Services aux entreprises",2025-06-30,"AR(p) par BIC",0.0157694709736198,0.0162113534410686
"Services aux entreprises",2025-06-30,"AR(4) + choc",0.0184571305098663,0.0162113534410686
"Services aux entreprises",2025-06-30,"AR(4) + saison",0.0132701415302513,0.0162113534410686
"Services aux entreprises",2025-06-30,"SARIMA",0.0155686618600442,0.0162113534410686
"Administration publique",2025-06-30,"moyenne recursive",0.0121607164780315,0.00647648523431243
"Administration publique",2025-06-30,"marche aleatoire",-0.00442491005711076,0.00647648523431243
"Administration publique",2025-06-30,"AR(4)",0.0157331734710801,0.00647648523431243
"Administration publique",2025-06-30,"AR(p) par BIC",0.0150236629227883,0.00647648523431243
"Administration publique",2025-06-30,"AR(4) + choc",0.0154960899893354,0.00647648523431243
"Administration publique",2025-06-30,"AR(4) + saison",0.0158441031715487,0.00647648523431243
"Administration publique",2025-06-30,"SARIMA",0.0148004743889582,0.00647648523431243
"Éducation-santé",2025-06-30,"moyenne recursive",0.00969340499039314,0.0123635905237283
"Éducation-santé",2025-06-30,"marche aleatoire",0.0121051266911252,0.0123635905237283
"Éducation-santé",2025-06-30,"AR(4)",0.00916631483064236,0.0123635905237283
"Éducation-santé",2025-06-30,"AR(p) par BIC",0.0101257526618792,0.0123635905237283
"Éducation-santé",2025-06-30,"AR(4) + choc",0.00918882607493388,0.0123635905237283
"Éducation-santé",2025-06-30,"AR(4) + saison",0.00958689454013436,0.0123635905237283
"Éducation-santé",2025-06-30,"SARIMA",0.00938200866768058,0.0123635905237283
"Autres services",2025-06-30,"moyenne recursive",0.00361826101956353,0.0150153346347945
"Autres services",2025-06-30,"marche aleatoire",-0.0189503501686215,0.0150153346347945
"Autres services",2025-06-30,"AR(4)",-0.00750145109662227,0.0150153346347945
"Autres services",2025-06-30,"AR(p) par BIC",-0.0111180821747502,0.0150153346347945
"Autres services",2025-06-30,"AR(4) + choc",-0.00754498527255872,0.0150153346347945
"Autres services",2025-06-30,"AR(4) + saison",-0.00847187726064395,0.0150153346347945
"Autres services",2025-06-30,"SARIMA",-0.0148359401843239,0.0150153346347945
"Services aux entreprises",2025-09-30,"moyenne recursive",0.0112412447283463,0.0118209394470856
"Services aux entreprises",2025-09-30,"marche aleatoire",0.0162113534410686,0.0118209394470856
"Services aux entreprises",2025-09-30,"AR(4)",0.0139323797478356,0.0118209394470856
"Services aux entreprises",2025-09-30,"AR(p) par BIC",0.0108684492253149,0.0118209394470856
"Services aux entreprises",2025-09-30,"AR(4) + choc",0.0211225748502277,0.0118209394470856
"Services aux entreprises",2025-09-30,"AR(4) + saison",0.0121190146702697,0.0118209394470856
"Services aux entreprises",2025-09-30,"SARIMA",0.00980004498720454,0.0118209394470856
"Administration publique",2025-09-30,"moyenne recursive",0.0121085675675387,0.0123431977928004
"Administration publique",2025-09-30,"marche aleatoire",0.00647648523431243,0.0123431977928004
"Administration publique",2025-09-30,"AR(4)",0.0171705206587377,0.0123431977928004
"Administration publique",2025-09-30,"AR(p) par BIC",0.0180203045252141,0.0123431977928004
"Administration publique",2025-09-30,"AR(4) + choc",0.0169385345698859,0.0123431977928004
"Administration publique",2025-09-30,"AR(4) + saison",0.017375280286642,0.0123431977928004
"Administration publique",2025-09-30,"SARIMA",0.0125418976995621,0.0123431977928004
"Éducation-santé",2025-09-30,"moyenne recursive",0.00971790210537787,0.018061895470737
"Éducation-santé",2025-09-30,"marche aleatoire",0.0123635905237283,0.018061895470737
"Éducation-santé",2025-09-30,"AR(4)",0.00795694306867189,0.018061895470737
"Éducation-santé",2025-09-30,"AR(p) par BIC",0.00922283093338278,0.018061895470737
"Éducation-santé",2025-09-30,"AR(4) + choc",0.00802760245001565,0.018061895470737
"Éducation-santé",2025-09-30,"AR(4) + saison",0.00838136123096337,0.018061895470737
"Éducation-santé",2025-09-30,"SARIMA",0.00908114238320407,0.018061895470737
"Autres services",2025-09-30,"moyenne recursive",0.00372282132796014,0.0129835159233256
"Autres services",2025-09-30,"marche aleatoire",0.0150153346347945,0.0129835159233256
"Autres services",2025-09-30,"AR(4)",-9.2979206014949e-06,0.0129835159233256
"Autres services",2025-09-30,"AR(p) par BIC",0.00312379165929034,0.0129835159233256
"Autres services",2025-09-30,"AR(4) + choc",-0.000180431807828624,0.0129835159233256
"Autres services",2025-09-30,"AR(4) + saison",-0.00116083994853115,0.0129835159233256
"Autres services",2025-09-30,"SARIMA",0.00852998753510183,0.0129835159233256
"Services aux entreprises",2025-12-31,"moyenne recursive",0.0112465146803348,0.0209580487041574
"Services aux entreprises",2025-12-31,"marche aleatoire",0.0118209394470856,0.0209580487041574
"Services aux entreprises",2025-12-31,"AR(4)",0.0147765041486344,0.0209580487041574
"Services aux entreprises",2025-12-31,"AR(p) par BIC",0.0115597217748038,0.0209580487041574
"Services aux entreprises",2025-12-31,"AR(4) + choc",0.019472806709032,0.0209580487041574
"Services aux entreprises",2025-12-31,"AR(4) + saison",0.0130708537401957,0.0209580487041574
"Services aux entreprises",2025-12-31,"SARIMA",0.0109036718494385,0.0209580487041574
"Administration publique",2025-12-31,"moyenne recursive",0.0121107005695865,0.030440232652948
"Administration publique",2025-12-31,"marche aleatoire",0.0123431977928004,0.030440232652948
"Administration publique",2025-12-31,"AR(4)",0.0152212576052912,0.030440232652948
"Administration publique",2025-12-31,"AR(p) par BIC",0.0180724886012044,0.030440232652948
"Administration publique",2025-12-31,"AR(4) + choc",0.0149915741543358,0.030440232652948
"Administration publique",2025-12-31,"AR(4) + saison",0.0155490508985279,0.030440232652948
"Administration publique",2025-12-31,"SARIMA",0.0126007873293333,0.030440232652948
"Éducation-santé",2025-12-31,"moyenne recursive",0.00979375659051749,0.0265337204450979
"Éducation-santé",2025-12-31,"marche aleatoire",0.018061895470737,0.0265337204450979
"Éducation-santé",2025-12-31,"AR(4)",0.00872210516697077,0.0265337204450979
"Éducation-santé",2025-12-31,"AR(p) par BIC",0.0114426455399138,0.0265337204450979
"Éducation-santé",2025-12-31,"AR(4) + choc",0.00874003329490939,0.0265337204450979
"Éducation-santé",2025-12-31,"AR(4) + saison",0.00901713685795717,0.0265337204450979
"Éducation-santé",2025-12-31,"SARIMA",0.0124980647191084,0.0265337204450979
"Autres services",2025-12-31,"moyenne recursive",0.00380700946064528,0.00925842301949231
"Autres services",2025-12-31,"marche aleatoire",0.0129835159233256,0.00925842301949231
"Autres services",2025-12-31,"AR(4)",0.00103111788585324,0.00925842301949231
"Autres services",2025-12-31,"AR(p) par BIC",0.00537757092159882,0.00925842301949231
"Autres services",2025-12-31,"AR(4) + choc",0.000854422025277286,0.00925842301949231
"Autres services",2025-12-31,"AR(4) + saison",-0.000241439365721428,0.00925842301949231
"Autres services",2025-12-31,"SARIMA",0.00694337164372556,0.00925842301949231
"Services aux entreprises",2026-03-31,"moyenne recursive",0.0113340059778467,-0.0291851308899833
"Services aux entreprises",2026-03-31,"marche aleatoire",0.0209580487041574,-0.0291851308899833
"Services aux entreprises",2026-03-31,"AR(4)",0.0116694981657086,-0.0291851308899833
"Services aux entreprises",2026-03-31,"AR(p) par BIC",0.0102254519044418,-0.0291851308899833
"Services aux entreprises",2026-03-31,"AR(4) + choc",0.0140277315224011,-0.0291851308899833
"Services aux entreprises",2026-03-31,"AR(4) + saison",0.0106043210475811,-0.0291851308899833
"Services aux entreprises",2026-03-31,"SARIMA",0.0111450395847313,-0.0291851308899833
"Administration publique",2026-03-31,"moyenne recursive",0.0122758314892565,-0.0167909762238896
"Administration publique",2026-03-31,"marche aleatoire",0.030440232652948,-0.0167909762238896
"Administration publique",2026-03-31,"AR(4)",0.00410938618611949,-0.0167909762238896
"Administration publique",2026-03-31,"AR(p) par BIC",-0.000234813909059544,-0.0167909762238896
"Administration publique",2026-03-31,"AR(4) + choc",0.00381551593748625,-0.0167909762238896
"Administration publique",2026-03-31,"AR(4) + saison",0.00429711205314992,-0.0167909762238896
"Administration publique",2026-03-31,"SARIMA",-0.00205198457231299,-0.0167909762238896
"Éducation-santé",2026-03-31,"moyenne recursive",0.0099445670756939,0.00413556773954937
"Éducation-santé",2026-03-31,"marche aleatoire",0.0265337204450979,0.00413556773954937
"Éducation-santé",2026-03-31,"AR(4)",0.016247123269469,0.00413556773954937
"Éducation-santé",2026-03-31,"AR(p) par BIC",0.0214739079281612,0.00413556773954937
"Éducation-santé",2026-03-31,"AR(4) + choc",0.0161910579507213,0.00413556773954937
"Éducation-santé",2026-03-31,"AR(4) + saison",0.016460664124297,0.00413556773954937
"Éducation-santé",2026-03-31,"SARIMA",0.0224916152415746,0.00413556773954937
"Autres services",2026-03-31,"moyenne recursive",0.00385612129450877,-0.0253215390421762
"Autres services",2026-03-31,"marche aleatoire",0.00925842301949231,-0.0253215390421762
"Autres services",2026-03-31,"AR(4)",0.0193666078962924,-0.0253215390421762
"Autres services",2026-03-31,"AR(p) par BIC",0.0273557211812902,-0.0253215390421762
"Autres services",2026-03-31,"AR(4) + choc",0.0194744381630436,-0.0253215390421762
"Autres services",2026-03-31,"AR(4) + saison",0.0180295353004768,-0.0253215390421762
"Autres services",2026-03-31,"SARIMA",0.0246924199024461,-0.0253215390421762
"Services aux entreprises",2014-06-30,"BVAR (phase 3)",0.00973879881204478,0.0494666289321355
"Administration publique",2014-06-30,"BVAR (phase 3)",0.0130082035071173,0.00804065354743422
"Éducation-santé",2014-06-30,"BVAR (phase 3)",0.0106600140759994,0.00139425050418929
"Autres services",2014-06-30,"BVAR (phase 3)",0.00557555629326804,0.000558900504858073
"Services aux entreprises",2014-09-30,"BVAR (phase 3)",0.00966649435819523,0.034287117857092
"Administration publique",2014-09-30,"BVAR (phase 3)",0.0124849080045487,0.00828594872622368
"Éducation-santé",2014-09-30,"BVAR (phase 3)",0.0103401038674202,0.00154285344149763
"Autres services",2014-09-30,"BVAR (phase 3)",0.0060901247126098,0.00162411851159838
"Services aux entreprises",2014-12-31,"BVAR (phase 3)",0.0107150501366471,0.00589867461622262
"Administration publique",2014-12-31,"BVAR (phase 3)",0.0111809584076533,0.00852466054544543
"Éducation-santé",2014-12-31,"BVAR (phase 3)",0.0110268331130846,0.00169594854263799
"Autres services",2014-12-31,"BVAR (phase 3)",0.0063658094775643,0.00273473278914338
"Services aux entreprises",2015-03-31,"BVAR (phase 3)",0.0116289708974473,0.0275292125963489
"Administration publique",2015-03-31,"BVAR (phase 3)",0.000481889659410836,0.00875673417691658
"Éducation-santé",2015-03-31,"BVAR (phase 3)",0.0105437106579427,0.00184308945596356
"Autres services",2015-03-31,"BVAR (phase 3)",0.00538846623775336,0.00381106678856646
"Services aux entreprises",2015-06-30,"BVAR (phase 3)",0.011389402737841,0.0292942097996889
"Administration publique",2015-06-30,"BVAR (phase 3)",0.00932494897139901,0.00898212868578696
"Éducation-santé",2015-06-30,"BVAR (phase 3)",0.0101014001090094,0.00199457500565536
"Autres services",2015-06-30,"BVAR (phase 3)",0.00574025857158791,0.00485004783011078
"Services aux entreprises",2015-09-30,"BVAR (phase 3)",0.0113367079977479,0.0116303474886887
"Administration publique",2015-09-30,"BVAR (phase 3)",0.0129791940879823,0.0091965507824483
"Éducation-santé",2015-09-30,"BVAR (phase 3)",0.00887015860159515,0.00213999787741948
"Autres services",2015-09-30,"BVAR (phase 3)",0.0059251407394682,0.00592375852744276
"Services aux entreprises",2015-12-31,"BVAR (phase 3)",0.0119273952020735,0.0186346447296248
"Administration publique",2015-12-31,"BVAR (phase 3)",0.0106384566284994,0.00941282320647119
"Éducation-santé",2015-12-31,"BVAR (phase 3)",0.00971708120488457,0.00228961976586284
"Autres services",2015-12-31,"BVAR (phase 3)",0.00589594460683191,0.00692886434659279
"Services aux entreprises",2016-03-31,"BVAR (phase 3)",0.0132128953902703,0.0323913521307642
"Administration publique",2016-03-31,"BVAR (phase 3)",0.0084350538206756,0.01018293355291
"Éducation-santé",2016-03-31,"BVAR (phase 3)",0.0080534187034821,0.00257149378081323
"Autres services",2016-03-31,"BVAR (phase 3)",0.00670559593484941,0.012518455187994
"Services aux entreprises",2016-06-30,"BVAR (phase 3)",0.0135096750169478,-0.0113751292368818
"Administration publique",2016-06-30,"BVAR (phase 3)",0.00755297490648491,0.00958323495247093
"Éducation-santé",2016-06-30,"BVAR (phase 3)",0.00883949202899442,0.00252399334302567
"Autres services",2016-06-30,"BVAR (phase 3)",0.00776251781755857,0.00708713284092255
"Services aux entreprises",2016-09-30,"BVAR (phase 3)",0.0123391851435591,0.01825476325042
"Administration publique",2016-09-30,"BVAR (phase 3)",0.0065432910769386,0.00955792913052633
"Éducation-santé",2016-09-30,"BVAR (phase 3)",0.00958011387396573,0.00260944091079018
"Autres services",2016-09-30,"BVAR (phase 3)",0.00609579449240936,0.00628993751704598
"Services aux entreprises",2016-12-31,"BVAR (phase 3)",0.0127637066778417,0.010270120493173
"Administration publique",2016-12-31,"BVAR (phase 3)",0.00356216424432677,0.00952841308478547
"Éducation-santé",2016-12-31,"BVAR (phase 3)",0.00912414324080029,0.00269929065641428
"Autres services",2016-12-31,"BVAR (phase 3)",0.00604188489680369,0.00550740320163534
"Services aux entreprises",2017-03-31,"BVAR (phase 3)",0.0112440632646464,0.00638804951572425
"Administration publique",2017-03-31,"BVAR (phase 3)",0.0095015240823466,0.00934988939090076
"Éducation-santé",2017-03-31,"BVAR (phase 3)",0.00835532358556382,-0.00175625743508867
"Autres services",2017-03-31,"BVAR (phase 3)",0.00553870149445065,0.00347160221771858
"Services aux entreprises",2017-06-30,"BVAR (phase 3)",0.0125838013293837,0.0274268507273003
"Administration publique",2017-06-30,"BVAR (phase 3)",0.00835183205230569,0.00953455004764514
"Éducation-santé",2017-06-30,"BVAR (phase 3)",0.00752054636947912,0.00470187237935704
"Autres services",2017-06-30,"BVAR (phase 3)",0.00593731702704677,0.00448324306986159
"Services aux entreprises",2017-09-30,"BVAR (phase 3)",0.01237106162297,0.0076753449194058
"Administration publique",2017-09-30,"BVAR (phase 3)",0.00752833524091396,0.00956698178584681
"Éducation-santé",2017-09-30,"BVAR (phase 3)",0.00893337414434215,0.00656585246698427
"Autres services",2017-09-30,"BVAR (phase 3)",0.00583199527785363,0.00420263460915393
"Services aux entreprises",2017-12-31,"BVAR (phase 3)",0.0127092306721796,0.00612104475248287
"Administration publique",2017-12-31,"BVAR (phase 3)",0.00729164106550446,0.00958980669840059
"Éducation-santé",2017-12-31,"BVAR (phase 3)",0.00898026725891285,0.00840821689739712
"Autres services",2017-12-31,"BVAR (phase 3)",0.00596597508709656,0.00392546852918052
"Services aux entreprises",2018-03-31,"BVAR (phase 3)",0.0121851867869405,0.014697429880405
"Administration publique",2018-03-31,"BVAR (phase 3)",0.00578980237603488,0.00535436808402245
"Éducation-santé",2018-03-31,"BVAR (phase 3)",0.00905407217361029,0.0179134096847253
"Autres services",2018-03-31,"BVAR (phase 3)",0.00552792304537828,0.00510835748749727
"Services aux entreprises",2018-06-30,"BVAR (phase 3)",0.013792910988088,0.0367116061237276
"Administration publique",2018-06-30,"BVAR (phase 3)",0.0113466191045233,0.0113741597093231
"Éducation-santé",2018-06-30,"BVAR (phase 3)",0.00868998145692463,0.00879401424712967
"Autres services",2018-06-30,"BVAR (phase 3)",0.00564837324003555,0.00286056140101465
"Services aux entreprises",2018-09-30,"BVAR (phase 3)",0.0129197836431912,0.00363759451456147
"Administration publique",2018-09-30,"BVAR (phase 3)",0.00887215523097616,0.0130368478673404
"Éducation-santé",2018-09-30,"BVAR (phase 3)",0.00918492478252308,0.00751114448576296
"Autres services",2018-09-30,"BVAR (phase 3)",0.00561780598054281,0.00205828767058058
"Services aux entreprises",2018-12-31,"BVAR (phase 3)",0.0119614967494885,0.000897666128501839
"Administration publique",2018-12-31,"BVAR (phase 3)",0.0102653754657848,0.0146299010390862
"Éducation-santé",2018-12-31,"BVAR (phase 3)",0.00843275711437806,0.00624686200166558
"Autres services",2018-12-31,"BVAR (phase 3)",0.00465215839154193,0.00121427251983341
"Services aux entreprises",2019-03-31,"BVAR (phase 3)",0.012877507662336,0.0341258423573425
"Administration publique",2019-03-31,"BVAR (phase 3)",0.00645847708524184,0.0219797204456977
"Éducation-santé",2019-03-31,"BVAR (phase 3)",0.00873901344531433,0.00382123979938243
"Autres services",2019-03-31,"BVAR (phase 3)",0.00465191074509265,0.0342943177846262
"Services aux entreprises",2019-06-30,"BVAR (phase 3)",0.00907836125425067,0.063725227956656
"Administration publique",2019-06-30,"BVAR (phase 3)",-0.00316396667639001,0.0152082717689765
"Éducation-santé",2019-06-30,"BVAR (phase 3)",0.00799335721136048,0.00428270264143293
"Autres services",2019-06-30,"BVAR (phase 3)",0.0130163658627677,-0.0137826733622841
"Services aux entreprises",2019-09-30,"BVAR (phase 3)",0.0124960371098201,-0.0188406290925656
"Administration publique",2019-09-30,"BVAR (phase 3)",0.0187511486471205,0.0143940441478136
"Éducation-santé",2019-09-30,"BVAR (phase 3)",0.00748526626562934,0.00354389619512929
"Autres services",2019-09-30,"BVAR (phase 3)",0.00160308809311472,-0.0285720470296322
"Services aux entreprises",2019-12-31,"BVAR (phase 3)",0.0118406289456048,-0.0165393083624608
"Administration publique",2019-12-31,"BVAR (phase 3)",0.0107902254795156,0.0136078138543425
"Éducation-santé",2019-12-31,"BVAR (phase 3)",0.00921518076912396,0.00282231901474184
"Autres services",2019-12-31,"BVAR (phase 3)",0.00520211430273152,-0.0446464064426788
"Services aux entreprises",2020-03-31,"BVAR (phase 3)",0.0124845838414836,-0.0484686689414122
"Administration publique",2020-03-31,"BVAR (phase 3)",0.00919336082330674,0.0112705932423776
"Éducation-santé",2020-03-31,"BVAR (phase 3)",0.00878395138228141,-0.00401330090882546
"Autres services",2020-03-31,"BVAR (phase 3)",0.000702195158442098,-0.155410185258452
"Services aux entreprises",2020-06-30,"BVAR (phase 3)",-0.002250877223024,-0.26337617935458
"Administration publique",2020-06-30,"BVAR (phase 3)",0.0141257914588821,0.0127759397880887
"Éducation-santé",2020-06-30,"BVAR (phase 3)",0.00641818400725815,0.00384305111413319
"Autres services",2020-06-30,"BVAR (phase 3)",-0.036279977234041,-0.0518697020825911
"Services aux entreprises",2020-09-30,"BVAR (phase 3)",0.00621956817342392,0.180412336071653
"Administration publique",2020-09-30,"BVAR (phase 3)",-0.00113421844763747,0.012675622336614
"Éducation-santé",2020-09-30,"BVAR (phase 3)",0.00792583990201146,0.00554655612052457
"Autres services",2020-09-30,"BVAR (phase 3)",-0.0143708606730184,-0.0318268080588098
"Services aux entreprises",2020-12-31,"BVAR (phase 3)",0.0144110938195085,0.0538102828967748
"Administration publique",2020-12-31,"BVAR (phase 3)",0.0201381726505171,0.0125770497153397
"Éducation-santé",2020-12-31,"BVAR (phase 3)",0.00721318071254689,0.00722180449425913
"Autres services",2020-12-31,"BVAR (phase 3)",-0.00184831448869861,-0.00979630428437517
"Services aux entreprises",2021-03-31,"BVAR (phase 3)",0.0105594158393062,0.0236849909538215
"Administration publique",2021-03-31,"BVAR (phase 3)",0.0074513995724257,0.0124109391990199
"Éducation-santé",2021-03-31,"BVAR (phase 3)",0.00867737759446665,0.00824967476330762
"Autres services",2021-03-31,"BVAR (phase 3)",0.0050016181331747,0.0650452081351318
"Services aux entreprises",2021-06-30,"BVAR (phase 3)",0.0126184504804809,-0.0253276404682605
"Administration publique",2021-06-30,"BVAR (phase 3)",0.00932220703491708,0.0124151117984699
"Éducation-santé",2021-06-30,"BVAR (phase 3)",0.00882625663425697,0.0107145527308568
"Autres services",2021-06-30,"BVAR (phase 3)",0.00816454417173817,0.0130709296570739
"Services aux entreprises",2021-09-30,"BVAR (phase 3)",0.0117177427650166,0.0425796070346394
"Administration publique",2021-09-30,"BVAR (phase 3)",0.00439370982377312,0.0123497114869799
"Éducation-santé",2021-09-30,"BVAR (phase 3)",0.0091504810501162,0.0124987113733415
"Autres services",2021-09-30,"BVAR (phase 3)",0.0031564337620361,0.0139388205165201
"Services aux entreprises",2021-12-31,"BVAR (phase 3)",0.0128641428329582,0.0247258900965548
"Administration publique",2021-12-31,"BVAR (phase 3)",0.00631131639610023,0.0122848408349885
"Éducation-santé",2021-12-31,"BVAR (phase 3)",0.00931209054041134,0.0142153530442766
"Autres services",2021-12-31,"BVAR (phase 3)",0.00648702083639695,0.0147685323674143
"Services aux entreprises",2022-03-31,"BVAR (phase 3)",0.0114763900633623,0.0467640057093828
"Administration publique",2022-03-31,"BVAR (phase 3)",0.00956676264465348,0.0166954361468807
"Éducation-santé",2022-03-31,"BVAR (phase 3)",0.00943510149065288,0.0228322535149648
"Autres services",2022-03-31,"BVAR (phase 3)",0.00416624862869184,0.0243149233660027
"Services aux entreprises",2022-06-30,"BVAR (phase 3)",0.0131703903897029,0.010881697664729
"Administration publique",2022-06-30,"BVAR (phase 3)",0.00869367972899233,0.0103354390450736
"Éducation-santé",2022-06-30,"BVAR (phase 3)",0.00996832584704055,0.0145617040986501
"Autres services",2022-06-30,"BVAR (phase 3)",0.00278527787963575,0.0126500421906393
"Services aux entreprises",2022-09-30,"BVAR (phase 3)",0.013698660861957,0.0220326309552998
"Administration publique",2022-09-30,"BVAR (phase 3)",0.00771024189892131,0.00856011434605897
"Éducation-santé",2022-09-30,"BVAR (phase 3)",0.00926588670808509,0.0134330473693307
"Autres services",2022-09-30,"BVAR (phase 3)",0.00496245638628404,0.0100060653211909
"Services aux entreprises",2022-12-31,"BVAR (phase 3)",0.013658778037112,0.012256676526075
"Administration publique",2022-12-31,"BVAR (phase 3)",0.0117346168099675,0.00682921881790222
"Éducation-santé",2022-12-31,"BVAR (phase 3)",0.00950059799059052,0.0123382402410126
"Autres services",2022-12-31,"BVAR (phase 3)",0.0036645249751964,0.00746624133835461
"Services aux entreprises",2023-03-31,"BVAR (phase 3)",0.0145288627443468,0.0181934991504722
"Administration publique",2023-03-31,"BVAR (phase 3)",0.0213879847558775,-0.00225596783675819
"Éducation-santé",2023-03-31,"BVAR (phase 3)",0.010185351022528,0.00554624253136105
"Autres services",2023-03-31,"BVAR (phase 3)",0.0055407315900614,-0.00654680050990564
"Services aux entreprises",2023-06-30,"BVAR (phase 3)",0.015587495523745,0.0158151524330918
"Administration publique",2023-06-30,"BVAR (phase 3)",0.0184756591164899,0.00644343103267175
"Éducation-santé",2023-06-30,"BVAR (phase 3)",0.00875983985146731,0.0125980443471505
"Autres services",2023-06-30,"BVAR (phase 3)",0.00414466516298909,0.00711056648142794
"Services aux entreprises",2023-09-30,"BVAR (phase 3)",0.0129553413591117,0.0197986861667374
"Administration publique",2023-09-30,"BVAR (phase 3)",0.00993846811246599,0.00768794217927926
"Éducation-santé",2023-09-30,"BVAR (phase 3)",0.00993973547400315,0.0137970404457572
"Autres services",2023-09-30,"BVAR (phase 3)",0.00566529683384771,0.00919006254286181
"Services aux entreprises",2023-12-31,"BVAR (phase 3)",0.00889056223376721,0.011904827279416
"Administration publique",2023-12-31,"BVAR (phase 3)",0.011505317840584,0.00890364721697701
"Éducation-santé",2023-12-31,"BVAR (phase 3)",0.00998656489810028,0.0149488762170922
"Autres services",2023-12-31,"BVAR (phase 3)",0.00506736890187776,0.0112123027804802
"Services aux entreprises",2024-03-31,"BVAR (phase 3)",0.00831569080403297,0.00835699534889045
"Administration publique",2024-03-31,"BVAR (phase 3)",0.0113967245476752,0.0269071361893101
"Éducation-santé",2024-03-31,"BVAR (phase 3)",0.0103208197965845,0.0169078161685654
"Autres services",2024-03-31,"BVAR (phase 3)",0.00591222705714625,0.0123355107969552
"Services aux entreprises",2024-06-30,"BVAR (phase 3)",0.0135762875479586,0.0133284155104878
"Administration publique",2024-06-30,"BVAR (phase 3)",0.00712488034205459,0.0112365274243853
"Éducation-santé",2024-06-30,"BVAR (phase 3)",0.0104575903954847,0.0170825792445601
"Autres services",2024-06-30,"BVAR (phase 3)",0.00484989247997514,0.0150293485435213
"Services aux entreprises",2024-09-30,"BVAR (phase 3)",0.0113653256270113,0.0253446994224049
"Administration publique",2024-09-30,"BVAR (phase 3)",0.00422332767165331,0.0123431234125686
"Éducation-santé",2024-09-30,"BVAR (phase 3)",0.0104393662454847,0.0180634761869047
"Autres services",2024-09-30,"BVAR (phase 3)",0.00442810731812053,0.0167712964737525
"Services aux entreprises",2024-12-31,"BVAR (phase 3)",0.0114169998992228,0.0160335393842974
"Administration publique",2024-12-31,"BVAR (phase 3)",0.0115078263141678,0.013410467532875
"Éducation-santé",2024-12-31,"BVAR (phase 3)",0.0104333647812413,0.0189906473331884
"Autres services",2024-12-31,"BVAR (phase 3)",0.00602321937219937,0.0184973490283724
"Services aux entreprises",2025-03-31,"BVAR (phase 3)",0.0116867442011139,-0.0153565744378081
"Administration publique",2025-03-31,"BVAR (phase 3)",0.00942809299920487,-0.00442491005711076
"Éducation-santé",2025-03-31,"BVAR (phase 3)",0.012957654789895,0.0121051266911252
"Autres services",2025-03-31,"BVAR (phase 3)",0.0109298958901604,-0.0189503501686215
"Services aux entreprises",2025-06-30,"BVAR (phase 3)",0.0128641708743371,0.0162113534410686
"Administration publique",2025-06-30,"BVAR (phase 3)",0.00950331128977868,0.00647648523431243
"Éducation-santé",2025-06-30,"BVAR (phase 3)",0.00952940285187955,0.0123635905237283
"Autres services",2025-06-30,"BVAR (phase 3)",0.00109890973121104,0.0150153346347945
"Services aux entreprises",2025-09-30,"BVAR (phase 3)",0.0115182911122675,0.0118209394470856
"Administration publique",2025-09-30,"BVAR (phase 3)",0.0123235568880888,0.0123431977928004
"Éducation-santé",2025-09-30,"BVAR (phase 3)",0.0103153142788605,0.018061895470737
"Autres services",2025-09-30,"BVAR (phase 3)",0.00598519225193543,0.0129835159233256
"Services aux entreprises",2025-12-31,"BVAR (phase 3)",0.012590105225435,0.0209580487041574
"Administration publique",2025-12-31,"BVAR (phase 3)",0.0176495565588782,0.030440232652948
"Éducation-santé",2025-12-31,"BVAR (phase 3)",0.0122175054923907,0.0265337204450979
"Autres services",2025-12-31,"BVAR (phase 3)",0.00791201965919312,0.00925842301949231
"Services aux entreprises",2026-03-31,"BVAR (phase 3)",0.00942445621415232,-0.0291851308899833
"Administration publique",2026-03-31,"BVAR (phase 3)",0.0126908240303808,-0.0167909762238896
"Éducation-santé",2026-03-31,"BVAR (phase 3)",0.0131656930705865,0.00413556773954937
"Autres services",2026-03-31,"BVAR (phase 3)",0.00493824964269822,-0.0253215390421762
