"scenario","branche","origine","n_mois_prevus","n_retenus","bridge","derniere_obs","reel","bvar","delta","combinee"
"M0","Agriculture",2014-06-30,603,0,,,0.0364714396168857,0.0175030651021184,0.5,0.0175030651021184
"M0","Agriculture",2014-09-30,600,0,,,0.0235744177595567,0.00225184627887035,0.5,0.00225184627887035
"M0","Agriculture",2014-12-31,597,0,,,0.0253025688850634,0.0200060122948302,0.5,0.0200060122948302
"M0","Agriculture",2015-03-31,600,0,,,0.0521449979479787,0.0108141041806088,0.5,0.0108141041806088
"M0","Agriculture",2015-06-30,606,0,,,0.0317672490600582,0.00817656924350645,0.5,0.00817656924350645
"M0","Agriculture",2015-09-30,606,0,,,0.0329272719732145,0.00903393990976414,0.5,0.00903393990976414
"M0","Agriculture",2015-12-31,609,0,,,0.00507799922861274,0.0118177215761837,0.5,0.0118177215761837
"M0","Agriculture",2016-03-31,618,0,,,-0.265832646674593,0.0112290717315121,0.5,0.0112290717315121
"M0","Agriculture",2016-06-30,621,0,,,0.00748113104625325,0.0119608349124837,0.5,0.0119608349124837
"M0","Agriculture",2016-09-30,588,0,,,0.0239103237598961,0.0110047042272691,0.5,0.0110047042272691
"M0","Agriculture",2016-12-31,591,0,,,0.00479642186034113,-0.00511833500923946,0.5,-0.00511833500923946
"M0","Agriculture",2017-03-31,600,0,,,0.156411418832823,0.0259132369351288,0.5,0.0259132369351288
"M0","Agriculture",2017-06-30,600,0,,,0.031215998995707,0.00598885526714524,0.5,0.00598885526714524
"M0","Agriculture",2017-09-30,597,0,,,-0.001589953838673,0.00862831113148479,0.5,0.00862831113148479
"M0","Agriculture",2017-12-31,714,0,,,-0.00572029123758178,0.00927646707816531,0.5,0.00927646707816531
"M0","Agriculture",2018-03-31,723,0,,,0.033613953651912,0.011041592661361,0.5,0.011041592661361
"M0","Agriculture",2018-06-30,726,0,,,0.0315396357748075,-0.000547089117364585,0.5,-0.000547089117364585
"M0","Agriculture",2018-09-30,723,0,,,-0.0076855501979054,0.00827543424918903,0.5,0.00827543424918903
"M0","Agriculture",2018-12-31,726,0,,,-0.00708189895160238,0.0239542637109607,0.5,0.0239542637109607
"M0","Agriculture",2019-03-31,726,0,,,-0.0674225881272044,0.0125525807665885,0.5,0.0125525807665885
"M0","Agriculture",2019-06-30,726,0,,,0.0269576277375521,0.0216583643179617,0.5,0.0216583643179617
"M0","Agriculture",2019-09-30,723,0,,,-0.00378790367855686,-0.0230737906305004,0.5,-0.0230737906305004
"M0","Agriculture",2019-12-31,723,0,,,-0.00545796285781641,0.00545000525263175,0.5,0.00545000525263175
"M0","Agriculture",2020-03-31,714,0,,,-0.0733468122559131,0.000160189584848236,0.5,0.000160189584848236
"M0","Agriculture",2020-06-30,714,0,,,0.00964980812139338,-0.00789671527844581,0.5,-0.00789671527844581
"M0","Agriculture",2020-09-30,711,0,,,-0.0341340216865049,0.0303985752293546,0.5,0.0303985752293546
"M0","Agriculture",2020-12-31,708,0,,,-0.00972120420603417,-0.0104773711250303,0.5,-0.0104773711250303
"M0","Agriculture",2021-03-31,714,0,,,0.198088349077135,0.00751918162875032,0.5,0.00751918162875032
"M0","Agriculture",2021-06-30,714,0,,,0.00736929305629452,0.0057395550062642,0.5,0.0057395550062642
"M0","Agriculture",2021-09-30,717,0,,,-0.00217917484074093,0.00926930518876699,0.5,0.00926930518876699
"M0","Agriculture",2021-12-31,717,0,,,-0.00946965224747842,0.00399440960151357,0.5,0.00399440960151357
"M0","Agriculture",2022-03-31,726,0,,,-0.106650718690272,0.0117318118174543,0.5,0.0117318118174543
"M0","Agriculture",2022-06-30,726,0,,,-0.00714754922684868,0.0094590102527439,0.5,0.0094590102527439
"M0","Agriculture",2022-09-30,723,0,,,0.0022277626879923,0.003957204692481,0.5,0.003957204692481
"M0","Agriculture",2022-12-31,723,0,,,-0.00919879348349895,-0.00609200798322126,0.5,-0.00609200798322126
"M0","Agriculture",2023-03-31,729,0,,,0.0350757280012495,0.0252284939868304,0.5,0.0252284939868304
"M0","Agriculture",2023-06-30,552,0,,,-0.0122701816794795,0.00363703031476224,0.5,0.00363703031476224
"M0","Agriculture",2023-09-30,717,0,,,-0.00378759914928928,0.00556184645374601,0.5,0.00556184645374601
"M0","Agriculture",2023-12-31,714,0,,,-0.00788085316350973,0.0235561948801528,0.5,0.0235561948801528
"M0","Agriculture",2024-03-31,714,0,,,-0.0365847420386523,0.0149214585764306,0.5,0.0149214585764306
"M0","Agriculture",2024-06-30,717,0,,,-0.00664188506091534,0.00116566099343259,0.5,0.00116566099343259
"M0","Agriculture",2024-09-30,717,0,,,-0.0112104142680227,0.00222012853221105,0.5,0.00222012853221105
"M0","Agriculture",2024-12-31,717,0,,,-0.00435261931916919,0.00389667779732688,0.5,0.00389667779732688
"M0","Agriculture",2025-03-31,717,0,,,0.100359632990509,0.00480642550169154,0.5,0.00480642550169154
"M0","Agriculture",2025-06-30,552,1,0.01245485147942,2025-03-31,-0.00473311427913181,0.0010681782940441,0.5,0.00676151488673205
"M0","Agriculture",2025-09-30,552,1,0.0157745990615066,2025-06-30,-0.0140787530247088,0.0110220129883565,0.5,0.0133983060249315
"M0","Agriculture",2025-12-31,546,1,0.00887317054123081,2025-09-30,-0.00148214583971118,0.0061162562436078,0.5,0.00749471339241931
"M0","Agriculture",2026-03-31,543,1,0.0115293820376291,2025-12-31,0.189386571246226,0.0213610005199623,0.5,0.0164451912787957
"M0","Commerce",2014-06-30,603,0,,,0.00951978546845211,0.0113431434777973,0.5,0.0113431434777973
"M0","Commerce",2014-09-30,600,0,,,-0.0115603603846139,0.00841997445921111,0.5,0.00841997445921111
"M0","Commerce",2014-12-31,597,0,,,-0.0494865182085977,0.00839443354473628,0.5,0.00839443354473628
"M0","Commerce",2015-03-31,600,3,-0.0135583151671689,2014-12-31,0.0315083401930245,0.00618332612570919,0.5,-0.00368749452072985
"M0","Commerce",2015-06-30,606,2,-0.0124595571985161,2015-03-31,0.0159370922398132,0.00771943368934421,0.5,-0.00237006175458595
"M0","Commerce",2015-09-30,606,3,0.0108739352084599,2015-06-30,-0.0019131817420277,0.00742562113757371,0.5,0.0091497781730168
"M0","Commerce",2015-12-31,609,3,-0.00593828735607922,2015-09-30,0.00735412998310103,0.00779999199756191,0.5,0.000930852320741345
"M0","Commerce",2016-03-31,618,3,-0.00658649846500265,2015-12-31,-0.0158055279342868,0.00901624417504578,0.5,0.00121487285502156
"M0","Commerce",2016-06-30,621,3,-0.013991214117118,2016-03-31,0.0133516373977667,0.00830763453854398,0.5,-0.00284178978928701
"M0","Commerce",2016-09-30,588,3,0.000243085221447747,2016-06-30,0.0267524972525734,0.00918927208823553,0.5,0.00471617865484164
"M0","Commerce",2016-12-31,591,4,0.0140162699490994,2016-09-30,0.0309847865136277,0.0113671150462135,0.5,0.0126916924976564
"M0","Commerce",2017-03-31,600,4,0.00444883386009181,2016-12-31,0.00917546195855401,0.00984818921105807,0.5,0.00714851153557494
"M0","Commerce",2017-06-30,600,4,0.00593829850490822,2017-03-31,-0.00349218376741867,0.0104128510203937,0.5,0.00817557476265096
"M0","Commerce",2017-09-30,597,4,0.00878609473257328,2017-06-30,-0.0111426180419461,0.00960355702342151,0.5,0.00919482587799739
"M0","Commerce",2017-12-31,714,4,0.0020407742627081,2017-09-30,0.0160473615406325,0.00875786849729404,0.5,0.00539932138000107
"M0","Commerce",2018-03-31,723,4,0.00216752112644883,2017-12-31,-0.0230462931639384,0.00942639477500668,0.5,0.00579695795072776
"M0","Commerce",2018-06-30,726,4,0.00851767454668594,2018-03-31,0.00870212621648037,0.00713397560948433,0.5,0.00782582507808514
"M0","Commerce",2018-09-30,723,4,0.00230190800910531,2018-06-30,0.00962442845128741,0.00817826905196376,0.5,0.00524008853053454
"M0","Commerce",2018-12-31,726,4,-0.00231074638564752,2018-09-30,0.0165859648209938,0.00718587423336388,0.5,0.00243756392385818
"M0","Commerce",2019-03-31,726,3,0.00332248311333777,2018-12-31,-0.0198319410856413,0.00947184643730503,0.5,0.0063971647753214
"M0","Commerce",2019-06-30,726,3,-0.00437876597778465,2019-03-31,0.0339504681612155,0.00798376200343544,0.5,0.00180249801282539
"M0","Commerce",2019-09-30,723,3,0.00798411967755995,2019-06-30,-0.00535962123528755,0.00423099134570187,0.5,0.00610755551163091
"M0","Commerce",2019-12-31,723,4,0.00521455247166902,2019-09-30,-0.0070521019456713,0.00764851495452053,0.5,0.00643153371309477
"M0","Commerce",2020-03-31,714,5,-0.00967320745351669,2019-12-31,-0.0169610578868529,0.00587772398831716,0.5,-0.00189774173259977
"M0","Commerce",2020-06-30,714,4,-0.0119690908019353,2020-03-31,-0.150671734390357,-0.00373383217959304,0.5,-0.00785146149076417
"M0","Commerce",2020-09-30,711,3,-0.0200297512122854,2020-06-30,0.108126994394249,0.00223355698600013,0.5,-0.00889809711314263
"M0","Commerce",2020-12-31,708,3,-0.020840792829711,2019-12-31,0.020045836468638,0.0101776845920583,0.5,-0.00533155411882635
"M0","Commerce",2021-03-31,714,3,-0.00416059103046936,2020-12-31,0.0273111173838672,0.00574794982962526,0.5,0.00079367939957795
"M0","Commerce",2021-06-30,714,1,-0.0153346208857632,2021-03-31,0.00987582878233084,0.00798502471855052,0.5,-0.00367479808360634
"M0","Commerce",2021-09-30,717,2,0.00204624755866464,2021-06-30,0.0199199534821144,0.00671087992601535,0.5,0.00437856374234
"M0","Commerce",2021-12-31,717,2,0.010434590474266,2021-09-30,0.0158034521479156,0.00693632237177593,0.5,0.00868545642302096
"M0","Commerce",2022-03-31,726,3,0.0256242348882489,2021-12-31,-0.0348034749137724,0.00754371163520957,0.5,0.0165839732617292
"M0","Commerce",2022-06-30,726,2,0.0225938622205137,2022-03-31,0.007272295596783,0.00619107793211208,0.5,0.0143924700763129
"M0","Commerce",2022-09-30,723,2,0.0258831220086836,2022-06-30,-0.00708032889736465,0.00789595555450624,0.5,0.0168895387815949
"M0","Commerce",2022-12-31,723,2,0.00928361700817889,2022-09-30,0.0110248570649674,0.00534596443128551,0.5,0.0073147907197322
"M0","Commerce",2023-03-31,729,2,0.00859551728873002,2022-12-31,0.0160767305589786,0.00412565968777209,0.5,0.00636058848825105
"M0","Commerce",2023-06-30,552,4,0.00532425087085242,2023-03-31,0.00646517716538497,0.00632108389055682,0.5,0.00582266738070462
"M0","Commerce",2023-09-30,717,4,0.0063785318846616,2023-06-30,0.00237756549880963,0.00572550601442212,0.5,0.00605201894954186
"M0","Commerce",2023-12-31,714,4,-0.0011670440206082,2023-09-30,0.00844315463132972,0.00324694141132473,0.5,0.00103994869535827
"M0","Commerce",2024-03-31,714,4,-0.00197125495567524,2023-12-31,0.0184637520602795,0.00555246499214392,0.5,0.00179060501823434
"M0","Commerce",2024-06-30,717,4,0.000559957006203069,2024-03-31,0.000290896215341618,0.0069416337032158,0.5,0.00375079535470943
"M0","Commerce",2024-09-30,717,4,-0.0040404117702729,2024-06-30,0.0154439711545749,0.00659218049984048,0.5,0.00127588436478379
"M0","Commerce",2024-12-31,717,4,-0.00114476311285062,2024-09-30,0.00571468262867647,0.00670576123591258,0.5,0.00278049906153098
"M0","Commerce",2025-03-31,717,4,-0.00688419297849917,2024-09-30,0.0248772545888567,0.00694655096532436,0.5,3.1178993412595e-05
"M0","Commerce",2025-06-30,552,3,0.00797707315275802,2025-03-31,0.00124917416875725,0.00573931300723424,0.5,0.00685819307999613
"M0","Commerce",2025-09-30,552,3,-0.000650739702125629,2025-06-30,0.00388237799968039,0.00734920802397538,0.5,0.00334923416092488
"M0","Commerce",2025-12-31,546,3,0.00753340385551147,2025-09-30,0.00474667366104242,0.00650358951918271,0.5,0.00701849668734709
"M0","Commerce",2026-03-31,543,3,-0.010032755167957,2025-12-31,0.030304457095939,0.00558437278021224,0.5,-0.00222419119387238
"M0","Construction",2014-06-30,603,3,0.0179723920094881,2014-03-31,0.00447736474689187,0.0135342524661724,0.5,0.0157533222378302
"M0","Construction",2014-09-30,600,2,0.0112235965552908,2014-06-30,-0.000619901584931526,0.0139608835007986,0.5,0.0125922400280447
"M0","Construction",2014-12-31,597,2,0.01079044195859,2014-09-30,-0.0170090243189662,0.0135108994581792,0.5,0.0121506707083846
"M0","Construction",2015-03-31,600,1,0.00733917268788039,2014-12-31,-0.00530943948553997,0.0119242811701445,0.5,0.00963172692901245
"M0","Construction",2015-06-30,606,1,0.0122470304141359,2015-03-31,0.0209819845460189,0.0111879956953914,0.5,0.0117175130547637
"M0","Construction",2015-09-30,606,2,0.0104137789800816,2015-06-30,0.0115194109871428,0.0120684962486412,0.5,0.0112411376143614
"M0","Construction",2015-12-31,609,2,0.0117879900905169,2015-09-30,0.032079368271992,0.0114004814166324,0.5,0.0115942357535746
"M0","Construction",2016-03-31,618,3,0.0135894673942325,2015-12-31,0.0187855153946899,0.0130882506551527,0.5,0.0133388590246926
"M0","Construction",2016-06-30,621,0,,,-0.00501930687227414,0.012669329199756,0.5,0.012669329199756
"M0","Construction",2016-09-30,588,0,,,-0.00562759321653061,0.011636632309017,0.5,0.011636632309017
"M0","Construction",2016-12-31,591,0,,,-0.0052620417260254,0.0124515873959961,0.5,0.0124515873959961
"M0","Construction",2017-03-31,600,0,,,0.0132064022878779,0.0105025955245449,0.5,0.0105025955245449
"M0","Construction",2017-06-30,600,0,,,0.000867405836450175,0.0117889777110755,0.5,0.0117889777110755
"M0","Construction",2017-09-30,597,0,,,0.017936616006887,0.0114155714823311,0.5,0.0114155714823311
"M0","Construction",2017-12-31,714,0,,,-0.00784029652175278,0.0115486012069794,0.5,0.0115486012069794
"M0","Construction",2018-03-31,723,0,,,0.026272471549829,0.0107415786772516,0.5,0.0107415786772516
"M0","Construction",2018-06-30,726,0,,,0.00736116363280281,0.0130643283125074,0.5,0.0130643283125074
"M0","Construction",2018-09-30,723,0,,,-0.0192666965708348,0.0113876526016158,0.5,0.0113876526016158
"M0","Construction",2018-12-31,726,0,,,-0.0524286380169254,0.0100600784924261,0.5,0.0100600784924261
"M0","Construction",2019-03-31,726,0,,,0.0166559720067418,0.00885098456855127,0.5,0.00885098456855127
"M0","Construction",2019-06-30,726,0,,,0.0481920910731386,0.0119527879653205,0.5,0.0119527879653205
"M0","Construction",2019-09-30,723,0,,,0.0125910845192418,0.014249309052876,0.5,0.014249309052876
"M0","Construction",2019-12-31,723,0,,,-0.0273069523615579,0.00895884970361975,0.5,0.00895884970361975
"M0","Construction",2020-03-31,714,0,,,0.000213553084455143,0.00726370133625902,0.5,0.00726370133625902
"M0","Construction",2020-06-30,714,0,,,-0.102776372819593,0.000543484826574807,0.5,0.000543484826574807
"M0","Construction",2020-09-30,711,0,,,0.0356201479127147,-0.000286293027691621,0.5,-0.000286293027691621
"M0","Construction",2020-12-31,708,1,0.0117285837276782,2020-09-30,0.072642691639901,0.0127320820427462,0.5,0.0122303328852122
"M0","Construction",2021-03-31,714,1,0.0194002379143648,2020-12-31,-0.00494022963371066,0.0137820274801226,0.5,0.0165911326972437
"M0","Construction",2021-06-30,714,1,0.000922478411720554,2021-03-31,-0.00250132109599832,0.0099200849104172,0.5,0.00542128166106888
"M0","Construction",2021-09-30,717,1,0.00726827783429186,2021-06-30,0.0107028535882208,0.00986454778203801,0.5,0.00856641280816493
"M0","Construction",2021-12-31,717,1,0.0117006526551961,2021-09-30,0.00772099252970015,0.0129192439234903,0.5,0.0123099482893432
"M0","Construction",2022-03-31,726,1,0.00834258649376276,2021-12-31,-0.026866287683136,0.00953832346164042,0.5,0.00894045497770159
"M0","Construction",2022-06-30,726,1,0.0030499022664087,2022-03-31,-0.0038148328637746,0.00923638063925402,0.5,0.00614314145283136
"M0","Construction",2022-09-30,723,1,0.00918250325992565,2022-06-30,-0.0309753266623467,0.0088818641192418,0.5,0.00903218368958373
"M0","Construction",2022-12-31,723,1,0.00860528633436107,2022-09-30,-0.0138810252956052,0.00502176900630458,0.5,0.00681352767033283
"M0","Construction",2023-03-31,729,0,,,0.0264176726138974,0.00137059462271156,0.5,0.00137059462271156
"M0","Construction",2023-06-30,552,0,,,0.00252741405244095,0.0102549162102403,0.5,0.0102549162102403
"M0","Construction",2023-09-30,717,1,0.00148646778184769,2022-09-30,0.00248876146185317,0.0087000006609335,0.5,0.0050932342213906
"M0","Construction",2023-12-31,714,0,,,0.00486264809430104,0.00693905551430475,0.5,0.00693905551430475
"M0","Construction",2024-03-31,714,1,0.0075352237437218,2022-09-30,0.0243786805323758,0.00750063107069851,0.5,0.00751792740721016
"M0","Construction",2024-06-30,717,1,0.0151619311502701,2024-03-31,0.0131434129712957,0.0105724448604855,0.5,0.0128671880053778
"M0","Construction",2024-09-30,717,1,0.0112009955378189,2024-06-30,0.0334036782533733,0.00754080486595122,0.5,0.00937090020188506
"M0","Construction",2024-12-31,717,1,0.0110454981229173,2024-09-30,0.00587796447580935,0.00902142194442809,0.5,0.0100334600336727
"M0","Construction",2025-03-31,717,1,0.00394623761250916,2024-12-31,0.0164348782556303,0.0107764162004622,0.5,0.00736132690648568
"M0","Construction",2025-06-30,552,1,0.010421359598603,2025-03-31,0.0173260458459641,0.0111057481407055,0.5,0.0107635538696543
"M0","Construction",2025-09-30,552,1,0.0112609987130911,2025-06-30,0.0230301767543057,0.00834907634842199,0.5,0.00980503753075655
"M0","Construction",2025-12-31,546,1,0.00980954682147791,2025-09-30,-0.000376710311417838,0.00878617933429037,0.5,0.00929786307788414
"M0","Construction",2026-03-31,543,1,0.00458284652366413,2025-12-31,-0.0250954841631064,0.0111984473797093,0.5,0.00789064695168671
"M0","Finances et assurances",2014-06-30,603,5,0.0158383896892473,2014-03-31,0.00979204446059612,0.0140681567625369,0.5,0.0149532732258921
"M0","Finances et assurances",2014-09-30,600,5,0.012729345134846,2014-06-30,0.0108712876306072,0.0146312688234217,0.5,0.0136803069791339
"M0","Finances et assurances",2014-12-31,597,5,0.00994875893680722,2014-09-30,0.00817212302553116,0.0121648395804871,0.5,0.0110567992586472
"M0","Finances et assurances",2015-03-31,600,5,0.00412882023044976,2014-12-31,0.0025733872860485,0.0121945974410465,0.5,0.00816170883574813
"M0","Finances et assurances",2015-06-30,606,5,0.00203068993850915,2015-03-31,-0.000283635140750249,0.012426105066098,0.5,0.00722839750230357
"M0","Finances et assurances",2015-09-30,606,5,0.0108856124676448,2015-06-30,0.00555168992811517,0.0129537372037148,0.5,0.0119196748356798
"M0","Finances et assurances",2015-12-31,609,5,0.0029956051904956,2015-09-30,0.0216448096360278,0.0117430605231681,0.5,0.00736933285683185
"M0","Finances et assurances",2016-03-31,618,5,0.00637080476980848,2015-12-31,0.0116644403276638,0.0153764876598674,0.5,0.0108736462148379
"M0","Finances et assurances",2016-06-30,621,5,0.00678809242369114,2016-03-31,0.0132480316692885,0.0151314048367449,0.5,0.010959748630218
"M0","Finances et assurances",2016-09-30,588,5,0.0113627516942867,2016-06-30,0.0406230501366736,0.0116688289538044,0.5,0.0115157903240455
"M0","Finances et assurances",2016-12-31,591,5,0.0104419182963065,2016-09-30,-0.0101673768515305,0.0141647063806995,0.5,0.012303312338503
"M0","Finances et assurances",2017-03-31,600,5,0.0185409628434195,2016-12-31,0.00552692213443429,0.0102546490414968,0.5,0.0143978059424581
"M0","Finances et assurances",2017-06-30,600,5,0.0117819738784199,2017-03-31,0.0236163865511507,0.0116480143021699,0.5,0.0117149940902949
"M0","Finances et assurances",2017-09-30,597,5,0.0209549670351948,2017-06-30,-0.00152331413688955,0.0130385624814541,0.5,0.0169967647583244
"M0","Finances et assurances",2017-12-31,714,5,0.0129392104541075,2017-09-30,-0.00363516724733692,0.0123311502410938,0.5,0.0126351803476006
"M0","Finances et assurances",2018-03-31,723,5,0.00197252172814663,2017-12-31,0.0129764503213643,0.011140428531226,0.5,0.00655647512968631
"M0","Finances et assurances",2018-06-30,726,5,0.0111425696217562,2018-03-31,-0.00435156893570188,0.0138091384445282,0.5,0.0124758540331422
"M0","Finances et assurances",2018-09-30,723,5,0.0106906352955756,2018-06-30,0.00735193248656962,0.0115706784504298,0.5,0.0111306568730027
"M0","Finances et assurances",2018-12-31,726,5,0.0116762332151502,2018-09-30,0.0110438895944789,0.00874297886195605,0.5,0.0102096060385531
"M0","Finances et assurances",2019-03-31,726,5,0.00889699221184051,2018-12-31,0.0315392522985256,0.0100667958222359,0.5,0.00948189401703821
"M0","Finances et assurances",2019-06-30,726,5,0.00975901055549627,2019-03-31,0.000435811706188005,0.0139581707063801,0.5,0.0118585906309382
"M0","Finances et assurances",2019-09-30,723,5,0.0132284011277744,2019-06-30,0.0130609593133908,0.0144508412845183,0.5,0.0138396212061463
"M0","Finances et assurances",2019-12-31,723,5,0.0108358680718284,2019-09-30,0.00825566078032658,0.0120688123557421,0.5,0.0114523402137853
"M0","Finances et assurances",2020-03-31,714,5,0.00615064007166664,2019-12-31,-0.0212114526144092,0.0121198820341142,0.5,0.00913526105289042
"M0","Finances et assurances",2020-06-30,714,5,0.0149540193201241,2020-03-31,0.0113083327777996,0.00518195860742856,0.5,0.0100679889637763
"M0","Finances et assurances",2020-09-30,711,5,0.00806149691969089,2020-06-30,0.00678756570547989,0.00614068207830312,0.5,0.007101089498997
"M0","Finances et assurances",2020-12-31,708,5,0.00933401455974836,2020-09-30,0.0114494849451461,0.00787272860201549,0.5,0.00860337158088192
"M0","Finances et assurances",2021-03-31,714,5,0.00535584198148075,2020-12-31,-0.00739307250548649,0.0157067490056733,0.5,0.010531295493577
"M0","Finances et assurances",2021-06-30,714,5,0.0103740110005337,2021-03-31,0.0281576114642981,0.0132416318975279,0.5,0.0118078214490308
"M0","Finances et assurances",2021-09-30,717,5,0.00797020708107199,2021-06-30,0.00585438399346749,0.0123493802492189,0.5,0.0101597936651454
"M0","Finances et assurances",2021-12-31,717,5,0.0122113686438492,2021-09-30,0.016641170500078,0.0134169140860317,0.5,0.0128141413649405
"M0","Finances et assurances",2022-03-31,726,5,0.00208426258602499,2021-12-31,0.0414257987284206,0.0118596036462315,0.5,0.00697193311612825
"M0","Finances et assurances",2022-06-30,726,5,0.00993855292151003,2022-03-31,0.031410255383383,0.0122908502458726,0.5,0.0111147015836913
"M0","Finances et assurances",2022-09-30,723,5,0.011032992303489,2022-06-30,0.0122236867003789,0.0138281071378301,0.5,0.0124305497206596
"M0","Finances et assurances",2022-12-31,723,5,0.0116347052337321,2022-09-30,0.00818990746985371,0.0148010203077491,0.5,0.0132178627707406
"M0","Finances et assurances",2023-03-31,729,5,0.00341653077675047,2022-12-31,0.0177076136496304,0.0098605338753833,0.5,0.00663853232606689
"M0","Finances et assurances",2023-06-30,552,5,0.000820722253118225,2023-03-31,0.0142309413674457,0.0147002203889168,0.5,0.00776047132101751
"M0","Finances et assurances",2023-09-30,717,5,0.00863973445661415,2023-06-30,0.0138611051650379,0.0138909190340834,0.5,0.0112653267453488
"M0","Finances et assurances",2023-12-31,714,5,0.00646076029022444,2023-09-30,0.0205123675274645,0.0140112648383389,0.5,0.0102360125642817
"M0","Finances et assurances",2024-03-31,714,5,0.0128668601224196,2023-12-31,0.034226988537851,0.0157533574911074,0.5,0.0143101088067635
"M0","Finances et assurances",2024-06-30,717,5,0.0124775748491374,2024-03-31,0.00677789865920531,0.013729697055497,0.5,0.0131036359523172
"M0","Finances et assurances",2024-09-30,717,5,0.000978025256580013,2024-06-30,0.0307983277209374,0.0132938858143099,0.5,0.00713595553544496
"M0","Finances et assurances",2024-12-31,717,5,0.0107990363143626,2024-09-30,0.024404004984877,0.0146411711588781,0.5,0.0127201037366203
"M0","Finances et assurances",2025-03-31,717,5,0.0167439148908265,2024-12-31,-0.00576523644903126,0.0169947542814617,0.5,0.0168693345861441
"M0","Finances et assurances",2025-06-30,552,5,0.0139921791841056,2025-03-31,-0.000740007216192495,0.0131166084060867,0.5,0.0135543937950962
"M0","Finances et assurances",2025-09-30,552,5,0.0119566445533037,2025-06-30,0.0383171453817219,0.0121431557847343,0.5,0.012049900169019
"M0","Finances et assurances",2025-12-31,546,5,0.00862944760067564,2025-09-30,0.02252710319177,0.0161887632976205,0.5,0.0124091054491481
"M0","Finances et assurances",2026-03-31,543,5,0.0128253362463341,2025-12-31,0.0131482423939122,0.0145541845518335,0.5,0.0136897603990838
"M0","Hébergement-restauration",2014-06-30,603,0,,,0.0579051413275486,0.00983910294422055,0.5,0.00983910294422055
"M0","Hébergement-restauration",2014-09-30,600,0,,,-0.100719732558025,0.00486007960335512,0.5,0.00486007960335512
"M0","Hébergement-restauration",2014-12-31,597,0,,,0.0187926552611444,0.0127718705720377,0.5,0.0127718705720377
"M0","Hébergement-restauration",2015-03-31,600,0,,,0.0127819913735721,0.0117067939875733,0.5,0.0117067939875733
"M0","Hébergement-restauration",2015-06-30,606,0,,,0.0151974154132208,0.00659599488759563,0.5,0.00659599488759563
"M0","Hébergement-restauration",2015-09-30,606,0,,,-0.0394942050942486,0.0043976729383019,0.5,0.0043976729383019
"M0","Hébergement-restauration",2015-12-31,609,0,,,0.0175488642456987,0.0082287362069184,0.5,0.0082287362069184
"M0","Hébergement-restauration",2016-03-31,618,0,,,0.00665704009847978,0.00320641508772281,0.5,0.00320641508772281
"M0","Hébergement-restauration",2016-06-30,621,0,,,-0.00832824764845164,0.00481813281520201,0.5,0.00481813281520201
"M0","Hébergement-restauration",2016-09-30,588,0,,,0.0560471819745558,0.010002523529641,0.5,0.010002523529641
"M0","Hébergement-restauration",2016-12-31,591,0,,,0.0195963775895027,0.00120753395646334,0.5,0.00120753395646334
"M0","Hébergement-restauration",2017-03-31,600,0,,,0.0277996430464089,0.00711099636681498,0.5,0.00711099636681498
"M0","Hébergement-restauration",2017-06-30,600,0,,,0.0278215922434324,0.00856153945787162,0.5,0.00856153945787162
"M0","Hébergement-restauration",2017-09-30,597,0,,,0.0102951493030083,0.00691199529715454,0.5,0.00691199529715454
"M0","Hébergement-restauration",2017-12-31,714,0,,,0.0188149524720291,0.00981137840994608,0.5,0.00981137840994608
"M0","Hébergement-restauration",2018-03-31,723,0,,,0.0248370780464207,0.00953803869056786,0.5,0.00953803869056786
"M0","Hébergement-restauration",2018-06-30,726,0,,,0.0148534421343882,0.00207637268526864,0.5,0.00207637268526864
"M0","Hébergement-restauration",2018-09-30,723,0,,,-0.0200453834008396,0.00731935416302951,0.5,0.00731935416302951
"M0","Hébergement-restauration",2018-12-31,726,0,,,0.0330719091401885,0.0123239497643486,0.5,0.0123239497643486
"M0","Hébergement-restauration",2019-03-31,726,0,,,0.0107181372644138,0.00951525106807088,0.5,0.00951525106807088
"M0","Hébergement-restauration",2019-06-30,726,0,,,0.0402913731091044,-0.00119713255112923,0.5,-0.00119713255112923
"M0","Hébergement-restauration",2019-09-30,723,0,,,-0.0688778865997968,-0.00655275657677681,0.5,-0.00655275657677681
"M0","Hébergement-restauration",2019-12-31,723,0,,,0.0396077656015432,0.0106792338947299,0.5,0.0106792338947299
"M0","Hébergement-restauration",2020-03-31,714,1,-0.00176738574317502,2019-12-31,-0.329368517252892,0.0133225193882025,0.5,0.00577756682251374
"M0","Hébergement-restauration",2020-06-30,714,1,0.248071548791025,2020-03-31,-0.857041072981717,-0.0331484908175594,0.5,0.107461528986733
"M0","Hébergement-restauration",2020-09-30,711,4,1.30100336310104,2020-06-30,0.152814674284517,0.0143057816461628,0.5,0.657654572373601
"M0","Hébergement-restauration",2020-12-31,708,4,1.29681828633226,2020-09-30,0.184991785349833,-0.0272265445436888,0.5,0.634795870894286
"M0","Hébergement-restauration",2021-03-31,714,4,0.0120420742832876,2020-12-31,0.108593379555545,0.00744481785676402,0.5,0.00974344607002581
"M0","Hébergement-restauration",2021-06-30,714,4,-0.0656053090880977,2021-03-31,0.0325203058080987,0.00901626202888402,0.5,-0.0282945235296068
"M0","Hébergement-restauration",2021-09-30,717,2,0.0724280637002988,2021-06-30,0.0912570059284388,0.0079785573142786,0.5,0.0402033105072887
"M0","Hébergement-restauration",2021-12-31,717,4,0.0342675084754334,2021-03-31,0.0662513211980329,0.00510192362131615,0.5,0.0196847160483748
"M0","Hébergement-restauration",2022-03-31,726,4,-0.132277023435201,2021-12-31,0.172069210996341,0.00743198200564778,0.5,-0.0624225207147766
"M0","Hébergement-restauration",2022-06-30,726,4,0.0822016944140361,2022-03-31,0.185682194782517,0.0100962681369822,0.5,0.0461489812755091
"M0","Hébergement-restauration",2022-09-30,723,2,0.0839588546622735,2022-06-30,0.172534150339882,0.0177645607675224,0.5,0.050861707714898
"M0","Hébergement-restauration",2022-12-31,723,2,0.039949497834235,2022-09-30,0.0347188375472669,0.0418994154394745,0.5,0.0409244566368547
"M0","Hébergement-restauration",2023-03-31,729,4,0.0178659368738398,2022-03-31,0.0350713189035368,0.0360670184708599,0.5,0.0269664776723499
"M0","Hébergement-restauration",2023-06-30,552,4,0.0245606152994305,2023-03-31,0.0285381802766143,0.0174644954644923,0.5,0.0210125553819614
"M0","Hébergement-restauration",2023-09-30,717,4,0.00590616127725779,2023-06-30,0.0131680998376478,0.0177715768358601,0.5,0.0118388690565589
"M0","Hébergement-restauration",2023-12-31,714,4,0.0142331726658085,2023-09-30,0.00454308251082303,0.0168960811961114,0.5,0.0155646269309599
"M0","Hébergement-restauration",2024-03-31,714,4,0.00550887102088809,2023-12-31,-0.0256302512562794,0.0176746152679738,0.5,0.0115917431444309
"M0","Hébergement-restauration",2024-06-30,717,4,0.0111986588383169,2024-03-31,0.0863211664480215,0.0156434156638115,0.5,0.0134210372510642
"M0","Hébergement-restauration",2024-09-30,717,4,0.0164845617125855,2024-06-30,0.0395958337321503,0.0186582521991832,0.5,0.0175714069558843
"M0","Hébergement-restauration",2024-12-31,717,4,0.0249154222880506,2024-09-30,0.0126078965454273,0.0135205249272131,0.5,0.0192179736076319
"M0","Hébergement-restauration",2025-03-31,717,4,0.00403895239706534,2024-12-31,-0.0551888649837782,0.0373153618512822,0.5,0.0206771571241738
"M0","Hébergement-restauration",2025-06-30,552,4,0.00241142702163309,2025-03-31,0.0935791648916222,0.0115983032844378,0.5,0.00700486515303545
"M0","Hébergement-restauration",2025-09-30,552,2,0.0461921348953541,2025-06-30,0.0109571254893179,0.0147496537577987,0.5,0.0304708943265764
"M0","Hébergement-restauration",2025-12-31,546,2,0.00232578726812066,2025-09-30,-0.0117140608570061,0.0191445701728367,0.5,0.0107351787204787
"M0","Hébergement-restauration",2026-03-31,543,2,-0.00517398845566477,2025-12-31,-0.0149369838672992,0.0214278838335228,0.5,0.00812694768892902
"M0","Immobilier",2014-06-30,603,1,0.0115493682095588,2014-03-31,-0.00347586163623959,0.0122596909319343,0.5,0.0119045295707466
"M0","Immobilier",2014-09-30,600,1,0.00722290813595608,2014-06-30,-0.00217718876892725,0.0128905081004547,0.5,0.0100567081182054
"M0","Immobilier",2014-12-31,597,1,0.00676311840969747,2014-09-30,-0.00175178666395936,0.0121689724626345,0.5,0.00946604543616598
"M0","Immobilier",2015-03-31,600,1,0.00667412880388812,2014-12-31,0.000110265740545401,0.0114885194562888,0.5,0.00908132413008846
"M0","Immobilier",2015-06-30,606,1,0.00651842809257847,2015-03-31,0.00268122505899093,0.0110016509265868,0.5,0.00876003950958264
"M0","Immobilier",2015-09-30,606,1,0.00662890873481404,2015-06-30,0.00388518358887602,0.0111695819997516,0.5,0.00889924536728282
"M0","Immobilier",2015-12-31,609,1,0.00678688777832623,2015-09-30,0.00438830891148179,0.0108555173180894,0.5,0.00882120254820782
"M0","Immobilier",2016-03-31,618,1,0.00624328263167892,2015-12-31,0.0126521894411589,0.0105438032446352,0.5,0.00839354293815706
"M0","Immobilier",2016-06-30,621,1,0.00818239596690051,2016-03-31,0.00642440146184065,0.0110146916742121,0.5,0.0095985438205563
"M0","Immobilier",2016-09-30,588,1,0.00777577500400957,2016-06-30,0.00538883523628364,0.0105398068682385,0.5,0.00915779093612403
"M0","Immobilier",2016-12-31,591,1,0.00766461081272485,2016-09-30,0.00381329164235744,0.0114911565933515,0.5,0.00957788370303818
"M0","Immobilier",2017-03-31,600,1,0.00640931400869092,2016-12-31,0.000111312238896488,0.00909726026256174,0.5,0.00775328713562633
"M0","Immobilier",2017-06-30,600,1,0.00641966860355618,2017-03-31,0.00532846857096558,0.0106465078471458,0.5,0.00853308822535099
"M0","Immobilier",2017-09-30,597,1,0.00779489038624508,2017-06-30,0.00538413091038592,0.0109490483310259,0.5,0.00937196935863549
"M0","Immobilier",2017-12-31,714,1,0.00737057596014533,2017-09-30,0.00537094450904618,0.0102628545671528,0.5,0.00881671526364907
"M0","Immobilier",2018-03-31,723,1,0.00743279769566142,2017-12-31,0.0139842136362436,0.0100880003959658,0.5,0.00876039904581361
"M0","Immobilier",2018-06-30,726,1,0.00931869926164786,2018-03-31,0.00709820759588098,0.0126555614823982,0.5,0.010987130372023
"M0","Immobilier",2018-09-30,723,1,0.00809493348608696,2018-06-30,0.00546983793104339,0.0103415112889544,0.5,0.00921822238752068
"M0","Immobilier",2018-12-31,726,1,0.00759076925172904,2018-09-30,0.00429779031723321,0.00991457310907439,0.5,0.00875267118040171
"M0","Immobilier",2019-03-31,726,1,0.00712303387044342,2018-12-31,0.00697990763877421,0.0101357893800674,0.5,0.00862941162525541
"M0","Immobilier",2019-06-30,726,1,0.00800448041124193,2019-03-31,0.00407965402671806,0.00866401083127962,0.5,0.00833424562126078
"M0","Immobilier",2019-09-30,723,1,0.00760989390553112,2019-06-30,0.0012246541882952,0.0121204528707181,0.5,0.00986517338812461
"M0","Immobilier",2019-12-31,723,1,0.00610997332614975,2019-09-30,-0.00107461592825686,0.00956426682907744,0.5,0.0078371200776136
"M0","Immobilier",2020-03-31,714,1,0.0063680942783104,2019-12-31,-0.0121506955111226,0.0098260316890376,0.5,0.008097062983674
"M0","Immobilier",2020-06-30,714,1,0.00269147903635361,2020-03-31,0.00154778434759706,0.00253732561563537,0.5,0.00261440232599449
"M0","Immobilier",2020-09-30,711,1,0.00681949187106981,2020-06-30,0.00248862454064991,0.0076096107172803,0.5,0.00721455129417506
"M0","Immobilier",2020-12-31,708,1,0.00587214106134224,2020-09-30,0.00250256303301022,0.00808896066416918,0.5,0.00698055086275571
"M0","Immobilier",2021-03-31,714,1,0.00642842523805422,2020-12-31,0.0186980933413192,0.0116777433225484,0.5,0.00905308428030131
"M0","Immobilier",2021-06-30,714,1,0.00987105778193183,2021-03-31,0.00589086653339521,0.00896287384176394,0.5,0.00941696581184789
"M0","Immobilier",2021-09-30,717,1,0.00672565214617945,2021-06-30,0.00489489217388339,0.00930348524618798,0.5,0.00801456869618371
"M0","Immobilier",2021-12-31,717,1,0.00616999602903663,2021-09-30,-0.000185568621855481,0.0105072326535578,0.5,0.00833861434129722
"M0","Immobilier",2022-03-31,726,1,0.00547509773783123,2021-12-31,-0.00613333557758722,0.00901618150144863,0.5,0.00724563961963993
"M0","Immobilier",2022-06-30,726,1,0.00407193265093325,2022-03-31,0.000982294226966829,0.00952360595914048,0.5,0.00679776930503687
"M0","Immobilier",2022-09-30,723,1,0.00584870803345601,2022-06-30,0.00192740181735829,0.00841182050470035,0.5,0.00713026426907818
"M0","Immobilier",2022-12-31,723,2,0.00375169365779237,2022-09-30,0.00286217020537194,0.00914594280479493,0.5,0.00644881823129365
"M0","Immobilier",2023-03-31,729,3,0.0011962763138416,2022-12-31,0.0186492473499342,0.00320022411002661,0.5,0.0021982502119341
"M0","Immobilier",2023-06-30,552,1,0.00906263362397186,2023-03-31,0.00433516318523708,0.0117933011869318,0.5,0.0104279674054518
"M0","Immobilier",2023-09-30,717,1,0.00665395841021886,2023-06-30,0.000940152450292331,0.00903871660149807,0.5,0.00784633750585846
"M0","Immobilier",2023-12-31,714,1,0.00530032138697912,2023-09-30,0.00367575702520995,0.00680146448015212,0.5,0.00605089293356562
"M0","Immobilier",2024-03-31,714,1,0.00594540099271525,2023-12-31,0.019358859355199,0.00835513536735188,0.5,0.00715026818003356
"M0","Immobilier",2024-06-30,717,1,0.0102796987386659,2024-03-31,0.00208616686757601,0.010323706411602,0.5,0.010301702575134
"M0","Immobilier",2024-09-30,717,1,0.00621285863361531,2024-06-30,0.000572003912662211,0.00805831144615959,0.5,0.00713558503988745
"M0","Immobilier",2024-12-31,717,1,0.00594181015562901,2024-09-30,0.00271140021348693,0.00858221767094556,0.5,0.00726201391328728
"M0","Immobilier",2025-03-31,717,1,0.00563523675053666,2024-12-31,0.0241904984463055,0.0102451841916419,0.5,0.00794021047108928
"M0","Immobilier",2025-06-30,552,1,0.0110454968669158,2025-03-31,0.00225126559195132,0.00980279651170369,0.5,0.0104241466893097
"M0","Immobilier",2025-09-30,552,1,0.00631895420974865,2025-06-30,0.00139883513399042,0.00879022210120843,0.5,0.00755458815547854
"M0","Immobilier",2025-12-31,546,1,0.00573401947013646,2025-09-30,0.00356943094849527,0.00859530181841989,0.5,0.00716466064427818
"M0","Immobilier",2026-03-31,543,1,0.00621412190344462,2025-12-31,0.0145414287128816,0.0113771026213591,0.5,0.00879561226240186
"M0","Industrie d'extraction",2014-06-30,603,1,0.0470611358028532,2014-03-31,-0.00618613651727884,0.017278995762863,0.5,0.0321700657828581
"M0","Industrie d'extraction",2014-09-30,600,1,0.0114981612693757,2014-06-30,-0.015888470256332,0.018847408104959,0.5,0.0151727846871673
"M0","Industrie d'extraction",2014-12-31,597,1,0.0125514232065354,2014-09-30,-0.0298633941618487,0.0294840370491735,0.5,0.0210177301278545
"M0","Industrie d'extraction",2015-03-31,600,1,0.0199439262278329,2014-12-31,0.00890133635762247,0.0306349108556698,0.5,0.0252894185417513
"M0","Industrie d'extraction",2015-06-30,606,1,0.0347182192982624,2015-03-31,0.0247954892566806,0.0117541769572229,0.5,0.0232361981277426
"M0","Industrie d'extraction",2015-09-30,606,2,0.0508979795163149,2013-09-30,0.0237021448250037,0.0121890669862214,0.5,0.0315435232512681
"M0","Industrie d'extraction",2015-12-31,609,2,0.00923347154206898,2015-09-30,-0.00879815197435896,0.010453219933241,0.5,0.00984334573765499
"M0","Industrie d'extraction",2016-03-31,618,1,-0.0122532761453195,2015-12-31,0.0161383433235596,0.00911586608716397,0.5,-0.00156870502907776
"M0","Industrie d'extraction",2016-06-30,621,1,0.0468310296775388,2016-03-31,-0.0163339493026129,0.0207324617336401,0.5,0.0337817457055894
"M0","Industrie d'extraction",2016-09-30,588,1,0.031908266341441,2016-06-30,0.0218474503756241,0.0185937502493746,0.5,0.0252510082954078
"M0","Industrie d'extraction",2016-12-31,591,0,,,0.025849664713844,0.00914133792422436,0.5,0.00914133792422436
"M0","Industrie d'extraction",2017-03-31,600,0,,,0.0185128254497453,0.0156424128408559,0.5,0.0156424128408559
"M0","Industrie d'extraction",2017-06-30,600,0,,,0.0955083840143161,0.0133271099000362,0.5,0.0133271099000362
"M0","Industrie d'extraction",2017-09-30,597,0,,,-0.0311769033996843,0.0119669733443149,0.5,0.0119669733443149
"M0","Industrie d'extraction",2017-12-31,714,0,,,0.0125783920146532,0.0202132224594892,0.5,0.0202132224594892
"M0","Industrie d'extraction",2018-03-31,723,0,,,-0.0244479675700369,0.0168804749053021,0.5,0.0168804749053021
"M0","Industrie d'extraction",2018-06-30,726,0,,,0.0081793613697414,-0.0119328900924359,0.5,-0.0119328900924359
"M0","Industrie d'extraction",2018-09-30,723,0,,,-0.0117710521370427,0.0129550588583958,0.5,0.0129550588583958
"M0","Industrie d'extraction",2018-12-31,726,0,,,-0.00327062290436331,0.0038356298493351,0.5,0.0038356298493351
"M0","Industrie d'extraction",2019-03-31,726,0,,,0.040057095335742,0.00969642848813987,0.5,0.00969642848813987
"M0","Industrie d'extraction",2019-06-30,726,0,,,-0.0225433471888596,0.00587506414679064,0.5,0.00587506414679064
"M0","Industrie d'extraction",2019-09-30,723,0,,,0.0109256734157306,0.0200650282919328,0.5,0.0200650282919328
"M0","Industrie d'extraction",2019-12-31,723,0,,,0.00214620520732645,0.0175802728170349,0.5,0.0175802728170349
"M0","Industrie d'extraction",2020-03-31,714,0,,,0.00506158820307512,0.0198612030350813,0.5,0.0198612030350813
"M0","Industrie d'extraction",2020-06-30,714,0,,,0.0237324718357801,0.0282733812059157,0.5,0.0282733812059157
"M0","Industrie d'extraction",2020-09-30,711,0,,,-0.0110758122366672,0.0348257825919949,0.5,0.0348257825919949
"M0","Industrie d'extraction",2020-12-31,708,0,,,0.0282365373459843,0.0069170568149415,0.5,0.0069170568149415
"M0","Industrie d'extraction",2021-03-31,714,0,,,0.0506515529548963,0.00891710501019216,0.5,0.00891710501019216
"M0","Industrie d'extraction",2021-06-30,714,0,,,-0.0120026798414088,0.0112140528473805,0.5,0.0112140528473805
"M0","Industrie d'extraction",2021-09-30,717,0,,,0.0223534844760689,0.0189719762582948,0.5,0.0189719762582948
"M0","Industrie d'extraction",2021-12-31,717,0,,,-0.0143497716369634,0.0131587260013968,0.5,0.0131587260013968
"M0","Industrie d'extraction",2022-03-31,726,0,,,-0.138625872821352,0.0147690469986585,0.5,0.0147690469986585
"M0","Industrie d'extraction",2022-06-30,726,0,,,-0.0689421152185421,0.0207467815319396,0.5,0.0207467815319396
"M0","Industrie d'extraction",2022-09-30,723,0,,,-0.0421248811824597,0.00969542753409443,0.5,0.00969542753409443
"M0","Industrie d'extraction",2022-12-31,723,0,,,-0.216757201746969,0.00519363304535769,0.5,0.00519363304535769
"M0","Industrie d'extraction",2023-03-31,729,0,,,0.0973621473997142,0.0292897627901745,0.5,0.0292897627901745
"M0","Industrie d'extraction",2023-06-30,552,0,,,2.03357431196594e-05,-0.00724115442567746,0.5,-0.00724115442567746
"M0","Industrie d'extraction",2023-09-30,717,0,,,0.0733392840223264,0.00866230564705127,0.5,0.00866230564705127
"M0","Industrie d'extraction",2023-12-31,714,0,,,0.113749741354164,-0.000896764388484034,0.5,-0.000896764388484034
"M0","Industrie d'extraction",2024-03-31,714,0,,,-0.0252607257677209,-0.00984357845914411,0.5,-0.00984357845914411
"M0","Industrie d'extraction",2024-06-30,717,0,,,0.0070152744335843,0.0134125995166855,0.5,0.0134125995166855
"M0","Industrie d'extraction",2024-09-30,717,0,,,0.022117053793357,0.0111587526145102,0.5,0.0111587526145102
"M0","Industrie d'extraction",2024-12-31,717,0,,,-0.0056609646746999,0.00859012744437375,0.5,0.00859012744437375
"M0","Industrie d'extraction",2025-03-31,717,0,,,0.0657933092045351,-0.00797111829592025,0.5,-0.00797111829592025
"M0","Industrie d'extraction",2025-06-30,552,0,,,0.046428686738258,0.023742819052498,0.5,0.023742819052498
"M0","Industrie d'extraction",2025-09-30,552,0,,,-0.0306857679206729,0.000506588676821092,0.5,0.000506588676821092
"M0","Industrie d'extraction",2025-12-31,546,0,,,-0.0912476795593946,0.00387901013032952,0.5,0.00387901013032952
"M0","Industrie d'extraction",2026-03-31,543,0,,,0.0429938589024168,-0.00523553901199326,0.5,-0.00523553901199326
"M0","Industrie de transformation",2014-06-30,603,0,,,0.0134903455131372,0.00976839603108851,0.5,0.00976839603108851
"M0","Industrie de transformation",2014-09-30,600,0,,,0.00323811979902189,0.00956973110133947,0.5,0.00956973110133947
"M0","Industrie de transformation",2014-12-31,597,0,,,-0.0476741243890952,0.00953185613182733,0.5,0.00953185613182733
"M0","Industrie de transformation",2015-03-31,600,5,-0.0224212236771936,2014-12-31,0.0304379715047673,0.00850045489962514,0.5,-0.00696038438878423
"M0","Industrie de transformation",2015-06-30,606,5,-0.00569046020535365,2015-03-31,0.0194938047357773,0.00792302098410826,0.5,0.0011162803893773
"M0","Industrie de transformation",2015-09-30,606,5,0.00544756461980946,2015-06-30,0.00620713596259748,0.0085700197758126,0.5,0.00700879219781103
"M0","Industrie de transformation",2015-12-31,609,5,-0.00646751983455704,2015-09-30,-0.00664650552544366,0.00777741202381764,0.5,0.0006549460946303
"M0","Industrie de transformation",2016-03-31,618,5,0.00195756024898836,2015-12-31,-0.00323991776717136,0.0110257820609607,0.5,0.00649167115497453
"M0","Industrie de transformation",2016-06-30,621,5,0.00776223554144983,2016-03-31,-0.00999549769479913,0.00857876891199688,0.5,0.00817050222672335
"M0","Industrie de transformation",2016-09-30,588,5,0.000316111901485167,2016-06-30,0.0228243332255111,0.00809640328148517,0.5,0.00420625759148517
"M0","Industrie de transformation",2016-12-31,591,5,-0.00278737380155144,2016-09-30,0.0116788252925897,0.0112113175746548,0.5,0.00421197188655168
"M0","Industrie de transformation",2017-03-31,600,5,0.00045671965536438,2016-12-31,0.00953178833632684,0.00644319385401934,0.5,0.00344995675469186
"M0","Industrie de transformation",2017-06-30,600,5,0.00788814797024969,2017-03-31,0.0149267146411702,0.00926156447049259,0.5,0.00857485622037114
"M0","Industrie de transformation",2017-09-30,597,5,0.00696088486502695,2017-06-30,-0.0114616897126858,0.00906628533060474,0.5,0.00801358509781585
"M0","Industrie de transformation",2017-12-31,714,5,0.00886534192787993,2017-09-30,0.00280821148239063,0.00839291936560086,0.5,0.0086291306467404
"M0","Industrie de transformation",2018-03-31,723,5,0.00495379812492931,2017-12-31,0.0234087617899217,0.00832519695978311,0.5,0.00663949754235621
"M0","Industrie de transformation",2018-06-30,726,5,0.010909799228098,2018-03-31,-0.00382899876597698,0.00631987222989079,0.5,0.0086148357289944
"M0","Industrie de transformation",2018-09-30,723,5,0.00688043229263584,2018-06-30,0.0197648970716831,0.00772200801963733,0.5,0.00730122015613659
"M0","Industrie de transformation",2018-12-31,726,5,0.00365469252047544,2018-09-30,0.00254844063750426,0.00664036420936519,0.5,0.00514752836492031
"M0","Industrie de transformation",2019-03-31,726,5,0.00827330274466146,2018-12-31,0.00525129663060397,0.0083367455257233,0.5,0.00830502413519238
"M0","Industrie de transformation",2019-06-30,726,5,0.00921318523833756,2019-03-31,0.0369509505888086,0.00462311964244373,0.5,0.00691815244039065
"M0","Industrie de transformation",2019-09-30,723,5,0.0116600367306064,2019-06-30,-0.0175063522194137,0.00881244858098063,0.5,0.0102362426557935
"M0","Industrie de transformation",2019-12-31,723,4,0.0150379763969107,2019-09-30,-0.00688096519466086,0.00840333768157522,0.5,0.011720657039243
"M0","Industrie de transformation",2020-03-31,714,5,0.00736259482976815,2019-12-31,-0.00162253854886352,0.00936394890538783,0.5,0.00836327186757799
"M0","Industrie de transformation",2020-06-30,714,5,0.00102417594606625,2020-03-31,-0.213797918505946,0.00597223556292502,0.5,0.00349820575449564
"M0","Industrie de transformation",2020-09-30,711,5,-0.0652086653877856,2020-06-30,0.176609534773862,0.00821449451536489,0.5,-0.0284970854362104
"M0","Industrie de transformation",2020-12-31,708,5,-0.0574241397010364,2020-09-30,-0.00858663289649719,0.0116905879142253,0.5,-0.0228667758934055
"M0","Industrie de transformation",2021-03-31,714,5,0.0128194737245792,2020-12-31,0.0682885003101887,0.00516162071921515,0.5,0.00899054722189718
"M0","Industrie de transformation",2021-06-30,714,5,-0.0362401143861571,2021-03-31,-0.0226087358268856,0.00820082206240853,0.5,-0.0140196461618743
"M0","Industrie de transformation",2021-09-30,717,5,0.022084439405385,2021-06-30,0.0119171102444078,0.00881350135032242,0.5,0.0154489703778537
"M0","Industrie de transformation",2021-12-31,717,5,0.0178287153065358,2021-09-30,0.0157395324071921,0.00880205207214303,0.5,0.0133153836893394
"M0","Industrie de transformation",2022-03-31,726,5,0.00265815072851558,2021-12-31,-0.00935236645143078,0.00753133140780234,0.5,0.00509474106815896
"M0","Industrie de transformation",2022-06-30,726,5,0.0106630777322138,2022-03-31,0.0265199585031901,0.00798127572582743,0.5,0.00932217672902062
"M0","Industrie de transformation",2022-09-30,723,5,-0.0140347554887437,2022-06-30,0.00503674468161641,0.00957575710848014,0.5,-0.00222949919013178
"M0","Industrie de transformation",2022-12-31,723,5,0.0174137189042951,2022-09-30,-0.00375576483451212,0.00959049955161093,0.5,0.013502109227953
"M0","Industrie de transformation",2023-03-31,729,5,0.00790079461579399,2022-12-31,0.00769564383733545,0.00949709494001025,0.5,0.00869894477790212
"M0","Industrie de transformation",2023-06-30,552,5,-0.00181320645128189,2023-03-31,-0.0170061439275049,0.00903291643165808,0.5,0.00360985499018809
"M0","Industrie de transformation",2023-09-30,717,5,-0.00244514602360349,2023-06-30,0.0317188158621384,0.0088094922397776,0.5,0.00318217310808705
"M0","Industrie de transformation",2023-12-31,714,5,-0.00226570238691408,2023-09-30,0.0560799603193818,0.00509751789318947,0.5,0.00141590775313769
"M0","Industrie de transformation",2024-03-31,714,5,-0.0120377885892334,2023-12-31,-0.0663244948448725,0.0053036230535477,0.5,-0.00336708276784285
"M0","Industrie de transformation",2024-06-30,717,5,0.0139035515581181,2024-03-31,-0.00790860641250291,0.0101458223979333,0.5,0.0120246869780257
"M0","Industrie de transformation",2024-09-30,717,5,-0.0142569297091706,2024-06-30,0.069343487988764,0.00691895300250297,0.5,-0.00366898835333382
"M0","Industrie de transformation",2024-12-31,717,5,-0.00644067014233094,2024-09-30,0.0165418381598617,0.00739212769858457,0.5,0.000475728778126815
"M0","Industrie de transformation",2025-03-31,717,5,0.00767709170510164,2024-09-30,-0.0681965626927639,0.00404058842863856,0.5,0.0058588400668701
"M0","Industrie de transformation",2025-06-30,552,3,0.0368049984716872,2025-03-31,0.0247579899121657,0.00996361567238173,0.5,0.0233843070720345
"M0","Industrie de transformation",2025-09-30,552,3,-0.0160394781827456,2025-06-30,0.0308834262611075,0.0071168794181092,0.5,-0.0044612993823182
"M0","Industrie de transformation",2025-12-31,546,2,0.017037008430273,2025-09-30,0.0330754169078045,0.00722150265812272,0.5,0.0121292555441979
"M0","Industrie de transformation",2026-03-31,543,2,-0.0280304141820795,2025-12-31,-0.101743963623765,-0.00184682985651775,0.5,-0.0149386220192986
"M0","Information-communication",2014-06-30,603,0,,,0.0185608138362312,0.0294778338878449,0.5,0.0294778338878449
"M0","Information-communication",2014-09-30,600,0,,,0.031275663358036,0.0263629773244093,0.5,0.0263629773244093
"M0","Information-communication",2014-12-31,597,0,,,0.038634291236642,0.0275667649108956,0.5,0.0275667649108956
"M0","Information-communication",2015-03-31,600,0,,,0.00404829052809141,0.024933012824293,0.5,0.024933012824293
"M0","Information-communication",2015-06-30,606,0,,,-0.0211948620280431,0.0290107895641515,0.5,0.0290107895641515
"M0","Information-communication",2015-09-30,606,0,,,-0.0255461304946749,0.0252990436434834,0.5,0.0252990436434834
"M0","Information-communication",2015-12-31,609,0,,,-0.0117556566679973,0.0270583617600648,0.5,0.0270583617600648
"M0","Information-communication",2016-03-31,618,0,,,0.0441187349800902,0.0189489553539417,0.5,0.0189489553539417
"M0","Information-communication",2016-06-30,621,0,,,0.0324311797721624,0.0270369741459753,0.5,0.0270369741459753
"M0","Information-communication",2016-09-30,588,0,,,0.0156993215704908,0.0256629501505232,0.5,0.0256629501505232
"M0","Information-communication",2016-12-31,591,0,,,0.0119540679681371,0.0248261038010425,0.5,0.0248261038010425
"M0","Information-communication",2017-03-31,600,0,,,-0.074924310117952,0.0197339213365438,0.5,0.0197339213365438
"M0","Information-communication",2017-06-30,600,0,,,0.0264960645184544,0.0183625545990811,0.5,0.0183625545990811
"M0","Information-communication",2017-09-30,597,0,,,0.0150230359818178,0.0239692053012145,0.5,0.0239692053012145
"M0","Information-communication",2017-12-31,714,0,,,0.00966388766132553,0.0239809564523361,0.5,0.0239809564523361
"M0","Information-communication",2018-03-31,723,0,,,-0.010365531714644,0.0238138246772928,0.5,0.0238138246772928
"M0","Information-communication",2018-06-30,726,0,,,0.0250131048881688,0.0267033931090104,0.5,0.0267033931090104
"M0","Information-communication",2018-09-30,723,0,,,0.00871941409985943,0.0227802204571883,0.5,0.0227802204571883
"M0","Information-communication",2018-12-31,726,0,,,0.0017418043179287,0.0198353373605658,0.5,0.0198353373605658
"M0","Information-communication",2019-03-31,726,0,,,0.000840591265317769,0.0208066457532991,0.5,0.0208066457532991
"M0","Information-communication",2019-06-30,726,0,,,0.00593404498862071,0.0195649375912108,0.5,0.0195649375912108
"M0","Information-communication",2019-09-30,723,0,,,0.0095827091317755,0.0245599444569149,0.5,0.0245599444569149
"M0","Information-communication",2019-12-31,723,0,,,0.0110725639758531,0.0224294120588152,0.5,0.0224294120588152
"M0","Information-communication",2020-03-31,714,0,,,0.0419599960536452,0.0213821338843639,0.5,0.0213821338843639
"M0","Information-communication",2020-06-30,714,0,,,-0.0210436716728193,0.0230317616592223,0.5,0.0230317616592223
"M0","Information-communication",2020-09-30,711,0,,,-0.00204975173975619,0.0163388280289452,0.5,0.0163388280289452
"M0","Information-communication",2020-12-31,708,0,,,0.0411703029645043,0.0270349569632045,0.5,0.0270349569632045
"M0","Information-communication",2021-03-31,714,0,,,-0.0536933298258049,0.0218335879307991,0.5,0.0218335879307991
"M0","Information-communication",2021-06-30,714,0,,,0.00186143113149839,0.0188994125399165,0.5,0.0188994125399165
"M0","Information-communication",2021-09-30,717,0,,,0.00942302584054922,0.0190179195185552,0.5,0.0190179195185552
"M0","Information-communication",2021-12-31,717,0,,,0.0317145043040412,0.0220949652728678,0.5,0.0220949652728678
"M0","Information-communication",2022-03-31,726,0,,,0.00597454514787366,0.0214147669734638,0.5,0.0214147669734638
"M0","Information-communication",2022-06-30,726,0,,,0.00161153463684727,0.0223742415761555,0.5,0.0223742415761555
"M0","Information-communication",2022-09-30,723,0,,,0.0112829099708271,0.0193218689122779,0.5,0.0193218689122779
"M0","Information-communication",2022-12-31,723,0,,,-0.0182958711637902,0.0178847784462767,0.5,0.0178847784462767
"M0","Information-communication",2023-03-31,729,0,,,0.0550902776591649,0.00658965832462748,0.5,0.00658965832462748
"M0","Information-communication",2023-06-30,552,0,,,0.0108067356801964,0.0239339350561539,0.5,0.0239339350561539
"M0","Information-communication",2023-09-30,717,0,,,-0.00473773465213512,0.0210429570675845,0.5,0.0210429570675845
"M0","Information-communication",2023-12-31,714,0,,,-0.000895282531592656,0.0182483090690289,0.5,0.0182483090690289
"M0","Information-communication",2024-03-31,714,0,,,0.026793324234438,0.0210546688741508,0.5,0.0210546688741508
"M0","Information-communication",2024-06-30,717,0,,,0.001257668725545,0.0247314692317778,0.5,0.0247314692317778
"M0","Information-communication",2024-09-30,717,0,,,-0.00629426164916325,0.0216714594344862,0.5,0.0216714594344862
"M0","Information-communication",2024-12-31,717,0,,,0.0171119883477697,0.0223145028126143,0.5,0.0223145028126143
"M0","Information-communication",2025-03-31,717,0,,,-0.0293164263615733,0.024233519924589,0.5,0.024233519924589
"M0","Information-communication",2025-06-30,552,0,,,0.0212659373554622,0.0221502707613554,0.5,0.0221502707613554
"M0","Information-communication",2025-09-30,552,0,,,-0.0160974475343618,0.0202156715306706,0.5,0.0202156715306706
"M0","Information-communication",2025-12-31,546,0,,,0.0239716974815245,0.0236013882588358,0.5,0.0236013882588358
"M0","Information-communication",2026-03-31,543,0,,,-0.00933597860249158,0.0188829454122323,0.5,0.0188829454122323
"M0","Pêche",2014-06-30,603,0,,,0.238884348531972,-0.000999570503781654,0.5,-0.000999570503781654
"M0","Pêche",2014-09-30,600,0,,,-0.0842585990548885,-0.0140790872750741,0.5,-0.0140790872750741
"M0","Pêche",2014-12-31,597,0,,,0.0971925333013068,-0.00560863183832511,0.5,-0.00560863183832511
"M0","Pêche",2015-03-31,600,0,,,-0.0182664312630081,-0.00244108431895587,0.5,-0.00244108431895587
"M0","Pêche",2015-06-30,606,0,,,0.0112681719167798,0.00365731835177571,0.5,0.00365731835177571
"M0","Pêche",2015-09-30,606,0,,,-0.0240378912771044,-0.000999300630460134,0.5,-0.000999300630460134
"M0","Pêche",2015-12-31,609,0,,,0.0711997243889542,0.00655587352674376,0.5,0.00655587352674376
"M0","Pêche",2016-03-31,618,0,,,0.0522788830555712,-0.00439795316152736,0.5,-0.00439795316152736
"M0","Pêche",2016-06-30,621,0,,,-0.0692837716719641,-0.00454193895761413,0.5,-0.00454193895761413
"M0","Pêche",2016-09-30,588,0,,,-0.0707389562407208,0.00507426860234367,0.5,0.00507426860234367
"M0","Pêche",2016-12-31,591,0,,,0.100756292896915,-0.00261749375662086,0.5,-0.00261749375662086
"M0","Pêche",2017-03-31,600,0,,,-0.0981301116583815,-0.000108959568785388,0.5,-0.000108959568785388
"M0","Pêche",2017-06-30,600,0,,,-0.0199501670707116,0.00498932814816059,0.5,0.00498932814816059
"M0","Pêche",2017-09-30,597,0,,,0.0209332096664658,0.00203090303419007,0.5,0.00203090303419007
"M0","Pêche",2017-12-31,714,0,,,-0.0659095853471712,0.00110619122177103,0.5,0.00110619122177103
"M0","Pêche",2018-03-31,723,5,0.0219737629871423,2017-12-31,-0.118526708999348,0.00409250452649495,0.5,0.0130331337568186
"M0","Pêche",2018-06-30,726,5,0.0760230040021682,2018-03-31,0.0565619820165848,0.0176268564013249,0.5,0.0468249302017466
"M0","Pêche",2018-09-30,723,5,-0.0155806991660302,2018-06-30,-0.0520428663582821,0.00223453884793879,0.5,-0.00667308015904571
"M0","Pêche",2018-12-31,726,0,,,0.0519498128058951,-0.00242950525524237,0.5,-0.00242950525524237
"M0","Pêche",2019-03-31,726,5,0.00294853608065715,2018-06-30,0.165886600744615,0.00194418873897726,0.5,0.00244636240981721
"M0","Pêche",2019-06-30,726,0,,,-0.10051090919398,-0.0361441619886129,0.5,-0.0361441619886129
"M0","Pêche",2019-09-30,723,0,,,0.107189386187184,0.0128049962048641,0.5,0.0128049962048641
"M0","Pêche",2019-12-31,723,5,0.0755144098494555,2018-06-30,-0.178444977080698,0.00323256169326961,0.5,0.0393734857713625
"M0","Pêche",2020-03-31,714,5,-0.0214564507530977,2019-12-31,0.250419564323746,0.00569287368339539,0.5,-0.00788178853485116
"M0","Pêche",2020-06-30,714,0,,,-0.182744294243855,0.0357225585486882,0.5,0.0357225585486882
"M0","Pêche",2020-09-30,711,0,,,0.449867423442043,0.00446374201032906,0.5,0.00446374201032906
"M0","Pêche",2020-12-31,708,0,,,-0.549113253084071,0.0300882332202258,0.5,0.0300882332202258
"M0","Pêche",2021-03-31,714,5,0.0636204151553385,2019-12-31,0.301831328865735,0.00859614682572679,0.5,0.0361082809905326
"M0","Pêche",2021-06-30,714,5,-0.0892060727149127,2021-03-31,0.086451616600093,-0.00964365691871637,0.5,-0.0494248648168145
"M0","Pêche",2021-09-30,717,5,0.0345505330782041,2021-06-30,-0.0880960598262783,-0.00383558754625745,0.5,0.0153574727659733
"M0","Pêche",2021-12-31,717,5,0.02276107043451,2021-09-30,0.102924635387614,0.0146934961926879,0.5,0.0187272833135989
"M0","Pêche",2022-03-31,726,5,0.031687479894556,2021-12-31,-0.251794115386521,-0.0038224727266961,0.5,0.01393250358393
"M0","Pêche",2022-06-30,726,5,0.100511577140796,2022-03-31,0.0309075374630767,-0.000175243541600336,0.5,0.0501681667995978
"M0","Pêche",2022-09-30,723,3,-0.0468387725916334,2022-06-30,-0.424362348289532,0.00311213458101047,0.5,-0.0218633190053115
"M0","Pêche",2022-12-31,723,5,0.0367701345674219,2022-09-30,0.537806048836181,0.0211587764184412,0.5,0.0289644554929315
"M0","Pêche",2023-03-31,729,2,-0.321016971835357,2022-12-31,-0.196422814008341,-0.0851770901785509,0.5,-0.203097031006954
"M0","Pêche",2023-06-30,552,2,0.0172467431666838,2022-09-30,0.108653138186501,0.0204885639305283,0.5,0.0188676535486061
"M0","Pêche",2023-09-30,717,2,-0.177625142893137,2023-06-30,0.0833031314032056,-0.00733238796590109,0.5,-0.092478765429519
"M0","Pêche",2023-12-31,714,5,0.0330563195610319,2022-09-30,-0.169722558184949,-0.0112094913306088,0.5,0.0109234141152116
"M0","Pêche",2024-03-31,714,5,0.135192231859833,2023-12-31,0.137736263229147,0.0321943029255859,0.5,0.0836932673927095
"M0","Pêche",2024-06-30,717,5,-0.0975813606689748,2024-03-31,-0.124393100066797,-0.00302814502527464,0.5,-0.0503047528471247
"M0","Pêche",2024-09-30,717,5,-0.0630337983912326,2024-06-30,0.3409847439024,0.0162443811730374,0.5,-0.0233947086090976
"M0","Pêche",2024-12-31,717,5,-0.220140954633188,2024-09-30,-0.314903192186618,-0.00885931164393119,0.5,-0.11450013313856
"M0","Pêche",2025-03-31,717,5,0.193771406591854,2024-12-31,0.0879705045311976,0.0698904733558483,0.5,0.131830939973851
"M0","Pêche",2025-06-30,552,5,0.820554603706788,2025-03-31,-0.202438183367684,0.0116477655842803,0.5,0.416101184645534
"M0","Pêche",2025-09-30,552,5,0.0901363958177228,2025-06-30,0.141488674493727,0.0469071869359351,0.5,0.068521791376829
"M0","Pêche",2025-12-31,546,5,-0.13621389003707,2025-09-30,-0.181089428496749,-0.06053298572125,0.5,-0.09837343787916
"M0","Pêche",2026-03-31,543,5,0.0176492400306892,2025-12-31,0.222874852773161,0.053549101411741,0.5,0.0355991707212151
"M0","Transports",2014-06-30,603,0,,,0.028015303409596,0.0141536051730765,0.5,0.0141536051730765
"M0","Transports",2014-09-30,600,0,,,-0.00329148743112206,0.0131550204147149,0.5,0.0131550204147149
"M0","Transports",2014-12-31,597,0,,,0.00554226208478248,0.0142599898517394,0.5,0.0142599898517394
"M0","Transports",2015-03-31,600,0,,,0.0274647989726873,0.0140194057609696,0.5,0.0140194057609696
"M0","Transports",2015-06-30,606,0,,,0.0238870417103634,0.0130427995271564,0.5,0.0130427995271564
"M0","Transports",2015-09-30,606,0,,,-0.000400525138307017,0.0139908746054988,0.5,0.0139908746054988
"M0","Transports",2015-12-31,609,0,,,0.0136274565391865,0.0142004949137126,0.5,0.0142004949137126
"M0","Transports",2016-03-31,618,0,,,-0.00224188236103728,0.0180787374977578,0.5,0.0180787374977578
"M0","Transports",2016-06-30,621,0,,,-0.0304162214184824,0.0171810686543806,0.5,0.0171810686543806
"M0","Transports",2016-09-30,588,0,,,0.0405851512318183,0.0140168719932552,0.5,0.0140168719932552
"M0","Transports",2016-12-31,591,0,,,-0.000806231998783602,0.0132038186697193,0.5,0.0132038186697193
"M0","Transports",2017-03-31,600,0,,,0.00525061131594917,0.0132584575868841,0.5,0.0132584575868841
"M0","Transports",2017-06-30,600,0,,,-0.00885390403460029,0.0147036017529837,0.5,0.0147036017529837
"M0","Transports",2017-09-30,597,0,,,0.00323264375167831,0.0125345159048235,0.5,0.0125345159048235
"M0","Transports",2017-12-31,714,0,,,0.00270040887982859,0.0144349176001422,0.5,0.0144349176001422
"M0","Transports",2018-03-31,723,0,,,-0.00771766276284147,0.0127324187950481,0.5,0.0127324187950481
"M0","Transports",2018-06-30,726,0,,,0.0381116237789918,0.0114358870241822,0.5,0.0114358870241822
"M0","Transports",2018-09-30,723,0,,,-0.0562132165992164,0.012916040817674,0.5,0.012916040817674
"M0","Transports",2018-12-31,726,0,,,0.0024741177684291,0.0120675214836421,0.5,0.0120675214836421
"M0","Transports",2019-03-31,726,0,,,0.0567198839409837,0.0111470584263773,0.5,0.0111470584263773
"M0","Transports",2019-06-30,726,0,,,0.100742314764428,0.00665525952470219,0.5,0.00665525952470219
"M0","Transports",2019-09-30,723,0,,,-0.105961891018188,0.00786649167377473,0.5,0.00786649167377473
"M0","Transports",2019-12-31,723,0,,,-0.0390667942682299,0.0126349581539969,0.5,0.0126349581539969
"M0","Transports",2020-03-31,714,0,,,-0.0126004908496,0.00998825619226729,0.5,0.00998825619226729
"M0","Transports",2020-06-30,714,0,,,-0.501094849125378,0.000110559992614148,0.5,0.000110559992614148
"M0","Transports",2020-09-30,711,0,,,0.125969152849114,0.0225324483589166,0.5,0.0225324483589166
"M0","Transports",2020-12-31,708,0,,,0.122566805849722,0.0102959727811038,0.5,0.0102959727811038
"M0","Transports",2021-03-31,714,0,,,0.0562033294168316,0.00319788801215952,0.5,0.00319788801215952
"M0","Transports",2021-06-30,714,0,,,0.000731330783699136,0.0098771813694828,0.5,0.0098771813694828
"M0","Transports",2021-09-30,717,0,,,0.0731279057345535,0.0130402847290895,0.5,0.0130402847290895
"M0","Transports",2021-12-31,717,0,,,-0.0243022849728511,0.0109580356678965,0.5,0.0109580356678965
"M0","Transports",2022-03-31,726,0,,,-0.0184384391565189,0.0112131205447917,0.5,0.0112131205447917
"M0","Transports",2022-06-30,726,0,,,0.0331947459481938,0.0111405510752218,0.5,0.0111405510752218
"M0","Transports",2022-09-30,723,0,,,0.0296892895055922,0.0122061351734691,0.5,0.0122061351734691
"M0","Transports",2022-12-31,723,0,,,-0.00518075012109698,0.0132427908480447,0.5,0.0132427908480447
"M0","Transports",2023-03-31,729,0,,,0.0341097935940446,0.0170919938318446,0.5,0.0170919938318446
"M0","Transports",2023-06-30,552,0,,,0.0106539923050857,0.00814437110334127,0.5,0.00814437110334127
"M0","Transports",2023-09-30,717,0,,,0.00294728832205848,0.0110643979483545,0.5,0.0110643979483545
"M0","Transports",2023-12-31,714,0,,,0.0143046496502013,0.000691444645788297,0.5,0.000691444645788297
"M0","Transports",2024-03-31,714,0,,,0.0448609908773161,-0.00011930428150073,0.5,-0.00011930428150073
"M0","Transports",2024-06-30,717,0,,,0.0233315106872372,0.014878461367281,0.5,0.014878461367281
"M0","Transports",2024-09-30,717,0,,,-0.000696765512168795,0.00878334236570151,0.5,0.00878334236570151
"M0","Transports",2024-12-31,717,0,,,0.0179385719466758,0.00863875431731276,0.5,0.00863875431731276
"M0","Transports",2025-03-31,717,0,,,-2.13944930589349e-05,0.00746259335818907,0.5,0.00746259335818907
"M0","Transports",2025-06-30,552,0,,,0.0262253345690056,0.0121017134674558,0.5,0.0121017134674558
"M0","Transports",2025-09-30,552,0,,,-0.00840283920981122,0.00691333943636892,0.5,0.00691333943636892
"M0","Transports",2025-12-31,546,0,,,0.0256348485772033,0.0117068666480418,0.5,0.0117068666480418
"M0","Transports",2026-03-31,543,0,,,0.00343555107293625,0.00521837220506411,0.5,0.00521837220506411
"M0","Électricité, gaz, eau",2014-06-30,603,1,0.0132997358367462,2014-03-31,0.0332147863217731,0.0146477094499805,0.5,0.0139737226433633
"M0","Électricité, gaz, eau",2014-09-30,600,1,0.00114951340208332,2014-06-30,-0.00679393605210521,0.00788023198356382,0.5,0.00451487269282357
"M0","Électricité, gaz, eau",2014-12-31,597,1,0.0151012711811398,2014-09-30,-0.00857021450047135,0.00858555759323919,0.5,0.0118434143871895
"M0","Électricité, gaz, eau",2015-03-31,600,3,0.0021793730372865,2014-12-31,0.0437145225973961,0.00884921238223348,0.5,0.00551429270975999
"M0","Électricité, gaz, eau",2015-06-30,606,5,-0.026610281769517,2015-03-31,0.00610525562054143,0.0100129920168948,0.5,-0.0082986448763111
"M0","Électricité, gaz, eau",2015-09-30,606,5,-0.0146230751360933,2015-06-30,0.0103469379268244,0.0117712031787603,0.5,-0.0014259359786665
"M0","Électricité, gaz, eau",2015-12-31,609,4,-0.00412067732174881,2015-09-30,-0.00455943213512988,0.00907087004314348,0.5,0.00247509636069733
"M0","Électricité, gaz, eau",2016-03-31,618,5,-0.00936731439688095,2015-12-31,0.000155955147615572,0.010328303361933,0.5,0.000480494482526025
"M0","Électricité, gaz, eau",2016-06-30,621,4,0.0023366939683585,2016-03-31,-0.017175634556283,0.0044390794189665,0.5,0.0033878866936625
"M0","Électricité, gaz, eau",2016-09-30,588,4,0.00843729097058731,2016-06-30,0.0711460023338066,0.00927168715997263,0.5,0.00885448906527997
"M0","Électricité, gaz, eau",2016-12-31,591,5,0.00151619000853714,2016-09-30,-0.0359660643263187,0.00588625183696977,0.5,0.00370122092275346
"M0","Électricité, gaz, eau",2017-03-31,600,5,0.00549335782400186,2016-12-31,-0.00716286993772819,0.00956577654612547,0.5,0.00752956718506366
"M0","Électricité, gaz, eau",2017-06-30,600,5,0.0195019253499546,2017-03-31,0.0253000677575166,0.00916374339825512,0.5,0.0143328343741049
"M0","Électricité, gaz, eau",2017-09-30,597,5,0.00847184083429416,2017-06-30,0.0048164662893857,0.00714456804040103,0.5,0.00780820443734759
"M0","Électricité, gaz, eau",2017-12-31,714,5,0.0110451803375028,2017-09-30,0.0387992037287237,0.00927679771418092,0.5,0.0101609890258419
"M0","Électricité, gaz, eau",2018-03-31,723,5,0.00858053522940986,2017-12-31,0.0223262968366722,0.00822401884561453,0.5,0.00840227703751219
"M0","Électricité, gaz, eau",2018-06-30,726,5,-0.0106726719166089,2018-03-31,-0.016153880771169,0.00724824029248788,0.5,-0.00171221581206051
"M0","Électricité, gaz, eau",2018-09-30,723,4,-0.0256811885726315,2018-06-30,0.0411974248960654,0.00775235295529797,0.5,-0.00896441780866676
"M0","Électricité, gaz, eau",2018-12-31,726,3,-0.0343651447107026,2018-09-30,0.0623784425554952,0.00151060326382151,0.5,-0.0164272707234405
"M0","Électricité, gaz, eau",2019-03-31,726,1,-0.0312624746403168,2018-12-31,0.0925664554057999,0.00763040373789924,0.5,-0.0118160354512088
"M0","Électricité, gaz, eau",2019-06-30,726,3,-0.0338642995024053,2019-03-31,-0.0124026726248605,0.0048789593049273,0.5,-0.014492670098739
"M0","Électricité, gaz, eau",2019-09-30,723,3,-0.00679526599024426,2019-06-30,-0.0152269847098676,0.0118104322328054,0.5,0.00250758312128057
"M0","Électricité, gaz, eau",2019-12-31,723,3,-0.000761661747865058,2019-09-30,-0.00625851062808103,0.0116090980007103,0.5,0.00542371812642262
"M0","Électricité, gaz, eau",2020-03-31,714,3,0.0521461776291736,2019-12-31,0.0213425854542955,0.0133282177143148,0.5,0.0327371976717442
"M0","Électricité, gaz, eau",2020-06-30,714,3,0.0232523592169627,2020-03-31,-0.0970147629221021,0.0116253106567407,0.5,0.0174388349368517
"M0","Électricité, gaz, eau",2020-09-30,711,2,0.0196233734694308,2020-06-30,0.114417799543279,0.0203679484167375,0.5,0.0199956609430842
"M0","Électricité, gaz, eau",2020-12-31,708,3,-0.0150965905950402,2020-09-30,-0.016022429172736,0.00763759661181983,0.5,-0.00372949699161018
"M0","Électricité, gaz, eau",2021-03-31,714,4,0.0287268794199333,2020-12-31,0.0217529032326009,0.0142507064559801,0.5,0.0214887929379567
"M0","Électricité, gaz, eau",2021-06-30,714,4,0.0221615119770073,2021-03-31,0.0253032608158232,0.0117374484688917,0.5,0.0169494802229495
"M0","Électricité, gaz, eau",2021-09-30,717,5,0.0250985379561619,2021-06-30,0.0158724557012508,0.014287837676236,0.5,0.0196931878161989
"M0","Électricité, gaz, eau",2021-12-31,717,5,0.00526781345652668,2021-09-30,0.0138196358846692,0.0147813379033558,0.5,0.0100245756799412
"M0","Électricité, gaz, eau",2022-03-31,726,5,0.0141549201320064,2021-12-31,-0.0635858178619184,0.0117816009097258,0.5,0.0129682605208661
"M0","Électricité, gaz, eau",2022-06-30,726,5,0.0146108600500979,2022-03-31,0.00902096583624079,0.0111161028363726,0.5,0.0128634814432353
"M0","Électricité, gaz, eau",2022-09-30,723,5,0.016984763943007,2022-06-30,-0.00480416973629261,0.0117854211849548,0.5,0.0143850925639809
"M0","Électricité, gaz, eau",2022-12-31,723,5,-0.0109932122493323,2022-09-30,-0.0308377748401991,0.0164287285184849,0.5,0.0027177581345763
"M0","Électricité, gaz, eau",2023-03-31,729,5,0.00220039866723481,2022-12-31,-0.122401604802485,0.00491119316459571,0.5,0.00355579591591526
"M0","Électricité, gaz, eau",2023-06-30,552,5,-0.0368044959937656,2023-03-31,0.0472201858772916,0.0167429521213334,0.5,-0.0100307719362161
"M0","Électricité, gaz, eau",2023-09-30,717,5,0.00388136526937339,2023-06-30,0.00207719445817389,0.00858480447681304,0.5,0.00623308487309321
"M0","Électricité, gaz, eau",2023-12-31,714,5,-0.0272058258521037,2023-09-30,-0.0104818116311538,0.0133204612169981,0.5,-0.0069426823175528
"M0","Électricité, gaz, eau",2024-03-31,714,5,-0.0106519021691952,2023-12-31,0.0293667797510366,0.0222722417795464,0.5,0.0058101698051756
"M0","Électricité, gaz, eau",2024-06-30,717,5,-0.0153716121908682,2024-03-31,-0.0474179307558522,0.00737316359000585,0.5,-0.00399922430043117
"M0","Électricité, gaz, eau",2024-09-30,717,5,0.0131185988191244,2024-06-30,0.100587875391312,0.0117658201185831,0.5,0.0124422094688538
"M0","Électricité, gaz, eau",2024-12-31,717,5,-0.0177979792370051,2024-09-30,0.0115181001740545,0.00778918186518608,0.5,-0.00500439868590951
"M0","Électricité, gaz, eau",2025-03-31,717,5,0.00577949932131139,2024-12-31,-0.0640900842189289,0.0163996483811137,0.5,0.0110895738512125
"M0","Électricité, gaz, eau",2025-06-30,552,5,-0.0163055403204236,2025-03-31,-0.0109469608200001,0.0209032412501338,0.5,0.0022988504648551
"M0","Électricité, gaz, eau",2025-09-30,552,5,-0.000115497593137934,2025-06-30,0.0726483567256153,0.0145466146290205,0.5,0.00721555851794128
"M0","Électricité, gaz, eau",2025-12-31,546,5,-0.0178644032420322,2025-09-30,-0.0191714590402032,-0.00561992620699645,0.5,-0.0117421647245143
"M0","Électricité, gaz, eau",2026-03-31,543,5,-0.00598303838586291,2025-12-31,-0.0771317041623973,0.00390440593123111,0.5,-0.0010393162273159
"M1","Agriculture",2014-06-30,405,0,,,0.0364714396168857,0.0175030651021184,0.5,0.0175030651021184
"M1","Agriculture",2014-09-30,406,0,,,0.0235744177595567,0.00225184627887035,0.5,0.00225184627887035
"M1","Agriculture",2014-12-31,400,0,,,0.0253025688850634,0.0200060122948302,0.5,0.0200060122948302
"M1","Agriculture",2015-03-31,408,0,,,0.0521449979479787,0.0108141041806088,0.5,0.0108141041806088
"M1","Agriculture",2015-06-30,409,0,,,0.0317672490600582,0.00817656924350645,0.5,0.00817656924350645
"M1","Agriculture",2015-09-30,406,0,,,0.0329272719732145,0.00903393990976414,0.5,0.00903393990976414
"M1","Agriculture",2015-12-31,408,0,,,0.00507799922861274,0.0118177215761837,0.5,0.0118177215761837
"M1","Agriculture",2016-03-31,495,0,,,-0.265832646674593,0.0112290717315121,0.5,0.0112290717315121
"M1","Agriculture",2016-06-30,434,0,,,0.00748113104625325,0.0119608349124837,0.5,0.0119608349124837
"M1","Agriculture",2016-09-30,397,0,,,0.0239103237598961,0.0110047042272691,0.5,0.0110047042272691
"M1","Agriculture",2016-12-31,397,0,,,0.00479642186034113,-0.00511833500923946,0.5,-0.00511833500923946
"M1","Agriculture",2017-03-31,402,0,,,0.156411418832823,0.0259132369351288,0.5,0.0259132369351288
"M1","Agriculture",2017-06-30,471,0,,,0.031215998995707,0.00598885526714524,0.5,0.00598885526714524
"M1","Agriculture",2017-09-30,404,0,,,-0.001589953838673,0.00862831113148479,0.5,0.00862831113148479
"M1","Agriculture",2017-12-31,478,0,,,-0.00572029123758178,0.00927646707816531,0.5,0.00927646707816531
"M1","Agriculture",2018-03-31,485,0,,,0.033613953651912,0.011041592661361,0.5,0.011041592661361
"M1","Agriculture",2018-06-30,485,0,,,0.0315396357748075,-0.000547089117364585,0.5,-0.000547089117364585
"M1","Agriculture",2018-09-30,553,0,,,-0.0076855501979054,0.00827543424918903,0.5,0.00827543424918903
"M1","Agriculture",2018-12-31,484,0,,,-0.00708189895160238,0.0239542637109607,0.5,0.0239542637109607
"M1","Agriculture",2019-03-31,557,0,,,-0.0674225881272044,0.0125525807665885,0.5,0.0125525807665885
"M1","Agriculture",2019-06-30,485,0,,,0.0269576277375521,0.0216583643179617,0.5,0.0216583643179617
"M1","Agriculture",2019-09-30,483,0,,,-0.00378790367855686,-0.0230737906305004,0.5,-0.0230737906305004
"M1","Agriculture",2019-12-31,493,0,,,-0.00545796285781641,0.00545000525263175,0.5,0.00545000525263175
"M1","Agriculture",2020-03-31,541,0,,,-0.0733468122559131,0.000160189584848236,0.5,0.000160189584848236
"M1","Agriculture",2020-06-30,553,0,,,0.00964980812139338,-0.00789671527844581,0.5,-0.00789671527844581
"M1","Agriculture",2020-09-30,547,0,,,-0.0341340216865049,0.0303985752293546,0.5,0.0303985752293546
"M1","Agriculture",2020-12-31,474,0,,,-0.00972120420603417,-0.0104773711250303,0.5,-0.0104773711250303
"M1","Agriculture",2021-03-31,476,0,,,0.198088349077135,0.00751918162875032,0.5,0.00751918162875032
"M1","Agriculture",2021-06-30,479,0,,,0.00736929305629452,0.0057395550062642,0.5,0.0057395550062642
"M1","Agriculture",2021-09-30,480,0,,,-0.00217917484074093,0.00926930518876699,0.5,0.00926930518876699
"M1","Agriculture",2021-12-31,480,0,,,-0.00946965224747842,0.00399440960151357,0.5,0.00399440960151357
"M1","Agriculture",2022-03-31,486,0,,,-0.106650718690272,0.0117318118174543,0.5,0.0117318118174543
"M1","Agriculture",2022-06-30,486,0,,,-0.00714754922684868,0.0094590102527439,0.5,0.0094590102527439
"M1","Agriculture",2022-09-30,487,0,,,0.0022277626879923,0.003957204692481,0.5,0.003957204692481
"M1","Agriculture",2022-12-31,487,0,,,-0.00919879348349895,-0.00609200798322126,0.5,-0.00609200798322126
"M1","Agriculture",2023-03-31,547,0,,,0.0350757280012495,0.0252284939868304,0.5,0.0252284939868304
"M1","Agriculture",2023-06-30,378,0,,,-0.0122701816794795,0.00363703031476224,0.5,0.00363703031476224
"M1","Agriculture",2023-09-30,482,0,,,-0.00378759914928928,0.00556184645374601,0.5,0.00556184645374601
"M1","Agriculture",2023-12-31,477,0,,,-0.00788085316350973,0.0235561948801528,0.5,0.0235561948801528
"M1","Agriculture",2024-03-31,477,0,,,-0.0365847420386523,0.0149214585764306,0.5,0.0149214585764306
"M1","Agriculture",2024-06-30,479,0,,,-0.00664188506091534,0.00116566099343259,0.5,0.00116566099343259
"M1","Agriculture",2024-09-30,479,0,,,-0.0112104142680227,0.00222012853221105,0.5,0.00222012853221105
"M1","Agriculture",2024-12-31,479,0,,,-0.00435261931916919,0.00389667779732688,0.5,0.00389667779732688
"M1","Agriculture",2025-03-31,534,0,,,0.100359632990509,0.00480642550169154,0.5,0.00480642550169154
"M1","Agriculture",2025-06-30,369,1,0.0327326761299506,2025-03-31,-0.00473311427913181,0.0010681782940441,0.5,0.0169004272119973
"M1","Agriculture",2025-09-30,372,1,-0.00560841672686085,2025-06-30,-0.0140787530247088,0.0110220129883565,0.5,0.00270679813074783
"M1","Agriculture",2025-12-31,366,1,-4.65821648219511e-05,2025-09-30,-0.00148214583971118,0.0061162562436078,0.5,0.00303483703939292
"M1","Agriculture",2026-03-31,364,1,0.0581029713378467,2025-12-31,0.189386571246226,0.0213610005199623,0.5,0.0397319859289045
"M1","Commerce",2014-06-30,405,0,,,0.00951978546845211,0.0113431434777973,0.5,0.0113431434777973
"M1","Commerce",2014-09-30,406,0,,,-0.0115603603846139,0.00841997445921111,0.5,0.00841997445921111
"M1","Commerce",2014-12-31,400,0,,,-0.0494865182085977,0.00839443354473628,0.5,0.00839443354473628
"M1","Commerce",2015-03-31,408,3,-0.00872478921614322,2014-12-31,0.0315083401930245,0.00618332612570919,0.5,-0.00127073154521701
"M1","Commerce",2015-06-30,409,2,-0.00814794209325856,2015-03-31,0.0159370922398132,0.00771943368934421,0.5,-0.000214254201957175
"M1","Commerce",2015-09-30,406,3,-0.00122714679451781,2015-06-30,-0.0019131817420277,0.00742562113757371,0.5,0.00309923717152795
"M1","Commerce",2015-12-31,408,3,-0.021130878698868,2015-09-30,0.00735412998310103,0.00779999199756191,0.5,-0.00666544335065304
"M1","Commerce",2016-03-31,495,3,-0.0130619408559652,2015-12-31,-0.0158055279342868,0.00901624417504578,0.5,-0.00202284834045971
"M1","Commerce",2016-06-30,434,3,-0.0135133387989463,2016-03-31,0.0133516373977667,0.00830763453854398,0.5,-0.00260285213020116
"M1","Commerce",2016-09-30,397,3,0.0150715208187553,2016-06-30,0.0267524972525734,0.00918927208823553,0.5,0.0121303964534954
"M1","Commerce",2016-12-31,397,4,-0.0111228423153151,2016-09-30,0.0309847865136277,0.0113671150462135,0.5,0.000122136365449201
"M1","Commerce",2017-03-31,402,4,0.0193749642589859,2016-12-31,0.00917546195855401,0.00984818921105807,0.5,0.014611576735022
"M1","Commerce",2017-06-30,471,4,0.00716839358063023,2017-03-31,-0.00349218376741867,0.0104128510203937,0.5,0.00879062230051196
"M1","Commerce",2017-09-30,404,4,0.0111165331175428,2017-06-30,-0.0111426180419461,0.00960355702342151,0.5,0.0103600450704822
"M1","Commerce",2017-12-31,478,4,0.00464393720549932,2017-09-30,0.0160473615406325,0.00875786849729404,0.5,0.00670090285139668
"M1","Commerce",2018-03-31,485,4,0.00202410460403415,2017-12-31,-0.0230462931639384,0.00942639477500668,0.5,0.00572524968952041
"M1","Commerce",2018-06-30,485,4,0.0134250919022997,2018-03-31,0.00870212621648037,0.00713397560948433,0.5,0.010279533755892
"M1","Commerce",2018-09-30,553,4,0.0030959581380245,2018-06-30,0.00962442845128741,0.00817826905196376,0.5,0.00563711359499413
"M1","Commerce",2018-12-31,484,4,-0.0156050524581028,2018-09-30,0.0165859648209938,0.00718587423336388,0.5,-0.00420958911236946
"M1","Commerce",2019-03-31,557,3,0.000629125168146498,2018-12-31,-0.0198319410856413,0.00947184643730503,0.5,0.00505048580272576
"M1","Commerce",2019-06-30,485,3,-0.000923449707553401,2019-03-31,0.0339504681612155,0.00798376200343544,0.5,0.00353015614794102
"M1","Commerce",2019-09-30,483,3,0.00596985740282915,2019-06-30,-0.00535962123528755,0.00423099134570187,0.5,0.00510042437426551
"M1","Commerce",2019-12-31,493,4,-0.00442416858998824,2019-09-30,-0.0070521019456713,0.00764851495452053,0.5,0.00161217318226615
"M1","Commerce",2020-03-31,541,5,-0.0113006402868759,2019-12-31,-0.0169610578868529,0.00587772398831716,0.5,-0.00271145814927937
"M1","Commerce",2020-06-30,553,4,-0.0229215354259095,2020-03-31,-0.150671734390357,-0.00373383217959304,0.5,-0.0133276838027513
"M1","Commerce",2020-09-30,547,3,-0.0148084454598552,2020-06-30,0.108126994394249,0.00223355698600013,0.5,-0.00628744423692754
"M1","Commerce",2020-12-31,474,3,-0.0215866471696686,2019-12-31,0.020045836468638,0.0101776845920583,0.5,-0.00570448128880515
"M1","Commerce",2021-03-31,476,3,-0.00419211871191083,2020-12-31,0.0273111173838672,0.00574794982962526,0.5,0.000777915558857215
"M1","Commerce",2021-06-30,479,1,-0.00703547031506888,2021-03-31,0.00987582878233084,0.00798502471855052,0.5,0.00047477720174082
"M1","Commerce",2021-09-30,480,2,0.00608008721334493,2021-06-30,0.0199199534821144,0.00671087992601535,0.5,0.00639548356968014
"M1","Commerce",2021-12-31,480,2,0.0114483333845065,2021-09-30,0.0158034521479156,0.00693632237177593,0.5,0.00919232787814121
"M1","Commerce",2022-03-31,486,3,0.0219284386749926,2021-12-31,-0.0348034749137724,0.00754371163520957,0.5,0.0147360751551011
"M1","Commerce",2022-06-30,486,2,0.0203850849801531,2022-03-31,0.007272295596783,0.00619107793211208,0.5,0.0132880814561326
"M1","Commerce",2022-09-30,487,2,0.0224649953013451,2022-06-30,-0.00708032889736465,0.00789595555450624,0.5,0.0151804754279257
"M1","Commerce",2022-12-31,487,2,0.00929104109269926,2022-09-30,0.0110248570649674,0.00534596443128551,0.5,0.00731850276199239
"M1","Commerce",2023-03-31,547,2,0.00782367667215419,2022-12-31,0.0160767305589786,0.00412565968777209,0.5,0.00597466817996314
"M1","Commerce",2023-06-30,378,4,-0.0194526492290568,2023-03-31,0.00646517716538497,0.00632108389055682,0.5,-0.00656578266924999
"M1","Commerce",2023-09-30,482,4,0.0245557179730132,2023-06-30,0.00237756549880963,0.00572550601442212,0.5,0.0151406119937177
"M1","Commerce",2023-12-31,477,4,-0.00295709221583524,2023-09-30,0.00844315463132972,0.00324694141132473,0.5,0.000144924597744745
"M1","Commerce",2024-03-31,477,4,-0.00981994301536701,2023-12-31,0.0184637520602795,0.00555246499214392,0.5,-0.00213373901161155
"M1","Commerce",2024-06-30,479,4,0.0300453855608111,2024-03-31,0.000290896215341618,0.0069416337032158,0.5,0.0184935096320135
"M1","Commerce",2024-09-30,479,4,0.0175100796522615,2024-06-30,0.0154439711545749,0.00659218049984048,0.5,0.012051130076051
"M1","Commerce",2024-12-31,479,4,0.0190355952813744,2024-09-30,0.00571468262867647,0.00670576123591258,0.5,0.0128706782586435
"M1","Commerce",2025-03-31,534,4,-0.028357727395981,2024-09-30,0.0248772545888567,0.00694655096532436,0.5,-0.0107055882153283
"M1","Commerce",2025-06-30,369,3,0.0379509012907472,2025-03-31,0.00124917416875725,0.00573931300723424,0.5,0.0218451071489907
"M1","Commerce",2025-09-30,372,3,0.00417283685108087,2025-06-30,0.00388237799968039,0.00734920802397538,0.5,0.00576102243752813
"M1","Commerce",2025-12-31,366,3,0.012260543384847,2025-09-30,0.00474667366104242,0.00650358951918271,0.5,0.00938206645201485
"M1","Commerce",2026-03-31,364,3,-0.00841857903474847,2025-12-31,0.030304457095939,0.00558437278021224,0.5,-0.00141710312726812
"M1","Construction",2014-06-30,405,3,0.01707941512548,2014-03-31,0.00447736474689187,0.0135342524661724,0.5,0.0153068337958262
"M1","Construction",2014-09-30,406,2,0.00796797307647294,2014-06-30,-0.000619901584931526,0.0139608835007986,0.5,0.0109644282886358
"M1","Construction",2014-12-31,400,2,0.0114120263187838,2014-09-30,-0.0170090243189662,0.0135108994581792,0.5,0.0124614628884815
"M1","Construction",2015-03-31,408,1,0.00777530234013563,2014-12-31,-0.00530943948553997,0.0119242811701445,0.5,0.00984979175514007
"M1","Construction",2015-06-30,409,1,0.0125379071678389,2015-03-31,0.0209819845460189,0.0111879956953914,0.5,0.0118629514316151
"M1","Construction",2015-09-30,406,2,0.00963827618566924,2015-06-30,0.0115194109871428,0.0120684962486412,0.5,0.0108533862171552
"M1","Construction",2015-12-31,408,2,0.0134374177208242,2015-09-30,0.032079368271992,0.0114004814166324,0.5,0.0124189495687283
"M1","Construction",2016-03-31,495,3,0.0135894673942325,2015-12-31,0.0187855153946899,0.0130882506551527,0.5,0.0133388590246926
"M1","Construction",2016-06-30,434,0,,,-0.00501930687227414,0.012669329199756,0.5,0.012669329199756
"M1","Construction",2016-09-30,397,0,,,-0.00562759321653061,0.011636632309017,0.5,0.011636632309017
"M1","Construction",2016-12-31,397,0,,,-0.0052620417260254,0.0124515873959961,0.5,0.0124515873959961
"M1","Construction",2017-03-31,402,0,,,0.0132064022878779,0.0105025955245449,0.5,0.0105025955245449
"M1","Construction",2017-06-30,471,0,,,0.000867405836450175,0.0117889777110755,0.5,0.0117889777110755
"M1","Construction",2017-09-30,404,0,,,0.017936616006887,0.0114155714823311,0.5,0.0114155714823311
"M1","Construction",2017-12-31,478,0,,,-0.00784029652175278,0.0115486012069794,0.5,0.0115486012069794
"M1","Construction",2018-03-31,485,0,,,0.026272471549829,0.0107415786772516,0.5,0.0107415786772516
"M1","Construction",2018-06-30,485,0,,,0.00736116363280281,0.0130643283125074,0.5,0.0130643283125074
"M1","Construction",2018-09-30,553,0,,,-0.0192666965708348,0.0113876526016158,0.5,0.0113876526016158
"M1","Construction",2018-12-31,484,0,,,-0.0524286380169254,0.0100600784924261,0.5,0.0100600784924261
"M1","Construction",2019-03-31,557,0,,,0.0166559720067418,0.00885098456855127,0.5,0.00885098456855127
"M1","Construction",2019-06-30,485,0,,,0.0481920910731386,0.0119527879653205,0.5,0.0119527879653205
"M1","Construction",2019-09-30,483,0,,,0.0125910845192418,0.014249309052876,0.5,0.014249309052876
"M1","Construction",2019-12-31,493,0,,,-0.0273069523615579,0.00895884970361975,0.5,0.00895884970361975
"M1","Construction",2020-03-31,541,0,,,0.000213553084455143,0.00726370133625902,0.5,0.00726370133625902
"M1","Construction",2020-06-30,553,0,,,-0.102776372819593,0.000543484826574807,0.5,0.000543484826574807
"M1","Construction",2020-09-30,547,0,,,0.0356201479127147,-0.000286293027691621,0.5,-0.000286293027691621
"M1","Construction",2020-12-31,474,1,0.0128005467576037,2020-09-30,0.072642691639901,0.0127320820427462,0.5,0.0127663144001749
"M1","Construction",2021-03-31,476,1,0.0182269545806233,2020-12-31,-0.00494022963371066,0.0137820274801226,0.5,0.0160044910303729
"M1","Construction",2021-06-30,479,1,0.00470065261855123,2021-03-31,-0.00250132109599832,0.0099200849104172,0.5,0.00731036876448421
"M1","Construction",2021-09-30,480,1,0.00428573205622344,2021-06-30,0.0107028535882208,0.00986454778203801,0.5,0.00707513991913073
"M1","Construction",2021-12-31,480,1,0.0115135087353152,2021-09-30,0.00772099252970015,0.0129192439234903,0.5,0.0122163763294027
"M1","Construction",2022-03-31,486,1,0.00785984224866534,2021-12-31,-0.026866287683136,0.00953832346164042,0.5,0.00869908285515288
"M1","Construction",2022-06-30,486,1,0.000602888569570235,2022-03-31,-0.0038148328637746,0.00923638063925402,0.5,0.00491963460441213
"M1","Construction",2022-09-30,487,1,0.0057736254062219,2022-06-30,-0.0309753266623467,0.0088818641192418,0.5,0.00732774476273185
"M1","Construction",2022-12-31,487,1,0.00726822875154134,2022-09-30,-0.0138810252956052,0.00502176900630458,0.5,0.00614499887892296
"M1","Construction",2023-03-31,547,0,,,0.0264176726138974,0.00137059462271156,0.5,0.00137059462271156
"M1","Construction",2023-06-30,378,0,,,0.00252741405244095,0.0102549162102403,0.5,0.0102549162102403
"M1","Construction",2023-09-30,482,1,0.00148646778184769,2022-09-30,0.00248876146185317,0.0087000006609335,0.5,0.0050932342213906
"M1","Construction",2023-12-31,477,0,,,0.00486264809430104,0.00693905551430475,0.5,0.00693905551430475
"M1","Construction",2024-03-31,477,1,0.00668059187359182,2022-09-30,0.0243786805323758,0.00750063107069851,0.5,0.00709061147214517
"M1","Construction",2024-06-30,479,1,0.00761292811469136,2024-03-31,0.0131434129712957,0.0105724448604855,0.5,0.00909268648758843
"M1","Construction",2024-09-30,479,1,0.0162633950942347,2024-06-30,0.0334036782533733,0.00754080486595122,0.5,0.011902099980093
"M1","Construction",2024-12-31,479,1,0.0130610100752749,2024-09-30,0.00587796447580935,0.00902142194442809,0.5,0.0110412160098515
"M1","Construction",2025-03-31,534,1,0.00516655274612945,2024-12-31,0.0164348782556303,0.0107764162004622,0.5,0.00797148447329583
"M1","Construction",2025-06-30,369,1,0.00979138617124564,2025-03-31,0.0173260458459641,0.0111057481407055,0.5,0.0104485671559756
"M1","Construction",2025-09-30,372,1,0.0136773177818272,2025-06-30,0.0230301767543057,0.00834907634842199,0.5,0.0110131970651246
"M1","Construction",2025-12-31,366,1,0.0118737425280838,2025-09-30,-0.000376710311417838,0.00878617933429037,0.5,0.0103299609311871
"M1","Construction",2026-03-31,364,1,0.00152001507553235,2025-12-31,-0.0250954841631064,0.0111984473797093,0.5,0.00635923122762082
"M1","Finances et assurances",2014-06-30,405,5,0.0138487705907937,2014-03-31,0.00979204446059612,0.0140681567625369,0.5,0.0139584636766653
"M1","Finances et assurances",2014-09-30,406,5,0.00958351853531295,2014-06-30,0.0108712876306072,0.0146312688234217,0.5,0.0121073936793673
"M1","Finances et assurances",2014-12-31,400,5,0.00905990101382546,2014-09-30,0.00817212302553116,0.0121648395804871,0.5,0.0106123702971563
"M1","Finances et assurances",2015-03-31,408,5,0.0122487784589502,2014-12-31,0.0025733872860485,0.0121945974410465,0.5,0.0122216879499983
"M1","Finances et assurances",2015-06-30,409,5,0.000972343238687604,2015-03-31,-0.000283635140750249,0.012426105066098,0.5,0.0066992241523928
"M1","Finances et assurances",2015-09-30,406,5,0.0147987993951144,2015-06-30,0.00555168992811517,0.0129537372037148,0.5,0.0138762682994146
"M1","Finances et assurances",2015-12-31,408,5,-0.000425063329918823,2015-09-30,0.0216448096360278,0.0117430605231681,0.5,0.00565899859662464
"M1","Finances et assurances",2016-03-31,495,5,0.00208450199450719,2015-12-31,0.0116644403276638,0.0153764876598674,0.5,0.00873049482718729
"M1","Finances et assurances",2016-06-30,434,5,0.00598765584806844,2016-03-31,0.0132480316692885,0.0151314048367449,0.5,0.0105595303424067
"M1","Finances et assurances",2016-09-30,397,5,0.00941880021697621,2016-06-30,0.0406230501366736,0.0116688289538044,0.5,0.0105438145853903
"M1","Finances et assurances",2016-12-31,397,5,0.0108204542797923,2016-09-30,-0.0101673768515305,0.0141647063806995,0.5,0.0124925803302459
"M1","Finances et assurances",2017-03-31,402,5,0.00519465243923016,2016-12-31,0.00552692213443429,0.0102546490414968,0.5,0.00772465074036348
"M1","Finances et assurances",2017-06-30,471,5,0.0126677500855314,2017-03-31,0.0236163865511507,0.0116480143021699,0.5,0.0121578821938506
"M1","Finances et assurances",2017-09-30,404,5,0.0120164602217517,2017-06-30,-0.00152331413688955,0.0130385624814541,0.5,0.0125275113516029
"M1","Finances et assurances",2017-12-31,478,5,0.00975328147829572,2017-09-30,-0.00363516724733692,0.0123311502410938,0.5,0.0110422158596948
"M1","Finances et assurances",2018-03-31,485,5,-0.00266606784074013,2017-12-31,0.0129764503213643,0.011140428531226,0.5,0.00423718034524294
"M1","Finances et assurances",2018-06-30,485,5,0.0110679047987775,2018-03-31,-0.00435156893570188,0.0138091384445282,0.5,0.0124385216216528
"M1","Finances et assurances",2018-09-30,553,5,0.0121375924257563,2018-06-30,0.00735193248656962,0.0115706784504298,0.5,0.011854135438093
"M1","Finances et assurances",2018-12-31,484,5,0.00596068631508919,2018-09-30,0.0110438895944789,0.00874297886195605,0.5,0.00735183258852262
"M1","Finances et assurances",2019-03-31,557,5,0.00437793656370988,2018-12-31,0.0315392522985256,0.0100667958222359,0.5,0.00722236619297289
"M1","Finances et assurances",2019-06-30,485,5,0.0082582509664473,2019-03-31,0.000435811706188005,0.0139581707063801,0.5,0.0111082108364137
"M1","Finances et assurances",2019-09-30,483,5,0.0131727164110832,2019-06-30,0.0130609593133908,0.0144508412845183,0.5,0.0138117788478007
"M1","Finances et assurances",2019-12-31,493,5,0.0117957152272433,2019-09-30,0.00825566078032658,0.0120688123557421,0.5,0.0119322637914927
"M1","Finances et assurances",2020-03-31,541,5,0.00494015204362782,2019-12-31,-0.0212114526144092,0.0121198820341142,0.5,0.00853001703887101
"M1","Finances et assurances",2020-06-30,553,5,0.0150730937520977,2020-03-31,0.0113083327777996,0.00518195860742856,0.5,0.0101275261797631
"M1","Finances et assurances",2020-09-30,547,5,0.0106442831390712,2020-06-30,0.00678756570547989,0.00614068207830312,0.5,0.00839248260868716
"M1","Finances et assurances",2020-12-31,474,5,0.00750659095023316,2020-09-30,0.0114494849451461,0.00787272860201549,0.5,0.00768965977612433
"M1","Finances et assurances",2021-03-31,476,5,0.00439473671126445,2020-12-31,-0.00739307250548649,0.0157067490056733,0.5,0.0100507428584689
"M1","Finances et assurances",2021-06-30,479,5,0.012489746207432,2021-03-31,0.0281576114642981,0.0132416318975279,0.5,0.01286568905248
"M1","Finances et assurances",2021-09-30,480,5,0.00270479824856098,2021-06-30,0.00585438399346749,0.0123493802492189,0.5,0.00752708924888994
"M1","Finances et assurances",2021-12-31,480,5,0.0083948685339014,2021-09-30,0.016641170500078,0.0134169140860317,0.5,0.0109058913099665
"M1","Finances et assurances",2022-03-31,486,5,0.00280447724320461,2021-12-31,0.0414257987284206,0.0118596036462315,0.5,0.00733204044471806
"M1","Finances et assurances",2022-06-30,486,5,0.0105746592607935,2022-03-31,0.031410255383383,0.0122908502458726,0.5,0.0114327547533331
"M1","Finances et assurances",2022-09-30,487,5,0.00772400632850487,2022-06-30,0.0122236867003789,0.0138281071378301,0.5,0.0107760567331675
"M1","Finances et assurances",2022-12-31,487,5,0.0119925721601379,2022-09-30,0.00818990746985371,0.0148010203077491,0.5,0.0133967962339435
"M1","Finances et assurances",2023-03-31,547,5,0.00127061702334088,2022-12-31,0.0177076136496304,0.0098605338753833,0.5,0.00556557544936209
"M1","Finances et assurances",2023-06-30,378,5,0.00842739033792331,2023-03-31,0.0142309413674457,0.0147002203889168,0.5,0.0115638053634201
"M1","Finances et assurances",2023-09-30,482,5,0.00693802613951503,2023-06-30,0.0138611051650379,0.0138909190340834,0.5,0.0104144725867992
"M1","Finances et assurances",2023-12-31,477,5,0.00856288178116209,2023-09-30,0.0205123675274645,0.0140112648383389,0.5,0.0112870733097505
"M1","Finances et assurances",2024-03-31,477,5,0.00791021093093809,2023-12-31,0.034226988537851,0.0157533574911074,0.5,0.0118317842110227
"M1","Finances et assurances",2024-06-30,479,5,0.013555134296451,2024-03-31,0.00677789865920531,0.013729697055497,0.5,0.013642415675974
"M1","Finances et assurances",2024-09-30,479,5,0.0073429045054765,2024-06-30,0.0307983277209374,0.0132938858143099,0.5,0.0103183951598932
"M1","Finances et assurances",2024-12-31,479,5,0.00930711955842053,2024-09-30,0.024404004984877,0.0146411711588781,0.5,0.0119741453586493
"M1","Finances et assurances",2025-03-31,534,5,0.0104431684841615,2024-12-31,-0.00576523644903126,0.0169947542814617,0.5,0.0137189613828116
"M1","Finances et assurances",2025-06-30,369,5,0.0156914154133955,2025-03-31,-0.000740007216192495,0.0131166084060867,0.5,0.0144040119097411
"M1","Finances et assurances",2025-09-30,372,5,0.00803916741012465,2025-06-30,0.0383171453817219,0.0121431557847343,0.5,0.0100911615974295
"M1","Finances et assurances",2025-12-31,366,5,0.0140108561475799,2025-09-30,0.02252710319177,0.0161887632976205,0.5,0.0150998097226002
"M1","Finances et assurances",2026-03-31,364,5,0.01039330252442,2025-12-31,0.0131482423939122,0.0145541845518335,0.5,0.0124737435381268
"M1","Hébergement-restauration",2014-06-30,405,0,,,0.0579051413275486,0.00983910294422055,0.5,0.00983910294422055
"M1","Hébergement-restauration",2014-09-30,406,0,,,-0.100719732558025,0.00486007960335512,0.5,0.00486007960335512
"M1","Hébergement-restauration",2014-12-31,400,0,,,0.0187926552611444,0.0127718705720377,0.5,0.0127718705720377
"M1","Hébergement-restauration",2015-03-31,408,0,,,0.0127819913735721,0.0117067939875733,0.5,0.0117067939875733
"M1","Hébergement-restauration",2015-06-30,409,0,,,0.0151974154132208,0.00659599488759563,0.5,0.00659599488759563
"M1","Hébergement-restauration",2015-09-30,406,0,,,-0.0394942050942486,0.0043976729383019,0.5,0.0043976729383019
"M1","Hébergement-restauration",2015-12-31,408,0,,,0.0175488642456987,0.0082287362069184,0.5,0.0082287362069184
"M1","Hébergement-restauration",2016-03-31,495,0,,,0.00665704009847978,0.00320641508772281,0.5,0.00320641508772281
"M1","Hébergement-restauration",2016-06-30,434,0,,,-0.00832824764845164,0.00481813281520201,0.5,0.00481813281520201
"M1","Hébergement-restauration",2016-09-30,397,0,,,0.0560471819745558,0.010002523529641,0.5,0.010002523529641
"M1","Hébergement-restauration",2016-12-31,397,0,,,0.0195963775895027,0.00120753395646334,0.5,0.00120753395646334
"M1","Hébergement-restauration",2017-03-31,402,0,,,0.0277996430464089,0.00711099636681498,0.5,0.00711099636681498
"M1","Hébergement-restauration",2017-06-30,471,0,,,0.0278215922434324,0.00856153945787162,0.5,0.00856153945787162
"M1","Hébergement-restauration",2017-09-30,404,0,,,0.0102951493030083,0.00691199529715454,0.5,0.00691199529715454
"M1","Hébergement-restauration",2017-12-31,478,0,,,0.0188149524720291,0.00981137840994608,0.5,0.00981137840994608
"M1","Hébergement-restauration",2018-03-31,485,0,,,0.0248370780464207,0.00953803869056786,0.5,0.00953803869056786
"M1","Hébergement-restauration",2018-06-30,485,0,,,0.0148534421343882,0.00207637268526864,0.5,0.00207637268526864
"M1","Hébergement-restauration",2018-09-30,553,0,,,-0.0200453834008396,0.00731935416302951,0.5,0.00731935416302951
"M1","Hébergement-restauration",2018-12-31,484,0,,,0.0330719091401885,0.0123239497643486,0.5,0.0123239497643486
"M1","Hébergement-restauration",2019-03-31,557,0,,,0.0107181372644138,0.00951525106807088,0.5,0.00951525106807088
"M1","Hébergement-restauration",2019-06-30,485,0,,,0.0402913731091044,-0.00119713255112923,0.5,-0.00119713255112923
"M1","Hébergement-restauration",2019-09-30,483,0,,,-0.0688778865997968,-0.00655275657677681,0.5,-0.00655275657677681
"M1","Hébergement-restauration",2019-12-31,493,0,,,0.0396077656015432,0.0106792338947299,0.5,0.0106792338947299
"M1","Hébergement-restauration",2020-03-31,541,1,-0.00167735581854942,2019-12-31,-0.329368517252892,0.0133225193882025,0.5,0.00582258178482654
"M1","Hébergement-restauration",2020-06-30,553,1,-0.873771401124987,2020-03-31,-0.857041072981717,-0.0331484908175594,0.5,-0.453459945971273
"M1","Hébergement-restauration",2020-09-30,547,4,0.864506555653103,2020-06-30,0.152814674284517,0.0143057816461628,0.5,0.439406168649633
"M1","Hébergement-restauration",2020-12-31,474,4,0.0357283893763433,2020-09-30,0.184991785349833,-0.0272265445436888,0.5,0.00425092241632725
"M1","Hébergement-restauration",2021-03-31,476,4,0.137576150483512,2020-12-31,0.108593379555545,0.00744481785676402,0.5,0.072510484170138
"M1","Hébergement-restauration",2021-06-30,479,4,-0.0757709585911895,2021-03-31,0.0325203058080987,0.00901626202888402,0.5,-0.0333773482811527
"M1","Hébergement-restauration",2021-09-30,480,2,0.0859383712630317,2021-06-30,0.0912570059284388,0.0079785573142786,0.5,0.0469584642886551
"M1","Hébergement-restauration",2021-12-31,480,4,0.0462211860634158,2021-03-31,0.0662513211980329,0.00510192362131615,0.5,0.025661554842366
"M1","Hébergement-restauration",2022-03-31,486,4,-0.101977517552089,2021-12-31,0.172069210996341,0.00743198200564778,0.5,-0.0472727677732206
"M1","Hébergement-restauration",2022-06-30,486,4,0.127900285948191,2022-03-31,0.185682194782517,0.0100962681369822,0.5,0.0689982770425866
"M1","Hébergement-restauration",2022-09-30,487,2,0.110274740941012,2022-06-30,0.172534150339882,0.0177645607675224,0.5,0.0640196508542672
"M1","Hébergement-restauration",2022-12-31,487,2,0.0515454058289643,2022-09-30,0.0347188375472669,0.0418994154394745,0.5,0.0467224106342194
"M1","Hébergement-restauration",2023-03-31,547,4,-0.00462808301439164,2022-03-31,0.0350713189035368,0.0360670184708599,0.5,0.0157194677282341
"M1","Hébergement-restauration",2023-06-30,378,4,0.0349772464175546,2023-03-31,0.0285381802766143,0.0174644954644923,0.5,0.0262208709410234
"M1","Hébergement-restauration",2023-09-30,482,4,0.006369651526116,2023-06-30,0.0131680998376478,0.0177715768358601,0.5,0.0120706141809881
"M1","Hébergement-restauration",2023-12-31,477,4,0.0176905871841447,2023-09-30,0.00454308251082303,0.0168960811961114,0.5,0.0172933341901281
"M1","Hébergement-restauration",2024-03-31,477,4,-0.00346955329741715,2023-12-31,-0.0256302512562794,0.0176746152679738,0.5,0.00710253098527833
"M1","Hébergement-restauration",2024-06-30,479,4,0.017358831403118,2024-03-31,0.0863211664480215,0.0156434156638115,0.5,0.0165011235334648
"M1","Hébergement-restauration",2024-09-30,479,4,0.0177260365633913,2024-06-30,0.0395958337321503,0.0186582521991832,0.5,0.0181921443812873
"M1","Hébergement-restauration",2024-12-31,479,4,0.0302805808909878,2024-09-30,0.0126078965454273,0.0135205249272131,0.5,0.0219005529091005
"M1","Hébergement-restauration",2025-03-31,534,4,-0.00868007214570742,2024-12-31,-0.0551888649837782,0.0373153618512822,0.5,0.0143176448527874
"M1","Hébergement-restauration",2025-06-30,369,4,0.0168818302416351,2025-03-31,0.0935791648916222,0.0115983032844378,0.5,0.0142400667630365
"M1","Hébergement-restauration",2025-09-30,372,2,0.0362265540109455,2025-06-30,0.0109571254893179,0.0147496537577987,0.5,0.0254881038843721
"M1","Hébergement-restauration",2025-12-31,366,2,-0.0010300677091249,2025-09-30,-0.0117140608570061,0.0191445701728367,0.5,0.0090572512318559
"M1","Hébergement-restauration",2026-03-31,364,2,-0.0159316932771008,2025-12-31,-0.0149369838672992,0.0214278838335228,0.5,0.002748095278211
"M1","Immobilier",2014-06-30,405,1,0.0116617371026376,2014-03-31,-0.00347586163623959,0.0122596909319343,0.5,0.011960714017286
"M1","Immobilier",2014-09-30,406,1,0.00653348061251987,2014-06-30,-0.00217718876892725,0.0128905081004547,0.5,0.00971199435648729
"M1","Immobilier",2014-12-31,400,1,0.00696354889587628,2014-09-30,-0.00175178666395936,0.0121689724626345,0.5,0.00956626067925539
"M1","Immobilier",2015-03-31,408,1,0.00703167704577915,2014-12-31,0.000110265740545401,0.0114885194562888,0.5,0.00926009825103397
"M1","Immobilier",2015-06-30,409,1,0.00586309110941904,2015-03-31,0.00268122505899093,0.0110016509265868,0.5,0.00843237101800292
"M1","Immobilier",2015-09-30,406,1,0.00712848280614296,2015-06-30,0.00388518358887602,0.0111695819997516,0.5,0.00914903240294728
"M1","Immobilier",2015-12-31,408,1,0.00712488263499775,2015-09-30,0.00438830891148179,0.0108555173180894,0.5,0.00899019997654358
"M1","Immobilier",2016-03-31,495,1,0.00646072741664504,2015-12-31,0.0126521894411589,0.0105438032446352,0.5,0.00850226533064012
"M1","Immobilier",2016-06-30,434,1,0.00858791552515774,2016-03-31,0.00642440146184065,0.0110146916742121,0.5,0.00980130359968492
"M1","Immobilier",2016-09-30,397,1,0.00828999418274658,2016-06-30,0.00538883523628364,0.0105398068682385,0.5,0.00941490052549254
"M1","Immobilier",2016-12-31,397,1,0.00769202756040046,2016-09-30,0.00381329164235744,0.0114911565933515,0.5,0.00959159207687598
"M1","Immobilier",2017-03-31,402,1,0.00767509634808755,2016-12-31,0.000111312238896488,0.00909726026256174,0.5,0.00838617830532465
"M1","Immobilier",2017-06-30,471,1,0.00622550488244796,2017-03-31,0.00532846857096558,0.0106465078471458,0.5,0.00843600636479688
"M1","Immobilier",2017-09-30,404,1,0.00803504456057832,2017-06-30,0.00538413091038592,0.0109490483310259,0.5,0.00949204644580211
"M1","Immobilier",2017-12-31,478,1,0.00789721644208347,2017-09-30,0.00537094450904618,0.0102628545671528,0.5,0.00908003550461814
"M1","Immobilier",2018-03-31,485,1,0.00710760486947407,2017-12-31,0.0139842136362436,0.0100880003959658,0.5,0.00859780263271994
"M1","Immobilier",2018-06-30,485,1,0.00927832769096374,2018-03-31,0.00709820759588098,0.0126555614823982,0.5,0.010966944586681
"M1","Immobilier",2018-09-30,553,1,0.00790781745032817,2018-06-30,0.00546983793104339,0.0103415112889544,0.5,0.00912466436964128
"M1","Immobilier",2018-12-31,484,1,0.00665610380894788,2018-09-30,0.00429779031723321,0.00991457310907439,0.5,0.00828533845901113
"M1","Immobilier",2019-03-31,557,1,0.00586274608958441,2018-12-31,0.00697990763877421,0.0101357893800674,0.5,0.00799926773482591
"M1","Immobilier",2019-06-30,485,1,0.00854597589105004,2019-03-31,0.00407965402671806,0.00866401083127962,0.5,0.00860499336116483
"M1","Immobilier",2019-09-30,483,1,0.00745481443244655,2019-06-30,0.0012246541882952,0.0121204528707181,0.5,0.00978763365158232
"M1","Immobilier",2019-12-31,493,1,0.00526859346051394,2019-09-30,-0.00107461592825686,0.00956426682907744,0.5,0.00741643014479569
"M1","Immobilier",2020-03-31,541,1,0.00465439085779422,2019-12-31,-0.0121506955111226,0.0098260316890376,0.5,0.00724021127341591
"M1","Immobilier",2020-06-30,553,1,0.00324801278703258,2020-03-31,0.00154778434759706,0.00253732561563537,0.5,0.00289266920133398
"M1","Immobilier",2020-09-30,547,1,0.00683936642396463,2020-06-30,0.00248862454064991,0.0076096107172803,0.5,0.00722448857062247
"M1","Immobilier",2020-12-31,474,1,0.00482157869512154,2020-09-30,0.00250256303301022,0.00808896066416918,0.5,0.00645526967964536
"M1","Immobilier",2021-03-31,476,1,0.00501052758305446,2020-12-31,0.0186980933413192,0.0116777433225484,0.5,0.00834413545280143
"M1","Immobilier",2021-06-30,479,1,0.00945921493516953,2021-03-31,0.00589086653339521,0.00896287384176394,0.5,0.00921104438846674
"M1","Immobilier",2021-09-30,480,1,0.00599997175426301,2021-06-30,0.00489489217388339,0.00930348524618798,0.5,0.00765172850022549
"M1","Immobilier",2021-12-31,480,1,0.00609664285533377,2021-09-30,-0.000185568621855481,0.0105072326535578,0.5,0.00830193775444579
"M1","Immobilier",2022-03-31,486,1,0.0052259437536928,2021-12-31,-0.00613333557758722,0.00901618150144863,0.5,0.00712106262757072
"M1","Immobilier",2022-06-30,486,1,0.00345628980033394,2022-03-31,0.000982294226966829,0.00952360595914048,0.5,0.00648994787973721
"M1","Immobilier",2022-09-30,487,1,0.00476837857295964,2022-06-30,0.00192740181735829,0.00841182050470035,0.5,0.00659009953882999
"M1","Immobilier",2022-12-31,487,2,0.00366542377044068,2022-09-30,0.00286217020537194,0.00914594280479493,0.5,0.00640568328761781
"M1","Immobilier",2023-03-31,547,3,0.00135792711728354,2022-12-31,0.0186492473499342,0.00320022411002661,0.5,0.00227907561365507
"M1","Immobilier",2023-06-30,378,1,0.00962451676978108,2023-03-31,0.00433516318523708,0.0117933011869318,0.5,0.0107089089783564
"M1","Immobilier",2023-09-30,482,1,0.00615319398498854,2023-06-30,0.000940152450292331,0.00903871660149807,0.5,0.00759595529324331
"M1","Immobilier",2023-12-31,477,1,0.00544400249237044,2023-09-30,0.00367575702520995,0.00680146448015212,0.5,0.00612273348626128
"M1","Immobilier",2024-03-31,477,1,0.00569300099367187,2023-12-31,0.019358859355199,0.00835513536735188,0.5,0.00702406818051187
"M1","Immobilier",2024-06-30,479,1,0.00991177283262057,2024-03-31,0.00208616686757601,0.010323706411602,0.5,0.0101177396221113
"M1","Immobilier",2024-09-30,479,1,0.00604396135937142,2024-06-30,0.000572003912662211,0.00805831144615959,0.5,0.00705113640276551
"M1","Immobilier",2024-12-31,479,1,0.00596527012348067,2024-09-30,0.00271140021348693,0.00858221767094556,0.5,0.00727374389721311
"M1","Immobilier",2025-03-31,534,1,0.00582762028693346,2024-12-31,0.0241904984463055,0.0102451841916419,0.5,0.00803640223928768
"M1","Immobilier",2025-06-30,369,1,0.0114203182660459,2025-03-31,0.00225126559195132,0.00980279651170369,0.5,0.0106115573888748
"M1","Immobilier",2025-09-30,372,1,0.00639097685682609,2025-06-30,0.00139883513399042,0.00879022210120843,0.5,0.00759059947901726
"M1","Immobilier",2025-12-31,366,1,0.00572055951455695,2025-09-30,0.00356943094849527,0.00859530181841989,0.5,0.00715793066648842
"M1","Immobilier",2026-03-31,364,1,0.00630152447100487,2025-12-31,0.0145414287128816,0.0113771026213591,0.5,0.00883931354618198
"M1","Industrie d'extraction",2014-06-30,405,1,0.068186775809059,2014-03-31,-0.00618613651727884,0.017278995762863,0.5,0.042732885785961
"M1","Industrie d'extraction",2014-09-30,406,1,-0.00987115447659382,2014-06-30,-0.015888470256332,0.018847408104959,0.5,0.00448812681418259
"M1","Industrie d'extraction",2014-12-31,400,1,-0.00955211439631185,2014-09-30,-0.0298633941618487,0.0294840370491735,0.5,0.00996596132643083
"M1","Industrie d'extraction",2015-03-31,408,1,-0.0130989988471721,2014-12-31,0.00890133635762247,0.0306349108556698,0.5,0.00876795600424885
"M1","Industrie d'extraction",2015-06-30,409,1,0.14167779568028,2015-03-31,0.0247954892566806,0.0117541769572229,0.5,0.0767159863187514
"M1","Industrie d'extraction",2015-09-30,406,2,-0.00931475130817119,2013-09-30,0.0237021448250037,0.0121890669862214,0.5,0.00143715783902511
"M1","Industrie d'extraction",2015-12-31,408,2,0.0217765957847951,2015-09-30,-0.00879815197435896,0.010453219933241,0.5,0.016114907859018
"M1","Industrie d'extraction",2016-03-31,495,1,-0.0365994466542727,2015-12-31,0.0161383433235596,0.00911586608716397,0.5,-0.0137417902835544
"M1","Industrie d'extraction",2016-06-30,434,1,-0.000207786947098379,2016-03-31,-0.0163339493026129,0.0207324617336401,0.5,0.0102623373932709
"M1","Industrie d'extraction",2016-09-30,397,1,0.031908266341441,2016-06-30,0.0218474503756241,0.0185937502493746,0.5,0.0252510082954078
"M1","Industrie d'extraction",2016-12-31,397,0,,,0.025849664713844,0.00914133792422436,0.5,0.00914133792422436
"M1","Industrie d'extraction",2017-03-31,402,0,,,0.0185128254497453,0.0156424128408559,0.5,0.0156424128408559
"M1","Industrie d'extraction",2017-06-30,471,0,,,0.0955083840143161,0.0133271099000362,0.5,0.0133271099000362
"M1","Industrie d'extraction",2017-09-30,404,0,,,-0.0311769033996843,0.0119669733443149,0.5,0.0119669733443149
"M1","Industrie d'extraction",2017-12-31,478,0,,,0.0125783920146532,0.0202132224594892,0.5,0.0202132224594892
"M1","Industrie d'extraction",2018-03-31,485,0,,,-0.0244479675700369,0.0168804749053021,0.5,0.0168804749053021
"M1","Industrie d'extraction",2018-06-30,485,0,,,0.0081793613697414,-0.0119328900924359,0.5,-0.0119328900924359
"M1","Industrie d'extraction",2018-09-30,553,0,,,-0.0117710521370427,0.0129550588583958,0.5,0.0129550588583958
"M1","Industrie d'extraction",2018-12-31,484,0,,,-0.00327062290436331,0.0038356298493351,0.5,0.0038356298493351
"M1","Industrie d'extraction",2019-03-31,557,0,,,0.040057095335742,0.00969642848813987,0.5,0.00969642848813987
"M1","Industrie d'extraction",2019-06-30,485,0,,,-0.0225433471888596,0.00587506414679064,0.5,0.00587506414679064
"M1","Industrie d'extraction",2019-09-30,483,0,,,0.0109256734157306,0.0200650282919328,0.5,0.0200650282919328
"M1","Industrie d'extraction",2019-12-31,493,0,,,0.00214620520732645,0.0175802728170349,0.5,0.0175802728170349
"M1","Industrie d'extraction",2020-03-31,541,0,,,0.00506158820307512,0.0198612030350813,0.5,0.0198612030350813
"M1","Industrie d'extraction",2020-06-30,553,0,,,0.0237324718357801,0.0282733812059157,0.5,0.0282733812059157
"M1","Industrie d'extraction",2020-09-30,547,0,,,-0.0110758122366672,0.0348257825919949,0.5,0.0348257825919949
"M1","Industrie d'extraction",2020-12-31,474,0,,,0.0282365373459843,0.0069170568149415,0.5,0.0069170568149415
"M1","Industrie d'extraction",2021-03-31,476,0,,,0.0506515529548963,0.00891710501019216,0.5,0.00891710501019216
"M1","Industrie d'extraction",2021-06-30,479,0,,,-0.0120026798414088,0.0112140528473805,0.5,0.0112140528473805
"M1","Industrie d'extraction",2021-09-30,480,0,,,0.0223534844760689,0.0189719762582948,0.5,0.0189719762582948
"M1","Industrie d'extraction",2021-12-31,480,0,,,-0.0143497716369634,0.0131587260013968,0.5,0.0131587260013968
"M1","Industrie d'extraction",2022-03-31,486,0,,,-0.138625872821352,0.0147690469986585,0.5,0.0147690469986585
"M1","Industrie d'extraction",2022-06-30,486,0,,,-0.0689421152185421,0.0207467815319396,0.5,0.0207467815319396
"M1","Industrie d'extraction",2022-09-30,487,0,,,-0.0421248811824597,0.00969542753409443,0.5,0.00969542753409443
"M1","Industrie d'extraction",2022-12-31,487,0,,,-0.216757201746969,0.00519363304535769,0.5,0.00519363304535769
"M1","Industrie d'extraction",2023-03-31,547,0,,,0.0973621473997142,0.0292897627901745,0.5,0.0292897627901745
"M1","Industrie d'extraction",2023-06-30,378,0,,,2.03357431196594e-05,-0.00724115442567746,0.5,-0.00724115442567746
"M1","Industrie d'extraction",2023-09-30,482,0,,,0.0733392840223264,0.00866230564705127,0.5,0.00866230564705127
"M1","Industrie d'extraction",2023-12-31,477,0,,,0.113749741354164,-0.000896764388484034,0.5,-0.000896764388484034
"M1","Industrie d'extraction",2024-03-31,477,0,,,-0.0252607257677209,-0.00984357845914411,0.5,-0.00984357845914411
"M1","Industrie d'extraction",2024-06-30,479,0,,,0.0070152744335843,0.0134125995166855,0.5,0.0134125995166855
"M1","Industrie d'extraction",2024-09-30,479,0,,,0.022117053793357,0.0111587526145102,0.5,0.0111587526145102
"M1","Industrie d'extraction",2024-12-31,479,0,,,-0.0056609646746999,0.00859012744437375,0.5,0.00859012744437375
"M1","Industrie d'extraction",2025-03-31,534,0,,,0.0657933092045351,-0.00797111829592025,0.5,-0.00797111829592025
"M1","Industrie d'extraction",2025-06-30,369,0,,,0.046428686738258,0.023742819052498,0.5,0.023742819052498
"M1","Industrie d'extraction",2025-09-30,372,0,,,-0.0306857679206729,0.000506588676821092,0.5,0.000506588676821092
"M1","Industrie d'extraction",2025-12-31,366,0,,,-0.0912476795593946,0.00387901013032952,0.5,0.00387901013032952
"M1","Industrie d'extraction",2026-03-31,364,0,,,0.0429938589024168,-0.00523553901199326,0.5,-0.00523553901199326
"M1","Industrie de transformation",2014-06-30,405,0,,,0.0134903455131372,0.00976839603108851,0.5,0.00976839603108851
"M1","Industrie de transformation",2014-09-30,406,0,,,0.00323811979902189,0.00956973110133947,0.5,0.00956973110133947
"M1","Industrie de transformation",2014-12-31,400,0,,,-0.0476741243890952,0.00953185613182733,0.5,0.00953185613182733
"M1","Industrie de transformation",2015-03-31,408,5,-0.0228039468065835,2014-12-31,0.0304379715047673,0.00850045489962514,0.5,-0.00715174595347918
"M1","Industrie de transformation",2015-06-30,409,5,-0.00181159447250189,2015-03-31,0.0194938047357773,0.00792302098410826,0.5,0.00305571325580318
"M1","Industrie de transformation",2015-09-30,406,5,0.000881989651209381,2015-06-30,0.00620713596259748,0.0085700197758126,0.5,0.00472600471351099
"M1","Industrie de transformation",2015-12-31,408,5,0.0033286038558054,2015-09-30,-0.00664650552544366,0.00777741202381764,0.5,0.00555300793981152
"M1","Industrie de transformation",2016-03-31,495,5,0.00629824727318627,2015-12-31,-0.00323991776717136,0.0110257820609607,0.5,0.00866201466707349
"M1","Industrie de transformation",2016-06-30,434,5,0.00207378111644985,2016-03-31,-0.00999549769479913,0.00857876891199688,0.5,0.00532627501422336
"M1","Industrie de transformation",2016-09-30,397,5,0.00237757036025606,2016-06-30,0.0228243332255111,0.00809640328148517,0.5,0.00523698682087062
"M1","Industrie de transformation",2016-12-31,397,5,0.000592514763116852,2016-09-30,0.0116788252925897,0.0112113175746548,0.5,0.00590191616888583
"M1","Industrie de transformation",2017-03-31,402,5,-0.00583545341609075,2016-12-31,0.00953178833632684,0.00644319385401934,0.5,0.000303870218964295
"M1","Industrie de transformation",2017-06-30,471,5,0.00706795670385244,2017-03-31,0.0149267146411702,0.00926156447049259,0.5,0.00816476058717252
"M1","Industrie de transformation",2017-09-30,404,5,0.0128108591036398,2017-06-30,-0.0114616897126858,0.00906628533060474,0.5,0.0109385722171223
"M1","Industrie de transformation",2017-12-31,478,5,0.0140490428696461,2017-09-30,0.00280821148239063,0.00839291936560086,0.5,0.0112209811176235
"M1","Industrie de transformation",2018-03-31,485,5,0.000592707009337804,2017-12-31,0.0234087617899217,0.00832519695978311,0.5,0.00445895198456046
"M1","Industrie de transformation",2018-06-30,485,5,0.0118396922179191,2018-03-31,-0.00382899876597698,0.00631987222989079,0.5,0.00907978222390494
"M1","Industrie de transformation",2018-09-30,553,5,0.00518217997410429,2018-06-30,0.0197648970716831,0.00772200801963733,0.5,0.00645209399687081
"M1","Industrie de transformation",2018-12-31,484,5,0.00092384735597945,2018-09-30,0.00254844063750426,0.00664036420936519,0.5,0.00378210578267232
"M1","Industrie de transformation",2019-03-31,557,5,0.00792173452269786,2018-12-31,0.00525129663060397,0.0083367455257233,0.5,0.00812924002421058
"M1","Industrie de transformation",2019-06-30,485,5,0.0113238949481626,2019-03-31,0.0369509505888086,0.00462311964244373,0.5,0.00797350729530317
"M1","Industrie de transformation",2019-09-30,483,5,0.0224223704712448,2019-06-30,-0.0175063522194137,0.00881244858098063,0.5,0.0156174095261127
"M1","Industrie de transformation",2019-12-31,493,4,0.0114620957989348,2019-09-30,-0.00688096519466086,0.00840333768157522,0.5,0.00993271674025501
"M1","Industrie de transformation",2020-03-31,541,5,0.00492820468297895,2019-12-31,-0.00162253854886352,0.00936394890538783,0.5,0.00714607679418339
"M1","Industrie de transformation",2020-06-30,553,5,-0.0148012194843521,2020-03-31,-0.213797918505946,0.00597223556292502,0.5,-0.00441449196071354
"M1","Industrie de transformation",2020-09-30,547,5,0.0396040472010205,2020-06-30,0.176609534773862,0.00821449451536489,0.5,0.0239092708581927
"M1","Industrie de transformation",2020-12-31,474,5,-0.060519994768456,2020-09-30,-0.00858663289649719,0.0116905879142253,0.5,-0.0244147034271153
"M1","Industrie de transformation",2021-03-31,476,5,0.0256442853327434,2020-12-31,0.0682885003101887,0.00516162071921515,0.5,0.0154029530259793
"M1","Industrie de transformation",2021-06-30,479,5,-0.0245367746862266,2021-03-31,-0.0226087358268856,0.00820082206240853,0.5,-0.00816797631190904
"M1","Industrie de transformation",2021-09-30,480,5,-0.0182353730283576,2021-06-30,0.0119171102444078,0.00881350135032242,0.5,-0.00471093583901759
"M1","Industrie de transformation",2021-12-31,480,5,0.0174108091255227,2021-09-30,0.0157395324071921,0.00880205207214303,0.5,0.0131064305988329
"M1","Industrie de transformation",2022-03-31,486,5,0.00435310834653735,2021-12-31,-0.00935236645143078,0.00753133140780234,0.5,0.00594221987716984
"M1","Industrie de transformation",2022-06-30,486,5,0.0234676399791048,2022-03-31,0.0265199585031901,0.00798127572582743,0.5,0.0157244578524661
"M1","Industrie de transformation",2022-09-30,487,5,-0.0357971901914557,2022-06-30,0.00503674468161641,0.00957575710848014,0.5,-0.0131107165414878
"M1","Industrie de transformation",2022-12-31,487,5,0.00479298721101849,2022-09-30,-0.00375576483451212,0.00959049955161093,0.5,0.00719174338131471
"M1","Industrie de transformation",2023-03-31,547,5,0.0144905190131056,2022-12-31,0.00769564383733545,0.00949709494001025,0.5,0.0119938069765579
"M1","Industrie de transformation",2023-06-30,378,5,-0.00867355981465756,2023-03-31,-0.0170061439275049,0.00903291643165808,0.5,0.00017967830850026
"M1","Industrie de transformation",2023-09-30,482,5,0.0132754176266316,2023-06-30,0.0317188158621384,0.0088094922397776,0.5,0.0110424549332046
"M1","Industrie de transformation",2023-12-31,477,5,0.0037047457346012,2023-09-30,0.0560799603193818,0.00509751789318947,0.5,0.00440113181389533
"M1","Industrie de transformation",2024-03-31,477,5,0.00477151621816618,2023-12-31,-0.0663244948448725,0.0053036230535477,0.5,0.00503756963585694
"M1","Industrie de transformation",2024-06-30,479,5,0.0191098641692829,2024-03-31,-0.00790860641250291,0.0101458223979333,0.5,0.0146278432836081
"M1","Industrie de transformation",2024-09-30,479,5,0.00898015809829687,2024-06-30,0.069343487988764,0.00691895300250297,0.5,0.00794955555039992
"M1","Industrie de transformation",2024-12-31,479,5,0.0104404320820434,2024-09-30,0.0165418381598617,0.00739212769858457,0.5,0.00891627989031398
"M1","Industrie de transformation",2025-03-31,534,5,0.00792018641244879,2024-09-30,-0.0681965626927639,0.00404058842863856,0.5,0.00598038742054367
"M1","Industrie de transformation",2025-06-30,369,3,0.0595199659197821,2025-03-31,0.0247579899121657,0.00996361567238173,0.5,0.0347417907960819
"M1","Industrie de transformation",2025-09-30,372,3,-0.00569870083029235,2025-06-30,0.0308834262611075,0.0071168794181092,0.5,0.000709089293908425
"M1","Industrie de transformation",2025-12-31,366,2,0.0245422620474017,2025-09-30,0.0330754169078045,0.00722150265812272,0.5,0.0158818823527622
"M1","Industrie de transformation",2026-03-31,364,2,-0.0546150826633597,2025-12-31,-0.101743963623765,-0.00184682985651775,0.5,-0.0282309562599387
"M1","Information-communication",2014-06-30,405,0,,,0.0185608138362312,0.0294778338878449,0.5,0.0294778338878449
"M1","Information-communication",2014-09-30,406,0,,,0.031275663358036,0.0263629773244093,0.5,0.0263629773244093
"M1","Information-communication",2014-12-31,400,0,,,0.038634291236642,0.0275667649108956,0.5,0.0275667649108956
"M1","Information-communication",2015-03-31,408,0,,,0.00404829052809141,0.024933012824293,0.5,0.024933012824293
"M1","Information-communication",2015-06-30,409,0,,,-0.0211948620280431,0.0290107895641515,0.5,0.0290107895641515
"M1","Information-communication",2015-09-30,406,0,,,-0.0255461304946749,0.0252990436434834,0.5,0.0252990436434834
"M1","Information-communication",2015-12-31,408,0,,,-0.0117556566679973,0.0270583617600648,0.5,0.0270583617600648
"M1","Information-communication",2016-03-31,495,0,,,0.0441187349800902,0.0189489553539417,0.5,0.0189489553539417
"M1","Information-communication",2016-06-30,434,0,,,0.0324311797721624,0.0270369741459753,0.5,0.0270369741459753
"M1","Information-communication",2016-09-30,397,0,,,0.0156993215704908,0.0256629501505232,0.5,0.0256629501505232
"M1","Information-communication",2016-12-31,397,0,,,0.0119540679681371,0.0248261038010425,0.5,0.0248261038010425
"M1","Information-communication",2017-03-31,402,0,,,-0.074924310117952,0.0197339213365438,0.5,0.0197339213365438
"M1","Information-communication",2017-06-30,471,0,,,0.0264960645184544,0.0183625545990811,0.5,0.0183625545990811
"M1","Information-communication",2017-09-30,404,0,,,0.0150230359818178,0.0239692053012145,0.5,0.0239692053012145
"M1","Information-communication",2017-12-31,478,0,,,0.00966388766132553,0.0239809564523361,0.5,0.0239809564523361
"M1","Information-communication",2018-03-31,485,0,,,-0.010365531714644,0.0238138246772928,0.5,0.0238138246772928
"M1","Information-communication",2018-06-30,485,0,,,0.0250131048881688,0.0267033931090104,0.5,0.0267033931090104
"M1","Information-communication",2018-09-30,553,0,,,0.00871941409985943,0.0227802204571883,0.5,0.0227802204571883
"M1","Information-communication",2018-12-31,484,0,,,0.0017418043179287,0.0198353373605658,0.5,0.0198353373605658
"M1","Information-communication",2019-03-31,557,0,,,0.000840591265317769,0.0208066457532991,0.5,0.0208066457532991
"M1","Information-communication",2019-06-30,485,0,,,0.00593404498862071,0.0195649375912108,0.5,0.0195649375912108
"M1","Information-communication",2019-09-30,483,0,,,0.0095827091317755,0.0245599444569149,0.5,0.0245599444569149
"M1","Information-communication",2019-12-31,493,0,,,0.0110725639758531,0.0224294120588152,0.5,0.0224294120588152
"M1","Information-communication",2020-03-31,541,0,,,0.0419599960536452,0.0213821338843639,0.5,0.0213821338843639
"M1","Information-communication",2020-06-30,553,0,,,-0.0210436716728193,0.0230317616592223,0.5,0.0230317616592223
"M1","Information-communication",2020-09-30,547,0,,,-0.00204975173975619,0.0163388280289452,0.5,0.0163388280289452
"M1","Information-communication",2020-12-31,474,0,,,0.0411703029645043,0.0270349569632045,0.5,0.0270349569632045
"M1","Information-communication",2021-03-31,476,0,,,-0.0536933298258049,0.0218335879307991,0.5,0.0218335879307991
"M1","Information-communication",2021-06-30,479,0,,,0.00186143113149839,0.0188994125399165,0.5,0.0188994125399165
"M1","Information-communication",2021-09-30,480,0,,,0.00942302584054922,0.0190179195185552,0.5,0.0190179195185552
"M1","Information-communication",2021-12-31,480,0,,,0.0317145043040412,0.0220949652728678,0.5,0.0220949652728678
"M1","Information-communication",2022-03-31,486,0,,,0.00597454514787366,0.0214147669734638,0.5,0.0214147669734638
"M1","Information-communication",2022-06-30,486,0,,,0.00161153463684727,0.0223742415761555,0.5,0.0223742415761555
"M1","Information-communication",2022-09-30,487,0,,,0.0112829099708271,0.0193218689122779,0.5,0.0193218689122779
"M1","Information-communication",2022-12-31,487,0,,,-0.0182958711637902,0.0178847784462767,0.5,0.0178847784462767
"M1","Information-communication",2023-03-31,547,0,,,0.0550902776591649,0.00658965832462748,0.5,0.00658965832462748
"M1","Information-communication",2023-06-30,378,0,,,0.0108067356801964,0.0239339350561539,0.5,0.0239339350561539
"M1","Information-communication",2023-09-30,482,0,,,-0.00473773465213512,0.0210429570675845,0.5,0.0210429570675845
"M1","Information-communication",2023-12-31,477,0,,,-0.000895282531592656,0.0182483090690289,0.5,0.0182483090690289
"M1","Information-communication",2024-03-31,477,0,,,0.026793324234438,0.0210546688741508,0.5,0.0210546688741508
"M1","Information-communication",2024-06-30,479,0,,,0.001257668725545,0.0247314692317778,0.5,0.0247314692317778
"M1","Information-communication",2024-09-30,479,0,,,-0.00629426164916325,0.0216714594344862,0.5,0.0216714594344862
"M1","Information-communication",2024-12-31,479,0,,,0.0171119883477697,0.0223145028126143,0.5,0.0223145028126143
"M1","Information-communication",2025-03-31,534,0,,,-0.0293164263615733,0.024233519924589,0.5,0.024233519924589
"M1","Information-communication",2025-06-30,369,0,,,0.0212659373554622,0.0221502707613554,0.5,0.0221502707613554
"M1","Information-communication",2025-09-30,372,0,,,-0.0160974475343618,0.0202156715306706,0.5,0.0202156715306706
"M1","Information-communication",2025-12-31,366,0,,,0.0239716974815245,0.0236013882588358,0.5,0.0236013882588358
"M1","Information-communication",2026-03-31,364,0,,,-0.00933597860249158,0.0188829454122323,0.5,0.0188829454122323
"M1","Pêche",2014-06-30,405,0,,,0.238884348531972,-0.000999570503781654,0.5,-0.000999570503781654
"M1","Pêche",2014-09-30,406,0,,,-0.0842585990548885,-0.0140790872750741,0.5,-0.0140790872750741
"M1","Pêche",2014-12-31,400,0,,,0.0971925333013068,-0.00560863183832511,0.5,-0.00560863183832511
"M1","Pêche",2015-03-31,408,0,,,-0.0182664312630081,-0.00244108431895587,0.5,-0.00244108431895587
"M1","Pêche",2015-06-30,409,0,,,0.0112681719167798,0.00365731835177571,0.5,0.00365731835177571
"M1","Pêche",2015-09-30,406,0,,,-0.0240378912771044,-0.000999300630460134,0.5,-0.000999300630460134
"M1","Pêche",2015-12-31,408,0,,,0.0711997243889542,0.00655587352674376,0.5,0.00655587352674376
"M1","Pêche",2016-03-31,495,0,,,0.0522788830555712,-0.00439795316152736,0.5,-0.00439795316152736
"M1","Pêche",2016-06-30,434,0,,,-0.0692837716719641,-0.00454193895761413,0.5,-0.00454193895761413
"M1","Pêche",2016-09-30,397,0,,,-0.0707389562407208,0.00507426860234367,0.5,0.00507426860234367
"M1","Pêche",2016-12-31,397,0,,,0.100756292896915,-0.00261749375662086,0.5,-0.00261749375662086
"M1","Pêche",2017-03-31,402,0,,,-0.0981301116583815,-0.000108959568785388,0.5,-0.000108959568785388
"M1","Pêche",2017-06-30,471,0,,,-0.0199501670707116,0.00498932814816059,0.5,0.00498932814816059
"M1","Pêche",2017-09-30,404,0,,,0.0209332096664658,0.00203090303419007,0.5,0.00203090303419007
"M1","Pêche",2017-12-31,478,0,,,-0.0659095853471712,0.00110619122177103,0.5,0.00110619122177103
"M1","Pêche",2018-03-31,485,5,0.0306969087874949,2017-12-31,-0.118526708999348,0.00409250452649495,0.5,0.0173947066569949
"M1","Pêche",2018-06-30,485,5,0.0844666623738087,2018-03-31,0.0565619820165848,0.0176268564013249,0.5,0.0510467593875668
"M1","Pêche",2018-09-30,553,5,-0.0155806991660302,2018-06-30,-0.0520428663582821,0.00223453884793879,0.5,-0.00667308015904571
"M1","Pêche",2018-12-31,484,0,,,0.0519498128058951,-0.00242950525524237,0.5,-0.00242950525524237
"M1","Pêche",2019-03-31,557,5,0.00294853608065715,2018-06-30,0.165886600744615,0.00194418873897726,0.5,0.00244636240981721
"M1","Pêche",2019-06-30,485,0,,,-0.10051090919398,-0.0361441619886129,0.5,-0.0361441619886129
"M1","Pêche",2019-09-30,483,0,,,0.107189386187184,0.0128049962048641,0.5,0.0128049962048641
"M1","Pêche",2019-12-31,493,5,0.0952596895990582,2018-06-30,-0.178444977080698,0.00323256169326961,0.5,0.0492461256461639
"M1","Pêche",2020-03-31,541,5,-0.016169132479136,2019-12-31,0.250419564323746,0.00569287368339539,0.5,-0.00523812939787031
"M1","Pêche",2020-06-30,553,0,,,-0.182744294243855,0.0357225585486882,0.5,0.0357225585486882
"M1","Pêche",2020-09-30,547,0,,,0.449867423442043,0.00446374201032906,0.5,0.00446374201032906
"M1","Pêche",2020-12-31,474,0,,,-0.549113253084071,0.0300882332202258,0.5,0.0300882332202258
"M1","Pêche",2021-03-31,476,5,0.176109460951681,2019-12-31,0.301831328865735,0.00859614682572679,0.5,0.0923528038887039
"M1","Pêche",2021-06-30,479,5,-0.0984112684437393,2021-03-31,0.086451616600093,-0.00964365691871637,0.5,-0.0540274626812278
"M1","Pêche",2021-09-30,480,5,0.0316997244117087,2021-06-30,-0.0880960598262783,-0.00383558754625745,0.5,0.0139320684327256
"M1","Pêche",2021-12-31,480,5,-0.0524015147309367,2021-09-30,0.102924635387614,0.0146934961926879,0.5,-0.0188540092691244
"M1","Pêche",2022-03-31,486,5,0.0483886373829998,2021-12-31,-0.251794115386521,-0.0038224727266961,0.5,0.0222830823281518
"M1","Pêche",2022-06-30,486,5,0.163312135050244,2022-03-31,0.0309075374630767,-0.000175243541600336,0.5,0.0815684457543218
"M1","Pêche",2022-09-30,487,3,-0.0423275772847132,2022-06-30,-0.424362348289532,0.00311213458101047,0.5,-0.0196077213518514
"M1","Pêche",2022-12-31,487,5,-0.082699827277109,2022-09-30,0.537806048836181,0.0211587764184412,0.5,-0.0307705254293339
"M1","Pêche",2023-03-31,547,2,-0.328100016031234,2022-12-31,-0.196422814008341,-0.0851770901785509,0.5,-0.206638553104892
"M1","Pêche",2023-06-30,378,2,0.055936811821042,2022-09-30,0.108653138186501,0.0204885639305283,0.5,0.0382126878757851
"M1","Pêche",2023-09-30,482,2,-0.166340491898327,2023-06-30,0.0833031314032056,-0.00733238796590109,0.5,-0.086836439932114
"M1","Pêche",2023-12-31,477,5,0.133444031923223,2022-09-30,-0.169722558184949,-0.0112094913306088,0.5,0.0611172702963071
"M1","Pêche",2024-03-31,477,5,0.122086482801284,2023-12-31,0.137736263229147,0.0321943029255859,0.5,0.077140392863435
"M1","Pêche",2024-06-30,479,5,-0.0960579064263861,2024-03-31,-0.124393100066797,-0.00302814502527464,0.5,-0.0495430257258304
"M1","Pêche",2024-09-30,479,5,0.0683401071099687,2024-06-30,0.3409847439024,0.0162443811730374,0.5,0.0422922441415031
"M1","Pêche",2024-12-31,479,5,-0.148129258649225,2024-09-30,-0.314903192186618,-0.00885931164393119,0.5,-0.0784942851465781
"M1","Pêche",2025-03-31,534,5,0.365827332825807,2024-12-31,0.0879705045311976,0.0698904733558483,0.5,0.217858903090828
"M1","Pêche",2025-06-30,369,5,0.512684272407383,2025-03-31,-0.202438183367684,0.0116477655842803,0.5,0.262166018995832
"M1","Pêche",2025-09-30,372,5,0.0950679133565252,2025-06-30,0.141488674493727,0.0469071869359351,0.5,0.0709875501462301
"M1","Pêche",2025-12-31,366,5,-0.144948359803969,2025-09-30,-0.181089428496749,-0.06053298572125,0.5,-0.10274067276261
"M1","Pêche",2026-03-31,364,5,0.0848707355536854,2025-12-31,0.222874852773161,0.053549101411741,0.5,0.0692099184827132
"M1","Transports",2014-06-30,405,0,,,0.028015303409596,0.0141536051730765,0.5,0.0141536051730765
"M1","Transports",2014-09-30,406,0,,,-0.00329148743112206,0.0131550204147149,0.5,0.0131550204147149
"M1","Transports",2014-12-31,400,0,,,0.00554226208478248,0.0142599898517394,0.5,0.0142599898517394
"M1","Transports",2015-03-31,408,0,,,0.0274647989726873,0.0140194057609696,0.5,0.0140194057609696
"M1","Transports",2015-06-30,409,0,,,0.0238870417103634,0.0130427995271564,0.5,0.0130427995271564
"M1","Transports",2015-09-30,406,0,,,-0.000400525138307017,0.0139908746054988,0.5,0.0139908746054988
"M1","Transports",2015-12-31,408,0,,,0.0136274565391865,0.0142004949137126,0.5,0.0142004949137126
"M1","Transports",2016-03-31,495,0,,,-0.00224188236103728,0.0180787374977578,0.5,0.0180787374977578
"M1","Transports",2016-06-30,434,0,,,-0.0304162214184824,0.0171810686543806,0.5,0.0171810686543806
"M1","Transports",2016-09-30,397,0,,,0.0405851512318183,0.0140168719932552,0.5,0.0140168719932552
"M1","Transports",2016-12-31,397,0,,,-0.000806231998783602,0.0132038186697193,0.5,0.0132038186697193
"M1","Transports",2017-03-31,402,0,,,0.00525061131594917,0.0132584575868841,0.5,0.0132584575868841
"M1","Transports",2017-06-30,471,0,,,-0.00885390403460029,0.0147036017529837,0.5,0.0147036017529837
"M1","Transports",2017-09-30,404,0,,,0.00323264375167831,0.0125345159048235,0.5,0.0125345159048235
"M1","Transports",2017-12-31,478,0,,,0.00270040887982859,0.0144349176001422,0.5,0.0144349176001422
"M1","Transports",2018-03-31,485,0,,,-0.00771766276284147,0.0127324187950481,0.5,0.0127324187950481
"M1","Transports",2018-06-30,485,0,,,0.0381116237789918,0.0114358870241822,0.5,0.0114358870241822
"M1","Transports",2018-09-30,553,0,,,-0.0562132165992164,0.012916040817674,0.5,0.012916040817674
"M1","Transports",2018-12-31,484,0,,,0.0024741177684291,0.0120675214836421,0.5,0.0120675214836421
"M1","Transports",2019-03-31,557,0,,,0.0567198839409837,0.0111470584263773,0.5,0.0111470584263773
"M1","Transports",2019-06-30,485,0,,,0.100742314764428,0.00665525952470219,0.5,0.00665525952470219
"M1","Transports",2019-09-30,483,0,,,-0.105961891018188,0.00786649167377473,0.5,0.00786649167377473
"M1","Transports",2019-12-31,493,0,,,-0.0390667942682299,0.0126349581539969,0.5,0.0126349581539969
"M1","Transports",2020-03-31,541,0,,,-0.0126004908496,0.00998825619226729,0.5,0.00998825619226729
"M1","Transports",2020-06-30,553,0,,,-0.501094849125378,0.000110559992614148,0.5,0.000110559992614148
"M1","Transports",2020-09-30,547,0,,,0.125969152849114,0.0225324483589166,0.5,0.0225324483589166
"M1","Transports",2020-12-31,474,0,,,0.122566805849722,0.0102959727811038,0.5,0.0102959727811038
"M1","Transports",2021-03-31,476,0,,,0.0562033294168316,0.00319788801215952,0.5,0.00319788801215952
"M1","Transports",2021-06-30,479,0,,,0.000731330783699136,0.0098771813694828,0.5,0.0098771813694828
"M1","Transports",2021-09-30,480,0,,,0.0731279057345535,0.0130402847290895,0.5,0.0130402847290895
"M1","Transports",2021-12-31,480,0,,,-0.0243022849728511,0.0109580356678965,0.5,0.0109580356678965
"M1","Transports",2022-03-31,486,0,,,-0.0184384391565189,0.0112131205447917,0.5,0.0112131205447917
"M1","Transports",2022-06-30,486,0,,,0.0331947459481938,0.0111405510752218,0.5,0.0111405510752218
"M1","Transports",2022-09-30,487,0,,,0.0296892895055922,0.0122061351734691,0.5,0.0122061351734691
"M1","Transports",2022-12-31,487,0,,,-0.00518075012109698,0.0132427908480447,0.5,0.0132427908480447
"M1","Transports",2023-03-31,547,0,,,0.0341097935940446,0.0170919938318446,0.5,0.0170919938318446
"M1","Transports",2023-06-30,378,0,,,0.0106539923050857,0.00814437110334127,0.5,0.00814437110334127
"M1","Transports",2023-09-30,482,0,,,0.00294728832205848,0.0110643979483545,0.5,0.0110643979483545
"M1","Transports",2023-12-31,477,0,,,0.0143046496502013,0.000691444645788297,0.5,0.000691444645788297
"M1","Transports",2024-03-31,477,0,,,0.0448609908773161,-0.00011930428150073,0.5,-0.00011930428150073
"M1","Transports",2024-06-30,479,0,,,0.0233315106872372,0.014878461367281,0.5,0.014878461367281
"M1","Transports",2024-09-30,479,0,,,-0.000696765512168795,0.00878334236570151,0.5,0.00878334236570151
"M1","Transports",2024-12-31,479,0,,,0.0179385719466758,0.00863875431731276,0.5,0.00863875431731276
"M1","Transports",2025-03-31,534,0,,,-2.13944930589349e-05,0.00746259335818907,0.5,0.00746259335818907
"M1","Transports",2025-06-30,369,0,,,0.0262253345690056,0.0121017134674558,0.5,0.0121017134674558
"M1","Transports",2025-09-30,372,0,,,-0.00840283920981122,0.00691333943636892,0.5,0.00691333943636892
"M1","Transports",2025-12-31,366,0,,,0.0256348485772033,0.0117068666480418,0.5,0.0117068666480418
"M1","Transports",2026-03-31,364,0,,,0.00343555107293625,0.00521837220506411,0.5,0.00521837220506411
"M1","Électricité, gaz, eau",2014-06-30,405,1,0.0172967964957528,2014-03-31,0.0332147863217731,0.0146477094499805,0.5,0.0159722529728667
"M1","Électricité, gaz, eau",2014-09-30,406,1,-0.000192702471531887,2014-06-30,-0.00679393605210521,0.00788023198356382,0.5,0.00384376475601597
"M1","Électricité, gaz, eau",2014-12-31,400,1,0.0205664524393115,2014-09-30,-0.00857021450047135,0.00858555759323919,0.5,0.0145760050162753
"M1","Électricité, gaz, eau",2015-03-31,408,3,0.0417108390462004,2014-12-31,0.0437145225973961,0.00884921238223348,0.5,0.0252800257142169
"M1","Électricité, gaz, eau",2015-06-30,409,5,-0.0112569296584394,2015-03-31,0.00610525562054143,0.0100129920168948,0.5,-0.0006219688207723
"M1","Électricité, gaz, eau",2015-09-30,406,5,-0.00540349399526928,2015-06-30,0.0103469379268244,0.0117712031787603,0.5,0.00318385459174551
"M1","Électricité, gaz, eau",2015-12-31,408,4,0.00824544483434623,2015-09-30,-0.00455943213512988,0.00907087004314348,0.5,0.00865815743874486
"M1","Électricité, gaz, eau",2016-03-31,495,5,-0.00359372800488916,2015-12-31,0.000155955147615572,0.010328303361933,0.5,0.00336728767852192
"M1","Électricité, gaz, eau",2016-06-30,434,4,0.00285291992910878,2016-03-31,-0.017175634556283,0.0044390794189665,0.5,0.00364599967403764
"M1","Électricité, gaz, eau",2016-09-30,397,4,0.00573781307834099,2016-06-30,0.0711460023338066,0.00927168715997263,0.5,0.00750475011915681
"M1","Électricité, gaz, eau",2016-12-31,397,5,-0.0152646999926873,2016-09-30,-0.0359660643263187,0.00588625183696977,0.5,-0.00468922407785877
"M1","Électricité, gaz, eau",2017-03-31,402,5,0.00672219858014897,2016-12-31,-0.00716286993772819,0.00956577654612547,0.5,0.00814398756313722
"M1","Électricité, gaz, eau",2017-06-30,471,5,0.0121854692384657,2017-03-31,0.0253000677575166,0.00916374339825512,0.5,0.0106746063183604
"M1","Électricité, gaz, eau",2017-09-30,404,5,0.00454280833723127,2017-06-30,0.0048164662893857,0.00714456804040103,0.5,0.00584368818881615
"M1","Électricité, gaz, eau",2017-12-31,478,5,0.012352525550672,2017-09-30,0.0387992037287237,0.00927679771418092,0.5,0.0108146616324265
"M1","Électricité, gaz, eau",2018-03-31,485,5,-7.23599793174207e-05,2017-12-31,0.0223262968366722,0.00822401884561453,0.5,0.00407582943314855
"M1","Électricité, gaz, eau",2018-06-30,485,5,0.0242498181445029,2018-03-31,-0.016153880771169,0.00724824029248788,0.5,0.0157490292184954
"M1","Électricité, gaz, eau",2018-09-30,553,4,-0.0240059883268917,2018-06-30,0.0411974248960654,0.00775235295529797,0.5,-0.00812681768579687
"M1","Électricité, gaz, eau",2018-12-31,484,3,-0.0202243483723685,2018-09-30,0.0623784425554952,0.00151060326382151,0.5,-0.0093568725542735
"M1","Électricité, gaz, eau",2019-03-31,557,1,-0.00906670549631771,2018-12-31,0.0925664554057999,0.00763040373789924,0.5,-0.000718150879209235
"M1","Électricité, gaz, eau",2019-06-30,485,3,-0.0219868274733473,2019-03-31,-0.0124026726248605,0.0048789593049273,0.5,-0.00855393408421
"M1","Électricité, gaz, eau",2019-09-30,483,3,0.00919619592452057,2019-06-30,-0.0152269847098676,0.0118104322328054,0.5,0.010503314078663
"M1","Électricité, gaz, eau",2019-12-31,493,3,-0.0042103825359186,2019-09-30,-0.00625851062808103,0.0116090980007103,0.5,0.00369935773239585
"M1","Électricité, gaz, eau",2020-03-31,541,3,0.0529244871203238,2019-12-31,0.0213425854542955,0.0133282177143148,0.5,0.0331263524173193
"M1","Électricité, gaz, eau",2020-06-30,553,3,0.01162995472881,2020-03-31,-0.0970147629221021,0.0116253106567407,0.5,0.0116276326927753
"M1","Électricité, gaz, eau",2020-09-30,547,2,0.018161317285655,2020-06-30,0.114417799543279,0.0203679484167375,0.5,0.0192646328511962
"M1","Électricité, gaz, eau",2020-12-31,474,3,-0.0228484335447578,2020-09-30,-0.016022429172736,0.00763759661181983,0.5,-0.00760541846646898
"M1","Électricité, gaz, eau",2021-03-31,476,4,0.0240722090203302,2020-12-31,0.0217529032326009,0.0142507064559801,0.5,0.0191614577381551
"M1","Électricité, gaz, eau",2021-06-30,479,4,0.00955602484159314,2021-03-31,0.0253032608158232,0.0117374484688917,0.5,0.0106467366552424
"M1","Électricité, gaz, eau",2021-09-30,480,5,0.0308718963984744,2021-06-30,0.0158724557012508,0.014287837676236,0.5,0.0225798670373552
"M1","Électricité, gaz, eau",2021-12-31,480,5,-0.00742861310367515,2021-09-30,0.0138196358846692,0.0147813379033558,0.5,0.00367636239984033
"M1","Électricité, gaz, eau",2022-03-31,486,5,0.0189163965420121,2021-12-31,-0.0635858178619184,0.0117816009097258,0.5,0.015348998725869
"M1","Électricité, gaz, eau",2022-06-30,486,5,0.0235207093648285,2022-03-31,0.00902096583624079,0.0111161028363726,0.5,0.0173184061006006
"M1","Électricité, gaz, eau",2022-09-30,487,5,0.0332630146440145,2022-06-30,-0.00480416973629261,0.0117854211849548,0.5,0.0225242179144847
"M1","Électricité, gaz, eau",2022-12-31,487,5,-0.00185483648252837,2022-09-30,-0.0308377748401991,0.0164287285184849,0.5,0.00728694601797827
"M1","Électricité, gaz, eau",2023-03-31,547,5,-0.0162701166898487,2022-12-31,-0.122401604802485,0.00491119316459571,0.5,-0.0056794617626265
"M1","Électricité, gaz, eau",2023-06-30,378,5,0.0449364250555512,2023-03-31,0.0472201858772916,0.0167429521213334,0.5,0.0308396885884423
"M1","Électricité, gaz, eau",2023-09-30,482,5,0.00598027035623975,2023-06-30,0.00207719445817389,0.00858480447681304,0.5,0.0072825374165264
"M1","Électricité, gaz, eau",2023-12-31,477,5,-0.00907041928362417,2023-09-30,-0.0104818116311538,0.0133204612169981,0.5,0.00212502096668696
"M1","Électricité, gaz, eau",2024-03-31,477,5,-0.026967371408882,2023-12-31,0.0293667797510366,0.0222722417795464,0.5,-0.0023475648146678
"M1","Électricité, gaz, eau",2024-06-30,479,5,-0.0766504557964916,2024-03-31,-0.0474179307558522,0.00737316359000585,0.5,-0.0346386461032429
"M1","Électricité, gaz, eau",2024-09-30,479,5,0.0860636121278781,2024-06-30,0.100587875391312,0.0117658201185831,0.5,0.0489147161232306
"M1","Électricité, gaz, eau",2024-12-31,479,5,-0.0249902845165828,2024-09-30,0.0115181001740545,0.00778918186518608,0.5,-0.00860055132569836
"M1","Électricité, gaz, eau",2025-03-31,534,5,-0.00162693029805839,2024-12-31,-0.0640900842189289,0.0163996483811137,0.5,0.00738635904152765
"M1","Électricité, gaz, eau",2025-06-30,369,5,-0.0147706802272673,2025-03-31,-0.0109469608200001,0.0209032412501338,0.5,0.00306628051143325
"M1","Électricité, gaz, eau",2025-09-30,372,5,0.0525477075719458,2025-06-30,0.0726483567256153,0.0145466146290205,0.5,0.0335471611004831
"M1","Électricité, gaz, eau",2025-12-31,366,5,-0.0116886366699676,2025-09-30,-0.0191714590402032,-0.00561992620699645,0.5,-0.00865428143848202
"M1","Électricité, gaz, eau",2026-03-31,364,5,-0.0302976852745371,2025-12-31,-0.0771317041623973,0.00390440593123111,0.5,-0.013196639671653
"M2","Agriculture",2014-06-30,207,0,,,0.0364714396168857,0.0175030651021184,0.5,0.0175030651021184
"M2","Agriculture",2014-09-30,211,0,,,0.0235744177595567,0.00225184627887035,0.5,0.00225184627887035
"M2","Agriculture",2014-12-31,200,0,,,0.0253025688850634,0.0200060122948302,0.5,0.0200060122948302
"M2","Agriculture",2015-03-31,214,0,,,0.0521449979479787,0.0108141041806088,0.5,0.0108141041806088
"M2","Agriculture",2015-06-30,210,0,,,0.0317672490600582,0.00817656924350645,0.5,0.00817656924350645
"M2","Agriculture",2015-09-30,203,0,,,0.0329272719732145,0.00903393990976414,0.5,0.00903393990976414
"M2","Agriculture",2015-12-31,209,0,,,0.00507799922861274,0.0118177215761837,0.5,0.0118177215761837
"M2","Agriculture",2016-03-31,372,0,,,-0.265832646674593,0.0112290717315121,0.5,0.0112290717315121
"M2","Agriculture",2016-06-30,246,0,,,0.00748113104625325,0.0119608349124837,0.5,0.0119608349124837
"M2","Agriculture",2016-09-30,203,0,,,0.0239103237598961,0.0110047042272691,0.5,0.0110047042272691
"M2","Agriculture",2016-12-31,203,0,,,0.00479642186034113,-0.00511833500923946,0.5,-0.00511833500923946
"M2","Agriculture",2017-03-31,216,0,,,0.156411418832823,0.0259132369351288,0.5,0.0259132369351288
"M2","Agriculture",2017-06-30,340,0,,,0.031215998995707,0.00598885526714524,0.5,0.00598885526714524
"M2","Agriculture",2017-09-30,203,0,,,-0.001589953838673,0.00862831113148479,0.5,0.00862831113148479
"M2","Agriculture",2017-12-31,239,0,,,-0.00572029123758178,0.00927646707816531,0.5,0.00927646707816531
"M2","Agriculture",2018-03-31,244,0,,,0.033613953651912,0.011041592661361,0.5,0.011041592661361
"M2","Agriculture",2018-06-30,244,0,,,0.0315396357748075,-0.000547089117364585,0.5,-0.000547089117364585
"M2","Agriculture",2018-09-30,381,0,,,-0.0076855501979054,0.00827543424918903,0.5,0.00827543424918903
"M2","Agriculture",2018-12-31,242,0,,,-0.00708189895160238,0.0239542637109607,0.5,0.0239542637109607
"M2","Agriculture",2019-03-31,388,0,,,-0.0674225881272044,0.0125525807665885,0.5,0.0125525807665885
"M2","Agriculture",2019-06-30,316,0,,,0.0269576277375521,0.0216583643179617,0.5,0.0216583643179617
"M2","Agriculture",2019-09-30,254,0,,,-0.00378790367855686,-0.0230737906305004,0.5,-0.0230737906305004
"M2","Agriculture",2019-12-31,266,0,,,-0.00545796285781641,0.00545000525263175,0.5,0.00545000525263175
"M2","Agriculture",2020-03-31,380,0,,,-0.0733468122559131,0.000160189584848236,0.5,0.000160189584848236
"M2","Agriculture",2020-06-30,386,0,,,0.00964980812139338,-0.00789671527844581,0.5,-0.00789671527844581
"M2","Agriculture",2020-09-30,381,0,,,-0.0341340216865049,0.0303985752293546,0.5,0.0303985752293546
"M2","Agriculture",2020-12-31,237,0,,,-0.00972120420603417,-0.0104773711250303,0.5,-0.0104773711250303
"M2","Agriculture",2021-03-31,238,0,,,0.198088349077135,0.00751918162875032,0.5,0.00751918162875032
"M2","Agriculture",2021-06-30,245,0,,,0.00736929305629452,0.0057395550062642,0.5,0.0057395550062642
"M2","Agriculture",2021-09-30,241,0,,,-0.00217917484074093,0.00926930518876699,0.5,0.00926930518876699
"M2","Agriculture",2021-12-31,239,0,,,-0.00946965224747842,0.00399440960151357,0.5,0.00399440960151357
"M2","Agriculture",2022-03-31,244,0,,,-0.106650718690272,0.0117318118174543,0.5,0.0117318118174543
"M2","Agriculture",2022-06-30,244,0,,,-0.00714754922684868,0.0094590102527439,0.5,0.0094590102527439
"M2","Agriculture",2022-09-30,247,0,,,0.0022277626879923,0.003957204692481,0.5,0.003957204692481
"M2","Agriculture",2022-12-31,310,0,,,-0.00919879348349895,-0.00609200798322126,0.5,-0.00609200798322126
"M2","Agriculture",2023-03-31,364,0,,,0.0350757280012495,0.0252284939868304,0.5,0.0252284939868304
"M2","Agriculture",2023-06-30,258,0,,,-0.0122701816794795,0.00363703031476224,0.5,0.00363703031476224
"M2","Agriculture",2023-09-30,242,0,,,-0.00378759914928928,0.00556184645374601,0.5,0.00556184645374601
"M2","Agriculture",2023-12-31,238,0,,,-0.00788085316350973,0.0235561948801528,0.5,0.0235561948801528
"M2","Agriculture",2024-03-31,239,0,,,-0.0365847420386523,0.0149214585764306,0.5,0.0149214585764306
"M2","Agriculture",2024-06-30,239,0,,,-0.00664188506091534,0.00116566099343259,0.5,0.00116566099343259
"M2","Agriculture",2024-09-30,239,0,,,-0.0112104142680227,0.00222012853221105,0.5,0.00222012853221105
"M2","Agriculture",2024-12-31,295,0,,,-0.00435261931916919,0.00389667779732688,0.5,0.00389667779732688
"M2","Agriculture",2025-03-31,352,0,,,0.100359632990509,0.00480642550169154,0.5,0.00480642550169154
"M2","Agriculture",2025-06-30,187,1,0.0234955717962997,2025-03-31,-0.00473311427913181,0.0010681782940441,0.5,0.0122818750451719
"M2","Agriculture",2025-09-30,192,1,-0.0177961711376258,2025-06-30,-0.0140787530247088,0.0110220129883565,0.5,-0.00338707907463465
"M2","Agriculture",2025-12-31,186,1,0.00566110073673944,2025-09-30,-0.00148214583971118,0.0061162562436078,0.5,0.00588867849017362
"M2","Agriculture",2026-03-31,183,1,0.0707409549090648,2025-12-31,0.189386571246226,0.0213610005199623,0.5,0.0460509777145136
"M2","Commerce",2014-06-30,207,0,,,0.00951978546845211,0.0113431434777973,0.5,0.0113431434777973
"M2","Commerce",2014-09-30,211,0,,,-0.0115603603846139,0.00841997445921111,0.5,0.00841997445921111
"M2","Commerce",2014-12-31,200,0,,,-0.0494865182085977,0.00839443354473628,0.5,0.00839443354473628
"M2","Commerce",2015-03-31,214,3,-0.00314263816587998,2014-12-31,0.0315083401930245,0.00618332612570919,0.5,0.0015203439799146
"M2","Commerce",2015-06-30,210,2,-0.00735918780598989,2015-03-31,0.0159370922398132,0.00771943368934421,0.5,0.00018012294167716
"M2","Commerce",2015-09-30,203,3,-0.00289717742382166,2015-06-30,-0.0019131817420277,0.00742562113757371,0.5,0.00226422185687602
"M2","Commerce",2015-12-31,209,3,-0.0135718557306463,2015-09-30,0.00735412998310103,0.00779999199756191,0.5,-0.00288593186654219
"M2","Commerce",2016-03-31,372,3,-0.0124062956150346,2015-12-31,-0.0158055279342868,0.00901624417504578,0.5,-0.00169502571999441
"M2","Commerce",2016-06-30,246,3,-0.0054123249299334,2016-03-31,0.0133516373977667,0.00830763453854398,0.5,0.00144765480430529
"M2","Commerce",2016-09-30,203,3,0.0182586243192165,2016-06-30,0.0267524972525734,0.00918927208823553,0.5,0.013723948203726
"M2","Commerce",2016-12-31,203,4,-0.020753671024184,2016-09-30,0.0309847865136277,0.0113671150462135,0.5,-0.00469327798898525
"M2","Commerce",2017-03-31,216,4,0.0128627787101186,2016-12-31,0.00917546195855401,0.00984818921105807,0.5,0.0113554839605883
"M2","Commerce",2017-06-30,340,4,0.00591664558531095,2017-03-31,-0.00349218376741867,0.0104128510203937,0.5,0.00816474830285232
"M2","Commerce",2017-09-30,203,4,0.00800659640915004,2017-06-30,-0.0111426180419461,0.00960355702342151,0.5,0.00880507671628578
"M2","Commerce",2017-12-31,239,4,0.00228796951637383,2017-09-30,0.0160473615406325,0.00875786849729404,0.5,0.00552291900683393
"M2","Commerce",2018-03-31,244,4,0.00421946627274211,2017-12-31,-0.0230462931639384,0.00942639477500668,0.5,0.00682293052387439
"M2","Commerce",2018-06-30,244,4,0.0102680308283622,2018-03-31,0.00870212621648037,0.00713397560948433,0.5,0.00870100321892326
"M2","Commerce",2018-09-30,381,4,-0.00449680893200179,2018-06-30,0.00962442845128741,0.00817826905196376,0.5,0.00184073005998099
"M2","Commerce",2018-12-31,242,4,-0.0180845840292755,2018-09-30,0.0165859648209938,0.00718587423336388,0.5,-0.00544935489795581
"M2","Commerce",2019-03-31,388,3,-0.00624000632059787,2018-12-31,-0.0198319410856413,0.00947184643730503,0.5,0.00161592005835358
"M2","Commerce",2019-06-30,316,3,0.00148403060853432,2019-03-31,0.0339504681612155,0.00798376200343544,0.5,0.00473389630598488
"M2","Commerce",2019-09-30,254,3,0.000674057381960734,2019-06-30,-0.00535962123528755,0.00423099134570187,0.5,0.0024525243638313
"M2","Commerce",2019-12-31,266,4,-0.00479310958593664,2019-09-30,-0.0070521019456713,0.00764851495452053,0.5,0.00142770268429195
"M2","Commerce",2020-03-31,380,5,-0.00987487681841805,2019-12-31,-0.0169610578868529,0.00587772398831716,0.5,-0.00199857641505044
"M2","Commerce",2020-06-30,386,4,-0.0264191123875802,2020-03-31,-0.150671734390357,-0.00373383217959304,0.5,-0.0150764722835866
"M2","Commerce",2020-09-30,381,3,0.00500307829781857,2020-06-30,0.108126994394249,0.00223355698600013,0.5,0.00361831764190935
"M2","Commerce",2020-12-31,237,3,-0.0213615828170837,2019-12-31,0.020045836468638,0.0101776845920583,0.5,-0.0055919491125127
"M2","Commerce",2021-03-31,238,3,-0.00554424178484654,2020-12-31,0.0273111173838672,0.00574794982962526,0.5,0.00010185402238936
"M2","Commerce",2021-06-30,245,1,-0.00584683316909318,2021-03-31,0.00987582878233084,0.00798502471855052,0.5,0.00106909577472867
"M2","Commerce",2021-09-30,241,2,0.00810210966408022,2021-06-30,0.0199199534821144,0.00671087992601535,0.5,0.00740649479504778
"M2","Commerce",2021-12-31,239,2,0.0124433903536746,2021-09-30,0.0158034521479156,0.00693632237177593,0.5,0.00968985636272526
"M2","Commerce",2022-03-31,244,3,0.0231927635480406,2021-12-31,-0.0348034749137724,0.00754371163520957,0.5,0.0153682375916251
"M2","Commerce",2022-06-30,244,2,0.0177569399891996,2022-03-31,0.007272295596783,0.00619107793211208,0.5,0.0119740089606558
"M2","Commerce",2022-09-30,247,2,0.0174507814469183,2022-06-30,-0.00708032889736465,0.00789595555450624,0.5,0.0126733685007123
"M2","Commerce",2022-12-31,310,2,0.00628530475272231,2022-09-30,0.0110248570649674,0.00534596443128551,0.5,0.00581563459200391
"M2","Commerce",2023-03-31,364,2,0.0381229037857634,2022-12-31,0.0160767305589786,0.00412565968777209,0.5,0.0211242817367677
"M2","Commerce",2023-06-30,258,4,0.018629519681039,2023-03-31,0.00646517716538497,0.00632108389055682,0.5,0.0124753017857979
"M2","Commerce",2023-09-30,242,4,0.00875243449098746,2023-06-30,0.00237756549880963,0.00572550601442212,0.5,0.00723897025270479
"M2","Commerce",2023-12-31,238,4,-0.0134597002406298,2023-09-30,0.00844315463132972,0.00324694141132473,0.5,-0.00510637941465254
"M2","Commerce",2024-03-31,239,4,-0.00168666065327832,2023-12-31,0.0184637520602795,0.00555246499214392,0.5,0.0019329021694328
"M2","Commerce",2024-06-30,239,4,0.0395701030929924,2024-03-31,0.000290896215341618,0.0069416337032158,0.5,0.0232558683981041
"M2","Commerce",2024-09-30,239,4,0.000455938291574882,2024-06-30,0.0154439711545749,0.00659218049984048,0.5,0.00352405939570768
"M2","Commerce",2024-12-31,295,4,0.00491113124909631,2024-09-30,0.00571468262867647,0.00670576123591258,0.5,0.00580844624250445
"M2","Commerce",2025-03-31,352,4,-0.0225386658669001,2024-09-30,0.0248772545888567,0.00694655096532436,0.5,-0.00779605745078787
"M2","Commerce",2025-06-30,187,3,0.033733037926436,2025-03-31,0.00124917416875725,0.00573931300723424,0.5,0.0197361754668351
"M2","Commerce",2025-09-30,192,3,-0.00565741681359059,2025-06-30,0.00388237799968039,0.00734920802397538,0.5,0.000845895605192395
"M2","Commerce",2025-12-31,186,3,0.0163028251830431,2025-09-30,0.00474667366104242,0.00650358951918271,0.5,0.0114032073511129
"M2","Commerce",2026-03-31,183,3,-0.0184664775348244,2025-12-31,0.030304457095939,0.00558437278021224,0.5,-0.00644105237730608
"M2","Construction",2014-06-30,207,3,0.0164082729656571,2014-03-31,0.00447736474689187,0.0135342524661724,0.5,0.0149712627159148
"M2","Construction",2014-09-30,211,2,0.010443564498487,2014-06-30,-0.000619901584931526,0.0139608835007986,0.5,0.0122022239996428
"M2","Construction",2014-12-31,200,2,0.0117996224231398,2014-09-30,-0.0170090243189662,0.0135108994581792,0.5,0.0126552609406595
"M2","Construction",2015-03-31,214,1,0.00746615499612851,2014-12-31,-0.00530943948553997,0.0119242811701445,0.5,0.0096952180831365
"M2","Construction",2015-06-30,210,1,0.0119495083364951,2015-03-31,0.0209819845460189,0.0111879956953914,0.5,0.0115687520159433
"M2","Construction",2015-09-30,203,2,0.0108537095176838,2015-06-30,0.0115194109871428,0.0120684962486412,0.5,0.0114611028831625
"M2","Construction",2015-12-31,209,2,0.0147363088229253,2015-09-30,0.032079368271992,0.0114004814166324,0.5,0.0130683951197789
"M2","Construction",2016-03-31,372,3,0.0135894673942325,2015-12-31,0.0187855153946899,0.0130882506551527,0.5,0.0133388590246926
"M2","Construction",2016-06-30,246,0,,,-0.00501930687227414,0.012669329199756,0.5,0.012669329199756
"M2","Construction",2016-09-30,203,0,,,-0.00562759321653061,0.011636632309017,0.5,0.011636632309017
"M2","Construction",2016-12-31,203,0,,,-0.0052620417260254,0.0124515873959961,0.5,0.0124515873959961
"M2","Construction",2017-03-31,216,0,,,0.0132064022878779,0.0105025955245449,0.5,0.0105025955245449
"M2","Construction",2017-06-30,340,0,,,0.000867405836450175,0.0117889777110755,0.5,0.0117889777110755
"M2","Construction",2017-09-30,203,0,,,0.017936616006887,0.0114155714823311,0.5,0.0114155714823311
"M2","Construction",2017-12-31,239,0,,,-0.00784029652175278,0.0115486012069794,0.5,0.0115486012069794
"M2","Construction",2018-03-31,244,0,,,0.026272471549829,0.0107415786772516,0.5,0.0107415786772516
"M2","Construction",2018-06-30,244,0,,,0.00736116363280281,0.0130643283125074,0.5,0.0130643283125074
"M2","Construction",2018-09-30,381,0,,,-0.0192666965708348,0.0113876526016158,0.5,0.0113876526016158
"M2","Construction",2018-12-31,242,0,,,-0.0524286380169254,0.0100600784924261,0.5,0.0100600784924261
"M2","Construction",2019-03-31,388,0,,,0.0166559720067418,0.00885098456855127,0.5,0.00885098456855127
"M2","Construction",2019-06-30,316,0,,,0.0481920910731386,0.0119527879653205,0.5,0.0119527879653205
"M2","Construction",2019-09-30,254,0,,,0.0125910845192418,0.014249309052876,0.5,0.014249309052876
"M2","Construction",2019-12-31,266,0,,,-0.0273069523615579,0.00895884970361975,0.5,0.00895884970361975
"M2","Construction",2020-03-31,380,0,,,0.000213553084455143,0.00726370133625902,0.5,0.00726370133625902
"M2","Construction",2020-06-30,386,0,,,-0.102776372819593,0.000543484826574807,0.5,0.000543484826574807
"M2","Construction",2020-09-30,381,0,,,0.0356201479127147,-0.000286293027691621,0.5,-0.000286293027691621
"M2","Construction",2020-12-31,237,1,0.0139963735375959,2020-09-30,0.072642691639901,0.0127320820427462,0.5,0.013364227790171
"M2","Construction",2021-03-31,238,1,0.016888319477465,2020-12-31,-0.00494022963371066,0.0137820274801226,0.5,0.0153351734787938
"M2","Construction",2021-06-30,245,1,0.00573171012959987,2021-03-31,-0.00250132109599832,0.0099200849104172,0.5,0.00782589752000853
"M2","Construction",2021-09-30,241,1,0.00576825322679507,2021-06-30,0.0107028535882208,0.00986454778203801,0.5,0.00781640050441654
"M2","Construction",2021-12-31,239,1,0.0119278537633441,2021-09-30,0.00772099252970015,0.0129192439234903,0.5,0.0124235488434172
"M2","Construction",2022-03-31,244,1,0.00708245613206471,2021-12-31,-0.026866287683136,0.00953832346164042,0.5,0.00831038979685256
"M2","Construction",2022-06-30,244,1,0.00110430017456853,2022-03-31,-0.0038148328637746,0.00923638063925402,0.5,0.00517034040691128
"M2","Construction",2022-09-30,247,1,0.00556769859241594,2022-06-30,-0.0309753266623467,0.0088818641192418,0.5,0.00722478135582887
"M2","Construction",2022-12-31,310,1,0.00726822875154134,2022-09-30,-0.0138810252956052,0.00502176900630458,0.5,0.00614499887892296
"M2","Construction",2023-03-31,364,0,,,0.0264176726138974,0.00137059462271156,0.5,0.00137059462271156
"M2","Construction",2023-06-30,258,0,,,0.00252741405244095,0.0102549162102403,0.5,0.0102549162102403
"M2","Construction",2023-09-30,242,0,,,0.00248876146185317,0.0087000006609335,0.5,0.0087000006609335
"M2","Construction",2023-12-31,238,0,,,0.00486264809430104,0.00693905551430475,0.5,0.00693905551430475
"M2","Construction",2024-03-31,239,1,0.00677270604779853,2022-09-30,0.0243786805323758,0.00750063107069851,0.5,0.00713666855924852
"M2","Construction",2024-06-30,239,1,0.0108772668928562,2024-03-31,0.0131434129712957,0.0105724448604855,0.5,0.0107248558766709
"M2","Construction",2024-09-30,239,1,0.0140678740941039,2024-06-30,0.0334036782533733,0.00754080486595122,0.5,0.0108043394800276
"M2","Construction",2024-12-31,295,1,0.0142856426962512,2024-09-30,0.00587796447580935,0.00902142194442809,0.5,0.0116535323203396
"M2","Construction",2025-03-31,352,1,0.00582115188627959,2024-12-31,0.0164348782556303,0.0107764162004622,0.5,0.00829878404337089
"M2","Construction",2025-06-30,187,1,0.0109019000065727,2025-03-31,0.0173260458459641,0.0111057481407055,0.5,0.0110038240736391
"M2","Construction",2025-09-30,192,1,0.0134267346254475,2025-06-30,0.0230301767543057,0.00834907634842199,0.5,0.0108879054869347
"M2","Construction",2025-12-31,186,1,0.0124899632749519,2025-09-30,-0.000376710311417838,0.00878617933429037,0.5,0.0106380713046211
"M2","Construction",2026-03-31,183,1,-0.000802403896361923,2025-12-31,-0.0250954841631064,0.0111984473797093,0.5,0.00519802174167369
"M2","Finances et assurances",2014-06-30,207,5,0.0137799753465791,2014-03-31,0.00979204446059612,0.0140681567625369,0.5,0.013924066054558
"M2","Finances et assurances",2014-09-30,211,5,0.0059457025983552,2014-06-30,0.0108712876306072,0.0146312688234217,0.5,0.0102884857108885
"M2","Finances et assurances",2014-12-31,200,5,0.011201732466086,2014-09-30,0.00817212302553116,0.0121648395804871,0.5,0.0116832860232866
"M2","Finances et assurances",2015-03-31,214,5,0.00907017260628928,2014-12-31,0.0025733872860485,0.0121945974410465,0.5,0.0106323850236679
"M2","Finances et assurances",2015-06-30,210,5,0.00221952722952597,2015-03-31,-0.000283635140750249,0.012426105066098,0.5,0.00732281614781199
"M2","Finances et assurances",2015-09-30,203,5,0.0114810441252902,2015-06-30,0.00555168992811517,0.0129537372037148,0.5,0.0122173906645025
"M2","Finances et assurances",2015-12-31,209,5,0.00117543243701851,2015-09-30,0.0216448096360278,0.0117430605231681,0.5,0.00645924648009331
"M2","Finances et assurances",2016-03-31,372,5,-0.000562108951588336,2015-12-31,0.0116644403276638,0.0153764876598674,0.5,0.00740718935413953
"M2","Finances et assurances",2016-06-30,246,5,0.008645010469247,2016-03-31,0.0132480316692885,0.0151314048367449,0.5,0.011888207652996
"M2","Finances et assurances",2016-09-30,203,5,0.00928430086007748,2016-06-30,0.0406230501366736,0.0116688289538044,0.5,0.0104765649069409
"M2","Finances et assurances",2016-12-31,203,5,0.0142684311796073,2016-09-30,-0.0101673768515305,0.0141647063806995,0.5,0.0142165687801534
"M2","Finances et assurances",2017-03-31,216,5,-0.00387079361371879,2016-12-31,0.00552692213443429,0.0102546490414968,0.5,0.003191927713889
"M2","Finances et assurances",2017-06-30,340,5,0.0146028782532538,2017-03-31,0.0236163865511507,0.0116480143021699,0.5,0.0131254462777118
"M2","Finances et assurances",2017-09-30,203,5,0.00529931883406646,2017-06-30,-0.00152331413688955,0.0130385624814541,0.5,0.00916894065776028
"M2","Finances et assurances",2017-12-31,239,5,0.00832575139500054,2017-09-30,-0.00363516724733692,0.0123311502410938,0.5,0.0103284508180472
"M2","Finances et assurances",2018-03-31,244,5,-0.00240252565273264,2017-12-31,0.0129764503213643,0.011140428531226,0.5,0.00436895143924668
"M2","Finances et assurances",2018-06-30,244,5,0.013387045694205,2018-03-31,-0.00435156893570188,0.0138091384445282,0.5,0.0135980920693666
"M2","Finances et assurances",2018-09-30,381,5,0.0131865017707387,2018-06-30,0.00735193248656962,0.0115706784504298,0.5,0.0123785901105843
"M2","Finances et assurances",2018-12-31,242,5,0.00528336697099086,2018-09-30,0.0110438895944789,0.00874297886195605,0.5,0.00701317291647346
"M2","Finances et assurances",2019-03-31,388,5,0.00559941985791691,2018-12-31,0.0315392522985256,0.0100667958222359,0.5,0.0078331078400764
"M2","Finances et assurances",2019-06-30,316,5,0.010294072715307,2019-03-31,0.000435811706188005,0.0139581707063801,0.5,0.0121261217108436
"M2","Finances et assurances",2019-09-30,254,5,0.0127648975941962,2019-06-30,0.0130609593133908,0.0144508412845183,0.5,0.0136078694393573
"M2","Finances et assurances",2019-12-31,266,5,0.0102595035912263,2019-09-30,0.00825566078032658,0.0120688123557421,0.5,0.0111641579734842
"M2","Finances et assurances",2020-03-31,380,5,0.00446114559383998,2019-12-31,-0.0212114526144092,0.0121198820341142,0.5,0.00829051381397709
"M2","Finances et assurances",2020-06-30,386,5,0.0144499828023128,2020-03-31,0.0113083327777996,0.00518195860742856,0.5,0.00981597070487068
"M2","Finances et assurances",2020-09-30,381,5,0.00867329710921768,2020-06-30,0.00678756570547989,0.00614068207830312,0.5,0.0074069895937604
"M2","Finances et assurances",2020-12-31,237,5,0.00695143326381483,2020-09-30,0.0114494849451461,0.00787272860201549,0.5,0.00741208093291516
"M2","Finances et assurances",2021-03-31,238,5,0.00409357169288223,2020-12-31,-0.00739307250548649,0.0157067490056733,0.5,0.00990016034927776
"M2","Finances et assurances",2021-06-30,245,5,0.0122850115758212,2021-03-31,0.0281576114642981,0.0132416318975279,0.5,0.0127633217366745
"M2","Finances et assurances",2021-09-30,241,5,0.00188287454246743,2021-06-30,0.00585438399346749,0.0123493802492189,0.5,0.00711612739584317
"M2","Finances et assurances",2021-12-31,239,5,0.00644492099475573,2021-09-30,0.016641170500078,0.0134169140860317,0.5,0.00993091754039372
"M2","Finances et assurances",2022-03-31,244,5,0.00164607502437535,2021-12-31,0.0414257987284206,0.0118596036462315,0.5,0.00675283933530342
"M2","Finances et assurances",2022-06-30,244,5,0.00985620679800173,2022-03-31,0.031410255383383,0.0122908502458726,0.5,0.0110735285219372
"M2","Finances et assurances",2022-09-30,247,5,0.00728498214967275,2022-06-30,0.0122236867003789,0.0138281071378301,0.5,0.0105565446437514
"M2","Finances et assurances",2022-12-31,310,5,0.00940937805459076,2022-09-30,0.00818990746985371,0.0148010203077491,0.5,0.0121051991811699
"M2","Finances et assurances",2023-03-31,364,5,0.00097996699091292,2022-12-31,0.0177076136496304,0.0098605338753833,0.5,0.00542025043314811
"M2","Finances et assurances",2023-06-30,258,5,0.0137165618528541,2023-03-31,0.0142309413674457,0.0147002203889168,0.5,0.0142083911208854
"M2","Finances et assurances",2023-09-30,242,5,0.0067731726370948,2023-06-30,0.0138611051650379,0.0138909190340834,0.5,0.0103320458355891
"M2","Finances et assurances",2023-12-31,238,5,0.0124636898046034,2023-09-30,0.0205123675274645,0.0140112648383389,0.5,0.0132374773214711
"M2","Finances et assurances",2024-03-31,239,5,0.00834337776760337,2023-12-31,0.034226988537851,0.0157533574911074,0.5,0.0120483676293554
"M2","Finances et assurances",2024-06-30,239,5,0.00828652160435179,2024-03-31,0.00677789865920531,0.013729697055497,0.5,0.0110081093299244
"M2","Finances et assurances",2024-09-30,239,5,0.0105756300098494,2024-06-30,0.0307983277209374,0.0132938858143099,0.5,0.0119347579120797
"M2","Finances et assurances",2024-12-31,295,5,0.0119706980262108,2024-09-30,0.024404004984877,0.0146411711588781,0.5,0.0133059345925444
"M2","Finances et assurances",2025-03-31,352,5,0.00976305353895312,2024-12-31,-0.00576523644903126,0.0169947542814617,0.5,0.0133789039102074
"M2","Finances et assurances",2025-06-30,187,5,0.0148626699675033,2025-03-31,-0.000740007216192495,0.0131166084060867,0.5,0.013989639186795
"M2","Finances et assurances",2025-09-30,192,5,0.00828798483167946,2025-06-30,0.0383171453817219,0.0121431557847343,0.5,0.0102155703082069
"M2","Finances et assurances",2025-12-31,186,5,0.0164004722933127,2025-09-30,0.02252710319177,0.0161887632976205,0.5,0.0162946177954666
"M2","Finances et assurances",2026-03-31,183,5,0.00804959199569305,2025-12-31,0.0131482423939122,0.0145541845518335,0.5,0.0113018882737633
"M2","Hébergement-restauration",2014-06-30,207,0,,,0.0579051413275486,0.00983910294422055,0.5,0.00983910294422055
"M2","Hébergement-restauration",2014-09-30,211,0,,,-0.100719732558025,0.00486007960335512,0.5,0.00486007960335512
"M2","Hébergement-restauration",2014-12-31,200,0,,,0.0187926552611444,0.0127718705720377,0.5,0.0127718705720377
"M2","Hébergement-restauration",2015-03-31,214,0,,,0.0127819913735721,0.0117067939875733,0.5,0.0117067939875733
"M2","Hébergement-restauration",2015-06-30,210,0,,,0.0151974154132208,0.00659599488759563,0.5,0.00659599488759563
"M2","Hébergement-restauration",2015-09-30,203,0,,,-0.0394942050942486,0.0043976729383019,0.5,0.0043976729383019
"M2","Hébergement-restauration",2015-12-31,209,0,,,0.0175488642456987,0.0082287362069184,0.5,0.0082287362069184
"M2","Hébergement-restauration",2016-03-31,372,0,,,0.00665704009847978,0.00320641508772281,0.5,0.00320641508772281
"M2","Hébergement-restauration",2016-06-30,246,0,,,-0.00832824764845164,0.00481813281520201,0.5,0.00481813281520201
"M2","Hébergement-restauration",2016-09-30,203,0,,,0.0560471819745558,0.010002523529641,0.5,0.010002523529641
"M2","Hébergement-restauration",2016-12-31,203,0,,,0.0195963775895027,0.00120753395646334,0.5,0.00120753395646334
"M2","Hébergement-restauration",2017-03-31,216,0,,,0.0277996430464089,0.00711099636681498,0.5,0.00711099636681498
"M2","Hébergement-restauration",2017-06-30,340,0,,,0.0278215922434324,0.00856153945787162,0.5,0.00856153945787162
"M2","Hébergement-restauration",2017-09-30,203,0,,,0.0102951493030083,0.00691199529715454,0.5,0.00691199529715454
"M2","Hébergement-restauration",2017-12-31,239,0,,,0.0188149524720291,0.00981137840994608,0.5,0.00981137840994608
"M2","Hébergement-restauration",2018-03-31,244,0,,,0.0248370780464207,0.00953803869056786,0.5,0.00953803869056786
"M2","Hébergement-restauration",2018-06-30,244,0,,,0.0148534421343882,0.00207637268526864,0.5,0.00207637268526864
"M2","Hébergement-restauration",2018-09-30,381,0,,,-0.0200453834008396,0.00731935416302951,0.5,0.00731935416302951
"M2","Hébergement-restauration",2018-12-31,242,0,,,0.0330719091401885,0.0123239497643486,0.5,0.0123239497643486
"M2","Hébergement-restauration",2019-03-31,388,0,,,0.0107181372644138,0.00951525106807088,0.5,0.00951525106807088
"M2","Hébergement-restauration",2019-06-30,316,0,,,0.0402913731091044,-0.00119713255112923,0.5,-0.00119713255112923
"M2","Hébergement-restauration",2019-09-30,254,0,,,-0.0688778865997968,-0.00655275657677681,0.5,-0.00655275657677681
"M2","Hébergement-restauration",2019-12-31,266,0,,,0.0396077656015432,0.0106792338947299,0.5,0.0106792338947299
"M2","Hébergement-restauration",2020-03-31,380,1,-0.00172502343296568,2019-12-31,-0.329368517252892,0.0133225193882025,0.5,0.00579874797761841
"M2","Hébergement-restauration",2020-06-30,386,1,-0.8562615712461,2020-03-31,-0.857041072981717,-0.0331484908175594,0.5,-0.44470503103183
"M2","Hébergement-restauration",2020-09-30,381,4,0.954840101000057,2020-06-30,0.152814674284517,0.0143057816461628,0.5,0.48457294132311
"M2","Hébergement-restauration",2020-12-31,237,4,0.221525489572581,2020-09-30,0.184991785349833,-0.0272265445436888,0.5,0.0971494725144461
"M2","Hébergement-restauration",2021-03-31,238,4,0.0183931777076707,2020-12-31,0.108593379555545,0.00744481785676402,0.5,0.0129189977822174
"M2","Hébergement-restauration",2021-06-30,245,4,-0.0781265691924409,2021-03-31,0.0325203058080987,0.00901626202888402,0.5,-0.0345551535817784
"M2","Hébergement-restauration",2021-09-30,241,2,0.0423251110980575,2021-06-30,0.0912570059284388,0.0079785573142786,0.5,0.025151834206168
"M2","Hébergement-restauration",2021-12-31,239,4,0.0450266408389306,2021-03-31,0.0662513211980329,0.00510192362131615,0.5,0.0250642822301234
"M2","Hébergement-restauration",2022-03-31,244,4,-0.057744510596851,2021-12-31,0.172069210996341,0.00743198200564778,0.5,-0.0251562642956016
"M2","Hébergement-restauration",2022-06-30,244,4,0.181718788930814,2022-03-31,0.185682194782517,0.0100962681369822,0.5,0.0959075285338981
"M2","Hébergement-restauration",2022-09-30,247,2,0.0731064534915442,2022-06-30,0.172534150339882,0.0177645607675224,0.5,0.0454355071295333
"M2","Hébergement-restauration",2022-12-31,310,2,0.0343011565407342,2022-09-30,0.0347188375472669,0.0418994154394745,0.5,0.0381002859901044
"M2","Hébergement-restauration",2023-03-31,364,4,-0.00083823924805297,2022-03-31,0.0350713189035368,0.0360670184708599,0.5,0.0176143896114035
"M2","Hébergement-restauration",2023-06-30,258,4,0.0378744070518658,2023-03-31,0.0285381802766143,0.0174644954644923,0.5,0.0276694512581791
"M2","Hébergement-restauration",2023-09-30,242,4,-0.00185856576829105,2023-06-30,0.0131680998376478,0.0177715768358601,0.5,0.00795650553378453
"M2","Hébergement-restauration",2023-12-31,238,4,0.0147344475741106,2023-09-30,0.00454308251082303,0.0168960811961114,0.5,0.015815264385111
"M2","Hébergement-restauration",2024-03-31,239,4,0.00404512686552528,2023-12-31,-0.0256302512562794,0.0176746152679738,0.5,0.0108598710667495
"M2","Hébergement-restauration",2024-06-30,239,4,0.0223275928273332,2024-03-31,0.0863211664480215,0.0156434156638115,0.5,0.0189855042455723
"M2","Hébergement-restauration",2024-09-30,239,4,0.0195349551379185,2024-06-30,0.0395958337321503,0.0186582521991832,0.5,0.0190966036685509
"M2","Hébergement-restauration",2024-12-31,295,4,0.032614514721056,2024-09-30,0.0126078965454273,0.0135205249272131,0.5,0.0230675198241345
"M2","Hébergement-restauration",2025-03-31,352,4,-0.00563695695923548,2024-12-31,-0.0551888649837782,0.0373153618512822,0.5,0.0158392024460234
"M2","Hébergement-restauration",2025-06-30,187,4,0.017669037093056,2025-03-31,0.0935791648916222,0.0115983032844378,0.5,0.0146336701887469
"M2","Hébergement-restauration",2025-09-30,192,2,0.0307142995049698,2025-06-30,0.0109571254893179,0.0147496537577987,0.5,0.0227319766313843
"M2","Hébergement-restauration",2025-12-31,186,2,0.00664776237378455,2025-09-30,-0.0117140608570061,0.0191445701728367,0.5,0.0128961662733106
"M2","Hébergement-restauration",2026-03-31,183,2,-0.0242779162997116,2025-12-31,-0.0149369838672992,0.0214278838335228,0.5,-0.0014250162330944
"M2","Immobilier",2014-06-30,207,1,0.0117892868151199,2014-03-31,-0.00347586163623959,0.0122596909319343,0.5,0.0120244888735271
"M2","Immobilier",2014-09-30,211,1,0.00634695120022319,2014-06-30,-0.00217718876892725,0.0128905081004547,0.5,0.00961872965033895
"M2","Immobilier",2014-12-31,200,1,0.00682949063277684,2014-09-30,-0.00175178666395936,0.0121689724626345,0.5,0.00949923154770567
"M2","Immobilier",2015-03-31,214,1,0.00688657709453706,2014-12-31,0.000110265740545401,0.0114885194562888,0.5,0.00918754827541293
"M2","Immobilier",2015-06-30,210,1,0.00570367206283735,2015-03-31,0.00268122505899093,0.0110016509265868,0.5,0.00835266149471207
"M2","Immobilier",2015-09-30,203,1,0.00711865203951815,2015-06-30,0.00388518358887602,0.0111695819997516,0.5,0.00914411701963488
"M2","Immobilier",2015-12-31,209,1,0.0070543363521885,2015-09-30,0.00438830891148179,0.0108555173180894,0.5,0.00895492683513895
"M2","Immobilier",2016-03-31,372,1,0.00638915416961924,2015-12-31,0.0126521894411589,0.0105438032446352,0.5,0.00846647870712722
"M2","Immobilier",2016-06-30,246,1,0.00893465165268514,2016-03-31,0.00642440146184065,0.0110146916742121,0.5,0.00997467166344862
"M2","Immobilier",2016-09-30,203,1,0.00836766752161422,2016-06-30,0.00538883523628364,0.0105398068682385,0.5,0.00945373719492636
"M2","Immobilier",2016-12-31,203,1,0.00721695738175764,2016-09-30,0.00381329164235744,0.0114911565933515,0.5,0.00935405698755457
"M2","Immobilier",2017-03-31,216,1,0.00763949165856025,2016-12-31,0.000111312238896488,0.00909726026256174,0.5,0.008368375960561
"M2","Immobilier",2017-06-30,340,1,0.00625947493985224,2017-03-31,0.00532846857096558,0.0106465078471458,0.5,0.00845299139349902
"M2","Immobilier",2017-09-30,203,1,0.00791814190588448,2017-06-30,0.00538413091038592,0.0109490483310259,0.5,0.00943359511845519
"M2","Immobilier",2017-12-31,239,1,0.00785001410885363,2017-09-30,0.00537094450904618,0.0102628545671528,0.5,0.00905643433800321
"M2","Immobilier",2018-03-31,244,1,0.00671411384980313,2017-12-31,0.0139842136362436,0.0100880003959658,0.5,0.00840105712288446
"M2","Immobilier",2018-06-30,244,1,0.00934672131162683,2018-03-31,0.00709820759588098,0.0126555614823982,0.5,0.0110011413970125
"M2","Immobilier",2018-09-30,381,1,0.00797781595716751,2018-06-30,0.00546983793104339,0.0103415112889544,0.5,0.00915966362306096
"M2","Immobilier",2018-12-31,242,1,0.00643216746432514,2018-09-30,0.00429779031723321,0.00991457310907439,0.5,0.00817337028669976
"M2","Immobilier",2019-03-31,388,1,0.00611855646265536,2018-12-31,0.00697990763877421,0.0101357893800674,0.5,0.00812717292136138
"M2","Immobilier",2019-06-30,316,1,0.00849920611197431,2019-03-31,0.00407965402671806,0.00866401083127962,0.5,0.00858160847162696
"M2","Immobilier",2019-09-30,254,1,0.00733196194428406,2019-06-30,0.0012246541882952,0.0121204528707181,0.5,0.00972620740750108
"M2","Immobilier",2019-12-31,266,1,0.00528851846901919,2019-09-30,-0.00107461592825686,0.00956426682907744,0.5,0.00742639264904832
"M2","Immobilier",2020-03-31,380,1,0.00473625426970523,2019-12-31,-0.0121506955111226,0.0098260316890376,0.5,0.00728114297937141
"M2","Immobilier",2020-06-30,386,1,0.00372457236273185,2020-03-31,0.00154778434759706,0.00253732561563537,0.5,0.00313094898918361
"M2","Immobilier",2020-09-30,381,1,0.00638776215105974,2020-06-30,0.00248862454064991,0.0076096107172803,0.5,0.00699868643417002
"M2","Immobilier",2020-12-31,237,1,0.00476850542510231,2020-09-30,0.00250256303301022,0.00808896066416918,0.5,0.00642873304463575
"M2","Immobilier",2021-03-31,238,1,0.0047312669624093,2020-12-31,0.0186980933413192,0.0116777433225484,0.5,0.00820450514247885
"M2","Immobilier",2021-06-30,245,1,0.00977832443207809,2021-03-31,0.00589086653339521,0.00896287384176394,0.5,0.00937059913692101
"M2","Immobilier",2021-09-30,241,1,0.00590410139494558,2021-06-30,0.00489489217388339,0.00930348524618798,0.5,0.00760379332056678
"M2","Immobilier",2021-12-31,239,1,0.00689452952725655,2021-09-30,-0.000185568621855481,0.0105072326535578,0.5,0.00870088109040718
"M2","Immobilier",2022-03-31,244,1,0.00544268319606414,2021-12-31,-0.00613333557758722,0.00901618150144863,0.5,0.00722943234875639
"M2","Immobilier",2022-06-30,244,1,0.00414549038909706,2022-03-31,0.000982294226966829,0.00952360595914048,0.5,0.00683454817411877
"M2","Immobilier",2022-09-30,247,1,0.00439080373225631,2022-06-30,0.00192740181735829,0.00841182050470035,0.5,0.00640131211847833
"M2","Immobilier",2022-12-31,310,2,0.00371661823710502,2022-09-30,0.00286217020537194,0.00914594280479493,0.5,0.00643128052094998
"M2","Immobilier",2023-03-31,364,3,0.000890989339796096,2022-12-31,0.0186492473499342,0.00320022411002661,0.5,0.00204560672491135
"M2","Immobilier",2023-06-30,258,1,0.00982881166509567,2023-03-31,0.00433516318523708,0.0117933011869318,0.5,0.0108110564260137
"M2","Immobilier",2023-09-30,242,1,0.00603409747464557,2023-06-30,0.000940152450292331,0.00903871660149807,0.5,0.00753640703807182
"M2","Immobilier",2023-12-31,238,1,0.00550888257348027,2023-09-30,0.00367575702520995,0.00680146448015212,0.5,0.00615517352681619
"M2","Immobilier",2024-03-31,239,1,0.00551923037554634,2023-12-31,0.019358859355199,0.00835513536735188,0.5,0.00693718287144911
"M2","Immobilier",2024-06-30,239,1,0.0103633937985026,2024-03-31,0.00208616686757601,0.010323706411602,0.5,0.0103435501050523
"M2","Immobilier",2024-09-30,239,1,0.0059723431238044,2024-06-30,0.000572003912662211,0.00805831144615959,0.5,0.00701532728498199
"M2","Immobilier",2024-12-31,295,1,0.0060296937096124,2024-09-30,0.00271140021348693,0.00858221767094556,0.5,0.00730595569027898
"M2","Immobilier",2025-03-31,352,1,0.00553175058221781,2024-12-31,0.0241904984463055,0.0102451841916419,0.5,0.00788846738692985
"M2","Immobilier",2025-06-30,187,1,0.0115195029626618,2025-03-31,0.00225126559195132,0.00980279651170369,0.5,0.0106611497371827
"M2","Immobilier",2025-09-30,192,1,0.00620694299305175,2025-06-30,0.00139883513399042,0.00879022210120843,0.5,0.00749858254713009
"M2","Immobilier",2025-12-31,186,1,0.00562134367721746,2025-09-30,0.00356943094849527,0.00859530181841989,0.5,0.00710832274781868
"M2","Immobilier",2026-03-31,183,1,0.00622636677904935,2025-12-31,0.0145414287128816,0.0113771026213591,0.5,0.00880173470020422
"M2","Industrie d'extraction",2014-06-30,207,1,0.0853444936959723,2014-03-31,-0.00618613651727884,0.017278995762863,0.5,0.0513117447294177
"M2","Industrie d'extraction",2014-09-30,211,1,-0.0215980226982269,2014-06-30,-0.015888470256332,0.018847408104959,0.5,-0.00137530729663395
"M2","Industrie d'extraction",2014-12-31,200,1,-0.0779949707204615,2014-09-30,-0.0298633941618487,0.0294840370491735,0.5,-0.024255466835644
"M2","Industrie d'extraction",2015-03-31,214,1,-0.0614630354739227,2014-12-31,0.00890133635762247,0.0306349108556698,0.5,-0.0154140623091264
"M2","Industrie d'extraction",2015-06-30,210,1,0.177895808373823,2015-03-31,0.0247954892566806,0.0117541769572229,0.5,0.0948249926655229
"M2","Industrie d'extraction",2015-09-30,203,2,0.0358058573866517,2013-09-30,0.0237021448250037,0.0121890669862214,0.5,0.0239974621864366
"M2","Industrie d'extraction",2015-12-31,209,2,0.0143234612755588,2015-09-30,-0.00879815197435896,0.010453219933241,0.5,0.0123883406043999
"M2","Industrie d'extraction",2016-03-31,372,1,-0.0672680261657864,2015-12-31,0.0161383433235596,0.00911586608716397,0.5,-0.0290760800393112
"M2","Industrie d'extraction",2016-06-30,246,1,-0.0158425059491927,2016-03-31,-0.0163339493026129,0.0207324617336401,0.5,0.0024449778922237
"M2","Industrie d'extraction",2016-09-30,203,1,0.031908266341441,2016-06-30,0.0218474503756241,0.0185937502493746,0.5,0.0252510082954078
"M2","Industrie d'extraction",2016-12-31,203,0,,,0.025849664713844,0.00914133792422436,0.5,0.00914133792422436
"M2","Industrie d'extraction",2017-03-31,216,0,,,0.0185128254497453,0.0156424128408559,0.5,0.0156424128408559
"M2","Industrie d'extraction",2017-06-30,340,0,,,0.0955083840143161,0.0133271099000362,0.5,0.0133271099000362
"M2","Industrie d'extraction",2017-09-30,203,0,,,-0.0311769033996843,0.0119669733443149,0.5,0.0119669733443149
"M2","Industrie d'extraction",2017-12-31,239,0,,,0.0125783920146532,0.0202132224594892,0.5,0.0202132224594892
"M2","Industrie d'extraction",2018-03-31,244,0,,,-0.0244479675700369,0.0168804749053021,0.5,0.0168804749053021
"M2","Industrie d'extraction",2018-06-30,244,0,,,0.0081793613697414,-0.0119328900924359,0.5,-0.0119328900924359
"M2","Industrie d'extraction",2018-09-30,381,0,,,-0.0117710521370427,0.0129550588583958,0.5,0.0129550588583958
"M2","Industrie d'extraction",2018-12-31,242,0,,,-0.00327062290436331,0.0038356298493351,0.5,0.0038356298493351
"M2","Industrie d'extraction",2019-03-31,388,0,,,0.040057095335742,0.00969642848813987,0.5,0.00969642848813987
"M2","Industrie d'extraction",2019-06-30,316,0,,,-0.0225433471888596,0.00587506414679064,0.5,0.00587506414679064
"M2","Industrie d'extraction",2019-09-30,254,0,,,0.0109256734157306,0.0200650282919328,0.5,0.0200650282919328
"M2","Industrie d'extraction",2019-12-31,266,0,,,0.00214620520732645,0.0175802728170349,0.5,0.0175802728170349
"M2","Industrie d'extraction",2020-03-31,380,0,,,0.00506158820307512,0.0198612030350813,0.5,0.0198612030350813
"M2","Industrie d'extraction",2020-06-30,386,0,,,0.0237324718357801,0.0282733812059157,0.5,0.0282733812059157
"M2","Industrie d'extraction",2020-09-30,381,0,,,-0.0110758122366672,0.0348257825919949,0.5,0.0348257825919949
"M2","Industrie d'extraction",2020-12-31,237,0,,,0.0282365373459843,0.0069170568149415,0.5,0.0069170568149415
"M2","Industrie d'extraction",2021-03-31,238,0,,,0.0506515529548963,0.00891710501019216,0.5,0.00891710501019216
"M2","Industrie d'extraction",2021-06-30,245,0,,,-0.0120026798414088,0.0112140528473805,0.5,0.0112140528473805
"M2","Industrie d'extraction",2021-09-30,241,0,,,0.0223534844760689,0.0189719762582948,0.5,0.0189719762582948
"M2","Industrie d'extraction",2021-12-31,239,0,,,-0.0143497716369634,0.0131587260013968,0.5,0.0131587260013968
"M2","Industrie d'extraction",2022-03-31,244,0,,,-0.138625872821352,0.0147690469986585,0.5,0.0147690469986585
"M2","Industrie d'extraction",2022-06-30,244,0,,,-0.0689421152185421,0.0207467815319396,0.5,0.0207467815319396
"M2","Industrie d'extraction",2022-09-30,247,0,,,-0.0421248811824597,0.00969542753409443,0.5,0.00969542753409443
"M2","Industrie d'extraction",2022-12-31,310,0,,,-0.216757201746969,0.00519363304535769,0.5,0.00519363304535769
"M2","Industrie d'extraction",2023-03-31,364,0,,,0.0973621473997142,0.0292897627901745,0.5,0.0292897627901745
"M2","Industrie d'extraction",2023-06-30,258,0,,,2.03357431196594e-05,-0.00724115442567746,0.5,-0.00724115442567746
"M2","Industrie d'extraction",2023-09-30,242,0,,,0.0733392840223264,0.00866230564705127,0.5,0.00866230564705127
"M2","Industrie d'extraction",2023-12-31,238,0,,,0.113749741354164,-0.000896764388484034,0.5,-0.000896764388484034
"M2","Industrie d'extraction",2024-03-31,239,0,,,-0.0252607257677209,-0.00984357845914411,0.5,-0.00984357845914411
"M2","Industrie d'extraction",2024-06-30,239,0,,,0.0070152744335843,0.0134125995166855,0.5,0.0134125995166855
"M2","Industrie d'extraction",2024-09-30,239,0,,,0.022117053793357,0.0111587526145102,0.5,0.0111587526145102
"M2","Industrie d'extraction",2024-12-31,295,0,,,-0.0056609646746999,0.00859012744437375,0.5,0.00859012744437375
"M2","Industrie d'extraction",2025-03-31,352,0,,,0.0657933092045351,-0.00797111829592025,0.5,-0.00797111829592025
"M2","Industrie d'extraction",2025-06-30,187,0,,,0.046428686738258,0.023742819052498,0.5,0.023742819052498
"M2","Industrie d'extraction",2025-09-30,192,0,,,-0.0306857679206729,0.000506588676821092,0.5,0.000506588676821092
"M2","Industrie d'extraction",2025-12-31,186,0,,,-0.0912476795593946,0.00387901013032952,0.5,0.00387901013032952
"M2","Industrie d'extraction",2026-03-31,183,0,,,0.0429938589024168,-0.00523553901199326,0.5,-0.00523553901199326
"M2","Industrie de transformation",2014-06-30,207,0,,,0.0134903455131372,0.00976839603108851,0.5,0.00976839603108851
"M2","Industrie de transformation",2014-09-30,211,0,,,0.00323811979902189,0.00956973110133947,0.5,0.00956973110133947
"M2","Industrie de transformation",2014-12-31,200,0,,,-0.0476741243890952,0.00953185613182733,0.5,0.00953185613182733
"M2","Industrie de transformation",2015-03-31,214,5,-0.0215430919835636,2014-12-31,0.0304379715047673,0.00850045489962514,0.5,-0.00652131854196923
"M2","Industrie de transformation",2015-06-30,210,5,-0.00201482670503269,2015-03-31,0.0194938047357773,0.00792302098410826,0.5,0.00295409713953778
"M2","Industrie de transformation",2015-09-30,203,5,-0.00515597779813255,2015-06-30,0.00620713596259748,0.0085700197758126,0.5,0.00170702098884003
"M2","Industrie de transformation",2015-12-31,209,5,0.00583244515441204,2015-09-30,-0.00664650552544366,0.00777741202381764,0.5,0.00680492858911484
"M2","Industrie de transformation",2016-03-31,372,5,0.00745224462527687,2015-12-31,-0.00323991776717136,0.0110257820609607,0.5,0.00923901334311878
"M2","Industrie de transformation",2016-06-30,246,5,0.00845215449236133,2016-03-31,-0.00999549769479913,0.00857876891199688,0.5,0.00851546170217911
"M2","Industrie de transformation",2016-09-30,203,5,0.00218751355965106,2016-06-30,0.0228243332255111,0.00809640328148517,0.5,0.00514195842056812
"M2","Industrie de transformation",2016-12-31,203,5,0.00597874313905562,2016-09-30,0.0116788252925897,0.0112113175746548,0.5,0.00859503035685521
"M2","Industrie de transformation",2017-03-31,216,5,-0.00529269548895895,2016-12-31,0.00953178833632684,0.00644319385401934,0.5,0.000575249182530195
"M2","Industrie de transformation",2017-06-30,340,5,0.00583717729790352,2017-03-31,0.0149267146411702,0.00926156447049259,0.5,0.00754937088419805
"M2","Industrie de transformation",2017-09-30,203,5,0.0177780609065148,2017-06-30,-0.0114616897126858,0.00906628533060474,0.5,0.0134221731185598
"M2","Industrie de transformation",2017-12-31,239,5,0.0138190163348961,2017-09-30,0.00280821148239063,0.00839291936560086,0.5,0.0111059678502485
"M2","Industrie de transformation",2018-03-31,244,5,0.00391031942532865,2017-12-31,0.0234087617899217,0.00832519695978311,0.5,0.00611775819255588
"M2","Industrie de transformation",2018-06-30,244,5,0.00710905989688926,2018-03-31,-0.00382899876597698,0.00631987222989079,0.5,0.00671446606339002
"M2","Industrie de transformation",2018-09-30,381,5,1.22048984773e-06,2018-06-30,0.0197648970716831,0.00772200801963733,0.5,0.00386161425474253
"M2","Industrie de transformation",2018-12-31,242,5,0.00273494056615726,2018-09-30,0.00254844063750426,0.00664036420936519,0.5,0.00468765238776122
"M2","Industrie de transformation",2019-03-31,388,5,0.00889819272607729,2018-12-31,0.00525129663060397,0.0083367455257233,0.5,0.00861746912590029
"M2","Industrie de transformation",2019-06-30,316,5,0.0099067683953868,2019-03-31,0.0369509505888086,0.00462311964244373,0.5,0.00726494401891526
"M2","Industrie de transformation",2019-09-30,254,5,0.0162672701050438,2019-06-30,-0.0175063522194137,0.00881244858098063,0.5,0.0125398593430122
"M2","Industrie de transformation",2019-12-31,266,4,-0.000322258593502608,2019-09-30,-0.00688096519466086,0.00840333768157522,0.5,0.00404053954403631
"M2","Industrie de transformation",2020-03-31,380,5,0.000721704863354625,2019-12-31,-0.00162253854886352,0.00936394890538783,0.5,0.00504282688437123
"M2","Industrie de transformation",2020-06-30,386,5,-0.0130154893824368,2020-03-31,-0.213797918505946,0.00597223556292502,0.5,-0.00352162690975589
"M2","Industrie de transformation",2020-09-30,381,5,0.0546439193066216,2020-06-30,0.176609534773862,0.00821449451536489,0.5,0.0314292069109932
"M2","Industrie de transformation",2020-12-31,237,5,-0.028381816777695,2020-09-30,-0.00858663289649719,0.0116905879142253,0.5,-0.00834561443173485
"M2","Industrie de transformation",2021-03-31,238,5,0.0195964185037807,2020-12-31,0.0682885003101887,0.00516162071921515,0.5,0.0123790196114979
"M2","Industrie de transformation",2021-06-30,245,5,-0.0377548269739441,2021-03-31,-0.0226087358268856,0.00820082206240853,0.5,-0.0147770024557678
"M2","Industrie de transformation",2021-09-30,241,5,0.00232465892537697,2021-06-30,0.0119171102444078,0.00881350135032242,0.5,0.00556908013784969
"M2","Industrie de transformation",2021-12-31,239,5,0.0290376566933742,2021-09-30,0.0157395324071921,0.00880205207214303,0.5,0.0189198543827586
"M2","Industrie de transformation",2022-03-31,244,5,0.0183802769096712,2021-12-31,-0.00935236645143078,0.00753133140780234,0.5,0.0129558041587368
"M2","Industrie de transformation",2022-06-30,244,5,0.0362296892597158,2022-03-31,0.0265199585031901,0.00798127572582743,0.5,0.0221054824927716
"M2","Industrie de transformation",2022-09-30,247,5,-0.0412593332403204,2022-06-30,0.00503674468161641,0.00957575710848014,0.5,-0.0158417880659201
"M2","Industrie de transformation",2022-12-31,310,5,0.0197977951782983,2022-09-30,-0.00375576483451212,0.00959049955161093,0.5,0.0146941473649546
"M2","Industrie de transformation",2023-03-31,364,5,0.00643024696465938,2022-12-31,0.00769564383733545,0.00949709494001025,0.5,0.00796367095233481
"M2","Industrie de transformation",2023-06-30,258,5,-0.0207798382688157,2023-03-31,-0.0170061439275049,0.00903291643165808,0.5,-0.00587346091857881
"M2","Industrie de transformation",2023-09-30,242,5,0.0493097426511428,2023-06-30,0.0317188158621384,0.0088094922397776,0.5,0.0290596174454602
"M2","Industrie de transformation",2023-12-31,238,5,-0.000953024015046247,2023-09-30,0.0560799603193818,0.00509751789318947,0.5,0.00207224693907161
"M2","Industrie de transformation",2024-03-31,239,5,-0.0182065399820362,2023-12-31,-0.0663244948448725,0.0053036230535477,0.5,-0.00645145846424425
"M2","Industrie de transformation",2024-06-30,239,5,0.0259023814758918,2024-03-31,-0.00790860641250291,0.0101458223979333,0.5,0.0180241019369125
"M2","Industrie de transformation",2024-09-30,239,5,0.0141378913310163,2024-06-30,0.069343487988764,0.00691895300250297,0.5,0.0105284221667596
"M2","Industrie de transformation",2024-12-31,295,5,0.00875364285292365,2024-09-30,0.0165418381598617,0.00739212769858457,0.5,0.00807288527575411
"M2","Industrie de transformation",2025-03-31,352,5,0.00509623584607335,2024-09-30,-0.0681965626927639,0.00404058842863856,0.5,0.00456841213735595
"M2","Industrie de transformation",2025-06-30,187,3,0.0583934344355434,2025-03-31,0.0247579899121657,0.00996361567238173,0.5,0.0341785250539626
"M2","Industrie de transformation",2025-09-30,192,3,-0.00492183711158103,2025-06-30,0.0308834262611075,0.0071168794181092,0.5,0.00109752115326408
"M2","Industrie de transformation",2025-12-31,186,2,0.0205249595374791,2025-09-30,0.0330754169078045,0.00722150265812272,0.5,0.0138732310978009
"M2","Industrie de transformation",2026-03-31,183,2,-0.0525781193052089,2025-12-31,-0.101743963623765,-0.00184682985651775,0.5,-0.0272124745808633
"M2","Information-communication",2014-06-30,207,0,,,0.0185608138362312,0.0294778338878449,0.5,0.0294778338878449
"M2","Information-communication",2014-09-30,211,0,,,0.031275663358036,0.0263629773244093,0.5,0.0263629773244093
"M2","Information-communication",2014-12-31,200,0,,,0.038634291236642,0.0275667649108956,0.5,0.0275667649108956
"M2","Information-communication",2015-03-31,214,0,,,0.00404829052809141,0.024933012824293,0.5,0.024933012824293
"M2","Information-communication",2015-06-30,210,0,,,-0.0211948620280431,0.0290107895641515,0.5,0.0290107895641515
"M2","Information-communication",2015-09-30,203,0,,,-0.0255461304946749,0.0252990436434834,0.5,0.0252990436434834
"M2","Information-communication",2015-12-31,209,0,,,-0.0117556566679973,0.0270583617600648,0.5,0.0270583617600648
"M2","Information-communication",2016-03-31,372,0,,,0.0441187349800902,0.0189489553539417,0.5,0.0189489553539417
"M2","Information-communication",2016-06-30,246,0,,,0.0324311797721624,0.0270369741459753,0.5,0.0270369741459753
"M2","Information-communication",2016-09-30,203,0,,,0.0156993215704908,0.0256629501505232,0.5,0.0256629501505232
"M2","Information-communication",2016-12-31,203,0,,,0.0119540679681371,0.0248261038010425,0.5,0.0248261038010425
"M2","Information-communication",2017-03-31,216,0,,,-0.074924310117952,0.0197339213365438,0.5,0.0197339213365438
"M2","Information-communication",2017-06-30,340,0,,,0.0264960645184544,0.0183625545990811,0.5,0.0183625545990811
"M2","Information-communication",2017-09-30,203,0,,,0.0150230359818178,0.0239692053012145,0.5,0.0239692053012145
"M2","Information-communication",2017-12-31,239,0,,,0.00966388766132553,0.0239809564523361,0.5,0.0239809564523361
"M2","Information-communication",2018-03-31,244,0,,,-0.010365531714644,0.0238138246772928,0.5,0.0238138246772928
"M2","Information-communication",2018-06-30,244,0,,,0.0250131048881688,0.0267033931090104,0.5,0.0267033931090104
"M2","Information-communication",2018-09-30,381,0,,,0.00871941409985943,0.0227802204571883,0.5,0.0227802204571883
"M2","Information-communication",2018-12-31,242,0,,,0.0017418043179287,0.0198353373605658,0.5,0.0198353373605658
"M2","Information-communication",2019-03-31,388,0,,,0.000840591265317769,0.0208066457532991,0.5,0.0208066457532991
"M2","Information-communication",2019-06-30,316,0,,,0.00593404498862071,0.0195649375912108,0.5,0.0195649375912108
"M2","Information-communication",2019-09-30,254,0,,,0.0095827091317755,0.0245599444569149,0.5,0.0245599444569149
"M2","Information-communication",2019-12-31,266,0,,,0.0110725639758531,0.0224294120588152,0.5,0.0224294120588152
"M2","Information-communication",2020-03-31,380,0,,,0.0419599960536452,0.0213821338843639,0.5,0.0213821338843639
"M2","Information-communication",2020-06-30,386,0,,,-0.0210436716728193,0.0230317616592223,0.5,0.0230317616592223
"M2","Information-communication",2020-09-30,381,0,,,-0.00204975173975619,0.0163388280289452,0.5,0.0163388280289452
"M2","Information-communication",2020-12-31,237,0,,,0.0411703029645043,0.0270349569632045,0.5,0.0270349569632045
"M2","Information-communication",2021-03-31,238,0,,,-0.0536933298258049,0.0218335879307991,0.5,0.0218335879307991
"M2","Information-communication",2021-06-30,245,0,,,0.00186143113149839,0.0188994125399165,0.5,0.0188994125399165
"M2","Information-communication",2021-09-30,241,0,,,0.00942302584054922,0.0190179195185552,0.5,0.0190179195185552
"M2","Information-communication",2021-12-31,239,0,,,0.0317145043040412,0.0220949652728678,0.5,0.0220949652728678
"M2","Information-communication",2022-03-31,244,0,,,0.00597454514787366,0.0214147669734638,0.5,0.0214147669734638
"M2","Information-communication",2022-06-30,244,0,,,0.00161153463684727,0.0223742415761555,0.5,0.0223742415761555
"M2","Information-communication",2022-09-30,247,0,,,0.0112829099708271,0.0193218689122779,0.5,0.0193218689122779
"M2","Information-communication",2022-12-31,310,0,,,-0.0182958711637902,0.0178847784462767,0.5,0.0178847784462767
"M2","Information-communication",2023-03-31,364,0,,,0.0550902776591649,0.00658965832462748,0.5,0.00658965832462748
"M2","Information-communication",2023-06-30,258,0,,,0.0108067356801964,0.0239339350561539,0.5,0.0239339350561539
"M2","Information-communication",2023-09-30,242,0,,,-0.00473773465213512,0.0210429570675845,0.5,0.0210429570675845
"M2","Information-communication",2023-12-31,238,0,,,-0.000895282531592656,0.0182483090690289,0.5,0.0182483090690289
"M2","Information-communication",2024-03-31,239,0,,,0.026793324234438,0.0210546688741508,0.5,0.0210546688741508
"M2","Information-communication",2024-06-30,239,0,,,0.001257668725545,0.0247314692317778,0.5,0.0247314692317778
"M2","Information-communication",2024-09-30,239,0,,,-0.00629426164916325,0.0216714594344862,0.5,0.0216714594344862
"M2","Information-communication",2024-12-31,295,0,,,0.0171119883477697,0.0223145028126143,0.5,0.0223145028126143
"M2","Information-communication",2025-03-31,352,0,,,-0.0293164263615733,0.024233519924589,0.5,0.024233519924589
"M2","Information-communication",2025-06-30,187,0,,,0.0212659373554622,0.0221502707613554,0.5,0.0221502707613554
"M2","Information-communication",2025-09-30,192,0,,,-0.0160974475343618,0.0202156715306706,0.5,0.0202156715306706
"M2","Information-communication",2025-12-31,186,0,,,0.0239716974815245,0.0236013882588358,0.5,0.0236013882588358
"M2","Information-communication",2026-03-31,183,0,,,-0.00933597860249158,0.0188829454122323,0.5,0.0188829454122323
"M2","Pêche",2014-06-30,207,0,,,0.238884348531972,-0.000999570503781654,0.5,-0.000999570503781654
"M2","Pêche",2014-09-30,211,0,,,-0.0842585990548885,-0.0140790872750741,0.5,-0.0140790872750741
"M2","Pêche",2014-12-31,200,0,,,0.0971925333013068,-0.00560863183832511,0.5,-0.00560863183832511
"M2","Pêche",2015-03-31,214,0,,,-0.0182664312630081,-0.00244108431895587,0.5,-0.00244108431895587
"M2","Pêche",2015-06-30,210,0,,,0.0112681719167798,0.00365731835177571,0.5,0.00365731835177571
"M2","Pêche",2015-09-30,203,0,,,-0.0240378912771044,-0.000999300630460134,0.5,-0.000999300630460134
"M2","Pêche",2015-12-31,209,0,,,0.0711997243889542,0.00655587352674376,0.5,0.00655587352674376
"M2","Pêche",2016-03-31,372,0,,,0.0522788830555712,-0.00439795316152736,0.5,-0.00439795316152736
"M2","Pêche",2016-06-30,246,0,,,-0.0692837716719641,-0.00454193895761413,0.5,-0.00454193895761413
"M2","Pêche",2016-09-30,203,0,,,-0.0707389562407208,0.00507426860234367,0.5,0.00507426860234367
"M2","Pêche",2016-12-31,203,0,,,0.100756292896915,-0.00261749375662086,0.5,-0.00261749375662086
"M2","Pêche",2017-03-31,216,0,,,-0.0981301116583815,-0.000108959568785388,0.5,-0.000108959568785388
"M2","Pêche",2017-06-30,340,0,,,-0.0199501670707116,0.00498932814816059,0.5,0.00498932814816059
"M2","Pêche",2017-09-30,203,0,,,0.0209332096664658,0.00203090303419007,0.5,0.00203090303419007
"M2","Pêche",2017-12-31,239,0,,,-0.0659095853471712,0.00110619122177103,0.5,0.00110619122177103
"M2","Pêche",2018-03-31,244,5,0.0830149945890175,2017-12-31,-0.118526708999348,0.00409250452649495,0.5,0.0435537495577562
"M2","Pêche",2018-06-30,244,5,0.108740881326724,2018-03-31,0.0565619820165848,0.0176268564013249,0.5,0.0631838688640245
"M2","Pêche",2018-09-30,381,5,-0.0155806991660302,2018-06-30,-0.0520428663582821,0.00223453884793879,0.5,-0.00667308015904571
"M2","Pêche",2018-12-31,242,0,,,0.0519498128058951,-0.00242950525524237,0.5,-0.00242950525524237
"M2","Pêche",2019-03-31,388,5,0.00294853608065715,2018-06-30,0.165886600744615,0.00194418873897726,0.5,0.00244636240981721
"M2","Pêche",2019-06-30,316,0,,,-0.10051090919398,-0.0361441619886129,0.5,-0.0361441619886129
"M2","Pêche",2019-09-30,254,0,,,0.107189386187184,0.0128049962048641,0.5,0.0128049962048641
"M2","Pêche",2019-12-31,266,5,-0.00398750272977831,2018-06-30,-0.178444977080698,0.00323256169326961,0.5,-0.00037747051825435
"M2","Pêche",2020-03-31,380,5,-0.016169132479136,2019-12-31,0.250419564323746,0.00569287368339539,0.5,-0.00523812939787031
"M2","Pêche",2020-06-30,386,0,,,-0.182744294243855,0.0357225585486882,0.5,0.0357225585486882
"M2","Pêche",2020-09-30,381,0,,,0.449867423442043,0.00446374201032906,0.5,0.00446374201032906
"M2","Pêche",2020-12-31,237,0,,,-0.549113253084071,0.0300882332202258,0.5,0.0300882332202258
"M2","Pêche",2021-03-31,238,5,0.203822050653935,2019-12-31,0.301831328865735,0.00859614682572679,0.5,0.106209098739831
"M2","Pêche",2021-06-30,245,5,-0.159414276202768,2021-03-31,0.086451616600093,-0.00964365691871637,0.5,-0.0845289665607422
"M2","Pêche",2021-09-30,241,5,0.0807105617729648,2021-06-30,-0.0880960598262783,-0.00383558754625745,0.5,0.0384374871133537
"M2","Pêche",2021-12-31,239,5,-0.124797784285433,2021-09-30,0.102924635387614,0.0146934961926879,0.5,-0.0550521440463726
"M2","Pêche",2022-03-31,244,5,0.0551847152872303,2021-12-31,-0.251794115386521,-0.0038224727266961,0.5,0.0256811212802671
"M2","Pêche",2022-06-30,244,5,0.258155735525018,2022-03-31,0.0309075374630767,-0.000175243541600336,0.5,0.128990245991709
"M2","Pêche",2022-09-30,247,3,-0.0665767497423751,2022-06-30,-0.424362348289532,0.00311213458101047,0.5,-0.0317323075806823
"M2","Pêche",2022-12-31,310,5,-0.0821159049033555,2022-09-30,0.537806048836181,0.0211587764184412,0.5,-0.0304785642424572
"M2","Pêche",2023-03-31,364,2,-0.307342308097734,2022-12-31,-0.196422814008341,-0.0851770901785509,0.5,-0.196259699138142
"M2","Pêche",2023-06-30,258,2,0.0579597563695195,2022-09-30,0.108653138186501,0.0204885639305283,0.5,0.0392241601500239
"M2","Pêche",2023-09-30,242,2,-0.163816969095305,2023-06-30,0.0833031314032056,-0.00733238796590109,0.5,-0.085574678530603
"M2","Pêche",2023-12-31,238,5,0.140547652374978,2022-09-30,-0.169722558184949,-0.0112094913306088,0.5,0.0646690805221846
"M2","Pêche",2024-03-31,239,5,0.122255506591258,2023-12-31,0.137736263229147,0.0321943029255859,0.5,0.0772249047584219
"M2","Pêche",2024-06-30,239,5,-0.0914387518019184,2024-03-31,-0.124393100066797,-0.00302814502527464,0.5,-0.0472334484135965
"M2","Pêche",2024-09-30,239,5,0.0761073108463472,2024-06-30,0.3409847439024,0.0162443811730374,0.5,0.0461758460096923
"M2","Pêche",2024-12-31,295,5,-0.166234945103231,2024-09-30,-0.314903192186618,-0.00885931164393119,0.5,-0.0875471283735811
"M2","Pêche",2025-03-31,352,5,0.346271133459925,2024-12-31,0.0879705045311976,0.0698904733558483,0.5,0.208080803407887
"M2","Pêche",2025-06-30,187,5,0.282451072735003,2025-03-31,-0.202438183367684,0.0116477655842803,0.5,0.147049419159642
"M2","Pêche",2025-09-30,192,5,0.19532705434851,2025-06-30,0.141488674493727,0.0469071869359351,0.5,0.121117120642223
"M2","Pêche",2025-12-31,186,5,-0.141182874692945,2025-09-30,-0.181089428496749,-0.06053298572125,0.5,-0.100857930207097
"M2","Pêche",2026-03-31,183,5,0.116578527412591,2025-12-31,0.222874852773161,0.053549101411741,0.5,0.085063814412166
"M2","Transports",2014-06-30,207,0,,,0.028015303409596,0.0141536051730765,0.5,0.0141536051730765
"M2","Transports",2014-09-30,211,0,,,-0.00329148743112206,0.0131550204147149,0.5,0.0131550204147149
"M2","Transports",2014-12-31,200,0,,,0.00554226208478248,0.0142599898517394,0.5,0.0142599898517394
"M2","Transports",2015-03-31,214,0,,,0.0274647989726873,0.0140194057609696,0.5,0.0140194057609696
"M2","Transports",2015-06-30,210,0,,,0.0238870417103634,0.0130427995271564,0.5,0.0130427995271564
"M2","Transports",2015-09-30,203,0,,,-0.000400525138307017,0.0139908746054988,0.5,0.0139908746054988
"M2","Transports",2015-12-31,209,0,,,0.0136274565391865,0.0142004949137126,0.5,0.0142004949137126
"M2","Transports",2016-03-31,372,0,,,-0.00224188236103728,0.0180787374977578,0.5,0.0180787374977578
"M2","Transports",2016-06-30,246,0,,,-0.0304162214184824,0.0171810686543806,0.5,0.0171810686543806
"M2","Transports",2016-09-30,203,0,,,0.0405851512318183,0.0140168719932552,0.5,0.0140168719932552
"M2","Transports",2016-12-31,203,0,,,-0.000806231998783602,0.0132038186697193,0.5,0.0132038186697193
"M2","Transports",2017-03-31,216,0,,,0.00525061131594917,0.0132584575868841,0.5,0.0132584575868841
"M2","Transports",2017-06-30,340,0,,,-0.00885390403460029,0.0147036017529837,0.5,0.0147036017529837
"M2","Transports",2017-09-30,203,0,,,0.00323264375167831,0.0125345159048235,0.5,0.0125345159048235
"M2","Transports",2017-12-31,239,0,,,0.00270040887982859,0.0144349176001422,0.5,0.0144349176001422
"M2","Transports",2018-03-31,244,0,,,-0.00771766276284147,0.0127324187950481,0.5,0.0127324187950481
"M2","Transports",2018-06-30,244,0,,,0.0381116237789918,0.0114358870241822,0.5,0.0114358870241822
"M2","Transports",2018-09-30,381,0,,,-0.0562132165992164,0.012916040817674,0.5,0.012916040817674
"M2","Transports",2018-12-31,242,0,,,0.0024741177684291,0.0120675214836421,0.5,0.0120675214836421
"M2","Transports",2019-03-31,388,0,,,0.0567198839409837,0.0111470584263773,0.5,0.0111470584263773
"M2","Transports",2019-06-30,316,0,,,0.100742314764428,0.00665525952470219,0.5,0.00665525952470219
"M2","Transports",2019-09-30,254,0,,,-0.105961891018188,0.00786649167377473,0.5,0.00786649167377473
"M2","Transports",2019-12-31,266,0,,,-0.0390667942682299,0.0126349581539969,0.5,0.0126349581539969
"M2","Transports",2020-03-31,380,0,,,-0.0126004908496,0.00998825619226729,0.5,0.00998825619226729
"M2","Transports",2020-06-30,386,0,,,-0.501094849125378,0.000110559992614148,0.5,0.000110559992614148
"M2","Transports",2020-09-30,381,0,,,0.125969152849114,0.0225324483589166,0.5,0.0225324483589166
"M2","Transports",2020-12-31,237,0,,,0.122566805849722,0.0102959727811038,0.5,0.0102959727811038
"M2","Transports",2021-03-31,238,0,,,0.0562033294168316,0.00319788801215952,0.5,0.00319788801215952
"M2","Transports",2021-06-30,245,0,,,0.000731330783699136,0.0098771813694828,0.5,0.0098771813694828
"M2","Transports",2021-09-30,241,0,,,0.0731279057345535,0.0130402847290895,0.5,0.0130402847290895
"M2","Transports",2021-12-31,239,0,,,-0.0243022849728511,0.0109580356678965,0.5,0.0109580356678965
"M2","Transports",2022-03-31,244,0,,,-0.0184384391565189,0.0112131205447917,0.5,0.0112131205447917
"M2","Transports",2022-06-30,244,0,,,0.0331947459481938,0.0111405510752218,0.5,0.0111405510752218
"M2","Transports",2022-09-30,247,0,,,0.0296892895055922,0.0122061351734691,0.5,0.0122061351734691
"M2","Transports",2022-12-31,310,0,,,-0.00518075012109698,0.0132427908480447,0.5,0.0132427908480447
"M2","Transports",2023-03-31,364,0,,,0.0341097935940446,0.0170919938318446,0.5,0.0170919938318446
"M2","Transports",2023-06-30,258,0,,,0.0106539923050857,0.00814437110334127,0.5,0.00814437110334127
"M2","Transports",2023-09-30,242,0,,,0.00294728832205848,0.0110643979483545,0.5,0.0110643979483545
"M2","Transports",2023-12-31,238,0,,,0.0143046496502013,0.000691444645788297,0.5,0.000691444645788297
"M2","Transports",2024-03-31,239,0,,,0.0448609908773161,-0.00011930428150073,0.5,-0.00011930428150073
"M2","Transports",2024-06-30,239,0,,,0.0233315106872372,0.014878461367281,0.5,0.014878461367281
"M2","Transports",2024-09-30,239,0,,,-0.000696765512168795,0.00878334236570151,0.5,0.00878334236570151
"M2","Transports",2024-12-31,295,0,,,0.0179385719466758,0.00863875431731276,0.5,0.00863875431731276
"M2","Transports",2025-03-31,352,0,,,-2.13944930589349e-05,0.00746259335818907,0.5,0.00746259335818907
"M2","Transports",2025-06-30,187,0,,,0.0262253345690056,0.0121017134674558,0.5,0.0121017134674558
"M2","Transports",2025-09-30,192,0,,,-0.00840283920981122,0.00691333943636892,0.5,0.00691333943636892
"M2","Transports",2025-12-31,186,0,,,0.0256348485772033,0.0117068666480418,0.5,0.0117068666480418
"M2","Transports",2026-03-31,183,0,,,0.00343555107293625,0.00521837220506411,0.5,0.00521837220506411
"M2","Électricité, gaz, eau",2014-06-30,207,1,0.0127600488198483,2014-03-31,0.0332147863217731,0.0146477094499805,0.5,0.0137038791349144
"M2","Électricité, gaz, eau",2014-09-30,211,1,-0.00252524446926104,2014-06-30,-0.00679393605210521,0.00788023198356382,0.5,0.00267749375715139
"M2","Électricité, gaz, eau",2014-12-31,200,1,0.0196747599204493,2014-09-30,-0.00857021450047135,0.00858555759323919,0.5,0.0141301587568442
"M2","Électricité, gaz, eau",2015-03-31,214,3,0.0560110434269185,2014-12-31,0.0437145225973961,0.00884921238223348,0.5,0.032430127904576
"M2","Électricité, gaz, eau",2015-06-30,210,5,-0.0197637531540009,2015-03-31,0.00610525562054143,0.0100129920168948,0.5,-0.00487538056855305
"M2","Électricité, gaz, eau",2015-09-30,203,5,-0.0183349546282358,2015-06-30,0.0103469379268244,0.0117712031787603,0.5,-0.00328187572473775
"M2","Électricité, gaz, eau",2015-12-31,209,4,0.00636933553321626,2015-09-30,-0.00455943213512988,0.00907087004314348,0.5,0.00772010278817987
"M2","Électricité, gaz, eau",2016-03-31,372,5,-0.0272705522517465,2015-12-31,0.000155955147615572,0.010328303361933,0.5,-0.00847112444490675
"M2","Électricité, gaz, eau",2016-06-30,246,4,-0.00619266402283023,2016-03-31,-0.017175634556283,0.0044390794189665,0.5,-0.000876792301931865
"M2","Électricité, gaz, eau",2016-09-30,203,4,-0.00180729955388675,2016-06-30,0.0711460023338066,0.00927168715997263,0.5,0.00373219380304294
"M2","Électricité, gaz, eau",2016-12-31,203,5,-0.00671694332680734,2016-09-30,-0.0359660643263187,0.00588625183696977,0.5,-0.000415345744918785
"M2","Électricité, gaz, eau",2017-03-31,216,5,-0.0153263231794429,2016-12-31,-0.00716286993772819,0.00956577654612547,0.5,-0.00288027331665872
"M2","Électricité, gaz, eau",2017-06-30,340,5,0.00403131542640707,2017-03-31,0.0253000677575166,0.00916374339825512,0.5,0.0065975294123311
"M2","Électricité, gaz, eau",2017-09-30,203,5,-0.00075585885656754,2017-06-30,0.0048164662893857,0.00714456804040103,0.5,0.00319435459191675
"M2","Électricité, gaz, eau",2017-12-31,239,5,0.0170509294593434,2017-09-30,0.0387992037287237,0.00927679771418092,0.5,0.0131638635867622
"M2","Électricité, gaz, eau",2018-03-31,244,5,-0.0145307478718437,2017-12-31,0.0223262968366722,0.00822401884561453,0.5,-0.00315336451311459
"M2","Électricité, gaz, eau",2018-06-30,244,5,0.026215038676857,2018-03-31,-0.016153880771169,0.00724824029248788,0.5,0.0167316394846724
"M2","Électricité, gaz, eau",2018-09-30,381,4,-0.00915445698290516,2018-06-30,0.0411974248960654,0.00775235295529797,0.5,-0.000701052013803595
"M2","Électricité, gaz, eau",2018-12-31,242,3,0.00409789198414062,2018-09-30,0.0623784425554952,0.00151060326382151,0.5,0.00280424762398106
"M2","Électricité, gaz, eau",2019-03-31,388,1,0.0025669359164322,2018-12-31,0.0925664554057999,0.00763040373789924,0.5,0.00509866982716572
"M2","Électricité, gaz, eau",2019-06-30,316,3,-0.00857650647967054,2019-03-31,-0.0124026726248605,0.0048789593049273,0.5,-0.00184877358737162
"M2","Électricité, gaz, eau",2019-09-30,254,3,0.00753756836405089,2019-06-30,-0.0152269847098676,0.0118104322328054,0.5,0.00967400029842815
"M2","Électricité, gaz, eau",2019-12-31,266,3,0.0151684932105962,2019-09-30,-0.00625851062808103,0.0116090980007103,0.5,0.0133887956056532
"M2","Électricité, gaz, eau",2020-03-31,380,3,0.0437522819396686,2019-12-31,0.0213425854542955,0.0133282177143148,0.5,0.0285402498269917
"M2","Électricité, gaz, eau",2020-06-30,386,3,0.00400544438074782,2020-03-31,-0.0970147629221021,0.0116253106567407,0.5,0.00781537751874426
"M2","Électricité, gaz, eau",2020-09-30,381,2,0.030388857595877,2020-06-30,0.114417799543279,0.0203679484167375,0.5,0.0253784030063072
"M2","Électricité, gaz, eau",2020-12-31,237,3,-0.0255471656928062,2020-09-30,-0.016022429172736,0.00763759661181983,0.5,-0.00895478454049319
"M2","Électricité, gaz, eau",2021-03-31,238,4,0.00954667862963039,2020-12-31,0.0217529032326009,0.0142507064559801,0.5,0.0118986925428052
"M2","Électricité, gaz, eau",2021-06-30,245,4,0.00203984222108479,2021-03-31,0.0253032608158232,0.0117374484688917,0.5,0.00688864534498825
"M2","Électricité, gaz, eau",2021-09-30,241,5,0.0442437146511848,2021-06-30,0.0158724557012508,0.014287837676236,0.5,0.0292657761637104
"M2","Électricité, gaz, eau",2021-12-31,239,5,-0.0193810340507391,2021-09-30,0.0138196358846692,0.0147813379033558,0.5,-0.00229984807369165
"M2","Électricité, gaz, eau",2022-03-31,244,5,0.00208297536552733,2021-12-31,-0.0635858178619184,0.0117816009097258,0.5,0.00693228813762656
"M2","Électricité, gaz, eau",2022-06-30,244,5,0.0238086692050651,2022-03-31,0.00902096583624079,0.0111161028363726,0.5,0.0174623860207189
"M2","Électricité, gaz, eau",2022-09-30,247,5,0.0304821348806354,2022-06-30,-0.00480416973629261,0.0117854211849548,0.5,0.0211337780327951
"M2","Électricité, gaz, eau",2022-12-31,310,5,0.00295318491955804,2022-09-30,-0.0308377748401991,0.0164287285184849,0.5,0.00969095671902147
"M2","Électricité, gaz, eau",2023-03-31,364,5,-0.00195255813595118,2022-12-31,-0.122401604802485,0.00491119316459571,0.5,0.00147931751432226
"M2","Électricité, gaz, eau",2023-06-30,258,5,0.0770640841613534,2023-03-31,0.0472201858772916,0.0167429521213334,0.5,0.0469035181413434
"M2","Électricité, gaz, eau",2023-09-30,242,5,-0.0104163755555742,2023-06-30,0.00207719445817389,0.00858480447681304,0.5,-0.00091578553938058
"M2","Électricité, gaz, eau",2023-12-31,238,5,-0.037604648723608,2023-09-30,-0.0104818116311538,0.0133204612169981,0.5,-0.0121420937533049
"M2","Électricité, gaz, eau",2024-03-31,239,5,-0.0421049189473706,2023-12-31,0.0293667797510366,0.0222722417795464,0.5,-0.0099163385839121
"M2","Électricité, gaz, eau",2024-06-30,239,5,-0.111997129016814,2024-03-31,-0.0474179307558522,0.00737316359000585,0.5,-0.0523119827134041
"M2","Électricité, gaz, eau",2024-09-30,239,5,0.151443430251145,2024-06-30,0.100587875391312,0.0117658201185831,0.5,0.0816046251848641
"M2","Électricité, gaz, eau",2024-12-31,295,5,-0.0283139574154523,2024-09-30,0.0115181001740545,0.00778918186518608,0.5,-0.0102623877751331
"M2","Électricité, gaz, eau",2025-03-31,352,5,-0.032287538372546,2024-12-31,-0.0640900842189289,0.0163996483811137,0.5,-0.00794394499571615
"M2","Électricité, gaz, eau",2025-06-30,187,5,-0.00614202863521169,2025-03-31,-0.0109469608200001,0.0209032412501338,0.5,0.00738060630746105
"M2","Électricité, gaz, eau",2025-09-30,192,5,0.0624196521826092,2025-06-30,0.0726483567256153,0.0145466146290205,0.5,0.0384831334058148
"M2","Électricité, gaz, eau",2025-12-31,186,5,-0.0156518000975997,2025-09-30,-0.0191714590402032,-0.00561992620699645,0.5,-0.0106358631522981
"M2","Électricité, gaz, eau",2026-03-31,183,5,-0.0897934194031509,2025-12-31,-0.0771317041623973,0.00390440593123111,0.5,-0.0429445067359599
"M3","Agriculture",2014-06-30,11,0,,,0.0364714396168857,0.0175030651021184,0.5,0.0175030651021184
"M3","Agriculture",2014-09-30,12,0,,,0.0235744177595567,0.00225184627887035,0.5,0.00225184627887035
"M3","Agriculture",2014-12-31,0,0,,,0.0253025688850634,0.0200060122948302,0.5,0.0200060122948302
"M3","Agriculture",2015-03-31,6,0,,,0.0521449979479787,0.0108141041806088,0.5,0.0108141041806088
"M3","Agriculture",2015-06-30,3,0,,,0.0317672490600582,0.00817656924350645,0.5,0.00817656924350645
"M3","Agriculture",2015-09-30,0,0,,,0.0329272719732145,0.00903393990976414,0.5,0.00903393990976414
"M3","Agriculture",2015-12-31,0,0,,,0.00507799922861274,0.0118177215761837,0.5,0.0118177215761837
"M3","Agriculture",2016-03-31,57,0,,,-0.265832646674593,0.0112290717315121,0.5,0.0112290717315121
"M3","Agriculture",2016-06-30,52,0,,,0.00748113104625325,0.0119608349124837,0.5,0.0119608349124837
"M3","Agriculture",2016-09-30,3,0,,,0.0239103237598961,0.0110047042272691,0.5,0.0110047042272691
"M3","Agriculture",2016-12-31,3,0,,,0.00479642186034113,-0.00511833500923946,0.5,-0.00511833500923946
"M3","Agriculture",2017-03-31,6,0,,,0.156411418832823,0.0259132369351288,0.5,0.0259132369351288
"M3","Agriculture",2017-06-30,6,0,,,0.031215998995707,0.00598885526714524,0.5,0.00598885526714524
"M3","Agriculture",2017-09-30,0,0,,,-0.001589953838673,0.00862831113148479,0.5,0.00862831113148479
"M3","Agriculture",2017-12-31,0,0,,,-0.00572029123758178,0.00927646707816531,0.5,0.00927646707816531
"M3","Agriculture",2018-03-31,3,0,,,0.033613953651912,0.011041592661361,0.5,0.011041592661361
"M3","Agriculture",2018-06-30,3,0,,,0.0315396357748075,-0.000547089117364585,0.5,-0.000547089117364585
"M3","Agriculture",2018-09-30,0,0,,,-0.0076855501979054,0.00827543424918903,0.5,0.00827543424918903
"M3","Agriculture",2018-12-31,0,0,,,-0.00708189895160238,0.0239542637109607,0.5,0.0239542637109607
"M3","Agriculture",2019-03-31,216,0,,,-0.0674225881272044,0.0125525807665885,0.5,0.0125525807665885
"M3","Agriculture",2019-06-30,146,0,,,0.0269576277375521,0.0216583643179617,0.5,0.0216583643179617
"M3","Agriculture",2019-09-30,25,0,,,-0.00378790367855686,-0.0230737906305004,0.5,-0.0230737906305004
"M3","Agriculture",2019-12-31,37,0,,,-0.00545796285781641,0.00545000525263175,0.5,0.00545000525263175
"M3","Agriculture",2020-03-31,216,0,,,-0.0733468122559131,0.000160189584848236,0.5,0.000160189584848236
"M3","Agriculture",2020-06-30,6,0,,,0.00964980812139338,-0.00789671527844581,0.5,-0.00789671527844581
"M3","Agriculture",2020-09-30,3,0,,,-0.0341340216865049,0.0303985752293546,0.5,0.0303985752293546
"M3","Agriculture",2020-12-31,0,0,,,-0.00972120420603417,-0.0104773711250303,0.5,-0.0104773711250303
"M3","Agriculture",2021-03-31,0,0,,,0.198088349077135,0.00751918162875032,0.5,0.00751918162875032
"M3","Agriculture",2021-06-30,0,0,,,0.00736929305629452,0.0057395550062642,0.5,0.0057395550062642
"M3","Agriculture",2021-09-30,3,0,,,-0.00217917484074093,0.00926930518876699,0.5,0.00926930518876699
"M3","Agriculture",2021-12-31,0,0,,,-0.00946965224747842,0.00399440960151357,0.5,0.00399440960151357
"M3","Agriculture",2022-03-31,3,0,,,-0.106650718690272,0.0117318118174543,0.5,0.0117318118174543
"M3","Agriculture",2022-06-30,5,0,,,-0.00714754922684868,0.0094590102527439,0.5,0.0094590102527439
"M3","Agriculture",2022-09-30,6,0,,,0.0022277626879923,0.003957204692481,0.5,0.003957204692481
"M3","Agriculture",2022-12-31,134,0,,,-0.00919879348349895,-0.00609200798322126,0.5,-0.00609200798322126
"M3","Agriculture",2023-03-31,187,0,,,0.0350757280012495,0.0252284939868304,0.5,0.0252284939868304
"M3","Agriculture",2023-06-30,21,0,,,-0.0122701816794795,0.00363703031476224,0.5,0.00363703031476224
"M3","Agriculture",2023-09-30,6,0,,,-0.00378759914928928,0.00556184645374601,0.5,0.00556184645374601
"M3","Agriculture",2023-12-31,0,0,,,-0.00788085316350973,0.0235561948801528,0.5,0.0235561948801528
"M3","Agriculture",2024-03-31,0,0,,,-0.0365847420386523,0.0149214585764306,0.5,0.0149214585764306
"M3","Agriculture",2024-06-30,0,0,,,-0.00664188506091534,0.00116566099343259,0.5,0.00116566099343259
"M3","Agriculture",2024-09-30,1,0,,,-0.0112104142680227,0.00222012853221105,0.5,0.00222012853221105
"M3","Agriculture",2024-12-31,113,0,,,-0.00435261931916919,0.00389667779732688,0.5,0.00389667779732688
"M3","Agriculture",2025-03-31,168,0,,,0.100359632990509,0.00480642550169154,0.5,0.00480642550169154
"M3","Agriculture",2025-06-30,6,1,0.00656075547029465,2025-03-31,-0.00473311427913181,0.0010681782940441,0.5,0.00381446688216938
"M3","Agriculture",2025-09-30,7,1,-0.0330851831818066,2025-06-30,-0.0140787530247088,0.0110220129883565,0.5,-0.0110315850967251
"M3","Agriculture",2025-12-31,3,1,0.0678155983840635,2025-09-30,-0.00148214583971118,0.0061162562436078,0.5,0.0369659273138356
"M3","Agriculture",2026-03-31,3,1,0.0955812396201442,2025-12-31,0.189386571246226,0.0213610005199623,0.5,0.0584711200700532
"M3","Commerce",2014-06-30,11,0,,,0.00951978546845211,0.0113431434777973,0.5,0.0113431434777973
"M3","Commerce",2014-09-30,12,0,,,-0.0115603603846139,0.00841997445921111,0.5,0.00841997445921111
"M3","Commerce",2014-12-31,0,0,,,-0.0494865182085977,0.00839443354473628,0.5,0.00839443354473628
"M3","Commerce",2015-03-31,6,3,0.00284141565865778,2014-12-31,0.0315083401930245,0.00618332612570919,0.5,0.00451237089218348
"M3","Commerce",2015-06-30,3,2,0.000978586696115506,2015-03-31,0.0159370922398132,0.00771943368934421,0.5,0.00434901019272986
"M3","Commerce",2015-09-30,0,3,-0.011868667621265,2015-06-30,-0.0019131817420277,0.00742562113757371,0.5,-0.00222152324184565
"M3","Commerce",2015-12-31,0,3,-0.0102032260776101,2015-09-30,0.00735412998310103,0.00779999199756191,0.5,-0.0012016170400241
"M3","Commerce",2016-03-31,57,3,-0.0193444610954796,2015-12-31,-0.0158055279342868,0.00901624417504578,0.5,-0.00516410846021691
"M3","Commerce",2016-06-30,52,3,0.00551868123057287,2016-03-31,0.0133516373977667,0.00830763453854398,0.5,0.00691315788455842
"M3","Commerce",2016-09-30,3,3,0.0194788204242149,2016-06-30,0.0267524972525734,0.00918927208823553,0.5,0.0143340462562252
"M3","Commerce",2016-12-31,3,4,-0.0197765890445728,2016-09-30,0.0309847865136277,0.0113671150462135,0.5,-0.00420473699917965
"M3","Commerce",2017-03-31,6,4,0.00895667657656236,2016-12-31,0.00917546195855401,0.00984818921105807,0.5,0.00940243289381022
"M3","Commerce",2017-06-30,6,4,0.00715077387621957,2017-03-31,-0.00349218376741867,0.0104128510203937,0.5,0.00878181244830663
"M3","Commerce",2017-09-30,0,4,0.004593020367313,2017-06-30,-0.0111426180419461,0.00960355702342151,0.5,0.00709828869536725
"M3","Commerce",2017-12-31,0,4,0.00418454396527597,2017-09-30,0.0160473615406325,0.00875786849729404,0.5,0.00647120623128501
"M3","Commerce",2018-03-31,3,4,0.00586923117128342,2017-12-31,-0.0230462931639384,0.00942639477500668,0.5,0.00764781297314505
"M3","Commerce",2018-06-30,3,4,0.00838684883578755,2018-03-31,0.00870212621648037,0.00713397560948433,0.5,0.00776041222263594
"M3","Commerce",2018-09-30,0,4,-0.0021969460761226,2018-06-30,0.00962442845128741,0.00817826905196376,0.5,0.00299066148792058
"M3","Commerce",2018-12-31,0,4,-0.0162618486084721,2018-09-30,0.0165859648209938,0.00718587423336388,0.5,-0.00453798718755411
"M3","Commerce",2019-03-31,216,3,-0.00749781109876458,2018-12-31,-0.0198319410856413,0.00947184643730503,0.5,0.000987017669270225
"M3","Commerce",2019-06-30,146,3,0.0128279318876711,2019-03-31,0.0339504681612155,0.00798376200343544,0.5,0.0104058469455533
"M3","Commerce",2019-09-30,25,3,-0.00716554328523952,2019-06-30,-0.00535962123528755,0.00423099134570187,0.5,-0.00146727596976883
"M3","Commerce",2019-12-31,37,4,-0.0114091184362549,2019-09-30,-0.0070521019456713,0.00764851495452053,0.5,-0.00188030174086718
"M3","Commerce",2020-03-31,216,5,-0.00639124361581793,2019-12-31,-0.0169610578868529,0.00587772398831716,0.5,-0.000256759813750385
"M3","Commerce",2020-06-30,6,4,-0.0200432987104887,2020-03-31,-0.150671734390357,-0.00373383217959304,0.5,-0.0118885654450409
"M3","Commerce",2020-09-30,3,3,0.00587794551800452,2020-06-30,0.108126994394249,0.00223355698600013,0.5,0.00405575125200233
"M3","Commerce",2020-12-31,0,3,-0.0196328611064297,2019-12-31,0.020045836468638,0.0101776845920583,0.5,-0.0047275882571857
"M3","Commerce",2021-03-31,0,3,-0.00298328366169832,2020-12-31,0.0273111173838672,0.00574794982962526,0.5,0.00138233308396347
"M3","Commerce",2021-06-30,0,1,-0.00967077648634919,2021-03-31,0.00987582878233084,0.00798502471855052,0.5,-0.000842875883899336
"M3","Commerce",2021-09-30,3,2,0.0123083360636664,2021-06-30,0.0199199534821144,0.00671087992601535,0.5,0.00950960799484087
"M3","Commerce",2021-12-31,0,2,0.0121723060095566,2021-09-30,0.0158034521479156,0.00693632237177593,0.5,0.00955431419066627
"M3","Commerce",2022-03-31,3,3,0.0313756480765767,2021-12-31,-0.0348034749137724,0.00754371163520957,0.5,0.0194596798558931
"M3","Commerce",2022-06-30,5,2,0.014262183166893,2022-03-31,0.007272295596783,0.00619107793211208,0.5,0.0102266305495025
"M3","Commerce",2022-09-30,6,2,0.0161706789094201,2022-06-30,-0.00708032889736465,0.00789595555450624,0.5,0.0120333172319632
"M3","Commerce",2022-12-31,134,2,0.00318609604247535,2022-09-30,0.0110248570649674,0.00534596443128551,0.5,0.00426603023688043
"M3","Commerce",2023-03-31,187,2,0.0380483273277775,2022-12-31,0.0160767305589786,0.00412565968777209,0.5,0.0210869935077748
"M3","Commerce",2023-06-30,21,4,0.00846172700813452,2023-03-31,0.00646517716538497,0.00632108389055682,0.5,0.00739140544934567
"M3","Commerce",2023-09-30,6,4,0.00248065802581014,2023-06-30,0.00237756549880963,0.00572550601442212,0.5,0.00410308202011613
"M3","Commerce",2023-12-31,0,4,-0.0130629818131524,2023-09-30,0.00844315463132972,0.00324694141132473,0.5,-0.00490802020091383
"M3","Commerce",2024-03-31,0,4,-0.00547634998857171,2023-12-31,0.0184637520602795,0.00555246499214392,0.5,3.8057501786105e-05
"M3","Commerce",2024-06-30,0,4,0.0249396992725347,2024-03-31,0.000290896215341618,0.0069416337032158,0.5,0.0159406664878752
"M3","Commerce",2024-09-30,1,4,0.0142707161940185,2024-06-30,0.0154439711545749,0.00659218049984048,0.5,0.0104314483469295
"M3","Commerce",2024-12-31,113,4,0.0108351905687779,2024-09-30,0.00571468262867647,0.00670576123591258,0.5,0.00877047590234524
"M3","Commerce",2025-03-31,168,4,-0.0317439232694599,2024-09-30,0.0248772545888567,0.00694655096532436,0.5,-0.0123986861520678
"M3","Commerce",2025-06-30,6,3,0.0367073438997774,2025-03-31,0.00124917416875725,0.00573931300723424,0.5,0.0212233284535058
"M3","Commerce",2025-09-30,7,3,0.00174419218789182,2025-06-30,0.00388237799968039,0.00734920802397538,0.5,0.0045467001059336
"M3","Commerce",2025-12-31,3,3,0.00737627174310922,2025-09-30,0.00474667366104242,0.00650358951918271,0.5,0.00693993063114596
"M3","Commerce",2026-03-31,3,3,-0.0124744272088742,2025-12-31,0.030304457095939,0.00558437278021224,0.5,-0.00344502721433098
"M3","Construction",2014-06-30,11,3,0.0154854088455067,2014-03-31,0.00447736474689187,0.0135342524661724,0.5,0.0145098306558396
"M3","Construction",2014-09-30,12,2,0.0117380466561511,2014-06-30,-0.000619901584931526,0.0139608835007986,0.5,0.0128494650784749
"M3","Construction",2014-12-31,0,2,0.0119879038950848,2014-09-30,-0.0170090243189662,0.0135108994581792,0.5,0.012749401676632
"M3","Construction",2015-03-31,6,1,0.00709227132540127,2014-12-31,-0.00530943948553997,0.0119242811701445,0.5,0.00950827624777289
"M3","Construction",2015-06-30,3,1,0.0114408717066196,2015-03-31,0.0209819845460189,0.0111879956953914,0.5,0.0113144337010055
"M3","Construction",2015-09-30,0,2,0.0091875987722055,2015-06-30,0.0115194109871428,0.0120684962486412,0.5,0.0106280475104233
"M3","Construction",2015-12-31,0,2,0.014659132190987,2015-09-30,0.032079368271992,0.0114004814166324,0.5,0.0130298068038097
"M3","Construction",2016-03-31,57,3,0.0135894673942325,2015-12-31,0.0187855153946899,0.0130882506551527,0.5,0.0133388590246926
"M3","Construction",2016-06-30,52,0,,,-0.00501930687227414,0.012669329199756,0.5,0.012669329199756
"M3","Construction",2016-09-30,3,0,,,-0.00562759321653061,0.011636632309017,0.5,0.011636632309017
"M3","Construction",2016-12-31,3,0,,,-0.0052620417260254,0.0124515873959961,0.5,0.0124515873959961
"M3","Construction",2017-03-31,6,0,,,0.0132064022878779,0.0105025955245449,0.5,0.0105025955245449
"M3","Construction",2017-06-30,6,0,,,0.000867405836450175,0.0117889777110755,0.5,0.0117889777110755
"M3","Construction",2017-09-30,0,0,,,0.017936616006887,0.0114155714823311,0.5,0.0114155714823311
"M3","Construction",2017-12-31,0,0,,,-0.00784029652175278,0.0115486012069794,0.5,0.0115486012069794
"M3","Construction",2018-03-31,3,0,,,0.026272471549829,0.0107415786772516,0.5,0.0107415786772516
"M3","Construction",2018-06-30,3,0,,,0.00736116363280281,0.0130643283125074,0.5,0.0130643283125074
"M3","Construction",2018-09-30,0,0,,,-0.0192666965708348,0.0113876526016158,0.5,0.0113876526016158
"M3","Construction",2018-12-31,0,0,,,-0.0524286380169254,0.0100600784924261,0.5,0.0100600784924261
"M3","Construction",2019-03-31,216,0,,,0.0166559720067418,0.00885098456855127,0.5,0.00885098456855127
"M3","Construction",2019-06-30,146,0,,,0.0481920910731386,0.0119527879653205,0.5,0.0119527879653205
"M3","Construction",2019-09-30,25,0,,,0.0125910845192418,0.014249309052876,0.5,0.014249309052876
"M3","Construction",2019-12-31,37,0,,,-0.0273069523615579,0.00895884970361975,0.5,0.00895884970361975
"M3","Construction",2020-03-31,216,0,,,0.000213553084455143,0.00726370133625902,0.5,0.00726370133625902
"M3","Construction",2020-06-30,6,0,,,-0.102776372819593,0.000543484826574807,0.5,0.000543484826574807
"M3","Construction",2020-09-30,3,0,,,0.0356201479127147,-0.000286293027691621,0.5,-0.000286293027691621
"M3","Construction",2020-12-31,0,1,0.0145130168387476,2020-09-30,0.072642691639901,0.0127320820427462,0.5,0.0136225494407469
"M3","Construction",2021-03-31,0,1,0.0183386315396939,2020-12-31,-0.00494022963371066,0.0137820274801226,0.5,0.0160603295099082
"M3","Construction",2021-06-30,0,1,0.00742100108394215,2021-03-31,-0.00250132109599832,0.0099200849104172,0.5,0.00867054299717968
"M3","Construction",2021-09-30,3,1,0.00748224547747619,2021-06-30,0.0107028535882208,0.00986454778203801,0.5,0.0086733966297571
"M3","Construction",2021-12-31,0,1,0.0118502611401467,2021-09-30,0.00772099252970015,0.0129192439234903,0.5,0.0123847525318185
"M3","Construction",2022-03-31,3,1,0.00597601075835367,2021-12-31,-0.026866287683136,0.00953832346164042,0.5,0.00775716710999705
"M3","Construction",2022-06-30,5,1,0.000271770436302773,2022-03-31,-0.0038148328637746,0.00923638063925402,0.5,0.0047540755377784
"M3","Construction",2022-09-30,6,1,0.00448150755758655,2022-06-30,-0.0309753266623467,0.0088818641192418,0.5,0.00668168583841417
"M3","Construction",2022-12-31,134,1,0.00726822875154134,2022-09-30,-0.0138810252956052,0.00502176900630458,0.5,0.00614499887892296
"M3","Construction",2023-03-31,187,0,,,0.0264176726138974,0.00137059462271156,0.5,0.00137059462271156
"M3","Construction",2023-06-30,21,0,,,0.00252741405244095,0.0102549162102403,0.5,0.0102549162102403
"M3","Construction",2023-09-30,6,0,,,0.00248876146185317,0.0087000006609335,0.5,0.0087000006609335
"M3","Construction",2023-12-31,0,0,,,0.00486264809430104,0.00693905551430475,0.5,0.00693905551430475
"M3","Construction",2024-03-31,0,1,0.00651160728073925,2022-09-30,0.0243786805323758,0.00750063107069851,0.5,0.00700611917571888
"M3","Construction",2024-06-30,0,1,0.00832276804843119,2024-03-31,0.0131434129712957,0.0105724448604855,0.5,0.00944760645445835
"M3","Construction",2024-09-30,1,1,0.0141307021754891,2024-06-30,0.0334036782533733,0.00754080486595122,0.5,0.0108357535207202
"M3","Construction",2024-12-31,113,1,0.0152973212008605,2024-09-30,0.00587796447580935,0.00902142194442809,0.5,0.0121593715726443
"M3","Construction",2025-03-31,168,1,0.00316123251367846,2024-12-31,0.0164348782556303,0.0107764162004622,0.5,0.00696882435707033
"M3","Construction",2025-06-30,6,1,0.0108388218715777,2025-03-31,0.0173260458459641,0.0111057481407055,0.5,0.0109722850061416
"M3","Construction",2025-09-30,7,1,0.0140341164722111,2025-06-30,0.0230301767543057,0.00834907634842199,0.5,0.0111915964103165
"M3","Construction",2025-12-31,3,1,0.0105856215655104,2025-09-30,-0.000376710311417838,0.00878617933429037,0.5,0.00968590044990039
"M3","Construction",2026-03-31,3,1,-0.00228383353376849,2025-12-31,-0.0250954841631064,0.0111984473797093,0.5,0.00445730692297041
"M3","Finances et assurances",2014-06-30,11,5,0.0170365221320735,2014-03-31,0.00979204446059612,0.0140681567625369,0.5,0.0155523394473052
"M3","Finances et assurances",2014-09-30,12,5,0.00653993037747061,2014-06-30,0.0108712876306072,0.0146312688234217,0.5,0.0105855996004462
"M3","Finances et assurances",2014-12-31,0,5,0.0139573429091425,2014-09-30,0.00817212302553116,0.0121648395804871,0.5,0.0130610912448148
"M3","Finances et assurances",2015-03-31,6,5,0.00937826573077355,2014-12-31,0.0025733872860485,0.0121945974410465,0.5,0.01078643158591
"M3","Finances et assurances",2015-06-30,3,5,0.00657025752981351,2015-03-31,-0.000283635140750249,0.012426105066098,0.5,0.00949818129795576
"M3","Finances et assurances",2015-09-30,0,5,0.00968618988268272,2015-06-30,0.00555168992811517,0.0129537372037148,0.5,0.0113199635431988
"M3","Finances et assurances",2015-12-31,0,5,0.00191699039580348,2015-09-30,0.0216448096360278,0.0117430605231681,0.5,0.00683002545948579
"M3","Finances et assurances",2016-03-31,57,5,-0.000406785352892031,2015-12-31,0.0116644403276638,0.0153764876598674,0.5,0.00748485115348768
"M3","Finances et assurances",2016-06-30,52,5,0.0108997856671717,2016-03-31,0.0132480316692885,0.0151314048367449,0.5,0.0130155952519583
"M3","Finances et assurances",2016-09-30,3,5,0.0089905211639972,2016-06-30,0.0406230501366736,0.0116688289538044,0.5,0.0103296750589008
"M3","Finances et assurances",2016-12-31,3,5,0.0152318917276414,2016-09-30,-0.0101673768515305,0.0141647063806995,0.5,0.0146982990541705
"M3","Finances et assurances",2017-03-31,6,5,-0.00189879382444303,2016-12-31,0.00552692213443429,0.0102546490414968,0.5,0.00417792760852688
"M3","Finances et assurances",2017-06-30,6,5,0.0173822960267603,2017-03-31,0.0236163865511507,0.0116480143021699,0.5,0.0145151551644651
"M3","Finances et assurances",2017-09-30,0,5,0.0072312316793639,2017-06-30,-0.00152331413688955,0.0130385624814541,0.5,0.010134897080409
"M3","Finances et assurances",2017-12-31,0,5,0.00724967073854659,2017-09-30,-0.00363516724733692,0.0123311502410938,0.5,0.00979041048982019
"M3","Finances et assurances",2018-03-31,3,5,-0.00153927522042797,2017-12-31,0.0129764503213643,0.011140428531226,0.5,0.00480057665539901
"M3","Finances et assurances",2018-06-30,3,5,0.0148450802535756,2018-03-31,-0.00435156893570188,0.0138091384445282,0.5,0.0143271093490519
"M3","Finances et assurances",2018-09-30,0,5,0.0137490794852582,2018-06-30,0.00735193248656962,0.0115706784504298,0.5,0.012659878967844
"M3","Finances et assurances",2018-12-31,0,5,0.00621908946868007,2018-09-30,0.0110438895944789,0.00874297886195605,0.5,0.00748103416531806
"M3","Finances et assurances",2019-03-31,216,5,0.00715298136197451,2018-12-31,0.0315392522985256,0.0100667958222359,0.5,0.0086098885921052
"M3","Finances et assurances",2019-06-30,146,5,0.0115695993324715,2019-03-31,0.000435811706188005,0.0139581707063801,0.5,0.0127638850194258
"M3","Finances et assurances",2019-09-30,25,5,0.014067125535114,2019-06-30,0.0130609593133908,0.0144508412845183,0.5,0.0142589834098161
"M3","Finances et assurances",2019-12-31,37,5,0.0103976276300146,2019-09-30,0.00825566078032658,0.0120688123557421,0.5,0.0112332199928784
"M3","Finances et assurances",2020-03-31,216,5,0.00501686340484693,2019-12-31,-0.0212114526144092,0.0121198820341142,0.5,0.00856837271948056
"M3","Finances et assurances",2020-06-30,6,5,0.0159828628865533,2020-03-31,0.0113083327777996,0.00518195860742856,0.5,0.0105824107469909
"M3","Finances et assurances",2020-09-30,3,5,0.00895724386923676,2020-06-30,0.00678756570547989,0.00614068207830312,0.5,0.00754896297376994
"M3","Finances et assurances",2020-12-31,0,5,0.00695798974416917,2020-09-30,0.0114494849451461,0.00787272860201549,0.5,0.00741535917309233
"M3","Finances et assurances",2021-03-31,0,5,0.00467702057470433,2020-12-31,-0.00739307250548649,0.0157067490056733,0.5,0.0101918847901888
"M3","Finances et assurances",2021-06-30,0,5,0.0145258886560461,2021-03-31,0.0281576114642981,0.0132416318975279,0.5,0.013883760276787
"M3","Finances et assurances",2021-09-30,3,5,0.00398711678353411,2021-06-30,0.00585438399346749,0.0123493802492189,0.5,0.00816824851637651
"M3","Finances et assurances",2021-12-31,0,5,0.00668241218839003,2021-09-30,0.016641170500078,0.0134169140860317,0.5,0.0100496631372109
"M3","Finances et assurances",2022-03-31,3,5,0.00423202229119188,2021-12-31,0.0414257987284206,0.0118596036462315,0.5,0.00804581296871169
"M3","Finances et assurances",2022-06-30,5,5,0.0109479762412991,2022-03-31,0.031410255383383,0.0122908502458726,0.5,0.0116194132435859
"M3","Finances et assurances",2022-09-30,6,5,0.00769057406516276,2022-06-30,0.0122236867003789,0.0138281071378301,0.5,0.0107593406014964
"M3","Finances et assurances",2022-12-31,134,5,0.00964811436399565,2022-09-30,0.00818990746985371,0.0148010203077491,0.5,0.0122245673358724
"M3","Finances et assurances",2023-03-31,187,5,-1.20055992339081e-05,2022-12-31,0.0177076136496304,0.0098605338753833,0.5,0.0049242641380747
"M3","Finances et assurances",2023-06-30,21,5,0.012705237901042,2023-03-31,0.0142309413674457,0.0147002203889168,0.5,0.0137027291449794
"M3","Finances et assurances",2023-09-30,6,5,0.0089274151931457,2023-06-30,0.0138611051650379,0.0138909190340834,0.5,0.0114091671136145
"M3","Finances et assurances",2023-12-31,0,5,0.015446143669662,2023-09-30,0.0205123675274645,0.0140112648383389,0.5,0.0147287042540005
"M3","Finances et assurances",2024-03-31,0,5,0.00914137971047391,2023-12-31,0.034226988537851,0.0157533574911074,0.5,0.0124473686007907
"M3","Finances et assurances",2024-06-30,0,5,0.00762439433470097,2024-03-31,0.00677789865920531,0.013729697055497,0.5,0.010677045695099
"M3","Finances et assurances",2024-09-30,1,5,0.0112759014454074,2024-06-30,0.0307983277209374,0.0132938858143099,0.5,0.0122848936298586
"M3","Finances et assurances",2024-12-31,113,5,0.0122312097495603,2024-09-30,0.024404004984877,0.0146411711588781,0.5,0.0134361904542192
"M3","Finances et assurances",2025-03-31,168,5,0.00920249232823694,2024-12-31,-0.00576523644903126,0.0169947542814617,0.5,0.0130986233048493
"M3","Finances et assurances",2025-06-30,6,5,0.0148897825327998,2025-03-31,-0.000740007216192495,0.0131166084060867,0.5,0.0140031954694433
"M3","Finances et assurances",2025-09-30,7,5,0.00779309587077296,2025-06-30,0.0383171453817219,0.0121431557847343,0.5,0.00996812582775363
"M3","Finances et assurances",2025-12-31,3,5,0.0192732653977215,2025-09-30,0.02252710319177,0.0161887632976205,0.5,0.017731014347671
"M3","Finances et assurances",2026-03-31,3,5,0.00802684018761908,2025-12-31,0.0131482423939122,0.0145541845518335,0.5,0.0112905123697263
"M3","Hébergement-restauration",2014-06-30,11,0,,,0.0579051413275486,0.00983910294422055,0.5,0.00983910294422055
"M3","Hébergement-restauration",2014-09-30,12,0,,,-0.100719732558025,0.00486007960335512,0.5,0.00486007960335512
"M3","Hébergement-restauration",2014-12-31,0,0,,,0.0187926552611444,0.0127718705720377,0.5,0.0127718705720377
"M3","Hébergement-restauration",2015-03-31,6,0,,,0.0127819913735721,0.0117067939875733,0.5,0.0117067939875733
"M3","Hébergement-restauration",2015-06-30,3,0,,,0.0151974154132208,0.00659599488759563,0.5,0.00659599488759563
"M3","Hébergement-restauration",2015-09-30,0,0,,,-0.0394942050942486,0.0043976729383019,0.5,0.0043976729383019
"M3","Hébergement-restauration",2015-12-31,0,0,,,0.0175488642456987,0.0082287362069184,0.5,0.0082287362069184
"M3","Hébergement-restauration",2016-03-31,57,0,,,0.00665704009847978,0.00320641508772281,0.5,0.00320641508772281
"M3","Hébergement-restauration",2016-06-30,52,0,,,-0.00832824764845164,0.00481813281520201,0.5,0.00481813281520201
"M3","Hébergement-restauration",2016-09-30,3,0,,,0.0560471819745558,0.010002523529641,0.5,0.010002523529641
"M3","Hébergement-restauration",2016-12-31,3,0,,,0.0195963775895027,0.00120753395646334,0.5,0.00120753395646334
"M3","Hébergement-restauration",2017-03-31,6,0,,,0.0277996430464089,0.00711099636681498,0.5,0.00711099636681498
"M3","Hébergement-restauration",2017-06-30,6,0,,,0.0278215922434324,0.00856153945787162,0.5,0.00856153945787162
"M3","Hébergement-restauration",2017-09-30,0,0,,,0.0102951493030083,0.00691199529715454,0.5,0.00691199529715454
"M3","Hébergement-restauration",2017-12-31,0,0,,,0.0188149524720291,0.00981137840994608,0.5,0.00981137840994608
"M3","Hébergement-restauration",2018-03-31,3,0,,,0.0248370780464207,0.00953803869056786,0.5,0.00953803869056786
"M3","Hébergement-restauration",2018-06-30,3,0,,,0.0148534421343882,0.00207637268526864,0.5,0.00207637268526864
"M3","Hébergement-restauration",2018-09-30,0,0,,,-0.0200453834008396,0.00731935416302951,0.5,0.00731935416302951
"M3","Hébergement-restauration",2018-12-31,0,0,,,0.0330719091401885,0.0123239497643486,0.5,0.0123239497643486
"M3","Hébergement-restauration",2019-03-31,216,0,,,0.0107181372644138,0.00951525106807088,0.5,0.00951525106807088
"M3","Hébergement-restauration",2019-06-30,146,0,,,0.0402913731091044,-0.00119713255112923,0.5,-0.00119713255112923
"M3","Hébergement-restauration",2019-09-30,25,0,,,-0.0688778865997968,-0.00655275657677681,0.5,-0.00655275657677681
"M3","Hébergement-restauration",2019-12-31,37,0,,,0.0396077656015432,0.0106792338947299,0.5,0.0106792338947299
"M3","Hébergement-restauration",2020-03-31,216,1,0.000947758514421481,2019-12-31,-0.329368517252892,0.0133225193882025,0.5,0.00713513895131199
"M3","Hébergement-restauration",2020-06-30,6,1,-0.817338392307201,2020-03-31,-0.857041072981717,-0.0331484908175594,0.5,-0.42524344156238
"M3","Hébergement-restauration",2020-09-30,3,4,1.04413296931155,2020-06-30,0.152814674284517,0.0143057816461628,0.5,0.529219375478856
"M3","Hébergement-restauration",2020-12-31,0,4,0.283811504614966,2020-09-30,0.184991785349833,-0.0272265445436888,0.5,0.128292480035639
"M3","Hébergement-restauration",2021-03-31,0,4,0.00046306948290032,2020-12-31,0.108593379555545,0.00744481785676402,0.5,0.00395394366983217
"M3","Hébergement-restauration",2021-06-30,0,2,0.0976306130933164,2021-03-31,0.0325203058080987,0.00901626202888402,0.5,0.0533234375611002
"M3","Hébergement-restauration",2021-09-30,3,2,0.0503002431739254,2021-06-30,0.0912570059284388,0.0079785573142786,0.5,0.029139400244102
"M3","Hébergement-restauration",2021-12-31,0,4,0.00151664889180426,2021-03-31,0.0662513211980329,0.00510192362131615,0.5,0.00330928625656021
"M3","Hébergement-restauration",2022-03-31,3,4,-0.0155372887831798,2021-12-31,0.172069210996341,0.00743198200564778,0.5,-0.00405265338876601
"M3","Hébergement-restauration",2022-06-30,5,4,0.185363483844843,2022-03-31,0.185682194782517,0.0100962681369822,0.5,0.0977298759909126
"M3","Hébergement-restauration",2022-09-30,6,2,0.0692316256859331,2022-06-30,0.172534150339882,0.0177645607675224,0.5,0.0434980932267277
"M3","Hébergement-restauration",2022-12-31,134,2,0.0500778096312337,2022-09-30,0.0347188375472669,0.0418994154394745,0.5,0.0459886125353541
"M3","Hébergement-restauration",2023-03-31,187,4,0.00558422891684236,2022-03-31,0.0350713189035368,0.0360670184708599,0.5,0.0208256236938511
"M3","Hébergement-restauration",2023-06-30,21,4,0.0353145468047548,2023-03-31,0.0285381802766143,0.0174644954644923,0.5,0.0263895211346235
"M3","Hébergement-restauration",2023-09-30,6,4,-0.00629483183251466,2023-06-30,0.0131680998376478,0.0177715768358601,0.5,0.00573837250167272
"M3","Hébergement-restauration",2023-12-31,0,4,0.0194779488576625,2023-09-30,0.00454308251082303,0.0168960811961114,0.5,0.018187015026887
"M3","Hébergement-restauration",2024-03-31,0,4,0.00950734229153208,2023-12-31,-0.0256302512562794,0.0176746152679738,0.5,0.0135909787797529
"M3","Hébergement-restauration",2024-06-30,0,4,0.0195095223795384,2024-03-31,0.0863211664480215,0.0156434156638115,0.5,0.017576469021675
"M3","Hébergement-restauration",2024-09-30,1,4,0.0170247586772006,2024-06-30,0.0395958337321503,0.0186582521991832,0.5,0.0178415054381919
"M3","Hébergement-restauration",2024-12-31,113,4,0.0317940255334045,2024-09-30,0.0126078965454273,0.0135205249272131,0.5,0.0226572752303088
"M3","Hébergement-restauration",2025-03-31,168,4,-0.00388961466410976,2024-12-31,-0.0551888649837782,0.0373153618512822,0.5,0.0167128735935862
"M3","Hébergement-restauration",2025-06-30,6,4,0.0172703728167106,2025-03-31,0.0935791648916222,0.0115983032844378,0.5,0.0144343380505742
"M3","Hébergement-restauration",2025-09-30,7,2,0.0262398094871825,2025-06-30,0.0109571254893179,0.0147496537577987,0.5,0.0204947316224906
"M3","Hébergement-restauration",2025-12-31,3,2,0.00698954910702047,2025-09-30,-0.0117140608570061,0.0191445701728367,0.5,0.0130670596399286
"M3","Hébergement-restauration",2026-03-31,3,2,-0.0157567467179146,2025-12-31,-0.0149369838672992,0.0214278838335228,0.5,0.0028355685578041
"M3","Immobilier",2014-06-30,11,1,0.0118158704184291,2014-03-31,-0.00347586163623959,0.0122596909319343,0.5,0.0120377806751817
"M3","Immobilier",2014-09-30,12,1,0.00644290480812953,2014-06-30,-0.00217718876892725,0.0128905081004547,0.5,0.00966670645429211
"M3","Immobilier",2014-12-31,0,1,0.00697208718946253,2014-09-30,-0.00175178666395936,0.0121689724626345,0.5,0.00957052982604852
"M3","Immobilier",2015-03-31,6,1,0.00684082257989495,2014-12-31,0.000110265740545401,0.0114885194562888,0.5,0.00916467101809187
"M3","Immobilier",2015-06-30,3,1,0.00571369018321791,2015-03-31,0.00268122505899093,0.0110016509265868,0.5,0.00835767055490235
"M3","Immobilier",2015-09-30,0,1,0.00704468161731437,2015-06-30,0.00388518358887602,0.0111695819997516,0.5,0.00910713180853298
"M3","Immobilier",2015-12-31,0,1,0.00677208498860105,2015-09-30,0.00438830891148179,0.0108555173180894,0.5,0.00881380115334522
"M3","Immobilier",2016-03-31,57,1,0.00630592223375286,2015-12-31,0.0126521894411589,0.0105438032446352,0.5,0.00842486273919403
"M3","Immobilier",2016-06-30,52,1,0.00901808656001495,2016-03-31,0.00642440146184065,0.0110146916742121,0.5,0.0100163891171135
"M3","Immobilier",2016-09-30,3,1,0.0084157503421744,2016-06-30,0.00538883523628364,0.0105398068682385,0.5,0.00947777860520645
"M3","Immobilier",2016-12-31,3,1,0.00707700323361388,2016-09-30,0.00381329164235744,0.0114911565933515,0.5,0.00928407991348269
"M3","Immobilier",2017-03-31,6,1,0.00769638623037464,2016-12-31,0.000111312238896488,0.00909726026256174,0.5,0.00839682324646819
"M3","Immobilier",2017-06-30,6,1,0.00644429224031751,2017-03-31,0.00532846857096558,0.0106465078471458,0.5,0.00854540004373166
"M3","Immobilier",2017-09-30,0,1,0.00788686911430022,2017-06-30,0.00538413091038592,0.0109490483310259,0.5,0.00941795872266306
"M3","Immobilier",2017-12-31,0,1,0.00787987895197642,2017-09-30,0.00537094450904618,0.0102628545671528,0.5,0.00907136675956461
"M3","Immobilier",2018-03-31,3,1,0.006875427382076,2017-12-31,0.0139842136362436,0.0100880003959658,0.5,0.0084817138890209
"M3","Immobilier",2018-06-30,3,1,0.00948617174811707,2018-03-31,0.00709820759588098,0.0126555614823982,0.5,0.0110708666152576
"M3","Immobilier",2018-09-30,0,1,0.00796760220604282,2018-06-30,0.00546983793104339,0.0103415112889544,0.5,0.00915455674749861
"M3","Immobilier",2018-12-31,0,1,0.00654870484164313,2018-09-30,0.00429779031723321,0.00991457310907439,0.5,0.00823163897535876
"M3","Immobilier",2019-03-31,216,1,0.00640406945848933,2018-12-31,0.00697990763877421,0.0101357893800674,0.5,0.00826992941927836
"M3","Immobilier",2019-06-30,146,1,0.00874730376132586,2019-03-31,0.00407965402671806,0.00866401083127962,0.5,0.00870565729630274
"M3","Immobilier",2019-09-30,25,1,0.00722465316430364,2019-06-30,0.0012246541882952,0.0121204528707181,0.5,0.00967255301751087
"M3","Immobilier",2019-12-31,37,1,0.0056724407707362,2019-09-30,-0.00107461592825686,0.00956426682907744,0.5,0.00761835379990682
"M3","Immobilier",2020-03-31,216,1,0.00483722559154723,2019-12-31,-0.0121506955111226,0.0098260316890376,0.5,0.00733162864029242
"M3","Immobilier",2020-06-30,6,1,0.00404406890585376,2020-03-31,0.00154778434759706,0.00253732561563537,0.5,0.00329069726074456
"M3","Immobilier",2020-09-30,3,1,0.00631427151437443,2020-06-30,0.00248862454064991,0.0076096107172803,0.5,0.00696194111582737
"M3","Immobilier",2020-12-31,0,1,0.00511589096128717,2020-09-30,0.00250256303301022,0.00808896066416918,0.5,0.00660242581272817
"M3","Immobilier",2021-03-31,0,1,0.00490094834635234,2020-12-31,0.0186980933413192,0.0116777433225484,0.5,0.00828934583445037
"M3","Immobilier",2021-06-30,0,1,0.00976650425687668,2021-03-31,0.00589086653339521,0.00896287384176394,0.5,0.00936468904932031
"M3","Immobilier",2021-09-30,3,1,0.00584539169850165,2021-06-30,0.00489489217388339,0.00930348524618798,0.5,0.00757443847234482
"M3","Immobilier",2021-12-31,0,1,0.00689733142577171,2021-09-30,-0.000185568621855481,0.0105072326535578,0.5,0.00870228203966475
"M3","Immobilier",2022-03-31,3,1,0.00559434596054119,2021-12-31,-0.00613333557758722,0.00901618150144863,0.5,0.00730526373099491
"M3","Immobilier",2022-06-30,5,1,0.00417710667802774,2022-03-31,0.000982294226966829,0.00952360595914048,0.5,0.00685035631858411
"M3","Immobilier",2022-09-30,6,1,0.00429152672474764,2022-06-30,0.00192740181735829,0.00841182050470035,0.5,0.00635167361472399
"M3","Immobilier",2022-12-31,134,2,0.00369381507350868,2022-09-30,0.00286217020537194,0.00914594280479493,0.5,0.0064198789391518
"M3","Immobilier",2023-03-31,187,3,0.00109480325196024,2022-12-31,0.0186492473499342,0.00320022411002661,0.5,0.00214751368099343
"M3","Immobilier",2023-06-30,21,1,0.0100737449420033,2023-03-31,0.00433516318523708,0.0117933011869318,0.5,0.0109335230644675
"M3","Immobilier",2023-09-30,6,1,0.00607178191878477,2023-06-30,0.000940152450292331,0.00903871660149807,0.5,0.00755524926014142
"M3","Immobilier",2023-12-31,0,1,0.00556139768099844,2023-09-30,0.00367575702520995,0.00680146448015212,0.5,0.00618143108057528
"M3","Immobilier",2024-03-31,0,1,0.00586900462505929,2023-12-31,0.019358859355199,0.00835513536735188,0.5,0.00711206999620558
"M3","Immobilier",2024-06-30,0,1,0.0105257638186839,2024-03-31,0.00208616686757601,0.010323706411602,0.5,0.0104247351151429
"M3","Immobilier",2024-09-30,1,1,0.00619924932945757,2024-06-30,0.000572003912662211,0.00805831144615959,0.5,0.00712878038780858
"M3","Immobilier",2024-12-31,113,1,0.00585394020780085,2024-09-30,0.00271140021348693,0.00858221767094556,0.5,0.0072180789393732
"M3","Immobilier",2025-03-31,168,1,0.00565209955152338,2024-12-31,0.0241904984463055,0.0102451841916419,0.5,0.00794864187158264
"M3","Immobilier",2025-06-30,6,1,0.011654571422743,2025-03-31,0.00225126559195132,0.00980279651170369,0.5,0.0107286839672233
"M3","Immobilier",2025-09-30,7,1,0.00612765007284394,2025-06-30,0.00139883513399042,0.00879022210120843,0.5,0.00745893608702619
"M3","Immobilier",2025-12-31,3,1,0.00562429111527388,2025-09-30,0.00356943094849527,0.00859530181841989,0.5,0.00710979646684689
"M3","Immobilier",2026-03-31,3,1,0.00623514569920513,2025-12-31,0.0145414287128816,0.0113771026213591,0.5,0.00880612416028211
"M3","Industrie d'extraction",2014-06-30,11,1,0.0814074414469281,2014-03-31,-0.00618613651727884,0.017278995762863,0.5,0.0493432186048956
"M3","Industrie d'extraction",2014-09-30,12,1,-0.000394560943768925,2014-06-30,-0.015888470256332,0.018847408104959,0.5,0.00922642358059504
"M3","Industrie d'extraction",2014-12-31,0,1,-0.048163111620312,2014-09-30,-0.0298633941618487,0.0294840370491735,0.5,-0.00933953728556925
"M3","Industrie d'extraction",2015-03-31,6,1,-0.100109470369097,2014-12-31,0.00890133635762247,0.0306349108556698,0.5,-0.0347372797567136
"M3","Industrie d'extraction",2015-06-30,3,1,0.185974751155541,2015-03-31,0.0247954892566806,0.0117541769572229,0.5,0.0988644640563819
"M3","Industrie d'extraction",2015-09-30,0,2,0.0290398322004403,2013-09-30,0.0237021448250037,0.0121890669862214,0.5,0.0206144495933308
"M3","Industrie d'extraction",2015-12-31,0,1,0.0181070776546766,2015-09-30,-0.00879815197435896,0.010453219933241,0.5,0.0142801487939588
"M3","Industrie d'extraction",2016-03-31,57,1,-0.0695524782718296,2015-12-31,0.0161383433235596,0.00911586608716397,0.5,-0.0302183060923328
"M3","Industrie d'extraction",2016-06-30,52,1,0.0088447193536802,2016-03-31,-0.0163339493026129,0.0207324617336401,0.5,0.0147885905436602
"M3","Industrie d'extraction",2016-09-30,3,1,0.031908266341441,2016-06-30,0.0218474503756241,0.0185937502493746,0.5,0.0252510082954078
"M3","Industrie d'extraction",2016-12-31,3,0,,,0.025849664713844,0.00914133792422436,0.5,0.00914133792422436
"M3","Industrie d'extraction",2017-03-31,6,0,,,0.0185128254497453,0.0156424128408559,0.5,0.0156424128408559
"M3","Industrie d'extraction",2017-06-30,6,0,,,0.0955083840143161,0.0133271099000362,0.5,0.0133271099000362
"M3","Industrie d'extraction",2017-09-30,0,0,,,-0.0311769033996843,0.0119669733443149,0.5,0.0119669733443149
"M3","Industrie d'extraction",2017-12-31,0,0,,,0.0125783920146532,0.0202132224594892,0.5,0.0202132224594892
"M3","Industrie d'extraction",2018-03-31,3,0,,,-0.0244479675700369,0.0168804749053021,0.5,0.0168804749053021
"M3","Industrie d'extraction",2018-06-30,3,0,,,0.0081793613697414,-0.0119328900924359,0.5,-0.0119328900924359
"M3","Industrie d'extraction",2018-09-30,0,0,,,-0.0117710521370427,0.0129550588583958,0.5,0.0129550588583958
"M3","Industrie d'extraction",2018-12-31,0,0,,,-0.00327062290436331,0.0038356298493351,0.5,0.0038356298493351
"M3","Industrie d'extraction",2019-03-31,216,0,,,0.040057095335742,0.00969642848813987,0.5,0.00969642848813987
"M3","Industrie d'extraction",2019-06-30,146,0,,,-0.0225433471888596,0.00587506414679064,0.5,0.00587506414679064
"M3","Industrie d'extraction",2019-09-30,25,0,,,0.0109256734157306,0.0200650282919328,0.5,0.0200650282919328
"M3","Industrie d'extraction",2019-12-31,37,0,,,0.00214620520732645,0.0175802728170349,0.5,0.0175802728170349
"M3","Industrie d'extraction",2020-03-31,216,0,,,0.00506158820307512,0.0198612030350813,0.5,0.0198612030350813
"M3","Industrie d'extraction",2020-06-30,6,0,,,0.0237324718357801,0.0282733812059157,0.5,0.0282733812059157
"M3","Industrie d'extraction",2020-09-30,3,0,,,-0.0110758122366672,0.0348257825919949,0.5,0.0348257825919949
"M3","Industrie d'extraction",2020-12-31,0,0,,,0.0282365373459843,0.0069170568149415,0.5,0.0069170568149415
"M3","Industrie d'extraction",2021-03-31,0,0,,,0.0506515529548963,0.00891710501019216,0.5,0.00891710501019216
"M3","Industrie d'extraction",2021-06-30,0,0,,,-0.0120026798414088,0.0112140528473805,0.5,0.0112140528473805
"M3","Industrie d'extraction",2021-09-30,3,0,,,0.0223534844760689,0.0189719762582948,0.5,0.0189719762582948
"M3","Industrie d'extraction",2021-12-31,0,0,,,-0.0143497716369634,0.0131587260013968,0.5,0.0131587260013968
"M3","Industrie d'extraction",2022-03-31,3,0,,,-0.138625872821352,0.0147690469986585,0.5,0.0147690469986585
"M3","Industrie d'extraction",2022-06-30,5,0,,,-0.0689421152185421,0.0207467815319396,0.5,0.0207467815319396
"M3","Industrie d'extraction",2022-09-30,6,0,,,-0.0421248811824597,0.00969542753409443,0.5,0.00969542753409443
"M3","Industrie d'extraction",2022-12-31,134,0,,,-0.216757201746969,0.00519363304535769,0.5,0.00519363304535769
"M3","Industrie d'extraction",2023-03-31,187,0,,,0.0973621473997142,0.0292897627901745,0.5,0.0292897627901745
"M3","Industrie d'extraction",2023-06-30,21,0,,,2.03357431196594e-05,-0.00724115442567746,0.5,-0.00724115442567746
"M3","Industrie d'extraction",2023-09-30,6,0,,,0.0733392840223264,0.00866230564705127,0.5,0.00866230564705127
"M3","Industrie d'extraction",2023-12-31,0,0,,,0.113749741354164,-0.000896764388484034,0.5,-0.000896764388484034
"M3","Industrie d'extraction",2024-03-31,0,0,,,-0.0252607257677209,-0.00984357845914411,0.5,-0.00984357845914411
"M3","Industrie d'extraction",2024-06-30,0,0,,,0.0070152744335843,0.0134125995166855,0.5,0.0134125995166855
"M3","Industrie d'extraction",2024-09-30,1,0,,,0.022117053793357,0.0111587526145102,0.5,0.0111587526145102
"M3","Industrie d'extraction",2024-12-31,113,0,,,-0.0056609646746999,0.00859012744437375,0.5,0.00859012744437375
"M3","Industrie d'extraction",2025-03-31,168,0,,,0.0657933092045351,-0.00797111829592025,0.5,-0.00797111829592025
"M3","Industrie d'extraction",2025-06-30,6,0,,,0.046428686738258,0.023742819052498,0.5,0.023742819052498
"M3","Industrie d'extraction",2025-09-30,7,0,,,-0.0306857679206729,0.000506588676821092,0.5,0.000506588676821092
"M3","Industrie d'extraction",2025-12-31,3,0,,,-0.0912476795593946,0.00387901013032952,0.5,0.00387901013032952
"M3","Industrie d'extraction",2026-03-31,3,0,,,0.0429938589024168,-0.00523553901199326,0.5,-0.00523553901199326
"M3","Industrie de transformation",2014-06-30,11,0,,,0.0134903455131372,0.00976839603108851,0.5,0.00976839603108851
"M3","Industrie de transformation",2014-09-30,12,0,,,0.00323811979902189,0.00956973110133947,0.5,0.00956973110133947
"M3","Industrie de transformation",2014-12-31,0,0,,,-0.0476741243890952,0.00953185613182733,0.5,0.00953185613182733
"M3","Industrie de transformation",2015-03-31,6,5,-0.0228752457910763,2014-12-31,0.0304379715047673,0.00850045489962514,0.5,-0.00718739544572558
"M3","Industrie de transformation",2015-06-30,3,5,0.00147548302690971,2015-03-31,0.0194938047357773,0.00792302098410826,0.5,0.00469925200550898
"M3","Industrie de transformation",2015-09-30,0,5,-0.0116423982010016,2015-06-30,0.00620713596259748,0.0085700197758126,0.5,-0.0015361892125945
"M3","Industrie de transformation",2015-12-31,0,5,0.00574990893688001,2015-09-30,-0.00664650552544366,0.00777741202381764,0.5,0.00676366048034882
"M3","Industrie de transformation",2016-03-31,57,5,0.008660698105714,2015-12-31,-0.00323991776717136,0.0110257820609607,0.5,0.00984324008333735
"M3","Industrie de transformation",2016-06-30,52,5,0.00578746475302852,2016-03-31,-0.00999549769479913,0.00857876891199688,0.5,0.0071831168325127
"M3","Industrie de transformation",2016-09-30,3,5,-0.000350492951565903,2016-06-30,0.0228243332255111,0.00809640328148517,0.5,0.00387295516495963
"M3","Industrie de transformation",2016-12-31,3,5,0.00840724015556569,2016-09-30,0.0116788252925897,0.0112113175746548,0.5,0.00980927886511024
"M3","Industrie de transformation",2017-03-31,6,5,0.000313364237150015,2016-12-31,0.00953178833632684,0.00644319385401934,0.5,0.00337827904558468
"M3","Industrie de transformation",2017-06-30,6,5,0.00878610950850356,2017-03-31,0.0149267146411702,0.00926156447049259,0.5,0.00902383698949807
"M3","Industrie de transformation",2017-09-30,0,5,0.0161479230499145,2017-06-30,-0.0114616897126858,0.00906628533060474,0.5,0.0126071041902596
"M3","Industrie de transformation",2017-12-31,0,5,0.00838065514543064,2017-09-30,0.00280821148239063,0.00839291936560086,0.5,0.00838678725551575
"M3","Industrie de transformation",2018-03-31,3,5,0.00613221691380884,2017-12-31,0.0234087617899217,0.00832519695978311,0.5,0.00722870693679598
"M3","Industrie de transformation",2018-06-30,3,5,0.00219041868795968,2018-03-31,-0.00382899876597698,0.00631987222989079,0.5,0.00425514545892523
"M3","Industrie de transformation",2018-09-30,0,5,-0.000593257998001252,2018-06-30,0.0197648970716831,0.00772200801963733,0.5,0.00356437501081804
"M3","Industrie de transformation",2018-12-31,0,5,0.00894620263814704,2018-09-30,0.00254844063750426,0.00664036420936519,0.5,0.00779328342375612
"M3","Industrie de transformation",2019-03-31,216,5,0.00894866921419241,2018-12-31,0.00525129663060397,0.0083367455257233,0.5,0.00864270736995786
"M3","Industrie de transformation",2019-06-30,146,5,0.00972933487730972,2019-03-31,0.0369509505888086,0.00462311964244373,0.5,0.00717622725987673
"M3","Industrie de transformation",2019-09-30,25,5,0.0162775639703426,2019-06-30,-0.0175063522194137,0.00881244858098063,0.5,0.0125450062756616
"M3","Industrie de transformation",2019-12-31,37,4,-0.00305093558304427,2019-09-30,-0.00688096519466086,0.00840333768157522,0.5,0.00267620104926547
"M3","Industrie de transformation",2020-03-31,216,5,-0.0112113400306732,2019-12-31,-0.00162253854886352,0.00936394890538783,0.5,-0.000923695562642685
"M3","Industrie de transformation",2020-06-30,6,5,-0.00766482479110425,2020-03-31,-0.213797918505946,0.00597223556292502,0.5,-0.000846294614089615
"M3","Industrie de transformation",2020-09-30,3,5,0.0778783670981387,2020-06-30,0.176609534773862,0.00821449451536489,0.5,0.0430464308067518
"M3","Industrie de transformation",2020-12-31,0,5,-0.0043646885269907,2020-09-30,-0.00858663289649719,0.0116905879142253,0.5,0.0036629496936173
"M3","Industrie de transformation",2021-03-31,0,5,0.0354347004080008,2020-12-31,0.0682885003101887,0.00516162071921515,0.5,0.020298160563608
"M3","Industrie de transformation",2021-06-30,0,5,-0.017857108680142,2021-03-31,-0.0226087358268856,0.00820082206240853,0.5,-0.00482814330886673
"M3","Industrie de transformation",2021-09-30,3,5,-0.0142981534696619,2021-06-30,0.0119171102444078,0.00881350135032242,0.5,-0.00274232605966974
"M3","Industrie de transformation",2021-12-31,0,5,0.0424129335578739,2021-09-30,0.0157395324071921,0.00880205207214303,0.5,0.0256074928150085
"M3","Industrie de transformation",2022-03-31,3,5,0.0532501161001867,2021-12-31,-0.00935236645143078,0.00753133140780234,0.5,0.0303907237539945
"M3","Industrie de transformation",2022-06-30,5,5,0.0408602025055924,2022-03-31,0.0265199585031901,0.00798127572582743,0.5,0.0244207391157099
"M3","Industrie de transformation",2022-09-30,6,5,-0.0353297837669215,2022-06-30,0.00503674468161641,0.00957575710848014,0.5,-0.0128770133292207
"M3","Industrie de transformation",2022-12-31,134,5,0.0268646367621442,2022-09-30,-0.00375576483451212,0.00959049955161093,0.5,0.0182275681568776
"M3","Industrie de transformation",2023-03-31,187,5,0.0108348570943338,2022-12-31,0.00769564383733545,0.00949709494001025,0.5,0.010165976017172
"M3","Industrie de transformation",2023-06-30,21,5,-0.028353963316946,2023-03-31,-0.0170061439275049,0.00903291643165808,0.5,-0.00966052344264396
"M3","Industrie de transformation",2023-09-30,6,5,0.0436347775951176,2023-06-30,0.0317188158621384,0.0088094922397776,0.5,0.0262221349174476
"M3","Industrie de transformation",2023-12-31,0,5,0.00515458362962121,2023-09-30,0.0560799603193818,0.00509751789318947,0.5,0.00512605076140534
"M3","Industrie de transformation",2024-03-31,0,5,-0.0260774869606473,2023-12-31,-0.0663244948448725,0.0053036230535477,0.5,-0.0103869319535498
"M3","Industrie de transformation",2024-06-30,0,5,-0.00734812545648909,2024-03-31,-0.00790860641250291,0.0101458223979333,0.5,0.0013988484707221
"M3","Industrie de transformation",2024-09-30,1,5,0.00601156816402094,2024-06-30,0.069343487988764,0.00691895300250297,0.5,0.00646526058326195
"M3","Industrie de transformation",2024-12-31,113,5,0.00965940027328168,2024-09-30,0.0165418381598617,0.00739212769858457,0.5,0.00852576398593313
"M3","Industrie de transformation",2025-03-31,168,5,0.00588859773187257,2024-09-30,-0.0681965626927639,0.00404058842863856,0.5,0.00496459308025556
"M3","Industrie de transformation",2025-06-30,6,3,0.061075971100905,2025-03-31,0.0247579899121657,0.00996361567238173,0.5,0.0355197933866434
"M3","Industrie de transformation",2025-09-30,7,3,-0.00182100464399518,2025-06-30,0.0308834262611075,0.0071168794181092,0.5,0.00264793738705701
"M3","Industrie de transformation",2025-12-31,3,2,0.0140351617250281,2025-09-30,0.0330754169078045,0.00722150265812272,0.5,0.0106283321915754
"M3","Industrie de transformation",2026-03-31,3,2,-0.0351487010541418,2025-12-31,-0.101743963623765,-0.00184682985651775,0.5,-0.0184977654553298
"M3","Information-communication",2014-06-30,11,0,,,0.0185608138362312,0.0294778338878449,0.5,0.0294778338878449
"M3","Information-communication",2014-09-30,12,0,,,0.031275663358036,0.0263629773244093,0.5,0.0263629773244093
"M3","Information-communication",2014-12-31,0,0,,,0.038634291236642,0.0275667649108956,0.5,0.0275667649108956
"M3","Information-communication",2015-03-31,6,0,,,0.00404829052809141,0.024933012824293,0.5,0.024933012824293
"M3","Information-communication",2015-06-30,3,0,,,-0.0211948620280431,0.0290107895641515,0.5,0.0290107895641515
"M3","Information-communication",2015-09-30,0,0,,,-0.0255461304946749,0.0252990436434834,0.5,0.0252990436434834
"M3","Information-communication",2015-12-31,0,0,,,-0.0117556566679973,0.0270583617600648,0.5,0.0270583617600648
"M3","Information-communication",2016-03-31,57,0,,,0.0441187349800902,0.0189489553539417,0.5,0.0189489553539417
"M3","Information-communication",2016-06-30,52,0,,,0.0324311797721624,0.0270369741459753,0.5,0.0270369741459753
"M3","Information-communication",2016-09-30,3,0,,,0.0156993215704908,0.0256629501505232,0.5,0.0256629501505232
"M3","Information-communication",2016-12-31,3,0,,,0.0119540679681371,0.0248261038010425,0.5,0.0248261038010425
"M3","Information-communication",2017-03-31,6,0,,,-0.074924310117952,0.0197339213365438,0.5,0.0197339213365438
"M3","Information-communication",2017-06-30,6,0,,,0.0264960645184544,0.0183625545990811,0.5,0.0183625545990811
"M3","Information-communication",2017-09-30,0,0,,,0.0150230359818178,0.0239692053012145,0.5,0.0239692053012145
"M3","Information-communication",2017-12-31,0,0,,,0.00966388766132553,0.0239809564523361,0.5,0.0239809564523361
"M3","Information-communication",2018-03-31,3,0,,,-0.010365531714644,0.0238138246772928,0.5,0.0238138246772928
"M3","Information-communication",2018-06-30,3,0,,,0.0250131048881688,0.0267033931090104,0.5,0.0267033931090104
"M3","Information-communication",2018-09-30,0,0,,,0.00871941409985943,0.0227802204571883,0.5,0.0227802204571883
"M3","Information-communication",2018-12-31,0,0,,,0.0017418043179287,0.0198353373605658,0.5,0.0198353373605658
"M3","Information-communication",2019-03-31,216,0,,,0.000840591265317769,0.0208066457532991,0.5,0.0208066457532991
"M3","Information-communication",2019-06-30,146,0,,,0.00593404498862071,0.0195649375912108,0.5,0.0195649375912108
"M3","Information-communication",2019-09-30,25,0,,,0.0095827091317755,0.0245599444569149,0.5,0.0245599444569149
"M3","Information-communication",2019-12-31,37,0,,,0.0110725639758531,0.0224294120588152,0.5,0.0224294120588152
"M3","Information-communication",2020-03-31,216,0,,,0.0419599960536452,0.0213821338843639,0.5,0.0213821338843639
"M3","Information-communication",2020-06-30,6,0,,,-0.0210436716728193,0.0230317616592223,0.5,0.0230317616592223
"M3","Information-communication",2020-09-30,3,0,,,-0.00204975173975619,0.0163388280289452,0.5,0.0163388280289452
"M3","Information-communication",2020-12-31,0,0,,,0.0411703029645043,0.0270349569632045,0.5,0.0270349569632045
"M3","Information-communication",2021-03-31,0,0,,,-0.0536933298258049,0.0218335879307991,0.5,0.0218335879307991
"M3","Information-communication",2021-06-30,0,0,,,0.00186143113149839,0.0188994125399165,0.5,0.0188994125399165
"M3","Information-communication",2021-09-30,3,0,,,0.00942302584054922,0.0190179195185552,0.5,0.0190179195185552
"M3","Information-communication",2021-12-31,0,0,,,0.0317145043040412,0.0220949652728678,0.5,0.0220949652728678
"M3","Information-communication",2022-03-31,3,0,,,0.00597454514787366,0.0214147669734638,0.5,0.0214147669734638
"M3","Information-communication",2022-06-30,5,0,,,0.00161153463684727,0.0223742415761555,0.5,0.0223742415761555
"M3","Information-communication",2022-09-30,6,0,,,0.0112829099708271,0.0193218689122779,0.5,0.0193218689122779
"M3","Information-communication",2022-12-31,134,0,,,-0.0182958711637902,0.0178847784462767,0.5,0.0178847784462767
"M3","Information-communication",2023-03-31,187,0,,,0.0550902776591649,0.00658965832462748,0.5,0.00658965832462748
"M3","Information-communication",2023-06-30,21,0,,,0.0108067356801964,0.0239339350561539,0.5,0.0239339350561539
"M3","Information-communication",2023-09-30,6,0,,,-0.00473773465213512,0.0210429570675845,0.5,0.0210429570675845
"M3","Information-communication",2023-12-31,0,0,,,-0.000895282531592656,0.0182483090690289,0.5,0.0182483090690289
"M3","Information-communication",2024-03-31,0,0,,,0.026793324234438,0.0210546688741508,0.5,0.0210546688741508
"M3","Information-communication",2024-06-30,0,0,,,0.001257668725545,0.0247314692317778,0.5,0.0247314692317778
"M3","Information-communication",2024-09-30,1,0,,,-0.00629426164916325,0.0216714594344862,0.5,0.0216714594344862
"M3","Information-communication",2024-12-31,113,0,,,0.0171119883477697,0.0223145028126143,0.5,0.0223145028126143
"M3","Information-communication",2025-03-31,168,0,,,-0.0293164263615733,0.024233519924589,0.5,0.024233519924589
"M3","Information-communication",2025-06-30,6,0,,,0.0212659373554622,0.0221502707613554,0.5,0.0221502707613554
"M3","Information-communication",2025-09-30,7,0,,,-0.0160974475343618,0.0202156715306706,0.5,0.0202156715306706
"M3","Information-communication",2025-12-31,3,0,,,0.0239716974815245,0.0236013882588358,0.5,0.0236013882588358
"M3","Information-communication",2026-03-31,3,0,,,-0.00933597860249158,0.0188829454122323,0.5,0.0188829454122323
"M3","Pêche",2014-06-30,11,0,,,0.238884348531972,-0.000999570503781654,0.5,-0.000999570503781654
"M3","Pêche",2014-09-30,12,0,,,-0.0842585990548885,-0.0140790872750741,0.5,-0.0140790872750741
"M3","Pêche",2014-12-31,0,0,,,0.0971925333013068,-0.00560863183832511,0.5,-0.00560863183832511
"M3","Pêche",2015-03-31,6,0,,,-0.0182664312630081,-0.00244108431895587,0.5,-0.00244108431895587
"M3","Pêche",2015-06-30,3,0,,,0.0112681719167798,0.00365731835177571,0.5,0.00365731835177571
"M3","Pêche",2015-09-30,0,0,,,-0.0240378912771044,-0.000999300630460134,0.5,-0.000999300630460134
"M3","Pêche",2015-12-31,0,0,,,0.0711997243889542,0.00655587352674376,0.5,0.00655587352674376
"M3","Pêche",2016-03-31,57,0,,,0.0522788830555712,-0.00439795316152736,0.5,-0.00439795316152736
"M3","Pêche",2016-06-30,52,0,,,-0.0692837716719641,-0.00454193895761413,0.5,-0.00454193895761413
"M3","Pêche",2016-09-30,3,0,,,-0.0707389562407208,0.00507426860234367,0.5,0.00507426860234367
"M3","Pêche",2016-12-31,3,0,,,0.100756292896915,-0.00261749375662086,0.5,-0.00261749375662086
"M3","Pêche",2017-03-31,6,0,,,-0.0981301116583815,-0.000108959568785388,0.5,-0.000108959568785388
"M3","Pêche",2017-06-30,6,0,,,-0.0199501670707116,0.00498932814816059,0.5,0.00498932814816059
"M3","Pêche",2017-09-30,0,0,,,0.0209332096664658,0.00203090303419007,0.5,0.00203090303419007
"M3","Pêche",2017-12-31,0,0,,,-0.0659095853471712,0.00110619122177103,0.5,0.00110619122177103
"M3","Pêche",2018-03-31,3,5,0.0243289488401041,2017-12-31,-0.118526708999348,0.00409250452649495,0.5,0.0142107266832995
"M3","Pêche",2018-06-30,3,5,0.0609595223651259,2018-03-31,0.0565619820165848,0.0176268564013249,0.5,0.0392931893832254
"M3","Pêche",2018-09-30,0,0,,,-0.0520428663582821,0.00223453884793879,0.5,0.00223453884793879
"M3","Pêche",2018-12-31,0,0,,,0.0519498128058951,-0.00242950525524237,0.5,-0.00242950525524237
"M3","Pêche",2019-03-31,216,5,0.00294853608065715,2018-06-30,0.165886600744615,0.00194418873897726,0.5,0.00244636240981721
"M3","Pêche",2019-06-30,146,0,,,-0.10051090919398,-0.0361441619886129,0.5,-0.0361441619886129
"M3","Pêche",2019-09-30,25,0,,,0.107189386187184,0.0128049962048641,0.5,0.0128049962048641
"M3","Pêche",2019-12-31,37,5,-0.0411513188987651,2018-06-30,-0.178444977080698,0.00323256169326961,0.5,-0.0189593786027477
"M3","Pêche",2020-03-31,216,5,-0.016169132479136,2019-12-31,0.250419564323746,0.00569287368339539,0.5,-0.00523812939787031
"M3","Pêche",2020-06-30,6,0,,,-0.182744294243855,0.0357225585486882,0.5,0.0357225585486882
"M3","Pêche",2020-09-30,3,0,,,0.449867423442043,0.00446374201032906,0.5,0.00446374201032906
"M3","Pêche",2020-12-31,0,0,,,-0.549113253084071,0.0300882332202258,0.5,0.0300882332202258
"M3","Pêche",2021-03-31,0,5,0.252208025201185,2019-12-31,0.301831328865735,0.00859614682572679,0.5,0.130402086013456
"M3","Pêche",2021-06-30,0,5,-0.134010097186881,2021-03-31,0.086451616600093,-0.00964365691871637,0.5,-0.0718268770527987
"M3","Pêche",2021-09-30,3,5,0.0677931736090675,2021-06-30,-0.0880960598262783,-0.00383558754625745,0.5,0.031978793031405
"M3","Pêche",2021-12-31,0,5,-0.058429027340417,2021-09-30,0.102924635387614,0.0146934961926879,0.5,-0.0218677655738646
"M3","Pêche",2022-03-31,3,5,0.0450006185820789,2021-12-31,-0.251794115386521,-0.0038224727266961,0.5,0.0205890729276914
"M3","Pêche",2022-06-30,5,5,0.278600559899341,2022-03-31,0.0309075374630767,-0.000175243541600336,0.5,0.13921265817887
"M3","Pêche",2022-09-30,6,3,-0.0722925831489164,2022-06-30,-0.424362348289532,0.00311213458101047,0.5,-0.034590224283953
"M3","Pêche",2022-12-31,134,5,-0.0835727331174942,2022-09-30,0.537806048836181,0.0211587764184412,0.5,-0.0312069783495265
"M3","Pêche",2023-03-31,187,2,-0.233236574592725,2022-12-31,-0.196422814008341,-0.0851770901785509,0.5,-0.159206832385638
"M3","Pêche",2023-06-30,21,2,0.0939366606527572,2022-09-30,0.108653138186501,0.0204885639305283,0.5,0.0572126122916427
"M3","Pêche",2023-09-30,6,2,-0.14216795958843,2023-06-30,0.0833031314032056,-0.00733238796590109,0.5,-0.0747501737771655
"M3","Pêche",2023-12-31,0,5,0.119179712660825,2022-09-30,-0.169722558184949,-0.0112094913306088,0.5,0.0539851106651081
"M3","Pêche",2024-03-31,0,5,0.101784256985919,2023-12-31,0.137736263229147,0.0321943029255859,0.5,0.0669892799557524
"M3","Pêche",2024-06-30,0,5,-0.118788753190517,2024-03-31,-0.124393100066797,-0.00302814502527464,0.5,-0.0609084491078958
"M3","Pêche",2024-09-30,1,5,0.102960075004747,2024-06-30,0.3409847439024,0.0162443811730374,0.5,0.0596022280888922
"M3","Pêche",2024-12-31,113,5,-0.244753780244325,2024-09-30,-0.314903192186618,-0.00885931164393119,0.5,-0.126806545944128
"M3","Pêche",2025-03-31,168,5,0.158925208365223,2024-12-31,0.0879705045311976,0.0698904733558483,0.5,0.114407840860536
"M3","Pêche",2025-06-30,6,5,-0.0541439672183927,2025-03-31,-0.202438183367684,0.0116477655842803,0.5,-0.0212481008170562
"M3","Pêche",2025-09-30,7,5,0.316889583772723,2025-06-30,0.141488674493727,0.0469071869359351,0.5,0.181898385354329
"M3","Pêche",2025-12-31,3,5,-0.213568481189205,2025-09-30,-0.181089428496749,-0.06053298572125,0.5,-0.137050733455228
"M3","Pêche",2026-03-31,3,5,0.093583220789011,2025-12-31,0.222874852773161,0.053549101411741,0.5,0.073566161100376
"M3","Transports",2014-06-30,11,0,,,0.028015303409596,0.0141536051730765,0.5,0.0141536051730765
"M3","Transports",2014-09-30,12,0,,,-0.00329148743112206,0.0131550204147149,0.5,0.0131550204147149
"M3","Transports",2014-12-31,0,0,,,0.00554226208478248,0.0142599898517394,0.5,0.0142599898517394
"M3","Transports",2015-03-31,6,0,,,0.0274647989726873,0.0140194057609696,0.5,0.0140194057609696
"M3","Transports",2015-06-30,3,0,,,0.0238870417103634,0.0130427995271564,0.5,0.0130427995271564
"M3","Transports",2015-09-30,0,0,,,-0.000400525138307017,0.0139908746054988,0.5,0.0139908746054988
"M3","Transports",2015-12-31,0,0,,,0.0136274565391865,0.0142004949137126,0.5,0.0142004949137126
"M3","Transports",2016-03-31,57,0,,,-0.00224188236103728,0.0180787374977578,0.5,0.0180787374977578
"M3","Transports",2016-06-30,52,0,,,-0.0304162214184824,0.0171810686543806,0.5,0.0171810686543806
"M3","Transports",2016-09-30,3,0,,,0.0405851512318183,0.0140168719932552,0.5,0.0140168719932552
"M3","Transports",2016-12-31,3,0,,,-0.000806231998783602,0.0132038186697193,0.5,0.0132038186697193
"M3","Transports",2017-03-31,6,0,,,0.00525061131594917,0.0132584575868841,0.5,0.0132584575868841
"M3","Transports",2017-06-30,6,0,,,-0.00885390403460029,0.0147036017529837,0.5,0.0147036017529837
"M3","Transports",2017-09-30,0,0,,,0.00323264375167831,0.0125345159048235,0.5,0.0125345159048235
"M3","Transports",2017-12-31,0,0,,,0.00270040887982859,0.0144349176001422,0.5,0.0144349176001422
"M3","Transports",2018-03-31,3,0,,,-0.00771766276284147,0.0127324187950481,0.5,0.0127324187950481
"M3","Transports",2018-06-30,3,0,,,0.0381116237789918,0.0114358870241822,0.5,0.0114358870241822
"M3","Transports",2018-09-30,0,0,,,-0.0562132165992164,0.012916040817674,0.5,0.012916040817674
"M3","Transports",2018-12-31,0,0,,,0.0024741177684291,0.0120675214836421,0.5,0.0120675214836421
"M3","Transports",2019-03-31,216,0,,,0.0567198839409837,0.0111470584263773,0.5,0.0111470584263773
"M3","Transports",2019-06-30,146,0,,,0.100742314764428,0.00665525952470219,0.5,0.00665525952470219
"M3","Transports",2019-09-30,25,0,,,-0.105961891018188,0.00786649167377473,0.5,0.00786649167377473
"M3","Transports",2019-12-31,37,0,,,-0.0390667942682299,0.0126349581539969,0.5,0.0126349581539969
"M3","Transports",2020-03-31,216,0,,,-0.0126004908496,0.00998825619226729,0.5,0.00998825619226729
"M3","Transports",2020-06-30,6,0,,,-0.501094849125378,0.000110559992614148,0.5,0.000110559992614148
"M3","Transports",2020-09-30,3,0,,,0.125969152849114,0.0225324483589166,0.5,0.0225324483589166
"M3","Transports",2020-12-31,0,0,,,0.122566805849722,0.0102959727811038,0.5,0.0102959727811038
"M3","Transports",2021-03-31,0,0,,,0.0562033294168316,0.00319788801215952,0.5,0.00319788801215952
"M3","Transports",2021-06-30,0,0,,,0.000731330783699136,0.0098771813694828,0.5,0.0098771813694828
"M3","Transports",2021-09-30,3,0,,,0.0731279057345535,0.0130402847290895,0.5,0.0130402847290895
"M3","Transports",2021-12-31,0,0,,,-0.0243022849728511,0.0109580356678965,0.5,0.0109580356678965
"M3","Transports",2022-03-31,3,0,,,-0.0184384391565189,0.0112131205447917,0.5,0.0112131205447917
"M3","Transports",2022-06-30,5,0,,,0.0331947459481938,0.0111405510752218,0.5,0.0111405510752218
"M3","Transports",2022-09-30,6,0,,,0.0296892895055922,0.0122061351734691,0.5,0.0122061351734691
"M3","Transports",2022-12-31,134,0,,,-0.00518075012109698,0.0132427908480447,0.5,0.0132427908480447
"M3","Transports",2023-03-31,187,0,,,0.0341097935940446,0.0170919938318446,0.5,0.0170919938318446
"M3","Transports",2023-06-30,21,0,,,0.0106539923050857,0.00814437110334127,0.5,0.00814437110334127
"M3","Transports",2023-09-30,6,0,,,0.00294728832205848,0.0110643979483545,0.5,0.0110643979483545
"M3","Transports",2023-12-31,0,0,,,0.0143046496502013,0.000691444645788297,0.5,0.000691444645788297
"M3","Transports",2024-03-31,0,0,,,0.0448609908773161,-0.00011930428150073,0.5,-0.00011930428150073
"M3","Transports",2024-06-30,0,0,,,0.0233315106872372,0.014878461367281,0.5,0.014878461367281
"M3","Transports",2024-09-30,1,0,,,-0.000696765512168795,0.00878334236570151,0.5,0.00878334236570151
"M3","Transports",2024-12-31,113,0,,,0.0179385719466758,0.00863875431731276,0.5,0.00863875431731276
"M3","Transports",2025-03-31,168,0,,,-2.13944930589349e-05,0.00746259335818907,0.5,0.00746259335818907
"M3","Transports",2025-06-30,6,0,,,0.0262253345690056,0.0121017134674558,0.5,0.0121017134674558
"M3","Transports",2025-09-30,7,0,,,-0.00840283920981122,0.00691333943636892,0.5,0.00691333943636892
"M3","Transports",2025-12-31,3,0,,,0.0256348485772033,0.0117068666480418,0.5,0.0117068666480418
"M3","Transports",2026-03-31,3,0,,,0.00343555107293625,0.00521837220506411,0.5,0.00521837220506411
"M3","Électricité, gaz, eau",2014-06-30,11,1,0.0177117961592961,2014-03-31,0.0332147863217731,0.0146477094499805,0.5,0.0161797528046383
"M3","Électricité, gaz, eau",2014-09-30,12,1,-0.00644707609857113,2014-06-30,-0.00679393605210521,0.00788023198356382,0.5,0.000716577942496345
"M3","Électricité, gaz, eau",2014-12-31,0,1,0.0231278263156396,2014-09-30,-0.00857021450047135,0.00858555759323919,0.5,0.0158566919544394
"M3","Électricité, gaz, eau",2015-03-31,6,3,0.0707205223224617,2014-12-31,0.0437145225973961,0.00884921238223348,0.5,0.0397848673523476
"M3","Électricité, gaz, eau",2015-06-30,3,5,0.00290341949705041,2015-03-31,0.00610525562054143,0.0100129920168948,0.5,0.00645820575697261
"M3","Électricité, gaz, eau",2015-09-30,0,5,-0.0214861449205759,2015-06-30,0.0103469379268244,0.0117712031787603,0.5,-0.0048574708709078
"M3","Électricité, gaz, eau",2015-12-31,0,4,0.0115118273182787,2015-09-30,-0.00455943213512988,0.00907087004314348,0.5,0.0102913486807111
"M3","Électricité, gaz, eau",2016-03-31,57,5,-0.0323226372631088,2015-12-31,0.000155955147615572,0.010328303361933,0.5,-0.0109971669505879
"M3","Électricité, gaz, eau",2016-06-30,52,4,0.00224378522270249,2016-03-31,-0.017175634556283,0.0044390794189665,0.5,0.00334143232083449
"M3","Électricité, gaz, eau",2016-09-30,3,4,0.00867319830023176,2016-06-30,0.0711460023338066,0.00927168715997263,0.5,0.00897244273010219
"M3","Électricité, gaz, eau",2016-12-31,3,5,0.00202504848225445,2016-09-30,-0.0359660643263187,0.00588625183696977,0.5,0.00395565015961211
"M3","Électricité, gaz, eau",2017-03-31,6,5,-0.017611871119393,2016-12-31,-0.00716286993772819,0.00956577654612547,0.5,-0.00402304728663377
"M3","Électricité, gaz, eau",2017-06-30,6,5,-0.000827607340332777,2017-03-31,0.0253000677575166,0.00916374339825512,0.5,0.00416806802896117
"M3","Électricité, gaz, eau",2017-09-30,0,5,-0.000350282126681492,2017-06-30,0.0048164662893857,0.00714456804040103,0.5,0.00339714295685977
"M3","Électricité, gaz, eau",2017-12-31,0,5,0.0203033006786355,2017-09-30,0.0387992037287237,0.00927679771418092,0.5,0.0147900491964082
"M3","Électricité, gaz, eau",2018-03-31,3,5,0.0110453010133907,2017-12-31,0.0223262968366722,0.00822401884561453,0.5,0.00963465992950261
"M3","Électricité, gaz, eau",2018-06-30,3,5,0.0519521610469026,2018-03-31,-0.016153880771169,0.00724824029248788,0.5,0.0296002006696952
"M3","Électricité, gaz, eau",2018-09-30,0,4,0.000198346621785191,2018-06-30,0.0411974248960654,0.00775235295529797,0.5,0.00397534978854158
"M3","Électricité, gaz, eau",2018-12-31,0,3,0.0244749629267871,2018-09-30,0.0623784425554952,0.00151060326382151,0.5,0.0129927830953043
"M3","Électricité, gaz, eau",2019-03-31,216,1,0.0145858934959761,2018-12-31,0.0925664554057999,0.00763040373789924,0.5,0.0111081486169377
"M3","Électricité, gaz, eau",2019-06-30,146,3,-0.00853066512279363,2019-03-31,-0.0124026726248605,0.0048789593049273,0.5,-0.00182585290893316
"M3","Électricité, gaz, eau",2019-09-30,25,3,0.00300340796241578,2019-06-30,-0.0152269847098676,0.0118104322328054,0.5,0.00740692009761059
"M3","Électricité, gaz, eau",2019-12-31,37,3,0.00157411991239601,2019-09-30,-0.00625851062808103,0.0116090980007103,0.5,0.00659160895655315
"M3","Électricité, gaz, eau",2020-03-31,216,3,0.0356906070302669,2019-12-31,0.0213425854542955,0.0133282177143148,0.5,0.0245094123722908
"M3","Électricité, gaz, eau",2020-06-30,6,3,-0.000288077064274876,2020-03-31,-0.0970147629221021,0.0116253106567407,0.5,0.00566861679623291
"M3","Électricité, gaz, eau",2020-09-30,3,2,0.0119664649873197,2020-06-30,0.114417799543279,0.0203679484167375,0.5,0.0161672067020286
"M3","Électricité, gaz, eau",2020-12-31,0,3,-0.0157699393969414,2020-09-30,-0.016022429172736,0.00763759661181983,0.5,-0.00406617139256078
"M3","Électricité, gaz, eau",2021-03-31,0,4,0.00596046216045244,2020-12-31,0.0217529032326009,0.0142507064559801,0.5,0.0101055843082163
"M3","Électricité, gaz, eau",2021-06-30,0,4,-0.00829356833418283,2021-03-31,0.0253032608158232,0.0117374484688917,0.5,0.00172194006735444
"M3","Électricité, gaz, eau",2021-09-30,3,5,0.0472863056948166,2021-06-30,0.0158724557012508,0.014287837676236,0.5,0.0307870716855263
"M3","Électricité, gaz, eau",2021-12-31,0,5,-0.0209262552099726,2021-09-30,0.0138196358846692,0.0147813379033558,0.5,-0.0030724586533084
"M3","Électricité, gaz, eau",2022-03-31,3,5,4.87559656237174e-05,2021-12-31,-0.0635858178619184,0.0117816009097258,0.5,0.00591517843767476
"M3","Électricité, gaz, eau",2022-06-30,5,5,0.0164288466578446,2022-03-31,0.00902096583624079,0.0111161028363726,0.5,0.0137724747471086
"M3","Électricité, gaz, eau",2022-09-30,6,5,0.0186760772104328,2022-06-30,-0.00480416973629261,0.0117854211849548,0.5,0.0152307491976938
"M3","Électricité, gaz, eau",2022-12-31,134,5,-0.000478991256923939,2022-09-30,-0.0308377748401991,0.0164287285184849,0.5,0.00797486863078048
"M3","Électricité, gaz, eau",2023-03-31,187,5,-0.00826184993932349,2022-12-31,-0.122401604802485,0.00491119316459571,0.5,-0.00167532838736389
"M3","Électricité, gaz, eau",2023-06-30,21,5,0.0990488169951148,2023-03-31,0.0472201858772916,0.0167429521213334,0.5,0.0578958845582241
"M3","Électricité, gaz, eau",2023-09-30,6,5,-0.0209729535490743,2023-06-30,0.00207719445817389,0.00858480447681304,0.5,-0.00619407453613063
"M3","Électricité, gaz, eau",2023-12-31,0,5,-0.0340996930856143,2023-09-30,-0.0104818116311538,0.0133204612169981,0.5,-0.0103896159343081
"M3","Électricité, gaz, eau",2024-03-31,0,5,-0.0493506247170769,2023-12-31,0.0293667797510366,0.0222722417795464,0.5,-0.0135391914687652
"M3","Électricité, gaz, eau",2024-06-30,0,5,-0.10604753380695,2024-03-31,-0.0474179307558522,0.00737316359000585,0.5,-0.0493371851084721
"M3","Électricité, gaz, eau",2024-09-30,1,5,0.148439612898679,2024-06-30,0.100587875391312,0.0117658201185831,0.5,0.080102716508631
"M3","Électricité, gaz, eau",2024-12-31,113,5,-0.0181548207644432,2024-09-30,0.0115181001740545,0.00778918186518608,0.5,-0.00518281944962856
"M3","Électricité, gaz, eau",2025-03-31,168,5,-0.0348711403798002,2024-12-31,-0.0640900842189289,0.0163996483811137,0.5,-0.00923574599934325
"M3","Électricité, gaz, eau",2025-06-30,6,5,-0.0152142825329786,2025-03-31,-0.0109469608200001,0.0209032412501338,0.5,0.0028444793585776
"M3","Électricité, gaz, eau",2025-09-30,7,5,0.0633024102063966,2025-06-30,0.0726483567256153,0.0145466146290205,0.5,0.0389245124177085
"M3","Électricité, gaz, eau",2025-12-31,3,5,-0.0171577828859962,2025-09-30,-0.0191714590402032,-0.00561992620699645,0.5,-0.0113888545464963
"M3","Électricité, gaz, eau",2026-03-31,3,5,-0.0929902802892006,2025-12-31,-0.0771317041623973,0.00390440593123111,0.5,-0.0445429371789847
