"methode","branche","origine","n_retenus","n_trim","bridge","derniere_obs","reel"
"marginal + trimestriels","Agriculture",2014-06-30,1,1,-0.00739541816059086,2014-03-31,0.0364714396168857
"marginal sans trimestriels","Agriculture",2014-06-30,0,0,,,0.0364714396168857
"conditionnel + trimestriels","Agriculture",2014-06-30,2,2,-0.0577393735238061,2014-03-31,0.0364714396168857
"conditionnel sans trimestriels","Agriculture",2014-06-30,0,0,,,0.0364714396168857
"marginal + trimestriels","Pêche",2014-06-30,2,2,0.00368129704847911,2014-03-31,0.238884348531972
"marginal sans trimestriels","Pêche",2014-06-30,0,0,,,0.238884348531972
"conditionnel + trimestriels","Pêche",2014-06-30,1,1,-0.0136649770513298,2014-03-31,0.238884348531972
"conditionnel sans trimestriels","Pêche",2014-06-30,0,0,,,0.238884348531972
"marginal + trimestriels","Industrie d'extraction",2014-06-30,1,0,0.0814074414469281,2014-03-31,-0.00618613651727884
"marginal sans trimestriels","Industrie d'extraction",2014-06-30,1,0,0.0814074414469281,2014-03-31,-0.00618613651727884
"conditionnel + trimestriels","Industrie d'extraction",2014-06-30,2,1,0.0751179040240992,2014-03-31,-0.00618613651727884
"conditionnel sans trimestriels","Industrie d'extraction",2014-06-30,1,0,0.0814074414469281,2014-03-31,-0.00618613651727884
"marginal + trimestriels","Industrie de transformation",2014-06-30,5,5,0.0164355895440173,2014-03-31,0.0134903455131372
"marginal sans trimestriels","Industrie de transformation",2014-06-30,0,0,,,0.0134903455131372
"conditionnel + trimestriels","Industrie de transformation",2014-06-30,1,1,0.0139937828997803,2014-03-31,0.0134903455131372
"conditionnel sans trimestriels","Industrie de transformation",2014-06-30,0,0,,,0.0134903455131372
"marginal + trimestriels","Électricité, gaz, eau",2014-06-30,2,1,0.0590468502544335,2014-03-31,0.0332147863217731
"marginal sans trimestriels","Électricité, gaz, eau",2014-06-30,1,0,0.0177117961592961,2014-03-31,0.0332147863217731
"conditionnel + trimestriels","Électricité, gaz, eau",2014-06-30,4,1,0.0486365019077461,2014-03-31,0.0332147863217731
"conditionnel sans trimestriels","Électricité, gaz, eau",2014-06-30,3,0,0.0212480091602801,2014-03-31,0.0332147863217731
"marginal + trimestriels","Construction",2014-06-30,5,2,0.00707754586886146,2014-03-31,0.00447736474689187
"marginal sans trimestriels","Construction",2014-06-30,3,0,0.0154854088455067,2014-03-31,0.00447736474689187
"conditionnel + trimestriels","Construction",2014-06-30,4,1,0.0024691632385682,2014-03-31,0.00447736474689187
"conditionnel sans trimestriels","Construction",2014-06-30,1,0,0.0146332886134245,2014-03-31,0.00447736474689187
"marginal + trimestriels","Commerce",2014-06-30,1,1,0.0179891357957773,2014-03-31,0.00951978546845211
"marginal sans trimestriels","Commerce",2014-06-30,0,0,,,0.00951978546845211
"conditionnel + trimestriels","Commerce",2014-06-30,2,2,0.0179812951431628,2014-03-31,0.00951978546845211
"conditionnel sans trimestriels","Commerce",2014-06-30,0,0,,,0.00951978546845211
"marginal + trimestriels","Transports",2014-06-30,0,0,,,0.028015303409596
"marginal sans trimestriels","Transports",2014-06-30,0,0,,,0.028015303409596
"conditionnel + trimestriels","Transports",2014-06-30,0,0,,,0.028015303409596
"conditionnel sans trimestriels","Transports",2014-06-30,0,0,,,0.028015303409596
"marginal + trimestriels","Hébergement-restauration",2014-06-30,0,0,,,0.0579051413275486
"marginal sans trimestriels","Hébergement-restauration",2014-06-30,0,0,,,0.0579051413275486
"conditionnel + trimestriels","Hébergement-restauration",2014-06-30,0,0,,,0.0579051413275486
"conditionnel sans trimestriels","Hébergement-restauration",2014-06-30,0,0,,,0.0579051413275486
"marginal + trimestriels","Information-communication",2014-06-30,1,1,0.0340401668997074,2014-03-31,0.0185608138362312
"marginal sans trimestriels","Information-communication",2014-06-30,0,0,,,0.0185608138362312
"conditionnel + trimestriels","Information-communication",2014-06-30,2,2,0.0292043271806345,2014-03-31,0.0185608138362312
"conditionnel sans trimestriels","Information-communication",2014-06-30,0,0,,,0.0185608138362312
"marginal + trimestriels","Finances et assurances",2014-06-30,5,1,0.0122319802533327,2014-03-31,0.00979204446059612
"marginal sans trimestriels","Finances et assurances",2014-06-30,5,0,0.0170365221320735,2014-03-31,0.00979204446059612
"conditionnel + trimestriels","Finances et assurances",2014-06-30,3,0,0.014514724562095,2014-03-31,0.00979204446059612
"conditionnel sans trimestriels","Finances et assurances",2014-06-30,3,0,0.014514724562095,2014-03-31,0.00979204446059612
"marginal + trimestriels","Immobilier",2014-06-30,1,0,0.0118158704184291,2014-03-31,-0.00347586163623959
"marginal sans trimestriels","Immobilier",2014-06-30,1,0,0.0118158704184291,2014-03-31,-0.00347586163623959
"conditionnel + trimestriels","Immobilier",2014-06-30,1,0,0.0118158704184291,2014-03-31,-0.00347586163623959
"conditionnel sans trimestriels","Immobilier",2014-06-30,1,0,0.0118158704184291,2014-03-31,-0.00347586163623959
"marginal + trimestriels","Agriculture",2014-09-30,1,1,0.00388459225418809,2014-06-30,0.0235744177595567
"marginal sans trimestriels","Agriculture",2014-09-30,0,0,,,0.0235744177595567
"conditionnel + trimestriels","Agriculture",2014-09-30,2,2,-0.0035979738275439,2014-06-30,0.0235744177595567
"conditionnel sans trimestriels","Agriculture",2014-09-30,0,0,,,0.0235744177595567
"marginal + trimestriels","Pêche",2014-09-30,1,1,-0.0358926254051133,2014-06-30,-0.0842585990548885
"marginal sans trimestriels","Pêche",2014-09-30,0,0,,,-0.0842585990548885
"conditionnel + trimestriels","Pêche",2014-09-30,1,1,-0.0902133621868976,2014-06-30,-0.0842585990548885
"conditionnel sans trimestriels","Pêche",2014-09-30,0,0,,,-0.0842585990548885
"marginal + trimestriels","Industrie d'extraction",2014-09-30,1,0,-0.000394560943768925,2014-06-30,-0.015888470256332
"marginal sans trimestriels","Industrie d'extraction",2014-09-30,1,0,-0.000394560943768925,2014-06-30,-0.015888470256332
"conditionnel + trimestriels","Industrie d'extraction",2014-09-30,2,1,-0.00555457079549724,2014-06-30,-0.015888470256332
"conditionnel sans trimestriels","Industrie d'extraction",2014-09-30,1,0,-0.000394560943768925,2014-06-30,-0.015888470256332
"marginal + trimestriels","Industrie de transformation",2014-09-30,5,5,0.00351574720590558,2014-06-30,0.00323811979902189
"marginal sans trimestriels","Industrie de transformation",2014-09-30,0,0,,,0.00323811979902189
"conditionnel + trimestriels","Industrie de transformation",2014-09-30,1,1,0.00777490610184204,2014-06-30,0.00323811979902189
"conditionnel sans trimestriels","Industrie de transformation",2014-09-30,0,0,,,0.00323811979902189
"marginal + trimestriels","Électricité, gaz, eau",2014-09-30,2,1,-0.055326546647399,2014-06-30,-0.00679393605210521
"marginal sans trimestriels","Électricité, gaz, eau",2014-09-30,1,0,-0.00644707609857113,2014-06-30,-0.00679393605210521
"conditionnel + trimestriels","Électricité, gaz, eau",2014-09-30,4,1,-0.0188520460336573,2014-06-30,-0.00679393605210521
"conditionnel sans trimestriels","Électricité, gaz, eau",2014-09-30,3,0,0.0459387634013188,2014-06-30,-0.00679393605210521
"marginal + trimestriels","Construction",2014-09-30,4,2,0.00238258009764325,2014-06-30,-0.000619901584931526
"marginal sans trimestriels","Construction",2014-09-30,2,0,0.0117380466561511,2014-06-30,-0.000619901584931526
"conditionnel + trimestriels","Construction",2014-09-30,4,1,0.00810582251055146,2014-06-30,-0.000619901584931526
"conditionnel sans trimestriels","Construction",2014-09-30,1,0,0.0137011966151623,2014-06-30,-0.000619901584931526
"marginal + trimestriels","Commerce",2014-09-30,1,1,0.00268743744125319,2014-06-30,-0.0115603603846139
"marginal sans trimestriels","Commerce",2014-09-30,0,0,,,-0.0115603603846139
"conditionnel + trimestriels","Commerce",2014-09-30,2,2,0.0088422820873815,2014-06-30,-0.0115603603846139
"conditionnel sans trimestriels","Commerce",2014-09-30,0,0,,,-0.0115603603846139
"marginal + trimestriels","Transports",2014-09-30,0,0,,,-0.00329148743112206
"marginal sans trimestriels","Transports",2014-09-30,0,0,,,-0.00329148743112206
"conditionnel + trimestriels","Transports",2014-09-30,0,0,,,-0.00329148743112206
"conditionnel sans trimestriels","Transports",2014-09-30,0,0,,,-0.00329148743112206
"marginal + trimestriels","Hébergement-restauration",2014-09-30,0,0,,,-0.100719732558025
"marginal sans trimestriels","Hébergement-restauration",2014-09-30,0,0,,,-0.100719732558025
"conditionnel + trimestriels","Hébergement-restauration",2014-09-30,0,0,,,-0.100719732558025
"conditionnel sans trimestriels","Hébergement-restauration",2014-09-30,0,0,,,-0.100719732558025
"marginal + trimestriels","Information-communication",2014-09-30,1,1,0.0118196887512284,2014-06-30,0.031275663358036
"marginal sans trimestriels","Information-communication",2014-09-30,0,0,,,0.031275663358036
"conditionnel + trimestriels","Information-communication",2014-09-30,2,2,-0.0369800909456229,2014-06-30,0.031275663358036
"conditionnel sans trimestriels","Information-communication",2014-09-30,0,0,,,0.031275663358036
"marginal + trimestriels","Finances et assurances",2014-09-30,5,1,0.00655638121817753,2014-06-30,0.0108712876306072
"marginal sans trimestriels","Finances et assurances",2014-09-30,5,0,0.00653993037747061,2014-06-30,0.0108712876306072
"conditionnel + trimestriels","Finances et assurances",2014-09-30,3,0,0.0101116861048002,2014-06-30,0.0108712876306072
"conditionnel sans trimestriels","Finances et assurances",2014-09-30,3,0,0.0101116861048002,2014-06-30,0.0108712876306072
"marginal + trimestriels","Immobilier",2014-09-30,1,0,0.00644290480812953,2014-06-30,-0.00217718876892725
"marginal sans trimestriels","Immobilier",2014-09-30,1,0,0.00644290480812953,2014-06-30,-0.00217718876892725
"conditionnel + trimestriels","Immobilier",2014-09-30,1,0,0.00644290480812953,2014-06-30,-0.00217718876892725
"conditionnel sans trimestriels","Immobilier",2014-09-30,1,0,0.00644290480812953,2014-06-30,-0.00217718876892725
"marginal + trimestriels","Agriculture",2014-12-31,1,1,0.00349390644941559,2014-09-30,0.0253025688850634
"marginal sans trimestriels","Agriculture",2014-12-31,0,0,,,0.0253025688850634
"conditionnel + trimestriels","Agriculture",2014-12-31,2,2,0.0296441629305793,2014-09-30,0.0253025688850634
"conditionnel sans trimestriels","Agriculture",2014-12-31,0,0,,,0.0253025688850634
"marginal + trimestriels","Pêche",2014-12-31,1,1,0.0702166617268484,2014-09-30,0.0971925333013068
"marginal sans trimestriels","Pêche",2014-12-31,0,0,,,0.0971925333013068
"conditionnel + trimestriels","Pêche",2014-12-31,1,1,0.140899926198429,2014-09-30,0.0971925333013068
"conditionnel sans trimestriels","Pêche",2014-12-31,0,0,,,0.0971925333013068
"marginal + trimestriels","Industrie d'extraction",2014-12-31,1,0,-0.048163111620312,2014-09-30,-0.0298633941618487
"marginal sans trimestriels","Industrie d'extraction",2014-12-31,1,0,-0.048163111620312,2014-09-30,-0.0298633941618487
"conditionnel + trimestriels","Industrie d'extraction",2014-12-31,2,1,-0.0434290319016601,2014-09-30,-0.0298633941618487
"conditionnel sans trimestriels","Industrie d'extraction",2014-12-31,1,0,-0.048163111620312,2014-09-30,-0.0298633941618487
"marginal + trimestriels","Industrie de transformation",2014-12-31,5,5,0.00248513619382383,2014-09-30,-0.0476741243890952
"marginal sans trimestriels","Industrie de transformation",2014-12-31,0,0,,,-0.0476741243890952
"conditionnel + trimestriels","Industrie de transformation",2014-12-31,1,1,0.00523480487839453,2014-09-30,-0.0476741243890952
"conditionnel sans trimestriels","Industrie de transformation",2014-12-31,0,0,,,-0.0476741243890952
"marginal + trimestriels","Électricité, gaz, eau",2014-12-31,2,1,0.0484889559414815,2014-09-30,-0.00857021450047135
"marginal sans trimestriels","Électricité, gaz, eau",2014-12-31,1,0,0.0231278263156396,2014-09-30,-0.00857021450047135
"conditionnel + trimestriels","Électricité, gaz, eau",2014-12-31,4,1,0.0649499908314966,2014-09-30,-0.00857021450047135
"conditionnel sans trimestriels","Électricité, gaz, eau",2014-12-31,3,0,0.00541705782518971,2014-09-30,-0.00857021450047135
"marginal + trimestriels","Construction",2014-12-31,4,2,0.00762191427644358,2014-09-30,-0.0170090243189662
"marginal sans trimestriels","Construction",2014-12-31,2,0,0.0119879038950848,2014-09-30,-0.0170090243189662
"conditionnel + trimestriels","Construction",2014-12-31,3,1,0.00639670268848116,2014-09-30,-0.0170090243189662
"conditionnel sans trimestriels","Construction",2014-12-31,2,0,0.01195056892587,2014-09-30,-0.0170090243189662
"marginal + trimestriels","Commerce",2014-12-31,1,1,0.0052746672634328,2014-09-30,-0.0494865182085977
"marginal sans trimestriels","Commerce",2014-12-31,0,0,,,-0.0494865182085977
"conditionnel + trimestriels","Commerce",2014-12-31,2,2,0.0121216508880752,2014-09-30,-0.0494865182085977
"conditionnel sans trimestriels","Commerce",2014-12-31,0,0,,,-0.0494865182085977
"marginal + trimestriels","Transports",2014-12-31,0,0,,,0.00554226208478248
"marginal sans trimestriels","Transports",2014-12-31,0,0,,,0.00554226208478248
"conditionnel + trimestriels","Transports",2014-12-31,0,0,,,0.00554226208478248
"conditionnel sans trimestriels","Transports",2014-12-31,0,0,,,0.00554226208478248
"marginal + trimestriels","Hébergement-restauration",2014-12-31,0,0,,,0.0187926552611444
"marginal sans trimestriels","Hébergement-restauration",2014-12-31,0,0,,,0.0187926552611444
"conditionnel + trimestriels","Hébergement-restauration",2014-12-31,0,0,,,0.0187926552611444
"conditionnel sans trimestriels","Hébergement-restauration",2014-12-31,0,0,,,0.0187926552611444
"marginal + trimestriels","Information-communication",2014-12-31,1,1,0.0338892782385882,2014-09-30,0.038634291236642
"marginal sans trimestriels","Information-communication",2014-12-31,0,0,,,0.038634291236642
"conditionnel + trimestriels","Information-communication",2014-12-31,2,2,0.0357842979853094,2014-09-30,0.038634291236642
"conditionnel sans trimestriels","Information-communication",2014-12-31,0,0,,,0.038634291236642
"marginal + trimestriels","Finances et assurances",2014-12-31,5,1,0.0145349835994395,2014-09-30,0.00817212302553116
"marginal sans trimestriels","Finances et assurances",2014-12-31,5,0,0.0139573429091425,2014-09-30,0.00817212302553116
"conditionnel + trimestriels","Finances et assurances",2014-12-31,3,0,0.0146065231320332,2014-09-30,0.00817212302553116
"conditionnel sans trimestriels","Finances et assurances",2014-12-31,3,0,0.0146065231320332,2014-09-30,0.00817212302553116
"marginal + trimestriels","Immobilier",2014-12-31,1,0,0.00697208718946253,2014-09-30,-0.00175178666395936
"marginal sans trimestriels","Immobilier",2014-12-31,1,0,0.00697208718946253,2014-09-30,-0.00175178666395936
"conditionnel + trimestriels","Immobilier",2014-12-31,1,0,0.00697208718946253,2014-09-30,-0.00175178666395936
"conditionnel sans trimestriels","Immobilier",2014-12-31,1,0,0.00697208718946253,2014-09-30,-0.00175178666395936
"marginal + trimestriels","Agriculture",2015-03-31,1,1,0.00718938427191989,2014-12-31,0.0521449979479787
"marginal sans trimestriels","Agriculture",2015-03-31,0,0,,,0.0521449979479787
"conditionnel + trimestriels","Agriculture",2015-03-31,2,2,-0.00317163031339032,2014-12-31,0.0521449979479787
"conditionnel sans trimestriels","Agriculture",2015-03-31,0,0,,,0.0521449979479787
"marginal + trimestriels","Pêche",2015-03-31,1,1,0.00192952174786248,2014-12-31,-0.0182664312630081
"marginal sans trimestriels","Pêche",2015-03-31,0,0,,,-0.0182664312630081
"conditionnel + trimestriels","Pêche",2015-03-31,1,1,-0.0104223636614345,2014-12-31,-0.0182664312630081
"conditionnel sans trimestriels","Pêche",2015-03-31,0,0,,,-0.0182664312630081
"marginal + trimestriels","Industrie d'extraction",2015-03-31,1,0,-0.100109470369097,2014-12-31,0.00890133635762247
"marginal sans trimestriels","Industrie d'extraction",2015-03-31,1,0,-0.100109470369097,2014-12-31,0.00890133635762247
"conditionnel + trimestriels","Industrie d'extraction",2015-03-31,2,1,-0.115478453644039,2014-12-31,0.00890133635762247
"conditionnel sans trimestriels","Industrie d'extraction",2015-03-31,1,0,-0.100109470369097,2014-12-31,0.00890133635762247
"marginal + trimestriels","Industrie de transformation",2015-03-31,5,0,-0.0228752457910763,2014-12-31,0.0304379715047673
"marginal sans trimestriels","Industrie de transformation",2015-03-31,5,0,-0.0228752457910763,2014-12-31,0.0304379715047673
"conditionnel + trimestriels","Industrie de transformation",2015-03-31,5,1,-0.0712997775774092,2014-12-31,0.0304379715047673
"conditionnel sans trimestriels","Industrie de transformation",2015-03-31,5,0,-0.0626520927491342,2014-12-31,0.0304379715047673
"marginal + trimestriels","Électricité, gaz, eau",2015-03-31,4,1,0.0330975258539812,2014-12-31,0.0437145225973961
"marginal sans trimestriels","Électricité, gaz, eau",2015-03-31,3,0,0.0707205223224617,2014-12-31,0.0437145225973961
"conditionnel + trimestriels","Électricité, gaz, eau",2015-03-31,1,0,0.0857711824445724,2014-12-31,0.0437145225973961
"conditionnel sans trimestriels","Électricité, gaz, eau",2015-03-31,1,0,0.0857711824445724,2014-12-31,0.0437145225973961
"marginal + trimestriels","Construction",2015-03-31,2,1,0.00595951063537087,2014-12-31,-0.00530943948553997
"marginal sans trimestriels","Construction",2015-03-31,1,0,0.00709227132540127,2014-12-31,-0.00530943948553997
"conditionnel + trimestriels","Construction",2015-03-31,3,1,0.0123150328914468,2014-12-31,-0.00530943948553997
"conditionnel sans trimestriels","Construction",2015-03-31,2,0,0.00377939004656215,2014-12-31,-0.00530943948553997
"marginal + trimestriels","Commerce",2015-03-31,4,1,-0.00510279083054682,2014-12-31,0.0315083401930245
"marginal sans trimestriels","Commerce",2015-03-31,3,0,0.00284141565865778,2014-12-31,0.0315083401930245
"conditionnel + trimestriels","Commerce",2015-03-31,3,0,0.00476511744726707,2014-12-31,0.0315083401930245
"conditionnel sans trimestriels","Commerce",2015-03-31,3,0,0.00476511744726707,2014-12-31,0.0315083401930245
"marginal + trimestriels","Transports",2015-03-31,0,0,,,0.0274647989726873
"marginal sans trimestriels","Transports",2015-03-31,0,0,,,0.0274647989726873
"conditionnel + trimestriels","Transports",2015-03-31,0,0,,,0.0274647989726873
"conditionnel sans trimestriels","Transports",2015-03-31,0,0,,,0.0274647989726873
"marginal + trimestriels","Hébergement-restauration",2015-03-31,0,0,,,0.0127819913735721
"marginal sans trimestriels","Hébergement-restauration",2015-03-31,0,0,,,0.0127819913735721
"conditionnel + trimestriels","Hébergement-restauration",2015-03-31,0,0,,,0.0127819913735721
"conditionnel sans trimestriels","Hébergement-restauration",2015-03-31,0,0,,,0.0127819913735721
"marginal + trimestriels","Information-communication",2015-03-31,1,1,0.0355797375205386,2014-12-31,0.00404829052809141
"marginal sans trimestriels","Information-communication",2015-03-31,0,0,,,0.00404829052809141
"conditionnel + trimestriels","Information-communication",2015-03-31,2,2,0.0351801517746037,2014-12-31,0.00404829052809141
"conditionnel sans trimestriels","Information-communication",2015-03-31,0,0,,,0.00404829052809141
"marginal + trimestriels","Finances et assurances",2015-03-31,5,1,0.00946711593143806,2014-12-31,0.0025733872860485
"marginal sans trimestriels","Finances et assurances",2015-03-31,5,0,0.00937826573077355,2014-12-31,0.0025733872860485
"conditionnel + trimestriels","Finances et assurances",2015-03-31,3,0,0.0116858599379927,2014-12-31,0.0025733872860485
"conditionnel sans trimestriels","Finances et assurances",2015-03-31,3,0,0.0116858599379927,2014-12-31,0.0025733872860485
"marginal + trimestriels","Immobilier",2015-03-31,1,0,0.00684082257989495,2014-12-31,0.000110265740545401
"marginal sans trimestriels","Immobilier",2015-03-31,1,0,0.00684082257989495,2014-12-31,0.000110265740545401
"conditionnel + trimestriels","Immobilier",2015-03-31,1,0,0.00684082257989495,2014-12-31,0.000110265740545401
"conditionnel sans trimestriels","Immobilier",2015-03-31,1,0,0.00684082257989495,2014-12-31,0.000110265740545401
"marginal + trimestriels","Agriculture",2015-06-30,1,1,0.00931648319323852,2015-03-31,0.0317672490600582
"marginal sans trimestriels","Agriculture",2015-06-30,0,0,,,0.0317672490600582
"conditionnel + trimestriels","Agriculture",2015-06-30,2,2,0.0130751182733796,2015-03-31,0.0317672490600582
"conditionnel sans trimestriels","Agriculture",2015-06-30,0,0,,,0.0317672490600582
"marginal + trimestriels","Pêche",2015-06-30,1,1,0.0419451672041227,2015-03-31,0.0112681719167798
"marginal sans trimestriels","Pêche",2015-06-30,0,0,,,0.0112681719167798
"conditionnel + trimestriels","Pêche",2015-06-30,1,1,0.0540900315852406,2015-03-31,0.0112681719167798
"conditionnel sans trimestriels","Pêche",2015-06-30,0,0,,,0.0112681719167798
"marginal + trimestriels","Industrie d'extraction",2015-06-30,1,0,0.185974751155541,2015-03-31,0.0247954892566806
"marginal sans trimestriels","Industrie d'extraction",2015-06-30,1,0,0.185974751155541,2015-03-31,0.0247954892566806
"conditionnel + trimestriels","Industrie d'extraction",2015-06-30,2,1,0.219305513452928,2015-03-31,0.0247954892566806
"conditionnel sans trimestriels","Industrie d'extraction",2015-06-30,1,0,0.185974751155541,2015-03-31,0.0247954892566806
"marginal + trimestriels","Industrie de transformation",2015-06-30,5,0,0.00147548302690971,2015-03-31,0.0194938047357773
"marginal sans trimestriels","Industrie de transformation",2015-06-30,5,0,0.00147548302690971,2015-03-31,0.0194938047357773
"conditionnel + trimestriels","Industrie de transformation",2015-06-30,1,0,0.0104295547702555,2015-03-31,0.0194938047357773
"conditionnel sans trimestriels","Industrie de transformation",2015-06-30,1,0,0.0104295547702555,2015-03-31,0.0194938047357773
"marginal + trimestriels","Électricité, gaz, eau",2015-06-30,5,1,-0.0910417814711873,2015-03-31,0.00610525562054143
"marginal sans trimestriels","Électricité, gaz, eau",2015-06-30,5,0,0.00290341949705041,2015-03-31,0.00610525562054143
"conditionnel + trimestriels","Électricité, gaz, eau",2015-06-30,1,0,-0.0114366396590389,2015-03-31,0.00610525562054143
"conditionnel sans trimestriels","Électricité, gaz, eau",2015-06-30,1,0,-0.0114366396590389,2015-03-31,0.00610525562054143
"marginal + trimestriels","Construction",2015-06-30,2,1,0.00244773851550581,2015-03-31,0.0209819845460189
"marginal sans trimestriels","Construction",2015-06-30,1,0,0.0114408717066196,2015-03-31,0.0209819845460189
"conditionnel + trimestriels","Construction",2015-06-30,2,1,0.00169586991628711,2015-03-31,0.0209819845460189
"conditionnel sans trimestriels","Construction",2015-06-30,2,0,0.00702322432286137,2015-03-31,0.0209819845460189
"marginal + trimestriels","Commerce",2015-06-30,3,1,-0.00133639724030784,2015-03-31,0.0159370922398132
"marginal sans trimestriels","Commerce",2015-06-30,2,0,0.000978586696115506,2015-03-31,0.0159370922398132
"conditionnel + trimestriels","Commerce",2015-06-30,3,0,0.00606975212950934,2015-03-31,0.0159370922398132
"conditionnel sans trimestriels","Commerce",2015-06-30,3,0,0.00606975212950934,2015-03-31,0.0159370922398132
"marginal + trimestriels","Transports",2015-06-30,0,0,,,0.0238870417103634
"marginal sans trimestriels","Transports",2015-06-30,0,0,,,0.0238870417103634
"conditionnel + trimestriels","Transports",2015-06-30,0,0,,,0.0238870417103634
"conditionnel sans trimestriels","Transports",2015-06-30,0,0,,,0.0238870417103634
"marginal + trimestriels","Hébergement-restauration",2015-06-30,0,0,,,0.0151974154132208
"marginal sans trimestriels","Hébergement-restauration",2015-06-30,0,0,,,0.0151974154132208
"conditionnel + trimestriels","Hébergement-restauration",2015-06-30,0,0,,,0.0151974154132208
"conditionnel sans trimestriels","Hébergement-restauration",2015-06-30,0,0,,,0.0151974154132208
"marginal + trimestriels","Information-communication",2015-06-30,1,1,0.0429942888145518,2015-03-31,-0.0211948620280431
"marginal sans trimestriels","Information-communication",2015-06-30,0,0,,,-0.0211948620280431
"conditionnel + trimestriels","Information-communication",2015-06-30,2,2,0.0634408190417336,2015-03-31,-0.0211948620280431
"conditionnel sans trimestriels","Information-communication",2015-06-30,0,0,,,-0.0211948620280431
"marginal + trimestriels","Finances et assurances",2015-06-30,5,1,0.00642796161453233,2015-03-31,-0.000283635140750249
"marginal sans trimestriels","Finances et assurances",2015-06-30,5,0,0.00657025752981351,2015-03-31,-0.000283635140750249
"conditionnel + trimestriels","Finances et assurances",2015-06-30,3,0,0.00597005879943065,2015-03-31,-0.000283635140750249
"conditionnel sans trimestriels","Finances et assurances",2015-06-30,3,0,0.00597005879943065,2015-03-31,-0.000283635140750249
"marginal + trimestriels","Immobilier",2015-06-30,1,0,0.00571369018321791,2015-03-31,0.00268122505899093
"marginal sans trimestriels","Immobilier",2015-06-30,1,0,0.00571369018321791,2015-03-31,0.00268122505899093
"conditionnel + trimestriels","Immobilier",2015-06-30,1,0,0.00571369018321791,2015-03-31,0.00268122505899093
"conditionnel sans trimestriels","Immobilier",2015-06-30,1,0,0.00571369018321791,2015-03-31,0.00268122505899093
"marginal + trimestriels","Agriculture",2015-09-30,1,1,-0.00617231518371172,2015-06-30,0.0329272719732145
"marginal sans trimestriels","Agriculture",2015-09-30,0,0,,,0.0329272719732145
"conditionnel + trimestriels","Agriculture",2015-09-30,2,2,-0.0176660941131291,2015-06-30,0.0329272719732145
"conditionnel sans trimestriels","Agriculture",2015-09-30,0,0,,,0.0329272719732145
"marginal + trimestriels","Pêche",2015-09-30,1,1,0.0728967795407394,2015-06-30,-0.0240378912771044
"marginal sans trimestriels","Pêche",2015-09-30,0,0,,,-0.0240378912771044
"conditionnel + trimestriels","Pêche",2015-09-30,2,2,0.0668485187373781,2015-06-30,-0.0240378912771044
"conditionnel sans trimestriels","Pêche",2015-09-30,0,0,,,-0.0240378912771044
"marginal + trimestriels","Industrie d'extraction",2015-09-30,2,0,0.0290398322004403,2013-09-30,0.0237021448250037
"marginal sans trimestriels","Industrie d'extraction",2015-09-30,2,0,0.0290398322004403,2013-09-30,0.0237021448250037
"conditionnel + trimestriels","Industrie d'extraction",2015-09-30,3,1,0.0323582121807369,2013-09-30,0.0237021448250037
"conditionnel sans trimestriels","Industrie d'extraction",2015-09-30,2,0,0.0290398322004403,2013-09-30,0.0237021448250037
"marginal + trimestriels","Industrie de transformation",2015-09-30,5,0,-0.0116423982010016,2015-06-30,0.00620713596259748
"marginal sans trimestriels","Industrie de transformation",2015-09-30,5,0,-0.0116423982010016,2015-06-30,0.00620713596259748
"conditionnel + trimestriels","Industrie de transformation",2015-09-30,1,0,-0.00284714555392357,2015-06-30,0.00620713596259748
"conditionnel sans trimestriels","Industrie de transformation",2015-09-30,1,0,-0.00284714555392357,2015-06-30,0.00620713596259748
"marginal + trimestriels","Électricité, gaz, eau",2015-09-30,5,1,0.0094476588086608,2015-06-30,0.0103469379268244
"marginal sans trimestriels","Électricité, gaz, eau",2015-09-30,5,0,-0.0214861449205759,2015-06-30,0.0103469379268244
"conditionnel + trimestriels","Électricité, gaz, eau",2015-09-30,1,0,0.00349071453832587,2015-06-30,0.0103469379268244
"conditionnel sans trimestriels","Électricité, gaz, eau",2015-09-30,1,0,0.00349071453832587,2015-06-30,0.0103469379268244
"marginal + trimestriels","Construction",2015-09-30,3,1,0.00740434898072832,2015-06-30,0.0115194109871428
"marginal sans trimestriels","Construction",2015-09-30,2,0,0.0091875987722055,2015-06-30,0.0115194109871428
"conditionnel + trimestriels","Construction",2015-09-30,1,1,0.0069465929288801,2015-06-30,0.0115194109871428
"conditionnel sans trimestriels","Construction",2015-09-30,2,0,0.0112373036959145,2015-06-30,0.0115194109871428
"marginal + trimestriels","Commerce",2015-09-30,4,1,-0.0127352069589509,2015-06-30,-0.0019131817420277
"marginal sans trimestriels","Commerce",2015-09-30,3,0,-0.011868667621265,2015-06-30,-0.0019131817420277
"conditionnel + trimestriels","Commerce",2015-09-30,4,0,0.012471184535297,2015-06-30,-0.0019131817420277
"conditionnel sans trimestriels","Commerce",2015-09-30,4,0,0.012471184535297,2015-06-30,-0.0019131817420277
"marginal + trimestriels","Transports",2015-09-30,0,0,,,-0.000400525138307017
"marginal sans trimestriels","Transports",2015-09-30,0,0,,,-0.000400525138307017
"conditionnel + trimestriels","Transports",2015-09-30,0,0,,,-0.000400525138307017
"conditionnel sans trimestriels","Transports",2015-09-30,0,0,,,-0.000400525138307017
"marginal + trimestriels","Hébergement-restauration",2015-09-30,0,0,,,-0.0394942050942486
"marginal sans trimestriels","Hébergement-restauration",2015-09-30,0,0,,,-0.0394942050942486
"conditionnel + trimestriels","Hébergement-restauration",2015-09-30,0,0,,,-0.0394942050942486
"conditionnel sans trimestriels","Hébergement-restauration",2015-09-30,0,0,,,-0.0394942050942486
"marginal + trimestriels","Information-communication",2015-09-30,0,0,,,-0.0255461304946749
"marginal sans trimestriels","Information-communication",2015-09-30,0,0,,,-0.0255461304946749
"conditionnel + trimestriels","Information-communication",2015-09-30,0,0,,,-0.0255461304946749
"conditionnel sans trimestriels","Information-communication",2015-09-30,0,0,,,-0.0255461304946749
"marginal + trimestriels","Finances et assurances",2015-09-30,5,1,0.00712623620767374,2015-06-30,0.00555168992811517
"marginal sans trimestriels","Finances et assurances",2015-09-30,5,0,0.00968618988268272,2015-06-30,0.00555168992811517
"conditionnel + trimestriels","Finances et assurances",2015-09-30,3,0,0.0115575714496005,2015-06-30,0.00555168992811517
"conditionnel sans trimestriels","Finances et assurances",2015-09-30,3,0,0.0115575714496005,2015-06-30,0.00555168992811517
"marginal + trimestriels","Immobilier",2015-09-30,1,0,0.00704468161731437,2015-06-30,0.00388518358887602
"marginal sans trimestriels","Immobilier",2015-09-30,1,0,0.00704468161731437,2015-06-30,0.00388518358887602
"conditionnel + trimestriels","Immobilier",2015-09-30,1,0,0.00704468161731437,2015-06-30,0.00388518358887602
"conditionnel sans trimestriels","Immobilier",2015-09-30,1,0,0.00704468161731437,2015-06-30,0.00388518358887602
"marginal + trimestriels","Agriculture",2015-12-31,1,1,0.0212369137801094,2015-09-30,0.00507799922861274
"marginal sans trimestriels","Agriculture",2015-12-31,0,0,,,0.00507799922861274
"conditionnel + trimestriels","Agriculture",2015-12-31,2,2,-0.00559553307828987,2015-09-30,0.00507799922861274
"conditionnel sans trimestriels","Agriculture",2015-12-31,0,0,,,0.00507799922861274
"marginal + trimestriels","Pêche",2015-12-31,1,1,0.0105473798766102,2015-09-30,0.0711997243889542
"marginal sans trimestriels","Pêche",2015-12-31,0,0,,,0.0711997243889542
"conditionnel + trimestriels","Pêche",2015-12-31,1,1,0.022384701852138,2015-09-30,0.0711997243889542
"conditionnel sans trimestriels","Pêche",2015-12-31,0,0,,,0.0711997243889542
"marginal + trimestriels","Industrie d'extraction",2015-12-31,1,0,0.0181070776546766,2015-09-30,-0.00879815197435896
"marginal sans trimestriels","Industrie d'extraction",2015-12-31,1,0,0.0181070776546766,2015-09-30,-0.00879815197435896
"conditionnel + trimestriels","Industrie d'extraction",2015-12-31,2,1,0.023637249751077,2015-09-30,-0.00879815197435896
"conditionnel sans trimestriels","Industrie d'extraction",2015-12-31,1,0,0.0181070776546766,2015-09-30,-0.00879815197435896
"marginal + trimestriels","Industrie de transformation",2015-12-31,5,0,0.00574990893688001,2015-09-30,-0.00664650552544366
"marginal sans trimestriels","Industrie de transformation",2015-12-31,5,0,0.00574990893688001,2015-09-30,-0.00664650552544366
"conditionnel + trimestriels","Industrie de transformation",2015-12-31,1,0,0.0122778511221087,2015-09-30,-0.00664650552544366
"conditionnel sans trimestriels","Industrie de transformation",2015-12-31,1,0,0.0122778511221087,2015-09-30,-0.00664650552544366
"marginal + trimestriels","Électricité, gaz, eau",2015-12-31,5,1,0.00442537013755264,2015-09-30,-0.00455943213512988
"marginal sans trimestriels","Électricité, gaz, eau",2015-12-31,4,0,0.0115118273182787,2015-09-30,-0.00455943213512988
"conditionnel + trimestriels","Électricité, gaz, eau",2015-12-31,1,0,-2.21543467918261e-05,2015-09-30,-0.00455943213512988
"conditionnel sans trimestriels","Électricité, gaz, eau",2015-12-31,1,0,-2.21543467918261e-05,2015-09-30,-0.00455943213512988
"marginal + trimestriels","Construction",2015-12-31,3,1,0.0035722659190086,2015-09-30,0.032079368271992
"marginal sans trimestriels","Construction",2015-12-31,2,0,0.014659132190987,2015-09-30,0.032079368271992
"conditionnel + trimestriels","Construction",2015-12-31,1,1,0.00446434068196495,2015-09-30,0.032079368271992
"conditionnel sans trimestriels","Construction",2015-12-31,2,0,0.0123897542009101,2015-09-30,0.032079368271992
"marginal + trimestriels","Commerce",2015-12-31,4,1,-0.0182300570161131,2015-09-30,0.00735412998310103
"marginal sans trimestriels","Commerce",2015-12-31,3,0,-0.0102032260776101,2015-09-30,0.00735412998310103
"conditionnel + trimestriels","Commerce",2015-12-31,4,0,0.00497214790840625,2015-09-30,0.00735412998310103
"conditionnel sans trimestriels","Commerce",2015-12-31,4,0,0.00497214790840625,2015-09-30,0.00735412998310103
"marginal + trimestriels","Transports",2015-12-31,0,0,,,0.0136274565391865
"marginal sans trimestriels","Transports",2015-12-31,0,0,,,0.0136274565391865
"conditionnel + trimestriels","Transports",2015-12-31,0,0,,,0.0136274565391865
"conditionnel sans trimestriels","Transports",2015-12-31,0,0,,,0.0136274565391865
"marginal + trimestriels","Hébergement-restauration",2015-12-31,0,0,,,0.0175488642456987
"marginal sans trimestriels","Hébergement-restauration",2015-12-31,0,0,,,0.0175488642456987
"conditionnel + trimestriels","Hébergement-restauration",2015-12-31,0,0,,,0.0175488642456987
"conditionnel sans trimestriels","Hébergement-restauration",2015-12-31,0,0,,,0.0175488642456987
"marginal + trimestriels","Information-communication",2015-12-31,1,1,0.0391279913784156,2015-09-30,-0.0117556566679973
"marginal sans trimestriels","Information-communication",2015-12-31,0,0,,,-0.0117556566679973
"conditionnel + trimestriels","Information-communication",2015-12-31,3,3,0.0798709111662403,2015-09-30,-0.0117556566679973
"conditionnel sans trimestriels","Information-communication",2015-12-31,0,0,,,-0.0117556566679973
"marginal + trimestriels","Finances et assurances",2015-12-31,5,1,0.0051313154024268,2015-09-30,0.0216448096360278
"marginal sans trimestriels","Finances et assurances",2015-12-31,5,0,0.00191699039580348,2015-09-30,0.0216448096360278
"conditionnel + trimestriels","Finances et assurances",2015-12-31,3,0,0.00159528333775962,2015-09-30,0.0216448096360278
"conditionnel sans trimestriels","Finances et assurances",2015-12-31,3,0,0.00159528333775962,2015-09-30,0.0216448096360278
"marginal + trimestriels","Immobilier",2015-12-31,1,0,0.00677208498860105,2015-09-30,0.00438830891148179
"marginal sans trimestriels","Immobilier",2015-12-31,1,0,0.00677208498860105,2015-09-30,0.00438830891148179
"conditionnel + trimestriels","Immobilier",2015-12-31,1,0,0.00677208498860105,2015-09-30,0.00438830891148179
"conditionnel sans trimestriels","Immobilier",2015-12-31,1,0,0.00677208498860105,2015-09-30,0.00438830891148179
"marginal + trimestriels","Agriculture",2016-03-31,1,1,0.00176543915644989,2015-12-31,-0.265832646674593
"marginal sans trimestriels","Agriculture",2016-03-31,0,0,,,-0.265832646674593
"conditionnel + trimestriels","Agriculture",2016-03-31,2,2,0.0300376635823608,2015-12-31,-0.265832646674593
"conditionnel sans trimestriels","Agriculture",2016-03-31,0,0,,,-0.265832646674593
"marginal + trimestriels","Pêche",2016-03-31,1,1,0.0272360310567653,2015-12-31,0.0522788830555712
"marginal sans trimestriels","Pêche",2016-03-31,0,0,,,0.0522788830555712
"conditionnel + trimestriels","Pêche",2016-03-31,1,1,0.0193435071071799,2015-12-31,0.0522788830555712
"conditionnel sans trimestriels","Pêche",2016-03-31,0,0,,,0.0522788830555712
"marginal + trimestriels","Industrie d'extraction",2016-03-31,1,0,-0.0695524782718296,2015-12-31,0.0161383433235596
"marginal sans trimestriels","Industrie d'extraction",2016-03-31,1,0,-0.0695524782718296,2015-12-31,0.0161383433235596
"conditionnel + trimestriels","Industrie d'extraction",2016-03-31,2,1,-0.0715037443504746,2015-12-31,0.0161383433235596
"conditionnel sans trimestriels","Industrie d'extraction",2016-03-31,1,0,-0.0695524782718296,2015-12-31,0.0161383433235596
"marginal + trimestriels","Industrie de transformation",2016-03-31,5,0,0.008660698105714,2015-12-31,-0.00323991776717136
"marginal sans trimestriels","Industrie de transformation",2016-03-31,5,0,0.008660698105714,2015-12-31,-0.00323991776717136
"conditionnel + trimestriels","Industrie de transformation",2016-03-31,4,1,0.00753391861732275,2015-12-31,-0.00323991776717136
"conditionnel sans trimestriels","Industrie de transformation",2016-03-31,3,0,0.00518974800258788,2015-12-31,-0.00323991776717136
"marginal + trimestriels","Électricité, gaz, eau",2016-03-31,5,1,-0.00426057221676208,2015-12-31,0.000155955147615572
"marginal sans trimestriels","Électricité, gaz, eau",2016-03-31,5,0,-0.0323226372631088,2015-12-31,0.000155955147615572
"conditionnel + trimestriels","Électricité, gaz, eau",2016-03-31,3,0,0.00215614742075147,2015-12-31,0.000155955147615572
"conditionnel sans trimestriels","Électricité, gaz, eau",2016-03-31,3,0,0.00215614742075147,2015-12-31,0.000155955147615572
"marginal + trimestriels","Construction",2016-03-31,0,0,,,0.0187855153946899
"marginal sans trimestriels","Construction",2016-03-31,0,0,,,0.0187855153946899
"conditionnel + trimestriels","Construction",2016-03-31,0,0,,,0.0187855153946899
"conditionnel sans trimestriels","Construction",2016-03-31,0,0,,,0.0187855153946899
"marginal + trimestriels","Commerce",2016-03-31,4,1,-0.0144099435561356,2015-12-31,-0.0158055279342868
"marginal sans trimestriels","Commerce",2016-03-31,3,0,-0.0193444610954796,2015-12-31,-0.0158055279342868
"conditionnel + trimestriels","Commerce",2016-03-31,4,0,0.00599013913410157,2015-12-31,-0.0158055279342868
"conditionnel sans trimestriels","Commerce",2016-03-31,4,0,0.00599013913410157,2015-12-31,-0.0158055279342868
"marginal + trimestriels","Transports",2016-03-31,0,0,,,-0.00224188236103728
"marginal sans trimestriels","Transports",2016-03-31,0,0,,,-0.00224188236103728
"conditionnel + trimestriels","Transports",2016-03-31,0,0,,,-0.00224188236103728
"conditionnel sans trimestriels","Transports",2016-03-31,0,0,,,-0.00224188236103728
"marginal + trimestriels","Hébergement-restauration",2016-03-31,0,0,,,0.00665704009847978
"marginal sans trimestriels","Hébergement-restauration",2016-03-31,0,0,,,0.00665704009847978
"conditionnel + trimestriels","Hébergement-restauration",2016-03-31,0,0,,,0.00665704009847978
"conditionnel sans trimestriels","Hébergement-restauration",2016-03-31,0,0,,,0.00665704009847978
"marginal + trimestriels","Information-communication",2016-03-31,0,0,,,0.0441187349800902
"marginal sans trimestriels","Information-communication",2016-03-31,0,0,,,0.0441187349800902
"conditionnel + trimestriels","Information-communication",2016-03-31,0,0,,,0.0441187349800902
"conditionnel sans trimestriels","Information-communication",2016-03-31,0,0,,,0.0441187349800902
"marginal + trimestriels","Finances et assurances",2016-03-31,5,1,-0.00547972522392873,2015-12-31,0.0116644403276638
"marginal sans trimestriels","Finances et assurances",2016-03-31,5,0,-0.000406785352892031,2015-12-31,0.0116644403276638
"conditionnel + trimestriels","Finances et assurances",2016-03-31,3,0,-0.000835557479654805,2015-12-31,0.0116644403276638
"conditionnel sans trimestriels","Finances et assurances",2016-03-31,3,0,-0.000835557479654805,2015-12-31,0.0116644403276638
"marginal + trimestriels","Immobilier",2016-03-31,1,0,0.00630592223375286,2015-12-31,0.0126521894411589
"marginal sans trimestriels","Immobilier",2016-03-31,1,0,0.00630592223375286,2015-12-31,0.0126521894411589
"conditionnel + trimestriels","Immobilier",2016-03-31,1,0,0.00630592223375286,2015-12-31,0.0126521894411589
"conditionnel sans trimestriels","Immobilier",2016-03-31,1,0,0.00630592223375286,2015-12-31,0.0126521894411589
"marginal + trimestriels","Agriculture",2016-06-30,1,1,-0.016469689212565,2016-03-31,0.00748113104625325
"marginal sans trimestriels","Agriculture",2016-06-30,0,0,,,0.00748113104625325
"conditionnel + trimestriels","Agriculture",2016-06-30,1,1,-0.016469689212565,2016-03-31,0.00748113104625325
"conditionnel sans trimestriels","Agriculture",2016-06-30,0,0,,,0.00748113104625325
"marginal + trimestriels","Pêche",2016-06-30,1,1,0.0121222718976627,2016-03-31,-0.0692837716719641
"marginal sans trimestriels","Pêche",2016-06-30,0,0,,,-0.0692837716719641
"conditionnel + trimestriels","Pêche",2016-06-30,2,2,0.0106349989213074,2016-03-31,-0.0692837716719641
"conditionnel sans trimestriels","Pêche",2016-06-30,0,0,,,-0.0692837716719641
"marginal + trimestriels","Industrie d'extraction",2016-06-30,1,0,0.0088447193536802,2016-03-31,-0.0163339493026129
"marginal sans trimestriels","Industrie d'extraction",2016-06-30,1,0,0.0088447193536802,2016-03-31,-0.0163339493026129
"conditionnel + trimestriels","Industrie d'extraction",2016-06-30,2,1,0.00167407544690303,2016-03-31,-0.0163339493026129
"conditionnel sans trimestriels","Industrie d'extraction",2016-06-30,1,0,0.0088447193536802,2016-03-31,-0.0163339493026129
"marginal + trimestriels","Industrie de transformation",2016-06-30,5,0,0.00578746475302852,2016-03-31,-0.00999549769479913
"marginal sans trimestriels","Industrie de transformation",2016-06-30,5,0,0.00578746475302852,2016-03-31,-0.00999549769479913
"conditionnel + trimestriels","Industrie de transformation",2016-06-30,2,0,0.000778619409745794,2016-03-31,-0.00999549769479913
"conditionnel sans trimestriels","Industrie de transformation",2016-06-30,2,0,0.000778619409745794,2016-03-31,-0.00999549769479913
"marginal + trimestriels","Électricité, gaz, eau",2016-06-30,5,1,-0.00719009971012766,2016-03-31,-0.017175634556283
"marginal sans trimestriels","Électricité, gaz, eau",2016-06-30,4,0,0.00224378522270249,2016-03-31,-0.017175634556283
"conditionnel + trimestriels","Électricité, gaz, eau",2016-06-30,2,0,-0.0171328216608305,2016-03-31,-0.017175634556283
"conditionnel sans trimestriels","Électricité, gaz, eau",2016-06-30,2,0,-0.0171328216608305,2016-03-31,-0.017175634556283
"marginal + trimestriels","Construction",2016-06-30,0,0,,,-0.00501930687227414
"marginal sans trimestriels","Construction",2016-06-30,0,0,,,-0.00501930687227414
"conditionnel + trimestriels","Construction",2016-06-30,0,0,,,-0.00501930687227414
"conditionnel sans trimestriels","Construction",2016-06-30,0,0,,,-0.00501930687227414
"marginal + trimestriels","Commerce",2016-06-30,4,1,0.00531372555818417,2016-03-31,0.0133516373977667
"marginal sans trimestriels","Commerce",2016-06-30,3,0,0.00551868123057287,2016-03-31,0.0133516373977667
"conditionnel + trimestriels","Commerce",2016-06-30,4,0,0.0100868480401395,2016-03-31,0.0133516373977667
"conditionnel sans trimestriels","Commerce",2016-06-30,4,0,0.0100868480401395,2016-03-31,0.0133516373977667
"marginal + trimestriels","Transports",2016-06-30,0,0,,,-0.0304162214184824
"marginal sans trimestriels","Transports",2016-06-30,0,0,,,-0.0304162214184824
"conditionnel + trimestriels","Transports",2016-06-30,0,0,,,-0.0304162214184824
"conditionnel sans trimestriels","Transports",2016-06-30,0,0,,,-0.0304162214184824
"marginal + trimestriels","Hébergement-restauration",2016-06-30,0,0,,,-0.00832824764845164
"marginal sans trimestriels","Hébergement-restauration",2016-06-30,0,0,,,-0.00832824764845164
"conditionnel + trimestriels","Hébergement-restauration",2016-06-30,0,0,,,-0.00832824764845164
"conditionnel sans trimestriels","Hébergement-restauration",2016-06-30,0,0,,,-0.00832824764845164
"marginal + trimestriels","Information-communication",2016-06-30,0,0,,,0.0324311797721624
"marginal sans trimestriels","Information-communication",2016-06-30,0,0,,,0.0324311797721624
"conditionnel + trimestriels","Information-communication",2016-06-30,0,0,,,0.0324311797721624
"conditionnel sans trimestriels","Information-communication",2016-06-30,0,0,,,0.0324311797721624
"marginal + trimestriels","Finances et assurances",2016-06-30,5,0,0.0108997856671717,2016-03-31,0.0132480316692885
"marginal sans trimestriels","Finances et assurances",2016-06-30,5,0,0.0108997856671717,2016-03-31,0.0132480316692885
"conditionnel + trimestriels","Finances et assurances",2016-06-30,3,0,0.0107926633758686,2016-03-31,0.0132480316692885
"conditionnel sans trimestriels","Finances et assurances",2016-06-30,3,0,0.0107926633758686,2016-03-31,0.0132480316692885
"marginal + trimestriels","Immobilier",2016-06-30,1,0,0.00901808656001495,2016-03-31,0.00642440146184065
"marginal sans trimestriels","Immobilier",2016-06-30,1,0,0.00901808656001495,2016-03-31,0.00642440146184065
"conditionnel + trimestriels","Immobilier",2016-06-30,1,0,0.00901808656001495,2016-03-31,0.00642440146184065
"conditionnel sans trimestriels","Immobilier",2016-06-30,1,0,0.00901808656001495,2016-03-31,0.00642440146184065
"marginal + trimestriels","Agriculture",2016-09-30,1,1,-0.00116751014110707,2016-06-30,0.0239103237598961
"marginal sans trimestriels","Agriculture",2016-09-30,0,0,,,0.0239103237598961
"conditionnel + trimestriels","Agriculture",2016-09-30,1,1,-0.00116751014110707,2016-06-30,0.0239103237598961
"conditionnel sans trimestriels","Agriculture",2016-09-30,0,0,,,0.0239103237598961
"marginal + trimestriels","Pêche",2016-09-30,1,1,0.0632949114102163,2016-06-30,-0.0707389562407208
"marginal sans trimestriels","Pêche",2016-09-30,0,0,,,-0.0707389562407208
"conditionnel + trimestriels","Pêche",2016-09-30,2,2,0.0522447851593534,2016-06-30,-0.0707389562407208
"conditionnel sans trimestriels","Pêche",2016-09-30,0,0,,,-0.0707389562407208
"marginal + trimestriels","Industrie d'extraction",2016-09-30,0,0,,,0.0218474503756241
"marginal sans trimestriels","Industrie d'extraction",2016-09-30,0,0,,,0.0218474503756241
"conditionnel + trimestriels","Industrie d'extraction",2016-09-30,0,0,,,0.0218474503756241
"conditionnel sans trimestriels","Industrie d'extraction",2016-09-30,0,0,,,0.0218474503756241
"marginal + trimestriels","Industrie de transformation",2016-09-30,5,0,-0.000350492951565903,2016-06-30,0.0228243332255111
"marginal sans trimestriels","Industrie de transformation",2016-09-30,5,0,-0.000350492951565903,2016-06-30,0.0228243332255111
"conditionnel + trimestriels","Industrie de transformation",2016-09-30,5,1,-0.00313694030211832,2016-06-30,0.0228243332255111
"conditionnel sans trimestriels","Industrie de transformation",2016-09-30,4,0,0.0028800245937406,2016-06-30,0.0228243332255111
"marginal + trimestriels","Électricité, gaz, eau",2016-09-30,5,1,-0.00182580823338169,2016-06-30,0.0711460023338066
"marginal sans trimestriels","Électricité, gaz, eau",2016-09-30,4,0,0.00867319830023176,2016-06-30,0.0711460023338066
"conditionnel + trimestriels","Électricité, gaz, eau",2016-09-30,3,0,0.0109512354443898,2016-06-30,0.0711460023338066
"conditionnel sans trimestriels","Électricité, gaz, eau",2016-09-30,3,0,0.0109512354443898,2016-06-30,0.0711460023338066
"marginal + trimestriels","Construction",2016-09-30,0,0,,,-0.00562759321653061
"marginal sans trimestriels","Construction",2016-09-30,0,0,,,-0.00562759321653061
"conditionnel + trimestriels","Construction",2016-09-30,0,0,,,-0.00562759321653061
"conditionnel sans trimestriels","Construction",2016-09-30,0,0,,,-0.00562759321653061
"marginal + trimestriels","Commerce",2016-09-30,4,1,0.0213022656988235,2016-06-30,0.0267524972525734
"marginal sans trimestriels","Commerce",2016-09-30,3,0,0.0194788204242149,2016-06-30,0.0267524972525734
"conditionnel + trimestriels","Commerce",2016-09-30,4,0,0.0338087811617,2016-06-30,0.0267524972525734
"conditionnel sans trimestriels","Commerce",2016-09-30,4,0,0.0338087811617,2016-06-30,0.0267524972525734
"marginal + trimestriels","Transports",2016-09-30,0,0,,,0.0405851512318183
"marginal sans trimestriels","Transports",2016-09-30,0,0,,,0.0405851512318183
"conditionnel + trimestriels","Transports",2016-09-30,0,0,,,0.0405851512318183
"conditionnel sans trimestriels","Transports",2016-09-30,0,0,,,0.0405851512318183
"marginal + trimestriels","Hébergement-restauration",2016-09-30,0,0,,,0.0560471819745558
"marginal sans trimestriels","Hébergement-restauration",2016-09-30,0,0,,,0.0560471819745558
"conditionnel + trimestriels","Hébergement-restauration",2016-09-30,0,0,,,0.0560471819745558
"conditionnel sans trimestriels","Hébergement-restauration",2016-09-30,0,0,,,0.0560471819745558
"marginal + trimestriels","Information-communication",2016-09-30,1,1,0.00145538147633673,2016-06-30,0.0156993215704908
"marginal sans trimestriels","Information-communication",2016-09-30,0,0,,,0.0156993215704908
"conditionnel + trimestriels","Information-communication",2016-09-30,2,2,-0.0469718476198564,2016-06-30,0.0156993215704908
"conditionnel sans trimestriels","Information-communication",2016-09-30,0,0,,,0.0156993215704908
"marginal + trimestriels","Finances et assurances",2016-09-30,5,0,0.0089905211639972,2016-06-30,0.0406230501366736
"marginal sans trimestriels","Finances et assurances",2016-09-30,5,0,0.0089905211639972,2016-06-30,0.0406230501366736
"conditionnel + trimestriels","Finances et assurances",2016-09-30,3,0,0.00684816580129229,2016-06-30,0.0406230501366736
"conditionnel sans trimestriels","Finances et assurances",2016-09-30,3,0,0.00684816580129229,2016-06-30,0.0406230501366736
"marginal + trimestriels","Immobilier",2016-09-30,1,0,0.0084157503421744,2016-06-30,0.00538883523628364
"marginal sans trimestriels","Immobilier",2016-09-30,1,0,0.0084157503421744,2016-06-30,0.00538883523628364
"conditionnel + trimestriels","Immobilier",2016-09-30,1,0,0.0084157503421744,2016-06-30,0.00538883523628364
"conditionnel sans trimestriels","Immobilier",2016-09-30,1,0,0.0084157503421744,2016-06-30,0.00538883523628364
"marginal + trimestriels","Agriculture",2016-12-31,1,1,0.00526750673345059,2016-09-30,0.00479642186034113
"marginal sans trimestriels","Agriculture",2016-12-31,0,0,,,0.00479642186034113
"conditionnel + trimestriels","Agriculture",2016-12-31,1,1,0.00526750673345059,2016-09-30,0.00479642186034113
"conditionnel sans trimestriels","Agriculture",2016-12-31,0,0,,,0.00479642186034113
"marginal + trimestriels","Pêche",2016-12-31,2,2,0.058033006285019,2016-09-30,0.100756292896915
"marginal sans trimestriels","Pêche",2016-12-31,0,0,,,0.100756292896915
"conditionnel + trimestriels","Pêche",2016-12-31,2,2,0.058033006285019,2016-09-30,0.100756292896915
"conditionnel sans trimestriels","Pêche",2016-12-31,0,0,,,0.100756292896915
"marginal + trimestriels","Industrie d'extraction",2016-12-31,0,0,,,0.025849664713844
"marginal sans trimestriels","Industrie d'extraction",2016-12-31,0,0,,,0.025849664713844
"conditionnel + trimestriels","Industrie d'extraction",2016-12-31,0,0,,,0.025849664713844
"conditionnel sans trimestriels","Industrie d'extraction",2016-12-31,0,0,,,0.025849664713844
"marginal + trimestriels","Industrie de transformation",2016-12-31,5,0,0.00840724015556569,2016-09-30,0.0116788252925897
"marginal sans trimestriels","Industrie de transformation",2016-12-31,5,0,0.00840724015556569,2016-09-30,0.0116788252925897
"conditionnel + trimestriels","Industrie de transformation",2016-12-31,4,1,0.00283811970647956,2016-09-30,0.0116788252925897
"conditionnel sans trimestriels","Industrie de transformation",2016-12-31,4,0,0.0045559653386181,2016-09-30,0.0116788252925897
"marginal + trimestriels","Électricité, gaz, eau",2016-12-31,5,1,0.0198971845341001,2016-09-30,-0.0359660643263187
"marginal sans trimestriels","Électricité, gaz, eau",2016-12-31,5,0,0.00202504848225445,2016-09-30,-0.0359660643263187
"conditionnel + trimestriels","Électricité, gaz, eau",2016-12-31,3,0,-0.0187844458262417,2016-03-31,-0.0359660643263187
"conditionnel sans trimestriels","Électricité, gaz, eau",2016-12-31,3,0,-0.0187844458262417,2016-03-31,-0.0359660643263187
"marginal + trimestriels","Construction",2016-12-31,0,0,,,-0.0052620417260254
"marginal sans trimestriels","Construction",2016-12-31,0,0,,,-0.0052620417260254
"conditionnel + trimestriels","Construction",2016-12-31,0,0,,,-0.0052620417260254
"conditionnel sans trimestriels","Construction",2016-12-31,0,0,,,-0.0052620417260254
"marginal + trimestriels","Commerce",2016-12-31,5,1,-0.0238704338131333,2016-09-30,0.0309847865136277
"marginal sans trimestriels","Commerce",2016-12-31,4,0,-0.0197765890445728,2016-09-30,0.0309847865136277
"conditionnel + trimestriels","Commerce",2016-12-31,4,0,-0.0249915984594184,2016-09-30,0.0309847865136277
"conditionnel sans trimestriels","Commerce",2016-12-31,4,0,-0.0249915984594184,2016-09-30,0.0309847865136277
"marginal + trimestriels","Transports",2016-12-31,0,0,,,-0.000806231998783602
"marginal sans trimestriels","Transports",2016-12-31,0,0,,,-0.000806231998783602
"conditionnel + trimestriels","Transports",2016-12-31,0,0,,,-0.000806231998783602
"conditionnel sans trimestriels","Transports",2016-12-31,0,0,,,-0.000806231998783602
"marginal + trimestriels","Hébergement-restauration",2016-12-31,0,0,,,0.0195963775895027
"marginal sans trimestriels","Hébergement-restauration",2016-12-31,0,0,,,0.0195963775895027
"conditionnel + trimestriels","Hébergement-restauration",2016-12-31,0,0,,,0.0195963775895027
"conditionnel sans trimestriels","Hébergement-restauration",2016-12-31,0,0,,,0.0195963775895027
"marginal + trimestriels","Information-communication",2016-12-31,1,1,0.0411884541974138,2016-09-30,0.0119540679681371
"marginal sans trimestriels","Information-communication",2016-12-31,0,0,,,0.0119540679681371
"conditionnel + trimestriels","Information-communication",2016-12-31,2,2,0.0511239720306578,2016-09-30,0.0119540679681371
"conditionnel sans trimestriels","Information-communication",2016-12-31,0,0,,,0.0119540679681371
"marginal + trimestriels","Finances et assurances",2016-12-31,5,0,0.0152318917276414,2016-09-30,-0.0101673768515305
"marginal sans trimestriels","Finances et assurances",2016-12-31,5,0,0.0152318917276414,2016-09-30,-0.0101673768515305
"conditionnel + trimestriels","Finances et assurances",2016-12-31,2,0,0.0139604935816357,2016-09-30,-0.0101673768515305
"conditionnel sans trimestriels","Finances et assurances",2016-12-31,2,0,0.0139604935816357,2016-09-30,-0.0101673768515305
"marginal + trimestriels","Immobilier",2016-12-31,1,0,0.00707700323361388,2016-09-30,0.00381329164235744
"marginal sans trimestriels","Immobilier",2016-12-31,1,0,0.00707700323361388,2016-09-30,0.00381329164235744
"conditionnel + trimestriels","Immobilier",2016-12-31,1,0,0.00707700323361388,2016-09-30,0.00381329164235744
"conditionnel sans trimestriels","Immobilier",2016-12-31,1,0,0.00707700323361388,2016-09-30,0.00381329164235744
"marginal + trimestriels","Agriculture",2017-03-31,1,1,-0.0321856648840439,2016-12-31,0.156411418832823
"marginal sans trimestriels","Agriculture",2017-03-31,0,0,,,0.156411418832823
"conditionnel + trimestriels","Agriculture",2017-03-31,1,1,-0.0321856648840439,2016-12-31,0.156411418832823
"conditionnel sans trimestriels","Agriculture",2017-03-31,0,0,,,0.156411418832823
"marginal + trimestriels","Pêche",2017-03-31,2,2,0.0425558610068025,2016-12-31,-0.0981301116583815
"marginal sans trimestriels","Pêche",2017-03-31,0,0,,,-0.0981301116583815
"conditionnel + trimestriels","Pêche",2017-03-31,2,2,0.0425558610068026,2016-12-31,-0.0981301116583815
"conditionnel sans trimestriels","Pêche",2017-03-31,0,0,,,-0.0981301116583815
"marginal + trimestriels","Industrie d'extraction",2017-03-31,0,0,,,0.0185128254497453
"marginal sans trimestriels","Industrie d'extraction",2017-03-31,0,0,,,0.0185128254497453
"conditionnel + trimestriels","Industrie d'extraction",2017-03-31,0,0,,,0.0185128254497453
"conditionnel sans trimestriels","Industrie d'extraction",2017-03-31,0,0,,,0.0185128254497453
"marginal + trimestriels","Industrie de transformation",2017-03-31,5,0,0.000313364237150015,2016-12-31,0.00953178833632684
"marginal sans trimestriels","Industrie de transformation",2017-03-31,5,0,0.000313364237150015,2016-12-31,0.00953178833632684
"conditionnel + trimestriels","Industrie de transformation",2017-03-31,4,1,0.0205852161879824,2016-12-31,0.00953178833632684
"conditionnel sans trimestriels","Industrie de transformation",2017-03-31,4,0,0.0134977800321185,2016-12-31,0.00953178833632684
"marginal + trimestriels","Électricité, gaz, eau",2017-03-31,5,1,-0.00491723936692832,2016-12-31,-0.00716286993772819
"marginal sans trimestriels","Électricité, gaz, eau",2017-03-31,5,0,-0.017611871119393,2016-12-31,-0.00716286993772819
"conditionnel + trimestriels","Électricité, gaz, eau",2017-03-31,3,0,-0.0220771600993607,2016-12-31,-0.00716286993772819
"conditionnel sans trimestriels","Électricité, gaz, eau",2017-03-31,3,0,-0.0220771600993607,2016-12-31,-0.00716286993772819
"marginal + trimestriels","Construction",2017-03-31,1,1,0.00385028176080414,2016-12-31,0.0132064022878779
"marginal sans trimestriels","Construction",2017-03-31,0,0,,,0.0132064022878779
"conditionnel + trimestriels","Construction",2017-03-31,0,0,,,0.0132064022878779
"conditionnel sans trimestriels","Construction",2017-03-31,0,0,,,0.0132064022878779
"marginal + trimestriels","Commerce",2017-03-31,5,1,0.00506498798242062,2016-12-31,0.00917546195855401
"marginal sans trimestriels","Commerce",2017-03-31,4,0,0.00895667657656236,2016-12-31,0.00917546195855401
"conditionnel + trimestriels","Commerce",2017-03-31,1,0,0.00562334772288639,2016-12-31,0.00917546195855401
"conditionnel sans trimestriels","Commerce",2017-03-31,1,0,0.00562334772288639,2016-12-31,0.00917546195855401
"marginal + trimestriels","Transports",2017-03-31,0,0,,,0.00525061131594917
"marginal sans trimestriels","Transports",2017-03-31,0,0,,,0.00525061131594917
"conditionnel + trimestriels","Transports",2017-03-31,0,0,,,0.00525061131594917
"conditionnel sans trimestriels","Transports",2017-03-31,0,0,,,0.00525061131594917
"marginal + trimestriels","Hébergement-restauration",2017-03-31,0,0,,,0.0277996430464089
"marginal sans trimestriels","Hébergement-restauration",2017-03-31,0,0,,,0.0277996430464089
"conditionnel + trimestriels","Hébergement-restauration",2017-03-31,0,0,,,0.0277996430464089
"conditionnel sans trimestriels","Hébergement-restauration",2017-03-31,0,0,,,0.0277996430464089
"marginal + trimestriels","Information-communication",2017-03-31,0,0,,,-0.074924310117952
"marginal sans trimestriels","Information-communication",2017-03-31,0,0,,,-0.074924310117952
"conditionnel + trimestriels","Information-communication",2017-03-31,0,0,,,-0.074924310117952
"conditionnel sans trimestriels","Information-communication",2017-03-31,0,0,,,-0.074924310117952
"marginal + trimestriels","Finances et assurances",2017-03-31,5,0,-0.00189879382444303,2016-12-31,0.00552692213443429
"marginal sans trimestriels","Finances et assurances",2017-03-31,5,0,-0.00189879382444303,2016-12-31,0.00552692213443429
"conditionnel + trimestriels","Finances et assurances",2017-03-31,2,0,0.00559240700088965,2016-12-31,0.00552692213443429
"conditionnel sans trimestriels","Finances et assurances",2017-03-31,2,0,0.00559240700088965,2016-12-31,0.00552692213443429
"marginal + trimestriels","Immobilier",2017-03-31,1,0,0.00769638623037464,2016-12-31,0.000111312238896488
"marginal sans trimestriels","Immobilier",2017-03-31,1,0,0.00769638623037464,2016-12-31,0.000111312238896488
"conditionnel + trimestriels","Immobilier",2017-03-31,1,0,0.00769638623037464,2016-12-31,0.000111312238896488
"conditionnel sans trimestriels","Immobilier",2017-03-31,1,0,0.00769638623037464,2016-12-31,0.000111312238896488
"marginal + trimestriels","Agriculture",2017-06-30,0,0,,,0.031215998995707
"marginal sans trimestriels","Agriculture",2017-06-30,0,0,,,0.031215998995707
"conditionnel + trimestriels","Agriculture",2017-06-30,0,0,,,0.031215998995707
"conditionnel sans trimestriels","Agriculture",2017-06-30,0,0,,,0.031215998995707
"marginal + trimestriels","Pêche",2017-06-30,2,2,0.0807191453416222,2017-03-31,-0.0199501670707116
"marginal sans trimestriels","Pêche",2017-06-30,0,0,,,-0.0199501670707116
"conditionnel + trimestriels","Pêche",2017-06-30,1,1,0.0878060560196647,2017-03-31,-0.0199501670707116
"conditionnel sans trimestriels","Pêche",2017-06-30,0,0,,,-0.0199501670707116
"marginal + trimestriels","Industrie d'extraction",2017-06-30,0,0,,,0.0955083840143161
"marginal sans trimestriels","Industrie d'extraction",2017-06-30,0,0,,,0.0955083840143161
"conditionnel + trimestriels","Industrie d'extraction",2017-06-30,0,0,,,0.0955083840143161
"conditionnel sans trimestriels","Industrie d'extraction",2017-06-30,0,0,,,0.0955083840143161
"marginal + trimestriels","Industrie de transformation",2017-06-30,5,0,0.00878610950850356,2017-03-31,0.0149267146411702
"marginal sans trimestriels","Industrie de transformation",2017-06-30,5,0,0.00878610950850356,2017-03-31,0.0149267146411702
"conditionnel + trimestriels","Industrie de transformation",2017-06-30,5,1,0.0143360890866459,2017-03-31,0.0149267146411702
"conditionnel sans trimestriels","Industrie de transformation",2017-06-30,4,0,0.0137533160945684,2017-03-31,0.0149267146411702
"marginal + trimestriels","Électricité, gaz, eau",2017-06-30,5,1,-0.0227790623272879,2017-03-31,0.0253000677575166
"marginal sans trimestriels","Électricité, gaz, eau",2017-06-30,5,0,-0.000827607340332777,2017-03-31,0.0253000677575166
"conditionnel + trimestriels","Électricité, gaz, eau",2017-06-30,5,1,-0.0063938663062358,2017-03-31,0.0253000677575166
"conditionnel sans trimestriels","Électricité, gaz, eau",2017-06-30,4,0,0.0199071273137819,2017-03-31,0.0253000677575166
"marginal + trimestriels","Construction",2017-06-30,0,0,,,0.000867405836450175
"marginal sans trimestriels","Construction",2017-06-30,0,0,,,0.000867405836450175
"conditionnel + trimestriels","Construction",2017-06-30,0,0,,,0.000867405836450175
"conditionnel sans trimestriels","Construction",2017-06-30,0,0,,,0.000867405836450175
"marginal + trimestriels","Commerce",2017-06-30,5,1,0.0111914916252458,2017-03-31,-0.00349218376741867
"marginal sans trimestriels","Commerce",2017-06-30,4,0,0.00715077387621957,2017-03-31,-0.00349218376741867
"conditionnel + trimestriels","Commerce",2017-06-30,1,0,0.0140892312024043,2017-03-31,-0.00349218376741867
"conditionnel sans trimestriels","Commerce",2017-06-30,1,0,0.0140892312024043,2017-03-31,-0.00349218376741867
"marginal + trimestriels","Transports",2017-06-30,0,0,,,-0.00885390403460029
"marginal sans trimestriels","Transports",2017-06-30,0,0,,,-0.00885390403460029
"conditionnel + trimestriels","Transports",2017-06-30,0,0,,,-0.00885390403460029
"conditionnel sans trimestriels","Transports",2017-06-30,0,0,,,-0.00885390403460029
"marginal + trimestriels","Hébergement-restauration",2017-06-30,0,0,,,0.0278215922434324
"marginal sans trimestriels","Hébergement-restauration",2017-06-30,0,0,,,0.0278215922434324
"conditionnel + trimestriels","Hébergement-restauration",2017-06-30,0,0,,,0.0278215922434324
"conditionnel sans trimestriels","Hébergement-restauration",2017-06-30,0,0,,,0.0278215922434324
"marginal + trimestriels","Information-communication",2017-06-30,1,1,0.017437057093217,2017-03-31,0.0264960645184544
"marginal sans trimestriels","Information-communication",2017-06-30,0,0,,,0.0264960645184544
"conditionnel + trimestriels","Information-communication",2017-06-30,1,1,0.017437057093217,2017-03-31,0.0264960645184544
"conditionnel sans trimestriels","Information-communication",2017-06-30,0,0,,,0.0264960645184544
"marginal + trimestriels","Finances et assurances",2017-06-30,5,0,0.0173822960267603,2017-03-31,0.0236163865511507
"marginal sans trimestriels","Finances et assurances",2017-06-30,5,0,0.0173822960267603,2017-03-31,0.0236163865511507
"conditionnel + trimestriels","Finances et assurances",2017-06-30,2,0,0.019557005368626,2017-03-31,0.0236163865511507
"conditionnel sans trimestriels","Finances et assurances",2017-06-30,2,0,0.019557005368626,2017-03-31,0.0236163865511507
"marginal + trimestriels","Immobilier",2017-06-30,1,0,0.00644429224031751,2017-03-31,0.00532846857096558
"marginal sans trimestriels","Immobilier",2017-06-30,1,0,0.00644429224031751,2017-03-31,0.00532846857096558
"conditionnel + trimestriels","Immobilier",2017-06-30,1,0,0.00644429224031751,2017-03-31,0.00532846857096558
"conditionnel sans trimestriels","Immobilier",2017-06-30,1,0,0.00644429224031751,2017-03-31,0.00532846857096558
"marginal + trimestriels","Agriculture",2017-09-30,0,0,,,-0.001589953838673
"marginal sans trimestriels","Agriculture",2017-09-30,0,0,,,-0.001589953838673
"conditionnel + trimestriels","Agriculture",2017-09-30,0,0,,,-0.001589953838673
"conditionnel sans trimestriels","Agriculture",2017-09-30,0,0,,,-0.001589953838673
"marginal + trimestriels","Pêche",2017-09-30,2,2,0.0322053440852315,2017-06-30,0.0209332096664658
"marginal sans trimestriels","Pêche",2017-09-30,0,0,,,0.0209332096664658
"conditionnel + trimestriels","Pêche",2017-09-30,1,1,0.0385721702284827,2017-06-30,0.0209332096664658
"conditionnel sans trimestriels","Pêche",2017-09-30,0,0,,,0.0209332096664658
"marginal + trimestriels","Industrie d'extraction",2017-09-30,0,0,,,-0.0311769033996843
"marginal sans trimestriels","Industrie d'extraction",2017-09-30,0,0,,,-0.0311769033996843
"conditionnel + trimestriels","Industrie d'extraction",2017-09-30,0,0,,,-0.0311769033996843
"conditionnel sans trimestriels","Industrie d'extraction",2017-09-30,0,0,,,-0.0311769033996843
"marginal + trimestriels","Industrie de transformation",2017-09-30,5,0,0.0161479230499145,2017-06-30,-0.0114616897126858
"marginal sans trimestriels","Industrie de transformation",2017-09-30,5,0,0.0161479230499145,2017-06-30,-0.0114616897126858
"conditionnel + trimestriels","Industrie de transformation",2017-09-30,5,1,0.025808037737685,2017-06-30,-0.0114616897126858
"conditionnel sans trimestriels","Industrie de transformation",2017-09-30,4,0,0.0251389849715428,2017-06-30,-0.0114616897126858
"marginal + trimestriels","Électricité, gaz, eau",2017-09-30,5,1,-0.0180218441488593,2017-06-30,0.0048164662893857
"marginal sans trimestriels","Électricité, gaz, eau",2017-09-30,5,0,-0.000350282126681492,2017-06-30,0.0048164662893857
"conditionnel + trimestriels","Électricité, gaz, eau",2017-09-30,5,1,0.0241768207817854,2017-06-30,0.0048164662893857
"conditionnel sans trimestriels","Électricité, gaz, eau",2017-09-30,4,0,0.0161353345453144,2017-06-30,0.0048164662893857
"marginal + trimestriels","Construction",2017-09-30,0,0,,,0.017936616006887
"marginal sans trimestriels","Construction",2017-09-30,0,0,,,0.017936616006887
"conditionnel + trimestriels","Construction",2017-09-30,0,0,,,0.017936616006887
"conditionnel sans trimestriels","Construction",2017-09-30,0,0,,,0.017936616006887
"marginal + trimestriels","Commerce",2017-09-30,5,1,0.00314917679403743,2017-06-30,-0.0111426180419461
"marginal sans trimestriels","Commerce",2017-09-30,4,0,0.004593020367313,2017-06-30,-0.0111426180419461
"conditionnel + trimestriels","Commerce",2017-09-30,1,0,0.00549129776984017,2017-06-30,-0.0111426180419461
"conditionnel sans trimestriels","Commerce",2017-09-30,1,0,0.00549129776984017,2017-06-30,-0.0111426180419461
"marginal + trimestriels","Transports",2017-09-30,0,0,,,0.00323264375167831
"marginal sans trimestriels","Transports",2017-09-30,0,0,,,0.00323264375167831
"conditionnel + trimestriels","Transports",2017-09-30,0,0,,,0.00323264375167831
"conditionnel sans trimestriels","Transports",2017-09-30,0,0,,,0.00323264375167831
"marginal + trimestriels","Hébergement-restauration",2017-09-30,0,0,,,0.0102951493030083
"marginal sans trimestriels","Hébergement-restauration",2017-09-30,0,0,,,0.0102951493030083
"conditionnel + trimestriels","Hébergement-restauration",2017-09-30,0,0,,,0.0102951493030083
"conditionnel sans trimestriels","Hébergement-restauration",2017-09-30,0,0,,,0.0102951493030083
"marginal + trimestriels","Information-communication",2017-09-30,1,1,0.0162006815787177,2017-06-30,0.0150230359818178
"marginal sans trimestriels","Information-communication",2017-09-30,0,0,,,0.0150230359818178
"conditionnel + trimestriels","Information-communication",2017-09-30,1,1,0.0162006815787177,2017-06-30,0.0150230359818178
"conditionnel sans trimestriels","Information-communication",2017-09-30,0,0,,,0.0150230359818178
"marginal + trimestriels","Finances et assurances",2017-09-30,5,0,0.0072312316793639,2017-06-30,-0.00152331413688955
"marginal sans trimestriels","Finances et assurances",2017-09-30,5,0,0.0072312316793639,2017-06-30,-0.00152331413688955
"conditionnel + trimestriels","Finances et assurances",2017-09-30,2,0,0.0115506616940238,2017-06-30,-0.00152331413688955
"conditionnel sans trimestriels","Finances et assurances",2017-09-30,2,0,0.0115506616940238,2017-06-30,-0.00152331413688955
"marginal + trimestriels","Immobilier",2017-09-30,1,0,0.00788686911430022,2017-06-30,0.00538413091038592
"marginal sans trimestriels","Immobilier",2017-09-30,1,0,0.00788686911430022,2017-06-30,0.00538413091038592
"conditionnel + trimestriels","Immobilier",2017-09-30,1,0,0.00788686911430022,2017-06-30,0.00538413091038592
"conditionnel sans trimestriels","Immobilier",2017-09-30,1,0,0.00788686911430022,2017-06-30,0.00538413091038592
"marginal + trimestriels","Agriculture",2017-12-31,0,0,,,-0.00572029123758178
"marginal sans trimestriels","Agriculture",2017-12-31,0,0,,,-0.00572029123758178
"conditionnel + trimestriels","Agriculture",2017-12-31,0,0,,,-0.00572029123758178
"conditionnel sans trimestriels","Agriculture",2017-12-31,0,0,,,-0.00572029123758178
"marginal + trimestriels","Pêche",2017-12-31,2,2,0.0189142195743181,2017-09-30,-0.0659095853471712
"marginal sans trimestriels","Pêche",2017-12-31,0,0,,,-0.0659095853471712
"conditionnel + trimestriels","Pêche",2017-12-31,1,1,0.0154145388778321,2017-09-30,-0.0659095853471712
"conditionnel sans trimestriels","Pêche",2017-12-31,0,0,,,-0.0659095853471712
"marginal + trimestriels","Industrie d'extraction",2017-12-31,0,0,,,0.0125783920146532
"marginal sans trimestriels","Industrie d'extraction",2017-12-31,0,0,,,0.0125783920146532
"conditionnel + trimestriels","Industrie d'extraction",2017-12-31,0,0,,,0.0125783920146532
"conditionnel sans trimestriels","Industrie d'extraction",2017-12-31,0,0,,,0.0125783920146532
"marginal + trimestriels","Industrie de transformation",2017-12-31,5,0,0.00838065514543064,2017-09-30,0.00280821148239063
"marginal sans trimestriels","Industrie de transformation",2017-12-31,5,0,0.00838065514543064,2017-09-30,0.00280821148239063
"conditionnel + trimestriels","Industrie de transformation",2017-12-31,4,1,0.00362902619290801,2017-09-30,0.00280821148239063
"conditionnel sans trimestriels","Industrie de transformation",2017-12-31,4,0,0.00557404693734641,2017-09-30,0.00280821148239063
"marginal + trimestriels","Électricité, gaz, eau",2017-12-31,5,1,0.0289740066373416,2017-09-30,0.0387992037287237
"marginal sans trimestriels","Électricité, gaz, eau",2017-12-31,5,0,0.0203033006786355,2017-09-30,0.0387992037287237
"conditionnel + trimestriels","Électricité, gaz, eau",2017-12-31,5,1,-0.0208888174746933,2017-09-30,0.0387992037287237
"conditionnel sans trimestriels","Électricité, gaz, eau",2017-12-31,4,0,0.0263056549702497,2017-09-30,0.0387992037287237
"marginal + trimestriels","Construction",2017-12-31,0,0,,,-0.00784029652175278
"marginal sans trimestriels","Construction",2017-12-31,0,0,,,-0.00784029652175278
"conditionnel + trimestriels","Construction",2017-12-31,0,0,,,-0.00784029652175278
"conditionnel sans trimestriels","Construction",2017-12-31,0,0,,,-0.00784029652175278
"marginal + trimestriels","Commerce",2017-12-31,5,1,0.002838509505627,2017-09-30,0.0160473615406325
"marginal sans trimestriels","Commerce",2017-12-31,4,0,0.00418454396527597,2017-09-30,0.0160473615406325
"conditionnel + trimestriels","Commerce",2017-12-31,1,0,0.0116160369115822,2017-09-30,0.0160473615406325
"conditionnel sans trimestriels","Commerce",2017-12-31,1,0,0.0116160369115822,2017-09-30,0.0160473615406325
"marginal + trimestriels","Transports",2017-12-31,0,0,,,0.00270040887982859
"marginal sans trimestriels","Transports",2017-12-31,0,0,,,0.00270040887982859
"conditionnel + trimestriels","Transports",2017-12-31,0,0,,,0.00270040887982859
"conditionnel sans trimestriels","Transports",2017-12-31,0,0,,,0.00270040887982859
"marginal + trimestriels","Hébergement-restauration",2017-12-31,0,0,,,0.0188149524720291
"marginal sans trimestriels","Hébergement-restauration",2017-12-31,0,0,,,0.0188149524720291
"conditionnel + trimestriels","Hébergement-restauration",2017-12-31,0,0,,,0.0188149524720291
"conditionnel sans trimestriels","Hébergement-restauration",2017-12-31,0,0,,,0.0188149524720291
"marginal + trimestriels","Information-communication",2017-12-31,1,1,0.0159454414742712,2017-09-30,0.00966388766132553
"marginal sans trimestriels","Information-communication",2017-12-31,0,0,,,0.00966388766132553
"conditionnel + trimestriels","Information-communication",2017-12-31,1,1,0.0159454414742712,2017-09-30,0.00966388766132553
"conditionnel sans trimestriels","Information-communication",2017-12-31,0,0,,,0.00966388766132553
"marginal + trimestriels","Finances et assurances",2017-12-31,5,0,0.00724967073854659,2017-09-30,-0.00363516724733692
"marginal sans trimestriels","Finances et assurances",2017-12-31,5,0,0.00724967073854659,2017-09-30,-0.00363516724733692
"conditionnel + trimestriels","Finances et assurances",2017-12-31,3,0,0.00906984979361317,2017-09-30,-0.00363516724733692
"conditionnel sans trimestriels","Finances et assurances",2017-12-31,3,0,0.00906984979361317,2017-09-30,-0.00363516724733692
"marginal + trimestriels","Immobilier",2017-12-31,1,0,0.00787987895197642,2017-09-30,0.00537094450904618
"marginal sans trimestriels","Immobilier",2017-12-31,1,0,0.00787987895197642,2017-09-30,0.00537094450904618
"conditionnel + trimestriels","Immobilier",2017-12-31,1,0,0.00787987895197642,2017-09-30,0.00537094450904618
"conditionnel sans trimestriels","Immobilier",2017-12-31,1,0,0.00787987895197642,2017-09-30,0.00537094450904618
"marginal + trimestriels","Agriculture",2018-03-31,0,0,,,0.033613953651912
"marginal sans trimestriels","Agriculture",2018-03-31,0,0,,,0.033613953651912
"conditionnel + trimestriels","Agriculture",2018-03-31,0,0,,,0.033613953651912
"conditionnel sans trimestriels","Agriculture",2018-03-31,0,0,,,0.033613953651912
"marginal + trimestriels","Pêche",2018-03-31,5,1,0.0238318946779402,2017-12-31,-0.118526708999348
"marginal sans trimestriels","Pêche",2018-03-31,5,0,0.0243289488401041,2017-12-31,-0.118526708999348
"conditionnel + trimestriels","Pêche",2018-03-31,5,0,0.094486299376001,2017-12-31,-0.118526708999348
"conditionnel sans trimestriels","Pêche",2018-03-31,5,0,0.094486299376001,2017-12-31,-0.118526708999348
"marginal + trimestriels","Industrie d'extraction",2018-03-31,0,0,,,-0.0244479675700369
"marginal sans trimestriels","Industrie d'extraction",2018-03-31,0,0,,,-0.0244479675700369
"conditionnel + trimestriels","Industrie d'extraction",2018-03-31,0,0,,,-0.0244479675700369
"conditionnel sans trimestriels","Industrie d'extraction",2018-03-31,0,0,,,-0.0244479675700369
"marginal + trimestriels","Industrie de transformation",2018-03-31,5,0,0.00613221691380884,2017-12-31,0.0234087617899217
"marginal sans trimestriels","Industrie de transformation",2018-03-31,5,0,0.00613221691380884,2017-12-31,0.0234087617899217
"conditionnel + trimestriels","Industrie de transformation",2018-03-31,4,1,0.0090589898213111,2017-12-31,0.0234087617899217
"conditionnel sans trimestriels","Industrie de transformation",2018-03-31,4,0,0.0111220594008307,2017-12-31,0.0234087617899217
"marginal + trimestriels","Électricité, gaz, eau",2018-03-31,5,1,-0.00449381194480493,2017-12-31,0.0223262968366722
"marginal sans trimestriels","Électricité, gaz, eau",2018-03-31,5,0,0.0110453010133907,2017-12-31,0.0223262968366722
"conditionnel + trimestriels","Électricité, gaz, eau",2018-03-31,4,0,-0.00214409756666142,2017-12-31,0.0223262968366722
"conditionnel sans trimestriels","Électricité, gaz, eau",2018-03-31,4,0,-0.00214409756666142,2017-12-31,0.0223262968366722
"marginal + trimestriels","Construction",2018-03-31,0,0,,,0.026272471549829
"marginal sans trimestriels","Construction",2018-03-31,0,0,,,0.026272471549829
"conditionnel + trimestriels","Construction",2018-03-31,0,0,,,0.026272471549829
"conditionnel sans trimestriels","Construction",2018-03-31,0,0,,,0.026272471549829
"marginal + trimestriels","Commerce",2018-03-31,5,1,0.00717305479043686,2017-12-31,-0.0230462931639384
"marginal sans trimestriels","Commerce",2018-03-31,4,0,0.00586923117128342,2017-12-31,-0.0230462931639384
"conditionnel + trimestriels","Commerce",2018-03-31,1,0,0.000528283750672393,2017-12-31,-0.0230462931639384
"conditionnel sans trimestriels","Commerce",2018-03-31,1,0,0.000528283750672393,2017-12-31,-0.0230462931639384
"marginal + trimestriels","Transports",2018-03-31,0,0,,,-0.00771766276284147
"marginal sans trimestriels","Transports",2018-03-31,0,0,,,-0.00771766276284147
"conditionnel + trimestriels","Transports",2018-03-31,0,0,,,-0.00771766276284147
"conditionnel sans trimestriels","Transports",2018-03-31,0,0,,,-0.00771766276284147
"marginal + trimestriels","Hébergement-restauration",2018-03-31,0,0,,,0.0248370780464207
"marginal sans trimestriels","Hébergement-restauration",2018-03-31,0,0,,,0.0248370780464207
"conditionnel + trimestriels","Hébergement-restauration",2018-03-31,0,0,,,0.0248370780464207
"conditionnel sans trimestriels","Hébergement-restauration",2018-03-31,0,0,,,0.0248370780464207
"marginal + trimestriels","Information-communication",2018-03-31,1,1,0.0154905323816245,2017-12-31,-0.010365531714644
"marginal sans trimestriels","Information-communication",2018-03-31,0,0,,,-0.010365531714644
"conditionnel + trimestriels","Information-communication",2018-03-31,1,1,0.0154905323816245,2017-12-31,-0.010365531714644
"conditionnel sans trimestriels","Information-communication",2018-03-31,0,0,,,-0.010365531714644
"marginal + trimestriels","Finances et assurances",2018-03-31,5,0,-0.00153927522042797,2017-12-31,0.0129764503213643
"marginal sans trimestriels","Finances et assurances",2018-03-31,5,0,-0.00153927522042797,2017-12-31,0.0129764503213643
"conditionnel + trimestriels","Finances et assurances",2018-03-31,2,0,-0.00177589131824,2017-12-31,0.0129764503213643
"conditionnel sans trimestriels","Finances et assurances",2018-03-31,2,0,-0.00177589131824,2017-12-31,0.0129764503213643
"marginal + trimestriels","Immobilier",2018-03-31,1,0,0.006875427382076,2017-12-31,0.0139842136362436
"marginal sans trimestriels","Immobilier",2018-03-31,1,0,0.006875427382076,2017-12-31,0.0139842136362436
"conditionnel + trimestriels","Immobilier",2018-03-31,1,0,0.006875427382076,2017-12-31,0.0139842136362436
"conditionnel sans trimestriels","Immobilier",2018-03-31,1,0,0.006875427382076,2017-12-31,0.0139842136362436
"marginal + trimestriels","Agriculture",2018-06-30,0,0,,,0.0315396357748075
"marginal sans trimestriels","Agriculture",2018-06-30,0,0,,,0.0315396357748075
"conditionnel + trimestriels","Agriculture",2018-06-30,0,0,,,0.0315396357748075
"conditionnel sans trimestriels","Agriculture",2018-06-30,0,0,,,0.0315396357748075
"marginal + trimestriels","Pêche",2018-06-30,5,1,0.0285903000350324,2018-03-31,0.0565619820165848
"marginal sans trimestriels","Pêche",2018-06-30,5,0,0.0609595223651259,2018-03-31,0.0565619820165848
"conditionnel + trimestriels","Pêche",2018-06-30,5,0,-0.0375289161158432,2018-03-31,0.0565619820165848
"conditionnel sans trimestriels","Pêche",2018-06-30,5,0,-0.0375289161158432,2018-03-31,0.0565619820165848
"marginal + trimestriels","Industrie d'extraction",2018-06-30,0,0,,,0.0081793613697414
"marginal sans trimestriels","Industrie d'extraction",2018-06-30,0,0,,,0.0081793613697414
"conditionnel + trimestriels","Industrie d'extraction",2018-06-30,0,0,,,0.0081793613697414
"conditionnel sans trimestriels","Industrie d'extraction",2018-06-30,0,0,,,0.0081793613697414
"marginal + trimestriels","Industrie de transformation",2018-06-30,5,0,0.00219041868795968,2018-03-31,-0.00382899876597698
"marginal sans trimestriels","Industrie de transformation",2018-06-30,5,0,0.00219041868795968,2018-03-31,-0.00382899876597698
"conditionnel + trimestriels","Industrie de transformation",2018-06-30,5,1,0.00266303756770866,2018-03-31,-0.00382899876597698
"conditionnel sans trimestriels","Industrie de transformation",2018-06-30,4,0,0.00639128581540849,2018-03-31,-0.00382899876597698
"marginal + trimestriels","Électricité, gaz, eau",2018-06-30,5,1,0.0102389932403957,2018-03-31,-0.016153880771169
"marginal sans trimestriels","Électricité, gaz, eau",2018-06-30,5,0,0.0519521610469026,2018-03-31,-0.016153880771169
"conditionnel + trimestriels","Électricité, gaz, eau",2018-06-30,4,0,0.0674559802244234,2018-03-31,-0.016153880771169
"conditionnel sans trimestriels","Électricité, gaz, eau",2018-06-30,4,0,0.0674559802244234,2018-03-31,-0.016153880771169
"marginal + trimestriels","Construction",2018-06-30,0,0,,,0.00736116363280281
"marginal sans trimestriels","Construction",2018-06-30,0,0,,,0.00736116363280281
"conditionnel + trimestriels","Construction",2018-06-30,0,0,,,0.00736116363280281
"conditionnel sans trimestriels","Construction",2018-06-30,0,0,,,0.00736116363280281
"marginal + trimestriels","Commerce",2018-06-30,5,1,0.012531549023664,2018-03-31,0.00870212621648037
"marginal sans trimestriels","Commerce",2018-06-30,4,0,0.00838684883578755,2018-03-31,0.00870212621648037
"conditionnel + trimestriels","Commerce",2018-06-30,1,0,0.0173130090822316,2018-03-31,0.00870212621648037
"conditionnel sans trimestriels","Commerce",2018-06-30,1,0,0.0173130090822316,2018-03-31,0.00870212621648037
"marginal + trimestriels","Transports",2018-06-30,0,0,,,0.0381116237789918
"marginal sans trimestriels","Transports",2018-06-30,0,0,,,0.0381116237789918
"conditionnel + trimestriels","Transports",2018-06-30,0,0,,,0.0381116237789918
"conditionnel sans trimestriels","Transports",2018-06-30,0,0,,,0.0381116237789918
"marginal + trimestriels","Hébergement-restauration",2018-06-30,0,0,,,0.0148534421343882
"marginal sans trimestriels","Hébergement-restauration",2018-06-30,0,0,,,0.0148534421343882
"conditionnel + trimestriels","Hébergement-restauration",2018-06-30,0,0,,,0.0148534421343882
"conditionnel sans trimestriels","Hébergement-restauration",2018-06-30,0,0,,,0.0148534421343882
"marginal + trimestriels","Information-communication",2018-06-30,1,1,0.0162962088086775,2018-03-31,0.0250131048881688
"marginal sans trimestriels","Information-communication",2018-06-30,0,0,,,0.0250131048881688
"conditionnel + trimestriels","Information-communication",2018-06-30,1,1,0.0162962088086775,2018-03-31,0.0250131048881688
"conditionnel sans trimestriels","Information-communication",2018-06-30,0,0,,,0.0250131048881688
"marginal + trimestriels","Finances et assurances",2018-06-30,5,0,0.0148450802535756,2018-03-31,-0.00435156893570188
"marginal sans trimestriels","Finances et assurances",2018-06-30,5,0,0.0148450802535756,2018-03-31,-0.00435156893570188
"conditionnel + trimestriels","Finances et assurances",2018-06-30,2,0,0.0131626620157154,2018-03-31,-0.00435156893570188
"conditionnel sans trimestriels","Finances et assurances",2018-06-30,2,0,0.0131626620157154,2018-03-31,-0.00435156893570188
"marginal + trimestriels","Immobilier",2018-06-30,1,0,0.00948617174811707,2018-03-31,0.00709820759588098
"marginal sans trimestriels","Immobilier",2018-06-30,1,0,0.00948617174811707,2018-03-31,0.00709820759588098
"conditionnel + trimestriels","Immobilier",2018-06-30,1,0,0.00948617174811707,2018-03-31,0.00709820759588098
"conditionnel sans trimestriels","Immobilier",2018-06-30,1,0,0.00948617174811707,2018-03-31,0.00709820759588098
"marginal + trimestriels","Agriculture",2018-09-30,0,0,,,-0.0076855501979054
"marginal sans trimestriels","Agriculture",2018-09-30,0,0,,,-0.0076855501979054
"conditionnel + trimestriels","Agriculture",2018-09-30,0,0,,,-0.0076855501979054
"conditionnel sans trimestriels","Agriculture",2018-09-30,0,0,,,-0.0076855501979054
"marginal + trimestriels","Pêche",2018-09-30,2,2,-0.103802572505198,2018-06-30,-0.0520428663582821
"marginal sans trimestriels","Pêche",2018-09-30,0,0,,,-0.0520428663582821
"conditionnel + trimestriels","Pêche",2018-09-30,1,1,-0.20040777058287,2018-06-30,-0.0520428663582821
"conditionnel sans trimestriels","Pêche",2018-09-30,0,0,,,-0.0520428663582821
"marginal + trimestriels","Industrie d'extraction",2018-09-30,0,0,,,-0.0117710521370427
"marginal sans trimestriels","Industrie d'extraction",2018-09-30,0,0,,,-0.0117710521370427
"conditionnel + trimestriels","Industrie d'extraction",2018-09-30,0,0,,,-0.0117710521370427
"conditionnel sans trimestriels","Industrie d'extraction",2018-09-30,0,0,,,-0.0117710521370427
"marginal + trimestriels","Industrie de transformation",2018-09-30,5,0,-0.000593257998001252,2018-06-30,0.0197648970716831
"marginal sans trimestriels","Industrie de transformation",2018-09-30,5,0,-0.000593257998001252,2018-06-30,0.0197648970716831
"conditionnel + trimestriels","Industrie de transformation",2018-09-30,3,1,-0.0125497093515,2018-06-30,0.0197648970716831
"conditionnel sans trimestriels","Industrie de transformation",2018-09-30,3,0,-0.00263709048396018,2018-06-30,0.0197648970716831
"marginal + trimestriels","Électricité, gaz, eau",2018-09-30,5,1,-0.00726761519682504,2018-06-30,0.0411974248960654
"marginal sans trimestriels","Électricité, gaz, eau",2018-09-30,4,0,0.000198346621785191,2018-06-30,0.0411974248960654
"conditionnel + trimestriels","Électricité, gaz, eau",2018-09-30,2,1,-0.00401968234945133,2018-06-30,0.0411974248960654
"conditionnel sans trimestriels","Électricité, gaz, eau",2018-09-30,4,0,0.0402621018804961,2018-06-30,0.0411974248960654
"marginal + trimestriels","Construction",2018-09-30,0,0,,,-0.0192666965708348
"marginal sans trimestriels","Construction",2018-09-30,0,0,,,-0.0192666965708348
"conditionnel + trimestriels","Construction",2018-09-30,0,0,,,-0.0192666965708348
"conditionnel sans trimestriels","Construction",2018-09-30,0,0,,,-0.0192666965708348
"marginal + trimestriels","Commerce",2018-09-30,5,1,-0.00340269934438126,2018-06-30,0.00962442845128741
"marginal sans trimestriels","Commerce",2018-09-30,4,0,-0.0021969460761226,2018-06-30,0.00962442845128741
"conditionnel + trimestriels","Commerce",2018-09-30,1,0,-0.00180937473657078,2018-06-30,0.00962442845128741
"conditionnel sans trimestriels","Commerce",2018-09-30,1,0,-0.00180937473657078,2018-06-30,0.00962442845128741
"marginal + trimestriels","Transports",2018-09-30,0,0,,,-0.0562132165992164
"marginal sans trimestriels","Transports",2018-09-30,0,0,,,-0.0562132165992164
"conditionnel + trimestriels","Transports",2018-09-30,0,0,,,-0.0562132165992164
"conditionnel sans trimestriels","Transports",2018-09-30,0,0,,,-0.0562132165992164
"marginal + trimestriels","Hébergement-restauration",2018-09-30,0,0,,,-0.0200453834008396
"marginal sans trimestriels","Hébergement-restauration",2018-09-30,0,0,,,-0.0200453834008396
"conditionnel + trimestriels","Hébergement-restauration",2018-09-30,0,0,,,-0.0200453834008396
"conditionnel sans trimestriels","Hébergement-restauration",2018-09-30,0,0,,,-0.0200453834008396
"marginal + trimestriels","Information-communication",2018-09-30,1,1,0.0145605354948114,2018-06-30,0.00871941409985943
"marginal sans trimestriels","Information-communication",2018-09-30,0,0,,,0.00871941409985943
"conditionnel + trimestriels","Information-communication",2018-09-30,1,1,0.0145605354948114,2018-06-30,0.00871941409985943
"conditionnel sans trimestriels","Information-communication",2018-09-30,0,0,,,0.00871941409985943
"marginal + trimestriels","Finances et assurances",2018-09-30,5,0,0.0137490794852582,2018-06-30,0.00735193248656962
"marginal sans trimestriels","Finances et assurances",2018-09-30,5,0,0.0137490794852582,2018-06-30,0.00735193248656962
"conditionnel + trimestriels","Finances et assurances",2018-09-30,3,0,0.0111598636812678,2018-06-30,0.00735193248656962
"conditionnel sans trimestriels","Finances et assurances",2018-09-30,3,0,0.0111598636812678,2018-06-30,0.00735193248656962
"marginal + trimestriels","Immobilier",2018-09-30,1,0,0.00796760220604282,2018-06-30,0.00546983793104339
"marginal sans trimestriels","Immobilier",2018-09-30,1,0,0.00796760220604282,2018-06-30,0.00546983793104339
"conditionnel + trimestriels","Immobilier",2018-09-30,1,0,0.00796760220604282,2018-06-30,0.00546983793104339
"conditionnel sans trimestriels","Immobilier",2018-09-30,1,0,0.00796760220604282,2018-06-30,0.00546983793104339
"marginal + trimestriels","Agriculture",2018-12-31,0,0,,,-0.00708189895160238
"marginal sans trimestriels","Agriculture",2018-12-31,0,0,,,-0.00708189895160238
"conditionnel + trimestriels","Agriculture",2018-12-31,0,0,,,-0.00708189895160238
"conditionnel sans trimestriels","Agriculture",2018-12-31,0,0,,,-0.00708189895160238
"marginal + trimestriels","Pêche",2018-12-31,2,2,0.0192426695544284,2018-09-30,0.0519498128058951
"marginal sans trimestriels","Pêche",2018-12-31,0,0,,,0.0519498128058951
"conditionnel + trimestriels","Pêche",2018-12-31,2,2,0.0192426695544284,2018-09-30,0.0519498128058951
"conditionnel sans trimestriels","Pêche",2018-12-31,0,0,,,0.0519498128058951
"marginal + trimestriels","Industrie d'extraction",2018-12-31,0,0,,,-0.00327062290436331
"marginal sans trimestriels","Industrie d'extraction",2018-12-31,0,0,,,-0.00327062290436331
"conditionnel + trimestriels","Industrie d'extraction",2018-12-31,0,0,,,-0.00327062290436331
"conditionnel sans trimestriels","Industrie d'extraction",2018-12-31,0,0,,,-0.00327062290436331
"marginal + trimestriels","Industrie de transformation",2018-12-31,5,0,0.00894620263814704,2018-09-30,0.00254844063750426
"marginal sans trimestriels","Industrie de transformation",2018-12-31,5,0,0.00894620263814704,2018-09-30,0.00254844063750426
"conditionnel + trimestriels","Industrie de transformation",2018-12-31,1,0,0.0100313087470497,2018-09-30,0.00254844063750426
"conditionnel sans trimestriels","Industrie de transformation",2018-12-31,1,0,0.0100313087470497,2018-09-30,0.00254844063750426
"marginal + trimestriels","Électricité, gaz, eau",2018-12-31,4,1,0.0169831129572343,2018-09-30,0.0623784425554952
"marginal sans trimestriels","Électricité, gaz, eau",2018-12-31,3,0,0.0244749629267871,2018-09-30,0.0623784425554952
"conditionnel + trimestriels","Électricité, gaz, eau",2018-12-31,4,0,0.0216719697461169,2018-09-30,0.0623784425554952
"conditionnel sans trimestriels","Électricité, gaz, eau",2018-12-31,4,0,0.0216719697461169,2018-09-30,0.0623784425554952
"marginal + trimestriels","Construction",2018-12-31,0,0,,,-0.0524286380169254
"marginal sans trimestriels","Construction",2018-12-31,0,0,,,-0.0524286380169254
"conditionnel + trimestriels","Construction",2018-12-31,0,0,,,-0.0524286380169254
"conditionnel sans trimestriels","Construction",2018-12-31,0,0,,,-0.0524286380169254
"marginal + trimestriels","Commerce",2018-12-31,5,1,-0.0110312503549538,2018-09-30,0.0165859648209938
"marginal sans trimestriels","Commerce",2018-12-31,4,0,-0.0162618486084721,2018-09-30,0.0165859648209938
"conditionnel + trimestriels","Commerce",2018-12-31,1,0,-0.0165660844876902,2018-09-30,0.0165859648209938
"conditionnel sans trimestriels","Commerce",2018-12-31,1,0,-0.0165660844876902,2018-09-30,0.0165859648209938
"marginal + trimestriels","Transports",2018-12-31,0,0,,,0.0024741177684291
"marginal sans trimestriels","Transports",2018-12-31,0,0,,,0.0024741177684291
"conditionnel + trimestriels","Transports",2018-12-31,0,0,,,0.0024741177684291
"conditionnel sans trimestriels","Transports",2018-12-31,0,0,,,0.0024741177684291
"marginal + trimestriels","Hébergement-restauration",2018-12-31,0,0,,,0.0330719091401885
"marginal sans trimestriels","Hébergement-restauration",2018-12-31,0,0,,,0.0330719091401885
"conditionnel + trimestriels","Hébergement-restauration",2018-12-31,0,0,,,0.0330719091401885
"conditionnel sans trimestriels","Hébergement-restauration",2018-12-31,0,0,,,0.0330719091401885
"marginal + trimestriels","Information-communication",2018-12-31,0,0,,,0.0017418043179287
"marginal sans trimestriels","Information-communication",2018-12-31,0,0,,,0.0017418043179287
"conditionnel + trimestriels","Information-communication",2018-12-31,0,0,,,0.0017418043179287
"conditionnel sans trimestriels","Information-communication",2018-12-31,0,0,,,0.0017418043179287
"marginal + trimestriels","Finances et assurances",2018-12-31,5,0,0.00621908946868007,2018-09-30,0.0110438895944789
"marginal sans trimestriels","Finances et assurances",2018-12-31,5,0,0.00621908946868007,2018-09-30,0.0110438895944789
"conditionnel + trimestriels","Finances et assurances",2018-12-31,3,0,0.0108247825520833,2018-09-30,0.0110438895944789
"conditionnel sans trimestriels","Finances et assurances",2018-12-31,3,0,0.0108247825520833,2018-09-30,0.0110438895944789
"marginal + trimestriels","Immobilier",2018-12-31,1,0,0.00654870484164313,2018-09-30,0.00429779031723321
"marginal sans trimestriels","Immobilier",2018-12-31,1,0,0.00654870484164313,2018-09-30,0.00429779031723321
"conditionnel + trimestriels","Immobilier",2018-12-31,1,0,0.00654870484164313,2018-09-30,0.00429779031723321
"conditionnel sans trimestriels","Immobilier",2018-12-31,1,0,0.00654870484164313,2018-09-30,0.00429779031723321
"marginal + trimestriels","Agriculture",2019-03-31,0,0,,,-0.0674225881272044
"marginal sans trimestriels","Agriculture",2019-03-31,0,0,,,-0.0674225881272044
"conditionnel + trimestriels","Agriculture",2019-03-31,0,0,,,-0.0674225881272044
"conditionnel sans trimestriels","Agriculture",2019-03-31,0,0,,,-0.0674225881272044
"marginal + trimestriels","Pêche",2019-03-31,2,2,0.0582319841657433,2018-12-31,0.165886600744615
"marginal sans trimestriels","Pêche",2019-03-31,0,0,,,0.165886600744615
"conditionnel + trimestriels","Pêche",2019-03-31,2,2,0.0582319841657433,2018-12-31,0.165886600744615
"conditionnel sans trimestriels","Pêche",2019-03-31,0,0,,,0.165886600744615
"marginal + trimestriels","Industrie d'extraction",2019-03-31,0,0,,,0.040057095335742
"marginal sans trimestriels","Industrie d'extraction",2019-03-31,0,0,,,0.040057095335742
"conditionnel + trimestriels","Industrie d'extraction",2019-03-31,0,0,,,0.040057095335742
"conditionnel sans trimestriels","Industrie d'extraction",2019-03-31,0,0,,,0.040057095335742
"marginal + trimestriels","Industrie de transformation",2019-03-31,5,0,0.00894866921419241,2018-12-31,0.00525129663060397
"marginal sans trimestriels","Industrie de transformation",2019-03-31,5,0,0.00894866921419241,2018-12-31,0.00525129663060397
"conditionnel + trimestriels","Industrie de transformation",2019-03-31,2,0,0.00934368382559732,2018-12-31,0.00525129663060397
"conditionnel sans trimestriels","Industrie de transformation",2019-03-31,2,0,0.00934368382559732,2018-12-31,0.00525129663060397
"marginal + trimestriels","Électricité, gaz, eau",2019-03-31,1,0,0.0145858934959761,2018-12-31,0.0925664554057999
"marginal sans trimestriels","Électricité, gaz, eau",2019-03-31,1,0,0.0145858934959761,2018-12-31,0.0925664554057999
"conditionnel + trimestriels","Électricité, gaz, eau",2019-03-31,5,0,0.0654260880496142,2018-12-31,0.0925664554057999
"conditionnel sans trimestriels","Électricité, gaz, eau",2019-03-31,5,0,0.0654260880496142,2018-12-31,0.0925664554057999
"marginal + trimestriels","Construction",2019-03-31,1,1,-0.0119816459668406,2018-12-31,0.0166559720067418
"marginal sans trimestriels","Construction",2019-03-31,0,0,,,0.0166559720067418
"conditionnel + trimestriels","Construction",2019-03-31,0,0,,,0.0166559720067418
"conditionnel sans trimestriels","Construction",2019-03-31,0,0,,,0.0166559720067418
"marginal + trimestriels","Commerce",2019-03-31,4,1,-0.00604417757690523,2018-12-31,-0.0198319410856413
"marginal sans trimestriels","Commerce",2019-03-31,3,0,-0.00749781109876458,2018-12-31,-0.0198319410856413
"conditionnel + trimestriels","Commerce",2019-03-31,5,0,-0.0110446032126594,2018-12-31,-0.0198319410856413
"conditionnel sans trimestriels","Commerce",2019-03-31,5,0,-0.0110446032126594,2018-12-31,-0.0198319410856413
"marginal + trimestriels","Transports",2019-03-31,0,0,,,0.0567198839409837
"marginal sans trimestriels","Transports",2019-03-31,0,0,,,0.0567198839409837
"conditionnel + trimestriels","Transports",2019-03-31,0,0,,,0.0567198839409837
"conditionnel sans trimestriels","Transports",2019-03-31,0,0,,,0.0567198839409837
"marginal + trimestriels","Hébergement-restauration",2019-03-31,0,0,,,0.0107181372644138
"marginal sans trimestriels","Hébergement-restauration",2019-03-31,0,0,,,0.0107181372644138
"conditionnel + trimestriels","Hébergement-restauration",2019-03-31,0,0,,,0.0107181372644138
"conditionnel sans trimestriels","Hébergement-restauration",2019-03-31,0,0,,,0.0107181372644138
"marginal + trimestriels","Information-communication",2019-03-31,0,0,,,0.000840591265317769
"marginal sans trimestriels","Information-communication",2019-03-31,0,0,,,0.000840591265317769
"conditionnel + trimestriels","Information-communication",2019-03-31,0,0,,,0.000840591265317769
"conditionnel sans trimestriels","Information-communication",2019-03-31,0,0,,,0.000840591265317769
"marginal + trimestriels","Finances et assurances",2019-03-31,5,0,0.00715298136197451,2018-12-31,0.0315392522985256
"marginal sans trimestriels","Finances et assurances",2019-03-31,5,0,0.00715298136197451,2018-12-31,0.0315392522985256
"conditionnel + trimestriels","Finances et assurances",2019-03-31,3,0,0.00942608905444739,2018-12-31,0.0315392522985256
"conditionnel sans trimestriels","Finances et assurances",2019-03-31,3,0,0.00942608905444739,2018-12-31,0.0315392522985256
"marginal + trimestriels","Immobilier",2019-03-31,1,0,0.00640406945848933,2018-12-31,0.00697990763877421
"marginal sans trimestriels","Immobilier",2019-03-31,1,0,0.00640406945848933,2018-12-31,0.00697990763877421
"conditionnel + trimestriels","Immobilier",2019-03-31,1,0,0.00640406945848933,2018-12-31,0.00697990763877421
"conditionnel sans trimestriels","Immobilier",2019-03-31,1,0,0.00640406945848933,2018-12-31,0.00697990763877421
"marginal + trimestriels","Agriculture",2019-06-30,0,0,,,0.0269576277375521
"marginal sans trimestriels","Agriculture",2019-06-30,0,0,,,0.0269576277375521
"conditionnel + trimestriels","Agriculture",2019-06-30,0,0,,,0.0269576277375521
"conditionnel sans trimestriels","Agriculture",2019-06-30,0,0,,,0.0269576277375521
"marginal + trimestriels","Pêche",2019-06-30,2,2,-0.0502618443401271,2019-03-31,-0.10051090919398
"marginal sans trimestriels","Pêche",2019-06-30,0,0,,,-0.10051090919398
"conditionnel + trimestriels","Pêche",2019-06-30,2,2,-0.0502618443401271,2019-03-31,-0.10051090919398
"conditionnel sans trimestriels","Pêche",2019-06-30,0,0,,,-0.10051090919398
"marginal + trimestriels","Industrie d'extraction",2019-06-30,0,0,,,-0.0225433471888596
"marginal sans trimestriels","Industrie d'extraction",2019-06-30,0,0,,,-0.0225433471888596
"conditionnel + trimestriels","Industrie d'extraction",2019-06-30,0,0,,,-0.0225433471888596
"conditionnel sans trimestriels","Industrie d'extraction",2019-06-30,0,0,,,-0.0225433471888596
"marginal + trimestriels","Industrie de transformation",2019-06-30,5,0,0.00972933487730972,2019-03-31,0.0369509505888086
"marginal sans trimestriels","Industrie de transformation",2019-06-30,5,0,0.00972933487730972,2019-03-31,0.0369509505888086
"conditionnel + trimestriels","Industrie de transformation",2019-06-30,2,0,0.0140121754388939,2019-03-31,0.0369509505888086
"conditionnel sans trimestriels","Industrie de transformation",2019-06-30,2,0,0.0140121754388939,2019-03-31,0.0369509505888086
"marginal + trimestriels","Électricité, gaz, eau",2019-06-30,3,0,-0.00853066512279363,2019-03-31,-0.0124026726248605
"marginal sans trimestriels","Électricité, gaz, eau",2019-06-30,3,0,-0.00853066512279363,2019-03-31,-0.0124026726248605
"conditionnel + trimestriels","Électricité, gaz, eau",2019-06-30,4,0,0.00472503749914783,2019-03-31,-0.0124026726248605
"conditionnel sans trimestriels","Électricité, gaz, eau",2019-06-30,4,0,0.00472503749914783,2019-03-31,-0.0124026726248605
"marginal + trimestriels","Construction",2019-06-30,0,0,,,0.0481920910731386
"marginal sans trimestriels","Construction",2019-06-30,0,0,,,0.0481920910731386
"conditionnel + trimestriels","Construction",2019-06-30,0,0,,,0.0481920910731386
"conditionnel sans trimestriels","Construction",2019-06-30,0,0,,,0.0481920910731386
"marginal + trimestriels","Commerce",2019-06-30,4,1,0.011772021450703,2019-03-31,0.0339504681612155
"marginal sans trimestriels","Commerce",2019-06-30,3,0,0.0128279318876711,2019-03-31,0.0339504681612155
"conditionnel + trimestriels","Commerce",2019-06-30,5,0,0.0373634053379643,2019-03-31,0.0339504681612155
"conditionnel sans trimestriels","Commerce",2019-06-30,5,0,0.0373634053379643,2019-03-31,0.0339504681612155
"marginal + trimestriels","Transports",2019-06-30,0,0,,,0.100742314764428
"marginal sans trimestriels","Transports",2019-06-30,0,0,,,0.100742314764428
"conditionnel + trimestriels","Transports",2019-06-30,0,0,,,0.100742314764428
"conditionnel sans trimestriels","Transports",2019-06-30,0,0,,,0.100742314764428
"marginal + trimestriels","Hébergement-restauration",2019-06-30,0,0,,,0.0402913731091044
"marginal sans trimestriels","Hébergement-restauration",2019-06-30,0,0,,,0.0402913731091044
"conditionnel + trimestriels","Hébergement-restauration",2019-06-30,0,0,,,0.0402913731091044
"conditionnel sans trimestriels","Hébergement-restauration",2019-06-30,0,0,,,0.0402913731091044
"marginal + trimestriels","Information-communication",2019-06-30,0,0,,,0.00593404498862071
"marginal sans trimestriels","Information-communication",2019-06-30,0,0,,,0.00593404498862071
"conditionnel + trimestriels","Information-communication",2019-06-30,0,0,,,0.00593404498862071
"conditionnel sans trimestriels","Information-communication",2019-06-30,0,0,,,0.00593404498862071
"marginal + trimestriels","Finances et assurances",2019-06-30,5,0,0.0115695993324715,2019-03-31,0.000435811706188005
"marginal sans trimestriels","Finances et assurances",2019-06-30,5,0,0.0115695993324715,2019-03-31,0.000435811706188005
"conditionnel + trimestriels","Finances et assurances",2019-06-30,5,1,-0.00500682890319768,2019-03-31,0.000435811706188005
"conditionnel sans trimestriels","Finances et assurances",2019-06-30,3,0,0.0112486499786824,2019-03-31,0.000435811706188005
"marginal + trimestriels","Immobilier",2019-06-30,1,0,0.00874730376132586,2019-03-31,0.00407965402671806
"marginal sans trimestriels","Immobilier",2019-06-30,1,0,0.00874730376132586,2019-03-31,0.00407965402671806
"conditionnel + trimestriels","Immobilier",2019-06-30,1,0,0.00874730376132586,2019-03-31,0.00407965402671806
"conditionnel sans trimestriels","Immobilier",2019-06-30,1,0,0.00874730376132586,2019-03-31,0.00407965402671806
"marginal + trimestriels","Agriculture",2019-09-30,0,0,,,-0.00378790367855686
"marginal sans trimestriels","Agriculture",2019-09-30,0,0,,,-0.00378790367855686
"conditionnel + trimestriels","Agriculture",2019-09-30,0,0,,,-0.00378790367855686
"conditionnel sans trimestriels","Agriculture",2019-09-30,0,0,,,-0.00378790367855686
"marginal + trimestriels","Pêche",2019-09-30,2,2,0.0462926680359218,2019-06-30,0.107189386187184
"marginal sans trimestriels","Pêche",2019-09-30,0,0,,,0.107189386187184
"conditionnel + trimestriels","Pêche",2019-09-30,2,2,0.0462926680359218,2019-06-30,0.107189386187184
"conditionnel sans trimestriels","Pêche",2019-09-30,0,0,,,0.107189386187184
"marginal + trimestriels","Industrie d'extraction",2019-09-30,0,0,,,0.0109256734157306
"marginal sans trimestriels","Industrie d'extraction",2019-09-30,0,0,,,0.0109256734157306
"conditionnel + trimestriels","Industrie d'extraction",2019-09-30,0,0,,,0.0109256734157306
"conditionnel sans trimestriels","Industrie d'extraction",2019-09-30,0,0,,,0.0109256734157306
"marginal + trimestriels","Industrie de transformation",2019-09-30,5,0,0.0162775639703426,2019-06-30,-0.0175063522194137
"marginal sans trimestriels","Industrie de transformation",2019-09-30,5,0,0.0162775639703426,2019-06-30,-0.0175063522194137
"conditionnel + trimestriels","Industrie de transformation",2019-09-30,3,1,0.00545503669500009,2019-06-30,-0.0175063522194137
"conditionnel sans trimestriels","Industrie de transformation",2019-09-30,3,0,0.017296074032681,2019-06-30,-0.0175063522194137
"marginal + trimestriels","Électricité, gaz, eau",2019-09-30,3,0,0.00300340796241578,2019-06-30,-0.0152269847098676
"marginal sans trimestriels","Électricité, gaz, eau",2019-09-30,3,0,0.00300340796241578,2019-06-30,-0.0152269847098676
"conditionnel + trimestriels","Électricité, gaz, eau",2019-09-30,4,0,0.0179478210050362,2019-06-30,-0.0152269847098676
"conditionnel sans trimestriels","Électricité, gaz, eau",2019-09-30,4,0,0.0179478210050362,2019-06-30,-0.0152269847098676
"marginal + trimestriels","Construction",2019-09-30,0,0,,,0.0125910845192418
"marginal sans trimestriels","Construction",2019-09-30,0,0,,,0.0125910845192418
"conditionnel + trimestriels","Construction",2019-09-30,0,0,,,0.0125910845192418
"conditionnel sans trimestriels","Construction",2019-09-30,0,0,,,0.0125910845192418
"marginal + trimestriels","Commerce",2019-09-30,4,1,-0.00479662330035415,2019-06-30,-0.00535962123528755
"marginal sans trimestriels","Commerce",2019-09-30,3,0,-0.00716554328523952,2019-06-30,-0.00535962123528755
"conditionnel + trimestriels","Commerce",2019-09-30,5,0,-0.0121971632084062,2019-06-30,-0.00535962123528755
"conditionnel sans trimestriels","Commerce",2019-09-30,5,0,-0.0121971632084062,2019-06-30,-0.00535962123528755
"marginal + trimestriels","Transports",2019-09-30,0,0,,,-0.105961891018188
"marginal sans trimestriels","Transports",2019-09-30,0,0,,,-0.105961891018188
"conditionnel + trimestriels","Transports",2019-09-30,0,0,,,-0.105961891018188
"conditionnel sans trimestriels","Transports",2019-09-30,0,0,,,-0.105961891018188
"marginal + trimestriels","Hébergement-restauration",2019-09-30,0,0,,,-0.0688778865997968
"marginal sans trimestriels","Hébergement-restauration",2019-09-30,0,0,,,-0.0688778865997968
"conditionnel + trimestriels","Hébergement-restauration",2019-09-30,1,1,-0.00295063188671053,2019-06-30,-0.0688778865997968
"conditionnel sans trimestriels","Hébergement-restauration",2019-09-30,0,0,,,-0.0688778865997968
"marginal + trimestriels","Information-communication",2019-09-30,0,0,,,0.0095827091317755
"marginal sans trimestriels","Information-communication",2019-09-30,0,0,,,0.0095827091317755
"conditionnel + trimestriels","Information-communication",2019-09-30,0,0,,,0.0095827091317755
"conditionnel sans trimestriels","Information-communication",2019-09-30,0,0,,,0.0095827091317755
"marginal + trimestriels","Finances et assurances",2019-09-30,5,0,0.014067125535114,2019-06-30,0.0130609593133908
"marginal sans trimestriels","Finances et assurances",2019-09-30,5,0,0.014067125535114,2019-06-30,0.0130609593133908
"conditionnel + trimestriels","Finances et assurances",2019-09-30,5,1,0.0150092440264987,2019-06-30,0.0130609593133908
"conditionnel sans trimestriels","Finances et assurances",2019-09-30,3,0,0.0128628221216611,2019-06-30,0.0130609593133908
"marginal + trimestriels","Immobilier",2019-09-30,1,0,0.00722465316430364,2019-06-30,0.0012246541882952
"marginal sans trimestriels","Immobilier",2019-09-30,1,0,0.00722465316430364,2019-06-30,0.0012246541882952
"conditionnel + trimestriels","Immobilier",2019-09-30,1,0,0.00722465316430364,2019-06-30,0.0012246541882952
"conditionnel sans trimestriels","Immobilier",2019-09-30,1,0,0.00722465316430364,2019-06-30,0.0012246541882952
"marginal + trimestriels","Agriculture",2019-12-31,0,0,,,-0.00545796285781641
"marginal sans trimestriels","Agriculture",2019-12-31,0,0,,,-0.00545796285781641
"conditionnel + trimestriels","Agriculture",2019-12-31,0,0,,,-0.00545796285781641
"conditionnel sans trimestriels","Agriculture",2019-12-31,0,0,,,-0.00545796285781641
"marginal + trimestriels","Pêche",2019-12-31,5,0,-0.0411513188987651,2018-06-30,-0.178444977080698
"marginal sans trimestriels","Pêche",2019-12-31,5,0,-0.0411513188987651,2018-06-30,-0.178444977080698
"conditionnel + trimestriels","Pêche",2019-12-31,5,0,0.0427331659179334,2018-06-30,-0.178444977080698
"conditionnel sans trimestriels","Pêche",2019-12-31,5,0,0.0427331659179334,2018-06-30,-0.178444977080698
"marginal + trimestriels","Industrie d'extraction",2019-12-31,1,1,-0.0291302665065247,2019-09-30,0.00214620520732645
"marginal sans trimestriels","Industrie d'extraction",2019-12-31,0,0,,,0.00214620520732645
"conditionnel + trimestriels","Industrie d'extraction",2019-12-31,0,0,,,0.00214620520732645
"conditionnel sans trimestriels","Industrie d'extraction",2019-12-31,0,0,,,0.00214620520732645
"marginal + trimestriels","Industrie de transformation",2019-12-31,5,1,-0.00317029923556064,2019-09-30,-0.00688096519466086
"marginal sans trimestriels","Industrie de transformation",2019-12-31,4,0,-0.00305093558304427,2019-09-30,-0.00688096519466086
"conditionnel + trimestriels","Industrie de transformation",2019-12-31,4,1,-0.0072098285440511,2019-09-30,-0.00688096519466086
"conditionnel sans trimestriels","Industrie de transformation",2019-12-31,2,0,-0.00369223910998017,2019-09-30,-0.00688096519466086
"marginal + trimestriels","Électricité, gaz, eau",2019-12-31,3,0,0.00157411991239601,2019-09-30,-0.00625851062808103
"marginal sans trimestriels","Électricité, gaz, eau",2019-12-31,3,0,0.00157411991239601,2019-09-30,-0.00625851062808103
"conditionnel + trimestriels","Électricité, gaz, eau",2019-12-31,4,0,-0.0346902655822399,2019-09-30,-0.00625851062808103
"conditionnel sans trimestriels","Électricité, gaz, eau",2019-12-31,4,0,-0.0346902655822399,2019-09-30,-0.00625851062808103
"marginal + trimestriels","Construction",2019-12-31,0,0,,,-0.0273069523615579
"marginal sans trimestriels","Construction",2019-12-31,0,0,,,-0.0273069523615579
"conditionnel + trimestriels","Construction",2019-12-31,0,0,,,-0.0273069523615579
"conditionnel sans trimestriels","Construction",2019-12-31,0,0,,,-0.0273069523615579
"marginal + trimestriels","Commerce",2019-12-31,5,1,-0.0184596433126704,2019-09-30,-0.0070521019456713
"marginal sans trimestriels","Commerce",2019-12-31,4,0,-0.0114091184362549,2019-09-30,-0.0070521019456713
"conditionnel + trimestriels","Commerce",2019-12-31,5,0,-0.0015029384865442,2019-09-30,-0.0070521019456713
"conditionnel sans trimestriels","Commerce",2019-12-31,5,0,-0.0015029384865442,2019-09-30,-0.0070521019456713
"marginal + trimestriels","Transports",2019-12-31,0,0,,,-0.0390667942682299
"marginal sans trimestriels","Transports",2019-12-31,0,0,,,-0.0390667942682299
"conditionnel + trimestriels","Transports",2019-12-31,0,0,,,-0.0390667942682299
"conditionnel sans trimestriels","Transports",2019-12-31,0,0,,,-0.0390667942682299
"marginal + trimestriels","Hébergement-restauration",2019-12-31,0,0,,,0.0396077656015432
"marginal sans trimestriels","Hébergement-restauration",2019-12-31,0,0,,,0.0396077656015432
"conditionnel + trimestriels","Hébergement-restauration",2019-12-31,1,1,0.0409577139468281,2019-09-30,0.0396077656015432
"conditionnel sans trimestriels","Hébergement-restauration",2019-12-31,0,0,,,0.0396077656015432
"marginal + trimestriels","Information-communication",2019-12-31,0,0,,,0.0110725639758531
"marginal sans trimestriels","Information-communication",2019-12-31,0,0,,,0.0110725639758531
"conditionnel + trimestriels","Information-communication",2019-12-31,0,0,,,0.0110725639758531
"conditionnel sans trimestriels","Information-communication",2019-12-31,0,0,,,0.0110725639758531
"marginal + trimestriels","Finances et assurances",2019-12-31,5,0,0.0103976276300146,2019-09-30,0.00825566078032658
"marginal sans trimestriels","Finances et assurances",2019-12-31,5,0,0.0103976276300146,2019-09-30,0.00825566078032658
"conditionnel + trimestriels","Finances et assurances",2019-12-31,5,1,0.0141170995856833,2019-09-30,0.00825566078032658
"conditionnel sans trimestriels","Finances et assurances",2019-12-31,3,0,0.010343966470941,2019-09-30,0.00825566078032658
"marginal + trimestriels","Immobilier",2019-12-31,1,0,0.0056724407707362,2019-09-30,-0.00107461592825686
"marginal sans trimestriels","Immobilier",2019-12-31,1,0,0.0056724407707362,2019-09-30,-0.00107461592825686
"conditionnel + trimestriels","Immobilier",2019-12-31,1,0,0.0056724407707362,2019-09-30,-0.00107461592825686
"conditionnel sans trimestriels","Immobilier",2019-12-31,1,0,0.0056724407707362,2019-09-30,-0.00107461592825686
"marginal + trimestriels","Agriculture",2020-03-31,0,0,,,-0.0733468122559131
"marginal sans trimestriels","Agriculture",2020-03-31,0,0,,,-0.0733468122559131
"conditionnel + trimestriels","Agriculture",2020-03-31,0,0,,,-0.0733468122559131
"conditionnel sans trimestriels","Agriculture",2020-03-31,0,0,,,-0.0733468122559131
"marginal + trimestriels","Pêche",2020-03-31,2,2,0.15443105126896,2019-12-31,0.250419564323746
"marginal sans trimestriels","Pêche",2020-03-31,0,0,,,0.250419564323746
"conditionnel + trimestriels","Pêche",2020-03-31,2,2,0.15443105126896,2019-12-31,0.250419564323746
"conditionnel sans trimestriels","Pêche",2020-03-31,0,0,,,0.250419564323746
"marginal + trimestriels","Industrie d'extraction",2020-03-31,0,0,,,0.00506158820307512
"marginal sans trimestriels","Industrie d'extraction",2020-03-31,0,0,,,0.00506158820307512
"conditionnel + trimestriels","Industrie d'extraction",2020-03-31,0,0,,,0.00506158820307512
"conditionnel sans trimestriels","Industrie d'extraction",2020-03-31,0,0,,,0.00506158820307512
"marginal + trimestriels","Industrie de transformation",2020-03-31,5,0,-0.0112113400306732,2019-12-31,-0.00162253854886352
"marginal sans trimestriels","Industrie de transformation",2020-03-31,5,0,-0.0112113400306732,2019-12-31,-0.00162253854886352
"conditionnel + trimestriels","Industrie de transformation",2020-03-31,4,1,-0.0045378161638199,2019-12-31,-0.00162253854886352
"conditionnel sans trimestriels","Industrie de transformation",2020-03-31,2,0,-0.00235078788320084,2019-12-31,-0.00162253854886352
"marginal + trimestriels","Électricité, gaz, eau",2020-03-31,3,0,0.0356906070302669,2019-12-31,0.0213425854542955
"marginal sans trimestriels","Électricité, gaz, eau",2020-03-31,3,0,0.0356906070302669,2019-12-31,0.0213425854542955
"conditionnel + trimestriels","Électricité, gaz, eau",2020-03-31,4,0,0.057308098104359,2019-12-31,0.0213425854542955
"conditionnel sans trimestriels","Électricité, gaz, eau",2020-03-31,4,0,0.057308098104359,2019-12-31,0.0213425854542955
"marginal + trimestriels","Construction",2020-03-31,0,0,,,0.000213553084455143
"marginal sans trimestriels","Construction",2020-03-31,0,0,,,0.000213553084455143
"conditionnel + trimestriels","Construction",2020-03-31,0,0,,,0.000213553084455143
"conditionnel sans trimestriels","Construction",2020-03-31,0,0,,,0.000213553084455143
"marginal + trimestriels","Commerce",2020-03-31,5,1,-0.00728399063979514,2019-12-31,-0.0169610578868529
"marginal sans trimestriels","Commerce",2020-03-31,4,0,-0.0118904409610219,2019-12-31,-0.0169610578868529
"conditionnel + trimestriels","Commerce",2020-03-31,5,0,0.00578811498484942,2019-12-31,-0.0169610578868529
"conditionnel sans trimestriels","Commerce",2020-03-31,5,0,0.00578811498484942,2019-12-31,-0.0169610578868529
"marginal + trimestriels","Transports",2020-03-31,0,0,,,-0.0126004908496
"marginal sans trimestriels","Transports",2020-03-31,0,0,,,-0.0126004908496
"conditionnel + trimestriels","Transports",2020-03-31,0,0,,,-0.0126004908496
"conditionnel sans trimestriels","Transports",2020-03-31,0,0,,,-0.0126004908496
"marginal + trimestriels","Hébergement-restauration",2020-03-31,1,0,0.000947758514421481,2019-12-31,-0.329368517252892
"marginal sans trimestriels","Hébergement-restauration",2020-03-31,1,0,0.000947758514421481,2019-12-31,-0.329368517252892
"conditionnel + trimestriels","Hébergement-restauration",2020-03-31,1,1,-0.0121849250756439,2019-12-31,-0.329368517252892
"conditionnel sans trimestriels","Hébergement-restauration",2020-03-31,0,0,,,-0.329368517252892
"marginal + trimestriels","Information-communication",2020-03-31,0,0,,,0.0419599960536452
"marginal sans trimestriels","Information-communication",2020-03-31,0,0,,,0.0419599960536452
"conditionnel + trimestriels","Information-communication",2020-03-31,0,0,,,0.0419599960536452
"conditionnel sans trimestriels","Information-communication",2020-03-31,0,0,,,0.0419599960536452
"marginal + trimestriels","Finances et assurances",2020-03-31,5,0,0.00501686340484693,2019-12-31,-0.0212114526144092
"marginal sans trimestriels","Finances et assurances",2020-03-31,5,0,0.00501686340484693,2019-12-31,-0.0212114526144092
"conditionnel + trimestriels","Finances et assurances",2020-03-31,5,1,0.00561930173198006,2019-12-31,-0.0212114526144092
"conditionnel sans trimestriels","Finances et assurances",2020-03-31,3,0,0.00493044241863829,2019-12-31,-0.0212114526144092
"marginal + trimestriels","Immobilier",2020-03-31,1,0,0.00483722559154723,2019-12-31,-0.0121506955111226
"marginal sans trimestriels","Immobilier",2020-03-31,1,0,0.00483722559154723,2019-12-31,-0.0121506955111226
"conditionnel + trimestriels","Immobilier",2020-03-31,1,0,0.00483722559154723,2019-12-31,-0.0121506955111226
"conditionnel sans trimestriels","Immobilier",2020-03-31,1,0,0.00483722559154723,2019-12-31,-0.0121506955111226
"marginal + trimestriels","Agriculture",2020-06-30,0,0,,,0.00964980812139338
"marginal sans trimestriels","Agriculture",2020-06-30,0,0,,,0.00964980812139338
"conditionnel + trimestriels","Agriculture",2020-06-30,0,0,,,0.00964980812139338
"conditionnel sans trimestriels","Agriculture",2020-06-30,0,0,,,0.00964980812139338
"marginal + trimestriels","Pêche",2020-06-30,2,2,-0.0730334008189974,2020-03-31,-0.182744294243855
"marginal sans trimestriels","Pêche",2020-06-30,0,0,,,-0.182744294243855
"conditionnel + trimestriels","Pêche",2020-06-30,2,2,-0.0730334008189974,2020-03-31,-0.182744294243855
"conditionnel sans trimestriels","Pêche",2020-06-30,0,0,,,-0.182744294243855
"marginal + trimestriels","Industrie d'extraction",2020-06-30,0,0,,,0.0237324718357801
"marginal sans trimestriels","Industrie d'extraction",2020-06-30,0,0,,,0.0237324718357801
"conditionnel + trimestriels","Industrie d'extraction",2020-06-30,0,0,,,0.0237324718357801
"conditionnel sans trimestriels","Industrie d'extraction",2020-06-30,0,0,,,0.0237324718357801
"marginal + trimestriels","Industrie de transformation",2020-06-30,5,0,-0.00766482479110425,2020-03-31,-0.213797918505946
"marginal sans trimestriels","Industrie de transformation",2020-06-30,5,0,-0.00766482479110425,2020-03-31,-0.213797918505946
"conditionnel + trimestriels","Industrie de transformation",2020-06-30,4,1,-0.00124331906119255,2020-03-31,-0.213797918505946
"conditionnel sans trimestriels","Industrie de transformation",2020-06-30,2,0,-0.0068813385369957,2020-03-31,-0.213797918505946
"marginal + trimestriels","Électricité, gaz, eau",2020-06-30,3,0,-0.000288077064274876,2020-03-31,-0.0970147629221021
"marginal sans trimestriels","Électricité, gaz, eau",2020-06-30,3,0,-0.000288077064274876,2020-03-31,-0.0970147629221021
"conditionnel + trimestriels","Électricité, gaz, eau",2020-06-30,4,0,0.0286894014803342,2020-03-31,-0.0970147629221021
"conditionnel sans trimestriels","Électricité, gaz, eau",2020-06-30,4,0,0.0286894014803342,2020-03-31,-0.0970147629221021
"marginal + trimestriels","Construction",2020-06-30,0,0,,,-0.102776372819593
"marginal sans trimestriels","Construction",2020-06-30,0,0,,,-0.102776372819593
"conditionnel + trimestriels","Construction",2020-06-30,0,0,,,-0.102776372819593
"conditionnel sans trimestriels","Construction",2020-06-30,0,0,,,-0.102776372819593
"marginal + trimestriels","Commerce",2020-06-30,5,1,-0.0208083617565985,2020-03-31,-0.150671734390357
"marginal sans trimestriels","Commerce",2020-06-30,4,0,-0.0200432987104887,2020-03-31,-0.150671734390357
"conditionnel + trimestriels","Commerce",2020-06-30,5,0,-0.0212721451793458,2020-03-31,-0.150671734390357
"conditionnel sans trimestriels","Commerce",2020-06-30,5,0,-0.0212721451793458,2020-03-31,-0.150671734390357
"marginal + trimestriels","Transports",2020-06-30,0,0,,,-0.501094849125378
"marginal sans trimestriels","Transports",2020-06-30,0,0,,,-0.501094849125378
"conditionnel + trimestriels","Transports",2020-06-30,0,0,,,-0.501094849125378
"conditionnel sans trimestriels","Transports",2020-06-30,0,0,,,-0.501094849125378
"marginal + trimestriels","Hébergement-restauration",2020-06-30,1,0,-0.817338392307201,2020-03-31,-0.857041072981717
"marginal sans trimestriels","Hébergement-restauration",2020-06-30,1,0,-0.817338392307201,2020-03-31,-0.857041072981717
"conditionnel + trimestriels","Hébergement-restauration",2020-06-30,2,1,-0.721392751798938,2020-03-31,-0.857041072981717
"conditionnel sans trimestriels","Hébergement-restauration",2020-06-30,2,0,-1.24271065165934,2020-03-31,-0.857041072981717
"marginal + trimestriels","Information-communication",2020-06-30,0,0,,,-0.0210436716728193
"marginal sans trimestriels","Information-communication",2020-06-30,0,0,,,-0.0210436716728193
"conditionnel + trimestriels","Information-communication",2020-06-30,0,0,,,-0.0210436716728193
"conditionnel sans trimestriels","Information-communication",2020-06-30,0,0,,,-0.0210436716728193
"marginal + trimestriels","Finances et assurances",2020-06-30,5,0,0.0159828628865533,2020-03-31,0.0113083327777996
"marginal sans trimestriels","Finances et assurances",2020-06-30,5,0,0.0159828628865533,2020-03-31,0.0113083327777996
"conditionnel + trimestriels","Finances et assurances",2020-06-30,5,1,0.0066102084929067,2020-03-31,0.0113083327777996
"conditionnel sans trimestriels","Finances et assurances",2020-06-30,3,0,0.014174905147287,2020-03-31,0.0113083327777996
"marginal + trimestriels","Immobilier",2020-06-30,1,0,0.00404406890585376,2020-03-31,0.00154778434759706
"marginal sans trimestriels","Immobilier",2020-06-30,1,0,0.00404406890585376,2020-03-31,0.00154778434759706
"conditionnel + trimestriels","Immobilier",2020-06-30,1,0,0.00404406890585376,2020-03-31,0.00154778434759706
"conditionnel sans trimestriels","Immobilier",2020-06-30,1,0,0.00404406890585376,2020-03-31,0.00154778434759706
"marginal + trimestriels","Agriculture",2020-09-30,0,0,,,-0.0341340216865049
"marginal sans trimestriels","Agriculture",2020-09-30,0,0,,,-0.0341340216865049
"conditionnel + trimestriels","Agriculture",2020-09-30,0,0,,,-0.0341340216865049
"conditionnel sans trimestriels","Agriculture",2020-09-30,0,0,,,-0.0341340216865049
"marginal + trimestriels","Pêche",2020-09-30,2,2,0.0859100188748421,2020-06-30,0.449867423442043
"marginal sans trimestriels","Pêche",2020-09-30,0,0,,,0.449867423442043
"conditionnel + trimestriels","Pêche",2020-09-30,2,2,0.0859100188748421,2020-06-30,0.449867423442043
"conditionnel sans trimestriels","Pêche",2020-09-30,0,0,,,0.449867423442043
"marginal + trimestriels","Industrie d'extraction",2020-09-30,1,1,0.0100569597788371,2020-06-30,-0.0110758122366672
"marginal sans trimestriels","Industrie d'extraction",2020-09-30,0,0,,,-0.0110758122366672
"conditionnel + trimestriels","Industrie d'extraction",2020-09-30,0,0,,,-0.0110758122366672
"conditionnel sans trimestriels","Industrie d'extraction",2020-09-30,0,0,,,-0.0110758122366672
"marginal + trimestriels","Industrie de transformation",2020-09-30,5,0,0.0778783670981387,2020-06-30,0.176609534773862
"marginal sans trimestriels","Industrie de transformation",2020-09-30,5,0,0.0778783670981387,2020-06-30,0.176609534773862
"conditionnel + trimestriels","Industrie de transformation",2020-09-30,5,2,-0.09585484886105,2020-06-30,0.176609534773862
"conditionnel sans trimestriels","Industrie de transformation",2020-09-30,5,0,-0.0425112895415409,2020-06-30,0.176609534773862
"marginal + trimestriels","Électricité, gaz, eau",2020-09-30,2,0,0.0119664649873197,2020-06-30,0.114417799543279
"marginal sans trimestriels","Électricité, gaz, eau",2020-09-30,2,0,0.0119664649873197,2020-06-30,0.114417799543279
"conditionnel + trimestriels","Électricité, gaz, eau",2020-09-30,4,0,0.0702405008790021,2020-06-30,0.114417799543279
"conditionnel sans trimestriels","Électricité, gaz, eau",2020-09-30,4,0,0.0702405008790021,2020-06-30,0.114417799543279
"marginal + trimestriels","Construction",2020-09-30,0,0,,,0.0356201479127147
"marginal sans trimestriels","Construction",2020-09-30,0,0,,,0.0356201479127147
"conditionnel + trimestriels","Construction",2020-09-30,0,0,,,0.0356201479127147
"conditionnel sans trimestriels","Construction",2020-09-30,0,0,,,0.0356201479127147
"marginal + trimestriels","Commerce",2020-09-30,3,0,0.00587794551800452,2020-06-30,0.108126994394249
"marginal sans trimestriels","Commerce",2020-09-30,3,0,0.00587794551800452,2020-06-30,0.108126994394249
"conditionnel + trimestriels","Commerce",2020-09-30,4,1,0.0479735077292707,2020-06-30,0.108126994394249
"conditionnel sans trimestriels","Commerce",2020-09-30,4,0,0.020820262164352,2020-06-30,0.108126994394249
"marginal + trimestriels","Transports",2020-09-30,0,0,,,0.125969152849114
"marginal sans trimestriels","Transports",2020-09-30,0,0,,,0.125969152849114
"conditionnel + trimestriels","Transports",2020-09-30,0,0,,,0.125969152849114
"conditionnel sans trimestriels","Transports",2020-09-30,0,0,,,0.125969152849114
"marginal + trimestriels","Hébergement-restauration",2020-09-30,5,1,1.05418007774149,2020-06-30,0.152814674284517
"marginal sans trimestriels","Hébergement-restauration",2020-09-30,4,0,1.04413296931155,2020-06-30,0.152814674284517
"conditionnel + trimestriels","Hébergement-restauration",2020-09-30,2,1,1.10550988030087,2020-06-30,0.152814674284517
"conditionnel sans trimestriels","Hébergement-restauration",2020-09-30,2,0,0.979639122523792,2020-06-30,0.152814674284517
"marginal + trimestriels","Information-communication",2020-09-30,0,0,,,-0.00204975173975619
"marginal sans trimestriels","Information-communication",2020-09-30,0,0,,,-0.00204975173975619
"conditionnel + trimestriels","Information-communication",2020-09-30,0,0,,,-0.00204975173975619
"conditionnel sans trimestriels","Information-communication",2020-09-30,0,0,,,-0.00204975173975619
"marginal + trimestriels","Finances et assurances",2020-09-30,5,0,0.00895724386923676,2020-06-30,0.00678756570547989
"marginal sans trimestriels","Finances et assurances",2020-09-30,5,0,0.00895724386923676,2020-06-30,0.00678756570547989
"conditionnel + trimestriels","Finances et assurances",2020-09-30,5,1,0.00238111970014487,2020-06-30,0.00678756570547989
"conditionnel sans trimestriels","Finances et assurances",2020-09-30,3,0,0.00892614711472974,2020-06-30,0.00678756570547989
"marginal + trimestriels","Immobilier",2020-09-30,1,0,0.00631427151437443,2020-06-30,0.00248862454064991
"marginal sans trimestriels","Immobilier",2020-09-30,1,0,0.00631427151437443,2020-06-30,0.00248862454064991
"conditionnel + trimestriels","Immobilier",2020-09-30,1,0,0.00631427151437443,2020-06-30,0.00248862454064991
"conditionnel sans trimestriels","Immobilier",2020-09-30,1,0,0.00631427151437443,2020-06-30,0.00248862454064991
"marginal + trimestriels","Agriculture",2020-12-31,0,0,,,-0.00972120420603417
"marginal sans trimestriels","Agriculture",2020-12-31,0,0,,,-0.00972120420603417
"conditionnel + trimestriels","Agriculture",2020-12-31,0,0,,,-0.00972120420603417
"conditionnel sans trimestriels","Agriculture",2020-12-31,0,0,,,-0.00972120420603417
"marginal + trimestriels","Pêche",2020-12-31,2,2,-0.193563863438907,2020-09-30,-0.549113253084071
"marginal sans trimestriels","Pêche",2020-12-31,0,0,,,-0.549113253084071
"conditionnel + trimestriels","Pêche",2020-12-31,1,1,-0.222603136044582,2020-09-30,-0.549113253084071
"conditionnel sans trimestriels","Pêche",2020-12-31,0,0,,,-0.549113253084071
"marginal + trimestriels","Industrie d'extraction",2020-12-31,1,1,0.00780535229084078,2020-09-30,0.0282365373459843
"marginal sans trimestriels","Industrie d'extraction",2020-12-31,0,0,,,0.0282365373459843
"conditionnel + trimestriels","Industrie d'extraction",2020-12-31,0,0,,,0.0282365373459843
"conditionnel sans trimestriels","Industrie d'extraction",2020-12-31,0,0,,,0.0282365373459843
"marginal + trimestriels","Industrie de transformation",2020-12-31,5,0,-0.0043646885269907,2020-09-30,-0.00858663289649719
"marginal sans trimestriels","Industrie de transformation",2020-12-31,5,0,-0.0043646885269907,2020-09-30,-0.00858663289649719
"conditionnel + trimestriels","Industrie de transformation",2020-12-31,5,2,-0.0397737575152822,2020-09-30,-0.00858663289649719
"conditionnel sans trimestriels","Industrie de transformation",2020-12-31,5,0,-0.0845895252418183,2020-09-30,-0.00858663289649719
"marginal + trimestriels","Électricité, gaz, eau",2020-12-31,3,0,-0.0157699393969414,2020-09-30,-0.016022429172736
"marginal sans trimestriels","Électricité, gaz, eau",2020-12-31,3,0,-0.0157699393969414,2020-09-30,-0.016022429172736
"conditionnel + trimestriels","Électricité, gaz, eau",2020-12-31,4,0,-0.0254184331268249,2020-09-30,-0.016022429172736
"conditionnel sans trimestriels","Électricité, gaz, eau",2020-12-31,4,0,-0.0254184331268249,2020-09-30,-0.016022429172736
"marginal + trimestriels","Construction",2020-12-31,1,0,0.0145130168387476,2020-09-30,0.072642691639901
"marginal sans trimestriels","Construction",2020-12-31,1,0,0.0145130168387476,2020-09-30,0.072642691639901
"conditionnel + trimestriels","Construction",2020-12-31,1,0,0.0145130168387476,2020-09-30,0.072642691639901
"conditionnel sans trimestriels","Construction",2020-12-31,1,0,0.0145130168387476,2020-09-30,0.072642691639901
"marginal + trimestriels","Commerce",2020-12-31,3,0,-0.0196328611064297,2019-12-31,0.020045836468638
"marginal sans trimestriels","Commerce",2020-12-31,3,0,-0.0196328611064297,2019-12-31,0.020045836468638
"conditionnel + trimestriels","Commerce",2020-12-31,4,1,-0.0924055172769013,2020-09-30,0.020045836468638
"conditionnel sans trimestriels","Commerce",2020-12-31,5,0,-0.0192277378488182,2019-12-31,0.020045836468638
"marginal + trimestriels","Transports",2020-12-31,0,0,,,0.122566805849722
"marginal sans trimestriels","Transports",2020-12-31,0,0,,,0.122566805849722
"conditionnel + trimestriels","Transports",2020-12-31,0,0,,,0.122566805849722
"conditionnel sans trimestriels","Transports",2020-12-31,0,0,,,0.122566805849722
"marginal + trimestriels","Hébergement-restauration",2020-12-31,5,1,0.292240412561478,2020-09-30,0.184991785349833
"marginal sans trimestriels","Hébergement-restauration",2020-12-31,4,0,0.283811504614966,2020-09-30,0.184991785349833
"conditionnel + trimestriels","Hébergement-restauration",2020-12-31,2,0,0.225276495739724,2020-09-30,0.184991785349833
"conditionnel sans trimestriels","Hébergement-restauration",2020-12-31,2,0,0.225276495739724,2020-09-30,0.184991785349833
"marginal + trimestriels","Information-communication",2020-12-31,0,0,,,0.0411703029645043
"marginal sans trimestriels","Information-communication",2020-12-31,0,0,,,0.0411703029645043
"conditionnel + trimestriels","Information-communication",2020-12-31,0,0,,,0.0411703029645043
"conditionnel sans trimestriels","Information-communication",2020-12-31,0,0,,,0.0411703029645043
"marginal + trimestriels","Finances et assurances",2020-12-31,5,0,0.00695798974416917,2020-09-30,0.0114494849451461
"marginal sans trimestriels","Finances et assurances",2020-12-31,5,0,0.00695798974416917,2020-09-30,0.0114494849451461
"conditionnel + trimestriels","Finances et assurances",2020-12-31,5,1,0.00241911988707983,2020-09-30,0.0114494849451461
"conditionnel sans trimestriels","Finances et assurances",2020-12-31,3,0,0.00822125935677539,2020-09-30,0.0114494849451461
"marginal + trimestriels","Immobilier",2020-12-31,1,0,0.00511589096128717,2020-09-30,0.00250256303301022
"marginal sans trimestriels","Immobilier",2020-12-31,1,0,0.00511589096128717,2020-09-30,0.00250256303301022
"conditionnel + trimestriels","Immobilier",2020-12-31,1,0,0.00511589096128717,2020-09-30,0.00250256303301022
"conditionnel sans trimestriels","Immobilier",2020-12-31,1,0,0.00511589096128717,2020-09-30,0.00250256303301022
"marginal + trimestriels","Agriculture",2021-03-31,0,0,,,0.198088349077135
"marginal sans trimestriels","Agriculture",2021-03-31,0,0,,,0.198088349077135
"conditionnel + trimestriels","Agriculture",2021-03-31,0,0,,,0.198088349077135
"conditionnel sans trimestriels","Agriculture",2021-03-31,0,0,,,0.198088349077135
"marginal + trimestriels","Pêche",2021-03-31,5,0,0.252208025201185,2019-12-31,0.301831328865735
"marginal sans trimestriels","Pêche",2021-03-31,5,0,0.252208025201185,2019-12-31,0.301831328865735
"conditionnel + trimestriels","Pêche",2021-03-31,2,0,0.210761951116573,2019-12-31,0.301831328865735
"conditionnel sans trimestriels","Pêche",2021-03-31,2,0,0.210761951116573,2019-12-31,0.301831328865735
"marginal + trimestriels","Industrie d'extraction",2021-03-31,1,1,0.0139330121585699,2020-12-31,0.0506515529548963
"marginal sans trimestriels","Industrie d'extraction",2021-03-31,0,0,,,0.0506515529548963
"conditionnel + trimestriels","Industrie d'extraction",2021-03-31,0,0,,,0.0506515529548963
"conditionnel sans trimestriels","Industrie d'extraction",2021-03-31,0,0,,,0.0506515529548963
"marginal + trimestriels","Industrie de transformation",2021-03-31,5,0,0.0354347004080008,2020-12-31,0.0682885003101887
"marginal sans trimestriels","Industrie de transformation",2021-03-31,5,0,0.0354347004080008,2020-12-31,0.0682885003101887
"conditionnel + trimestriels","Industrie de transformation",2021-03-31,5,1,-0.0411798790191249,2020-12-31,0.0682885003101887
"conditionnel sans trimestriels","Industrie de transformation",2021-03-31,4,0,-0.0306045967066064,2020-12-31,0.0682885003101887
"marginal + trimestriels","Électricité, gaz, eau",2021-03-31,4,0,0.00596046216045244,2020-12-31,0.0217529032326009
"marginal sans trimestriels","Électricité, gaz, eau",2021-03-31,4,0,0.00596046216045244,2020-12-31,0.0217529032326009
"conditionnel + trimestriels","Électricité, gaz, eau",2021-03-31,4,0,0.0222791155710452,2020-12-31,0.0217529032326009
"conditionnel sans trimestriels","Électricité, gaz, eau",2021-03-31,4,0,0.0222791155710452,2020-12-31,0.0217529032326009
"marginal + trimestriels","Construction",2021-03-31,1,0,0.0183386315396939,2020-12-31,-0.00494022963371066
"marginal sans trimestriels","Construction",2021-03-31,1,0,0.0183386315396939,2020-12-31,-0.00494022963371066
"conditionnel + trimestriels","Construction",2021-03-31,1,0,0.0183386315396939,2020-12-31,-0.00494022963371066
"conditionnel sans trimestriels","Construction",2021-03-31,1,0,0.0183386315396939,2020-12-31,-0.00494022963371066
"marginal + trimestriels","Commerce",2021-03-31,3,0,-0.00298328366169832,2020-12-31,0.0273111173838672
"marginal sans trimestriels","Commerce",2021-03-31,3,0,-0.00298328366169832,2020-12-31,0.0273111173838672
"conditionnel + trimestriels","Commerce",2021-03-31,2,1,-0.018319946111833,2020-12-31,0.0273111173838672
"conditionnel sans trimestriels","Commerce",2021-03-31,3,0,0.0180151092020686,2020-12-31,0.0273111173838672
"marginal + trimestriels","Transports",2021-03-31,0,0,,,0.0562033294168316
"marginal sans trimestriels","Transports",2021-03-31,0,0,,,0.0562033294168316
"conditionnel + trimestriels","Transports",2021-03-31,0,0,,,0.0562033294168316
"conditionnel sans trimestriels","Transports",2021-03-31,0,0,,,0.0562033294168316
"marginal + trimestriels","Hébergement-restauration",2021-03-31,5,1,-0.0257631089378497,2020-12-31,0.108593379555545
"marginal sans trimestriels","Hébergement-restauration",2021-03-31,4,0,0.00046306948290032,2020-12-31,0.108593379555545
"conditionnel + trimestriels","Hébergement-restauration",2021-03-31,2,0,0.0119080300065341,2020-12-31,0.108593379555545
"conditionnel sans trimestriels","Hébergement-restauration",2021-03-31,2,0,0.0119080300065341,2020-12-31,0.108593379555545
"marginal + trimestriels","Information-communication",2021-03-31,0,0,,,-0.0536933298258049
"marginal sans trimestriels","Information-communication",2021-03-31,0,0,,,-0.0536933298258049
"conditionnel + trimestriels","Information-communication",2021-03-31,0,0,,,-0.0536933298258049
"conditionnel sans trimestriels","Information-communication",2021-03-31,0,0,,,-0.0536933298258049
"marginal + trimestriels","Finances et assurances",2021-03-31,5,0,0.00467702057470433,2020-12-31,-0.00739307250548649
"marginal sans trimestriels","Finances et assurances",2021-03-31,5,0,0.00467702057470433,2020-12-31,-0.00739307250548649
"conditionnel + trimestriels","Finances et assurances",2021-03-31,5,1,0.00309504241797957,2020-12-31,-0.00739307250548649
"conditionnel sans trimestriels","Finances et assurances",2021-03-31,3,0,0.00475622769206046,2020-12-31,-0.00739307250548649
"marginal + trimestriels","Immobilier",2021-03-31,1,0,0.00490094834635234,2020-12-31,0.0186980933413192
"marginal sans trimestriels","Immobilier",2021-03-31,1,0,0.00490094834635234,2020-12-31,0.0186980933413192
"conditionnel + trimestriels","Immobilier",2021-03-31,1,0,0.00490094834635234,2020-12-31,0.0186980933413192
"conditionnel sans trimestriels","Immobilier",2021-03-31,1,0,0.00490094834635234,2020-12-31,0.0186980933413192
"marginal + trimestriels","Agriculture",2021-06-30,0,0,,,0.00736929305629452
"marginal sans trimestriels","Agriculture",2021-06-30,0,0,,,0.00736929305629452
"conditionnel + trimestriels","Agriculture",2021-06-30,0,0,,,0.00736929305629452
"conditionnel sans trimestriels","Agriculture",2021-06-30,0,0,,,0.00736929305629452
"marginal + trimestriels","Pêche",2021-06-30,5,0,-0.134010097186881,2021-03-31,0.086451616600093
"marginal sans trimestriels","Pêche",2021-06-30,5,0,-0.134010097186881,2021-03-31,0.086451616600093
"conditionnel + trimestriels","Pêche",2021-06-30,3,0,-0.126542732122102,2021-03-31,0.086451616600093
"conditionnel sans trimestriels","Pêche",2021-06-30,3,0,-0.126542732122102,2021-03-31,0.086451616600093
"marginal + trimestriels","Industrie d'extraction",2021-06-30,3,3,0.0110258321453995,2021-03-31,-0.0120026798414088
"marginal sans trimestriels","Industrie d'extraction",2021-06-30,0,0,,,-0.0120026798414088
"conditionnel + trimestriels","Industrie d'extraction",2021-06-30,1,1,0.00844724505482705,2021-03-31,-0.0120026798414088
"conditionnel sans trimestriels","Industrie d'extraction",2021-06-30,0,0,,,-0.0120026798414088
"marginal + trimestriels","Industrie de transformation",2021-06-30,5,5,-0.122887286507131,2021-03-31,-0.0226087358268856
"marginal sans trimestriels","Industrie de transformation",2021-06-30,5,0,-0.017857108680142,2021-03-31,-0.0226087358268856
"conditionnel + trimestriels","Industrie de transformation",2021-06-30,5,5,-0.123240734317973,2021-03-31,-0.0226087358268856
"conditionnel sans trimestriels","Industrie de transformation",2021-06-30,4,0,-0.0119921400727922,2021-03-31,-0.0226087358268856
"marginal + trimestriels","Électricité, gaz, eau",2021-06-30,4,0,-0.00829356833418283,2021-03-31,0.0253032608158232
"marginal sans trimestriels","Électricité, gaz, eau",2021-06-30,4,0,-0.00829356833418283,2021-03-31,0.0253032608158232
"conditionnel + trimestriels","Électricité, gaz, eau",2021-06-30,4,0,-0.00717748570084806,2021-03-31,0.0253032608158232
"conditionnel sans trimestriels","Électricité, gaz, eau",2021-06-30,4,0,-0.00717748570084806,2021-03-31,0.0253032608158232
"marginal + trimestriels","Construction",2021-06-30,1,0,0.00742100108394215,2021-03-31,-0.00250132109599832
"marginal sans trimestriels","Construction",2021-06-30,1,0,0.00742100108394215,2021-03-31,-0.00250132109599832
"conditionnel + trimestriels","Construction",2021-06-30,1,0,0.00742100108394215,2021-03-31,-0.00250132109599832
"conditionnel sans trimestriels","Construction",2021-06-30,1,0,0.00742100108394215,2021-03-31,-0.00250132109599832
"marginal + trimestriels","Commerce",2021-06-30,1,0,-0.00967077648634919,2021-03-31,0.00987582878233084
"marginal sans trimestriels","Commerce",2021-06-30,1,0,-0.00967077648634919,2021-03-31,0.00987582878233084
"conditionnel + trimestriels","Commerce",2021-06-30,4,1,0.00130113230710656,2021-03-31,0.00987582878233084
"conditionnel sans trimestriels","Commerce",2021-06-30,3,0,-0.00576440803727682,2021-03-31,0.00987582878233084
"marginal + trimestriels","Transports",2021-06-30,0,0,,,0.000731330783699136
"marginal sans trimestriels","Transports",2021-06-30,0,0,,,0.000731330783699136
"conditionnel + trimestriels","Transports",2021-06-30,0,0,,,0.000731330783699136
"conditionnel sans trimestriels","Transports",2021-06-30,0,0,,,0.000731330783699136
"marginal + trimestriels","Hébergement-restauration",2021-06-30,3,1,0.0867461642879876,2021-03-31,0.0325203058080987
"marginal sans trimestriels","Hébergement-restauration",2021-06-30,2,0,0.0976306130933164,2021-03-31,0.0325203058080987
"conditionnel + trimestriels","Hébergement-restauration",2021-06-30,2,0,0.0976306130933164,2021-03-31,0.0325203058080987
"conditionnel sans trimestriels","Hébergement-restauration",2021-06-30,2,0,0.0976306130933164,2021-03-31,0.0325203058080987
"marginal + trimestriels","Information-communication",2021-06-30,0,0,,,0.00186143113149839
"marginal sans trimestriels","Information-communication",2021-06-30,0,0,,,0.00186143113149839
"conditionnel + trimestriels","Information-communication",2021-06-30,0,0,,,0.00186143113149839
"conditionnel sans trimestriels","Information-communication",2021-06-30,0,0,,,0.00186143113149839
"marginal + trimestriels","Finances et assurances",2021-06-30,5,0,0.0145258886560461,2021-03-31,0.0281576114642981
"marginal sans trimestriels","Finances et assurances",2021-06-30,5,0,0.0145258886560461,2021-03-31,0.0281576114642981
"conditionnel + trimestriels","Finances et assurances",2021-06-30,5,1,0.0137660054003181,2021-03-31,0.0281576114642981
"conditionnel sans trimestriels","Finances et assurances",2021-06-30,4,0,0.0174703510117619,2021-03-31,0.0281576114642981
"marginal + trimestriels","Immobilier",2021-06-30,1,0,0.00976650425687668,2021-03-31,0.00589086653339521
"marginal sans trimestriels","Immobilier",2021-06-30,1,0,0.00976650425687668,2021-03-31,0.00589086653339521
"conditionnel + trimestriels","Immobilier",2021-06-30,1,0,0.00976650425687668,2021-03-31,0.00589086653339521
"conditionnel sans trimestriels","Immobilier",2021-06-30,1,0,0.00976650425687668,2021-03-31,0.00589086653339521
"marginal + trimestriels","Agriculture",2021-09-30,0,0,,,-0.00217917484074093
"marginal sans trimestriels","Agriculture",2021-09-30,0,0,,,-0.00217917484074093
"conditionnel + trimestriels","Agriculture",2021-09-30,0,0,,,-0.00217917484074093
"conditionnel sans trimestriels","Agriculture",2021-09-30,0,0,,,-0.00217917484074093
"marginal + trimestriels","Pêche",2021-09-30,5,0,0.0677931736090675,2021-06-30,-0.0880960598262783
"marginal sans trimestriels","Pêche",2021-09-30,5,0,0.0677931736090675,2021-06-30,-0.0880960598262783
"conditionnel + trimestriels","Pêche",2021-09-30,2,0,0.0788510691228652,2021-06-30,-0.0880960598262783
"conditionnel sans trimestriels","Pêche",2021-09-30,2,0,0.0788510691228652,2021-06-30,-0.0880960598262783
"marginal + trimestriels","Industrie d'extraction",2021-09-30,3,3,0.0212271330819328,2021-06-30,0.0223534844760689
"marginal sans trimestriels","Industrie d'extraction",2021-09-30,0,0,,,0.0223534844760689
"conditionnel + trimestriels","Industrie d'extraction",2021-09-30,1,1,0.018901108213077,2021-06-30,0.0223534844760689
"conditionnel sans trimestriels","Industrie d'extraction",2021-09-30,0,0,,,0.0223534844760689
"marginal + trimestriels","Industrie de transformation",2021-09-30,5,5,0.0124048124063025,2021-06-30,0.0119171102444078
"marginal sans trimestriels","Industrie de transformation",2021-09-30,5,0,-0.0142981534696619,2021-06-30,0.0119171102444078
"conditionnel + trimestriels","Industrie de transformation",2021-09-30,5,5,0.0685479614267114,2021-06-30,0.0119171102444078
"conditionnel sans trimestriels","Industrie de transformation",2021-09-30,4,0,0.0309683179728872,2021-06-30,0.0119171102444078
"marginal + trimestriels","Électricité, gaz, eau",2021-09-30,5,0,0.0472863056948166,2021-06-30,0.0158724557012508
"marginal sans trimestriels","Électricité, gaz, eau",2021-09-30,5,0,0.0472863056948166,2021-06-30,0.0158724557012508
"conditionnel + trimestriels","Électricité, gaz, eau",2021-09-30,3,0,0.0234396385268482,2021-06-30,0.0158724557012508
"conditionnel sans trimestriels","Électricité, gaz, eau",2021-09-30,3,0,0.0234396385268482,2021-06-30,0.0158724557012508
"marginal + trimestriels","Construction",2021-09-30,1,0,0.00748224547747619,2021-06-30,0.0107028535882208
"marginal sans trimestriels","Construction",2021-09-30,1,0,0.00748224547747619,2021-06-30,0.0107028535882208
"conditionnel + trimestriels","Construction",2021-09-30,1,0,0.00748224547747619,2021-06-30,0.0107028535882208
"conditionnel sans trimestriels","Construction",2021-09-30,1,0,0.00748224547747619,2021-06-30,0.0107028535882208
"marginal + trimestriels","Commerce",2021-09-30,2,0,0.0123083360636664,2021-06-30,0.0199199534821144
"marginal sans trimestriels","Commerce",2021-09-30,2,0,0.0123083360636664,2021-06-30,0.0199199534821144
"conditionnel + trimestriels","Commerce",2021-09-30,4,1,0.0396541825515643,2021-06-30,0.0199199534821144
"conditionnel sans trimestriels","Commerce",2021-09-30,3,0,0.0184016230422387,2021-06-30,0.0199199534821144
"marginal + trimestriels","Transports",2021-09-30,0,0,,,0.0731279057345535
"marginal sans trimestriels","Transports",2021-09-30,0,0,,,0.0731279057345535
"conditionnel + trimestriels","Transports",2021-09-30,0,0,,,0.0731279057345535
"conditionnel sans trimestriels","Transports",2021-09-30,0,0,,,0.0731279057345535
"marginal + trimestriels","Hébergement-restauration",2021-09-30,3,1,0.0543279372186962,2021-06-30,0.0912570059284388
"marginal sans trimestriels","Hébergement-restauration",2021-09-30,2,0,0.0503002431739254,2021-06-30,0.0912570059284388
"conditionnel + trimestriels","Hébergement-restauration",2021-09-30,2,0,0.0503002431739254,2021-06-30,0.0912570059284388
"conditionnel sans trimestriels","Hébergement-restauration",2021-09-30,2,0,0.0503002431739254,2021-06-30,0.0912570059284388
"marginal + trimestriels","Information-communication",2021-09-30,0,0,,,0.00942302584054922
"marginal sans trimestriels","Information-communication",2021-09-30,0,0,,,0.00942302584054922
"conditionnel + trimestriels","Information-communication",2021-09-30,0,0,,,0.00942302584054922
"conditionnel sans trimestriels","Information-communication",2021-09-30,0,0,,,0.00942302584054922
"marginal + trimestriels","Finances et assurances",2021-09-30,5,0,0.00398711678353411,2021-06-30,0.00585438399346749
"marginal sans trimestriels","Finances et assurances",2021-09-30,5,0,0.00398711678353411,2021-06-30,0.00585438399346749
"conditionnel + trimestriels","Finances et assurances",2021-09-30,4,0,0.00179841193807266,2021-06-30,0.00585438399346749
"conditionnel sans trimestriels","Finances et assurances",2021-09-30,4,0,0.00179841193807266,2021-06-30,0.00585438399346749
"marginal + trimestriels","Immobilier",2021-09-30,1,0,0.00584539169850165,2021-06-30,0.00489489217388339
"marginal sans trimestriels","Immobilier",2021-09-30,1,0,0.00584539169850165,2021-06-30,0.00489489217388339
"conditionnel + trimestriels","Immobilier",2021-09-30,1,0,0.00584539169850165,2021-06-30,0.00489489217388339
"conditionnel sans trimestriels","Immobilier",2021-09-30,1,0,0.00584539169850165,2021-06-30,0.00489489217388339
"marginal + trimestriels","Agriculture",2021-12-31,0,0,,,-0.00946965224747842
"marginal sans trimestriels","Agriculture",2021-12-31,0,0,,,-0.00946965224747842
"conditionnel + trimestriels","Agriculture",2021-12-31,0,0,,,-0.00946965224747842
"conditionnel sans trimestriels","Agriculture",2021-12-31,0,0,,,-0.00946965224747842
"marginal + trimestriels","Pêche",2021-12-31,5,0,-0.058429027340417,2021-09-30,0.102924635387614
"marginal sans trimestriels","Pêche",2021-12-31,5,0,-0.058429027340417,2021-09-30,0.102924635387614
"conditionnel + trimestriels","Pêche",2021-12-31,5,0,-0.175441965948362,2021-09-30,0.102924635387614
"conditionnel sans trimestriels","Pêche",2021-12-31,5,0,-0.175441965948362,2021-09-30,0.102924635387614
"marginal + trimestriels","Industrie d'extraction",2021-12-31,3,3,0.0147062945994829,2021-09-30,-0.0143497716369634
"marginal sans trimestriels","Industrie d'extraction",2021-12-31,0,0,,,-0.0143497716369634
"conditionnel + trimestriels","Industrie d'extraction",2021-12-31,1,1,0.00375453674964806,2021-09-30,-0.0143497716369634
"conditionnel sans trimestriels","Industrie d'extraction",2021-12-31,0,0,,,-0.0143497716369634
"marginal + trimestriels","Industrie de transformation",2021-12-31,5,5,0.138623804435769,2021-09-30,0.0157395324071921
"marginal sans trimestriels","Industrie de transformation",2021-12-31,5,0,0.0424129335578739,2021-09-30,0.0157395324071921
"conditionnel + trimestriels","Industrie de transformation",2021-12-31,5,3,0.120428819908646,2021-09-30,0.0157395324071921
"conditionnel sans trimestriels","Industrie de transformation",2021-12-31,4,0,-0.00612407443895947,2021-09-30,0.0157395324071921
"marginal + trimestriels","Électricité, gaz, eau",2021-12-31,5,0,-0.0209262552099726,2021-09-30,0.0138196358846692
"marginal sans trimestriels","Électricité, gaz, eau",2021-12-31,5,0,-0.0209262552099726,2021-09-30,0.0138196358846692
"conditionnel + trimestriels","Électricité, gaz, eau",2021-12-31,3,0,0.0288040894671548,2021-09-30,0.0138196358846692
"conditionnel sans trimestriels","Électricité, gaz, eau",2021-12-31,3,0,0.0288040894671548,2021-09-30,0.0138196358846692
"marginal + trimestriels","Construction",2021-12-31,1,0,0.0118502611401467,2021-09-30,0.00772099252970015
"marginal sans trimestriels","Construction",2021-12-31,1,0,0.0118502611401467,2021-09-30,0.00772099252970015
"conditionnel + trimestriels","Construction",2021-12-31,1,0,0.0118502611401467,2021-09-30,0.00772099252970015
"conditionnel sans trimestriels","Construction",2021-12-31,1,0,0.0118502611401467,2021-09-30,0.00772099252970015
"marginal + trimestriels","Commerce",2021-12-31,2,0,0.0121723060095566,2021-09-30,0.0158034521479156
"marginal sans trimestriels","Commerce",2021-12-31,2,0,0.0121723060095566,2021-09-30,0.0158034521479156
"conditionnel + trimestriels","Commerce",2021-12-31,5,1,0.0401058336491373,2021-09-30,0.0158034521479156
"conditionnel sans trimestriels","Commerce",2021-12-31,5,0,0.0334978918008087,2021-09-30,0.0158034521479156
"marginal + trimestriels","Transports",2021-12-31,0,0,,,-0.0243022849728511
"marginal sans trimestriels","Transports",2021-12-31,0,0,,,-0.0243022849728511
"conditionnel + trimestriels","Transports",2021-12-31,0,0,,,-0.0243022849728511
"conditionnel sans trimestriels","Transports",2021-12-31,0,0,,,-0.0243022849728511
"marginal + trimestriels","Hébergement-restauration",2021-12-31,5,1,-0.000620201938207601,2021-03-31,0.0662513211980329
"marginal sans trimestriels","Hébergement-restauration",2021-12-31,4,0,0.00151664889180426,2021-03-31,0.0662513211980329
"conditionnel + trimestriels","Hébergement-restauration",2021-12-31,2,0,-0.00184618930054974,2021-03-31,0.0662513211980329
"conditionnel sans trimestriels","Hébergement-restauration",2021-12-31,2,0,-0.00184618930054974,2021-03-31,0.0662513211980329
"marginal + trimestriels","Information-communication",2021-12-31,0,0,,,0.0317145043040412
"marginal sans trimestriels","Information-communication",2021-12-31,0,0,,,0.0317145043040412
"conditionnel + trimestriels","Information-communication",2021-12-31,0,0,,,0.0317145043040412
"conditionnel sans trimestriels","Information-communication",2021-12-31,0,0,,,0.0317145043040412
"marginal + trimestriels","Finances et assurances",2021-12-31,5,0,0.00668241218839003,2021-09-30,0.016641170500078
"marginal sans trimestriels","Finances et assurances",2021-12-31,5,0,0.00668241218839003,2021-09-30,0.016641170500078
"conditionnel + trimestriels","Finances et assurances",2021-12-31,4,0,0.00706184989011985,2021-09-30,0.016641170500078
"conditionnel sans trimestriels","Finances et assurances",2021-12-31,4,0,0.00706184989011985,2021-09-30,0.016641170500078
"marginal + trimestriels","Immobilier",2021-12-31,1,0,0.00689733142577171,2021-09-30,-0.000185568621855481
"marginal sans trimestriels","Immobilier",2021-12-31,1,0,0.00689733142577171,2021-09-30,-0.000185568621855481
"conditionnel + trimestriels","Immobilier",2021-12-31,1,0,0.00689733142577171,2021-09-30,-0.000185568621855481
"conditionnel sans trimestriels","Immobilier",2021-12-31,1,0,0.00689733142577171,2021-09-30,-0.000185568621855481
"marginal + trimestriels","Agriculture",2022-03-31,0,0,,,-0.106650718690272
"marginal sans trimestriels","Agriculture",2022-03-31,0,0,,,-0.106650718690272
"conditionnel + trimestriels","Agriculture",2022-03-31,0,0,,,-0.106650718690272
"conditionnel sans trimestriels","Agriculture",2022-03-31,0,0,,,-0.106650718690272
"marginal + trimestriels","Pêche",2022-03-31,5,0,0.0450006185820789,2021-12-31,-0.251794115386521
"marginal sans trimestriels","Pêche",2022-03-31,5,0,0.0450006185820789,2021-12-31,-0.251794115386521
"conditionnel + trimestriels","Pêche",2022-03-31,1,0,-0.0805998077792403,2021-12-31,-0.251794115386521
"conditionnel sans trimestriels","Pêche",2022-03-31,1,0,-0.0805998077792403,2021-12-31,-0.251794115386521
"marginal + trimestriels","Industrie d'extraction",2022-03-31,3,3,-0.00557864843376897,2021-12-31,-0.138625872821352
"marginal sans trimestriels","Industrie d'extraction",2022-03-31,0,0,,,-0.138625872821352
"conditionnel + trimestriels","Industrie d'extraction",2022-03-31,1,1,-0.00860814546708876,2021-12-31,-0.138625872821352
"conditionnel sans trimestriels","Industrie d'extraction",2022-03-31,0,0,,,-0.138625872821352
"marginal + trimestriels","Industrie de transformation",2022-03-31,5,5,-0.113230386825568,2021-12-31,-0.00935236645143078
"marginal sans trimestriels","Industrie de transformation",2022-03-31,5,0,0.0532501161001867,2021-12-31,-0.00935236645143078
"conditionnel + trimestriels","Industrie de transformation",2022-03-31,5,5,-0.0855539215730517,2021-12-31,-0.00935236645143078
"conditionnel sans trimestriels","Industrie de transformation",2022-03-31,4,0,0.0311013578564186,2021-12-31,-0.00935236645143078
"marginal + trimestriels","Électricité, gaz, eau",2022-03-31,5,0,4.87559656237174e-05,2021-12-31,-0.0635858178619184
"marginal sans trimestriels","Électricité, gaz, eau",2022-03-31,5,0,4.87559656237174e-05,2021-12-31,-0.0635858178619184
"conditionnel + trimestriels","Électricité, gaz, eau",2022-03-31,5,0,-0.0324086160459427,2021-12-31,-0.0635858178619184
"conditionnel sans trimestriels","Électricité, gaz, eau",2022-03-31,5,0,-0.0324086160459427,2021-12-31,-0.0635858178619184
"marginal + trimestriels","Construction",2022-03-31,1,0,0.00597601075835367,2021-12-31,-0.026866287683136
"marginal sans trimestriels","Construction",2022-03-31,1,0,0.00597601075835367,2021-12-31,-0.026866287683136
"conditionnel + trimestriels","Construction",2022-03-31,1,0,0.00597601075835367,2021-12-31,-0.026866287683136
"conditionnel sans trimestriels","Construction",2022-03-31,1,0,0.00597601075835367,2021-12-31,-0.026866287683136
"marginal + trimestriels","Commerce",2022-03-31,3,0,0.0313756480765767,2021-12-31,-0.0348034749137724
"marginal sans trimestriels","Commerce",2022-03-31,3,0,0.0313756480765767,2021-12-31,-0.0348034749137724
"conditionnel + trimestriels","Commerce",2022-03-31,5,1,0.0601786695159313,2021-12-31,-0.0348034749137724
"conditionnel sans trimestriels","Commerce",2022-03-31,5,0,0.0341175817640365,2021-12-31,-0.0348034749137724
"marginal + trimestriels","Transports",2022-03-31,0,0,,,-0.0184384391565189
"marginal sans trimestriels","Transports",2022-03-31,0,0,,,-0.0184384391565189
"conditionnel + trimestriels","Transports",2022-03-31,0,0,,,-0.0184384391565189
"conditionnel sans trimestriels","Transports",2022-03-31,0,0,,,-0.0184384391565189
"marginal + trimestriels","Hébergement-restauration",2022-03-31,5,1,-0.0172631160182513,2021-12-31,0.172069210996341
"marginal sans trimestriels","Hébergement-restauration",2022-03-31,4,0,-0.0155372887831798,2021-12-31,0.172069210996341
"conditionnel + trimestriels","Hébergement-restauration",2022-03-31,2,0,-0.0155697381429627,2021-12-31,0.172069210996341
"conditionnel sans trimestriels","Hébergement-restauration",2022-03-31,2,0,-0.0155697381429627,2021-12-31,0.172069210996341
"marginal + trimestriels","Information-communication",2022-03-31,0,0,,,0.00597454514787366
"marginal sans trimestriels","Information-communication",2022-03-31,0,0,,,0.00597454514787366
"conditionnel + trimestriels","Information-communication",2022-03-31,0,0,,,0.00597454514787366
"conditionnel sans trimestriels","Information-communication",2022-03-31,0,0,,,0.00597454514787366
"marginal + trimestriels","Finances et assurances",2022-03-31,5,0,0.00423202229119188,2021-12-31,0.0414257987284206
"marginal sans trimestriels","Finances et assurances",2022-03-31,5,0,0.00423202229119188,2021-12-31,0.0414257987284206
"conditionnel + trimestriels","Finances et assurances",2022-03-31,4,0,0.00372589847218564,2021-12-31,0.0414257987284206
"conditionnel sans trimestriels","Finances et assurances",2022-03-31,4,0,0.00372589847218564,2021-12-31,0.0414257987284206
"marginal + trimestriels","Immobilier",2022-03-31,1,0,0.00559434596054119,2021-12-31,-0.00613333557758722
"marginal sans trimestriels","Immobilier",2022-03-31,1,0,0.00559434596054119,2021-12-31,-0.00613333557758722
"conditionnel + trimestriels","Immobilier",2022-03-31,1,0,0.00559434596054119,2021-12-31,-0.00613333557758722
"conditionnel sans trimestriels","Immobilier",2022-03-31,1,0,0.00559434596054119,2021-12-31,-0.00613333557758722
"marginal + trimestriels","Agriculture",2022-06-30,0,0,,,-0.00714754922684868
"marginal sans trimestriels","Agriculture",2022-06-30,0,0,,,-0.00714754922684868
"conditionnel + trimestriels","Agriculture",2022-06-30,0,0,,,-0.00714754922684868
"conditionnel sans trimestriels","Agriculture",2022-06-30,0,0,,,-0.00714754922684868
"marginal + trimestriels","Pêche",2022-06-30,5,0,0.278600559899341,2022-03-31,0.0309075374630767
"marginal sans trimestriels","Pêche",2022-06-30,5,0,0.278600559899341,2022-03-31,0.0309075374630767
"conditionnel + trimestriels","Pêche",2022-06-30,1,0,0.253168493376792,2022-03-31,0.0309075374630767
"conditionnel sans trimestriels","Pêche",2022-06-30,1,0,0.253168493376792,2022-03-31,0.0309075374630767
"marginal + trimestriels","Industrie d'extraction",2022-06-30,2,2,-0.00901996839655566,2022-03-31,-0.0689421152185421
"marginal sans trimestriels","Industrie d'extraction",2022-06-30,0,0,,,-0.0689421152185421
"conditionnel + trimestriels","Industrie d'extraction",2022-06-30,1,1,0.00474356235358505,2022-03-31,-0.0689421152185421
"conditionnel sans trimestriels","Industrie d'extraction",2022-06-30,0,0,,,-0.0689421152185421
"marginal + trimestriels","Industrie de transformation",2022-06-30,5,5,0.00478174402452832,2022-03-31,0.0265199585031901
"marginal sans trimestriels","Industrie de transformation",2022-06-30,5,0,0.0408602025055924,2022-03-31,0.0265199585031901
"conditionnel + trimestriels","Industrie de transformation",2022-06-30,5,5,-0.00771235175512851,2022-03-31,0.0265199585031901
"conditionnel sans trimestriels","Industrie de transformation",2022-06-30,5,0,0.0566605186134757,2022-03-31,0.0265199585031901
"marginal + trimestriels","Électricité, gaz, eau",2022-06-30,5,0,0.0164288466578446,2022-03-31,0.00902096583624079
"marginal sans trimestriels","Électricité, gaz, eau",2022-06-30,5,0,0.0164288466578446,2022-03-31,0.00902096583624079
"conditionnel + trimestriels","Électricité, gaz, eau",2022-06-30,5,0,0.0338836390518533,2022-03-31,0.00902096583624079
"conditionnel sans trimestriels","Électricité, gaz, eau",2022-06-30,5,0,0.0338836390518533,2022-03-31,0.00902096583624079
"marginal + trimestriels","Construction",2022-06-30,1,0,0.000271770436302773,2022-03-31,-0.0038148328637746
"marginal sans trimestriels","Construction",2022-06-30,1,0,0.000271770436302773,2022-03-31,-0.0038148328637746
"conditionnel + trimestriels","Construction",2022-06-30,1,0,0.000271770436302773,2022-03-31,-0.0038148328637746
"conditionnel sans trimestriels","Construction",2022-06-30,1,0,0.000271770436302773,2022-03-31,-0.0038148328637746
"marginal + trimestriels","Commerce",2022-06-30,2,0,0.014262183166893,2022-03-31,0.007272295596783
"marginal sans trimestriels","Commerce",2022-06-30,2,0,0.014262183166893,2022-03-31,0.007272295596783
"conditionnel + trimestriels","Commerce",2022-06-30,4,1,0.0285684367150236,2022-03-31,0.007272295596783
"conditionnel sans trimestriels","Commerce",2022-06-30,3,0,0.026649934646315,2022-03-31,0.007272295596783
"marginal + trimestriels","Transports",2022-06-30,0,0,,,0.0331947459481938
"marginal sans trimestriels","Transports",2022-06-30,0,0,,,0.0331947459481938
"conditionnel + trimestriels","Transports",2022-06-30,0,0,,,0.0331947459481938
"conditionnel sans trimestriels","Transports",2022-06-30,0,0,,,0.0331947459481938
"marginal + trimestriels","Hébergement-restauration",2022-06-30,3,1,0.166673690127308,2022-03-31,0.185682194782517
"marginal sans trimestriels","Hébergement-restauration",2022-06-30,2,0,0.167004110939129,2022-03-31,0.185682194782517
"conditionnel + trimestriels","Hébergement-restauration",2022-06-30,2,0,0.167004110939129,2022-03-31,0.185682194782517
"conditionnel sans trimestriels","Hébergement-restauration",2022-06-30,2,0,0.167004110939129,2022-03-31,0.185682194782517
"marginal + trimestriels","Information-communication",2022-06-30,1,1,0.0152717034866097,2018-09-30,0.00161153463684727
"marginal sans trimestriels","Information-communication",2022-06-30,0,0,,,0.00161153463684727
"conditionnel + trimestriels","Information-communication",2022-06-30,1,1,0.0152717034866097,2018-09-30,0.00161153463684727
"conditionnel sans trimestriels","Information-communication",2022-06-30,0,0,,,0.00161153463684727
"marginal + trimestriels","Finances et assurances",2022-06-30,5,0,0.0109479762412991,2022-03-31,0.031410255383383
"marginal sans trimestriels","Finances et assurances",2022-06-30,5,0,0.0109479762412991,2022-03-31,0.031410255383383
"conditionnel + trimestriels","Finances et assurances",2022-06-30,3,0,0.0108927477375769,2022-03-31,0.031410255383383
"conditionnel sans trimestriels","Finances et assurances",2022-06-30,3,0,0.0108927477375769,2022-03-31,0.031410255383383
"marginal + trimestriels","Immobilier",2022-06-30,1,0,0.00417710667802774,2022-03-31,0.000982294226966829
"marginal sans trimestriels","Immobilier",2022-06-30,1,0,0.00417710667802774,2022-03-31,0.000982294226966829
"conditionnel + trimestriels","Immobilier",2022-06-30,1,0,0.00417710667802774,2022-03-31,0.000982294226966829
"conditionnel sans trimestriels","Immobilier",2022-06-30,1,0,0.00417710667802774,2022-03-31,0.000982294226966829
"marginal + trimestriels","Agriculture",2022-09-30,0,0,,,0.0022277626879923
"marginal sans trimestriels","Agriculture",2022-09-30,0,0,,,0.0022277626879923
"conditionnel + trimestriels","Agriculture",2022-09-30,0,0,,,0.0022277626879923
"conditionnel sans trimestriels","Agriculture",2022-09-30,0,0,,,0.0022277626879923
"marginal + trimestriels","Pêche",2022-09-30,5,2,-0.0704926121517695,2022-06-30,-0.424362348289532
"marginal sans trimestriels","Pêche",2022-09-30,3,0,-0.0722925831489164,2022-06-30,-0.424362348289532
"conditionnel + trimestriels","Pêche",2022-09-30,5,0,0.0257815890393345,2022-06-30,-0.424362348289532
"conditionnel sans trimestriels","Pêche",2022-09-30,5,0,0.0257815890393345,2022-06-30,-0.424362348289532
"marginal + trimestriels","Industrie d'extraction",2022-09-30,3,3,0.00139285770763875,2022-06-30,-0.0421248811824597
"marginal sans trimestriels","Industrie d'extraction",2022-09-30,0,0,,,-0.0421248811824597
"conditionnel + trimestriels","Industrie d'extraction",2022-09-30,1,1,-0.0150225162351567,2022-06-30,-0.0421248811824597
"conditionnel sans trimestriels","Industrie d'extraction",2022-09-30,0,0,,,-0.0421248811824597
"marginal + trimestriels","Industrie de transformation",2022-09-30,5,5,0.0518752785170177,2022-06-30,0.00503674468161641
"marginal sans trimestriels","Industrie de transformation",2022-09-30,5,0,-0.0353297837669215,2022-06-30,0.00503674468161641
"conditionnel + trimestriels","Industrie de transformation",2022-09-30,5,5,0.198561805685331,2022-06-30,0.00503674468161641
"conditionnel sans trimestriels","Industrie de transformation",2022-09-30,4,0,0.00795903535699843,2022-06-30,0.00503674468161641
"marginal + trimestriels","Électricité, gaz, eau",2022-09-30,5,0,0.0186760772104328,2022-06-30,-0.00480416973629261
"marginal sans trimestriels","Électricité, gaz, eau",2022-09-30,5,0,0.0186760772104328,2022-06-30,-0.00480416973629261
"conditionnel + trimestriels","Électricité, gaz, eau",2022-09-30,5,0,-0.0138476151022055,2022-06-30,-0.00480416973629261
"conditionnel sans trimestriels","Électricité, gaz, eau",2022-09-30,5,0,-0.0138476151022055,2022-06-30,-0.00480416973629261
"marginal + trimestriels","Construction",2022-09-30,1,0,0.00448150755758655,2022-06-30,-0.0309753266623467
"marginal sans trimestriels","Construction",2022-09-30,1,0,0.00448150755758655,2022-06-30,-0.0309753266623467
"conditionnel + trimestriels","Construction",2022-09-30,1,0,0.00448150755758655,2022-06-30,-0.0309753266623467
"conditionnel sans trimestriels","Construction",2022-09-30,1,0,0.00448150755758655,2022-06-30,-0.0309753266623467
"marginal + trimestriels","Commerce",2022-09-30,2,0,0.0161706789094201,2022-06-30,-0.00708032889736465
"marginal sans trimestriels","Commerce",2022-09-30,2,0,0.0161706789094201,2022-06-30,-0.00708032889736465
"conditionnel + trimestriels","Commerce",2022-09-30,3,0,0.00559734833689075,2022-06-30,-0.00708032889736465
"conditionnel sans trimestriels","Commerce",2022-09-30,3,0,0.00559734833689075,2022-06-30,-0.00708032889736465
"marginal + trimestriels","Transports",2022-09-30,0,0,,,0.0296892895055922
"marginal sans trimestriels","Transports",2022-09-30,0,0,,,0.0296892895055922
"conditionnel + trimestriels","Transports",2022-09-30,0,0,,,0.0296892895055922
"conditionnel sans trimestriels","Transports",2022-09-30,0,0,,,0.0296892895055922
"marginal + trimestriels","Hébergement-restauration",2022-09-30,3,1,0.0698492171859972,2022-06-30,0.172534150339882
"marginal sans trimestriels","Hébergement-restauration",2022-09-30,2,0,0.0692316256859331,2022-06-30,0.172534150339882
"conditionnel + trimestriels","Hébergement-restauration",2022-09-30,2,0,0.0692316256859331,2022-06-30,0.172534150339882
"conditionnel sans trimestriels","Hébergement-restauration",2022-09-30,2,0,0.0692316256859331,2022-06-30,0.172534150339882
"marginal + trimestriels","Information-communication",2022-09-30,1,1,0.0151773925978273,2022-06-30,0.0112829099708271
"marginal sans trimestriels","Information-communication",2022-09-30,0,0,,,0.0112829099708271
"conditionnel + trimestriels","Information-communication",2022-09-30,1,1,0.0151773925978273,2022-06-30,0.0112829099708271
"conditionnel sans trimestriels","Information-communication",2022-09-30,0,0,,,0.0112829099708271
"marginal + trimestriels","Finances et assurances",2022-09-30,5,0,0.00769057406516276,2022-06-30,0.0122236867003789
"marginal sans trimestriels","Finances et assurances",2022-09-30,5,0,0.00769057406516276,2022-06-30,0.0122236867003789
"conditionnel + trimestriels","Finances et assurances",2022-09-30,3,0,0.00848455601061984,2022-06-30,0.0122236867003789
"conditionnel sans trimestriels","Finances et assurances",2022-09-30,3,0,0.00848455601061984,2022-06-30,0.0122236867003789
"marginal + trimestriels","Immobilier",2022-09-30,1,0,0.00429152672474764,2022-06-30,0.00192740181735829
"marginal sans trimestriels","Immobilier",2022-09-30,1,0,0.00429152672474764,2022-06-30,0.00192740181735829
"conditionnel + trimestriels","Immobilier",2022-09-30,1,0,0.00429152672474764,2022-06-30,0.00192740181735829
"conditionnel sans trimestriels","Immobilier",2022-09-30,1,0,0.00429152672474764,2022-06-30,0.00192740181735829
"marginal + trimestriels","Agriculture",2022-12-31,0,0,,,-0.00919879348349895
"marginal sans trimestriels","Agriculture",2022-12-31,0,0,,,-0.00919879348349895
"conditionnel + trimestriels","Agriculture",2022-12-31,0,0,,,-0.00919879348349895
"conditionnel sans trimestriels","Agriculture",2022-12-31,0,0,,,-0.00919879348349895
"marginal + trimestriels","Pêche",2022-12-31,3,1,0.118450784754352,2022-09-30,0.537806048836181
"marginal sans trimestriels","Pêche",2022-12-31,2,0,0.117850246483043,2022-09-30,0.537806048836181
"conditionnel + trimestriels","Pêche",2022-12-31,1,0,0.0820336432254502,2022-09-30,0.537806048836181
"conditionnel sans trimestriels","Pêche",2022-12-31,1,0,0.0820336432254502,2022-09-30,0.537806048836181
"marginal + trimestriels","Industrie d'extraction",2022-12-31,3,3,-0.0395429631002283,2022-09-30,-0.216757201746969
"marginal sans trimestriels","Industrie d'extraction",2022-12-31,0,0,,,-0.216757201746969
"conditionnel + trimestriels","Industrie d'extraction",2022-12-31,1,1,-0.0479432371526929,2022-09-30,-0.216757201746969
"conditionnel sans trimestriels","Industrie d'extraction",2022-12-31,0,0,,,-0.216757201746969
"marginal + trimestriels","Industrie de transformation",2022-12-31,5,5,-0.00706884391439349,2022-09-30,-0.00375576483451212
"marginal sans trimestriels","Industrie de transformation",2022-12-31,5,0,0.0268646367621442,2022-09-30,-0.00375576483451212
"conditionnel + trimestriels","Industrie de transformation",2022-12-31,5,3,0.045860629581197,2022-09-30,-0.00375576483451212
"conditionnel sans trimestriels","Industrie de transformation",2022-12-31,4,0,0.0211306693334617,2022-09-30,-0.00375576483451212
"marginal + trimestriels","Électricité, gaz, eau",2022-12-31,5,0,-0.000478991256923939,2022-09-30,-0.0308377748401991
"marginal sans trimestriels","Électricité, gaz, eau",2022-12-31,5,0,-0.000478991256923939,2022-09-30,-0.0308377748401991
"conditionnel + trimestriels","Électricité, gaz, eau",2022-12-31,5,0,-0.0125471037208546,2022-09-30,-0.0308377748401991
"conditionnel sans trimestriels","Électricité, gaz, eau",2022-12-31,5,0,-0.0125471037208546,2022-09-30,-0.0308377748401991
"marginal + trimestriels","Construction",2022-12-31,0,0,,,-0.0138810252956052
"marginal sans trimestriels","Construction",2022-12-31,0,0,,,-0.0138810252956052
"conditionnel + trimestriels","Construction",2022-12-31,0,0,,,-0.0138810252956052
"conditionnel sans trimestriels","Construction",2022-12-31,0,0,,,-0.0138810252956052
"marginal + trimestriels","Commerce",2022-12-31,2,0,0.00318609604247535,2022-09-30,0.0110248570649674
"marginal sans trimestriels","Commerce",2022-12-31,2,0,0.00318609604247535,2022-09-30,0.0110248570649674
"conditionnel + trimestriels","Commerce",2022-12-31,2,1,0.0155703309977629,2022-09-30,0.0110248570649674
"conditionnel sans trimestriels","Commerce",2022-12-31,3,0,-0.00377667735233876,2022-09-30,0.0110248570649674
"marginal + trimestriels","Transports",2022-12-31,0,0,,,-0.00518075012109698
"marginal sans trimestriels","Transports",2022-12-31,0,0,,,-0.00518075012109698
"conditionnel + trimestriels","Transports",2022-12-31,0,0,,,-0.00518075012109698
"conditionnel sans trimestriels","Transports",2022-12-31,0,0,,,-0.00518075012109698
"marginal + trimestriels","Hébergement-restauration",2022-12-31,3,1,0.0448632072099365,2022-09-30,0.0347188375472669
"marginal sans trimestriels","Hébergement-restauration",2022-12-31,2,0,0.0500778096312337,2022-09-30,0.0347188375472669
"conditionnel + trimestriels","Hébergement-restauration",2022-12-31,2,0,0.0500778096312337,2022-09-30,0.0347188375472669
"conditionnel sans trimestriels","Hébergement-restauration",2022-12-31,2,0,0.0500778096312337,2022-09-30,0.0347188375472669
"marginal + trimestriels","Information-communication",2022-12-31,1,1,0.0147891626507753,2022-09-30,-0.0182958711637902
"marginal sans trimestriels","Information-communication",2022-12-31,0,0,,,-0.0182958711637902
"conditionnel + trimestriels","Information-communication",2022-12-31,1,1,0.0147891626507753,2022-09-30,-0.0182958711637902
"conditionnel sans trimestriels","Information-communication",2022-12-31,0,0,,,-0.0182958711637902
"marginal + trimestriels","Finances et assurances",2022-12-31,5,0,0.00964811436399565,2022-09-30,0.00818990746985371
"marginal sans trimestriels","Finances et assurances",2022-12-31,5,0,0.00964811436399565,2022-09-30,0.00818990746985371
"conditionnel + trimestriels","Finances et assurances",2022-12-31,3,0,0.00987806336236453,2022-09-30,0.00818990746985371
"conditionnel sans trimestriels","Finances et assurances",2022-12-31,3,0,0.00987806336236453,2022-09-30,0.00818990746985371
"marginal + trimestriels","Immobilier",2022-12-31,2,0,0.00369381507350868,2022-09-30,0.00286217020537194
"marginal sans trimestriels","Immobilier",2022-12-31,2,0,0.00369381507350868,2022-09-30,0.00286217020537194
"conditionnel + trimestriels","Immobilier",2022-12-31,1,0,0.00549244436230654,2022-09-30,0.00286217020537194
"conditionnel sans trimestriels","Immobilier",2022-12-31,1,0,0.00549244436230654,2022-09-30,0.00286217020537194
"marginal + trimestriels","Agriculture",2023-03-31,0,0,,,0.0350757280012495
"marginal sans trimestriels","Agriculture",2023-03-31,0,0,,,0.0350757280012495
"conditionnel + trimestriels","Agriculture",2023-03-31,0,0,,,0.0350757280012495
"conditionnel sans trimestriels","Agriculture",2023-03-31,0,0,,,0.0350757280012495
"marginal + trimestriels","Pêche",2023-03-31,3,1,-0.231254888158645,2022-12-31,-0.196422814008341
"marginal sans trimestriels","Pêche",2023-03-31,2,0,-0.233236574592725,2022-12-31,-0.196422814008341
"conditionnel + trimestriels","Pêche",2023-03-31,2,0,-0.233236574592725,2022-12-31,-0.196422814008341
"conditionnel sans trimestriels","Pêche",2023-03-31,2,0,-0.233236574592725,2022-12-31,-0.196422814008341
"marginal + trimestriels","Industrie d'extraction",2023-03-31,2,2,-0.138281773697195,2022-12-31,0.0973621473997142
"marginal sans trimestriels","Industrie d'extraction",2023-03-31,0,0,,,0.0973621473997142
"conditionnel + trimestriels","Industrie d'extraction",2023-03-31,1,1,-0.145551571387514,2022-12-31,0.0973621473997142
"conditionnel sans trimestriels","Industrie d'extraction",2023-03-31,1,0,-0.144453966702796,2022-12-31,0.0973621473997142
"marginal + trimestriels","Industrie de transformation",2023-03-31,5,5,-0.020289627428973,2022-12-31,0.00769564383733545
"marginal sans trimestriels","Industrie de transformation",2023-03-31,5,0,0.0108348570943338,2022-12-31,0.00769564383733545
"conditionnel + trimestriels","Industrie de transformation",2023-03-31,5,4,0.0437928551235568,2022-12-31,0.00769564383733545
"conditionnel sans trimestriels","Industrie de transformation",2023-03-31,4,0,0.0587855237352538,2022-12-31,0.00769564383733545
"marginal + trimestriels","Électricité, gaz, eau",2023-03-31,5,0,-0.00826184993932349,2022-12-31,-0.122401604802485
"marginal sans trimestriels","Électricité, gaz, eau",2023-03-31,5,0,-0.00826184993932349,2022-12-31,-0.122401604802485
"conditionnel + trimestriels","Électricité, gaz, eau",2023-03-31,5,0,-0.039183293925002,2022-12-31,-0.122401604802485
"conditionnel sans trimestriels","Électricité, gaz, eau",2023-03-31,5,0,-0.039183293925002,2022-12-31,-0.122401604802485
"marginal + trimestriels","Construction",2023-03-31,0,0,,,0.0264176726138974
"marginal sans trimestriels","Construction",2023-03-31,0,0,,,0.0264176726138974
"conditionnel + trimestriels","Construction",2023-03-31,0,0,,,0.0264176726138974
"conditionnel sans trimestriels","Construction",2023-03-31,0,0,,,0.0264176726138974
"marginal + trimestriels","Commerce",2023-03-31,1,0,0.0182193938342152,2022-12-31,0.0160767305589786
"marginal sans trimestriels","Commerce",2023-03-31,1,0,0.0182193938342152,2022-12-31,0.0160767305589786
"conditionnel + trimestriels","Commerce",2023-03-31,2,1,-0.00368796307512913,2022-12-31,0.0160767305589786
"conditionnel sans trimestriels","Commerce",2023-03-31,1,0,0.0182193938342152,2022-12-31,0.0160767305589786
"marginal + trimestriels","Transports",2023-03-31,0,0,,,0.0341097935940446
"marginal sans trimestriels","Transports",2023-03-31,0,0,,,0.0341097935940446
"conditionnel + trimestriels","Transports",2023-03-31,0,0,,,0.0341097935940446
"conditionnel sans trimestriels","Transports",2023-03-31,0,0,,,0.0341097935940446
"marginal + trimestriels","Hébergement-restauration",2023-03-31,5,1,0.00440241992589297,2022-03-31,0.0350713189035368
"marginal sans trimestriels","Hébergement-restauration",2023-03-31,4,0,0.00558422891684236,2022-03-31,0.0350713189035368
"conditionnel + trimestriels","Hébergement-restauration",2023-03-31,2,0,0.0086890782870264,2022-03-31,0.0350713189035368
"conditionnel sans trimestriels","Hébergement-restauration",2023-03-31,2,0,0.0086890782870264,2022-03-31,0.0350713189035368
"marginal + trimestriels","Information-communication",2023-03-31,1,1,0.015185339745186,2022-12-31,0.0550902776591649
"marginal sans trimestriels","Information-communication",2023-03-31,0,0,,,0.0550902776591649
"conditionnel + trimestriels","Information-communication",2023-03-31,1,1,0.015185339745186,2022-12-31,0.0550902776591649
"conditionnel sans trimestriels","Information-communication",2023-03-31,0,0,,,0.0550902776591649
"marginal + trimestriels","Finances et assurances",2023-03-31,5,0,-1.20055992339081e-05,2022-12-31,0.0177076136496304
"marginal sans trimestriels","Finances et assurances",2023-03-31,5,0,-1.20055992339081e-05,2022-12-31,0.0177076136496304
"conditionnel + trimestriels","Finances et assurances",2023-03-31,3,0,0.0019555993121123,2022-12-31,0.0177076136496304
"conditionnel sans trimestriels","Finances et assurances",2023-03-31,3,0,0.0019555993121123,2022-12-31,0.0177076136496304
"marginal + trimestriels","Immobilier",2023-03-31,3,0,0.00109480325196024,2022-12-31,0.0186492473499342
"marginal sans trimestriels","Immobilier",2023-03-31,3,0,0.00109480325196024,2022-12-31,0.0186492473499342
"conditionnel + trimestriels","Immobilier",2023-03-31,1,0,0.00489361782058104,2022-12-31,0.0186492473499342
"conditionnel sans trimestriels","Immobilier",2023-03-31,1,0,0.00489361782058104,2022-12-31,0.0186492473499342
"marginal + trimestriels","Agriculture",2023-06-30,0,0,,,-0.0122701816794795
"marginal sans trimestriels","Agriculture",2023-06-30,0,0,,,-0.0122701816794795
"conditionnel + trimestriels","Agriculture",2023-06-30,0,0,,,-0.0122701816794795
"conditionnel sans trimestriels","Agriculture",2023-06-30,0,0,,,-0.0122701816794795
"marginal + trimestriels","Pêche",2023-06-30,2,0,0.0939366606527572,2022-09-30,0.108653138186501
"marginal sans trimestriels","Pêche",2023-06-30,2,0,0.0939366606527572,2022-09-30,0.108653138186501
"conditionnel + trimestriels","Pêche",2023-06-30,1,0,0.0694981219349359,2022-09-30,0.108653138186501
"conditionnel sans trimestriels","Pêche",2023-06-30,1,0,0.0694981219349359,2022-09-30,0.108653138186501
"marginal + trimestriels","Industrie d'extraction",2023-06-30,2,2,0.0281554191635887,2023-03-31,2.03357431196594e-05
"marginal sans trimestriels","Industrie d'extraction",2023-06-30,0,0,,,2.03357431196594e-05
"conditionnel + trimestriels","Industrie d'extraction",2023-06-30,1,1,0.0014627450737996,2023-03-31,2.03357431196594e-05
"conditionnel sans trimestriels","Industrie d'extraction",2023-06-30,0,0,,,2.03357431196594e-05
"marginal + trimestriels","Industrie de transformation",2023-06-30,5,5,0.0264011295578618,2023-03-31,-0.0170061439275049
"marginal sans trimestriels","Industrie de transformation",2023-06-30,5,0,-0.028353963316946,2023-03-31,-0.0170061439275049
"conditionnel + trimestriels","Industrie de transformation",2023-06-30,5,3,-0.0900281537396864,2023-03-31,-0.0170061439275049
"conditionnel sans trimestriels","Industrie de transformation",2023-06-30,4,0,0.0662786598025421,2023-03-31,-0.0170061439275049
"marginal + trimestriels","Électricité, gaz, eau",2023-06-30,5,0,0.0990488169951148,2023-03-31,0.0472201858772916
"marginal sans trimestriels","Électricité, gaz, eau",2023-06-30,5,0,0.0990488169951148,2023-03-31,0.0472201858772916
"conditionnel + trimestriels","Électricité, gaz, eau",2023-06-30,5,0,0.066248865913004,2023-03-31,0.0472201858772916
"conditionnel sans trimestriels","Électricité, gaz, eau",2023-06-30,5,0,0.066248865913004,2023-03-31,0.0472201858772916
"marginal + trimestriels","Construction",2023-06-30,0,0,,,0.00252741405244095
"marginal sans trimestriels","Construction",2023-06-30,0,0,,,0.00252741405244095
"conditionnel + trimestriels","Construction",2023-06-30,0,0,,,0.00252741405244095
"conditionnel sans trimestriels","Construction",2023-06-30,0,0,,,0.00252741405244095
"marginal + trimestriels","Commerce",2023-06-30,4,0,0.00846172700813452,2023-03-31,0.00646517716538497
"marginal sans trimestriels","Commerce",2023-06-30,4,0,0.00846172700813452,2023-03-31,0.00646517716538497
"conditionnel + trimestriels","Commerce",2023-06-30,2,0,0.00755778631969506,2023-03-31,0.00646517716538497
"conditionnel sans trimestriels","Commerce",2023-06-30,2,0,0.00755778631969506,2023-03-31,0.00646517716538497
"marginal + trimestriels","Transports",2023-06-30,0,0,,,0.0106539923050857
"marginal sans trimestriels","Transports",2023-06-30,0,0,,,0.0106539923050857
"conditionnel + trimestriels","Transports",2023-06-30,0,0,,,0.0106539923050857
"conditionnel sans trimestriels","Transports",2023-06-30,0,0,,,0.0106539923050857
"marginal + trimestriels","Hébergement-restauration",2023-06-30,5,1,0.0342020858957269,2023-03-31,0.0285381802766143
"marginal sans trimestriels","Hébergement-restauration",2023-06-30,4,0,0.0353145468047548,2023-03-31,0.0285381802766143
"conditionnel + trimestriels","Hébergement-restauration",2023-06-30,2,0,0.0395239001113957,2023-03-31,0.0285381802766143
"conditionnel sans trimestriels","Hébergement-restauration",2023-06-30,2,0,0.0395239001113957,2023-03-31,0.0285381802766143
"marginal + trimestriels","Information-communication",2023-06-30,1,1,0.0130178578514213,2023-03-31,0.0108067356801964
"marginal sans trimestriels","Information-communication",2023-06-30,0,0,,,0.0108067356801964
"conditionnel + trimestriels","Information-communication",2023-06-30,1,1,0.0130178578514213,2023-03-31,0.0108067356801964
"conditionnel sans trimestriels","Information-communication",2023-06-30,0,0,,,0.0108067356801964
"marginal + trimestriels","Finances et assurances",2023-06-30,5,0,0.012705237901042,2023-03-31,0.0142309413674457
"marginal sans trimestriels","Finances et assurances",2023-06-30,5,0,0.012705237901042,2023-03-31,0.0142309413674457
"conditionnel + trimestriels","Finances et assurances",2023-06-30,4,1,0.00352856751868138,2023-03-31,0.0142309413674457
"conditionnel sans trimestriels","Finances et assurances",2023-06-30,3,0,0.0140648724768868,2023-03-31,0.0142309413674457
"marginal + trimestriels","Immobilier",2023-06-30,1,0,0.0100737449420033,2023-03-31,0.00433516318523708
"marginal sans trimestriels","Immobilier",2023-06-30,1,0,0.0100737449420033,2023-03-31,0.00433516318523708
"conditionnel + trimestriels","Immobilier",2023-06-30,1,0,0.0100737449420033,2023-03-31,0.00433516318523708
"conditionnel sans trimestriels","Immobilier",2023-06-30,1,0,0.0100737449420033,2023-03-31,0.00433516318523708
"marginal + trimestriels","Agriculture",2023-09-30,0,0,,,-0.00378759914928928
"marginal sans trimestriels","Agriculture",2023-09-30,0,0,,,-0.00378759914928928
"conditionnel + trimestriels","Agriculture",2023-09-30,0,0,,,-0.00378759914928928
"conditionnel sans trimestriels","Agriculture",2023-09-30,0,0,,,-0.00378759914928928
"marginal + trimestriels","Pêche",2023-09-30,2,0,-0.14216795958843,2023-06-30,0.0833031314032056
"marginal sans trimestriels","Pêche",2023-09-30,2,0,-0.14216795958843,2023-06-30,0.0833031314032056
"conditionnel + trimestriels","Pêche",2023-09-30,1,0,-0.148942598969552,2023-06-30,0.0833031314032056
"conditionnel sans trimestriels","Pêche",2023-09-30,1,0,-0.148942598969552,2023-06-30,0.0833031314032056
"marginal + trimestriels","Industrie d'extraction",2023-09-30,2,2,0.0139136084656193,2023-06-30,0.0733392840223264
"marginal sans trimestriels","Industrie d'extraction",2023-09-30,0,0,,,0.0733392840223264
"conditionnel + trimestriels","Industrie d'extraction",2023-09-30,2,1,0.036527618125447,2023-06-30,0.0733392840223264
"conditionnel sans trimestriels","Industrie d'extraction",2023-09-30,0,0,,,0.0733392840223264
"marginal + trimestriels","Industrie de transformation",2023-09-30,5,5,-0.0126291581721691,2023-06-30,0.0317188158621384
"marginal sans trimestriels","Industrie de transformation",2023-09-30,5,0,0.0436347775951176,2023-06-30,0.0317188158621384
"conditionnel + trimestriels","Industrie de transformation",2023-09-30,5,3,0.0223158924545156,2023-06-30,0.0317188158621384
"conditionnel sans trimestriels","Industrie de transformation",2023-09-30,4,0,0.0255192203393258,2023-06-30,0.0317188158621384
"marginal + trimestriels","Électricité, gaz, eau",2023-09-30,5,0,-0.0209729535490743,2023-06-30,0.00207719445817389
"marginal sans trimestriels","Électricité, gaz, eau",2023-09-30,5,0,-0.0209729535490743,2023-06-30,0.00207719445817389
"conditionnel + trimestriels","Électricité, gaz, eau",2023-09-30,5,0,-0.0798151785673926,2023-06-30,0.00207719445817389
"conditionnel sans trimestriels","Électricité, gaz, eau",2023-09-30,5,0,-0.0798151785673926,2023-06-30,0.00207719445817389
"marginal + trimestriels","Construction",2023-09-30,0,0,,,0.00248876146185317
"marginal sans trimestriels","Construction",2023-09-30,0,0,,,0.00248876146185317
"conditionnel + trimestriels","Construction",2023-09-30,0,0,,,0.00248876146185317
"conditionnel sans trimestriels","Construction",2023-09-30,0,0,,,0.00248876146185317
"marginal + trimestriels","Commerce",2023-09-30,4,0,0.00248065802581014,2023-06-30,0.00237756549880963
"marginal sans trimestriels","Commerce",2023-09-30,4,0,0.00248065802581014,2023-06-30,0.00237756549880963
"conditionnel + trimestriels","Commerce",2023-09-30,2,0,0.00186490142251336,2023-06-30,0.00237756549880963
"conditionnel sans trimestriels","Commerce",2023-09-30,2,0,0.00186490142251336,2023-06-30,0.00237756549880963
"marginal + trimestriels","Transports",2023-09-30,0,0,,,0.00294728832205848
"marginal sans trimestriels","Transports",2023-09-30,0,0,,,0.00294728832205848
"conditionnel + trimestriels","Transports",2023-09-30,0,0,,,0.00294728832205848
"conditionnel sans trimestriels","Transports",2023-09-30,0,0,,,0.00294728832205848
"marginal + trimestriels","Hébergement-restauration",2023-09-30,5,1,-0.0042858471232774,2023-06-30,0.0131680998376478
"marginal sans trimestriels","Hébergement-restauration",2023-09-30,4,0,-0.00629483183251466,2023-06-30,0.0131680998376478
"conditionnel + trimestriels","Hébergement-restauration",2023-09-30,2,0,-0.00771320727376863,2023-06-30,0.0131680998376478
"conditionnel sans trimestriels","Hébergement-restauration",2023-09-30,2,0,-0.00771320727376863,2023-06-30,0.0131680998376478
"marginal + trimestriels","Information-communication",2023-09-30,1,1,0.0149147376141294,2023-06-30,-0.00473773465213512
"marginal sans trimestriels","Information-communication",2023-09-30,0,0,,,-0.00473773465213512
"conditionnel + trimestriels","Information-communication",2023-09-30,1,1,0.0149147376141294,2023-06-30,-0.00473773465213512
"conditionnel sans trimestriels","Information-communication",2023-09-30,0,0,,,-0.00473773465213512
"marginal + trimestriels","Finances et assurances",2023-09-30,5,0,0.0089274151931457,2023-06-30,0.0138611051650379
"marginal sans trimestriels","Finances et assurances",2023-09-30,5,0,0.0089274151931457,2023-06-30,0.0138611051650379
"conditionnel + trimestriels","Finances et assurances",2023-09-30,4,1,0.018834084567434,2023-06-30,0.0138611051650379
"conditionnel sans trimestriels","Finances et assurances",2023-09-30,3,0,0.010262319595068,2023-06-30,0.0138611051650379
"marginal + trimestriels","Immobilier",2023-09-30,1,0,0.00607178191878477,2023-06-30,0.000940152450292331
"marginal sans trimestriels","Immobilier",2023-09-30,1,0,0.00607178191878477,2023-06-30,0.000940152450292331
"conditionnel + trimestriels","Immobilier",2023-09-30,1,0,0.00607178191878477,2023-06-30,0.000940152450292331
"conditionnel sans trimestriels","Immobilier",2023-09-30,1,0,0.00607178191878477,2023-06-30,0.000940152450292331
"marginal + trimestriels","Agriculture",2023-12-31,0,0,,,-0.00788085316350973
"marginal sans trimestriels","Agriculture",2023-12-31,0,0,,,-0.00788085316350973
"conditionnel + trimestriels","Agriculture",2023-12-31,0,0,,,-0.00788085316350973
"conditionnel sans trimestriels","Agriculture",2023-12-31,0,0,,,-0.00788085316350973
"marginal + trimestriels","Pêche",2023-12-31,5,0,0.119179712660825,2022-09-30,-0.169722558184949
"marginal sans trimestriels","Pêche",2023-12-31,5,0,0.119179712660825,2022-09-30,-0.169722558184949
"conditionnel + trimestriels","Pêche",2023-12-31,1,0,-0.024692548892293,2022-09-30,-0.169722558184949
"conditionnel sans trimestriels","Pêche",2023-12-31,1,0,-0.024692548892293,2022-09-30,-0.169722558184949
"marginal + trimestriels","Industrie d'extraction",2023-12-31,2,2,0.031335431644485,2023-09-30,0.113749741354164
"marginal sans trimestriels","Industrie d'extraction",2023-12-31,0,0,,,0.113749741354164
"conditionnel + trimestriels","Industrie d'extraction",2023-12-31,3,2,0.0890479086786902,2023-09-30,0.113749741354164
"conditionnel sans trimestriels","Industrie d'extraction",2023-12-31,0,0,,,0.113749741354164
"marginal + trimestriels","Industrie de transformation",2023-12-31,5,4,0.031781892258584,2023-09-30,0.0560799603193818
"marginal sans trimestriels","Industrie de transformation",2023-12-31,5,0,0.00515458362962121,2023-09-30,0.0560799603193818
"conditionnel + trimestriels","Industrie de transformation",2023-12-31,5,3,-0.033189032061942,2023-09-30,0.0560799603193818
"conditionnel sans trimestriels","Industrie de transformation",2023-12-31,4,0,0.00390972738184419,2023-09-30,0.0560799603193818
"marginal + trimestriels","Électricité, gaz, eau",2023-12-31,5,0,-0.0340996930856143,2023-09-30,-0.0104818116311538
"marginal sans trimestriels","Électricité, gaz, eau",2023-12-31,5,0,-0.0340996930856143,2023-09-30,-0.0104818116311538
"conditionnel + trimestriels","Électricité, gaz, eau",2023-12-31,4,0,0.0147252975554575,2023-09-30,-0.0104818116311538
"conditionnel sans trimestriels","Électricité, gaz, eau",2023-12-31,4,0,0.0147252975554575,2023-09-30,-0.0104818116311538
"marginal + trimestriels","Construction",2023-12-31,0,0,,,0.00486264809430104
"marginal sans trimestriels","Construction",2023-12-31,0,0,,,0.00486264809430104
"conditionnel + trimestriels","Construction",2023-12-31,0,0,,,0.00486264809430104
"conditionnel sans trimestriels","Construction",2023-12-31,0,0,,,0.00486264809430104
"marginal + trimestriels","Commerce",2023-12-31,4,0,-0.0130629818131524,2023-09-30,0.00844315463132972
"marginal sans trimestriels","Commerce",2023-12-31,4,0,-0.0130629818131524,2023-09-30,0.00844315463132972
"conditionnel + trimestriels","Commerce",2023-12-31,2,0,-0.012561968586524,2023-09-30,0.00844315463132972
"conditionnel sans trimestriels","Commerce",2023-12-31,2,0,-0.012561968586524,2023-09-30,0.00844315463132972
"marginal + trimestriels","Transports",2023-12-31,0,0,,,0.0143046496502013
"marginal sans trimestriels","Transports",2023-12-31,0,0,,,0.0143046496502013
"conditionnel + trimestriels","Transports",2023-12-31,0,0,,,0.0143046496502013
"conditionnel sans trimestriels","Transports",2023-12-31,0,0,,,0.0143046496502013
"marginal + trimestriels","Hébergement-restauration",2023-12-31,5,1,0.0201212096894735,2023-09-30,0.00454308251082303
"marginal sans trimestriels","Hébergement-restauration",2023-12-31,4,0,0.0194779488576625,2023-09-30,0.00454308251082303
"conditionnel + trimestriels","Hébergement-restauration",2023-12-31,2,0,0.0176928910560267,2023-09-30,0.00454308251082303
"conditionnel sans trimestriels","Hébergement-restauration",2023-12-31,2,0,0.0176928910560267,2023-09-30,0.00454308251082303
"marginal + trimestriels","Information-communication",2023-12-31,1,1,0.0152849632672684,2023-09-30,-0.000895282531592656
"marginal sans trimestriels","Information-communication",2023-12-31,0,0,,,-0.000895282531592656
"conditionnel + trimestriels","Information-communication",2023-12-31,1,1,0.0152849632672684,2023-09-30,-0.000895282531592656
"conditionnel sans trimestriels","Information-communication",2023-12-31,0,0,,,-0.000895282531592656
"marginal + trimestriels","Finances et assurances",2023-12-31,5,0,0.015446143669662,2023-09-30,0.0205123675274645
"marginal sans trimestriels","Finances et assurances",2023-12-31,5,0,0.015446143669662,2023-09-30,0.0205123675274645
"conditionnel + trimestriels","Finances et assurances",2023-12-31,4,1,0.0128224739232257,2023-09-30,0.0205123675274645
"conditionnel sans trimestriels","Finances et assurances",2023-12-31,3,0,0.0147880789736325,2023-09-30,0.0205123675274645
"marginal + trimestriels","Immobilier",2023-12-31,1,0,0.00556139768099844,2023-09-30,0.00367575702520995
"marginal sans trimestriels","Immobilier",2023-12-31,1,0,0.00556139768099844,2023-09-30,0.00367575702520995
"conditionnel + trimestriels","Immobilier",2023-12-31,1,0,0.00556139768099844,2023-09-30,0.00367575702520995
"conditionnel sans trimestriels","Immobilier",2023-12-31,1,0,0.00556139768099844,2023-09-30,0.00367575702520995
"marginal + trimestriels","Agriculture",2024-03-31,0,0,,,-0.0365847420386523
"marginal sans trimestriels","Agriculture",2024-03-31,0,0,,,-0.0365847420386523
"conditionnel + trimestriels","Agriculture",2024-03-31,0,0,,,-0.0365847420386523
"conditionnel sans trimestriels","Agriculture",2024-03-31,0,0,,,-0.0365847420386523
"marginal + trimestriels","Pêche",2024-03-31,5,0,0.101784256985919,2023-12-31,0.137736263229147
"marginal sans trimestriels","Pêche",2024-03-31,5,0,0.101784256985919,2023-12-31,0.137736263229147
"conditionnel + trimestriels","Pêche",2024-03-31,1,0,0.0634059968521336,2023-12-31,0.137736263229147
"conditionnel sans trimestriels","Pêche",2024-03-31,1,0,0.0634059968521336,2023-12-31,0.137736263229147
"marginal + trimestriels","Industrie d'extraction",2024-03-31,2,2,-0.0570285159153786,2023-12-31,-0.0252607257677209
"marginal sans trimestriels","Industrie d'extraction",2024-03-31,0,0,,,-0.0252607257677209
"conditionnel + trimestriels","Industrie d'extraction",2024-03-31,3,2,-0.108338827041828,2023-12-31,-0.0252607257677209
"conditionnel sans trimestriels","Industrie d'extraction",2024-03-31,0,0,,,-0.0252607257677209
"marginal + trimestriels","Industrie de transformation",2024-03-31,5,4,-0.0280906212736091,2023-12-31,-0.0663244948448725
"marginal sans trimestriels","Industrie de transformation",2024-03-31,5,0,-0.0260774869606473,2023-12-31,-0.0663244948448725
"conditionnel + trimestriels","Industrie de transformation",2024-03-31,5,3,0.00774586490693046,2023-12-31,-0.0663244948448725
"conditionnel sans trimestriels","Industrie de transformation",2024-03-31,4,0,0.0236101829808542,2023-12-31,-0.0663244948448725
"marginal + trimestriels","Électricité, gaz, eau",2024-03-31,5,0,-0.0493506247170769,2023-12-31,0.0293667797510366
"marginal sans trimestriels","Électricité, gaz, eau",2024-03-31,5,0,-0.0493506247170769,2023-12-31,0.0293667797510366
"conditionnel + trimestriels","Électricité, gaz, eau",2024-03-31,4,0,-0.0480938042346625,2023-12-31,0.0293667797510366
"conditionnel sans trimestriels","Électricité, gaz, eau",2024-03-31,4,0,-0.0480938042346625,2023-12-31,0.0293667797510366
"marginal + trimestriels","Construction",2024-03-31,1,0,0.00651160728073925,2022-09-30,0.0243786805323758
"marginal sans trimestriels","Construction",2024-03-31,1,0,0.00651160728073925,2022-09-30,0.0243786805323758
"conditionnel + trimestriels","Construction",2024-03-31,1,0,0.00651160728073925,2022-09-30,0.0243786805323758
"conditionnel sans trimestriels","Construction",2024-03-31,1,0,0.00651160728073925,2022-09-30,0.0243786805323758
"marginal + trimestriels","Commerce",2024-03-31,4,0,-0.00547634998857171,2023-12-31,0.0184637520602795
"marginal sans trimestriels","Commerce",2024-03-31,4,0,-0.00547634998857171,2023-12-31,0.0184637520602795
"conditionnel + trimestriels","Commerce",2024-03-31,2,0,-0.00601899263687294,2023-12-31,0.0184637520602795
"conditionnel sans trimestriels","Commerce",2024-03-31,2,0,-0.00601899263687294,2023-12-31,0.0184637520602795
"marginal + trimestriels","Transports",2024-03-31,0,0,,,0.0448609908773161
"marginal sans trimestriels","Transports",2024-03-31,0,0,,,0.0448609908773161
"conditionnel + trimestriels","Transports",2024-03-31,0,0,,,0.0448609908773161
"conditionnel sans trimestriels","Transports",2024-03-31,0,0,,,0.0448609908773161
"marginal + trimestriels","Hébergement-restauration",2024-03-31,5,1,0.00898475275496108,2023-12-31,-0.0256302512562794
"marginal sans trimestriels","Hébergement-restauration",2024-03-31,4,0,0.00950734229153208,2023-12-31,-0.0256302512562794
"conditionnel + trimestriels","Hébergement-restauration",2024-03-31,2,0,0.00836189047597804,2023-12-31,-0.0256302512562794
"conditionnel sans trimestriels","Hébergement-restauration",2024-03-31,2,0,0.00836189047597804,2023-12-31,-0.0256302512562794
"marginal + trimestriels","Information-communication",2024-03-31,1,1,0.0148270684133483,2023-12-31,0.026793324234438
"marginal sans trimestriels","Information-communication",2024-03-31,0,0,,,0.026793324234438
"conditionnel + trimestriels","Information-communication",2024-03-31,1,1,0.0148270684133483,2023-12-31,0.026793324234438
"conditionnel sans trimestriels","Information-communication",2024-03-31,0,0,,,0.026793324234438
"marginal + trimestriels","Finances et assurances",2024-03-31,5,0,0.00914137971047391,2023-12-31,0.034226988537851
"marginal sans trimestriels","Finances et assurances",2024-03-31,5,0,0.00914137971047391,2023-12-31,0.034226988537851
"conditionnel + trimestriels","Finances et assurances",2024-03-31,4,1,0.0130052910904082,2023-12-31,0.034226988537851
"conditionnel sans trimestriels","Finances et assurances",2024-03-31,3,0,0.00908994672706489,2023-12-31,0.034226988537851
"marginal + trimestriels","Immobilier",2024-03-31,1,0,0.00586900462505929,2023-12-31,0.019358859355199
"marginal sans trimestriels","Immobilier",2024-03-31,1,0,0.00586900462505929,2023-12-31,0.019358859355199
"conditionnel + trimestriels","Immobilier",2024-03-31,1,0,0.00586900462505929,2023-12-31,0.019358859355199
"conditionnel sans trimestriels","Immobilier",2024-03-31,1,0,0.00586900462505929,2023-12-31,0.019358859355199
"marginal + trimestriels","Agriculture",2024-06-30,0,0,,,-0.00664188506091534
"marginal sans trimestriels","Agriculture",2024-06-30,0,0,,,-0.00664188506091534
"conditionnel + trimestriels","Agriculture",2024-06-30,0,0,,,-0.00664188506091534
"conditionnel sans trimestriels","Agriculture",2024-06-30,0,0,,,-0.00664188506091534
"marginal + trimestriels","Pêche",2024-06-30,5,0,-0.118788753190517,2024-03-31,-0.124393100066797
"marginal sans trimestriels","Pêche",2024-06-30,5,0,-0.118788753190517,2024-03-31,-0.124393100066797
"conditionnel + trimestriels","Pêche",2024-06-30,5,0,-0.124366114153193,2024-03-31,-0.124393100066797
"conditionnel sans trimestriels","Pêche",2024-06-30,5,0,-0.124366114153193,2024-03-31,-0.124393100066797
"marginal + trimestriels","Industrie d'extraction",2024-06-30,2,2,0.0297340859783122,2024-03-31,0.0070152744335843
"marginal sans trimestriels","Industrie d'extraction",2024-06-30,0,0,,,0.0070152744335843
"conditionnel + trimestriels","Industrie d'extraction",2024-06-30,3,2,0.0305003030764021,2024-03-31,0.0070152744335843
"conditionnel sans trimestriels","Industrie d'extraction",2024-06-30,0,0,,,0.0070152744335843
"marginal + trimestriels","Industrie de transformation",2024-06-30,5,5,0.00692279529969118,2024-03-31,-0.00790860641250291
"marginal sans trimestriels","Industrie de transformation",2024-06-30,5,0,-0.00734812545648909,2024-03-31,-0.00790860641250291
"conditionnel + trimestriels","Industrie de transformation",2024-06-30,5,3,-0.0171390192975086,2024-03-31,-0.00790860641250291
"conditionnel sans trimestriels","Industrie de transformation",2024-06-30,3,0,-0.0039072132309956,2024-03-31,-0.00790860641250291
"marginal + trimestriels","Électricité, gaz, eau",2024-06-30,5,0,-0.10604753380695,2024-03-31,-0.0474179307558522
"marginal sans trimestriels","Électricité, gaz, eau",2024-06-30,5,0,-0.10604753380695,2024-03-31,-0.0474179307558522
"conditionnel + trimestriels","Électricité, gaz, eau",2024-06-30,5,0,-0.084743217363664,2024-03-31,-0.0474179307558522
"conditionnel sans trimestriels","Électricité, gaz, eau",2024-06-30,5,0,-0.084743217363664,2024-03-31,-0.0474179307558522
"marginal + trimestriels","Construction",2024-06-30,1,0,0.00832276804843119,2024-03-31,0.0131434129712957
"marginal sans trimestriels","Construction",2024-06-30,1,0,0.00832276804843119,2024-03-31,0.0131434129712957
"conditionnel + trimestriels","Construction",2024-06-30,1,0,0.00832276804843119,2024-03-31,0.0131434129712957
"conditionnel sans trimestriels","Construction",2024-06-30,1,0,0.00832276804843119,2024-03-31,0.0131434129712957
"marginal + trimestriels","Commerce",2024-06-30,4,0,0.0249396992725347,2024-03-31,0.000290896215341618
"marginal sans trimestriels","Commerce",2024-06-30,4,0,0.0249396992725347,2024-03-31,0.000290896215341618
"conditionnel + trimestriels","Commerce",2024-06-30,2,0,0.0271735979073775,2024-03-31,0.000290896215341618
"conditionnel sans trimestriels","Commerce",2024-06-30,2,0,0.0271735979073775,2024-03-31,0.000290896215341618
"marginal + trimestriels","Transports",2024-06-30,0,0,,,0.0233315106872372
"marginal sans trimestriels","Transports",2024-06-30,0,0,,,0.0233315106872372
"conditionnel + trimestriels","Transports",2024-06-30,0,0,,,0.0233315106872372
"conditionnel sans trimestriels","Transports",2024-06-30,0,0,,,0.0233315106872372
"marginal + trimestriels","Hébergement-restauration",2024-06-30,5,1,0.0184825375799832,2024-03-31,0.0863211664480215
"marginal sans trimestriels","Hébergement-restauration",2024-06-30,4,0,0.0195095223795384,2024-03-31,0.0863211664480215
"conditionnel + trimestriels","Hébergement-restauration",2024-06-30,2,0,0.0206980013261403,2024-03-31,0.0863211664480215
"conditionnel sans trimestriels","Hébergement-restauration",2024-06-30,2,0,0.0206980013261403,2024-03-31,0.0863211664480215
"marginal + trimestriels","Information-communication",2024-06-30,1,1,0.0138588499204697,2024-03-31,0.001257668725545
"marginal sans trimestriels","Information-communication",2024-06-30,0,0,,,0.001257668725545
"conditionnel + trimestriels","Information-communication",2024-06-30,1,1,0.0138588499204697,2024-03-31,0.001257668725545
"conditionnel sans trimestriels","Information-communication",2024-06-30,0,0,,,0.001257668725545
"marginal + trimestriels","Finances et assurances",2024-06-30,5,0,0.00762439433470097,2024-03-31,0.00677789865920531
"marginal sans trimestriels","Finances et assurances",2024-06-30,5,0,0.00762439433470097,2024-03-31,0.00677789865920531
"conditionnel + trimestriels","Finances et assurances",2024-06-30,5,1,0.00596656933396461,2024-03-31,0.00677789865920531
"conditionnel sans trimestriels","Finances et assurances",2024-06-30,5,0,0.0182822272891146,2024-03-31,0.00677789865920531
"marginal + trimestriels","Immobilier",2024-06-30,1,0,0.0105257638186839,2024-03-31,0.00208616686757601
"marginal sans trimestriels","Immobilier",2024-06-30,1,0,0.0105257638186839,2024-03-31,0.00208616686757601
"conditionnel + trimestriels","Immobilier",2024-06-30,1,0,0.0105257638186839,2024-03-31,0.00208616686757601
"conditionnel sans trimestriels","Immobilier",2024-06-30,1,0,0.0105257638186839,2024-03-31,0.00208616686757601
"marginal + trimestriels","Agriculture",2024-09-30,0,0,,,-0.0112104142680227
"marginal sans trimestriels","Agriculture",2024-09-30,0,0,,,-0.0112104142680227
"conditionnel + trimestriels","Agriculture",2024-09-30,0,0,,,-0.0112104142680227
"conditionnel sans trimestriels","Agriculture",2024-09-30,0,0,,,-0.0112104142680227
"marginal + trimestriels","Pêche",2024-09-30,5,0,0.102960075004747,2024-06-30,0.3409847439024
"marginal sans trimestriels","Pêche",2024-09-30,5,0,0.102960075004747,2024-06-30,0.3409847439024
"conditionnel + trimestriels","Pêche",2024-09-30,5,0,0.289326028374572,2024-06-30,0.3409847439024
"conditionnel sans trimestriels","Pêche",2024-09-30,5,0,0.289326028374572,2024-06-30,0.3409847439024
"marginal + trimestriels","Industrie d'extraction",2024-09-30,2,2,0.0179917718840513,2024-06-30,0.022117053793357
"marginal sans trimestriels","Industrie d'extraction",2024-09-30,0,0,,,0.022117053793357
"conditionnel + trimestriels","Industrie d'extraction",2024-09-30,3,2,0.0343566894604382,2024-06-30,0.022117053793357
"conditionnel sans trimestriels","Industrie d'extraction",2024-09-30,0,0,,,0.022117053793357
"marginal + trimestriels","Industrie de transformation",2024-09-30,5,5,-0.0100329655856476,2024-06-30,0.069343487988764
"marginal sans trimestriels","Industrie de transformation",2024-09-30,5,0,0.00601156816402094,2024-06-30,0.069343487988764
"conditionnel + trimestriels","Industrie de transformation",2024-09-30,5,3,0.0837438631096901,2024-06-30,0.069343487988764
"conditionnel sans trimestriels","Industrie de transformation",2024-09-30,2,0,0.0106169815685127,2024-06-30,0.069343487988764
"marginal + trimestriels","Électricité, gaz, eau",2024-09-30,5,0,0.148439612898679,2024-06-30,0.100587875391312
"marginal sans trimestriels","Électricité, gaz, eau",2024-09-30,5,0,0.148439612898679,2024-06-30,0.100587875391312
"conditionnel + trimestriels","Électricité, gaz, eau",2024-09-30,4,0,0.12989478323736,2024-06-30,0.100587875391312
"conditionnel sans trimestriels","Électricité, gaz, eau",2024-09-30,4,0,0.12989478323736,2024-06-30,0.100587875391312
"marginal + trimestriels","Construction",2024-09-30,1,0,0.0141307021754891,2024-06-30,0.0334036782533733
"marginal sans trimestriels","Construction",2024-09-30,1,0,0.0141307021754891,2024-06-30,0.0334036782533733
"conditionnel + trimestriels","Construction",2024-09-30,1,0,0.0141307021754891,2024-06-30,0.0334036782533733
"conditionnel sans trimestriels","Construction",2024-09-30,1,0,0.0141307021754891,2024-06-30,0.0334036782533733
"marginal + trimestriels","Commerce",2024-09-30,4,0,0.0142707161940185,2024-06-30,0.0154439711545749
"marginal sans trimestriels","Commerce",2024-09-30,4,0,0.0142707161940185,2024-06-30,0.0154439711545749
"conditionnel + trimestriels","Commerce",2024-09-30,1,0,0.00838972937600439,2024-06-30,0.0154439711545749
"conditionnel sans trimestriels","Commerce",2024-09-30,1,0,0.00838972937600439,2024-06-30,0.0154439711545749
"marginal + trimestriels","Transports",2024-09-30,0,0,,,-0.000696765512168795
"marginal sans trimestriels","Transports",2024-09-30,0,0,,,-0.000696765512168795
"conditionnel + trimestriels","Transports",2024-09-30,0,0,,,-0.000696765512168795
"conditionnel sans trimestriels","Transports",2024-09-30,0,0,,,-0.000696765512168795
"marginal + trimestriels","Hébergement-restauration",2024-09-30,5,1,0.018820443489926,2024-06-30,0.0395958337321503
"marginal sans trimestriels","Hébergement-restauration",2024-09-30,4,0,0.0170247586772006,2024-06-30,0.0395958337321503
"conditionnel + trimestriels","Hébergement-restauration",2024-09-30,2,0,0.0160585985395412,2024-06-30,0.0395958337321503
"conditionnel sans trimestriels","Hébergement-restauration",2024-09-30,2,0,0.0160585985395412,2024-06-30,0.0395958337321503
"marginal + trimestriels","Information-communication",2024-09-30,1,1,0.0147730431751106,2024-06-30,-0.00629426164916325
"marginal sans trimestriels","Information-communication",2024-09-30,0,0,,,-0.00629426164916325
"conditionnel + trimestriels","Information-communication",2024-09-30,1,1,0.0147730431751106,2024-06-30,-0.00629426164916325
"conditionnel sans trimestriels","Information-communication",2024-09-30,0,0,,,-0.00629426164916325
"marginal + trimestriels","Finances et assurances",2024-09-30,5,0,0.0112759014454074,2024-06-30,0.0307983277209374
"marginal sans trimestriels","Finances et assurances",2024-09-30,5,0,0.0112759014454074,2024-06-30,0.0307983277209374
"conditionnel + trimestriels","Finances et assurances",2024-09-30,5,1,0.00603856306330737,2024-06-30,0.0307983277209374
"conditionnel sans trimestriels","Finances et assurances",2024-09-30,4,0,0.0159074883794681,2024-06-30,0.0307983277209374
"marginal + trimestriels","Immobilier",2024-09-30,1,0,0.00619924932945757,2024-06-30,0.000572003912662211
"marginal sans trimestriels","Immobilier",2024-09-30,1,0,0.00619924932945757,2024-06-30,0.000572003912662211
"conditionnel + trimestriels","Immobilier",2024-09-30,1,0,0.00619924932945757,2024-06-30,0.000572003912662211
"conditionnel sans trimestriels","Immobilier",2024-09-30,1,0,0.00619924932945757,2024-06-30,0.000572003912662211
"marginal + trimestriels","Agriculture",2024-12-31,0,0,,,-0.00435261931916919
"marginal sans trimestriels","Agriculture",2024-12-31,0,0,,,-0.00435261931916919
"conditionnel + trimestriels","Agriculture",2024-12-31,0,0,,,-0.00435261931916919
"conditionnel sans trimestriels","Agriculture",2024-12-31,0,0,,,-0.00435261931916919
"marginal + trimestriels","Pêche",2024-12-31,5,0,-0.244753780244325,2024-09-30,-0.314903192186618
"marginal sans trimestriels","Pêche",2024-12-31,5,0,-0.244753780244325,2024-09-30,-0.314903192186618
"conditionnel + trimestriels","Pêche",2024-12-31,5,0,-0.155146844189216,2024-09-30,-0.314903192186618
"conditionnel sans trimestriels","Pêche",2024-12-31,5,0,-0.155146844189216,2024-09-30,-0.314903192186618
"marginal + trimestriels","Industrie d'extraction",2024-12-31,2,2,0.0140650119926045,2024-09-30,-0.0056609646746999
"marginal sans trimestriels","Industrie d'extraction",2024-12-31,0,0,,,-0.0056609646746999
"conditionnel + trimestriels","Industrie d'extraction",2024-12-31,3,2,0.0310854167042939,2024-09-30,-0.0056609646746999
"conditionnel sans trimestriels","Industrie d'extraction",2024-12-31,0,0,,,-0.0056609646746999
"marginal + trimestriels","Industrie de transformation",2024-12-31,5,5,0.0566800444775542,2024-09-30,0.0165418381598617
"marginal sans trimestriels","Industrie de transformation",2024-12-31,3,0,0.00394358600803148,2024-09-30,0.0165418381598617
"conditionnel + trimestriels","Industrie de transformation",2024-12-31,5,4,0.0148825486019752,2024-09-30,0.0165418381598617
"conditionnel sans trimestriels","Industrie de transformation",2024-12-31,1,0,-0.0107643630830681,2024-09-30,0.0165418381598617
"marginal + trimestriels","Électricité, gaz, eau",2024-12-31,5,0,-0.0181548207644432,2024-09-30,0.0115181001740545
"marginal sans trimestriels","Électricité, gaz, eau",2024-12-31,5,0,-0.0181548207644432,2024-09-30,0.0115181001740545
"conditionnel + trimestriels","Électricité, gaz, eau",2024-12-31,5,0,0.0112932338584489,2024-09-30,0.0115181001740545
"conditionnel sans trimestriels","Électricité, gaz, eau",2024-12-31,5,0,0.0112932338584489,2024-09-30,0.0115181001740545
"marginal + trimestriels","Construction",2024-12-31,1,0,0.0152973212008605,2024-09-30,0.00587796447580935
"marginal sans trimestriels","Construction",2024-12-31,1,0,0.0152973212008605,2024-09-30,0.00587796447580935
"conditionnel + trimestriels","Construction",2024-12-31,1,0,0.0152973212008605,2024-09-30,0.00587796447580935
"conditionnel sans trimestriels","Construction",2024-12-31,1,0,0.0152973212008605,2024-09-30,0.00587796447580935
"marginal + trimestriels","Commerce",2024-12-31,3,0,0.0120615371379464,2024-09-30,0.00571468262867647
"marginal sans trimestriels","Commerce",2024-12-31,3,0,0.0120615371379464,2024-09-30,0.00571468262867647
"conditionnel + trimestriels","Commerce",2024-12-31,2,0,0.0109044922211758,2024-09-30,0.00571468262867647
"conditionnel sans trimestriels","Commerce",2024-12-31,2,0,0.0109044922211758,2024-09-30,0.00571468262867647
"marginal + trimestriels","Transports",2024-12-31,0,0,,,0.0179385719466758
"marginal sans trimestriels","Transports",2024-12-31,0,0,,,0.0179385719466758
"conditionnel + trimestriels","Transports",2024-12-31,0,0,,,0.0179385719466758
"conditionnel sans trimestriels","Transports",2024-12-31,0,0,,,0.0179385719466758
"marginal + trimestriels","Hébergement-restauration",2024-12-31,5,1,0.0339676850374243,2024-09-30,0.0126078965454273
"marginal sans trimestriels","Hébergement-restauration",2024-12-31,4,0,0.0317940255334045,2024-09-30,0.0126078965454273
"conditionnel + trimestriels","Hébergement-restauration",2024-12-31,2,0,0.0326582567100756,2024-09-30,0.0126078965454273
"conditionnel sans trimestriels","Hébergement-restauration",2024-12-31,2,0,0.0326582567100756,2024-09-30,0.0126078965454273
"marginal + trimestriels","Information-communication",2024-12-31,1,1,0.0147444672548382,2024-09-30,0.0171119883477697
"marginal sans trimestriels","Information-communication",2024-12-31,0,0,,,0.0171119883477697
"conditionnel + trimestriels","Information-communication",2024-12-31,2,2,0.0137943658810147,2024-09-30,0.0171119883477697
"conditionnel sans trimestriels","Information-communication",2024-12-31,0,0,,,0.0171119883477697
"marginal + trimestriels","Finances et assurances",2024-12-31,5,0,0.0122312097495603,2024-09-30,0.024404004984877
"marginal sans trimestriels","Finances et assurances",2024-12-31,5,0,0.0122312097495603,2024-09-30,0.024404004984877
"conditionnel + trimestriels","Finances et assurances",2024-12-31,4,1,0.00539470919134723,2024-09-30,0.024404004984877
"conditionnel sans trimestriels","Finances et assurances",2024-12-31,5,0,0.0153660060119396,2024-09-30,0.024404004984877
"marginal + trimestriels","Immobilier",2024-12-31,1,0,0.00585394020780085,2024-09-30,0.00271140021348693
"marginal sans trimestriels","Immobilier",2024-12-31,1,0,0.00585394020780085,2024-09-30,0.00271140021348693
"conditionnel + trimestriels","Immobilier",2024-12-31,1,0,0.00585394020780085,2024-09-30,0.00271140021348693
"conditionnel sans trimestriels","Immobilier",2024-12-31,1,0,0.00585394020780085,2024-09-30,0.00271140021348693
"marginal + trimestriels","Agriculture",2025-03-31,0,0,,,0.100359632990509
"marginal sans trimestriels","Agriculture",2025-03-31,0,0,,,0.100359632990509
"conditionnel + trimestriels","Agriculture",2025-03-31,0,0,,,0.100359632990509
"conditionnel sans trimestriels","Agriculture",2025-03-31,0,0,,,0.100359632990509
"marginal + trimestriels","Pêche",2025-03-31,5,0,0.158925208365223,2024-12-31,0.0879705045311976
"marginal sans trimestriels","Pêche",2025-03-31,5,0,0.158925208365223,2024-12-31,0.0879705045311976
"conditionnel + trimestriels","Pêche",2025-03-31,5,0,-0.116270734235971,2024-12-31,0.0879705045311976
"conditionnel sans trimestriels","Pêche",2025-03-31,5,0,-0.116270734235971,2024-12-31,0.0879705045311976
"marginal + trimestriels","Industrie d'extraction",2025-03-31,2,2,-0.0380845906354916,2024-12-31,0.0657933092045351
"marginal sans trimestriels","Industrie d'extraction",2025-03-31,0,0,,,0.0657933092045351
"conditionnel + trimestriels","Industrie d'extraction",2025-03-31,3,2,-0.0428461778029477,2024-12-31,0.0657933092045351
"conditionnel sans trimestriels","Industrie d'extraction",2025-03-31,0,0,,,0.0657933092045351
"marginal + trimestriels","Industrie de transformation",2025-03-31,5,5,-0.0551742483758858,2024-12-31,-0.0681965626927639
"marginal sans trimestriels","Industrie de transformation",2025-03-31,3,0,-0.0296841826372879,2024-12-31,-0.0681965626927639
"conditionnel + trimestriels","Industrie de transformation",2025-03-31,5,5,-0.0549356973014128,2024-12-31,-0.0681965626927639
"conditionnel sans trimestriels","Industrie de transformation",2025-03-31,2,0,-0.0285809837565784,2024-12-31,-0.0681965626927639
"marginal + trimestriels","Électricité, gaz, eau",2025-03-31,5,0,-0.0348711403798002,2024-12-31,-0.0640900842189289
"marginal sans trimestriels","Électricité, gaz, eau",2025-03-31,5,0,-0.0348711403798002,2024-12-31,-0.0640900842189289
"conditionnel + trimestriels","Électricité, gaz, eau",2025-03-31,5,0,0.086528664993439,2024-12-31,-0.0640900842189289
"conditionnel sans trimestriels","Électricité, gaz, eau",2025-03-31,5,0,0.086528664993439,2024-12-31,-0.0640900842189289
"marginal + trimestriels","Construction",2025-03-31,1,0,0.00316123251367846,2024-12-31,0.0164348782556303
"marginal sans trimestriels","Construction",2025-03-31,1,0,0.00316123251367846,2024-12-31,0.0164348782556303
"conditionnel + trimestriels","Construction",2025-03-31,1,0,0.00316123251367846,2024-12-31,0.0164348782556303
"conditionnel sans trimestriels","Construction",2025-03-31,1,0,0.00316123251367846,2024-12-31,0.0164348782556303
"marginal + trimestriels","Commerce",2025-03-31,3,0,-0.0319128862595527,2024-12-31,0.0248772545888567
"marginal sans trimestriels","Commerce",2025-03-31,3,0,-0.0319128862595527,2024-12-31,0.0248772545888567
"conditionnel + trimestriels","Commerce",2025-03-31,2,0,-0.0331490439976784,2024-12-31,0.0248772545888567
"conditionnel sans trimestriels","Commerce",2025-03-31,2,0,-0.0331490439976784,2024-12-31,0.0248772545888567
"marginal + trimestriels","Transports",2025-03-31,0,0,,,-2.13944930589349e-05
"marginal sans trimestriels","Transports",2025-03-31,0,0,,,-2.13944930589349e-05
"conditionnel + trimestriels","Transports",2025-03-31,0,0,,,-2.13944930589349e-05
"conditionnel sans trimestriels","Transports",2025-03-31,0,0,,,-2.13944930589349e-05
"marginal + trimestriels","Hébergement-restauration",2025-03-31,5,1,-0.00446070040046024,2024-12-31,-0.0551888649837782
"marginal sans trimestriels","Hébergement-restauration",2025-03-31,4,0,-0.00388961466410976,2024-12-31,-0.0551888649837782
"conditionnel + trimestriels","Hébergement-restauration",2025-03-31,2,0,-0.00334042563060849,2024-12-31,-0.0551888649837782
"conditionnel sans trimestriels","Hébergement-restauration",2025-03-31,2,0,-0.00334042563060849,2024-12-31,-0.0551888649837782
"marginal + trimestriels","Information-communication",2025-03-31,1,1,0.0138130325696368,2024-12-31,-0.0293164263615733
"marginal sans trimestriels","Information-communication",2025-03-31,0,0,,,-0.0293164263615733
"conditionnel + trimestriels","Information-communication",2025-03-31,2,2,0.0105425237891331,2024-12-31,-0.0293164263615733
"conditionnel sans trimestriels","Information-communication",2025-03-31,0,0,,,-0.0293164263615733
"marginal + trimestriels","Finances et assurances",2025-03-31,5,1,0.0127794964142313,2024-12-31,-0.00576523644903126
"marginal sans trimestriels","Finances et assurances",2025-03-31,5,0,0.00920249232823694,2024-12-31,-0.00576523644903126
"conditionnel + trimestriels","Finances et assurances",2025-03-31,4,1,0.0201786920409121,2024-12-31,-0.00576523644903126
"conditionnel sans trimestriels","Finances et assurances",2025-03-31,5,0,0.0105493298145875,2024-12-31,-0.00576523644903126
"marginal + trimestriels","Immobilier",2025-03-31,1,0,0.00565209955152338,2024-12-31,0.0241904984463055
"marginal sans trimestriels","Immobilier",2025-03-31,1,0,0.00565209955152338,2024-12-31,0.0241904984463055
"conditionnel + trimestriels","Immobilier",2025-03-31,1,0,0.00565209955152338,2024-12-31,0.0241904984463055
"conditionnel sans trimestriels","Immobilier",2025-03-31,1,0,0.00565209955152338,2024-12-31,0.0241904984463055
"marginal + trimestriels","Agriculture",2025-06-30,1,0,0.00656075547029465,2025-03-31,-0.00473311427913181
"marginal sans trimestriels","Agriculture",2025-06-30,1,0,0.00656075547029465,2025-03-31,-0.00473311427913181
"conditionnel + trimestriels","Agriculture",2025-06-30,2,1,-0.0192227651099923,2025-03-31,-0.00473311427913181
"conditionnel sans trimestriels","Agriculture",2025-06-30,1,0,0.00656075547029465,2025-03-31,-0.00473311427913181
"marginal + trimestriels","Pêche",2025-06-30,5,0,-0.0541439672183927,2025-03-31,-0.202438183367684
"marginal sans trimestriels","Pêche",2025-06-30,5,0,-0.0541439672183927,2025-03-31,-0.202438183367684
"conditionnel + trimestriels","Pêche",2025-06-30,5,0,-0.150805599737627,2025-03-31,-0.202438183367684
"conditionnel sans trimestriels","Pêche",2025-06-30,5,0,-0.150805599737627,2025-03-31,-0.202438183367684
"marginal + trimestriels","Industrie d'extraction",2025-06-30,2,2,0.0365429495234426,2025-03-31,0.046428686738258
"marginal sans trimestriels","Industrie d'extraction",2025-06-30,0,0,,,0.046428686738258
"conditionnel + trimestriels","Industrie d'extraction",2025-06-30,3,2,0.036524641698342,2025-03-31,0.046428686738258
"conditionnel sans trimestriels","Industrie d'extraction",2025-06-30,0,0,,,0.046428686738258
"marginal + trimestriels","Industrie de transformation",2025-06-30,5,5,0.0242661421856819,2025-03-31,0.0247579899121657
"marginal sans trimestriels","Industrie de transformation",2025-06-30,3,0,0.061075971100905,2025-03-31,0.0247579899121657
"conditionnel + trimestriels","Industrie de transformation",2025-06-30,5,5,0.0103718750446381,2025-03-31,0.0247579899121657
"conditionnel sans trimestriels","Industrie de transformation",2025-06-30,2,0,0.0587542457286238,2025-03-31,0.0247579899121657
"marginal + trimestriels","Électricité, gaz, eau",2025-06-30,5,0,-0.0152142825329786,2025-03-31,-0.0109469608200001
"marginal sans trimestriels","Électricité, gaz, eau",2025-06-30,5,0,-0.0152142825329786,2025-03-31,-0.0109469608200001
"conditionnel + trimestriels","Électricité, gaz, eau",2025-06-30,4,1,-0.0170908162591245,2025-03-31,-0.0109469608200001
"conditionnel sans trimestriels","Électricité, gaz, eau",2025-06-30,3,0,-0.021655350987279,2025-03-31,-0.0109469608200001
"marginal + trimestriels","Construction",2025-06-30,1,0,0.0108388218715777,2025-03-31,0.0173260458459641
"marginal sans trimestriels","Construction",2025-06-30,1,0,0.0108388218715777,2025-03-31,0.0173260458459641
"conditionnel + trimestriels","Construction",2025-06-30,1,0,0.0108388218715777,2025-03-31,0.0173260458459641
"conditionnel sans trimestriels","Construction",2025-06-30,1,0,0.0108388218715777,2025-03-31,0.0173260458459641
"marginal + trimestriels","Commerce",2025-06-30,3,0,0.0367073438997774,2025-03-31,0.00124917416875725
"marginal sans trimestriels","Commerce",2025-06-30,3,0,0.0367073438997774,2025-03-31,0.00124917416875725
"conditionnel + trimestriels","Commerce",2025-06-30,1,0,0.0343600623022952,2025-03-31,0.00124917416875725
"conditionnel sans trimestriels","Commerce",2025-06-30,1,0,0.0343600623022952,2025-03-31,0.00124917416875725
"marginal + trimestriels","Transports",2025-06-30,0,0,,,0.0262253345690056
"marginal sans trimestriels","Transports",2025-06-30,0,0,,,0.0262253345690056
"conditionnel + trimestriels","Transports",2025-06-30,0,0,,,0.0262253345690056
"conditionnel sans trimestriels","Transports",2025-06-30,0,0,,,0.0262253345690056
"marginal + trimestriels","Hébergement-restauration",2025-06-30,3,1,-0.0126587727996048,2025-03-31,0.0935791648916222
"marginal sans trimestriels","Hébergement-restauration",2025-06-30,2,0,-0.0143986409937302,2025-03-31,0.0935791648916222
"conditionnel + trimestriels","Hébergement-restauration",2025-06-30,2,0,-0.0143986409937302,2025-03-31,0.0935791648916222
"conditionnel sans trimestriels","Hébergement-restauration",2025-06-30,2,0,-0.0143986409937302,2025-03-31,0.0935791648916222
"marginal + trimestriels","Information-communication",2025-06-30,1,1,-0.0124161867773823,2025-03-31,0.0212659373554622
"marginal sans trimestriels","Information-communication",2025-06-30,0,0,,,0.0212659373554622
"conditionnel + trimestriels","Information-communication",2025-06-30,2,2,-0.0352794203437507,2025-03-31,0.0212659373554622
"conditionnel sans trimestriels","Information-communication",2025-06-30,0,0,,,0.0212659373554622
"marginal + trimestriels","Finances et assurances",2025-06-30,5,1,0.0143785608263289,2025-03-31,-0.000740007216192495
"marginal sans trimestriels","Finances et assurances",2025-06-30,5,0,0.0148897825327998,2025-03-31,-0.000740007216192495
"conditionnel + trimestriels","Finances et assurances",2025-06-30,5,0,0.0196254584845115,2025-03-31,-0.000740007216192495
"conditionnel sans trimestriels","Finances et assurances",2025-06-30,5,0,0.0196254584845115,2025-03-31,-0.000740007216192495
"marginal + trimestriels","Immobilier",2025-06-30,1,0,0.011654571422743,2025-03-31,0.00225126559195132
"marginal sans trimestriels","Immobilier",2025-06-30,1,0,0.011654571422743,2025-03-31,0.00225126559195132
"conditionnel + trimestriels","Immobilier",2025-06-30,1,0,0.011654571422743,2025-03-31,0.00225126559195132
"conditionnel sans trimestriels","Immobilier",2025-06-30,1,0,0.011654571422743,2025-03-31,0.00225126559195132
"marginal + trimestriels","Agriculture",2025-09-30,1,0,-0.0330851831818066,2025-06-30,-0.0140787530247088
"marginal sans trimestriels","Agriculture",2025-09-30,1,0,-0.0330851831818066,2025-06-30,-0.0140787530247088
"conditionnel + trimestriels","Agriculture",2025-09-30,2,1,-0.0137589432013517,2025-06-30,-0.0140787530247088
"conditionnel sans trimestriels","Agriculture",2025-09-30,1,0,-0.0330851831818066,2025-06-30,-0.0140787530247088
"marginal + trimestriels","Pêche",2025-09-30,5,0,0.316889583772723,2025-06-30,0.141488674493727
"marginal sans trimestriels","Pêche",2025-09-30,5,0,0.316889583772723,2025-06-30,0.141488674493727
"conditionnel + trimestriels","Pêche",2025-09-30,5,0,0.608485971484759,2025-06-30,0.141488674493727
"conditionnel sans trimestriels","Pêche",2025-09-30,5,0,0.608485971484759,2025-06-30,0.141488674493727
"marginal + trimestriels","Industrie d'extraction",2025-09-30,2,2,-0.0103094018818563,2025-06-30,-0.0306857679206729
"marginal sans trimestriels","Industrie d'extraction",2025-09-30,0,0,,,-0.0306857679206729
"conditionnel + trimestriels","Industrie d'extraction",2025-09-30,3,2,-0.0165722855020147,2025-06-30,-0.0306857679206729
"conditionnel sans trimestriels","Industrie d'extraction",2025-09-30,0,0,,,-0.0306857679206729
"marginal + trimestriels","Industrie de transformation",2025-09-30,5,5,0.022874430572487,2025-06-30,0.0308834262611075
"marginal sans trimestriels","Industrie de transformation",2025-09-30,2,0,-0.0185758669084643,2025-06-30,0.0308834262611075
"conditionnel + trimestriels","Industrie de transformation",2025-09-30,5,5,0.035404795601441,2025-06-30,0.0308834262611075
"conditionnel sans trimestriels","Industrie de transformation",2025-09-30,1,0,-0.0159314929701936,2025-06-30,0.0308834262611075
"marginal + trimestriels","Électricité, gaz, eau",2025-09-30,5,0,0.0633024102063966,2025-06-30,0.0726483567256153
"marginal sans trimestriels","Électricité, gaz, eau",2025-09-30,5,0,0.0633024102063966,2025-06-30,0.0726483567256153
"conditionnel + trimestriels","Électricité, gaz, eau",2025-09-30,4,1,0.0605657246923722,2025-06-30,0.0726483567256153
"conditionnel sans trimestriels","Électricité, gaz, eau",2025-09-30,3,0,0.0730007902215198,2025-06-30,0.0726483567256153
"marginal + trimestriels","Construction",2025-09-30,1,0,0.0140341164722111,2025-06-30,0.0230301767543057
"marginal sans trimestriels","Construction",2025-09-30,1,0,0.0140341164722111,2025-06-30,0.0230301767543057
"conditionnel + trimestriels","Construction",2025-09-30,1,0,0.0140341164722111,2025-06-30,0.0230301767543057
"conditionnel sans trimestriels","Construction",2025-09-30,1,0,0.0140341164722111,2025-06-30,0.0230301767543057
"marginal + trimestriels","Commerce",2025-09-30,3,0,0.00174419218789182,2025-06-30,0.00388237799968039
"marginal sans trimestriels","Commerce",2025-09-30,3,0,0.00174419218789182,2025-06-30,0.00388237799968039
"conditionnel + trimestriels","Commerce",2025-09-30,1,0,-0.00184131951632372,2025-06-30,0.00388237799968039
"conditionnel sans trimestriels","Commerce",2025-09-30,1,0,-0.00184131951632372,2025-06-30,0.00388237799968039
"marginal + trimestriels","Transports",2025-09-30,0,0,,,-0.00840283920981122
"marginal sans trimestriels","Transports",2025-09-30,0,0,,,-0.00840283920981122
"conditionnel + trimestriels","Transports",2025-09-30,0,0,,,-0.00840283920981122
"conditionnel sans trimestriels","Transports",2025-09-30,0,0,,,-0.00840283920981122
"marginal + trimestriels","Hébergement-restauration",2025-09-30,3,1,0.0289034556200458,2025-06-30,0.0109571254893179
"marginal sans trimestriels","Hébergement-restauration",2025-09-30,2,0,0.0262398094871825,2025-06-30,0.0109571254893179
"conditionnel + trimestriels","Hébergement-restauration",2025-09-30,2,0,0.0262398094871825,2025-06-30,0.0109571254893179
"conditionnel sans trimestriels","Hébergement-restauration",2025-09-30,2,0,0.0262398094871825,2025-06-30,0.0109571254893179
"marginal + trimestriels","Information-communication",2025-09-30,1,1,0.0372966111848895,2025-06-30,-0.0160974475343618
"marginal sans trimestriels","Information-communication",2025-09-30,0,0,,,-0.0160974475343618
"conditionnel + trimestriels","Information-communication",2025-09-30,2,2,0.0634544810810423,2025-06-30,-0.0160974475343618
"conditionnel sans trimestriels","Information-communication",2025-09-30,0,0,,,-0.0160974475343618
"marginal + trimestriels","Finances et assurances",2025-09-30,5,0,0.00779309587077296,2025-06-30,0.0383171453817219
"marginal sans trimestriels","Finances et assurances",2025-09-30,5,0,0.00779309587077296,2025-06-30,0.0383171453817219
"conditionnel + trimestriels","Finances et assurances",2025-09-30,3,0,0.00821453780774956,2025-06-30,0.0383171453817219
"conditionnel sans trimestriels","Finances et assurances",2025-09-30,3,0,0.00821453780774956,2025-06-30,0.0383171453817219
"marginal + trimestriels","Immobilier",2025-09-30,1,0,0.00612765007284394,2025-06-30,0.00139883513399042
"marginal sans trimestriels","Immobilier",2025-09-30,1,0,0.00612765007284394,2025-06-30,0.00139883513399042
"conditionnel + trimestriels","Immobilier",2025-09-30,1,0,0.00612765007284394,2025-06-30,0.00139883513399042
"conditionnel sans trimestriels","Immobilier",2025-09-30,1,0,0.00612765007284394,2025-06-30,0.00139883513399042
"marginal + trimestriels","Agriculture",2025-12-31,1,0,0.0678155983840635,2025-09-30,-0.00148214583971118
"marginal sans trimestriels","Agriculture",2025-12-31,1,0,0.0678155983840635,2025-09-30,-0.00148214583971118
"conditionnel + trimestriels","Agriculture",2025-12-31,2,1,0.127442637205132,2025-09-30,-0.00148214583971118
"conditionnel sans trimestriels","Agriculture",2025-12-31,1,0,0.0678155983840635,2025-09-30,-0.00148214583971118
"marginal + trimestriels","Pêche",2025-12-31,5,0,-0.213568481189205,2025-09-30,-0.181089428496749
"marginal sans trimestriels","Pêche",2025-12-31,5,0,-0.213568481189205,2025-09-30,-0.181089428496749
"conditionnel + trimestriels","Pêche",2025-12-31,5,0,-0.185830717611174,2025-09-30,-0.181089428496749
"conditionnel sans trimestriels","Pêche",2025-12-31,5,0,-0.185830717611174,2025-09-30,-0.181089428496749
"marginal + trimestriels","Industrie d'extraction",2025-12-31,2,2,-0.0140869881643279,2025-09-30,-0.0912476795593946
"marginal sans trimestriels","Industrie d'extraction",2025-12-31,0,0,,,-0.0912476795593946
"conditionnel + trimestriels","Industrie d'extraction",2025-12-31,3,2,-0.0272428611995258,2025-09-30,-0.0912476795593946
"conditionnel sans trimestriels","Industrie d'extraction",2025-12-31,0,0,,,-0.0912476795593946
"marginal + trimestriels","Industrie de transformation",2025-12-31,5,5,0.0609233271077731,2025-09-30,0.0330754169078045
"marginal sans trimestriels","Industrie de transformation",2025-12-31,2,0,0.0140351617250281,2025-09-30,0.0330754169078045
"conditionnel + trimestriels","Industrie de transformation",2025-12-31,5,5,0.0809199224000732,2025-09-30,0.0330754169078045
"conditionnel sans trimestriels","Industrie de transformation",2025-12-31,1,0,0.025319856011461,2025-09-30,0.0330754169078045
"marginal + trimestriels","Électricité, gaz, eau",2025-12-31,5,0,-0.0171577828859962,2025-09-30,-0.0191714590402032
"marginal sans trimestriels","Électricité, gaz, eau",2025-12-31,5,0,-0.0171577828859962,2025-09-30,-0.0191714590402032
"conditionnel + trimestriels","Électricité, gaz, eau",2025-12-31,4,1,-0.0403314587661633,2025-09-30,-0.0191714590402032
"conditionnel sans trimestriels","Électricité, gaz, eau",2025-12-31,3,0,0.0103615704578027,2025-09-30,-0.0191714590402032
"marginal + trimestriels","Construction",2025-12-31,1,0,0.0105856215655104,2025-09-30,-0.000376710311417838
"marginal sans trimestriels","Construction",2025-12-31,1,0,0.0105856215655104,2025-09-30,-0.000376710311417838
"conditionnel + trimestriels","Construction",2025-12-31,1,0,0.0105856215655104,2025-09-30,-0.000376710311417838
"conditionnel sans trimestriels","Construction",2025-12-31,1,0,0.0105856215655104,2025-09-30,-0.000376710311417838
"marginal + trimestriels","Commerce",2025-12-31,3,0,0.00737627174310922,2025-09-30,0.00474667366104242
"marginal sans trimestriels","Commerce",2025-12-31,3,0,0.00737627174310922,2025-09-30,0.00474667366104242
"conditionnel + trimestriels","Commerce",2025-12-31,3,2,0.00278930459880517,2025-09-30,0.00474667366104242
"conditionnel sans trimestriels","Commerce",2025-12-31,1,0,0.0106648645951741,2025-09-30,0.00474667366104242
"marginal + trimestriels","Transports",2025-12-31,0,0,,,0.0256348485772033
"marginal sans trimestriels","Transports",2025-12-31,0,0,,,0.0256348485772033
"conditionnel + trimestriels","Transports",2025-12-31,0,0,,,0.0256348485772033
"conditionnel sans trimestriels","Transports",2025-12-31,0,0,,,0.0256348485772033
"marginal + trimestriels","Hébergement-restauration",2025-12-31,3,1,-0.00581912269688131,2025-09-30,-0.0117140608570061
"marginal sans trimestriels","Hébergement-restauration",2025-12-31,2,0,0.00698954910702047,2025-09-30,-0.0117140608570061
"conditionnel + trimestriels","Hébergement-restauration",2025-12-31,2,0,0.00698954910702047,2025-09-30,-0.0117140608570061
"conditionnel sans trimestriels","Hébergement-restauration",2025-12-31,2,0,0.00698954910702047,2025-09-30,-0.0117140608570061
"marginal + trimestriels","Information-communication",2025-12-31,0,0,,,0.0239716974815245
"marginal sans trimestriels","Information-communication",2025-12-31,0,0,,,0.0239716974815245
"conditionnel + trimestriels","Information-communication",2025-12-31,0,0,,,0.0239716974815245
"conditionnel sans trimestriels","Information-communication",2025-12-31,0,0,,,0.0239716974815245
"marginal + trimestriels","Finances et assurances",2025-12-31,5,1,0.0191369346644843,2025-09-30,0.02252710319177
"marginal sans trimestriels","Finances et assurances",2025-12-31,5,0,0.0192732653977215,2025-09-30,0.02252710319177
"conditionnel + trimestriels","Finances et assurances",2025-12-31,3,0,0.0172568519104491,2025-09-30,0.02252710319177
"conditionnel sans trimestriels","Finances et assurances",2025-12-31,3,0,0.0172568519104491,2025-09-30,0.02252710319177
"marginal + trimestriels","Immobilier",2025-12-31,1,0,0.00562429111527388,2025-09-30,0.00356943094849527
"marginal sans trimestriels","Immobilier",2025-12-31,1,0,0.00562429111527388,2025-09-30,0.00356943094849527
"conditionnel + trimestriels","Immobilier",2025-12-31,1,0,0.00562429111527388,2025-09-30,0.00356943094849527
"conditionnel sans trimestriels","Immobilier",2025-12-31,1,0,0.00562429111527388,2025-09-30,0.00356943094849527
"marginal + trimestriels","Agriculture",2026-03-31,1,0,0.0955812396201442,2025-12-31,0.189386571246226
"marginal sans trimestriels","Agriculture",2026-03-31,1,0,0.0955812396201442,2025-12-31,0.189386571246226
"conditionnel + trimestriels","Agriculture",2026-03-31,1,0,0.0955812396201442,2025-12-31,0.189386571246226
"conditionnel sans trimestriels","Agriculture",2026-03-31,1,0,0.0955812396201442,2025-12-31,0.189386571246226
"marginal + trimestriels","Pêche",2026-03-31,5,0,0.093583220789011,2025-12-31,0.222874852773161
"marginal sans trimestriels","Pêche",2026-03-31,5,0,0.093583220789011,2025-12-31,0.222874852773161
"conditionnel + trimestriels","Pêche",2026-03-31,2,0,0.203575281564097,2025-12-31,0.222874852773161
"conditionnel sans trimestriels","Pêche",2026-03-31,2,0,0.203575281564097,2025-12-31,0.222874852773161
"marginal + trimestriels","Industrie d'extraction",2026-03-31,2,2,-0.0190504344754676,2025-12-31,0.0429938589024168
"marginal sans trimestriels","Industrie d'extraction",2026-03-31,0,0,,,0.0429938589024168
"conditionnel + trimestriels","Industrie d'extraction",2026-03-31,3,2,0.00159700185305871,2025-12-31,0.0429938589024168
"conditionnel sans trimestriels","Industrie d'extraction",2026-03-31,0,0,,,0.0429938589024168
"marginal + trimestriels","Industrie de transformation",2026-03-31,5,5,-0.0884164010868075,2025-12-31,-0.101743963623765
"marginal sans trimestriels","Industrie de transformation",2026-03-31,2,0,-0.0351487010541418,2025-12-31,-0.101743963623765
"conditionnel + trimestriels","Industrie de transformation",2026-03-31,5,4,-0.123668382845434,2025-12-31,-0.101743963623765
"conditionnel sans trimestriels","Industrie de transformation",2026-03-31,1,0,-0.0331882107533745,2025-12-31,-0.101743963623765
"marginal + trimestriels","Électricité, gaz, eau",2026-03-31,5,0,-0.0929902802892006,2025-12-31,-0.0771317041623973
"marginal sans trimestriels","Électricité, gaz, eau",2026-03-31,5,0,-0.0929902802892006,2025-12-31,-0.0771317041623973
"conditionnel + trimestriels","Électricité, gaz, eau",2026-03-31,4,1,-0.113041082164208,2025-12-31,-0.0771317041623973
"conditionnel sans trimestriels","Électricité, gaz, eau",2026-03-31,3,0,-0.136961890653036,2025-12-31,-0.0771317041623973
"marginal + trimestriels","Construction",2026-03-31,1,0,-0.00228383353376849,2025-12-31,-0.0250954841631064
"marginal sans trimestriels","Construction",2026-03-31,1,0,-0.00228383353376849,2025-12-31,-0.0250954841631064
"conditionnel + trimestriels","Construction",2026-03-31,1,0,-0.00228383353376849,2025-12-31,-0.0250954841631064
"conditionnel sans trimestriels","Construction",2026-03-31,1,0,-0.00228383353376849,2025-12-31,-0.0250954841631064
"marginal + trimestriels","Commerce",2026-03-31,3,0,-0.0124744272088742,2025-12-31,0.030304457095939
"marginal sans trimestriels","Commerce",2026-03-31,3,0,-0.0124744272088742,2025-12-31,0.030304457095939
"conditionnel + trimestriels","Commerce",2026-03-31,3,2,-0.0203187424262101,2025-12-31,0.030304457095939
"conditionnel sans trimestriels","Commerce",2026-03-31,1,0,-0.013231318624999,2025-12-31,0.030304457095939
"marginal + trimestriels","Transports",2026-03-31,0,0,,,0.00343555107293625
"marginal sans trimestriels","Transports",2026-03-31,0,0,,,0.00343555107293625
"conditionnel + trimestriels","Transports",2026-03-31,0,0,,,0.00343555107293625
"conditionnel sans trimestriels","Transports",2026-03-31,0,0,,,0.00343555107293625
"marginal + trimestriels","Hébergement-restauration",2026-03-31,2,1,-0.0145027769431409,2025-12-31,-0.0149369838672992
"marginal sans trimestriels","Hébergement-restauration",2026-03-31,1,0,-0.0137856381428739,2025-12-31,-0.0149369838672992
"conditionnel + trimestriels","Hébergement-restauration",2026-03-31,2,1,-0.0145027769431409,2025-12-31,-0.0149369838672992
"conditionnel sans trimestriels","Hébergement-restauration",2026-03-31,1,0,-0.0137856381428739,2025-12-31,-0.0149369838672992
"marginal + trimestriels","Information-communication",2026-03-31,0,0,,,-0.00933597860249158
"marginal sans trimestriels","Information-communication",2026-03-31,0,0,,,-0.00933597860249158
"conditionnel + trimestriels","Information-communication",2026-03-31,0,0,,,-0.00933597860249158
"conditionnel sans trimestriels","Information-communication",2026-03-31,0,0,,,-0.00933597860249158
"marginal + trimestriels","Finances et assurances",2026-03-31,5,1,0.00977936242272074,2025-12-31,0.0131482423939122
"marginal sans trimestriels","Finances et assurances",2026-03-31,5,0,0.00802684018761908,2025-12-31,0.0131482423939122
"conditionnel + trimestriels","Finances et assurances",2026-03-31,3,0,0.00994351330005269,2025-12-31,0.0131482423939122
"conditionnel sans trimestriels","Finances et assurances",2026-03-31,3,0,0.00994351330005269,2025-12-31,0.0131482423939122
"marginal + trimestriels","Immobilier",2026-03-31,1,0,0.00623514569920513,2025-12-31,0.0145414287128816
"marginal sans trimestriels","Immobilier",2026-03-31,1,0,0.00623514569920513,2025-12-31,0.0145414287128816
"conditionnel + trimestriels","Immobilier",2026-03-31,1,0,0.00623514569920513,2025-12-31,0.0145414287128816
"conditionnel sans trimestriels","Immobilier",2026-03-31,1,0,0.00623514569920513,2025-12-31,0.0145414287128816
