"seuil_trim","branche","origine","n_retenus","n_trim_retenus","bridge","derniere_obs","reel"
0.15,"Agriculture",2014-06-30,1,1,-0.00739541816059086,2014-03-31,0.0364714396168857
0.25,"Agriculture",2014-06-30,1,1,-0.00739541816059086,2014-03-31,0.0364714396168857
0.3,"Agriculture",2014-06-30,1,1,-0.00739541816059086,2014-03-31,0.0364714396168857
0.35,"Agriculture",2014-06-30,0,0,,,0.0364714396168857
0.45,"Agriculture",2014-06-30,0,0,,,0.0364714396168857
Inf,"Agriculture",2014-06-30,0,0,,,0.0364714396168857
0.15,"Pêche",2014-06-30,2,2,0.00368129704847911,2014-03-31,0.238884348531972
0.25,"Pêche",2014-06-30,2,2,0.00368129704847911,2014-03-31,0.238884348531972
0.3,"Pêche",2014-06-30,2,2,0.00368129704847911,2014-03-31,0.238884348531972
0.35,"Pêche",2014-06-30,1,1,0.0704210012032554,2014-03-31,0.238884348531972
0.45,"Pêche",2014-06-30,1,1,0.0704210012032554,2014-03-31,0.238884348531972
Inf,"Pêche",2014-06-30,0,0,,,0.238884348531972
0.15,"Industrie d'extraction",2014-06-30,1,0,0.0814074414469281,2014-03-31,-0.00618613651727884
0.25,"Industrie d'extraction",2014-06-30,1,0,0.0814074414469281,2014-03-31,-0.00618613651727884
0.3,"Industrie d'extraction",2014-06-30,1,0,0.0814074414469281,2014-03-31,-0.00618613651727884
0.35,"Industrie d'extraction",2014-06-30,1,0,0.0814074414469281,2014-03-31,-0.00618613651727884
0.45,"Industrie d'extraction",2014-06-30,1,0,0.0814074414469281,2014-03-31,-0.00618613651727884
Inf,"Industrie d'extraction",2014-06-30,1,0,0.0814074414469281,2014-03-31,-0.00618613651727884
0.15,"Industrie de transformation",2014-06-30,5,5,0.0164355895440173,2014-03-31,0.0134903455131372
0.25,"Industrie de transformation",2014-06-30,5,5,0.0164355895440173,2014-03-31,0.0134903455131372
0.3,"Industrie de transformation",2014-06-30,5,5,0.0164355895440173,2014-03-31,0.0134903455131372
0.35,"Industrie de transformation",2014-06-30,3,3,0.0160095965276639,2014-03-31,0.0134903455131372
0.45,"Industrie de transformation",2014-06-30,0,0,,,0.0134903455131372
Inf,"Industrie de transformation",2014-06-30,0,0,,,0.0134903455131372
0.15,"Électricité, gaz, eau",2014-06-30,2,1,0.0590468502544335,2014-03-31,0.0332147863217731
0.25,"Électricité, gaz, eau",2014-06-30,2,1,0.0590468502544335,2014-03-31,0.0332147863217731
0.3,"Électricité, gaz, eau",2014-06-30,2,1,0.0590468502544335,2014-03-31,0.0332147863217731
0.35,"Électricité, gaz, eau",2014-06-30,2,1,0.0590468502544335,2014-03-31,0.0332147863217731
0.45,"Électricité, gaz, eau",2014-06-30,1,0,0.0177117961592961,2014-03-31,0.0332147863217731
Inf,"Électricité, gaz, eau",2014-06-30,1,0,0.0177117961592961,2014-03-31,0.0332147863217731
0.15,"Construction",2014-06-30,5,2,0.00707754586886146,2014-03-31,0.00447736474689187
0.25,"Construction",2014-06-30,5,2,0.00707754586886146,2014-03-31,0.00447736474689187
0.3,"Construction",2014-06-30,5,2,0.00707754586886146,2014-03-31,0.00447736474689187
0.35,"Construction",2014-06-30,4,1,0.00618769658175591,2014-03-31,0.00447736474689187
0.45,"Construction",2014-06-30,3,0,0.0154854088455067,2014-03-31,0.00447736474689187
Inf,"Construction",2014-06-30,3,0,0.0154854088455067,2014-03-31,0.00447736474689187
0.15,"Commerce",2014-06-30,1,1,0.0179891357957773,2014-03-31,0.00951978546845211
0.25,"Commerce",2014-06-30,1,1,0.0179891357957773,2014-03-31,0.00951978546845211
0.3,"Commerce",2014-06-30,1,1,0.0179891357957773,2014-03-31,0.00951978546845211
0.35,"Commerce",2014-06-30,1,1,0.0179891357957773,2014-03-31,0.00951978546845211
0.45,"Commerce",2014-06-30,0,0,,,0.00951978546845211
Inf,"Commerce",2014-06-30,0,0,,,0.00951978546845211
0.15,"Information-communication",2014-06-30,1,1,0.0340401668997074,2014-03-31,0.0185608138362312
0.25,"Information-communication",2014-06-30,1,1,0.0340401668997074,2014-03-31,0.0185608138362312
0.3,"Information-communication",2014-06-30,1,1,0.0340401668997074,2014-03-31,0.0185608138362312
0.35,"Information-communication",2014-06-30,0,0,,,0.0185608138362312
0.45,"Information-communication",2014-06-30,0,0,,,0.0185608138362312
Inf,"Information-communication",2014-06-30,0,0,,,0.0185608138362312
0.15,"Finances et assurances",2014-06-30,5,1,0.0122319802533327,2014-03-31,0.00979204446059612
0.25,"Finances et assurances",2014-06-30,5,1,0.0122319802533327,2014-03-31,0.00979204446059612
0.3,"Finances et assurances",2014-06-30,5,1,0.0122319802533327,2014-03-31,0.00979204446059612
0.35,"Finances et assurances",2014-06-30,5,1,0.0122319802533327,2014-03-31,0.00979204446059612
0.45,"Finances et assurances",2014-06-30,5,0,0.0170365221320735,2014-03-31,0.00979204446059612
Inf,"Finances et assurances",2014-06-30,5,0,0.0170365221320735,2014-03-31,0.00979204446059612
0.15,"Immobilier",2014-06-30,1,0,0.0118158704184291,2014-03-31,-0.00347586163623959
0.25,"Immobilier",2014-06-30,1,0,0.0118158704184291,2014-03-31,-0.00347586163623959
0.3,"Immobilier",2014-06-30,1,0,0.0118158704184291,2014-03-31,-0.00347586163623959
0.35,"Immobilier",2014-06-30,1,0,0.0118158704184291,2014-03-31,-0.00347586163623959
0.45,"Immobilier",2014-06-30,1,0,0.0118158704184291,2014-03-31,-0.00347586163623959
Inf,"Immobilier",2014-06-30,1,0,0.0118158704184291,2014-03-31,-0.00347586163623959
0.15,"Agriculture",2014-09-30,1,1,0.00388459225418809,2014-06-30,0.0235744177595567
0.25,"Agriculture",2014-09-30,1,1,0.00388459225418809,2014-06-30,0.0235744177595567
0.3,"Agriculture",2014-09-30,1,1,0.00388459225418809,2014-06-30,0.0235744177595567
0.35,"Agriculture",2014-09-30,0,0,,,0.0235744177595567
0.45,"Agriculture",2014-09-30,0,0,,,0.0235744177595567
Inf,"Agriculture",2014-09-30,0,0,,,0.0235744177595567
0.15,"Pêche",2014-09-30,1,1,-0.0358926254051133,2014-06-30,-0.0842585990548885
0.25,"Pêche",2014-09-30,1,1,-0.0358926254051133,2014-06-30,-0.0842585990548885
0.3,"Pêche",2014-09-30,1,1,-0.0358926254051133,2014-06-30,-0.0842585990548885
0.35,"Pêche",2014-09-30,1,1,-0.0358926254051133,2014-06-30,-0.0842585990548885
0.45,"Pêche",2014-09-30,1,1,-0.0358926254051133,2014-06-30,-0.0842585990548885
Inf,"Pêche",2014-09-30,0,0,,,-0.0842585990548885
0.15,"Industrie d'extraction",2014-09-30,1,0,-0.000394560943768925,2014-06-30,-0.015888470256332
0.25,"Industrie d'extraction",2014-09-30,1,0,-0.000394560943768925,2014-06-30,-0.015888470256332
0.3,"Industrie d'extraction",2014-09-30,1,0,-0.000394560943768925,2014-06-30,-0.015888470256332
0.35,"Industrie d'extraction",2014-09-30,1,0,-0.000394560943768925,2014-06-30,-0.015888470256332
0.45,"Industrie d'extraction",2014-09-30,1,0,-0.000394560943768925,2014-06-30,-0.015888470256332
Inf,"Industrie d'extraction",2014-09-30,1,0,-0.000394560943768925,2014-06-30,-0.015888470256332
0.15,"Industrie de transformation",2014-09-30,5,5,0.00351574720590558,2014-06-30,0.00323811979902189
0.25,"Industrie de transformation",2014-09-30,5,5,0.00351574720590558,2014-06-30,0.00323811979902189
0.3,"Industrie de transformation",2014-09-30,5,5,0.00351574720590558,2014-06-30,0.00323811979902189
0.35,"Industrie de transformation",2014-09-30,4,4,0.0033798260639468,2014-06-30,0.00323811979902189
0.45,"Industrie de transformation",2014-09-30,0,0,,,0.00323811979902189
Inf,"Industrie de transformation",2014-09-30,0,0,,,0.00323811979902189
0.15,"Électricité, gaz, eau",2014-09-30,2,1,-0.055326546647399,2014-06-30,-0.00679393605210521
0.25,"Électricité, gaz, eau",2014-09-30,2,1,-0.055326546647399,2014-06-30,-0.00679393605210521
0.3,"Électricité, gaz, eau",2014-09-30,2,1,-0.055326546647399,2014-06-30,-0.00679393605210521
0.35,"Électricité, gaz, eau",2014-09-30,2,1,-0.055326546647399,2014-06-30,-0.00679393605210521
0.45,"Électricité, gaz, eau",2014-09-30,1,0,-0.00644707609857113,2014-06-30,-0.00679393605210521
Inf,"Électricité, gaz, eau",2014-09-30,1,0,-0.00644707609857113,2014-06-30,-0.00679393605210521
0.15,"Construction",2014-09-30,4,2,0.00238258009764325,2014-06-30,-0.000619901584931526
0.25,"Construction",2014-09-30,4,2,0.00238258009764325,2014-06-30,-0.000619901584931526
0.3,"Construction",2014-09-30,4,2,0.00238258009764325,2014-06-30,-0.000619901584931526
0.35,"Construction",2014-09-30,3,1,0.00232160419672847,2014-06-30,-0.000619901584931526
0.45,"Construction",2014-09-30,2,0,0.0117380466561511,2014-06-30,-0.000619901584931526
Inf,"Construction",2014-09-30,2,0,0.0117380466561511,2014-06-30,-0.000619901584931526
0.15,"Commerce",2014-09-30,1,1,0.00268743744125319,2014-06-30,-0.0115603603846139
0.25,"Commerce",2014-09-30,1,1,0.00268743744125319,2014-06-30,-0.0115603603846139
0.3,"Commerce",2014-09-30,1,1,0.00268743744125319,2014-06-30,-0.0115603603846139
0.35,"Commerce",2014-09-30,1,1,0.00268743744125319,2014-06-30,-0.0115603603846139
0.45,"Commerce",2014-09-30,0,0,,,-0.0115603603846139
Inf,"Commerce",2014-09-30,0,0,,,-0.0115603603846139
0.15,"Information-communication",2014-09-30,1,1,0.0118196887512284,2014-06-30,0.031275663358036
0.25,"Information-communication",2014-09-30,1,1,0.0118196887512284,2014-06-30,0.031275663358036
0.3,"Information-communication",2014-09-30,1,1,0.0118196887512284,2014-06-30,0.031275663358036
0.35,"Information-communication",2014-09-30,0,0,,,0.031275663358036
0.45,"Information-communication",2014-09-30,0,0,,,0.031275663358036
Inf,"Information-communication",2014-09-30,0,0,,,0.031275663358036
0.15,"Finances et assurances",2014-09-30,5,1,0.00655638121817753,2014-06-30,0.0108712876306072
0.25,"Finances et assurances",2014-09-30,5,1,0.00655638121817753,2014-06-30,0.0108712876306072
0.3,"Finances et assurances",2014-09-30,5,1,0.00655638121817753,2014-06-30,0.0108712876306072
0.35,"Finances et assurances",2014-09-30,5,1,0.00655638121817753,2014-06-30,0.0108712876306072
0.45,"Finances et assurances",2014-09-30,5,0,0.00653993037747061,2014-06-30,0.0108712876306072
Inf,"Finances et assurances",2014-09-30,5,0,0.00653993037747061,2014-06-30,0.0108712876306072
0.15,"Immobilier",2014-09-30,1,0,0.00644290480812953,2014-06-30,-0.00217718876892725
0.25,"Immobilier",2014-09-30,1,0,0.00644290480812953,2014-06-30,-0.00217718876892725
0.3,"Immobilier",2014-09-30,1,0,0.00644290480812953,2014-06-30,-0.00217718876892725
0.35,"Immobilier",2014-09-30,1,0,0.00644290480812953,2014-06-30,-0.00217718876892725
0.45,"Immobilier",2014-09-30,1,0,0.00644290480812953,2014-06-30,-0.00217718876892725
Inf,"Immobilier",2014-09-30,1,0,0.00644290480812953,2014-06-30,-0.00217718876892725
0.15,"Agriculture",2014-12-31,1,1,0.00349390644941559,2014-09-30,0.0253025688850634
0.25,"Agriculture",2014-12-31,1,1,0.00349390644941559,2014-09-30,0.0253025688850634
0.3,"Agriculture",2014-12-31,1,1,0.00349390644941559,2014-09-30,0.0253025688850634
0.35,"Agriculture",2014-12-31,0,0,,,0.0253025688850634
0.45,"Agriculture",2014-12-31,0,0,,,0.0253025688850634
Inf,"Agriculture",2014-12-31,0,0,,,0.0253025688850634
0.15,"Pêche",2014-12-31,1,1,0.0702166617268484,2014-09-30,0.0971925333013068
0.25,"Pêche",2014-12-31,1,1,0.0702166617268484,2014-09-30,0.0971925333013068
0.3,"Pêche",2014-12-31,1,1,0.0702166617268484,2014-09-30,0.0971925333013068
0.35,"Pêche",2014-12-31,1,1,0.0702166617268484,2014-09-30,0.0971925333013068
0.45,"Pêche",2014-12-31,1,1,0.0702166617268484,2014-09-30,0.0971925333013068
Inf,"Pêche",2014-12-31,0,0,,,0.0971925333013068
0.15,"Industrie d'extraction",2014-12-31,1,0,-0.048163111620312,2014-09-30,-0.0298633941618487
0.25,"Industrie d'extraction",2014-12-31,1,0,-0.048163111620312,2014-09-30,-0.0298633941618487
0.3,"Industrie d'extraction",2014-12-31,1,0,-0.048163111620312,2014-09-30,-0.0298633941618487
0.35,"Industrie d'extraction",2014-12-31,1,0,-0.048163111620312,2014-09-30,-0.0298633941618487
0.45,"Industrie d'extraction",2014-12-31,1,0,-0.048163111620312,2014-09-30,-0.0298633941618487
Inf,"Industrie d'extraction",2014-12-31,1,0,-0.048163111620312,2014-09-30,-0.0298633941618487
0.15,"Industrie de transformation",2014-12-31,5,5,0.00248513619382383,2014-09-30,-0.0476741243890952
0.25,"Industrie de transformation",2014-12-31,5,5,0.00248513619382383,2014-09-30,-0.0476741243890952
0.3,"Industrie de transformation",2014-12-31,5,5,0.00248513619382383,2014-09-30,-0.0476741243890952
0.35,"Industrie de transformation",2014-12-31,4,4,0.0024280445529591,2014-09-30,-0.0476741243890952
0.45,"Industrie de transformation",2014-12-31,0,0,,,-0.0476741243890952
Inf,"Industrie de transformation",2014-12-31,0,0,,,-0.0476741243890952
0.15,"Électricité, gaz, eau",2014-12-31,2,1,0.0484889559414815,2014-09-30,-0.00857021450047135
0.25,"Électricité, gaz, eau",2014-12-31,2,1,0.0484889559414815,2014-09-30,-0.00857021450047135
0.3,"Électricité, gaz, eau",2014-12-31,2,1,0.0484889559414815,2014-09-30,-0.00857021450047135
0.35,"Électricité, gaz, eau",2014-12-31,2,1,0.0484889559414815,2014-09-30,-0.00857021450047135
0.45,"Électricité, gaz, eau",2014-12-31,1,0,0.0231278263156396,2014-09-30,-0.00857021450047135
Inf,"Électricité, gaz, eau",2014-12-31,1,0,0.0231278263156396,2014-09-30,-0.00857021450047135
0.15,"Construction",2014-12-31,4,2,0.00762191427644358,2014-09-30,-0.0170090243189662
0.25,"Construction",2014-12-31,4,2,0.00762191427644358,2014-09-30,-0.0170090243189662
0.3,"Construction",2014-12-31,4,2,0.00762191427644358,2014-09-30,-0.0170090243189662
0.35,"Construction",2014-12-31,3,1,0.00727664949919909,2014-09-30,-0.0170090243189662
0.45,"Construction",2014-12-31,2,0,0.0119879038950848,2014-09-30,-0.0170090243189662
Inf,"Construction",2014-12-31,2,0,0.0119879038950848,2014-09-30,-0.0170090243189662
0.15,"Commerce",2014-12-31,1,1,0.0052746672634328,2014-09-30,-0.0494865182085977
0.25,"Commerce",2014-12-31,1,1,0.0052746672634328,2014-09-30,-0.0494865182085977
0.3,"Commerce",2014-12-31,1,1,0.0052746672634328,2014-09-30,-0.0494865182085977
0.35,"Commerce",2014-12-31,1,1,0.0052746672634328,2014-09-30,-0.0494865182085977
0.45,"Commerce",2014-12-31,0,0,,,-0.0494865182085977
Inf,"Commerce",2014-12-31,0,0,,,-0.0494865182085977
0.15,"Information-communication",2014-12-31,1,1,0.0338892782385882,2014-09-30,0.038634291236642
0.25,"Information-communication",2014-12-31,1,1,0.0338892782385882,2014-09-30,0.038634291236642
0.3,"Information-communication",2014-12-31,1,1,0.0338892782385882,2014-09-30,0.038634291236642
0.35,"Information-communication",2014-12-31,0,0,,,0.038634291236642
0.45,"Information-communication",2014-12-31,0,0,,,0.038634291236642
Inf,"Information-communication",2014-12-31,0,0,,,0.038634291236642
0.15,"Finances et assurances",2014-12-31,5,1,0.0145349835994395,2014-09-30,0.00817212302553116
0.25,"Finances et assurances",2014-12-31,5,1,0.0145349835994395,2014-09-30,0.00817212302553116
0.3,"Finances et assurances",2014-12-31,5,1,0.0145349835994395,2014-09-30,0.00817212302553116
0.35,"Finances et assurances",2014-12-31,5,1,0.0145349835994395,2014-09-30,0.00817212302553116
0.45,"Finances et assurances",2014-12-31,5,0,0.0139573429091425,2014-09-30,0.00817212302553116
Inf,"Finances et assurances",2014-12-31,5,0,0.0139573429091425,2014-09-30,0.00817212302553116
0.15,"Immobilier",2014-12-31,1,0,0.00697208718946253,2014-09-30,-0.00175178666395936
0.25,"Immobilier",2014-12-31,1,0,0.00697208718946253,2014-09-30,-0.00175178666395936
0.3,"Immobilier",2014-12-31,1,0,0.00697208718946253,2014-09-30,-0.00175178666395936
0.35,"Immobilier",2014-12-31,1,0,0.00697208718946253,2014-09-30,-0.00175178666395936
0.45,"Immobilier",2014-12-31,1,0,0.00697208718946253,2014-09-30,-0.00175178666395936
Inf,"Immobilier",2014-12-31,1,0,0.00697208718946253,2014-09-30,-0.00175178666395936
0.15,"Agriculture",2015-03-31,1,1,0.00718938427191989,2014-12-31,0.0521449979479787
0.25,"Agriculture",2015-03-31,1,1,0.00718938427191989,2014-12-31,0.0521449979479787
0.3,"Agriculture",2015-03-31,1,1,0.00718938427191989,2014-12-31,0.0521449979479787
0.35,"Agriculture",2015-03-31,0,0,,,0.0521449979479787
0.45,"Agriculture",2015-03-31,0,0,,,0.0521449979479787
Inf,"Agriculture",2015-03-31,0,0,,,0.0521449979479787
0.15,"Pêche",2015-03-31,1,1,0.00192952174786248,2014-12-31,-0.0182664312630081
0.25,"Pêche",2015-03-31,1,1,0.00192952174786248,2014-12-31,-0.0182664312630081
0.3,"Pêche",2015-03-31,1,1,0.00192952174786248,2014-12-31,-0.0182664312630081
0.35,"Pêche",2015-03-31,1,1,0.00192952174786248,2014-12-31,-0.0182664312630081
0.45,"Pêche",2015-03-31,1,1,0.00192952174786248,2014-12-31,-0.0182664312630081
Inf,"Pêche",2015-03-31,0,0,,,-0.0182664312630081
0.15,"Industrie d'extraction",2015-03-31,1,0,-0.100109470369097,2014-12-31,0.00890133635762247
0.25,"Industrie d'extraction",2015-03-31,1,0,-0.100109470369097,2014-12-31,0.00890133635762247
0.3,"Industrie d'extraction",2015-03-31,1,0,-0.100109470369097,2014-12-31,0.00890133635762247
0.35,"Industrie d'extraction",2015-03-31,1,0,-0.100109470369097,2014-12-31,0.00890133635762247
0.45,"Industrie d'extraction",2015-03-31,1,0,-0.100109470369097,2014-12-31,0.00890133635762247
Inf,"Industrie d'extraction",2015-03-31,1,0,-0.100109470369097,2014-12-31,0.00890133635762247
0.15,"Industrie de transformation",2015-03-31,5,0,-0.0228752457910763,2014-12-31,0.0304379715047673
0.25,"Industrie de transformation",2015-03-31,5,0,-0.0228752457910763,2014-12-31,0.0304379715047673
0.3,"Industrie de transformation",2015-03-31,5,0,-0.0228752457910763,2014-12-31,0.0304379715047673
0.35,"Industrie de transformation",2015-03-31,5,0,-0.0228752457910763,2014-12-31,0.0304379715047673
0.45,"Industrie de transformation",2015-03-31,5,0,-0.0228752457910763,2014-12-31,0.0304379715047673
Inf,"Industrie de transformation",2015-03-31,5,0,-0.0228752457910763,2014-12-31,0.0304379715047673
0.15,"Électricité, gaz, eau",2015-03-31,4,1,0.0330975258539812,2014-12-31,0.0437145225973961
0.25,"Électricité, gaz, eau",2015-03-31,4,1,0.0330975258539812,2014-12-31,0.0437145225973961
0.3,"Électricité, gaz, eau",2015-03-31,4,1,0.0330975258539812,2014-12-31,0.0437145225973961
0.35,"Électricité, gaz, eau",2015-03-31,4,1,0.0330975258539812,2014-12-31,0.0437145225973961
0.45,"Électricité, gaz, eau",2015-03-31,3,0,0.0707205223224617,2014-12-31,0.0437145225973961
Inf,"Électricité, gaz, eau",2015-03-31,3,0,0.0707205223224617,2014-12-31,0.0437145225973961
0.15,"Construction",2015-03-31,2,1,0.00595951063537087,2014-12-31,-0.00530943948553997
0.25,"Construction",2015-03-31,2,1,0.00595951063537087,2014-12-31,-0.00530943948553997
0.3,"Construction",2015-03-31,2,1,0.00595951063537087,2014-12-31,-0.00530943948553997
0.35,"Construction",2015-03-31,2,1,0.00595951063537087,2014-12-31,-0.00530943948553997
0.45,"Construction",2015-03-31,1,0,0.00709227132540127,2014-12-31,-0.00530943948553997
Inf,"Construction",2015-03-31,1,0,0.00709227132540127,2014-12-31,-0.00530943948553997
0.15,"Commerce",2015-03-31,4,1,-0.00510279083054682,2014-12-31,0.0315083401930245
0.25,"Commerce",2015-03-31,4,1,-0.00510279083054682,2014-12-31,0.0315083401930245
0.3,"Commerce",2015-03-31,4,1,-0.00510279083054682,2014-12-31,0.0315083401930245
0.35,"Commerce",2015-03-31,4,1,-0.00510279083054682,2014-12-31,0.0315083401930245
0.45,"Commerce",2015-03-31,3,0,0.00284141565865778,2014-12-31,0.0315083401930245
Inf,"Commerce",2015-03-31,3,0,0.00284141565865778,2014-12-31,0.0315083401930245
0.15,"Information-communication",2015-03-31,1,1,0.0355797375205386,2014-12-31,0.00404829052809141
0.25,"Information-communication",2015-03-31,1,1,0.0355797375205386,2014-12-31,0.00404829052809141
0.3,"Information-communication",2015-03-31,1,1,0.0355797375205386,2014-12-31,0.00404829052809141
0.35,"Information-communication",2015-03-31,0,0,,,0.00404829052809141
0.45,"Information-communication",2015-03-31,0,0,,,0.00404829052809141
Inf,"Information-communication",2015-03-31,0,0,,,0.00404829052809141
0.15,"Finances et assurances",2015-03-31,5,1,0.00946711593143806,2014-12-31,0.0025733872860485
0.25,"Finances et assurances",2015-03-31,5,1,0.00946711593143806,2014-12-31,0.0025733872860485
0.3,"Finances et assurances",2015-03-31,5,1,0.00946711593143806,2014-12-31,0.0025733872860485
0.35,"Finances et assurances",2015-03-31,5,1,0.00946711593143806,2014-12-31,0.0025733872860485
0.45,"Finances et assurances",2015-03-31,5,0,0.00937826573077355,2014-12-31,0.0025733872860485
Inf,"Finances et assurances",2015-03-31,5,0,0.00937826573077355,2014-12-31,0.0025733872860485
0.15,"Immobilier",2015-03-31,1,0,0.00684082257989495,2014-12-31,0.000110265740545401
0.25,"Immobilier",2015-03-31,1,0,0.00684082257989495,2014-12-31,0.000110265740545401
0.3,"Immobilier",2015-03-31,1,0,0.00684082257989495,2014-12-31,0.000110265740545401
0.35,"Immobilier",2015-03-31,1,0,0.00684082257989495,2014-12-31,0.000110265740545401
0.45,"Immobilier",2015-03-31,1,0,0.00684082257989495,2014-12-31,0.000110265740545401
Inf,"Immobilier",2015-03-31,1,0,0.00684082257989495,2014-12-31,0.000110265740545401
0.15,"Agriculture",2015-06-30,1,1,0.00931648319323852,2015-03-31,0.0317672490600582
0.25,"Agriculture",2015-06-30,1,1,0.00931648319323852,2015-03-31,0.0317672490600582
0.3,"Agriculture",2015-06-30,1,1,0.00931648319323852,2015-03-31,0.0317672490600582
0.35,"Agriculture",2015-06-30,0,0,,,0.0317672490600582
0.45,"Agriculture",2015-06-30,0,0,,,0.0317672490600582
Inf,"Agriculture",2015-06-30,0,0,,,0.0317672490600582
0.15,"Pêche",2015-06-30,1,1,0.0419451672041227,2015-03-31,0.0112681719167798
0.25,"Pêche",2015-06-30,1,1,0.0419451672041227,2015-03-31,0.0112681719167798
0.3,"Pêche",2015-06-30,1,1,0.0419451672041227,2015-03-31,0.0112681719167798
0.35,"Pêche",2015-06-30,1,1,0.0419451672041227,2015-03-31,0.0112681719167798
0.45,"Pêche",2015-06-30,1,1,0.0419451672041227,2015-03-31,0.0112681719167798
Inf,"Pêche",2015-06-30,0,0,,,0.0112681719167798
0.15,"Industrie d'extraction",2015-06-30,1,0,0.185974751155541,2015-03-31,0.0247954892566806
0.25,"Industrie d'extraction",2015-06-30,1,0,0.185974751155541,2015-03-31,0.0247954892566806
0.3,"Industrie d'extraction",2015-06-30,1,0,0.185974751155541,2015-03-31,0.0247954892566806
0.35,"Industrie d'extraction",2015-06-30,1,0,0.185974751155541,2015-03-31,0.0247954892566806
0.45,"Industrie d'extraction",2015-06-30,1,0,0.185974751155541,2015-03-31,0.0247954892566806
Inf,"Industrie d'extraction",2015-06-30,1,0,0.185974751155541,2015-03-31,0.0247954892566806
0.15,"Industrie de transformation",2015-06-30,5,0,0.00147548302690971,2015-03-31,0.0194938047357773
0.25,"Industrie de transformation",2015-06-30,5,0,0.00147548302690971,2015-03-31,0.0194938047357773
0.3,"Industrie de transformation",2015-06-30,5,0,0.00147548302690971,2015-03-31,0.0194938047357773
0.35,"Industrie de transformation",2015-06-30,5,0,0.00147548302690971,2015-03-31,0.0194938047357773
0.45,"Industrie de transformation",2015-06-30,5,0,0.00147548302690971,2015-03-31,0.0194938047357773
Inf,"Industrie de transformation",2015-06-30,5,0,0.00147548302690971,2015-03-31,0.0194938047357773
0.15,"Électricité, gaz, eau",2015-06-30,5,1,-0.0910417814711873,2015-03-31,0.00610525562054143
0.25,"Électricité, gaz, eau",2015-06-30,5,1,-0.0910417814711873,2015-03-31,0.00610525562054143
0.3,"Électricité, gaz, eau",2015-06-30,5,1,-0.0910417814711873,2015-03-31,0.00610525562054143
0.35,"Électricité, gaz, eau",2015-06-30,5,1,-0.0910417814711873,2015-03-31,0.00610525562054143
0.45,"Électricité, gaz, eau",2015-06-30,5,0,0.00290341949705041,2015-03-31,0.00610525562054143
Inf,"Électricité, gaz, eau",2015-06-30,5,0,0.00290341949705041,2015-03-31,0.00610525562054143
0.15,"Construction",2015-06-30,2,1,0.00244773851550581,2015-03-31,0.0209819845460189
0.25,"Construction",2015-06-30,2,1,0.00244773851550581,2015-03-31,0.0209819845460189
0.3,"Construction",2015-06-30,2,1,0.00244773851550581,2015-03-31,0.0209819845460189
0.35,"Construction",2015-06-30,2,1,0.00244773851550581,2015-03-31,0.0209819845460189
0.45,"Construction",2015-06-30,1,0,0.0114408717066196,2015-03-31,0.0209819845460189
Inf,"Construction",2015-06-30,1,0,0.0114408717066196,2015-03-31,0.0209819845460189
0.15,"Commerce",2015-06-30,3,1,-0.00133639724030784,2015-03-31,0.0159370922398132
0.25,"Commerce",2015-06-30,3,1,-0.00133639724030784,2015-03-31,0.0159370922398132
0.3,"Commerce",2015-06-30,3,1,-0.00133639724030784,2015-03-31,0.0159370922398132
0.35,"Commerce",2015-06-30,3,1,-0.00133639724030784,2015-03-31,0.0159370922398132
0.45,"Commerce",2015-06-30,2,0,0.000978586696115506,2015-03-31,0.0159370922398132
Inf,"Commerce",2015-06-30,2,0,0.000978586696115506,2015-03-31,0.0159370922398132
0.15,"Information-communication",2015-06-30,1,1,0.0429942888145518,2015-03-31,-0.0211948620280431
0.25,"Information-communication",2015-06-30,1,1,0.0429942888145518,2015-03-31,-0.0211948620280431
0.3,"Information-communication",2015-06-30,1,1,0.0429942888145518,2015-03-31,-0.0211948620280431
0.35,"Information-communication",2015-06-30,0,0,,,-0.0211948620280431
0.45,"Information-communication",2015-06-30,0,0,,,-0.0211948620280431
Inf,"Information-communication",2015-06-30,0,0,,,-0.0211948620280431
0.15,"Finances et assurances",2015-06-30,5,1,0.00642796161453233,2015-03-31,-0.000283635140750249
0.25,"Finances et assurances",2015-06-30,5,1,0.00642796161453233,2015-03-31,-0.000283635140750249
0.3,"Finances et assurances",2015-06-30,5,1,0.00642796161453233,2015-03-31,-0.000283635140750249
0.35,"Finances et assurances",2015-06-30,5,1,0.00642796161453233,2015-03-31,-0.000283635140750249
0.45,"Finances et assurances",2015-06-30,5,0,0.00657025752981351,2015-03-31,-0.000283635140750249
Inf,"Finances et assurances",2015-06-30,5,0,0.00657025752981351,2015-03-31,-0.000283635140750249
0.15,"Immobilier",2015-06-30,1,0,0.00571369018321791,2015-03-31,0.00268122505899093
0.25,"Immobilier",2015-06-30,1,0,0.00571369018321791,2015-03-31,0.00268122505899093
0.3,"Immobilier",2015-06-30,1,0,0.00571369018321791,2015-03-31,0.00268122505899093
0.35,"Immobilier",2015-06-30,1,0,0.00571369018321791,2015-03-31,0.00268122505899093
0.45,"Immobilier",2015-06-30,1,0,0.00571369018321791,2015-03-31,0.00268122505899093
Inf,"Immobilier",2015-06-30,1,0,0.00571369018321791,2015-03-31,0.00268122505899093
0.15,"Agriculture",2015-09-30,1,1,-0.00617231518371172,2015-06-30,0.0329272719732145
0.25,"Agriculture",2015-09-30,1,1,-0.00617231518371172,2015-06-30,0.0329272719732145
0.3,"Agriculture",2015-09-30,1,1,-0.00617231518371172,2015-06-30,0.0329272719732145
0.35,"Agriculture",2015-09-30,0,0,,,0.0329272719732145
0.45,"Agriculture",2015-09-30,0,0,,,0.0329272719732145
Inf,"Agriculture",2015-09-30,0,0,,,0.0329272719732145
0.15,"Pêche",2015-09-30,1,1,0.0728967795407394,2015-06-30,-0.0240378912771044
0.25,"Pêche",2015-09-30,1,1,0.0728967795407394,2015-06-30,-0.0240378912771044
0.3,"Pêche",2015-09-30,1,1,0.0728967795407394,2015-06-30,-0.0240378912771044
0.35,"Pêche",2015-09-30,1,1,0.0728967795407394,2015-06-30,-0.0240378912771044
0.45,"Pêche",2015-09-30,1,1,0.0728967795407394,2015-06-30,-0.0240378912771044
Inf,"Pêche",2015-09-30,0,0,,,-0.0240378912771044
0.15,"Industrie d'extraction",2015-09-30,2,0,0.0290398322004403,2013-09-30,0.0237021448250037
0.25,"Industrie d'extraction",2015-09-30,2,0,0.0290398322004403,2013-09-30,0.0237021448250037
0.3,"Industrie d'extraction",2015-09-30,2,0,0.0290398322004403,2013-09-30,0.0237021448250037
0.35,"Industrie d'extraction",2015-09-30,2,0,0.0290398322004403,2013-09-30,0.0237021448250037
0.45,"Industrie d'extraction",2015-09-30,2,0,0.0290398322004403,2013-09-30,0.0237021448250037
Inf,"Industrie d'extraction",2015-09-30,2,0,0.0290398322004403,2013-09-30,0.0237021448250037
0.15,"Industrie de transformation",2015-09-30,5,0,-0.0116423982010016,2015-06-30,0.00620713596259748
0.25,"Industrie de transformation",2015-09-30,5,0,-0.0116423982010016,2015-06-30,0.00620713596259748
0.3,"Industrie de transformation",2015-09-30,5,0,-0.0116423982010016,2015-06-30,0.00620713596259748
0.35,"Industrie de transformation",2015-09-30,5,0,-0.0116423982010016,2015-06-30,0.00620713596259748
0.45,"Industrie de transformation",2015-09-30,5,0,-0.0116423982010016,2015-06-30,0.00620713596259748
Inf,"Industrie de transformation",2015-09-30,5,0,-0.0116423982010016,2015-06-30,0.00620713596259748
0.15,"Électricité, gaz, eau",2015-09-30,5,1,0.0094476588086608,2015-06-30,0.0103469379268244
0.25,"Électricité, gaz, eau",2015-09-30,5,1,0.0094476588086608,2015-06-30,0.0103469379268244
0.3,"Électricité, gaz, eau",2015-09-30,5,1,0.0094476588086608,2015-06-30,0.0103469379268244
0.35,"Électricité, gaz, eau",2015-09-30,5,1,0.0094476588086608,2015-06-30,0.0103469379268244
0.45,"Électricité, gaz, eau",2015-09-30,5,0,-0.0214861449205759,2015-06-30,0.0103469379268244
Inf,"Électricité, gaz, eau",2015-09-30,5,0,-0.0214861449205759,2015-06-30,0.0103469379268244
0.15,"Construction",2015-09-30,3,1,0.00740434898072832,2015-06-30,0.0115194109871428
0.25,"Construction",2015-09-30,3,1,0.00740434898072832,2015-06-30,0.0115194109871428
0.3,"Construction",2015-09-30,3,1,0.00740434898072832,2015-06-30,0.0115194109871428
0.35,"Construction",2015-09-30,3,1,0.00740434898072832,2015-06-30,0.0115194109871428
0.45,"Construction",2015-09-30,2,0,0.0091875987722055,2015-06-30,0.0115194109871428
Inf,"Construction",2015-09-30,2,0,0.0091875987722055,2015-06-30,0.0115194109871428
0.15,"Commerce",2015-09-30,4,1,-0.0127352069589509,2015-06-30,-0.0019131817420277
0.25,"Commerce",2015-09-30,4,1,-0.0127352069589509,2015-06-30,-0.0019131817420277
0.3,"Commerce",2015-09-30,4,1,-0.0127352069589509,2015-06-30,-0.0019131817420277
0.35,"Commerce",2015-09-30,4,1,-0.0127352069589509,2015-06-30,-0.0019131817420277
0.45,"Commerce",2015-09-30,3,0,-0.011868667621265,2015-06-30,-0.0019131817420277
Inf,"Commerce",2015-09-30,3,0,-0.011868667621265,2015-06-30,-0.0019131817420277
0.15,"Finances et assurances",2015-09-30,5,1,0.00712623620767374,2015-06-30,0.00555168992811517
0.25,"Finances et assurances",2015-09-30,5,1,0.00712623620767374,2015-06-30,0.00555168992811517
0.3,"Finances et assurances",2015-09-30,5,1,0.00712623620767374,2015-06-30,0.00555168992811517
0.35,"Finances et assurances",2015-09-30,5,1,0.00712623620767374,2015-06-30,0.00555168992811517
0.45,"Finances et assurances",2015-09-30,5,0,0.00968618988268272,2015-06-30,0.00555168992811517
Inf,"Finances et assurances",2015-09-30,5,0,0.00968618988268272,2015-06-30,0.00555168992811517
0.15,"Immobilier",2015-09-30,1,0,0.00704468161731437,2015-06-30,0.00388518358887602
0.25,"Immobilier",2015-09-30,1,0,0.00704468161731437,2015-06-30,0.00388518358887602
0.3,"Immobilier",2015-09-30,1,0,0.00704468161731437,2015-06-30,0.00388518358887602
0.35,"Immobilier",2015-09-30,1,0,0.00704468161731437,2015-06-30,0.00388518358887602
0.45,"Immobilier",2015-09-30,1,0,0.00704468161731437,2015-06-30,0.00388518358887602
Inf,"Immobilier",2015-09-30,1,0,0.00704468161731437,2015-06-30,0.00388518358887602
0.15,"Agriculture",2015-12-31,1,1,0.0212369137801094,2015-09-30,0.00507799922861274
0.25,"Agriculture",2015-12-31,1,1,0.0212369137801094,2015-09-30,0.00507799922861274
0.3,"Agriculture",2015-12-31,1,1,0.0212369137801094,2015-09-30,0.00507799922861274
0.35,"Agriculture",2015-12-31,0,0,,,0.00507799922861274
0.45,"Agriculture",2015-12-31,0,0,,,0.00507799922861274
Inf,"Agriculture",2015-12-31,0,0,,,0.00507799922861274
0.15,"Pêche",2015-12-31,1,1,0.0105473798766102,2015-09-30,0.0711997243889542
0.25,"Pêche",2015-12-31,1,1,0.0105473798766102,2015-09-30,0.0711997243889542
0.3,"Pêche",2015-12-31,1,1,0.0105473798766102,2015-09-30,0.0711997243889542
0.35,"Pêche",2015-12-31,1,1,0.0105473798766102,2015-09-30,0.0711997243889542
0.45,"Pêche",2015-12-31,1,1,0.0105473798766102,2015-09-30,0.0711997243889542
Inf,"Pêche",2015-12-31,0,0,,,0.0711997243889542
0.15,"Industrie d'extraction",2015-12-31,1,0,0.0181070776546766,2015-09-30,-0.00879815197435896
0.25,"Industrie d'extraction",2015-12-31,1,0,0.0181070776546766,2015-09-30,-0.00879815197435896
0.3,"Industrie d'extraction",2015-12-31,1,0,0.0181070776546766,2015-09-30,-0.00879815197435896
0.35,"Industrie d'extraction",2015-12-31,1,0,0.0181070776546766,2015-09-30,-0.00879815197435896
0.45,"Industrie d'extraction",2015-12-31,1,0,0.0181070776546766,2015-09-30,-0.00879815197435896
Inf,"Industrie d'extraction",2015-12-31,1,0,0.0181070776546766,2015-09-30,-0.00879815197435896
0.15,"Industrie de transformation",2015-12-31,5,0,0.00574990893688001,2015-09-30,-0.00664650552544366
0.25,"Industrie de transformation",2015-12-31,5,0,0.00574990893688001,2015-09-30,-0.00664650552544366
0.3,"Industrie de transformation",2015-12-31,5,0,0.00574990893688001,2015-09-30,-0.00664650552544366
0.35,"Industrie de transformation",2015-12-31,5,0,0.00574990893688001,2015-09-30,-0.00664650552544366
0.45,"Industrie de transformation",2015-12-31,5,0,0.00574990893688001,2015-09-30,-0.00664650552544366
Inf,"Industrie de transformation",2015-12-31,5,0,0.00574990893688001,2015-09-30,-0.00664650552544366
0.15,"Électricité, gaz, eau",2015-12-31,5,1,0.00442537013755264,2015-09-30,-0.00455943213512988
0.25,"Électricité, gaz, eau",2015-12-31,5,1,0.00442537013755264,2015-09-30,-0.00455943213512988
0.3,"Électricité, gaz, eau",2015-12-31,5,1,0.00442537013755264,2015-09-30,-0.00455943213512988
0.35,"Électricité, gaz, eau",2015-12-31,5,1,0.00442537013755264,2015-09-30,-0.00455943213512988
0.45,"Électricité, gaz, eau",2015-12-31,4,0,0.0115118273182787,2015-09-30,-0.00455943213512988
Inf,"Électricité, gaz, eau",2015-12-31,4,0,0.0115118273182787,2015-09-30,-0.00455943213512988
0.15,"Construction",2015-12-31,3,1,0.0035722659190086,2015-09-30,0.032079368271992
0.25,"Construction",2015-12-31,3,1,0.0035722659190086,2015-09-30,0.032079368271992
0.3,"Construction",2015-12-31,3,1,0.0035722659190086,2015-09-30,0.032079368271992
0.35,"Construction",2015-12-31,3,1,0.0035722659190086,2015-09-30,0.032079368271992
0.45,"Construction",2015-12-31,2,0,0.014659132190987,2015-09-30,0.032079368271992
Inf,"Construction",2015-12-31,2,0,0.014659132190987,2015-09-30,0.032079368271992
0.15,"Commerce",2015-12-31,4,1,-0.0182300570161131,2015-09-30,0.00735412998310103
0.25,"Commerce",2015-12-31,4,1,-0.0182300570161131,2015-09-30,0.00735412998310103
0.3,"Commerce",2015-12-31,4,1,-0.0182300570161131,2015-09-30,0.00735412998310103
0.35,"Commerce",2015-12-31,4,1,-0.0182300570161131,2015-09-30,0.00735412998310103
0.45,"Commerce",2015-12-31,3,0,-0.0102032260776101,2015-09-30,0.00735412998310103
Inf,"Commerce",2015-12-31,3,0,-0.0102032260776101,2015-09-30,0.00735412998310103
0.15,"Information-communication",2015-12-31,1,1,0.0391279913784156,2015-09-30,-0.0117556566679973
0.25,"Information-communication",2015-12-31,1,1,0.0391279913784156,2015-09-30,-0.0117556566679973
0.3,"Information-communication",2015-12-31,0,0,,,-0.0117556566679973
0.35,"Information-communication",2015-12-31,0,0,,,-0.0117556566679973
0.45,"Information-communication",2015-12-31,0,0,,,-0.0117556566679973
Inf,"Information-communication",2015-12-31,0,0,,,-0.0117556566679973
0.15,"Finances et assurances",2015-12-31,5,1,0.0051313154024268,2015-09-30,0.0216448096360278
0.25,"Finances et assurances",2015-12-31,5,1,0.0051313154024268,2015-09-30,0.0216448096360278
0.3,"Finances et assurances",2015-12-31,5,1,0.0051313154024268,2015-09-30,0.0216448096360278
0.35,"Finances et assurances",2015-12-31,5,1,0.0051313154024268,2015-09-30,0.0216448096360278
0.45,"Finances et assurances",2015-12-31,5,0,0.00191699039580348,2015-09-30,0.0216448096360278
Inf,"Finances et assurances",2015-12-31,5,0,0.00191699039580348,2015-09-30,0.0216448096360278
0.15,"Immobilier",2015-12-31,1,0,0.00677208498860105,2015-09-30,0.00438830891148179
0.25,"Immobilier",2015-12-31,1,0,0.00677208498860105,2015-09-30,0.00438830891148179
0.3,"Immobilier",2015-12-31,1,0,0.00677208498860105,2015-09-30,0.00438830891148179
0.35,"Immobilier",2015-12-31,1,0,0.00677208498860105,2015-09-30,0.00438830891148179
0.45,"Immobilier",2015-12-31,1,0,0.00677208498860105,2015-09-30,0.00438830891148179
Inf,"Immobilier",2015-12-31,1,0,0.00677208498860105,2015-09-30,0.00438830891148179
0.15,"Agriculture",2016-03-31,1,1,0.00176543915644989,2015-12-31,-0.265832646674593
0.25,"Agriculture",2016-03-31,1,1,0.00176543915644989,2015-12-31,-0.265832646674593
0.3,"Agriculture",2016-03-31,1,1,0.00176543915644989,2015-12-31,-0.265832646674593
0.35,"Agriculture",2016-03-31,0,0,,,-0.265832646674593
0.45,"Agriculture",2016-03-31,0,0,,,-0.265832646674593
Inf,"Agriculture",2016-03-31,0,0,,,-0.265832646674593
0.15,"Pêche",2016-03-31,1,1,0.0272360310567653,2015-12-31,0.0522788830555712
0.25,"Pêche",2016-03-31,1,1,0.0272360310567653,2015-12-31,0.0522788830555712
0.3,"Pêche",2016-03-31,1,1,0.0272360310567653,2015-12-31,0.0522788830555712
0.35,"Pêche",2016-03-31,1,1,0.0272360310567653,2015-12-31,0.0522788830555712
0.45,"Pêche",2016-03-31,1,1,0.0272360310567653,2015-12-31,0.0522788830555712
Inf,"Pêche",2016-03-31,0,0,,,0.0522788830555712
0.15,"Industrie d'extraction",2016-03-31,1,0,-0.0695524782718296,2015-12-31,0.0161383433235596
0.25,"Industrie d'extraction",2016-03-31,1,0,-0.0695524782718296,2015-12-31,0.0161383433235596
0.3,"Industrie d'extraction",2016-03-31,1,0,-0.0695524782718296,2015-12-31,0.0161383433235596
0.35,"Industrie d'extraction",2016-03-31,1,0,-0.0695524782718296,2015-12-31,0.0161383433235596
0.45,"Industrie d'extraction",2016-03-31,1,0,-0.0695524782718296,2015-12-31,0.0161383433235596
Inf,"Industrie d'extraction",2016-03-31,1,0,-0.0695524782718296,2015-12-31,0.0161383433235596
0.15,"Industrie de transformation",2016-03-31,5,0,0.008660698105714,2015-12-31,-0.00323991776717136
0.25,"Industrie de transformation",2016-03-31,5,0,0.008660698105714,2015-12-31,-0.00323991776717136
0.3,"Industrie de transformation",2016-03-31,5,0,0.008660698105714,2015-12-31,-0.00323991776717136
0.35,"Industrie de transformation",2016-03-31,5,0,0.008660698105714,2015-12-31,-0.00323991776717136
0.45,"Industrie de transformation",2016-03-31,5,0,0.008660698105714,2015-12-31,-0.00323991776717136
Inf,"Industrie de transformation",2016-03-31,5,0,0.008660698105714,2015-12-31,-0.00323991776717136
0.15,"Électricité, gaz, eau",2016-03-31,5,1,-0.00426057221676208,2015-12-31,0.000155955147615572
0.25,"Électricité, gaz, eau",2016-03-31,5,1,-0.00426057221676208,2015-12-31,0.000155955147615572
0.3,"Électricité, gaz, eau",2016-03-31,5,1,-0.00426057221676208,2015-12-31,0.000155955147615572
0.35,"Électricité, gaz, eau",2016-03-31,5,1,-0.00426057221676208,2015-12-31,0.000155955147615572
0.45,"Électricité, gaz, eau",2016-03-31,5,0,-0.0323226372631088,2015-12-31,0.000155955147615572
Inf,"Électricité, gaz, eau",2016-03-31,5,0,-0.0323226372631088,2015-12-31,0.000155955147615572
0.15,"Commerce",2016-03-31,4,1,-0.0144099435561356,2015-12-31,-0.0158055279342868
0.25,"Commerce",2016-03-31,4,1,-0.0144099435561356,2015-12-31,-0.0158055279342868
0.3,"Commerce",2016-03-31,4,1,-0.0144099435561356,2015-12-31,-0.0158055279342868
0.35,"Commerce",2016-03-31,3,0,-0.0193444610954796,2015-12-31,-0.0158055279342868
0.45,"Commerce",2016-03-31,3,0,-0.0193444610954796,2015-12-31,-0.0158055279342868
Inf,"Commerce",2016-03-31,3,0,-0.0193444610954796,2015-12-31,-0.0158055279342868
0.15,"Finances et assurances",2016-03-31,5,1,-0.00547972522392873,2015-12-31,0.0116644403276638
0.25,"Finances et assurances",2016-03-31,5,1,-0.00547972522392873,2015-12-31,0.0116644403276638
0.3,"Finances et assurances",2016-03-31,5,1,-0.00547972522392873,2015-12-31,0.0116644403276638
0.35,"Finances et assurances",2016-03-31,5,1,-0.00547972522392873,2015-12-31,0.0116644403276638
0.45,"Finances et assurances",2016-03-31,5,0,-0.000406785352892031,2015-12-31,0.0116644403276638
Inf,"Finances et assurances",2016-03-31,5,0,-0.000406785352892031,2015-12-31,0.0116644403276638
0.15,"Immobilier",2016-03-31,1,0,0.00630592223375286,2015-12-31,0.0126521894411589
0.25,"Immobilier",2016-03-31,1,0,0.00630592223375286,2015-12-31,0.0126521894411589
0.3,"Immobilier",2016-03-31,1,0,0.00630592223375286,2015-12-31,0.0126521894411589
0.35,"Immobilier",2016-03-31,1,0,0.00630592223375286,2015-12-31,0.0126521894411589
0.45,"Immobilier",2016-03-31,1,0,0.00630592223375286,2015-12-31,0.0126521894411589
Inf,"Immobilier",2016-03-31,1,0,0.00630592223375286,2015-12-31,0.0126521894411589
0.15,"Agriculture",2016-06-30,1,1,-0.016469689212565,2016-03-31,0.00748113104625325
0.25,"Agriculture",2016-06-30,1,1,-0.016469689212565,2016-03-31,0.00748113104625325
0.3,"Agriculture",2016-06-30,0,0,,,0.00748113104625325
0.35,"Agriculture",2016-06-30,0,0,,,0.00748113104625325
0.45,"Agriculture",2016-06-30,0,0,,,0.00748113104625325
Inf,"Agriculture",2016-06-30,0,0,,,0.00748113104625325
0.15,"Pêche",2016-06-30,1,1,0.0121222718976627,2016-03-31,-0.0692837716719641
0.25,"Pêche",2016-06-30,1,1,0.0121222718976627,2016-03-31,-0.0692837716719641
0.3,"Pêche",2016-06-30,1,1,0.0121222718976627,2016-03-31,-0.0692837716719641
0.35,"Pêche",2016-06-30,1,1,0.0121222718976627,2016-03-31,-0.0692837716719641
0.45,"Pêche",2016-06-30,1,1,0.0121222718976627,2016-03-31,-0.0692837716719641
Inf,"Pêche",2016-06-30,0,0,,,-0.0692837716719641
0.15,"Industrie d'extraction",2016-06-30,1,0,0.0088447193536802,2016-03-31,-0.0163339493026129
0.25,"Industrie d'extraction",2016-06-30,1,0,0.0088447193536802,2016-03-31,-0.0163339493026129
0.3,"Industrie d'extraction",2016-06-30,1,0,0.0088447193536802,2016-03-31,-0.0163339493026129
0.35,"Industrie d'extraction",2016-06-30,1,0,0.0088447193536802,2016-03-31,-0.0163339493026129
0.45,"Industrie d'extraction",2016-06-30,1,0,0.0088447193536802,2016-03-31,-0.0163339493026129
Inf,"Industrie d'extraction",2016-06-30,1,0,0.0088447193536802,2016-03-31,-0.0163339493026129
0.15,"Industrie de transformation",2016-06-30,5,0,0.00578746475302852,2016-03-31,-0.00999549769479913
0.25,"Industrie de transformation",2016-06-30,5,0,0.00578746475302852,2016-03-31,-0.00999549769479913
0.3,"Industrie de transformation",2016-06-30,5,0,0.00578746475302852,2016-03-31,-0.00999549769479913
0.35,"Industrie de transformation",2016-06-30,5,0,0.00578746475302852,2016-03-31,-0.00999549769479913
0.45,"Industrie de transformation",2016-06-30,5,0,0.00578746475302852,2016-03-31,-0.00999549769479913
Inf,"Industrie de transformation",2016-06-30,5,0,0.00578746475302852,2016-03-31,-0.00999549769479913
0.15,"Électricité, gaz, eau",2016-06-30,5,1,-0.00719009971012766,2016-03-31,-0.017175634556283
0.25,"Électricité, gaz, eau",2016-06-30,5,1,-0.00719009971012766,2016-03-31,-0.017175634556283
0.3,"Électricité, gaz, eau",2016-06-30,5,1,-0.00719009971012766,2016-03-31,-0.017175634556283
0.35,"Électricité, gaz, eau",2016-06-30,5,1,-0.00719009971012766,2016-03-31,-0.017175634556283
0.45,"Électricité, gaz, eau",2016-06-30,4,0,0.00224378522270249,2016-03-31,-0.017175634556283
Inf,"Électricité, gaz, eau",2016-06-30,4,0,0.00224378522270249,2016-03-31,-0.017175634556283
0.15,"Commerce",2016-06-30,4,1,0.00531372555818417,2016-03-31,0.0133516373977667
0.25,"Commerce",2016-06-30,4,1,0.00531372555818417,2016-03-31,0.0133516373977667
0.3,"Commerce",2016-06-30,4,1,0.00531372555818417,2016-03-31,0.0133516373977667
0.35,"Commerce",2016-06-30,3,0,0.00551868123057287,2016-03-31,0.0133516373977667
0.45,"Commerce",2016-06-30,3,0,0.00551868123057287,2016-03-31,0.0133516373977667
Inf,"Commerce",2016-06-30,3,0,0.00551868123057287,2016-03-31,0.0133516373977667
0.15,"Finances et assurances",2016-06-30,5,0,0.0108997856671717,2016-03-31,0.0132480316692885
0.25,"Finances et assurances",2016-06-30,5,0,0.0108997856671717,2016-03-31,0.0132480316692885
0.3,"Finances et assurances",2016-06-30,5,0,0.0108997856671717,2016-03-31,0.0132480316692885
0.35,"Finances et assurances",2016-06-30,5,0,0.0108997856671717,2016-03-31,0.0132480316692885
0.45,"Finances et assurances",2016-06-30,5,0,0.0108997856671717,2016-03-31,0.0132480316692885
Inf,"Finances et assurances",2016-06-30,5,0,0.0108997856671717,2016-03-31,0.0132480316692885
0.15,"Immobilier",2016-06-30,1,0,0.00901808656001495,2016-03-31,0.00642440146184065
0.25,"Immobilier",2016-06-30,1,0,0.00901808656001495,2016-03-31,0.00642440146184065
0.3,"Immobilier",2016-06-30,1,0,0.00901808656001495,2016-03-31,0.00642440146184065
0.35,"Immobilier",2016-06-30,1,0,0.00901808656001495,2016-03-31,0.00642440146184065
0.45,"Immobilier",2016-06-30,1,0,0.00901808656001495,2016-03-31,0.00642440146184065
Inf,"Immobilier",2016-06-30,1,0,0.00901808656001495,2016-03-31,0.00642440146184065
0.15,"Agriculture",2016-09-30,1,1,-0.00116751014110707,2016-06-30,0.0239103237598961
0.25,"Agriculture",2016-09-30,1,1,-0.00116751014110707,2016-06-30,0.0239103237598961
0.3,"Agriculture",2016-09-30,0,0,,,0.0239103237598961
0.35,"Agriculture",2016-09-30,0,0,,,0.0239103237598961
0.45,"Agriculture",2016-09-30,0,0,,,0.0239103237598961
Inf,"Agriculture",2016-09-30,0,0,,,0.0239103237598961
0.15,"Pêche",2016-09-30,1,1,0.0632949114102163,2016-06-30,-0.0707389562407208
0.25,"Pêche",2016-09-30,1,1,0.0632949114102163,2016-06-30,-0.0707389562407208
0.3,"Pêche",2016-09-30,1,1,0.0632949114102163,2016-06-30,-0.0707389562407208
0.35,"Pêche",2016-09-30,1,1,0.0632949114102163,2016-06-30,-0.0707389562407208
0.45,"Pêche",2016-09-30,1,1,0.0632949114102163,2016-06-30,-0.0707389562407208
Inf,"Pêche",2016-09-30,0,0,,,-0.0707389562407208
0.15,"Industrie de transformation",2016-09-30,5,0,-0.000350492951565903,2016-06-30,0.0228243332255111
0.25,"Industrie de transformation",2016-09-30,5,0,-0.000350492951565903,2016-06-30,0.0228243332255111
0.3,"Industrie de transformation",2016-09-30,5,0,-0.000350492951565903,2016-06-30,0.0228243332255111
0.35,"Industrie de transformation",2016-09-30,5,0,-0.000350492951565903,2016-06-30,0.0228243332255111
0.45,"Industrie de transformation",2016-09-30,5,0,-0.000350492951565903,2016-06-30,0.0228243332255111
Inf,"Industrie de transformation",2016-09-30,5,0,-0.000350492951565903,2016-06-30,0.0228243332255111
0.15,"Électricité, gaz, eau",2016-09-30,5,1,-0.00182580823338169,2016-06-30,0.0711460023338066
0.25,"Électricité, gaz, eau",2016-09-30,5,1,-0.00182580823338169,2016-06-30,0.0711460023338066
0.3,"Électricité, gaz, eau",2016-09-30,5,1,-0.00182580823338169,2016-06-30,0.0711460023338066
0.35,"Électricité, gaz, eau",2016-09-30,5,1,-0.00182580823338169,2016-06-30,0.0711460023338066
0.45,"Électricité, gaz, eau",2016-09-30,4,0,0.00867319830023176,2016-06-30,0.0711460023338066
Inf,"Électricité, gaz, eau",2016-09-30,4,0,0.00867319830023176,2016-06-30,0.0711460023338066
0.15,"Commerce",2016-09-30,4,1,0.0213022656988235,2016-06-30,0.0267524972525734
0.25,"Commerce",2016-09-30,4,1,0.0213022656988235,2016-06-30,0.0267524972525734
0.3,"Commerce",2016-09-30,4,1,0.0213022656988235,2016-06-30,0.0267524972525734
0.35,"Commerce",2016-09-30,3,0,0.0194788204242149,2016-06-30,0.0267524972525734
0.45,"Commerce",2016-09-30,3,0,0.0194788204242149,2016-06-30,0.0267524972525734
Inf,"Commerce",2016-09-30,3,0,0.0194788204242149,2016-06-30,0.0267524972525734
0.15,"Information-communication",2016-09-30,1,1,0.00145538147633673,2016-06-30,0.0156993215704908
0.25,"Information-communication",2016-09-30,1,1,0.00145538147633673,2016-06-30,0.0156993215704908
0.3,"Information-communication",2016-09-30,0,0,,,0.0156993215704908
0.35,"Information-communication",2016-09-30,0,0,,,0.0156993215704908
0.45,"Information-communication",2016-09-30,0,0,,,0.0156993215704908
Inf,"Information-communication",2016-09-30,0,0,,,0.0156993215704908
0.15,"Finances et assurances",2016-09-30,5,0,0.0089905211639972,2016-06-30,0.0406230501366736
0.25,"Finances et assurances",2016-09-30,5,0,0.0089905211639972,2016-06-30,0.0406230501366736
0.3,"Finances et assurances",2016-09-30,5,0,0.0089905211639972,2016-06-30,0.0406230501366736
0.35,"Finances et assurances",2016-09-30,5,0,0.0089905211639972,2016-06-30,0.0406230501366736
0.45,"Finances et assurances",2016-09-30,5,0,0.0089905211639972,2016-06-30,0.0406230501366736
Inf,"Finances et assurances",2016-09-30,5,0,0.0089905211639972,2016-06-30,0.0406230501366736
0.15,"Immobilier",2016-09-30,1,0,0.0084157503421744,2016-06-30,0.00538883523628364
0.25,"Immobilier",2016-09-30,1,0,0.0084157503421744,2016-06-30,0.00538883523628364
0.3,"Immobilier",2016-09-30,1,0,0.0084157503421744,2016-06-30,0.00538883523628364
0.35,"Immobilier",2016-09-30,1,0,0.0084157503421744,2016-06-30,0.00538883523628364
0.45,"Immobilier",2016-09-30,1,0,0.0084157503421744,2016-06-30,0.00538883523628364
Inf,"Immobilier",2016-09-30,1,0,0.0084157503421744,2016-06-30,0.00538883523628364
0.15,"Agriculture",2016-12-31,1,1,0.00526750673345059,2016-09-30,0.00479642186034113
0.25,"Agriculture",2016-12-31,1,1,0.00526750673345059,2016-09-30,0.00479642186034113
0.3,"Agriculture",2016-12-31,0,0,,,0.00479642186034113
0.35,"Agriculture",2016-12-31,0,0,,,0.00479642186034113
0.45,"Agriculture",2016-12-31,0,0,,,0.00479642186034113
Inf,"Agriculture",2016-12-31,0,0,,,0.00479642186034113
0.15,"Pêche",2016-12-31,2,2,0.058033006285019,2016-09-30,0.100756292896915
0.25,"Pêche",2016-12-31,2,2,0.058033006285019,2016-09-30,0.100756292896915
0.3,"Pêche",2016-12-31,1,1,0.047085467962657,2016-09-30,0.100756292896915
0.35,"Pêche",2016-12-31,1,1,0.047085467962657,2016-09-30,0.100756292896915
0.45,"Pêche",2016-12-31,1,1,0.047085467962657,2016-09-30,0.100756292896915
Inf,"Pêche",2016-12-31,0,0,,,0.100756292896915
0.15,"Industrie de transformation",2016-12-31,5,0,0.00840724015556569,2016-09-30,0.0116788252925897
0.25,"Industrie de transformation",2016-12-31,5,0,0.00840724015556569,2016-09-30,0.0116788252925897
0.3,"Industrie de transformation",2016-12-31,5,0,0.00840724015556569,2016-09-30,0.0116788252925897
0.35,"Industrie de transformation",2016-12-31,5,0,0.00840724015556569,2016-09-30,0.0116788252925897
0.45,"Industrie de transformation",2016-12-31,5,0,0.00840724015556569,2016-09-30,0.0116788252925897
Inf,"Industrie de transformation",2016-12-31,5,0,0.00840724015556569,2016-09-30,0.0116788252925897
0.15,"Électricité, gaz, eau",2016-12-31,5,1,0.0198971845341001,2016-09-30,-0.0359660643263187
0.25,"Électricité, gaz, eau",2016-12-31,5,1,0.0198971845341001,2016-09-30,-0.0359660643263187
0.3,"Électricité, gaz, eau",2016-12-31,5,1,0.0198971845341001,2016-09-30,-0.0359660643263187
0.35,"Électricité, gaz, eau",2016-12-31,5,0,0.00202504848225445,2016-09-30,-0.0359660643263187
0.45,"Électricité, gaz, eau",2016-12-31,5,0,0.00202504848225445,2016-09-30,-0.0359660643263187
Inf,"Électricité, gaz, eau",2016-12-31,5,0,0.00202504848225445,2016-09-30,-0.0359660643263187
0.15,"Commerce",2016-12-31,5,1,-0.0238704338131333,2016-09-30,0.0309847865136277
0.25,"Commerce",2016-12-31,5,1,-0.0238704338131333,2016-09-30,0.0309847865136277
0.3,"Commerce",2016-12-31,5,1,-0.0238704338131333,2016-09-30,0.0309847865136277
0.35,"Commerce",2016-12-31,4,0,-0.0197765890445728,2016-09-30,0.0309847865136277
0.45,"Commerce",2016-12-31,4,0,-0.0197765890445728,2016-09-30,0.0309847865136277
Inf,"Commerce",2016-12-31,4,0,-0.0197765890445728,2016-09-30,0.0309847865136277
0.15,"Information-communication",2016-12-31,1,1,0.0411884541974138,2016-09-30,0.0119540679681371
0.25,"Information-communication",2016-12-31,1,1,0.0411884541974138,2016-09-30,0.0119540679681371
0.3,"Information-communication",2016-12-31,0,0,,,0.0119540679681371
0.35,"Information-communication",2016-12-31,0,0,,,0.0119540679681371
0.45,"Information-communication",2016-12-31,0,0,,,0.0119540679681371
Inf,"Information-communication",2016-12-31,0,0,,,0.0119540679681371
0.15,"Finances et assurances",2016-12-31,5,0,0.0152318917276414,2016-09-30,-0.0101673768515305
0.25,"Finances et assurances",2016-12-31,5,0,0.0152318917276414,2016-09-30,-0.0101673768515305
0.3,"Finances et assurances",2016-12-31,5,0,0.0152318917276414,2016-09-30,-0.0101673768515305
0.35,"Finances et assurances",2016-12-31,5,0,0.0152318917276414,2016-09-30,-0.0101673768515305
0.45,"Finances et assurances",2016-12-31,5,0,0.0152318917276414,2016-09-30,-0.0101673768515305
Inf,"Finances et assurances",2016-12-31,5,0,0.0152318917276414,2016-09-30,-0.0101673768515305
0.15,"Immobilier",2016-12-31,1,0,0.00707700323361388,2016-09-30,0.00381329164235744
0.25,"Immobilier",2016-12-31,1,0,0.00707700323361388,2016-09-30,0.00381329164235744
0.3,"Immobilier",2016-12-31,1,0,0.00707700323361388,2016-09-30,0.00381329164235744
0.35,"Immobilier",2016-12-31,1,0,0.00707700323361388,2016-09-30,0.00381329164235744
0.45,"Immobilier",2016-12-31,1,0,0.00707700323361388,2016-09-30,0.00381329164235744
Inf,"Immobilier",2016-12-31,1,0,0.00707700323361388,2016-09-30,0.00381329164235744
0.15,"Agriculture",2017-03-31,1,1,-0.0321856648840439,2016-12-31,0.156411418832823
0.25,"Agriculture",2017-03-31,1,1,-0.0321856648840439,2016-12-31,0.156411418832823
0.3,"Agriculture",2017-03-31,0,0,,,0.156411418832823
0.35,"Agriculture",2017-03-31,0,0,,,0.156411418832823
0.45,"Agriculture",2017-03-31,0,0,,,0.156411418832823
Inf,"Agriculture",2017-03-31,0,0,,,0.156411418832823
0.15,"Pêche",2017-03-31,2,2,0.0425558610068025,2016-12-31,-0.0981301116583815
0.25,"Pêche",2017-03-31,2,2,0.0425558610068025,2016-12-31,-0.0981301116583815
0.3,"Pêche",2017-03-31,1,1,0.0801083387252503,2016-12-31,-0.0981301116583815
0.35,"Pêche",2017-03-31,1,1,0.0801083387252503,2016-12-31,-0.0981301116583815
0.45,"Pêche",2017-03-31,1,1,0.0801083387252503,2016-12-31,-0.0981301116583815
Inf,"Pêche",2017-03-31,0,0,,,-0.0981301116583815
0.15,"Industrie de transformation",2017-03-31,5,0,0.000313364237150015,2016-12-31,0.00953178833632684
0.25,"Industrie de transformation",2017-03-31,5,0,0.000313364237150015,2016-12-31,0.00953178833632684
0.3,"Industrie de transformation",2017-03-31,5,0,0.000313364237150015,2016-12-31,0.00953178833632684
0.35,"Industrie de transformation",2017-03-31,5,0,0.000313364237150015,2016-12-31,0.00953178833632684
0.45,"Industrie de transformation",2017-03-31,5,0,0.000313364237150015,2016-12-31,0.00953178833632684
Inf,"Industrie de transformation",2017-03-31,5,0,0.000313364237150015,2016-12-31,0.00953178833632684
0.15,"Électricité, gaz, eau",2017-03-31,5,1,-0.00491723936692832,2016-12-31,-0.00716286993772819
0.25,"Électricité, gaz, eau",2017-03-31,5,1,-0.00491723936692832,2016-12-31,-0.00716286993772819
0.3,"Électricité, gaz, eau",2017-03-31,5,1,-0.00491723936692832,2016-12-31,-0.00716286993772819
0.35,"Électricité, gaz, eau",2017-03-31,5,0,-0.017611871119393,2016-12-31,-0.00716286993772819
0.45,"Électricité, gaz, eau",2017-03-31,5,0,-0.017611871119393,2016-12-31,-0.00716286993772819
Inf,"Électricité, gaz, eau",2017-03-31,5,0,-0.017611871119393,2016-12-31,-0.00716286993772819
0.15,"Construction",2017-03-31,1,1,0.00385028176080414,2016-12-31,0.0132064022878779
0.25,"Construction",2017-03-31,1,1,0.00385028176080414,2016-12-31,0.0132064022878779
0.3,"Construction",2017-03-31,0,0,,,0.0132064022878779
0.35,"Construction",2017-03-31,0,0,,,0.0132064022878779
0.45,"Construction",2017-03-31,0,0,,,0.0132064022878779
Inf,"Construction",2017-03-31,0,0,,,0.0132064022878779
0.15,"Commerce",2017-03-31,5,1,0.00506498798242062,2016-12-31,0.00917546195855401
0.25,"Commerce",2017-03-31,5,1,0.00506498798242062,2016-12-31,0.00917546195855401
0.3,"Commerce",2017-03-31,4,0,0.00895667657656236,2016-12-31,0.00917546195855401
0.35,"Commerce",2017-03-31,4,0,0.00895667657656236,2016-12-31,0.00917546195855401
0.45,"Commerce",2017-03-31,4,0,0.00895667657656236,2016-12-31,0.00917546195855401
Inf,"Commerce",2017-03-31,4,0,0.00895667657656236,2016-12-31,0.00917546195855401
0.15,"Finances et assurances",2017-03-31,5,0,-0.00189879382444303,2016-12-31,0.00552692213443429
0.25,"Finances et assurances",2017-03-31,5,0,-0.00189879382444303,2016-12-31,0.00552692213443429
0.3,"Finances et assurances",2017-03-31,5,0,-0.00189879382444303,2016-12-31,0.00552692213443429
0.35,"Finances et assurances",2017-03-31,5,0,-0.00189879382444303,2016-12-31,0.00552692213443429
0.45,"Finances et assurances",2017-03-31,5,0,-0.00189879382444303,2016-12-31,0.00552692213443429
Inf,"Finances et assurances",2017-03-31,5,0,-0.00189879382444303,2016-12-31,0.00552692213443429
0.15,"Immobilier",2017-03-31,1,0,0.00769638623037464,2016-12-31,0.000111312238896488
0.25,"Immobilier",2017-03-31,1,0,0.00769638623037464,2016-12-31,0.000111312238896488
0.3,"Immobilier",2017-03-31,1,0,0.00769638623037464,2016-12-31,0.000111312238896488
0.35,"Immobilier",2017-03-31,1,0,0.00769638623037464,2016-12-31,0.000111312238896488
0.45,"Immobilier",2017-03-31,1,0,0.00769638623037464,2016-12-31,0.000111312238896488
Inf,"Immobilier",2017-03-31,1,0,0.00769638623037464,2016-12-31,0.000111312238896488
0.15,"Pêche",2017-06-30,2,2,0.0807191453416222,2017-03-31,-0.0199501670707116
0.25,"Pêche",2017-06-30,2,2,0.0807191453416222,2017-03-31,-0.0199501670707116
0.3,"Pêche",2017-06-30,1,1,0.065389201125196,2017-03-31,-0.0199501670707116
0.35,"Pêche",2017-06-30,1,1,0.065389201125196,2017-03-31,-0.0199501670707116
0.45,"Pêche",2017-06-30,0,0,,,-0.0199501670707116
Inf,"Pêche",2017-06-30,0,0,,,-0.0199501670707116
0.15,"Industrie de transformation",2017-06-30,5,0,0.00878610950850356,2017-03-31,0.0149267146411702
0.25,"Industrie de transformation",2017-06-30,5,0,0.00878610950850356,2017-03-31,0.0149267146411702
0.3,"Industrie de transformation",2017-06-30,5,0,0.00878610950850356,2017-03-31,0.0149267146411702
0.35,"Industrie de transformation",2017-06-30,5,0,0.00878610950850356,2017-03-31,0.0149267146411702
0.45,"Industrie de transformation",2017-06-30,5,0,0.00878610950850356,2017-03-31,0.0149267146411702
Inf,"Industrie de transformation",2017-06-30,5,0,0.00878610950850356,2017-03-31,0.0149267146411702
0.15,"Électricité, gaz, eau",2017-06-30,5,1,-0.0227790623272879,2017-03-31,0.0253000677575166
0.25,"Électricité, gaz, eau",2017-06-30,5,1,-0.0227790623272879,2017-03-31,0.0253000677575166
0.3,"Électricité, gaz, eau",2017-06-30,5,1,-0.0227790623272879,2017-03-31,0.0253000677575166
0.35,"Électricité, gaz, eau",2017-06-30,5,0,-0.000827607340332777,2017-03-31,0.0253000677575166
0.45,"Électricité, gaz, eau",2017-06-30,5,0,-0.000827607340332777,2017-03-31,0.0253000677575166
Inf,"Électricité, gaz, eau",2017-06-30,5,0,-0.000827607340332777,2017-03-31,0.0253000677575166
0.15,"Commerce",2017-06-30,5,1,0.0111914916252458,2017-03-31,-0.00349218376741867
0.25,"Commerce",2017-06-30,5,1,0.0111914916252458,2017-03-31,-0.00349218376741867
0.3,"Commerce",2017-06-30,4,0,0.00715077387621957,2017-03-31,-0.00349218376741867
0.35,"Commerce",2017-06-30,4,0,0.00715077387621957,2017-03-31,-0.00349218376741867
0.45,"Commerce",2017-06-30,4,0,0.00715077387621957,2017-03-31,-0.00349218376741867
Inf,"Commerce",2017-06-30,4,0,0.00715077387621957,2017-03-31,-0.00349218376741867
0.15,"Information-communication",2017-06-30,1,1,0.017437057093217,2017-03-31,0.0264960645184544
0.25,"Information-communication",2017-06-30,0,0,,,0.0264960645184544
0.3,"Information-communication",2017-06-30,0,0,,,0.0264960645184544
0.35,"Information-communication",2017-06-30,0,0,,,0.0264960645184544
0.45,"Information-communication",2017-06-30,0,0,,,0.0264960645184544
Inf,"Information-communication",2017-06-30,0,0,,,0.0264960645184544
0.15,"Finances et assurances",2017-06-30,5,0,0.0173822960267603,2017-03-31,0.0236163865511507
0.25,"Finances et assurances",2017-06-30,5,0,0.0173822960267603,2017-03-31,0.0236163865511507
0.3,"Finances et assurances",2017-06-30,5,0,0.0173822960267603,2017-03-31,0.0236163865511507
0.35,"Finances et assurances",2017-06-30,5,0,0.0173822960267603,2017-03-31,0.0236163865511507
0.45,"Finances et assurances",2017-06-30,5,0,0.0173822960267603,2017-03-31,0.0236163865511507
Inf,"Finances et assurances",2017-06-30,5,0,0.0173822960267603,2017-03-31,0.0236163865511507
0.15,"Immobilier",2017-06-30,1,0,0.00644429224031751,2017-03-31,0.00532846857096558
0.25,"Immobilier",2017-06-30,1,0,0.00644429224031751,2017-03-31,0.00532846857096558
0.3,"Immobilier",2017-06-30,1,0,0.00644429224031751,2017-03-31,0.00532846857096558
0.35,"Immobilier",2017-06-30,1,0,0.00644429224031751,2017-03-31,0.00532846857096558
0.45,"Immobilier",2017-06-30,1,0,0.00644429224031751,2017-03-31,0.00532846857096558
Inf,"Immobilier",2017-06-30,1,0,0.00644429224031751,2017-03-31,0.00532846857096558
0.15,"Pêche",2017-09-30,2,2,0.0322053440852315,2017-06-30,0.0209332096664658
0.25,"Pêche",2017-09-30,2,2,0.0322053440852315,2017-06-30,0.0209332096664658
0.3,"Pêche",2017-09-30,1,1,0.0255603653974759,2017-06-30,0.0209332096664658
0.35,"Pêche",2017-09-30,1,1,0.0255603653974759,2017-06-30,0.0209332096664658
0.45,"Pêche",2017-09-30,0,0,,,0.0209332096664658
Inf,"Pêche",2017-09-30,0,0,,,0.0209332096664658
0.15,"Industrie de transformation",2017-09-30,5,0,0.0161479230499145,2017-06-30,-0.0114616897126858
0.25,"Industrie de transformation",2017-09-30,5,0,0.0161479230499145,2017-06-30,-0.0114616897126858
0.3,"Industrie de transformation",2017-09-30,5,0,0.0161479230499145,2017-06-30,-0.0114616897126858
0.35,"Industrie de transformation",2017-09-30,5,0,0.0161479230499145,2017-06-30,-0.0114616897126858
0.45,"Industrie de transformation",2017-09-30,5,0,0.0161479230499145,2017-06-30,-0.0114616897126858
Inf,"Industrie de transformation",2017-09-30,5,0,0.0161479230499145,2017-06-30,-0.0114616897126858
0.15,"Électricité, gaz, eau",2017-09-30,5,1,-0.0180218441488593,2017-06-30,0.0048164662893857
0.25,"Électricité, gaz, eau",2017-09-30,5,1,-0.0180218441488593,2017-06-30,0.0048164662893857
0.3,"Électricité, gaz, eau",2017-09-30,5,1,-0.0180218441488593,2017-06-30,0.0048164662893857
0.35,"Électricité, gaz, eau",2017-09-30,5,0,-0.000350282126681492,2017-06-30,0.0048164662893857
0.45,"Électricité, gaz, eau",2017-09-30,5,0,-0.000350282126681492,2017-06-30,0.0048164662893857
Inf,"Électricité, gaz, eau",2017-09-30,5,0,-0.000350282126681492,2017-06-30,0.0048164662893857
0.15,"Commerce",2017-09-30,5,1,0.00314917679403743,2017-06-30,-0.0111426180419461
0.25,"Commerce",2017-09-30,5,1,0.00314917679403743,2017-06-30,-0.0111426180419461
0.3,"Commerce",2017-09-30,4,0,0.004593020367313,2017-06-30,-0.0111426180419461
0.35,"Commerce",2017-09-30,4,0,0.004593020367313,2017-06-30,-0.0111426180419461
0.45,"Commerce",2017-09-30,4,0,0.004593020367313,2017-06-30,-0.0111426180419461
Inf,"Commerce",2017-09-30,4,0,0.004593020367313,2017-06-30,-0.0111426180419461
0.15,"Information-communication",2017-09-30,1,1,0.0162006815787177,2017-06-30,0.0150230359818178
0.25,"Information-communication",2017-09-30,0,0,,,0.0150230359818178
0.3,"Information-communication",2017-09-30,0,0,,,0.0150230359818178
0.35,"Information-communication",2017-09-30,0,0,,,0.0150230359818178
0.45,"Information-communication",2017-09-30,0,0,,,0.0150230359818178
Inf,"Information-communication",2017-09-30,0,0,,,0.0150230359818178
0.15,"Finances et assurances",2017-09-30,5,0,0.0072312316793639,2017-06-30,-0.00152331413688955
0.25,"Finances et assurances",2017-09-30,5,0,0.0072312316793639,2017-06-30,-0.00152331413688955
0.3,"Finances et assurances",2017-09-30,5,0,0.0072312316793639,2017-06-30,-0.00152331413688955
0.35,"Finances et assurances",2017-09-30,5,0,0.0072312316793639,2017-06-30,-0.00152331413688955
0.45,"Finances et assurances",2017-09-30,5,0,0.0072312316793639,2017-06-30,-0.00152331413688955
Inf,"Finances et assurances",2017-09-30,5,0,0.0072312316793639,2017-06-30,-0.00152331413688955
0.15,"Immobilier",2017-09-30,1,0,0.00788686911430022,2017-06-30,0.00538413091038592
0.25,"Immobilier",2017-09-30,1,0,0.00788686911430022,2017-06-30,0.00538413091038592
0.3,"Immobilier",2017-09-30,1,0,0.00788686911430022,2017-06-30,0.00538413091038592
0.35,"Immobilier",2017-09-30,1,0,0.00788686911430022,2017-06-30,0.00538413091038592
0.45,"Immobilier",2017-09-30,1,0,0.00788686911430022,2017-06-30,0.00538413091038592
Inf,"Immobilier",2017-09-30,1,0,0.00788686911430022,2017-06-30,0.00538413091038592
0.15,"Pêche",2017-12-31,2,2,0.0189142195743181,2017-09-30,-0.0659095853471712
0.25,"Pêche",2017-12-31,2,2,0.0189142195743181,2017-09-30,-0.0659095853471712
0.3,"Pêche",2017-12-31,1,1,0.0196910635540266,2017-09-30,-0.0659095853471712
0.35,"Pêche",2017-12-31,1,1,0.0196910635540266,2017-09-30,-0.0659095853471712
0.45,"Pêche",2017-12-31,0,0,,,-0.0659095853471712
Inf,"Pêche",2017-12-31,0,0,,,-0.0659095853471712
0.15,"Industrie de transformation",2017-12-31,5,0,0.00838065514543064,2017-09-30,0.00280821148239063
0.25,"Industrie de transformation",2017-12-31,5,0,0.00838065514543064,2017-09-30,0.00280821148239063
0.3,"Industrie de transformation",2017-12-31,5,0,0.00838065514543064,2017-09-30,0.00280821148239063
0.35,"Industrie de transformation",2017-12-31,5,0,0.00838065514543064,2017-09-30,0.00280821148239063
0.45,"Industrie de transformation",2017-12-31,5,0,0.00838065514543064,2017-09-30,0.00280821148239063
Inf,"Industrie de transformation",2017-12-31,5,0,0.00838065514543064,2017-09-30,0.00280821148239063
0.15,"Électricité, gaz, eau",2017-12-31,5,1,0.0289740066373416,2017-09-30,0.0387992037287237
0.25,"Électricité, gaz, eau",2017-12-31,5,1,0.0289740066373416,2017-09-30,0.0387992037287237
0.3,"Électricité, gaz, eau",2017-12-31,5,1,0.0289740066373416,2017-09-30,0.0387992037287237
0.35,"Électricité, gaz, eau",2017-12-31,5,0,0.0203033006786355,2017-09-30,0.0387992037287237
0.45,"Électricité, gaz, eau",2017-12-31,5,0,0.0203033006786355,2017-09-30,0.0387992037287237
Inf,"Électricité, gaz, eau",2017-12-31,5,0,0.0203033006786355,2017-09-30,0.0387992037287237
0.15,"Commerce",2017-12-31,5,1,0.002838509505627,2017-09-30,0.0160473615406325
0.25,"Commerce",2017-12-31,5,1,0.002838509505627,2017-09-30,0.0160473615406325
0.3,"Commerce",2017-12-31,4,0,0.00418454396527597,2017-09-30,0.0160473615406325
0.35,"Commerce",2017-12-31,4,0,0.00418454396527597,2017-09-30,0.0160473615406325
0.45,"Commerce",2017-12-31,4,0,0.00418454396527597,2017-09-30,0.0160473615406325
Inf,"Commerce",2017-12-31,4,0,0.00418454396527597,2017-09-30,0.0160473615406325
0.15,"Information-communication",2017-12-31,1,1,0.0159454414742712,2017-09-30,0.00966388766132553
0.25,"Information-communication",2017-12-31,0,0,,,0.00966388766132553
0.3,"Information-communication",2017-12-31,0,0,,,0.00966388766132553
0.35,"Information-communication",2017-12-31,0,0,,,0.00966388766132553
0.45,"Information-communication",2017-12-31,0,0,,,0.00966388766132553
Inf,"Information-communication",2017-12-31,0,0,,,0.00966388766132553
0.15,"Finances et assurances",2017-12-31,5,0,0.00724967073854659,2017-09-30,-0.00363516724733692
0.25,"Finances et assurances",2017-12-31,5,0,0.00724967073854659,2017-09-30,-0.00363516724733692
0.3,"Finances et assurances",2017-12-31,5,0,0.00724967073854659,2017-09-30,-0.00363516724733692
0.35,"Finances et assurances",2017-12-31,5,0,0.00724967073854659,2017-09-30,-0.00363516724733692
0.45,"Finances et assurances",2017-12-31,5,0,0.00724967073854659,2017-09-30,-0.00363516724733692
Inf,"Finances et assurances",2017-12-31,5,0,0.00724967073854659,2017-09-30,-0.00363516724733692
0.15,"Immobilier",2017-12-31,1,0,0.00787987895197642,2017-09-30,0.00537094450904618
0.25,"Immobilier",2017-12-31,1,0,0.00787987895197642,2017-09-30,0.00537094450904618
0.3,"Immobilier",2017-12-31,1,0,0.00787987895197642,2017-09-30,0.00537094450904618
0.35,"Immobilier",2017-12-31,1,0,0.00787987895197642,2017-09-30,0.00537094450904618
0.45,"Immobilier",2017-12-31,1,0,0.00787987895197642,2017-09-30,0.00537094450904618
Inf,"Immobilier",2017-12-31,1,0,0.00787987895197642,2017-09-30,0.00537094450904618
0.15,"Pêche",2018-03-31,5,1,0.0238318946779402,2017-12-31,-0.118526708999348
0.25,"Pêche",2018-03-31,5,1,0.0238318946779402,2017-12-31,-0.118526708999348
0.3,"Pêche",2018-03-31,5,1,0.0238318946779402,2017-12-31,-0.118526708999348
0.35,"Pêche",2018-03-31,5,1,0.0238318946779402,2017-12-31,-0.118526708999348
0.45,"Pêche",2018-03-31,5,0,0.0243289488401041,2017-12-31,-0.118526708999348
Inf,"Pêche",2018-03-31,5,0,0.0243289488401041,2017-12-31,-0.118526708999348
0.15,"Industrie de transformation",2018-03-31,5,0,0.00613221691380884,2017-12-31,0.0234087617899217
0.25,"Industrie de transformation",2018-03-31,5,0,0.00613221691380884,2017-12-31,0.0234087617899217
0.3,"Industrie de transformation",2018-03-31,5,0,0.00613221691380884,2017-12-31,0.0234087617899217
0.35,"Industrie de transformation",2018-03-31,5,0,0.00613221691380884,2017-12-31,0.0234087617899217
0.45,"Industrie de transformation",2018-03-31,5,0,0.00613221691380884,2017-12-31,0.0234087617899217
Inf,"Industrie de transformation",2018-03-31,5,0,0.00613221691380884,2017-12-31,0.0234087617899217
0.15,"Électricité, gaz, eau",2018-03-31,5,1,-0.00449381194480493,2017-12-31,0.0223262968366722
0.25,"Électricité, gaz, eau",2018-03-31,5,1,-0.00449381194480493,2017-12-31,0.0223262968366722
0.3,"Électricité, gaz, eau",2018-03-31,5,0,0.0110453010133907,2017-12-31,0.0223262968366722
0.35,"Électricité, gaz, eau",2018-03-31,5,0,0.0110453010133907,2017-12-31,0.0223262968366722
0.45,"Électricité, gaz, eau",2018-03-31,5,0,0.0110453010133907,2017-12-31,0.0223262968366722
Inf,"Électricité, gaz, eau",2018-03-31,5,0,0.0110453010133907,2017-12-31,0.0223262968366722
0.15,"Commerce",2018-03-31,5,1,0.00717305479043686,2017-12-31,-0.0230462931639384
0.25,"Commerce",2018-03-31,5,1,0.00717305479043686,2017-12-31,-0.0230462931639384
0.3,"Commerce",2018-03-31,4,0,0.00586923117128342,2017-12-31,-0.0230462931639384
0.35,"Commerce",2018-03-31,4,0,0.00586923117128342,2017-12-31,-0.0230462931639384
0.45,"Commerce",2018-03-31,4,0,0.00586923117128342,2017-12-31,-0.0230462931639384
Inf,"Commerce",2018-03-31,4,0,0.00586923117128342,2017-12-31,-0.0230462931639384
0.15,"Information-communication",2018-03-31,1,1,0.0154905323816245,2017-12-31,-0.010365531714644
0.25,"Information-communication",2018-03-31,0,0,,,-0.010365531714644
0.3,"Information-communication",2018-03-31,0,0,,,-0.010365531714644
0.35,"Information-communication",2018-03-31,0,0,,,-0.010365531714644
0.45,"Information-communication",2018-03-31,0,0,,,-0.010365531714644
Inf,"Information-communication",2018-03-31,0,0,,,-0.010365531714644
0.15,"Finances et assurances",2018-03-31,5,0,-0.00153927522042797,2017-12-31,0.0129764503213643
0.25,"Finances et assurances",2018-03-31,5,0,-0.00153927522042797,2017-12-31,0.0129764503213643
0.3,"Finances et assurances",2018-03-31,5,0,-0.00153927522042797,2017-12-31,0.0129764503213643
0.35,"Finances et assurances",2018-03-31,5,0,-0.00153927522042797,2017-12-31,0.0129764503213643
0.45,"Finances et assurances",2018-03-31,5,0,-0.00153927522042797,2017-12-31,0.0129764503213643
Inf,"Finances et assurances",2018-03-31,5,0,-0.00153927522042797,2017-12-31,0.0129764503213643
0.15,"Immobilier",2018-03-31,1,0,0.006875427382076,2017-12-31,0.0139842136362436
0.25,"Immobilier",2018-03-31,1,0,0.006875427382076,2017-12-31,0.0139842136362436
0.3,"Immobilier",2018-03-31,1,0,0.006875427382076,2017-12-31,0.0139842136362436
0.35,"Immobilier",2018-03-31,1,0,0.006875427382076,2017-12-31,0.0139842136362436
0.45,"Immobilier",2018-03-31,1,0,0.006875427382076,2017-12-31,0.0139842136362436
Inf,"Immobilier",2018-03-31,1,0,0.006875427382076,2017-12-31,0.0139842136362436
0.15,"Pêche",2018-06-30,5,1,0.0285903000350324,2018-03-31,0.0565619820165848
0.25,"Pêche",2018-06-30,5,1,0.0285903000350324,2018-03-31,0.0565619820165848
0.3,"Pêche",2018-06-30,5,1,0.0285903000350324,2018-03-31,0.0565619820165848
0.35,"Pêche",2018-06-30,5,1,0.0285903000350324,2018-03-31,0.0565619820165848
0.45,"Pêche",2018-06-30,5,0,0.0609595223651259,2018-03-31,0.0565619820165848
Inf,"Pêche",2018-06-30,5,0,0.0609595223651259,2018-03-31,0.0565619820165848
0.15,"Industrie de transformation",2018-06-30,5,0,0.00219041868795968,2018-03-31,-0.00382899876597698
0.25,"Industrie de transformation",2018-06-30,5,0,0.00219041868795968,2018-03-31,-0.00382899876597698
0.3,"Industrie de transformation",2018-06-30,5,0,0.00219041868795968,2018-03-31,-0.00382899876597698
0.35,"Industrie de transformation",2018-06-30,5,0,0.00219041868795968,2018-03-31,-0.00382899876597698
0.45,"Industrie de transformation",2018-06-30,5,0,0.00219041868795968,2018-03-31,-0.00382899876597698
Inf,"Industrie de transformation",2018-06-30,5,0,0.00219041868795968,2018-03-31,-0.00382899876597698
0.15,"Électricité, gaz, eau",2018-06-30,5,1,0.0102389932403957,2018-03-31,-0.016153880771169
0.25,"Électricité, gaz, eau",2018-06-30,5,1,0.0102389932403957,2018-03-31,-0.016153880771169
0.3,"Électricité, gaz, eau",2018-06-30,5,0,0.0519521610469026,2018-03-31,-0.016153880771169
0.35,"Électricité, gaz, eau",2018-06-30,5,0,0.0519521610469026,2018-03-31,-0.016153880771169
0.45,"Électricité, gaz, eau",2018-06-30,5,0,0.0519521610469026,2018-03-31,-0.016153880771169
Inf,"Électricité, gaz, eau",2018-06-30,5,0,0.0519521610469026,2018-03-31,-0.016153880771169
0.15,"Commerce",2018-06-30,5,1,0.012531549023664,2018-03-31,0.00870212621648037
0.25,"Commerce",2018-06-30,5,1,0.012531549023664,2018-03-31,0.00870212621648037
0.3,"Commerce",2018-06-30,4,0,0.00838684883578755,2018-03-31,0.00870212621648037
0.35,"Commerce",2018-06-30,4,0,0.00838684883578755,2018-03-31,0.00870212621648037
0.45,"Commerce",2018-06-30,4,0,0.00838684883578755,2018-03-31,0.00870212621648037
Inf,"Commerce",2018-06-30,4,0,0.00838684883578755,2018-03-31,0.00870212621648037
0.15,"Information-communication",2018-06-30,1,1,0.0162962088086775,2018-03-31,0.0250131048881688
0.25,"Information-communication",2018-06-30,0,0,,,0.0250131048881688
0.3,"Information-communication",2018-06-30,0,0,,,0.0250131048881688
0.35,"Information-communication",2018-06-30,0,0,,,0.0250131048881688
0.45,"Information-communication",2018-06-30,0,0,,,0.0250131048881688
Inf,"Information-communication",2018-06-30,0,0,,,0.0250131048881688
0.15,"Finances et assurances",2018-06-30,5,0,0.0148450802535756,2018-03-31,-0.00435156893570188
0.25,"Finances et assurances",2018-06-30,5,0,0.0148450802535756,2018-03-31,-0.00435156893570188
0.3,"Finances et assurances",2018-06-30,5,0,0.0148450802535756,2018-03-31,-0.00435156893570188
0.35,"Finances et assurances",2018-06-30,5,0,0.0148450802535756,2018-03-31,-0.00435156893570188
0.45,"Finances et assurances",2018-06-30,5,0,0.0148450802535756,2018-03-31,-0.00435156893570188
Inf,"Finances et assurances",2018-06-30,5,0,0.0148450802535756,2018-03-31,-0.00435156893570188
0.15,"Immobilier",2018-06-30,1,0,0.00948617174811707,2018-03-31,0.00709820759588098
0.25,"Immobilier",2018-06-30,1,0,0.00948617174811707,2018-03-31,0.00709820759588098
0.3,"Immobilier",2018-06-30,1,0,0.00948617174811707,2018-03-31,0.00709820759588098
0.35,"Immobilier",2018-06-30,1,0,0.00948617174811707,2018-03-31,0.00709820759588098
0.45,"Immobilier",2018-06-30,1,0,0.00948617174811707,2018-03-31,0.00709820759588098
Inf,"Immobilier",2018-06-30,1,0,0.00948617174811707,2018-03-31,0.00709820759588098
0.15,"Pêche",2018-09-30,2,2,-0.103802572505198,2018-06-30,-0.0520428663582821
0.25,"Pêche",2018-09-30,2,2,-0.103802572505198,2018-06-30,-0.0520428663582821
0.3,"Pêche",2018-09-30,1,1,0.0770475205866835,2018-06-30,-0.0520428663582821
0.35,"Pêche",2018-09-30,1,1,0.0770475205866835,2018-06-30,-0.0520428663582821
0.45,"Pêche",2018-09-30,0,0,,,-0.0520428663582821
Inf,"Pêche",2018-09-30,0,0,,,-0.0520428663582821
0.15,"Industrie de transformation",2018-09-30,5,0,-0.000593257998001252,2018-06-30,0.0197648970716831
0.25,"Industrie de transformation",2018-09-30,5,0,-0.000593257998001252,2018-06-30,0.0197648970716831
0.3,"Industrie de transformation",2018-09-30,5,0,-0.000593257998001252,2018-06-30,0.0197648970716831
0.35,"Industrie de transformation",2018-09-30,5,0,-0.000593257998001252,2018-06-30,0.0197648970716831
0.45,"Industrie de transformation",2018-09-30,5,0,-0.000593257998001252,2018-06-30,0.0197648970716831
Inf,"Industrie de transformation",2018-09-30,5,0,-0.000593257998001252,2018-06-30,0.0197648970716831
0.15,"Électricité, gaz, eau",2018-09-30,5,1,-0.00726761519682504,2018-06-30,0.0411974248960654
0.25,"Électricité, gaz, eau",2018-09-30,5,1,-0.00726761519682504,2018-06-30,0.0411974248960654
0.3,"Électricité, gaz, eau",2018-09-30,4,0,0.000198346621785191,2018-06-30,0.0411974248960654
0.35,"Électricité, gaz, eau",2018-09-30,4,0,0.000198346621785191,2018-06-30,0.0411974248960654
0.45,"Électricité, gaz, eau",2018-09-30,4,0,0.000198346621785191,2018-06-30,0.0411974248960654
Inf,"Électricité, gaz, eau",2018-09-30,4,0,0.000198346621785191,2018-06-30,0.0411974248960654
0.15,"Commerce",2018-09-30,5,1,-0.00340269934438126,2018-06-30,0.00962442845128741
0.25,"Commerce",2018-09-30,5,1,-0.00340269934438126,2018-06-30,0.00962442845128741
0.3,"Commerce",2018-09-30,4,0,-0.0021969460761226,2018-06-30,0.00962442845128741
0.35,"Commerce",2018-09-30,4,0,-0.0021969460761226,2018-06-30,0.00962442845128741
0.45,"Commerce",2018-09-30,4,0,-0.0021969460761226,2018-06-30,0.00962442845128741
Inf,"Commerce",2018-09-30,4,0,-0.0021969460761226,2018-06-30,0.00962442845128741
0.15,"Information-communication",2018-09-30,1,1,0.0145605354948114,2018-06-30,0.00871941409985943
0.25,"Information-communication",2018-09-30,0,0,,,0.00871941409985943
0.3,"Information-communication",2018-09-30,0,0,,,0.00871941409985943
0.35,"Information-communication",2018-09-30,0,0,,,0.00871941409985943
0.45,"Information-communication",2018-09-30,0,0,,,0.00871941409985943
Inf,"Information-communication",2018-09-30,0,0,,,0.00871941409985943
0.15,"Finances et assurances",2018-09-30,5,0,0.0137490794852582,2018-06-30,0.00735193248656962
0.25,"Finances et assurances",2018-09-30,5,0,0.0137490794852582,2018-06-30,0.00735193248656962
0.3,"Finances et assurances",2018-09-30,5,0,0.0137490794852582,2018-06-30,0.00735193248656962
0.35,"Finances et assurances",2018-09-30,5,0,0.0137490794852582,2018-06-30,0.00735193248656962
0.45,"Finances et assurances",2018-09-30,5,0,0.0137490794852582,2018-06-30,0.00735193248656962
Inf,"Finances et assurances",2018-09-30,5,0,0.0137490794852582,2018-06-30,0.00735193248656962
0.15,"Immobilier",2018-09-30,1,0,0.00796760220604282,2018-06-30,0.00546983793104339
0.25,"Immobilier",2018-09-30,1,0,0.00796760220604282,2018-06-30,0.00546983793104339
0.3,"Immobilier",2018-09-30,1,0,0.00796760220604282,2018-06-30,0.00546983793104339
0.35,"Immobilier",2018-09-30,1,0,0.00796760220604282,2018-06-30,0.00546983793104339
0.45,"Immobilier",2018-09-30,1,0,0.00796760220604282,2018-06-30,0.00546983793104339
Inf,"Immobilier",2018-09-30,1,0,0.00796760220604282,2018-06-30,0.00546983793104339
0.15,"Pêche",2018-12-31,2,2,0.0192426695544284,2018-09-30,0.0519498128058951
0.25,"Pêche",2018-12-31,2,2,0.0192426695544284,2018-09-30,0.0519498128058951
0.3,"Pêche",2018-12-31,1,1,0.00454247142915602,2018-09-30,0.0519498128058951
0.35,"Pêche",2018-12-31,1,1,0.00454247142915602,2018-09-30,0.0519498128058951
0.45,"Pêche",2018-12-31,0,0,,,0.0519498128058951
Inf,"Pêche",2018-12-31,0,0,,,0.0519498128058951
0.15,"Industrie de transformation",2018-12-31,5,0,0.00894620263814704,2018-09-30,0.00254844063750426
0.25,"Industrie de transformation",2018-12-31,5,0,0.00894620263814704,2018-09-30,0.00254844063750426
0.3,"Industrie de transformation",2018-12-31,5,0,0.00894620263814704,2018-09-30,0.00254844063750426
0.35,"Industrie de transformation",2018-12-31,5,0,0.00894620263814704,2018-09-30,0.00254844063750426
0.45,"Industrie de transformation",2018-12-31,5,0,0.00894620263814704,2018-09-30,0.00254844063750426
Inf,"Industrie de transformation",2018-12-31,5,0,0.00894620263814704,2018-09-30,0.00254844063750426
0.15,"Électricité, gaz, eau",2018-12-31,4,1,0.0169831129572343,2018-09-30,0.0623784425554952
0.25,"Électricité, gaz, eau",2018-12-31,4,1,0.0169831129572343,2018-09-30,0.0623784425554952
0.3,"Électricité, gaz, eau",2018-12-31,3,0,0.0244749629267871,2018-09-30,0.0623784425554952
0.35,"Électricité, gaz, eau",2018-12-31,3,0,0.0244749629267871,2018-09-30,0.0623784425554952
0.45,"Électricité, gaz, eau",2018-12-31,3,0,0.0244749629267871,2018-09-30,0.0623784425554952
Inf,"Électricité, gaz, eau",2018-12-31,3,0,0.0244749629267871,2018-09-30,0.0623784425554952
0.15,"Commerce",2018-12-31,5,1,-0.0110312503549538,2018-09-30,0.0165859648209938
0.25,"Commerce",2018-12-31,5,1,-0.0110312503549538,2018-09-30,0.0165859648209938
0.3,"Commerce",2018-12-31,4,0,-0.0162618486084721,2018-09-30,0.0165859648209938
0.35,"Commerce",2018-12-31,4,0,-0.0162618486084721,2018-09-30,0.0165859648209938
0.45,"Commerce",2018-12-31,4,0,-0.0162618486084721,2018-09-30,0.0165859648209938
Inf,"Commerce",2018-12-31,4,0,-0.0162618486084721,2018-09-30,0.0165859648209938
0.15,"Finances et assurances",2018-12-31,5,0,0.00621908946868007,2018-09-30,0.0110438895944789
0.25,"Finances et assurances",2018-12-31,5,0,0.00621908946868007,2018-09-30,0.0110438895944789
0.3,"Finances et assurances",2018-12-31,5,0,0.00621908946868007,2018-09-30,0.0110438895944789
0.35,"Finances et assurances",2018-12-31,5,0,0.00621908946868007,2018-09-30,0.0110438895944789
0.45,"Finances et assurances",2018-12-31,5,0,0.00621908946868007,2018-09-30,0.0110438895944789
Inf,"Finances et assurances",2018-12-31,5,0,0.00621908946868007,2018-09-30,0.0110438895944789
0.15,"Immobilier",2018-12-31,1,0,0.00654870484164313,2018-09-30,0.00429779031723321
0.25,"Immobilier",2018-12-31,1,0,0.00654870484164313,2018-09-30,0.00429779031723321
0.3,"Immobilier",2018-12-31,1,0,0.00654870484164313,2018-09-30,0.00429779031723321
0.35,"Immobilier",2018-12-31,1,0,0.00654870484164313,2018-09-30,0.00429779031723321
0.45,"Immobilier",2018-12-31,1,0,0.00654870484164313,2018-09-30,0.00429779031723321
Inf,"Immobilier",2018-12-31,1,0,0.00654870484164313,2018-09-30,0.00429779031723321
0.15,"Pêche",2019-03-31,2,2,0.0582319841657433,2018-12-31,0.165886600744615
0.25,"Pêche",2019-03-31,2,2,0.0582319841657433,2018-12-31,0.165886600744615
0.3,"Pêche",2019-03-31,1,1,-0.102334190522475,2018-12-31,0.165886600744615
0.35,"Pêche",2019-03-31,1,1,-0.102334190522475,2018-12-31,0.165886600744615
0.45,"Pêche",2019-03-31,0,0,,,0.165886600744615
Inf,"Pêche",2019-03-31,0,0,,,0.165886600744615
0.15,"Industrie de transformation",2019-03-31,5,0,0.00894866921419241,2018-12-31,0.00525129663060397
0.25,"Industrie de transformation",2019-03-31,5,0,0.00894866921419241,2018-12-31,0.00525129663060397
0.3,"Industrie de transformation",2019-03-31,5,0,0.00894866921419241,2018-12-31,0.00525129663060397
0.35,"Industrie de transformation",2019-03-31,5,0,0.00894866921419241,2018-12-31,0.00525129663060397
0.45,"Industrie de transformation",2019-03-31,5,0,0.00894866921419241,2018-12-31,0.00525129663060397
Inf,"Industrie de transformation",2019-03-31,5,0,0.00894866921419241,2018-12-31,0.00525129663060397
0.15,"Électricité, gaz, eau",2019-03-31,1,0,0.0145858934959761,2018-12-31,0.0925664554057999
0.25,"Électricité, gaz, eau",2019-03-31,1,0,0.0145858934959761,2018-12-31,0.0925664554057999
0.3,"Électricité, gaz, eau",2019-03-31,1,0,0.0145858934959761,2018-12-31,0.0925664554057999
0.35,"Électricité, gaz, eau",2019-03-31,1,0,0.0145858934959761,2018-12-31,0.0925664554057999
0.45,"Électricité, gaz, eau",2019-03-31,1,0,0.0145858934959761,2018-12-31,0.0925664554057999
Inf,"Électricité, gaz, eau",2019-03-31,1,0,0.0145858934959761,2018-12-31,0.0925664554057999
0.15,"Construction",2019-03-31,1,1,-0.0119816459668406,2018-12-31,0.0166559720067418
0.25,"Construction",2019-03-31,0,0,,,0.0166559720067418
0.3,"Construction",2019-03-31,0,0,,,0.0166559720067418
0.35,"Construction",2019-03-31,0,0,,,0.0166559720067418
0.45,"Construction",2019-03-31,0,0,,,0.0166559720067418
Inf,"Construction",2019-03-31,0,0,,,0.0166559720067418
0.15,"Commerce",2019-03-31,4,1,-0.00604417757690523,2018-12-31,-0.0198319410856413
0.25,"Commerce",2019-03-31,4,1,-0.00604417757690523,2018-12-31,-0.0198319410856413
0.3,"Commerce",2019-03-31,3,0,-0.00749781109876458,2018-12-31,-0.0198319410856413
0.35,"Commerce",2019-03-31,3,0,-0.00749781109876458,2018-12-31,-0.0198319410856413
0.45,"Commerce",2019-03-31,3,0,-0.00749781109876458,2018-12-31,-0.0198319410856413
Inf,"Commerce",2019-03-31,3,0,-0.00749781109876458,2018-12-31,-0.0198319410856413
0.15,"Finances et assurances",2019-03-31,5,0,0.00715298136197451,2018-12-31,0.0315392522985256
0.25,"Finances et assurances",2019-03-31,5,0,0.00715298136197451,2018-12-31,0.0315392522985256
0.3,"Finances et assurances",2019-03-31,5,0,0.00715298136197451,2018-12-31,0.0315392522985256
0.35,"Finances et assurances",2019-03-31,5,0,0.00715298136197451,2018-12-31,0.0315392522985256
0.45,"Finances et assurances",2019-03-31,5,0,0.00715298136197451,2018-12-31,0.0315392522985256
Inf,"Finances et assurances",2019-03-31,5,0,0.00715298136197451,2018-12-31,0.0315392522985256
0.15,"Immobilier",2019-03-31,1,0,0.00640406945848933,2018-12-31,0.00697990763877421
0.25,"Immobilier",2019-03-31,1,0,0.00640406945848933,2018-12-31,0.00697990763877421
0.3,"Immobilier",2019-03-31,1,0,0.00640406945848933,2018-12-31,0.00697990763877421
0.35,"Immobilier",2019-03-31,1,0,0.00640406945848933,2018-12-31,0.00697990763877421
0.45,"Immobilier",2019-03-31,1,0,0.00640406945848933,2018-12-31,0.00697990763877421
Inf,"Immobilier",2019-03-31,1,0,0.00640406945848933,2018-12-31,0.00697990763877421
0.15,"Pêche",2019-06-30,2,2,-0.0502618443401271,2019-03-31,-0.10051090919398
0.25,"Pêche",2019-06-30,2,2,-0.0502618443401271,2019-03-31,-0.10051090919398
0.3,"Pêche",2019-06-30,1,1,-0.0441303099912157,2019-03-31,-0.10051090919398
0.35,"Pêche",2019-06-30,0,0,,,-0.10051090919398
0.45,"Pêche",2019-06-30,0,0,,,-0.10051090919398
Inf,"Pêche",2019-06-30,0,0,,,-0.10051090919398
0.15,"Industrie de transformation",2019-06-30,5,0,0.00972933487730972,2019-03-31,0.0369509505888086
0.25,"Industrie de transformation",2019-06-30,5,0,0.00972933487730972,2019-03-31,0.0369509505888086
0.3,"Industrie de transformation",2019-06-30,5,0,0.00972933487730972,2019-03-31,0.0369509505888086
0.35,"Industrie de transformation",2019-06-30,5,0,0.00972933487730972,2019-03-31,0.0369509505888086
0.45,"Industrie de transformation",2019-06-30,5,0,0.00972933487730972,2019-03-31,0.0369509505888086
Inf,"Industrie de transformation",2019-06-30,5,0,0.00972933487730972,2019-03-31,0.0369509505888086
0.15,"Électricité, gaz, eau",2019-06-30,3,0,-0.00853066512279363,2019-03-31,-0.0124026726248605
0.25,"Électricité, gaz, eau",2019-06-30,3,0,-0.00853066512279363,2019-03-31,-0.0124026726248605
0.3,"Électricité, gaz, eau",2019-06-30,3,0,-0.00853066512279363,2019-03-31,-0.0124026726248605
0.35,"Électricité, gaz, eau",2019-06-30,3,0,-0.00853066512279363,2019-03-31,-0.0124026726248605
0.45,"Électricité, gaz, eau",2019-06-30,3,0,-0.00853066512279363,2019-03-31,-0.0124026726248605
Inf,"Électricité, gaz, eau",2019-06-30,3,0,-0.00853066512279363,2019-03-31,-0.0124026726248605
0.15,"Commerce",2019-06-30,4,1,0.011772021450703,2019-03-31,0.0339504681612155
0.25,"Commerce",2019-06-30,4,1,0.011772021450703,2019-03-31,0.0339504681612155
0.3,"Commerce",2019-06-30,3,0,0.0128279318876711,2019-03-31,0.0339504681612155
0.35,"Commerce",2019-06-30,3,0,0.0128279318876711,2019-03-31,0.0339504681612155
0.45,"Commerce",2019-06-30,3,0,0.0128279318876711,2019-03-31,0.0339504681612155
Inf,"Commerce",2019-06-30,3,0,0.0128279318876711,2019-03-31,0.0339504681612155
0.15,"Finances et assurances",2019-06-30,5,0,0.0115695993324715,2019-03-31,0.000435811706188005
0.25,"Finances et assurances",2019-06-30,5,0,0.0115695993324715,2019-03-31,0.000435811706188005
0.3,"Finances et assurances",2019-06-30,5,0,0.0115695993324715,2019-03-31,0.000435811706188005
0.35,"Finances et assurances",2019-06-30,5,0,0.0115695993324715,2019-03-31,0.000435811706188005
0.45,"Finances et assurances",2019-06-30,5,0,0.0115695993324715,2019-03-31,0.000435811706188005
Inf,"Finances et assurances",2019-06-30,5,0,0.0115695993324715,2019-03-31,0.000435811706188005
0.15,"Immobilier",2019-06-30,1,0,0.00874730376132586,2019-03-31,0.00407965402671806
0.25,"Immobilier",2019-06-30,1,0,0.00874730376132586,2019-03-31,0.00407965402671806
0.3,"Immobilier",2019-06-30,1,0,0.00874730376132586,2019-03-31,0.00407965402671806
0.35,"Immobilier",2019-06-30,1,0,0.00874730376132586,2019-03-31,0.00407965402671806
0.45,"Immobilier",2019-06-30,1,0,0.00874730376132586,2019-03-31,0.00407965402671806
Inf,"Immobilier",2019-06-30,1,0,0.00874730376132586,2019-03-31,0.00407965402671806
0.15,"Pêche",2019-09-30,2,2,0.0462926680359218,2019-06-30,0.107189386187184
0.25,"Pêche",2019-09-30,2,2,0.0462926680359218,2019-06-30,0.107189386187184
0.3,"Pêche",2019-09-30,1,1,0.0462273115913734,2019-06-30,0.107189386187184
0.35,"Pêche",2019-09-30,0,0,,,0.107189386187184
0.45,"Pêche",2019-09-30,0,0,,,0.107189386187184
Inf,"Pêche",2019-09-30,0,0,,,0.107189386187184
0.15,"Industrie de transformation",2019-09-30,5,0,0.0162775639703426,2019-06-30,-0.0175063522194137
0.25,"Industrie de transformation",2019-09-30,5,0,0.0162775639703426,2019-06-30,-0.0175063522194137
0.3,"Industrie de transformation",2019-09-30,5,0,0.0162775639703426,2019-06-30,-0.0175063522194137
0.35,"Industrie de transformation",2019-09-30,5,0,0.0162775639703426,2019-06-30,-0.0175063522194137
0.45,"Industrie de transformation",2019-09-30,5,0,0.0162775639703426,2019-06-30,-0.0175063522194137
Inf,"Industrie de transformation",2019-09-30,5,0,0.0162775639703426,2019-06-30,-0.0175063522194137
0.15,"Électricité, gaz, eau",2019-09-30,3,0,0.00300340796241578,2019-06-30,-0.0152269847098676
0.25,"Électricité, gaz, eau",2019-09-30,3,0,0.00300340796241578,2019-06-30,-0.0152269847098676
0.3,"Électricité, gaz, eau",2019-09-30,3,0,0.00300340796241578,2019-06-30,-0.0152269847098676
0.35,"Électricité, gaz, eau",2019-09-30,3,0,0.00300340796241578,2019-06-30,-0.0152269847098676
0.45,"Électricité, gaz, eau",2019-09-30,3,0,0.00300340796241578,2019-06-30,-0.0152269847098676
Inf,"Électricité, gaz, eau",2019-09-30,3,0,0.00300340796241578,2019-06-30,-0.0152269847098676
0.15,"Commerce",2019-09-30,4,1,-0.00479662330035415,2019-06-30,-0.00535962123528755
0.25,"Commerce",2019-09-30,4,1,-0.00479662330035415,2019-06-30,-0.00535962123528755
0.3,"Commerce",2019-09-30,3,0,-0.00716554328523952,2019-06-30,-0.00535962123528755
0.35,"Commerce",2019-09-30,3,0,-0.00716554328523952,2019-06-30,-0.00535962123528755
0.45,"Commerce",2019-09-30,3,0,-0.00716554328523952,2019-06-30,-0.00535962123528755
Inf,"Commerce",2019-09-30,3,0,-0.00716554328523952,2019-06-30,-0.00535962123528755
0.15,"Finances et assurances",2019-09-30,5,0,0.014067125535114,2019-06-30,0.0130609593133908
0.25,"Finances et assurances",2019-09-30,5,0,0.014067125535114,2019-06-30,0.0130609593133908
0.3,"Finances et assurances",2019-09-30,5,0,0.014067125535114,2019-06-30,0.0130609593133908
0.35,"Finances et assurances",2019-09-30,5,0,0.014067125535114,2019-06-30,0.0130609593133908
0.45,"Finances et assurances",2019-09-30,5,0,0.014067125535114,2019-06-30,0.0130609593133908
Inf,"Finances et assurances",2019-09-30,5,0,0.014067125535114,2019-06-30,0.0130609593133908
0.15,"Immobilier",2019-09-30,1,0,0.00722465316430364,2019-06-30,0.0012246541882952
0.25,"Immobilier",2019-09-30,1,0,0.00722465316430364,2019-06-30,0.0012246541882952
0.3,"Immobilier",2019-09-30,1,0,0.00722465316430364,2019-06-30,0.0012246541882952
0.35,"Immobilier",2019-09-30,1,0,0.00722465316430364,2019-06-30,0.0012246541882952
0.45,"Immobilier",2019-09-30,1,0,0.00722465316430364,2019-06-30,0.0012246541882952
Inf,"Immobilier",2019-09-30,1,0,0.00722465316430364,2019-06-30,0.0012246541882952
0.15,"Pêche",2019-12-31,5,0,-0.0411513188987651,2018-06-30,-0.178444977080698
0.25,"Pêche",2019-12-31,5,0,-0.0411513188987651,2018-06-30,-0.178444977080698
0.3,"Pêche",2019-12-31,5,0,-0.0411513188987651,2018-06-30,-0.178444977080698
0.35,"Pêche",2019-12-31,5,0,-0.0411513188987651,2018-06-30,-0.178444977080698
0.45,"Pêche",2019-12-31,5,0,-0.0411513188987651,2018-06-30,-0.178444977080698
Inf,"Pêche",2019-12-31,5,0,-0.0411513188987651,2018-06-30,-0.178444977080698
0.15,"Industrie d'extraction",2019-12-31,1,1,-0.0291302665065247,2019-09-30,0.00214620520732645
0.25,"Industrie d'extraction",2019-12-31,0,0,,,0.00214620520732645
0.3,"Industrie d'extraction",2019-12-31,0,0,,,0.00214620520732645
0.35,"Industrie d'extraction",2019-12-31,0,0,,,0.00214620520732645
0.45,"Industrie d'extraction",2019-12-31,0,0,,,0.00214620520732645
Inf,"Industrie d'extraction",2019-12-31,0,0,,,0.00214620520732645
0.15,"Industrie de transformation",2019-12-31,5,1,-0.00317029923556064,2019-09-30,-0.00688096519466086
0.25,"Industrie de transformation",2019-12-31,5,1,-0.00317029923556064,2019-09-30,-0.00688096519466086
0.3,"Industrie de transformation",2019-12-31,4,0,-0.00305093558304427,2019-09-30,-0.00688096519466086
0.35,"Industrie de transformation",2019-12-31,4,0,-0.00305093558304427,2019-09-30,-0.00688096519466086
0.45,"Industrie de transformation",2019-12-31,4,0,-0.00305093558304427,2019-09-30,-0.00688096519466086
Inf,"Industrie de transformation",2019-12-31,4,0,-0.00305093558304427,2019-09-30,-0.00688096519466086
0.15,"Électricité, gaz, eau",2019-12-31,3,0,0.00157411991239601,2019-09-30,-0.00625851062808103
0.25,"Électricité, gaz, eau",2019-12-31,3,0,0.00157411991239601,2019-09-30,-0.00625851062808103
0.3,"Électricité, gaz, eau",2019-12-31,3,0,0.00157411991239601,2019-09-30,-0.00625851062808103
0.35,"Électricité, gaz, eau",2019-12-31,3,0,0.00157411991239601,2019-09-30,-0.00625851062808103
0.45,"Électricité, gaz, eau",2019-12-31,3,0,0.00157411991239601,2019-09-30,-0.00625851062808103
Inf,"Électricité, gaz, eau",2019-12-31,3,0,0.00157411991239601,2019-09-30,-0.00625851062808103
0.15,"Commerce",2019-12-31,5,1,-0.0184596433126704,2019-09-30,-0.0070521019456713
0.25,"Commerce",2019-12-31,5,1,-0.0184596433126704,2019-09-30,-0.0070521019456713
0.3,"Commerce",2019-12-31,4,0,-0.0114091184362549,2019-09-30,-0.0070521019456713
0.35,"Commerce",2019-12-31,4,0,-0.0114091184362549,2019-09-30,-0.0070521019456713
0.45,"Commerce",2019-12-31,4,0,-0.0114091184362549,2019-09-30,-0.0070521019456713
Inf,"Commerce",2019-12-31,4,0,-0.0114091184362549,2019-09-30,-0.0070521019456713
0.15,"Finances et assurances",2019-12-31,5,0,0.0103976276300146,2019-09-30,0.00825566078032658
0.25,"Finances et assurances",2019-12-31,5,0,0.0103976276300146,2019-09-30,0.00825566078032658
0.3,"Finances et assurances",2019-12-31,5,0,0.0103976276300146,2019-09-30,0.00825566078032658
0.35,"Finances et assurances",2019-12-31,5,0,0.0103976276300146,2019-09-30,0.00825566078032658
0.45,"Finances et assurances",2019-12-31,5,0,0.0103976276300146,2019-09-30,0.00825566078032658
Inf,"Finances et assurances",2019-12-31,5,0,0.0103976276300146,2019-09-30,0.00825566078032658
0.15,"Immobilier",2019-12-31,1,0,0.0056724407707362,2019-09-30,-0.00107461592825686
0.25,"Immobilier",2019-12-31,1,0,0.0056724407707362,2019-09-30,-0.00107461592825686
0.3,"Immobilier",2019-12-31,1,0,0.0056724407707362,2019-09-30,-0.00107461592825686
0.35,"Immobilier",2019-12-31,1,0,0.0056724407707362,2019-09-30,-0.00107461592825686
0.45,"Immobilier",2019-12-31,1,0,0.0056724407707362,2019-09-30,-0.00107461592825686
Inf,"Immobilier",2019-12-31,1,0,0.0056724407707362,2019-09-30,-0.00107461592825686
0.15,"Pêche",2020-03-31,2,2,0.15443105126896,2019-12-31,0.250419564323746
0.25,"Pêche",2020-03-31,2,2,0.15443105126896,2019-12-31,0.250419564323746
0.3,"Pêche",2020-03-31,1,1,0.117305154026323,2019-12-31,0.250419564323746
0.35,"Pêche",2020-03-31,0,0,,,0.250419564323746
0.45,"Pêche",2020-03-31,0,0,,,0.250419564323746
Inf,"Pêche",2020-03-31,0,0,,,0.250419564323746
0.15,"Industrie de transformation",2020-03-31,5,0,-0.0112113400306732,2019-12-31,-0.00162253854886352
0.25,"Industrie de transformation",2020-03-31,5,0,-0.0112113400306732,2019-12-31,-0.00162253854886352
0.3,"Industrie de transformation",2020-03-31,5,0,-0.0112113400306732,2019-12-31,-0.00162253854886352
0.35,"Industrie de transformation",2020-03-31,5,0,-0.0112113400306732,2019-12-31,-0.00162253854886352
0.45,"Industrie de transformation",2020-03-31,5,0,-0.0112113400306732,2019-12-31,-0.00162253854886352
Inf,"Industrie de transformation",2020-03-31,5,0,-0.0112113400306732,2019-12-31,-0.00162253854886352
0.15,"Électricité, gaz, eau",2020-03-31,3,0,0.0356906070302669,2019-12-31,0.0213425854542955
0.25,"Électricité, gaz, eau",2020-03-31,3,0,0.0356906070302669,2019-12-31,0.0213425854542955
0.3,"Électricité, gaz, eau",2020-03-31,3,0,0.0356906070302669,2019-12-31,0.0213425854542955
0.35,"Électricité, gaz, eau",2020-03-31,3,0,0.0356906070302669,2019-12-31,0.0213425854542955
0.45,"Électricité, gaz, eau",2020-03-31,3,0,0.0356906070302669,2019-12-31,0.0213425854542955
Inf,"Électricité, gaz, eau",2020-03-31,3,0,0.0356906070302669,2019-12-31,0.0213425854542955
0.15,"Commerce",2020-03-31,5,1,-0.00728399063979514,2019-12-31,-0.0169610578868529
0.25,"Commerce",2020-03-31,5,1,-0.00728399063979514,2019-12-31,-0.0169610578868529
0.3,"Commerce",2020-03-31,4,0,-0.0118904409610219,2019-12-31,-0.0169610578868529
0.35,"Commerce",2020-03-31,4,0,-0.0118904409610219,2019-12-31,-0.0169610578868529
0.45,"Commerce",2020-03-31,4,0,-0.0118904409610219,2019-12-31,-0.0169610578868529
Inf,"Commerce",2020-03-31,4,0,-0.0118904409610219,2019-12-31,-0.0169610578868529
0.15,"Hébergement-restauration",2020-03-31,1,0,0.000947758514421481,2019-12-31,-0.329368517252892
0.25,"Hébergement-restauration",2020-03-31,1,0,0.000947758514421481,2019-12-31,-0.329368517252892
0.3,"Hébergement-restauration",2020-03-31,1,0,0.000947758514421481,2019-12-31,-0.329368517252892
0.35,"Hébergement-restauration",2020-03-31,1,0,0.000947758514421481,2019-12-31,-0.329368517252892
0.45,"Hébergement-restauration",2020-03-31,1,0,0.000947758514421481,2019-12-31,-0.329368517252892
Inf,"Hébergement-restauration",2020-03-31,1,0,0.000947758514421481,2019-12-31,-0.329368517252892
0.15,"Finances et assurances",2020-03-31,5,0,0.00501686340484693,2019-12-31,-0.0212114526144092
0.25,"Finances et assurances",2020-03-31,5,0,0.00501686340484693,2019-12-31,-0.0212114526144092
0.3,"Finances et assurances",2020-03-31,5,0,0.00501686340484693,2019-12-31,-0.0212114526144092
0.35,"Finances et assurances",2020-03-31,5,0,0.00501686340484693,2019-12-31,-0.0212114526144092
0.45,"Finances et assurances",2020-03-31,5,0,0.00501686340484693,2019-12-31,-0.0212114526144092
Inf,"Finances et assurances",2020-03-31,5,0,0.00501686340484693,2019-12-31,-0.0212114526144092
0.15,"Immobilier",2020-03-31,1,0,0.00483722559154723,2019-12-31,-0.0121506955111226
0.25,"Immobilier",2020-03-31,1,0,0.00483722559154723,2019-12-31,-0.0121506955111226
0.3,"Immobilier",2020-03-31,1,0,0.00483722559154723,2019-12-31,-0.0121506955111226
0.35,"Immobilier",2020-03-31,1,0,0.00483722559154723,2019-12-31,-0.0121506955111226
0.45,"Immobilier",2020-03-31,1,0,0.00483722559154723,2019-12-31,-0.0121506955111226
Inf,"Immobilier",2020-03-31,1,0,0.00483722559154723,2019-12-31,-0.0121506955111226
0.15,"Pêche",2020-06-30,2,2,-0.0730334008189974,2020-03-31,-0.182744294243855
0.25,"Pêche",2020-06-30,2,2,-0.0730334008189974,2020-03-31,-0.182744294243855
0.3,"Pêche",2020-06-30,1,1,-0.084953259487955,2020-03-31,-0.182744294243855
0.35,"Pêche",2020-06-30,0,0,,,-0.182744294243855
0.45,"Pêche",2020-06-30,0,0,,,-0.182744294243855
Inf,"Pêche",2020-06-30,0,0,,,-0.182744294243855
0.15,"Industrie de transformation",2020-06-30,5,0,-0.00766482479110425,2020-03-31,-0.213797918505946
0.25,"Industrie de transformation",2020-06-30,5,0,-0.00766482479110425,2020-03-31,-0.213797918505946
0.3,"Industrie de transformation",2020-06-30,5,0,-0.00766482479110425,2020-03-31,-0.213797918505946
0.35,"Industrie de transformation",2020-06-30,5,0,-0.00766482479110425,2020-03-31,-0.213797918505946
0.45,"Industrie de transformation",2020-06-30,5,0,-0.00766482479110425,2020-03-31,-0.213797918505946
Inf,"Industrie de transformation",2020-06-30,5,0,-0.00766482479110425,2020-03-31,-0.213797918505946
0.15,"Électricité, gaz, eau",2020-06-30,3,0,-0.000288077064274876,2020-03-31,-0.0970147629221021
0.25,"Électricité, gaz, eau",2020-06-30,3,0,-0.000288077064274876,2020-03-31,-0.0970147629221021
0.3,"Électricité, gaz, eau",2020-06-30,3,0,-0.000288077064274876,2020-03-31,-0.0970147629221021
0.35,"Électricité, gaz, eau",2020-06-30,3,0,-0.000288077064274876,2020-03-31,-0.0970147629221021
0.45,"Électricité, gaz, eau",2020-06-30,3,0,-0.000288077064274876,2020-03-31,-0.0970147629221021
Inf,"Électricité, gaz, eau",2020-06-30,3,0,-0.000288077064274876,2020-03-31,-0.0970147629221021
0.15,"Commerce",2020-06-30,5,1,-0.0208083617565985,2020-03-31,-0.150671734390357
0.25,"Commerce",2020-06-30,4,0,-0.0200432987104887,2020-03-31,-0.150671734390357
0.3,"Commerce",2020-06-30,4,0,-0.0200432987104887,2020-03-31,-0.150671734390357
0.35,"Commerce",2020-06-30,4,0,-0.0200432987104887,2020-03-31,-0.150671734390357
0.45,"Commerce",2020-06-30,4,0,-0.0200432987104887,2020-03-31,-0.150671734390357
Inf,"Commerce",2020-06-30,4,0,-0.0200432987104887,2020-03-31,-0.150671734390357
0.15,"Hébergement-restauration",2020-06-30,1,0,-0.817338392307201,2020-03-31,-0.857041072981717
0.25,"Hébergement-restauration",2020-06-30,1,0,-0.817338392307201,2020-03-31,-0.857041072981717
0.3,"Hébergement-restauration",2020-06-30,1,0,-0.817338392307201,2020-03-31,-0.857041072981717
0.35,"Hébergement-restauration",2020-06-30,1,0,-0.817338392307201,2020-03-31,-0.857041072981717
0.45,"Hébergement-restauration",2020-06-30,1,0,-0.817338392307201,2020-03-31,-0.857041072981717
Inf,"Hébergement-restauration",2020-06-30,1,0,-0.817338392307201,2020-03-31,-0.857041072981717
0.15,"Finances et assurances",2020-06-30,5,0,0.0159828628865533,2020-03-31,0.0113083327777996
0.25,"Finances et assurances",2020-06-30,5,0,0.0159828628865533,2020-03-31,0.0113083327777996
0.3,"Finances et assurances",2020-06-30,5,0,0.0159828628865533,2020-03-31,0.0113083327777996
0.35,"Finances et assurances",2020-06-30,5,0,0.0159828628865533,2020-03-31,0.0113083327777996
0.45,"Finances et assurances",2020-06-30,5,0,0.0159828628865533,2020-03-31,0.0113083327777996
Inf,"Finances et assurances",2020-06-30,5,0,0.0159828628865533,2020-03-31,0.0113083327777996
0.15,"Immobilier",2020-06-30,1,0,0.00404406890585376,2020-03-31,0.00154778434759706
0.25,"Immobilier",2020-06-30,1,0,0.00404406890585376,2020-03-31,0.00154778434759706
0.3,"Immobilier",2020-06-30,1,0,0.00404406890585376,2020-03-31,0.00154778434759706
0.35,"Immobilier",2020-06-30,1,0,0.00404406890585376,2020-03-31,0.00154778434759706
0.45,"Immobilier",2020-06-30,1,0,0.00404406890585376,2020-03-31,0.00154778434759706
Inf,"Immobilier",2020-06-30,1,0,0.00404406890585376,2020-03-31,0.00154778434759706
0.15,"Pêche",2020-09-30,2,2,0.0859100188748421,2020-06-30,0.449867423442043
0.25,"Pêche",2020-09-30,2,2,0.0859100188748421,2020-06-30,0.449867423442043
0.3,"Pêche",2020-09-30,1,1,0.0906533740260373,2020-06-30,0.449867423442043
0.35,"Pêche",2020-09-30,0,0,,,0.449867423442043
0.45,"Pêche",2020-09-30,0,0,,,0.449867423442043
Inf,"Pêche",2020-09-30,0,0,,,0.449867423442043
0.15,"Industrie d'extraction",2020-09-30,1,1,0.0100569597788371,2020-06-30,-0.0110758122366672
0.25,"Industrie d'extraction",2020-09-30,0,0,,,-0.0110758122366672
0.3,"Industrie d'extraction",2020-09-30,0,0,,,-0.0110758122366672
0.35,"Industrie d'extraction",2020-09-30,0,0,,,-0.0110758122366672
0.45,"Industrie d'extraction",2020-09-30,0,0,,,-0.0110758122366672
Inf,"Industrie d'extraction",2020-09-30,0,0,,,-0.0110758122366672
0.15,"Industrie de transformation",2020-09-30,5,0,0.0778783670981387,2020-06-30,0.176609534773862
0.25,"Industrie de transformation",2020-09-30,5,0,0.0778783670981387,2020-06-30,0.176609534773862
0.3,"Industrie de transformation",2020-09-30,5,0,0.0778783670981387,2020-06-30,0.176609534773862
0.35,"Industrie de transformation",2020-09-30,5,0,0.0778783670981387,2020-06-30,0.176609534773862
0.45,"Industrie de transformation",2020-09-30,5,0,0.0778783670981387,2020-06-30,0.176609534773862
Inf,"Industrie de transformation",2020-09-30,5,0,0.0778783670981387,2020-06-30,0.176609534773862
0.15,"Électricité, gaz, eau",2020-09-30,2,0,0.0119664649873197,2020-06-30,0.114417799543279
0.25,"Électricité, gaz, eau",2020-09-30,2,0,0.0119664649873197,2020-06-30,0.114417799543279
0.3,"Électricité, gaz, eau",2020-09-30,2,0,0.0119664649873197,2020-06-30,0.114417799543279
0.35,"Électricité, gaz, eau",2020-09-30,2,0,0.0119664649873197,2020-06-30,0.114417799543279
0.45,"Électricité, gaz, eau",2020-09-30,2,0,0.0119664649873197,2020-06-30,0.114417799543279
Inf,"Électricité, gaz, eau",2020-09-30,2,0,0.0119664649873197,2020-06-30,0.114417799543279
0.15,"Commerce",2020-09-30,3,0,0.00587794551800452,2020-06-30,0.108126994394249
0.25,"Commerce",2020-09-30,3,0,0.00587794551800452,2020-06-30,0.108126994394249
0.3,"Commerce",2020-09-30,3,0,0.00587794551800452,2020-06-30,0.108126994394249
0.35,"Commerce",2020-09-30,3,0,0.00587794551800452,2020-06-30,0.108126994394249
0.45,"Commerce",2020-09-30,3,0,0.00587794551800452,2020-06-30,0.108126994394249
Inf,"Commerce",2020-09-30,3,0,0.00587794551800452,2020-06-30,0.108126994394249
0.15,"Hébergement-restauration",2020-09-30,5,1,1.05418007774149,2020-06-30,0.152814674284517
0.25,"Hébergement-restauration",2020-09-30,5,1,1.05418007774149,2020-06-30,0.152814674284517
0.3,"Hébergement-restauration",2020-09-30,4,0,1.04413296931155,2020-06-30,0.152814674284517
0.35,"Hébergement-restauration",2020-09-30,4,0,1.04413296931155,2020-06-30,0.152814674284517
0.45,"Hébergement-restauration",2020-09-30,4,0,1.04413296931155,2020-06-30,0.152814674284517
Inf,"Hébergement-restauration",2020-09-30,4,0,1.04413296931155,2020-06-30,0.152814674284517
0.15,"Finances et assurances",2020-09-30,5,0,0.00895724386923676,2020-06-30,0.00678756570547989
0.25,"Finances et assurances",2020-09-30,5,0,0.00895724386923676,2020-06-30,0.00678756570547989
0.3,"Finances et assurances",2020-09-30,5,0,0.00895724386923676,2020-06-30,0.00678756570547989
0.35,"Finances et assurances",2020-09-30,5,0,0.00895724386923676,2020-06-30,0.00678756570547989
0.45,"Finances et assurances",2020-09-30,5,0,0.00895724386923676,2020-06-30,0.00678756570547989
Inf,"Finances et assurances",2020-09-30,5,0,0.00895724386923676,2020-06-30,0.00678756570547989
0.15,"Immobilier",2020-09-30,1,0,0.00631427151437443,2020-06-30,0.00248862454064991
0.25,"Immobilier",2020-09-30,1,0,0.00631427151437443,2020-06-30,0.00248862454064991
0.3,"Immobilier",2020-09-30,1,0,0.00631427151437443,2020-06-30,0.00248862454064991
0.35,"Immobilier",2020-09-30,1,0,0.00631427151437443,2020-06-30,0.00248862454064991
0.45,"Immobilier",2020-09-30,1,0,0.00631427151437443,2020-06-30,0.00248862454064991
Inf,"Immobilier",2020-09-30,1,0,0.00631427151437443,2020-06-30,0.00248862454064991
0.15,"Pêche",2020-12-31,2,2,-0.193563863438907,2020-09-30,-0.549113253084071
0.25,"Pêche",2020-12-31,2,2,-0.193563863438907,2020-09-30,-0.549113253084071
0.3,"Pêche",2020-12-31,0,0,,,-0.549113253084071
0.35,"Pêche",2020-12-31,0,0,,,-0.549113253084071
0.45,"Pêche",2020-12-31,0,0,,,-0.549113253084071
Inf,"Pêche",2020-12-31,0,0,,,-0.549113253084071
0.15,"Industrie d'extraction",2020-12-31,1,1,0.00780535229084078,2020-09-30,0.0282365373459843
0.25,"Industrie d'extraction",2020-12-31,0,0,,,0.0282365373459843
0.3,"Industrie d'extraction",2020-12-31,0,0,,,0.0282365373459843
0.35,"Industrie d'extraction",2020-12-31,0,0,,,0.0282365373459843
0.45,"Industrie d'extraction",2020-12-31,0,0,,,0.0282365373459843
Inf,"Industrie d'extraction",2020-12-31,0,0,,,0.0282365373459843
0.15,"Industrie de transformation",2020-12-31,5,0,-0.0043646885269907,2020-09-30,-0.00858663289649719
0.25,"Industrie de transformation",2020-12-31,5,0,-0.0043646885269907,2020-09-30,-0.00858663289649719
0.3,"Industrie de transformation",2020-12-31,5,0,-0.0043646885269907,2020-09-30,-0.00858663289649719
0.35,"Industrie de transformation",2020-12-31,5,0,-0.0043646885269907,2020-09-30,-0.00858663289649719
0.45,"Industrie de transformation",2020-12-31,5,0,-0.0043646885269907,2020-09-30,-0.00858663289649719
Inf,"Industrie de transformation",2020-12-31,5,0,-0.0043646885269907,2020-09-30,-0.00858663289649719
0.15,"Électricité, gaz, eau",2020-12-31,3,0,-0.0157699393969414,2020-09-30,-0.016022429172736
0.25,"Électricité, gaz, eau",2020-12-31,3,0,-0.0157699393969414,2020-09-30,-0.016022429172736
0.3,"Électricité, gaz, eau",2020-12-31,3,0,-0.0157699393969414,2020-09-30,-0.016022429172736
0.35,"Électricité, gaz, eau",2020-12-31,3,0,-0.0157699393969414,2020-09-30,-0.016022429172736
0.45,"Électricité, gaz, eau",2020-12-31,3,0,-0.0157699393969414,2020-09-30,-0.016022429172736
Inf,"Électricité, gaz, eau",2020-12-31,3,0,-0.0157699393969414,2020-09-30,-0.016022429172736
0.15,"Construction",2020-12-31,1,0,0.0145130168387476,2020-09-30,0.072642691639901
0.25,"Construction",2020-12-31,1,0,0.0145130168387476,2020-09-30,0.072642691639901
0.3,"Construction",2020-12-31,1,0,0.0145130168387476,2020-09-30,0.072642691639901
0.35,"Construction",2020-12-31,1,0,0.0145130168387476,2020-09-30,0.072642691639901
0.45,"Construction",2020-12-31,1,0,0.0145130168387476,2020-09-30,0.072642691639901
Inf,"Construction",2020-12-31,1,0,0.0145130168387476,2020-09-30,0.072642691639901
0.15,"Commerce",2020-12-31,3,0,-0.0196328611064297,2019-12-31,0.020045836468638
0.25,"Commerce",2020-12-31,3,0,-0.0196328611064297,2019-12-31,0.020045836468638
0.3,"Commerce",2020-12-31,3,0,-0.0196328611064297,2019-12-31,0.020045836468638
0.35,"Commerce",2020-12-31,3,0,-0.0196328611064297,2019-12-31,0.020045836468638
0.45,"Commerce",2020-12-31,3,0,-0.0196328611064297,2019-12-31,0.020045836468638
Inf,"Commerce",2020-12-31,3,0,-0.0196328611064297,2019-12-31,0.020045836468638
0.15,"Hébergement-restauration",2020-12-31,5,1,0.292240412561478,2020-09-30,0.184991785349833
0.25,"Hébergement-restauration",2020-12-31,5,1,0.292240412561478,2020-09-30,0.184991785349833
0.3,"Hébergement-restauration",2020-12-31,4,0,0.283811504614966,2020-09-30,0.184991785349833
0.35,"Hébergement-restauration",2020-12-31,4,0,0.283811504614966,2020-09-30,0.184991785349833
0.45,"Hébergement-restauration",2020-12-31,4,0,0.283811504614966,2020-09-30,0.184991785349833
Inf,"Hébergement-restauration",2020-12-31,4,0,0.283811504614966,2020-09-30,0.184991785349833
0.15,"Finances et assurances",2020-12-31,5,0,0.00695798974416917,2020-09-30,0.0114494849451461
0.25,"Finances et assurances",2020-12-31,5,0,0.00695798974416917,2020-09-30,0.0114494849451461
0.3,"Finances et assurances",2020-12-31,5,0,0.00695798974416917,2020-09-30,0.0114494849451461
0.35,"Finances et assurances",2020-12-31,5,0,0.00695798974416917,2020-09-30,0.0114494849451461
0.45,"Finances et assurances",2020-12-31,5,0,0.00695798974416917,2020-09-30,0.0114494849451461
Inf,"Finances et assurances",2020-12-31,5,0,0.00695798974416917,2020-09-30,0.0114494849451461
0.15,"Immobilier",2020-12-31,1,0,0.00511589096128717,2020-09-30,0.00250256303301022
0.25,"Immobilier",2020-12-31,1,0,0.00511589096128717,2020-09-30,0.00250256303301022
0.3,"Immobilier",2020-12-31,1,0,0.00511589096128717,2020-09-30,0.00250256303301022
0.35,"Immobilier",2020-12-31,1,0,0.00511589096128717,2020-09-30,0.00250256303301022
0.45,"Immobilier",2020-12-31,1,0,0.00511589096128717,2020-09-30,0.00250256303301022
Inf,"Immobilier",2020-12-31,1,0,0.00511589096128717,2020-09-30,0.00250256303301022
0.15,"Pêche",2021-03-31,5,0,0.252208025201185,2019-12-31,0.301831328865735
0.25,"Pêche",2021-03-31,5,0,0.252208025201185,2019-12-31,0.301831328865735
0.3,"Pêche",2021-03-31,5,0,0.252208025201185,2019-12-31,0.301831328865735
0.35,"Pêche",2021-03-31,5,0,0.252208025201185,2019-12-31,0.301831328865735
0.45,"Pêche",2021-03-31,5,0,0.252208025201185,2019-12-31,0.301831328865735
Inf,"Pêche",2021-03-31,5,0,0.252208025201185,2019-12-31,0.301831328865735
0.15,"Industrie d'extraction",2021-03-31,1,1,0.0139330121585699,2020-12-31,0.0506515529548963
0.25,"Industrie d'extraction",2021-03-31,0,0,,,0.0506515529548963
0.3,"Industrie d'extraction",2021-03-31,0,0,,,0.0506515529548963
0.35,"Industrie d'extraction",2021-03-31,0,0,,,0.0506515529548963
0.45,"Industrie d'extraction",2021-03-31,0,0,,,0.0506515529548963
Inf,"Industrie d'extraction",2021-03-31,0,0,,,0.0506515529548963
0.15,"Industrie de transformation",2021-03-31,5,0,0.0354347004080008,2020-12-31,0.0682885003101887
0.25,"Industrie de transformation",2021-03-31,5,0,0.0354347004080008,2020-12-31,0.0682885003101887
0.3,"Industrie de transformation",2021-03-31,5,0,0.0354347004080008,2020-12-31,0.0682885003101887
0.35,"Industrie de transformation",2021-03-31,5,0,0.0354347004080008,2020-12-31,0.0682885003101887
0.45,"Industrie de transformation",2021-03-31,5,0,0.0354347004080008,2020-12-31,0.0682885003101887
Inf,"Industrie de transformation",2021-03-31,5,0,0.0354347004080008,2020-12-31,0.0682885003101887
0.15,"Électricité, gaz, eau",2021-03-31,4,0,0.00596046216045244,2020-12-31,0.0217529032326009
0.25,"Électricité, gaz, eau",2021-03-31,4,0,0.00596046216045244,2020-12-31,0.0217529032326009
0.3,"Électricité, gaz, eau",2021-03-31,4,0,0.00596046216045244,2020-12-31,0.0217529032326009
0.35,"Électricité, gaz, eau",2021-03-31,4,0,0.00596046216045244,2020-12-31,0.0217529032326009
0.45,"Électricité, gaz, eau",2021-03-31,4,0,0.00596046216045244,2020-12-31,0.0217529032326009
Inf,"Électricité, gaz, eau",2021-03-31,4,0,0.00596046216045244,2020-12-31,0.0217529032326009
0.15,"Construction",2021-03-31,1,0,0.0183386315396939,2020-12-31,-0.00494022963371066
0.25,"Construction",2021-03-31,1,0,0.0183386315396939,2020-12-31,-0.00494022963371066
0.3,"Construction",2021-03-31,1,0,0.0183386315396939,2020-12-31,-0.00494022963371066
0.35,"Construction",2021-03-31,1,0,0.0183386315396939,2020-12-31,-0.00494022963371066
0.45,"Construction",2021-03-31,1,0,0.0183386315396939,2020-12-31,-0.00494022963371066
Inf,"Construction",2021-03-31,1,0,0.0183386315396939,2020-12-31,-0.00494022963371066
0.15,"Commerce",2021-03-31,3,0,-0.00298328366169832,2020-12-31,0.0273111173838672
0.25,"Commerce",2021-03-31,3,0,-0.00298328366169832,2020-12-31,0.0273111173838672
0.3,"Commerce",2021-03-31,3,0,-0.00298328366169832,2020-12-31,0.0273111173838672
0.35,"Commerce",2021-03-31,3,0,-0.00298328366169832,2020-12-31,0.0273111173838672
0.45,"Commerce",2021-03-31,3,0,-0.00298328366169832,2020-12-31,0.0273111173838672
Inf,"Commerce",2021-03-31,3,0,-0.00298328366169832,2020-12-31,0.0273111173838672
0.15,"Hébergement-restauration",2021-03-31,5,1,-0.0257631089378497,2020-12-31,0.108593379555545
0.25,"Hébergement-restauration",2021-03-31,4,0,0.00046306948290032,2020-12-31,0.108593379555545
0.3,"Hébergement-restauration",2021-03-31,4,0,0.00046306948290032,2020-12-31,0.108593379555545
0.35,"Hébergement-restauration",2021-03-31,4,0,0.00046306948290032,2020-12-31,0.108593379555545
0.45,"Hébergement-restauration",2021-03-31,4,0,0.00046306948290032,2020-12-31,0.108593379555545
Inf,"Hébergement-restauration",2021-03-31,4,0,0.00046306948290032,2020-12-31,0.108593379555545
0.15,"Finances et assurances",2021-03-31,5,0,0.00467702057470433,2020-12-31,-0.00739307250548649
0.25,"Finances et assurances",2021-03-31,5,0,0.00467702057470433,2020-12-31,-0.00739307250548649
0.3,"Finances et assurances",2021-03-31,5,0,0.00467702057470433,2020-12-31,-0.00739307250548649
0.35,"Finances et assurances",2021-03-31,5,0,0.00467702057470433,2020-12-31,-0.00739307250548649
0.45,"Finances et assurances",2021-03-31,5,0,0.00467702057470433,2020-12-31,-0.00739307250548649
Inf,"Finances et assurances",2021-03-31,5,0,0.00467702057470433,2020-12-31,-0.00739307250548649
0.15,"Immobilier",2021-03-31,1,0,0.00490094834635234,2020-12-31,0.0186980933413192
0.25,"Immobilier",2021-03-31,1,0,0.00490094834635234,2020-12-31,0.0186980933413192
0.3,"Immobilier",2021-03-31,1,0,0.00490094834635234,2020-12-31,0.0186980933413192
0.35,"Immobilier",2021-03-31,1,0,0.00490094834635234,2020-12-31,0.0186980933413192
0.45,"Immobilier",2021-03-31,1,0,0.00490094834635234,2020-12-31,0.0186980933413192
Inf,"Immobilier",2021-03-31,1,0,0.00490094834635234,2020-12-31,0.0186980933413192
0.15,"Pêche",2021-06-30,5,0,-0.134010097186881,2021-03-31,0.086451616600093
0.25,"Pêche",2021-06-30,5,0,-0.134010097186881,2021-03-31,0.086451616600093
0.3,"Pêche",2021-06-30,5,0,-0.134010097186881,2021-03-31,0.086451616600093
0.35,"Pêche",2021-06-30,5,0,-0.134010097186881,2021-03-31,0.086451616600093
0.45,"Pêche",2021-06-30,5,0,-0.134010097186881,2021-03-31,0.086451616600093
Inf,"Pêche",2021-06-30,5,0,-0.134010097186881,2021-03-31,0.086451616600093
0.15,"Industrie d'extraction",2021-06-30,3,3,0.0110258321453995,2021-03-31,-0.0120026798414088
0.25,"Industrie d'extraction",2021-06-30,2,2,0.0127366424947312,2021-03-31,-0.0120026798414088
0.3,"Industrie d'extraction",2021-06-30,2,2,0.0127366424947312,2021-03-31,-0.0120026798414088
0.35,"Industrie d'extraction",2021-06-30,2,2,0.0127366424947312,2021-03-31,-0.0120026798414088
0.45,"Industrie d'extraction",2021-06-30,0,0,,,-0.0120026798414088
Inf,"Industrie d'extraction",2021-06-30,0,0,,,-0.0120026798414088
0.15,"Industrie de transformation",2021-06-30,5,5,-0.122887286507131,2021-03-31,-0.0226087358268856
0.25,"Industrie de transformation",2021-06-30,5,5,-0.122887286507131,2021-03-31,-0.0226087358268856
0.3,"Industrie de transformation",2021-06-30,5,5,-0.122887286507131,2021-03-31,-0.0226087358268856
0.35,"Industrie de transformation",2021-06-30,5,5,-0.122887286507131,2021-03-31,-0.0226087358268856
0.45,"Industrie de transformation",2021-06-30,5,5,-0.122887286507131,2021-03-31,-0.0226087358268856
Inf,"Industrie de transformation",2021-06-30,5,0,-0.017857108680142,2021-03-31,-0.0226087358268856
0.15,"Électricité, gaz, eau",2021-06-30,4,0,-0.00829356833418283,2021-03-31,0.0253032608158232
0.25,"Électricité, gaz, eau",2021-06-30,4,0,-0.00829356833418283,2021-03-31,0.0253032608158232
0.3,"Électricité, gaz, eau",2021-06-30,4,0,-0.00829356833418283,2021-03-31,0.0253032608158232
0.35,"Électricité, gaz, eau",2021-06-30,4,0,-0.00829356833418283,2021-03-31,0.0253032608158232
0.45,"Électricité, gaz, eau",2021-06-30,4,0,-0.00829356833418283,2021-03-31,0.0253032608158232
Inf,"Électricité, gaz, eau",2021-06-30,4,0,-0.00829356833418283,2021-03-31,0.0253032608158232
0.15,"Construction",2021-06-30,1,0,0.00742100108394215,2021-03-31,-0.00250132109599832
0.25,"Construction",2021-06-30,1,0,0.00742100108394215,2021-03-31,-0.00250132109599832
0.3,"Construction",2021-06-30,1,0,0.00742100108394215,2021-03-31,-0.00250132109599832
0.35,"Construction",2021-06-30,1,0,0.00742100108394215,2021-03-31,-0.00250132109599832
0.45,"Construction",2021-06-30,1,0,0.00742100108394215,2021-03-31,-0.00250132109599832
Inf,"Construction",2021-06-30,1,0,0.00742100108394215,2021-03-31,-0.00250132109599832
0.15,"Commerce",2021-06-30,1,0,-0.00967077648634919,2021-03-31,0.00987582878233084
0.25,"Commerce",2021-06-30,1,0,-0.00967077648634919,2021-03-31,0.00987582878233084
0.3,"Commerce",2021-06-30,1,0,-0.00967077648634919,2021-03-31,0.00987582878233084
0.35,"Commerce",2021-06-30,1,0,-0.00967077648634919,2021-03-31,0.00987582878233084
0.45,"Commerce",2021-06-30,1,0,-0.00967077648634919,2021-03-31,0.00987582878233084
Inf,"Commerce",2021-06-30,1,0,-0.00967077648634919,2021-03-31,0.00987582878233084
0.15,"Hébergement-restauration",2021-06-30,3,1,0.0867461642879876,2021-03-31,0.0325203058080987
0.25,"Hébergement-restauration",2021-06-30,2,0,0.0976306130933164,2021-03-31,0.0325203058080987
0.3,"Hébergement-restauration",2021-06-30,2,0,0.0976306130933164,2021-03-31,0.0325203058080987
0.35,"Hébergement-restauration",2021-06-30,2,0,0.0976306130933164,2021-03-31,0.0325203058080987
0.45,"Hébergement-restauration",2021-06-30,2,0,0.0976306130933164,2021-03-31,0.0325203058080987
Inf,"Hébergement-restauration",2021-06-30,2,0,0.0976306130933164,2021-03-31,0.0325203058080987
0.15,"Finances et assurances",2021-06-30,5,0,0.0145258886560461,2021-03-31,0.0281576114642981
0.25,"Finances et assurances",2021-06-30,5,0,0.0145258886560461,2021-03-31,0.0281576114642981
0.3,"Finances et assurances",2021-06-30,5,0,0.0145258886560461,2021-03-31,0.0281576114642981
0.35,"Finances et assurances",2021-06-30,5,0,0.0145258886560461,2021-03-31,0.0281576114642981
0.45,"Finances et assurances",2021-06-30,5,0,0.0145258886560461,2021-03-31,0.0281576114642981
Inf,"Finances et assurances",2021-06-30,5,0,0.0145258886560461,2021-03-31,0.0281576114642981
0.15,"Immobilier",2021-06-30,1,0,0.00976650425687668,2021-03-31,0.00589086653339521
0.25,"Immobilier",2021-06-30,1,0,0.00976650425687668,2021-03-31,0.00589086653339521
0.3,"Immobilier",2021-06-30,1,0,0.00976650425687668,2021-03-31,0.00589086653339521
0.35,"Immobilier",2021-06-30,1,0,0.00976650425687668,2021-03-31,0.00589086653339521
0.45,"Immobilier",2021-06-30,1,0,0.00976650425687668,2021-03-31,0.00589086653339521
Inf,"Immobilier",2021-06-30,1,0,0.00976650425687668,2021-03-31,0.00589086653339521
0.15,"Pêche",2021-09-30,5,0,0.0677931736090675,2021-06-30,-0.0880960598262783
0.25,"Pêche",2021-09-30,5,0,0.0677931736090675,2021-06-30,-0.0880960598262783
0.3,"Pêche",2021-09-30,5,0,0.0677931736090675,2021-06-30,-0.0880960598262783
0.35,"Pêche",2021-09-30,5,0,0.0677931736090675,2021-06-30,-0.0880960598262783
0.45,"Pêche",2021-09-30,5,0,0.0677931736090675,2021-06-30,-0.0880960598262783
Inf,"Pêche",2021-09-30,5,0,0.0677931736090675,2021-06-30,-0.0880960598262783
0.15,"Industrie d'extraction",2021-09-30,3,3,0.0212271330819328,2021-06-30,0.0223534844760689
0.25,"Industrie d'extraction",2021-09-30,2,2,0.0150790221663801,2021-06-30,0.0223534844760689
0.3,"Industrie d'extraction",2021-09-30,2,2,0.0150790221663801,2021-06-30,0.0223534844760689
0.35,"Industrie d'extraction",2021-09-30,2,2,0.0150790221663801,2021-06-30,0.0223534844760689
0.45,"Industrie d'extraction",2021-09-30,0,0,,,0.0223534844760689
Inf,"Industrie d'extraction",2021-09-30,0,0,,,0.0223534844760689
0.15,"Industrie de transformation",2021-09-30,5,5,0.0124048124063025,2021-06-30,0.0119171102444078
0.25,"Industrie de transformation",2021-09-30,5,5,0.0124048124063025,2021-06-30,0.0119171102444078
0.3,"Industrie de transformation",2021-09-30,5,5,0.0124048124063025,2021-06-30,0.0119171102444078
0.35,"Industrie de transformation",2021-09-30,5,5,0.0124048124063025,2021-06-30,0.0119171102444078
0.45,"Industrie de transformation",2021-09-30,5,5,0.0124048124063025,2021-06-30,0.0119171102444078
Inf,"Industrie de transformation",2021-09-30,5,0,-0.0142981534696619,2021-06-30,0.0119171102444078
0.15,"Électricité, gaz, eau",2021-09-30,5,0,0.0472863056948166,2021-06-30,0.0158724557012508
0.25,"Électricité, gaz, eau",2021-09-30,5,0,0.0472863056948166,2021-06-30,0.0158724557012508
0.3,"Électricité, gaz, eau",2021-09-30,5,0,0.0472863056948166,2021-06-30,0.0158724557012508
0.35,"Électricité, gaz, eau",2021-09-30,5,0,0.0472863056948166,2021-06-30,0.0158724557012508
0.45,"Électricité, gaz, eau",2021-09-30,5,0,0.0472863056948166,2021-06-30,0.0158724557012508
Inf,"Électricité, gaz, eau",2021-09-30,5,0,0.0472863056948166,2021-06-30,0.0158724557012508
0.15,"Construction",2021-09-30,1,0,0.00748224547747619,2021-06-30,0.0107028535882208
0.25,"Construction",2021-09-30,1,0,0.00748224547747619,2021-06-30,0.0107028535882208
0.3,"Construction",2021-09-30,1,0,0.00748224547747619,2021-06-30,0.0107028535882208
0.35,"Construction",2021-09-30,1,0,0.00748224547747619,2021-06-30,0.0107028535882208
0.45,"Construction",2021-09-30,1,0,0.00748224547747619,2021-06-30,0.0107028535882208
Inf,"Construction",2021-09-30,1,0,0.00748224547747619,2021-06-30,0.0107028535882208
0.15,"Commerce",2021-09-30,2,0,0.0123083360636664,2021-06-30,0.0199199534821144
0.25,"Commerce",2021-09-30,2,0,0.0123083360636664,2021-06-30,0.0199199534821144
0.3,"Commerce",2021-09-30,2,0,0.0123083360636664,2021-06-30,0.0199199534821144
0.35,"Commerce",2021-09-30,2,0,0.0123083360636664,2021-06-30,0.0199199534821144
0.45,"Commerce",2021-09-30,2,0,0.0123083360636664,2021-06-30,0.0199199534821144
Inf,"Commerce",2021-09-30,2,0,0.0123083360636664,2021-06-30,0.0199199534821144
0.15,"Hébergement-restauration",2021-09-30,3,1,0.0543279372186962,2021-06-30,0.0912570059284388
0.25,"Hébergement-restauration",2021-09-30,2,0,0.0503002431739254,2021-06-30,0.0912570059284388
0.3,"Hébergement-restauration",2021-09-30,2,0,0.0503002431739254,2021-06-30,0.0912570059284388
0.35,"Hébergement-restauration",2021-09-30,2,0,0.0503002431739254,2021-06-30,0.0912570059284388
0.45,"Hébergement-restauration",2021-09-30,2,0,0.0503002431739254,2021-06-30,0.0912570059284388
Inf,"Hébergement-restauration",2021-09-30,2,0,0.0503002431739254,2021-06-30,0.0912570059284388
0.15,"Finances et assurances",2021-09-30,5,0,0.00398711678353411,2021-06-30,0.00585438399346749
0.25,"Finances et assurances",2021-09-30,5,0,0.00398711678353411,2021-06-30,0.00585438399346749
0.3,"Finances et assurances",2021-09-30,5,0,0.00398711678353411,2021-06-30,0.00585438399346749
0.35,"Finances et assurances",2021-09-30,5,0,0.00398711678353411,2021-06-30,0.00585438399346749
0.45,"Finances et assurances",2021-09-30,5,0,0.00398711678353411,2021-06-30,0.00585438399346749
Inf,"Finances et assurances",2021-09-30,5,0,0.00398711678353411,2021-06-30,0.00585438399346749
0.15,"Immobilier",2021-09-30,1,0,0.00584539169850165,2021-06-30,0.00489489217388339
0.25,"Immobilier",2021-09-30,1,0,0.00584539169850165,2021-06-30,0.00489489217388339
0.3,"Immobilier",2021-09-30,1,0,0.00584539169850165,2021-06-30,0.00489489217388339
0.35,"Immobilier",2021-09-30,1,0,0.00584539169850165,2021-06-30,0.00489489217388339
0.45,"Immobilier",2021-09-30,1,0,0.00584539169850165,2021-06-30,0.00489489217388339
Inf,"Immobilier",2021-09-30,1,0,0.00584539169850165,2021-06-30,0.00489489217388339
0.15,"Pêche",2021-12-31,5,0,-0.058429027340417,2021-09-30,0.102924635387614
0.25,"Pêche",2021-12-31,5,0,-0.058429027340417,2021-09-30,0.102924635387614
0.3,"Pêche",2021-12-31,5,0,-0.058429027340417,2021-09-30,0.102924635387614
0.35,"Pêche",2021-12-31,5,0,-0.058429027340417,2021-09-30,0.102924635387614
0.45,"Pêche",2021-12-31,5,0,-0.058429027340417,2021-09-30,0.102924635387614
Inf,"Pêche",2021-12-31,5,0,-0.058429027340417,2021-09-30,0.102924635387614
0.15,"Industrie d'extraction",2021-12-31,3,3,0.0147062945994829,2021-09-30,-0.0143497716369634
0.25,"Industrie d'extraction",2021-12-31,2,2,0.00281820838040678,2021-09-30,-0.0143497716369634
0.3,"Industrie d'extraction",2021-12-31,2,2,0.00281820838040678,2021-09-30,-0.0143497716369634
0.35,"Industrie d'extraction",2021-12-31,2,2,0.00281820838040678,2021-09-30,-0.0143497716369634
0.45,"Industrie d'extraction",2021-12-31,0,0,,,-0.0143497716369634
Inf,"Industrie d'extraction",2021-12-31,0,0,,,-0.0143497716369634
0.15,"Industrie de transformation",2021-12-31,5,5,0.138623804435769,2021-09-30,0.0157395324071921
0.25,"Industrie de transformation",2021-12-31,5,5,0.138623804435769,2021-09-30,0.0157395324071921
0.3,"Industrie de transformation",2021-12-31,5,5,0.138623804435769,2021-09-30,0.0157395324071921
0.35,"Industrie de transformation",2021-12-31,5,5,0.138623804435769,2021-09-30,0.0157395324071921
0.45,"Industrie de transformation",2021-12-31,5,5,0.138623804435769,2021-09-30,0.0157395324071921
Inf,"Industrie de transformation",2021-12-31,5,0,0.0424129335578739,2021-09-30,0.0157395324071921
0.15,"Électricité, gaz, eau",2021-12-31,5,0,-0.0209262552099726,2021-09-30,0.0138196358846692
0.25,"Électricité, gaz, eau",2021-12-31,5,0,-0.0209262552099726,2021-09-30,0.0138196358846692
0.3,"Électricité, gaz, eau",2021-12-31,5,0,-0.0209262552099726,2021-09-30,0.0138196358846692
0.35,"Électricité, gaz, eau",2021-12-31,5,0,-0.0209262552099726,2021-09-30,0.0138196358846692
0.45,"Électricité, gaz, eau",2021-12-31,5,0,-0.0209262552099726,2021-09-30,0.0138196358846692
Inf,"Électricité, gaz, eau",2021-12-31,5,0,-0.0209262552099726,2021-09-30,0.0138196358846692
0.15,"Construction",2021-12-31,1,0,0.0118502611401467,2021-09-30,0.00772099252970015
0.25,"Construction",2021-12-31,1,0,0.0118502611401467,2021-09-30,0.00772099252970015
0.3,"Construction",2021-12-31,1,0,0.0118502611401467,2021-09-30,0.00772099252970015
0.35,"Construction",2021-12-31,1,0,0.0118502611401467,2021-09-30,0.00772099252970015
0.45,"Construction",2021-12-31,1,0,0.0118502611401467,2021-09-30,0.00772099252970015
Inf,"Construction",2021-12-31,1,0,0.0118502611401467,2021-09-30,0.00772099252970015
0.15,"Commerce",2021-12-31,2,0,0.0121723060095566,2021-09-30,0.0158034521479156
0.25,"Commerce",2021-12-31,2,0,0.0121723060095566,2021-09-30,0.0158034521479156
0.3,"Commerce",2021-12-31,2,0,0.0121723060095566,2021-09-30,0.0158034521479156
0.35,"Commerce",2021-12-31,2,0,0.0121723060095566,2021-09-30,0.0158034521479156
0.45,"Commerce",2021-12-31,2,0,0.0121723060095566,2021-09-30,0.0158034521479156
Inf,"Commerce",2021-12-31,2,0,0.0121723060095566,2021-09-30,0.0158034521479156
0.15,"Hébergement-restauration",2021-12-31,5,1,-0.000620201938207601,2021-03-31,0.0662513211980329
0.25,"Hébergement-restauration",2021-12-31,4,0,0.00151664889180426,2021-03-31,0.0662513211980329
0.3,"Hébergement-restauration",2021-12-31,4,0,0.00151664889180426,2021-03-31,0.0662513211980329
0.35,"Hébergement-restauration",2021-12-31,4,0,0.00151664889180426,2021-03-31,0.0662513211980329
0.45,"Hébergement-restauration",2021-12-31,4,0,0.00151664889180426,2021-03-31,0.0662513211980329
Inf,"Hébergement-restauration",2021-12-31,4,0,0.00151664889180426,2021-03-31,0.0662513211980329
0.15,"Finances et assurances",2021-12-31,5,0,0.00668241218839003,2021-09-30,0.016641170500078
0.25,"Finances et assurances",2021-12-31,5,0,0.00668241218839003,2021-09-30,0.016641170500078
0.3,"Finances et assurances",2021-12-31,5,0,0.00668241218839003,2021-09-30,0.016641170500078
0.35,"Finances et assurances",2021-12-31,5,0,0.00668241218839003,2021-09-30,0.016641170500078
0.45,"Finances et assurances",2021-12-31,5,0,0.00668241218839003,2021-09-30,0.016641170500078
Inf,"Finances et assurances",2021-12-31,5,0,0.00668241218839003,2021-09-30,0.016641170500078
0.15,"Immobilier",2021-12-31,1,0,0.00689733142577171,2021-09-30,-0.000185568621855481
0.25,"Immobilier",2021-12-31,1,0,0.00689733142577171,2021-09-30,-0.000185568621855481
0.3,"Immobilier",2021-12-31,1,0,0.00689733142577171,2021-09-30,-0.000185568621855481
0.35,"Immobilier",2021-12-31,1,0,0.00689733142577171,2021-09-30,-0.000185568621855481
0.45,"Immobilier",2021-12-31,1,0,0.00689733142577171,2021-09-30,-0.000185568621855481
Inf,"Immobilier",2021-12-31,1,0,0.00689733142577171,2021-09-30,-0.000185568621855481
0.15,"Pêche",2022-03-31,5,0,0.0450006185820789,2021-12-31,-0.251794115386521
0.25,"Pêche",2022-03-31,5,0,0.0450006185820789,2021-12-31,-0.251794115386521
0.3,"Pêche",2022-03-31,5,0,0.0450006185820789,2021-12-31,-0.251794115386521
0.35,"Pêche",2022-03-31,5,0,0.0450006185820789,2021-12-31,-0.251794115386521
0.45,"Pêche",2022-03-31,5,0,0.0450006185820789,2021-12-31,-0.251794115386521
Inf,"Pêche",2022-03-31,5,0,0.0450006185820789,2021-12-31,-0.251794115386521
0.15,"Industrie d'extraction",2022-03-31,3,3,-0.00557864843376897,2021-12-31,-0.138625872821352
0.25,"Industrie d'extraction",2022-03-31,2,2,-0.00561132208380288,2021-12-31,-0.138625872821352
0.3,"Industrie d'extraction",2022-03-31,2,2,-0.00561132208380288,2021-12-31,-0.138625872821352
0.35,"Industrie d'extraction",2022-03-31,2,2,-0.00561132208380288,2021-12-31,-0.138625872821352
0.45,"Industrie d'extraction",2022-03-31,0,0,,,-0.138625872821352
Inf,"Industrie d'extraction",2022-03-31,0,0,,,-0.138625872821352
0.15,"Industrie de transformation",2022-03-31,5,5,-0.113230386825568,2021-12-31,-0.00935236645143078
0.25,"Industrie de transformation",2022-03-31,5,5,-0.113230386825568,2021-12-31,-0.00935236645143078
0.3,"Industrie de transformation",2022-03-31,5,5,-0.113230386825568,2021-12-31,-0.00935236645143078
0.35,"Industrie de transformation",2022-03-31,5,5,-0.113230386825568,2021-12-31,-0.00935236645143078
0.45,"Industrie de transformation",2022-03-31,5,5,-0.113230386825568,2021-12-31,-0.00935236645143078
Inf,"Industrie de transformation",2022-03-31,5,0,0.0532501161001867,2021-12-31,-0.00935236645143078
0.15,"Électricité, gaz, eau",2022-03-31,5,0,4.87559656237174e-05,2021-12-31,-0.0635858178619184
0.25,"Électricité, gaz, eau",2022-03-31,5,0,4.87559656237174e-05,2021-12-31,-0.0635858178619184
0.3,"Électricité, gaz, eau",2022-03-31,5,0,4.87559656237174e-05,2021-12-31,-0.0635858178619184
0.35,"Électricité, gaz, eau",2022-03-31,5,0,4.87559656237174e-05,2021-12-31,-0.0635858178619184
0.45,"Électricité, gaz, eau",2022-03-31,5,0,4.87559656237174e-05,2021-12-31,-0.0635858178619184
Inf,"Électricité, gaz, eau",2022-03-31,5,0,4.87559656237174e-05,2021-12-31,-0.0635858178619184
0.15,"Construction",2022-03-31,1,0,0.00597601075835367,2021-12-31,-0.026866287683136
0.25,"Construction",2022-03-31,1,0,0.00597601075835367,2021-12-31,-0.026866287683136
0.3,"Construction",2022-03-31,1,0,0.00597601075835367,2021-12-31,-0.026866287683136
0.35,"Construction",2022-03-31,1,0,0.00597601075835367,2021-12-31,-0.026866287683136
0.45,"Construction",2022-03-31,1,0,0.00597601075835367,2021-12-31,-0.026866287683136
Inf,"Construction",2022-03-31,1,0,0.00597601075835367,2021-12-31,-0.026866287683136
0.15,"Commerce",2022-03-31,3,0,0.0313756480765767,2021-12-31,-0.0348034749137724
0.25,"Commerce",2022-03-31,3,0,0.0313756480765767,2021-12-31,-0.0348034749137724
0.3,"Commerce",2022-03-31,3,0,0.0313756480765767,2021-12-31,-0.0348034749137724
0.35,"Commerce",2022-03-31,3,0,0.0313756480765767,2021-12-31,-0.0348034749137724
0.45,"Commerce",2022-03-31,3,0,0.0313756480765767,2021-12-31,-0.0348034749137724
Inf,"Commerce",2022-03-31,3,0,0.0313756480765767,2021-12-31,-0.0348034749137724
0.15,"Hébergement-restauration",2022-03-31,5,1,-0.0172631160182513,2021-12-31,0.172069210996341
0.25,"Hébergement-restauration",2022-03-31,4,0,-0.0155372887831798,2021-12-31,0.172069210996341
0.3,"Hébergement-restauration",2022-03-31,4,0,-0.0155372887831798,2021-12-31,0.172069210996341
0.35,"Hébergement-restauration",2022-03-31,4,0,-0.0155372887831798,2021-12-31,0.172069210996341
0.45,"Hébergement-restauration",2022-03-31,4,0,-0.0155372887831798,2021-12-31,0.172069210996341
Inf,"Hébergement-restauration",2022-03-31,4,0,-0.0155372887831798,2021-12-31,0.172069210996341
0.15,"Finances et assurances",2022-03-31,5,0,0.00423202229119188,2021-12-31,0.0414257987284206
0.25,"Finances et assurances",2022-03-31,5,0,0.00423202229119188,2021-12-31,0.0414257987284206
0.3,"Finances et assurances",2022-03-31,5,0,0.00423202229119188,2021-12-31,0.0414257987284206
0.35,"Finances et assurances",2022-03-31,5,0,0.00423202229119188,2021-12-31,0.0414257987284206
0.45,"Finances et assurances",2022-03-31,5,0,0.00423202229119188,2021-12-31,0.0414257987284206
Inf,"Finances et assurances",2022-03-31,5,0,0.00423202229119188,2021-12-31,0.0414257987284206
0.15,"Immobilier",2022-03-31,1,0,0.00559434596054119,2021-12-31,-0.00613333557758722
0.25,"Immobilier",2022-03-31,1,0,0.00559434596054119,2021-12-31,-0.00613333557758722
0.3,"Immobilier",2022-03-31,1,0,0.00559434596054119,2021-12-31,-0.00613333557758722
0.35,"Immobilier",2022-03-31,1,0,0.00559434596054119,2021-12-31,-0.00613333557758722
0.45,"Immobilier",2022-03-31,1,0,0.00559434596054119,2021-12-31,-0.00613333557758722
Inf,"Immobilier",2022-03-31,1,0,0.00559434596054119,2021-12-31,-0.00613333557758722
0.15,"Pêche",2022-06-30,5,0,0.278600559899341,2022-03-31,0.0309075374630767
0.25,"Pêche",2022-06-30,5,0,0.278600559899341,2022-03-31,0.0309075374630767
0.3,"Pêche",2022-06-30,5,0,0.278600559899341,2022-03-31,0.0309075374630767
0.35,"Pêche",2022-06-30,5,0,0.278600559899341,2022-03-31,0.0309075374630767
0.45,"Pêche",2022-06-30,5,0,0.278600559899341,2022-03-31,0.0309075374630767
Inf,"Pêche",2022-06-30,5,0,0.278600559899341,2022-03-31,0.0309075374630767
0.15,"Industrie d'extraction",2022-06-30,2,2,-0.00901996839655566,2022-03-31,-0.0689421152185421
0.25,"Industrie d'extraction",2022-06-30,2,2,-0.00901996839655566,2022-03-31,-0.0689421152185421
0.3,"Industrie d'extraction",2022-06-30,2,2,-0.00901996839655566,2022-03-31,-0.0689421152185421
0.35,"Industrie d'extraction",2022-06-30,2,2,-0.00901996839655566,2022-03-31,-0.0689421152185421
0.45,"Industrie d'extraction",2022-06-30,2,2,-0.00901996839655566,2022-03-31,-0.0689421152185421
Inf,"Industrie d'extraction",2022-06-30,0,0,,,-0.0689421152185421
0.15,"Industrie de transformation",2022-06-30,5,5,0.00478174402452832,2022-03-31,0.0265199585031901
0.25,"Industrie de transformation",2022-06-30,5,5,0.00478174402452832,2022-03-31,0.0265199585031901
0.3,"Industrie de transformation",2022-06-30,5,5,0.00478174402452832,2022-03-31,0.0265199585031901
0.35,"Industrie de transformation",2022-06-30,5,5,0.00478174402452832,2022-03-31,0.0265199585031901
0.45,"Industrie de transformation",2022-06-30,5,5,0.00478174402452832,2022-03-31,0.0265199585031901
Inf,"Industrie de transformation",2022-06-30,5,0,0.0408602025055924,2022-03-31,0.0265199585031901
0.15,"Électricité, gaz, eau",2022-06-30,5,0,0.0164288466578446,2022-03-31,0.00902096583624079
0.25,"Électricité, gaz, eau",2022-06-30,5,0,0.0164288466578446,2022-03-31,0.00902096583624079
0.3,"Électricité, gaz, eau",2022-06-30,5,0,0.0164288466578446,2022-03-31,0.00902096583624079
0.35,"Électricité, gaz, eau",2022-06-30,5,0,0.0164288466578446,2022-03-31,0.00902096583624079
0.45,"Électricité, gaz, eau",2022-06-30,5,0,0.0164288466578446,2022-03-31,0.00902096583624079
Inf,"Électricité, gaz, eau",2022-06-30,5,0,0.0164288466578446,2022-03-31,0.00902096583624079
0.15,"Construction",2022-06-30,1,0,0.000271770436302773,2022-03-31,-0.0038148328637746
0.25,"Construction",2022-06-30,1,0,0.000271770436302773,2022-03-31,-0.0038148328637746
0.3,"Construction",2022-06-30,1,0,0.000271770436302773,2022-03-31,-0.0038148328637746
0.35,"Construction",2022-06-30,1,0,0.000271770436302773,2022-03-31,-0.0038148328637746
0.45,"Construction",2022-06-30,1,0,0.000271770436302773,2022-03-31,-0.0038148328637746
Inf,"Construction",2022-06-30,1,0,0.000271770436302773,2022-03-31,-0.0038148328637746
0.15,"Commerce",2022-06-30,2,0,0.014262183166893,2022-03-31,0.007272295596783
0.25,"Commerce",2022-06-30,2,0,0.014262183166893,2022-03-31,0.007272295596783
0.3,"Commerce",2022-06-30,2,0,0.014262183166893,2022-03-31,0.007272295596783
0.35,"Commerce",2022-06-30,2,0,0.014262183166893,2022-03-31,0.007272295596783
0.45,"Commerce",2022-06-30,2,0,0.014262183166893,2022-03-31,0.007272295596783
Inf,"Commerce",2022-06-30,2,0,0.014262183166893,2022-03-31,0.007272295596783
0.15,"Hébergement-restauration",2022-06-30,3,1,0.166673690127308,2022-03-31,0.185682194782517
0.25,"Hébergement-restauration",2022-06-30,2,0,0.167004110939129,2022-03-31,0.185682194782517
0.3,"Hébergement-restauration",2022-06-30,2,0,0.167004110939129,2022-03-31,0.185682194782517
0.35,"Hébergement-restauration",2022-06-30,2,0,0.167004110939129,2022-03-31,0.185682194782517
0.45,"Hébergement-restauration",2022-06-30,2,0,0.167004110939129,2022-03-31,0.185682194782517
Inf,"Hébergement-restauration",2022-06-30,2,0,0.167004110939129,2022-03-31,0.185682194782517
0.15,"Information-communication",2022-06-30,1,1,0.0152717034866097,2018-09-30,0.00161153463684727
0.25,"Information-communication",2022-06-30,0,0,,,0.00161153463684727
0.3,"Information-communication",2022-06-30,0,0,,,0.00161153463684727
0.35,"Information-communication",2022-06-30,0,0,,,0.00161153463684727
0.45,"Information-communication",2022-06-30,0,0,,,0.00161153463684727
Inf,"Information-communication",2022-06-30,0,0,,,0.00161153463684727
0.15,"Finances et assurances",2022-06-30,5,0,0.0109479762412991,2022-03-31,0.031410255383383
0.25,"Finances et assurances",2022-06-30,5,0,0.0109479762412991,2022-03-31,0.031410255383383
0.3,"Finances et assurances",2022-06-30,5,0,0.0109479762412991,2022-03-31,0.031410255383383
0.35,"Finances et assurances",2022-06-30,5,0,0.0109479762412991,2022-03-31,0.031410255383383
0.45,"Finances et assurances",2022-06-30,5,0,0.0109479762412991,2022-03-31,0.031410255383383
Inf,"Finances et assurances",2022-06-30,5,0,0.0109479762412991,2022-03-31,0.031410255383383
0.15,"Immobilier",2022-06-30,1,0,0.00417710667802774,2022-03-31,0.000982294226966829
0.25,"Immobilier",2022-06-30,1,0,0.00417710667802774,2022-03-31,0.000982294226966829
0.3,"Immobilier",2022-06-30,1,0,0.00417710667802774,2022-03-31,0.000982294226966829
0.35,"Immobilier",2022-06-30,1,0,0.00417710667802774,2022-03-31,0.000982294226966829
0.45,"Immobilier",2022-06-30,1,0,0.00417710667802774,2022-03-31,0.000982294226966829
Inf,"Immobilier",2022-06-30,1,0,0.00417710667802774,2022-03-31,0.000982294226966829
0.15,"Pêche",2022-09-30,5,2,-0.0704926121517695,2022-06-30,-0.424362348289532
0.25,"Pêche",2022-09-30,3,0,-0.0722925831489164,2022-06-30,-0.424362348289532
0.3,"Pêche",2022-09-30,3,0,-0.0722925831489164,2022-06-30,-0.424362348289532
0.35,"Pêche",2022-09-30,3,0,-0.0722925831489164,2022-06-30,-0.424362348289532
0.45,"Pêche",2022-09-30,3,0,-0.0722925831489164,2022-06-30,-0.424362348289532
Inf,"Pêche",2022-09-30,3,0,-0.0722925831489164,2022-06-30,-0.424362348289532
0.15,"Industrie d'extraction",2022-09-30,3,3,0.00139285770763875,2022-06-30,-0.0421248811824597
0.25,"Industrie d'extraction",2022-09-30,2,2,0.0020670333950157,2022-06-30,-0.0421248811824597
0.3,"Industrie d'extraction",2022-09-30,2,2,0.0020670333950157,2022-06-30,-0.0421248811824597
0.35,"Industrie d'extraction",2022-09-30,2,2,0.0020670333950157,2022-06-30,-0.0421248811824597
0.45,"Industrie d'extraction",2022-09-30,2,2,0.0020670333950157,2022-06-30,-0.0421248811824597
Inf,"Industrie d'extraction",2022-09-30,0,0,,,-0.0421248811824597
0.15,"Industrie de transformation",2022-09-30,5,5,0.0518752785170177,2022-06-30,0.00503674468161641
0.25,"Industrie de transformation",2022-09-30,5,5,0.0518752785170177,2022-06-30,0.00503674468161641
0.3,"Industrie de transformation",2022-09-30,5,5,0.0518752785170177,2022-06-30,0.00503674468161641
0.35,"Industrie de transformation",2022-09-30,5,5,0.0518752785170177,2022-06-30,0.00503674468161641
0.45,"Industrie de transformation",2022-09-30,5,5,0.0518752785170177,2022-06-30,0.00503674468161641
Inf,"Industrie de transformation",2022-09-30,5,0,-0.0353297837669215,2022-06-30,0.00503674468161641
0.15,"Électricité, gaz, eau",2022-09-30,5,0,0.0186760772104328,2022-06-30,-0.00480416973629261
0.25,"Électricité, gaz, eau",2022-09-30,5,0,0.0186760772104328,2022-06-30,-0.00480416973629261
0.3,"Électricité, gaz, eau",2022-09-30,5,0,0.0186760772104328,2022-06-30,-0.00480416973629261
0.35,"Électricité, gaz, eau",2022-09-30,5,0,0.0186760772104328,2022-06-30,-0.00480416973629261
0.45,"Électricité, gaz, eau",2022-09-30,5,0,0.0186760772104328,2022-06-30,-0.00480416973629261
Inf,"Électricité, gaz, eau",2022-09-30,5,0,0.0186760772104328,2022-06-30,-0.00480416973629261
0.15,"Construction",2022-09-30,1,0,0.00448150755758655,2022-06-30,-0.0309753266623467
0.25,"Construction",2022-09-30,1,0,0.00448150755758655,2022-06-30,-0.0309753266623467
0.3,"Construction",2022-09-30,1,0,0.00448150755758655,2022-06-30,-0.0309753266623467
0.35,"Construction",2022-09-30,1,0,0.00448150755758655,2022-06-30,-0.0309753266623467
0.45,"Construction",2022-09-30,1,0,0.00448150755758655,2022-06-30,-0.0309753266623467
Inf,"Construction",2022-09-30,1,0,0.00448150755758655,2022-06-30,-0.0309753266623467
0.15,"Commerce",2022-09-30,2,0,0.0161706789094201,2022-06-30,-0.00708032889736465
0.25,"Commerce",2022-09-30,2,0,0.0161706789094201,2022-06-30,-0.00708032889736465
0.3,"Commerce",2022-09-30,2,0,0.0161706789094201,2022-06-30,-0.00708032889736465
0.35,"Commerce",2022-09-30,2,0,0.0161706789094201,2022-06-30,-0.00708032889736465
0.45,"Commerce",2022-09-30,2,0,0.0161706789094201,2022-06-30,-0.00708032889736465
Inf,"Commerce",2022-09-30,2,0,0.0161706789094201,2022-06-30,-0.00708032889736465
0.15,"Hébergement-restauration",2022-09-30,3,1,0.0698492171859972,2022-06-30,0.172534150339882
0.25,"Hébergement-restauration",2022-09-30,2,0,0.0692316256859331,2022-06-30,0.172534150339882
0.3,"Hébergement-restauration",2022-09-30,2,0,0.0692316256859331,2022-06-30,0.172534150339882
0.35,"Hébergement-restauration",2022-09-30,2,0,0.0692316256859331,2022-06-30,0.172534150339882
0.45,"Hébergement-restauration",2022-09-30,2,0,0.0692316256859331,2022-06-30,0.172534150339882
Inf,"Hébergement-restauration",2022-09-30,2,0,0.0692316256859331,2022-06-30,0.172534150339882
0.15,"Information-communication",2022-09-30,1,1,0.0151773925978273,2022-06-30,0.0112829099708271
0.25,"Information-communication",2022-09-30,0,0,,,0.0112829099708271
0.3,"Information-communication",2022-09-30,0,0,,,0.0112829099708271
0.35,"Information-communication",2022-09-30,0,0,,,0.0112829099708271
0.45,"Information-communication",2022-09-30,0,0,,,0.0112829099708271
Inf,"Information-communication",2022-09-30,0,0,,,0.0112829099708271
0.15,"Finances et assurances",2022-09-30,5,0,0.00769057406516276,2022-06-30,0.0122236867003789
0.25,"Finances et assurances",2022-09-30,5,0,0.00769057406516276,2022-06-30,0.0122236867003789
0.3,"Finances et assurances",2022-09-30,5,0,0.00769057406516276,2022-06-30,0.0122236867003789
0.35,"Finances et assurances",2022-09-30,5,0,0.00769057406516276,2022-06-30,0.0122236867003789
0.45,"Finances et assurances",2022-09-30,5,0,0.00769057406516276,2022-06-30,0.0122236867003789
Inf,"Finances et assurances",2022-09-30,5,0,0.00769057406516276,2022-06-30,0.0122236867003789
0.15,"Immobilier",2022-09-30,1,0,0.00429152672474764,2022-06-30,0.00192740181735829
0.25,"Immobilier",2022-09-30,1,0,0.00429152672474764,2022-06-30,0.00192740181735829
0.3,"Immobilier",2022-09-30,1,0,0.00429152672474764,2022-06-30,0.00192740181735829
0.35,"Immobilier",2022-09-30,1,0,0.00429152672474764,2022-06-30,0.00192740181735829
0.45,"Immobilier",2022-09-30,1,0,0.00429152672474764,2022-06-30,0.00192740181735829
Inf,"Immobilier",2022-09-30,1,0,0.00429152672474764,2022-06-30,0.00192740181735829
0.15,"Pêche",2022-12-31,3,1,0.118450784754352,2022-09-30,0.537806048836181
0.25,"Pêche",2022-12-31,2,0,0.117850246483043,2022-09-30,0.537806048836181
0.3,"Pêche",2022-12-31,2,0,0.117850246483043,2022-09-30,0.537806048836181
0.35,"Pêche",2022-12-31,2,0,0.117850246483043,2022-09-30,0.537806048836181
0.45,"Pêche",2022-12-31,2,0,0.117850246483043,2022-09-30,0.537806048836181
Inf,"Pêche",2022-12-31,2,0,0.117850246483043,2022-09-30,0.537806048836181
0.15,"Industrie d'extraction",2022-12-31,3,3,-0.0395429631002283,2022-09-30,-0.216757201746969
0.25,"Industrie d'extraction",2022-12-31,2,2,-0.0388141132611601,2022-09-30,-0.216757201746969
0.3,"Industrie d'extraction",2022-12-31,2,2,-0.0388141132611601,2022-09-30,-0.216757201746969
0.35,"Industrie d'extraction",2022-12-31,2,2,-0.0388141132611601,2022-09-30,-0.216757201746969
0.45,"Industrie d'extraction",2022-12-31,2,2,-0.0388141132611601,2022-09-30,-0.216757201746969
Inf,"Industrie d'extraction",2022-12-31,0,0,,,-0.216757201746969
0.15,"Industrie de transformation",2022-12-31,5,5,-0.00706884391439349,2022-09-30,-0.00375576483451212
0.25,"Industrie de transformation",2022-12-31,5,5,-0.00706884391439349,2022-09-30,-0.00375576483451212
0.3,"Industrie de transformation",2022-12-31,5,5,-0.00706884391439349,2022-09-30,-0.00375576483451212
0.35,"Industrie de transformation",2022-12-31,5,5,-0.00706884391439349,2022-09-30,-0.00375576483451212
0.45,"Industrie de transformation",2022-12-31,5,5,-0.00706884391439349,2022-09-30,-0.00375576483451212
Inf,"Industrie de transformation",2022-12-31,5,0,0.0268646367621442,2022-09-30,-0.00375576483451212
0.15,"Électricité, gaz, eau",2022-12-31,5,0,-0.000478991256923939,2022-09-30,-0.0308377748401991
0.25,"Électricité, gaz, eau",2022-12-31,5,0,-0.000478991256923939,2022-09-30,-0.0308377748401991
0.3,"Électricité, gaz, eau",2022-12-31,5,0,-0.000478991256923939,2022-09-30,-0.0308377748401991
0.35,"Électricité, gaz, eau",2022-12-31,5,0,-0.000478991256923939,2022-09-30,-0.0308377748401991
0.45,"Électricité, gaz, eau",2022-12-31,5,0,-0.000478991256923939,2022-09-30,-0.0308377748401991
Inf,"Électricité, gaz, eau",2022-12-31,5,0,-0.000478991256923939,2022-09-30,-0.0308377748401991
0.15,"Commerce",2022-12-31,2,0,0.00318609604247535,2022-09-30,0.0110248570649674
0.25,"Commerce",2022-12-31,2,0,0.00318609604247535,2022-09-30,0.0110248570649674
0.3,"Commerce",2022-12-31,2,0,0.00318609604247535,2022-09-30,0.0110248570649674
0.35,"Commerce",2022-12-31,2,0,0.00318609604247535,2022-09-30,0.0110248570649674
0.45,"Commerce",2022-12-31,2,0,0.00318609604247535,2022-09-30,0.0110248570649674
Inf,"Commerce",2022-12-31,2,0,0.00318609604247535,2022-09-30,0.0110248570649674
0.15,"Hébergement-restauration",2022-12-31,3,1,0.0448632072099365,2022-09-30,0.0347188375472669
0.25,"Hébergement-restauration",2022-12-31,2,0,0.0500778096312337,2022-09-30,0.0347188375472669
0.3,"Hébergement-restauration",2022-12-31,2,0,0.0500778096312337,2022-09-30,0.0347188375472669
0.35,"Hébergement-restauration",2022-12-31,2,0,0.0500778096312337,2022-09-30,0.0347188375472669
0.45,"Hébergement-restauration",2022-12-31,2,0,0.0500778096312337,2022-09-30,0.0347188375472669
Inf,"Hébergement-restauration",2022-12-31,2,0,0.0500778096312337,2022-09-30,0.0347188375472669
0.15,"Information-communication",2022-12-31,1,1,0.0147891626507753,2022-09-30,-0.0182958711637902
0.25,"Information-communication",2022-12-31,0,0,,,-0.0182958711637902
0.3,"Information-communication",2022-12-31,0,0,,,-0.0182958711637902
0.35,"Information-communication",2022-12-31,0,0,,,-0.0182958711637902
0.45,"Information-communication",2022-12-31,0,0,,,-0.0182958711637902
Inf,"Information-communication",2022-12-31,0,0,,,-0.0182958711637902
0.15,"Finances et assurances",2022-12-31,5,0,0.00964811436399565,2022-09-30,0.00818990746985371
0.25,"Finances et assurances",2022-12-31,5,0,0.00964811436399565,2022-09-30,0.00818990746985371
0.3,"Finances et assurances",2022-12-31,5,0,0.00964811436399565,2022-09-30,0.00818990746985371
0.35,"Finances et assurances",2022-12-31,5,0,0.00964811436399565,2022-09-30,0.00818990746985371
0.45,"Finances et assurances",2022-12-31,5,0,0.00964811436399565,2022-09-30,0.00818990746985371
Inf,"Finances et assurances",2022-12-31,5,0,0.00964811436399565,2022-09-30,0.00818990746985371
0.15,"Immobilier",2022-12-31,2,0,0.00369381507350868,2022-09-30,0.00286217020537194
0.25,"Immobilier",2022-12-31,2,0,0.00369381507350868,2022-09-30,0.00286217020537194
0.3,"Immobilier",2022-12-31,2,0,0.00369381507350868,2022-09-30,0.00286217020537194
0.35,"Immobilier",2022-12-31,2,0,0.00369381507350868,2022-09-30,0.00286217020537194
0.45,"Immobilier",2022-12-31,2,0,0.00369381507350868,2022-09-30,0.00286217020537194
Inf,"Immobilier",2022-12-31,2,0,0.00369381507350868,2022-09-30,0.00286217020537194
0.15,"Pêche",2023-03-31,3,1,-0.231254888158645,2022-12-31,-0.196422814008341
0.25,"Pêche",2023-03-31,2,0,-0.233236574592725,2022-12-31,-0.196422814008341
0.3,"Pêche",2023-03-31,2,0,-0.233236574592725,2022-12-31,-0.196422814008341
0.35,"Pêche",2023-03-31,2,0,-0.233236574592725,2022-12-31,-0.196422814008341
0.45,"Pêche",2023-03-31,2,0,-0.233236574592725,2022-12-31,-0.196422814008341
Inf,"Pêche",2023-03-31,2,0,-0.233236574592725,2022-12-31,-0.196422814008341
0.15,"Industrie d'extraction",2023-03-31,2,2,-0.138281773697195,2022-12-31,0.0973621473997142
0.25,"Industrie d'extraction",2023-03-31,2,2,-0.138281773697195,2022-12-31,0.0973621473997142
0.3,"Industrie d'extraction",2023-03-31,2,2,-0.138281773697195,2022-12-31,0.0973621473997142
0.35,"Industrie d'extraction",2023-03-31,2,2,-0.138281773697195,2022-12-31,0.0973621473997142
0.45,"Industrie d'extraction",2023-03-31,2,2,-0.138281773697195,2022-12-31,0.0973621473997142
Inf,"Industrie d'extraction",2023-03-31,0,0,,,0.0973621473997142
0.15,"Industrie de transformation",2023-03-31,5,5,-0.020289627428973,2022-12-31,0.00769564383733545
0.25,"Industrie de transformation",2023-03-31,5,5,-0.020289627428973,2022-12-31,0.00769564383733545
0.3,"Industrie de transformation",2023-03-31,5,5,-0.020289627428973,2022-12-31,0.00769564383733545
0.35,"Industrie de transformation",2023-03-31,5,5,-0.020289627428973,2022-12-31,0.00769564383733545
0.45,"Industrie de transformation",2023-03-31,5,5,-0.020289627428973,2022-12-31,0.00769564383733545
Inf,"Industrie de transformation",2023-03-31,5,0,0.0108348570943338,2022-12-31,0.00769564383733545
0.15,"Électricité, gaz, eau",2023-03-31,5,0,-0.00826184993932349,2022-12-31,-0.122401604802485
0.25,"Électricité, gaz, eau",2023-03-31,5,0,-0.00826184993932349,2022-12-31,-0.122401604802485
0.3,"Électricité, gaz, eau",2023-03-31,5,0,-0.00826184993932349,2022-12-31,-0.122401604802485
0.35,"Électricité, gaz, eau",2023-03-31,5,0,-0.00826184993932349,2022-12-31,-0.122401604802485
0.45,"Électricité, gaz, eau",2023-03-31,5,0,-0.00826184993932349,2022-12-31,-0.122401604802485
Inf,"Électricité, gaz, eau",2023-03-31,5,0,-0.00826184993932349,2022-12-31,-0.122401604802485
0.15,"Commerce",2023-03-31,1,0,0.0182193938342152,2022-12-31,0.0160767305589786
0.25,"Commerce",2023-03-31,1,0,0.0182193938342152,2022-12-31,0.0160767305589786
0.3,"Commerce",2023-03-31,1,0,0.0182193938342152,2022-12-31,0.0160767305589786
0.35,"Commerce",2023-03-31,1,0,0.0182193938342152,2022-12-31,0.0160767305589786
0.45,"Commerce",2023-03-31,1,0,0.0182193938342152,2022-12-31,0.0160767305589786
Inf,"Commerce",2023-03-31,1,0,0.0182193938342152,2022-12-31,0.0160767305589786
0.15,"Hébergement-restauration",2023-03-31,5,1,0.00440241992589297,2022-03-31,0.0350713189035368
0.25,"Hébergement-restauration",2023-03-31,4,0,0.00558422891684236,2022-03-31,0.0350713189035368
0.3,"Hébergement-restauration",2023-03-31,4,0,0.00558422891684236,2022-03-31,0.0350713189035368
0.35,"Hébergement-restauration",2023-03-31,4,0,0.00558422891684236,2022-03-31,0.0350713189035368
0.45,"Hébergement-restauration",2023-03-31,4,0,0.00558422891684236,2022-03-31,0.0350713189035368
Inf,"Hébergement-restauration",2023-03-31,4,0,0.00558422891684236,2022-03-31,0.0350713189035368
0.15,"Information-communication",2023-03-31,1,1,0.015185339745186,2022-12-31,0.0550902776591649
0.25,"Information-communication",2023-03-31,0,0,,,0.0550902776591649
0.3,"Information-communication",2023-03-31,0,0,,,0.0550902776591649
0.35,"Information-communication",2023-03-31,0,0,,,0.0550902776591649
0.45,"Information-communication",2023-03-31,0,0,,,0.0550902776591649
Inf,"Information-communication",2023-03-31,0,0,,,0.0550902776591649
0.15,"Finances et assurances",2023-03-31,5,0,-1.20055992339081e-05,2022-12-31,0.0177076136496304
0.25,"Finances et assurances",2023-03-31,5,0,-1.20055992339081e-05,2022-12-31,0.0177076136496304
0.3,"Finances et assurances",2023-03-31,5,0,-1.20055992339081e-05,2022-12-31,0.0177076136496304
0.35,"Finances et assurances",2023-03-31,5,0,-1.20055992339081e-05,2022-12-31,0.0177076136496304
0.45,"Finances et assurances",2023-03-31,5,0,-1.20055992339081e-05,2022-12-31,0.0177076136496304
Inf,"Finances et assurances",2023-03-31,5,0,-1.20055992339081e-05,2022-12-31,0.0177076136496304
0.15,"Immobilier",2023-03-31,3,0,0.00109480325196024,2022-12-31,0.0186492473499342
0.25,"Immobilier",2023-03-31,3,0,0.00109480325196024,2022-12-31,0.0186492473499342
0.3,"Immobilier",2023-03-31,3,0,0.00109480325196024,2022-12-31,0.0186492473499342
0.35,"Immobilier",2023-03-31,3,0,0.00109480325196024,2022-12-31,0.0186492473499342
0.45,"Immobilier",2023-03-31,3,0,0.00109480325196024,2022-12-31,0.0186492473499342
Inf,"Immobilier",2023-03-31,3,0,0.00109480325196024,2022-12-31,0.0186492473499342
0.15,"Pêche",2023-06-30,2,0,0.0939366606527572,2022-09-30,0.108653138186501
0.25,"Pêche",2023-06-30,2,0,0.0939366606527572,2022-09-30,0.108653138186501
0.3,"Pêche",2023-06-30,2,0,0.0939366606527572,2022-09-30,0.108653138186501
0.35,"Pêche",2023-06-30,2,0,0.0939366606527572,2022-09-30,0.108653138186501
0.45,"Pêche",2023-06-30,2,0,0.0939366606527572,2022-09-30,0.108653138186501
Inf,"Pêche",2023-06-30,2,0,0.0939366606527572,2022-09-30,0.108653138186501
0.15,"Industrie d'extraction",2023-06-30,2,2,0.0281554191635887,2023-03-31,2.03357431196594e-05
0.25,"Industrie d'extraction",2023-06-30,2,2,0.0281554191635887,2023-03-31,2.03357431196594e-05
0.3,"Industrie d'extraction",2023-06-30,2,2,0.0281554191635887,2023-03-31,2.03357431196594e-05
0.35,"Industrie d'extraction",2023-06-30,2,2,0.0281554191635887,2023-03-31,2.03357431196594e-05
0.45,"Industrie d'extraction",2023-06-30,0,0,,,2.03357431196594e-05
Inf,"Industrie d'extraction",2023-06-30,0,0,,,2.03357431196594e-05
0.15,"Industrie de transformation",2023-06-30,5,5,0.0264011295578618,2023-03-31,-0.0170061439275049
0.25,"Industrie de transformation",2023-06-30,5,5,0.0264011295578618,2023-03-31,-0.0170061439275049
0.3,"Industrie de transformation",2023-06-30,5,5,0.0264011295578618,2023-03-31,-0.0170061439275049
0.35,"Industrie de transformation",2023-06-30,5,5,0.0264011295578618,2023-03-31,-0.0170061439275049
0.45,"Industrie de transformation",2023-06-30,5,5,0.0264011295578618,2023-03-31,-0.0170061439275049
Inf,"Industrie de transformation",2023-06-30,5,0,-0.028353963316946,2023-03-31,-0.0170061439275049
0.15,"Électricité, gaz, eau",2023-06-30,5,0,0.0990488169951148,2023-03-31,0.0472201858772916
0.25,"Électricité, gaz, eau",2023-06-30,5,0,0.0990488169951148,2023-03-31,0.0472201858772916
0.3,"Électricité, gaz, eau",2023-06-30,5,0,0.0990488169951148,2023-03-31,0.0472201858772916
0.35,"Électricité, gaz, eau",2023-06-30,5,0,0.0990488169951148,2023-03-31,0.0472201858772916
0.45,"Électricité, gaz, eau",2023-06-30,5,0,0.0990488169951148,2023-03-31,0.0472201858772916
Inf,"Électricité, gaz, eau",2023-06-30,5,0,0.0990488169951148,2023-03-31,0.0472201858772916
0.15,"Commerce",2023-06-30,4,0,0.00846172700813452,2023-03-31,0.00646517716538497
0.25,"Commerce",2023-06-30,4,0,0.00846172700813452,2023-03-31,0.00646517716538497
0.3,"Commerce",2023-06-30,4,0,0.00846172700813452,2023-03-31,0.00646517716538497
0.35,"Commerce",2023-06-30,4,0,0.00846172700813452,2023-03-31,0.00646517716538497
0.45,"Commerce",2023-06-30,4,0,0.00846172700813452,2023-03-31,0.00646517716538497
Inf,"Commerce",2023-06-30,4,0,0.00846172700813452,2023-03-31,0.00646517716538497
0.15,"Hébergement-restauration",2023-06-30,5,1,0.0342020858957269,2023-03-31,0.0285381802766143
0.25,"Hébergement-restauration",2023-06-30,4,0,0.0353145468047548,2023-03-31,0.0285381802766143
0.3,"Hébergement-restauration",2023-06-30,4,0,0.0353145468047548,2023-03-31,0.0285381802766143
0.35,"Hébergement-restauration",2023-06-30,4,0,0.0353145468047548,2023-03-31,0.0285381802766143
0.45,"Hébergement-restauration",2023-06-30,4,0,0.0353145468047548,2023-03-31,0.0285381802766143
Inf,"Hébergement-restauration",2023-06-30,4,0,0.0353145468047548,2023-03-31,0.0285381802766143
0.15,"Information-communication",2023-06-30,1,1,0.0130178578514213,2023-03-31,0.0108067356801964
0.25,"Information-communication",2023-06-30,0,0,,,0.0108067356801964
0.3,"Information-communication",2023-06-30,0,0,,,0.0108067356801964
0.35,"Information-communication",2023-06-30,0,0,,,0.0108067356801964
0.45,"Information-communication",2023-06-30,0,0,,,0.0108067356801964
Inf,"Information-communication",2023-06-30,0,0,,,0.0108067356801964
0.15,"Finances et assurances",2023-06-30,5,0,0.012705237901042,2023-03-31,0.0142309413674457
0.25,"Finances et assurances",2023-06-30,5,0,0.012705237901042,2023-03-31,0.0142309413674457
0.3,"Finances et assurances",2023-06-30,5,0,0.012705237901042,2023-03-31,0.0142309413674457
0.35,"Finances et assurances",2023-06-30,5,0,0.012705237901042,2023-03-31,0.0142309413674457
0.45,"Finances et assurances",2023-06-30,5,0,0.012705237901042,2023-03-31,0.0142309413674457
Inf,"Finances et assurances",2023-06-30,5,0,0.012705237901042,2023-03-31,0.0142309413674457
0.15,"Immobilier",2023-06-30,1,0,0.0100737449420033,2023-03-31,0.00433516318523708
0.25,"Immobilier",2023-06-30,1,0,0.0100737449420033,2023-03-31,0.00433516318523708
0.3,"Immobilier",2023-06-30,1,0,0.0100737449420033,2023-03-31,0.00433516318523708
0.35,"Immobilier",2023-06-30,1,0,0.0100737449420033,2023-03-31,0.00433516318523708
0.45,"Immobilier",2023-06-30,1,0,0.0100737449420033,2023-03-31,0.00433516318523708
Inf,"Immobilier",2023-06-30,1,0,0.0100737449420033,2023-03-31,0.00433516318523708
0.15,"Pêche",2023-09-30,2,0,-0.14216795958843,2023-06-30,0.0833031314032056
0.25,"Pêche",2023-09-30,2,0,-0.14216795958843,2023-06-30,0.0833031314032056
0.3,"Pêche",2023-09-30,2,0,-0.14216795958843,2023-06-30,0.0833031314032056
0.35,"Pêche",2023-09-30,2,0,-0.14216795958843,2023-06-30,0.0833031314032056
0.45,"Pêche",2023-09-30,2,0,-0.14216795958843,2023-06-30,0.0833031314032056
Inf,"Pêche",2023-09-30,2,0,-0.14216795958843,2023-06-30,0.0833031314032056
0.15,"Industrie d'extraction",2023-09-30,2,2,0.0139136084656193,2023-06-30,0.0733392840223264
0.25,"Industrie d'extraction",2023-09-30,2,2,0.0139136084656193,2023-06-30,0.0733392840223264
0.3,"Industrie d'extraction",2023-09-30,2,2,0.0139136084656193,2023-06-30,0.0733392840223264
0.35,"Industrie d'extraction",2023-09-30,2,2,0.0139136084656193,2023-06-30,0.0733392840223264
0.45,"Industrie d'extraction",2023-09-30,0,0,,,0.0733392840223264
Inf,"Industrie d'extraction",2023-09-30,0,0,,,0.0733392840223264
0.15,"Industrie de transformation",2023-09-30,5,5,-0.0126291581721691,2023-06-30,0.0317188158621384
0.25,"Industrie de transformation",2023-09-30,5,5,-0.0126291581721691,2023-06-30,0.0317188158621384
0.3,"Industrie de transformation",2023-09-30,5,5,-0.0126291581721691,2023-06-30,0.0317188158621384
0.35,"Industrie de transformation",2023-09-30,5,5,-0.0126291581721691,2023-06-30,0.0317188158621384
0.45,"Industrie de transformation",2023-09-30,5,5,-0.0126291581721691,2023-06-30,0.0317188158621384
Inf,"Industrie de transformation",2023-09-30,5,0,0.0436347775951176,2023-06-30,0.0317188158621384
0.15,"Électricité, gaz, eau",2023-09-30,5,0,-0.0209729535490743,2023-06-30,0.00207719445817389
0.25,"Électricité, gaz, eau",2023-09-30,5,0,-0.0209729535490743,2023-06-30,0.00207719445817389
0.3,"Électricité, gaz, eau",2023-09-30,5,0,-0.0209729535490743,2023-06-30,0.00207719445817389
0.35,"Électricité, gaz, eau",2023-09-30,5,0,-0.0209729535490743,2023-06-30,0.00207719445817389
0.45,"Électricité, gaz, eau",2023-09-30,5,0,-0.0209729535490743,2023-06-30,0.00207719445817389
Inf,"Électricité, gaz, eau",2023-09-30,5,0,-0.0209729535490743,2023-06-30,0.00207719445817389
0.15,"Commerce",2023-09-30,4,0,0.00248065802581014,2023-06-30,0.00237756549880963
0.25,"Commerce",2023-09-30,4,0,0.00248065802581014,2023-06-30,0.00237756549880963
0.3,"Commerce",2023-09-30,4,0,0.00248065802581014,2023-06-30,0.00237756549880963
0.35,"Commerce",2023-09-30,4,0,0.00248065802581014,2023-06-30,0.00237756549880963
0.45,"Commerce",2023-09-30,4,0,0.00248065802581014,2023-06-30,0.00237756549880963
Inf,"Commerce",2023-09-30,4,0,0.00248065802581014,2023-06-30,0.00237756549880963
0.15,"Hébergement-restauration",2023-09-30,5,1,-0.0042858471232774,2023-06-30,0.0131680998376478
0.25,"Hébergement-restauration",2023-09-30,4,0,-0.00629483183251466,2023-06-30,0.0131680998376478
0.3,"Hébergement-restauration",2023-09-30,4,0,-0.00629483183251466,2023-06-30,0.0131680998376478
0.35,"Hébergement-restauration",2023-09-30,4,0,-0.00629483183251466,2023-06-30,0.0131680998376478
0.45,"Hébergement-restauration",2023-09-30,4,0,-0.00629483183251466,2023-06-30,0.0131680998376478
Inf,"Hébergement-restauration",2023-09-30,4,0,-0.00629483183251466,2023-06-30,0.0131680998376478
0.15,"Information-communication",2023-09-30,1,1,0.0149147376141294,2023-06-30,-0.00473773465213512
0.25,"Information-communication",2023-09-30,0,0,,,-0.00473773465213512
0.3,"Information-communication",2023-09-30,0,0,,,-0.00473773465213512
0.35,"Information-communication",2023-09-30,0,0,,,-0.00473773465213512
0.45,"Information-communication",2023-09-30,0,0,,,-0.00473773465213512
Inf,"Information-communication",2023-09-30,0,0,,,-0.00473773465213512
0.15,"Finances et assurances",2023-09-30,5,0,0.0089274151931457,2023-06-30,0.0138611051650379
0.25,"Finances et assurances",2023-09-30,5,0,0.0089274151931457,2023-06-30,0.0138611051650379
0.3,"Finances et assurances",2023-09-30,5,0,0.0089274151931457,2023-06-30,0.0138611051650379
0.35,"Finances et assurances",2023-09-30,5,0,0.0089274151931457,2023-06-30,0.0138611051650379
0.45,"Finances et assurances",2023-09-30,5,0,0.0089274151931457,2023-06-30,0.0138611051650379
Inf,"Finances et assurances",2023-09-30,5,0,0.0089274151931457,2023-06-30,0.0138611051650379
0.15,"Immobilier",2023-09-30,1,0,0.00607178191878477,2023-06-30,0.000940152450292331
0.25,"Immobilier",2023-09-30,1,0,0.00607178191878477,2023-06-30,0.000940152450292331
0.3,"Immobilier",2023-09-30,1,0,0.00607178191878477,2023-06-30,0.000940152450292331
0.35,"Immobilier",2023-09-30,1,0,0.00607178191878477,2023-06-30,0.000940152450292331
0.45,"Immobilier",2023-09-30,1,0,0.00607178191878477,2023-06-30,0.000940152450292331
Inf,"Immobilier",2023-09-30,1,0,0.00607178191878477,2023-06-30,0.000940152450292331
0.15,"Pêche",2023-12-31,5,0,0.119179712660825,2022-09-30,-0.169722558184949
0.25,"Pêche",2023-12-31,5,0,0.119179712660825,2022-09-30,-0.169722558184949
0.3,"Pêche",2023-12-31,5,0,0.119179712660825,2022-09-30,-0.169722558184949
0.35,"Pêche",2023-12-31,5,0,0.119179712660825,2022-09-30,-0.169722558184949
0.45,"Pêche",2023-12-31,5,0,0.119179712660825,2022-09-30,-0.169722558184949
Inf,"Pêche",2023-12-31,5,0,0.119179712660825,2022-09-30,-0.169722558184949
0.15,"Industrie d'extraction",2023-12-31,2,2,0.031335431644485,2023-09-30,0.113749741354164
0.25,"Industrie d'extraction",2023-12-31,2,2,0.031335431644485,2023-09-30,0.113749741354164
0.3,"Industrie d'extraction",2023-12-31,2,2,0.031335431644485,2023-09-30,0.113749741354164
0.35,"Industrie d'extraction",2023-12-31,2,2,0.031335431644485,2023-09-30,0.113749741354164
0.45,"Industrie d'extraction",2023-12-31,2,2,0.031335431644485,2023-09-30,0.113749741354164
Inf,"Industrie d'extraction",2023-12-31,0,0,,,0.113749741354164
0.15,"Industrie de transformation",2023-12-31,5,4,0.031781892258584,2023-09-30,0.0560799603193818
0.25,"Industrie de transformation",2023-12-31,5,4,0.031781892258584,2023-09-30,0.0560799603193818
0.3,"Industrie de transformation",2023-12-31,5,4,0.031781892258584,2023-09-30,0.0560799603193818
0.35,"Industrie de transformation",2023-12-31,5,4,0.031781892258584,2023-09-30,0.0560799603193818
0.45,"Industrie de transformation",2023-12-31,5,4,0.031781892258584,2023-09-30,0.0560799603193818
Inf,"Industrie de transformation",2023-12-31,5,0,0.00515458362962121,2023-09-30,0.0560799603193818
0.15,"Électricité, gaz, eau",2023-12-31,5,0,-0.0340996930856143,2023-09-30,-0.0104818116311538
0.25,"Électricité, gaz, eau",2023-12-31,5,0,-0.0340996930856143,2023-09-30,-0.0104818116311538
0.3,"Électricité, gaz, eau",2023-12-31,5,0,-0.0340996930856143,2023-09-30,-0.0104818116311538
0.35,"Électricité, gaz, eau",2023-12-31,5,0,-0.0340996930856143,2023-09-30,-0.0104818116311538
0.45,"Électricité, gaz, eau",2023-12-31,5,0,-0.0340996930856143,2023-09-30,-0.0104818116311538
Inf,"Électricité, gaz, eau",2023-12-31,5,0,-0.0340996930856143,2023-09-30,-0.0104818116311538
0.15,"Commerce",2023-12-31,4,0,-0.0130629818131524,2023-09-30,0.00844315463132972
0.25,"Commerce",2023-12-31,4,0,-0.0130629818131524,2023-09-30,0.00844315463132972
0.3,"Commerce",2023-12-31,4,0,-0.0130629818131524,2023-09-30,0.00844315463132972
0.35,"Commerce",2023-12-31,4,0,-0.0130629818131524,2023-09-30,0.00844315463132972
0.45,"Commerce",2023-12-31,4,0,-0.0130629818131524,2023-09-30,0.00844315463132972
Inf,"Commerce",2023-12-31,4,0,-0.0130629818131524,2023-09-30,0.00844315463132972
0.15,"Hébergement-restauration",2023-12-31,5,1,0.0201212096894735,2023-09-30,0.00454308251082303
0.25,"Hébergement-restauration",2023-12-31,4,0,0.0194779488576625,2023-09-30,0.00454308251082303
0.3,"Hébergement-restauration",2023-12-31,4,0,0.0194779488576625,2023-09-30,0.00454308251082303
0.35,"Hébergement-restauration",2023-12-31,4,0,0.0194779488576625,2023-09-30,0.00454308251082303
0.45,"Hébergement-restauration",2023-12-31,4,0,0.0194779488576625,2023-09-30,0.00454308251082303
Inf,"Hébergement-restauration",2023-12-31,4,0,0.0194779488576625,2023-09-30,0.00454308251082303
0.15,"Information-communication",2023-12-31,1,1,0.0152849632672684,2023-09-30,-0.000895282531592656
0.25,"Information-communication",2023-12-31,0,0,,,-0.000895282531592656
0.3,"Information-communication",2023-12-31,0,0,,,-0.000895282531592656
0.35,"Information-communication",2023-12-31,0,0,,,-0.000895282531592656
0.45,"Information-communication",2023-12-31,0,0,,,-0.000895282531592656
Inf,"Information-communication",2023-12-31,0,0,,,-0.000895282531592656
0.15,"Finances et assurances",2023-12-31,5,0,0.015446143669662,2023-09-30,0.0205123675274645
0.25,"Finances et assurances",2023-12-31,5,0,0.015446143669662,2023-09-30,0.0205123675274645
0.3,"Finances et assurances",2023-12-31,5,0,0.015446143669662,2023-09-30,0.0205123675274645
0.35,"Finances et assurances",2023-12-31,5,0,0.015446143669662,2023-09-30,0.0205123675274645
0.45,"Finances et assurances",2023-12-31,5,0,0.015446143669662,2023-09-30,0.0205123675274645
Inf,"Finances et assurances",2023-12-31,5,0,0.015446143669662,2023-09-30,0.0205123675274645
0.15,"Immobilier",2023-12-31,1,0,0.00556139768099844,2023-09-30,0.00367575702520995
0.25,"Immobilier",2023-12-31,1,0,0.00556139768099844,2023-09-30,0.00367575702520995
0.3,"Immobilier",2023-12-31,1,0,0.00556139768099844,2023-09-30,0.00367575702520995
0.35,"Immobilier",2023-12-31,1,0,0.00556139768099844,2023-09-30,0.00367575702520995
0.45,"Immobilier",2023-12-31,1,0,0.00556139768099844,2023-09-30,0.00367575702520995
Inf,"Immobilier",2023-12-31,1,0,0.00556139768099844,2023-09-30,0.00367575702520995
0.15,"Pêche",2024-03-31,5,0,0.101784256985919,2023-12-31,0.137736263229147
0.25,"Pêche",2024-03-31,5,0,0.101784256985919,2023-12-31,0.137736263229147
0.3,"Pêche",2024-03-31,5,0,0.101784256985919,2023-12-31,0.137736263229147
0.35,"Pêche",2024-03-31,5,0,0.101784256985919,2023-12-31,0.137736263229147
0.45,"Pêche",2024-03-31,5,0,0.101784256985919,2023-12-31,0.137736263229147
Inf,"Pêche",2024-03-31,5,0,0.101784256985919,2023-12-31,0.137736263229147
0.15,"Industrie d'extraction",2024-03-31,2,2,-0.0570285159153786,2023-12-31,-0.0252607257677209
0.25,"Industrie d'extraction",2024-03-31,2,2,-0.0570285159153786,2023-12-31,-0.0252607257677209
0.3,"Industrie d'extraction",2024-03-31,2,2,-0.0570285159153786,2023-12-31,-0.0252607257677209
0.35,"Industrie d'extraction",2024-03-31,2,2,-0.0570285159153786,2023-12-31,-0.0252607257677209
0.45,"Industrie d'extraction",2024-03-31,2,2,-0.0570285159153786,2023-12-31,-0.0252607257677209
Inf,"Industrie d'extraction",2024-03-31,0,0,,,-0.0252607257677209
0.15,"Industrie de transformation",2024-03-31,5,4,-0.0280906212736091,2023-12-31,-0.0663244948448725
0.25,"Industrie de transformation",2024-03-31,5,4,-0.0280906212736091,2023-12-31,-0.0663244948448725
0.3,"Industrie de transformation",2024-03-31,5,4,-0.0280906212736091,2023-12-31,-0.0663244948448725
0.35,"Industrie de transformation",2024-03-31,5,4,-0.0280906212736091,2023-12-31,-0.0663244948448725
0.45,"Industrie de transformation",2024-03-31,5,4,-0.0280906212736091,2023-12-31,-0.0663244948448725
Inf,"Industrie de transformation",2024-03-31,5,0,-0.0260774869606473,2023-12-31,-0.0663244948448725
0.15,"Électricité, gaz, eau",2024-03-31,5,0,-0.0493506247170769,2023-12-31,0.0293667797510366
0.25,"Électricité, gaz, eau",2024-03-31,5,0,-0.0493506247170769,2023-12-31,0.0293667797510366
0.3,"Électricité, gaz, eau",2024-03-31,5,0,-0.0493506247170769,2023-12-31,0.0293667797510366
0.35,"Électricité, gaz, eau",2024-03-31,5,0,-0.0493506247170769,2023-12-31,0.0293667797510366
0.45,"Électricité, gaz, eau",2024-03-31,5,0,-0.0493506247170769,2023-12-31,0.0293667797510366
Inf,"Électricité, gaz, eau",2024-03-31,5,0,-0.0493506247170769,2023-12-31,0.0293667797510366
0.15,"Construction",2024-03-31,1,0,0.00651160728073925,2022-09-30,0.0243786805323758
0.25,"Construction",2024-03-31,1,0,0.00651160728073925,2022-09-30,0.0243786805323758
0.3,"Construction",2024-03-31,1,0,0.00651160728073925,2022-09-30,0.0243786805323758
0.35,"Construction",2024-03-31,1,0,0.00651160728073925,2022-09-30,0.0243786805323758
0.45,"Construction",2024-03-31,1,0,0.00651160728073925,2022-09-30,0.0243786805323758
Inf,"Construction",2024-03-31,1,0,0.00651160728073925,2022-09-30,0.0243786805323758
0.15,"Commerce",2024-03-31,4,0,-0.00547634998857171,2023-12-31,0.0184637520602795
0.25,"Commerce",2024-03-31,4,0,-0.00547634998857171,2023-12-31,0.0184637520602795
0.3,"Commerce",2024-03-31,4,0,-0.00547634998857171,2023-12-31,0.0184637520602795
0.35,"Commerce",2024-03-31,4,0,-0.00547634998857171,2023-12-31,0.0184637520602795
0.45,"Commerce",2024-03-31,4,0,-0.00547634998857171,2023-12-31,0.0184637520602795
Inf,"Commerce",2024-03-31,4,0,-0.00547634998857171,2023-12-31,0.0184637520602795
0.15,"Hébergement-restauration",2024-03-31,5,1,0.00898475275496108,2023-12-31,-0.0256302512562794
0.25,"Hébergement-restauration",2024-03-31,4,0,0.00950734229153208,2023-12-31,-0.0256302512562794
0.3,"Hébergement-restauration",2024-03-31,4,0,0.00950734229153208,2023-12-31,-0.0256302512562794
0.35,"Hébergement-restauration",2024-03-31,4,0,0.00950734229153208,2023-12-31,-0.0256302512562794
0.45,"Hébergement-restauration",2024-03-31,4,0,0.00950734229153208,2023-12-31,-0.0256302512562794
Inf,"Hébergement-restauration",2024-03-31,4,0,0.00950734229153208,2023-12-31,-0.0256302512562794
0.15,"Information-communication",2024-03-31,1,1,0.0148270684133483,2023-12-31,0.026793324234438
0.25,"Information-communication",2024-03-31,0,0,,,0.026793324234438
0.3,"Information-communication",2024-03-31,0,0,,,0.026793324234438
0.35,"Information-communication",2024-03-31,0,0,,,0.026793324234438
0.45,"Information-communication",2024-03-31,0,0,,,0.026793324234438
Inf,"Information-communication",2024-03-31,0,0,,,0.026793324234438
0.15,"Finances et assurances",2024-03-31,5,0,0.00914137971047391,2023-12-31,0.034226988537851
0.25,"Finances et assurances",2024-03-31,5,0,0.00914137971047391,2023-12-31,0.034226988537851
0.3,"Finances et assurances",2024-03-31,5,0,0.00914137971047391,2023-12-31,0.034226988537851
0.35,"Finances et assurances",2024-03-31,5,0,0.00914137971047391,2023-12-31,0.034226988537851
0.45,"Finances et assurances",2024-03-31,5,0,0.00914137971047391,2023-12-31,0.034226988537851
Inf,"Finances et assurances",2024-03-31,5,0,0.00914137971047391,2023-12-31,0.034226988537851
0.15,"Immobilier",2024-03-31,1,0,0.00586900462505929,2023-12-31,0.019358859355199
0.25,"Immobilier",2024-03-31,1,0,0.00586900462505929,2023-12-31,0.019358859355199
0.3,"Immobilier",2024-03-31,1,0,0.00586900462505929,2023-12-31,0.019358859355199
0.35,"Immobilier",2024-03-31,1,0,0.00586900462505929,2023-12-31,0.019358859355199
0.45,"Immobilier",2024-03-31,1,0,0.00586900462505929,2023-12-31,0.019358859355199
Inf,"Immobilier",2024-03-31,1,0,0.00586900462505929,2023-12-31,0.019358859355199
0.15,"Pêche",2024-06-30,5,0,-0.118788753190517,2024-03-31,-0.124393100066797
0.25,"Pêche",2024-06-30,5,0,-0.118788753190517,2024-03-31,-0.124393100066797
0.3,"Pêche",2024-06-30,5,0,-0.118788753190517,2024-03-31,-0.124393100066797
0.35,"Pêche",2024-06-30,5,0,-0.118788753190517,2024-03-31,-0.124393100066797
0.45,"Pêche",2024-06-30,5,0,-0.118788753190517,2024-03-31,-0.124393100066797
Inf,"Pêche",2024-06-30,5,0,-0.118788753190517,2024-03-31,-0.124393100066797
0.15,"Industrie d'extraction",2024-06-30,2,2,0.0297340859783122,2024-03-31,0.0070152744335843
0.25,"Industrie d'extraction",2024-06-30,2,2,0.0297340859783122,2024-03-31,0.0070152744335843
0.3,"Industrie d'extraction",2024-06-30,2,2,0.0297340859783122,2024-03-31,0.0070152744335843
0.35,"Industrie d'extraction",2024-06-30,2,2,0.0297340859783122,2024-03-31,0.0070152744335843
0.45,"Industrie d'extraction",2024-06-30,2,2,0.0297340859783122,2024-03-31,0.0070152744335843
Inf,"Industrie d'extraction",2024-06-30,0,0,,,0.0070152744335843
0.15,"Industrie de transformation",2024-06-30,5,5,0.00692279529969118,2024-03-31,-0.00790860641250291
0.25,"Industrie de transformation",2024-06-30,5,5,0.00692279529969118,2024-03-31,-0.00790860641250291
0.3,"Industrie de transformation",2024-06-30,5,5,0.00692279529969118,2024-03-31,-0.00790860641250291
0.35,"Industrie de transformation",2024-06-30,5,5,0.00692279529969118,2024-03-31,-0.00790860641250291
0.45,"Industrie de transformation",2024-06-30,5,5,0.00692279529969118,2024-03-31,-0.00790860641250291
Inf,"Industrie de transformation",2024-06-30,5,0,-0.00734812545648909,2024-03-31,-0.00790860641250291
0.15,"Électricité, gaz, eau",2024-06-30,5,0,-0.10604753380695,2024-03-31,-0.0474179307558522
0.25,"Électricité, gaz, eau",2024-06-30,5,0,-0.10604753380695,2024-03-31,-0.0474179307558522
0.3,"Électricité, gaz, eau",2024-06-30,5,0,-0.10604753380695,2024-03-31,-0.0474179307558522
0.35,"Électricité, gaz, eau",2024-06-30,5,0,-0.10604753380695,2024-03-31,-0.0474179307558522
0.45,"Électricité, gaz, eau",2024-06-30,5,0,-0.10604753380695,2024-03-31,-0.0474179307558522
Inf,"Électricité, gaz, eau",2024-06-30,5,0,-0.10604753380695,2024-03-31,-0.0474179307558522
0.15,"Construction",2024-06-30,1,0,0.00832276804843119,2024-03-31,0.0131434129712957
0.25,"Construction",2024-06-30,1,0,0.00832276804843119,2024-03-31,0.0131434129712957
0.3,"Construction",2024-06-30,1,0,0.00832276804843119,2024-03-31,0.0131434129712957
0.35,"Construction",2024-06-30,1,0,0.00832276804843119,2024-03-31,0.0131434129712957
0.45,"Construction",2024-06-30,1,0,0.00832276804843119,2024-03-31,0.0131434129712957
Inf,"Construction",2024-06-30,1,0,0.00832276804843119,2024-03-31,0.0131434129712957
0.15,"Commerce",2024-06-30,4,0,0.0249396992725347,2024-03-31,0.000290896215341618
0.25,"Commerce",2024-06-30,4,0,0.0249396992725347,2024-03-31,0.000290896215341618
0.3,"Commerce",2024-06-30,4,0,0.0249396992725347,2024-03-31,0.000290896215341618
0.35,"Commerce",2024-06-30,4,0,0.0249396992725347,2024-03-31,0.000290896215341618
0.45,"Commerce",2024-06-30,4,0,0.0249396992725347,2024-03-31,0.000290896215341618
Inf,"Commerce",2024-06-30,4,0,0.0249396992725347,2024-03-31,0.000290896215341618
0.15,"Hébergement-restauration",2024-06-30,5,1,0.0184825375799832,2024-03-31,0.0863211664480215
0.25,"Hébergement-restauration",2024-06-30,4,0,0.0195095223795384,2024-03-31,0.0863211664480215
0.3,"Hébergement-restauration",2024-06-30,4,0,0.0195095223795384,2024-03-31,0.0863211664480215
0.35,"Hébergement-restauration",2024-06-30,4,0,0.0195095223795384,2024-03-31,0.0863211664480215
0.45,"Hébergement-restauration",2024-06-30,4,0,0.0195095223795384,2024-03-31,0.0863211664480215
Inf,"Hébergement-restauration",2024-06-30,4,0,0.0195095223795384,2024-03-31,0.0863211664480215
0.15,"Information-communication",2024-06-30,1,1,0.0138588499204697,2024-03-31,0.001257668725545
0.25,"Information-communication",2024-06-30,0,0,,,0.001257668725545
0.3,"Information-communication",2024-06-30,0,0,,,0.001257668725545
0.35,"Information-communication",2024-06-30,0,0,,,0.001257668725545
0.45,"Information-communication",2024-06-30,0,0,,,0.001257668725545
Inf,"Information-communication",2024-06-30,0,0,,,0.001257668725545
0.15,"Finances et assurances",2024-06-30,5,0,0.00762439433470097,2024-03-31,0.00677789865920531
0.25,"Finances et assurances",2024-06-30,5,0,0.00762439433470097,2024-03-31,0.00677789865920531
0.3,"Finances et assurances",2024-06-30,5,0,0.00762439433470097,2024-03-31,0.00677789865920531
0.35,"Finances et assurances",2024-06-30,5,0,0.00762439433470097,2024-03-31,0.00677789865920531
0.45,"Finances et assurances",2024-06-30,5,0,0.00762439433470097,2024-03-31,0.00677789865920531
Inf,"Finances et assurances",2024-06-30,5,0,0.00762439433470097,2024-03-31,0.00677789865920531
0.15,"Immobilier",2024-06-30,1,0,0.0105257638186839,2024-03-31,0.00208616686757601
0.25,"Immobilier",2024-06-30,1,0,0.0105257638186839,2024-03-31,0.00208616686757601
0.3,"Immobilier",2024-06-30,1,0,0.0105257638186839,2024-03-31,0.00208616686757601
0.35,"Immobilier",2024-06-30,1,0,0.0105257638186839,2024-03-31,0.00208616686757601
0.45,"Immobilier",2024-06-30,1,0,0.0105257638186839,2024-03-31,0.00208616686757601
Inf,"Immobilier",2024-06-30,1,0,0.0105257638186839,2024-03-31,0.00208616686757601
0.15,"Pêche",2024-09-30,5,0,0.102960075004747,2024-06-30,0.3409847439024
0.25,"Pêche",2024-09-30,5,0,0.102960075004747,2024-06-30,0.3409847439024
0.3,"Pêche",2024-09-30,5,0,0.102960075004747,2024-06-30,0.3409847439024
0.35,"Pêche",2024-09-30,5,0,0.102960075004747,2024-06-30,0.3409847439024
0.45,"Pêche",2024-09-30,5,0,0.102960075004747,2024-06-30,0.3409847439024
Inf,"Pêche",2024-09-30,5,0,0.102960075004747,2024-06-30,0.3409847439024
0.15,"Industrie d'extraction",2024-09-30,2,2,0.0179917718840513,2024-06-30,0.022117053793357
0.25,"Industrie d'extraction",2024-09-30,2,2,0.0179917718840513,2024-06-30,0.022117053793357
0.3,"Industrie d'extraction",2024-09-30,2,2,0.0179917718840513,2024-06-30,0.022117053793357
0.35,"Industrie d'extraction",2024-09-30,2,2,0.0179917718840513,2024-06-30,0.022117053793357
0.45,"Industrie d'extraction",2024-09-30,2,2,0.0179917718840513,2024-06-30,0.022117053793357
Inf,"Industrie d'extraction",2024-09-30,0,0,,,0.022117053793357
0.15,"Industrie de transformation",2024-09-30,5,5,-0.0100329655856476,2024-06-30,0.069343487988764
0.25,"Industrie de transformation",2024-09-30,5,5,-0.0100329655856476,2024-06-30,0.069343487988764
0.3,"Industrie de transformation",2024-09-30,5,5,-0.0100329655856476,2024-06-30,0.069343487988764
0.35,"Industrie de transformation",2024-09-30,5,5,-0.0100329655856476,2024-06-30,0.069343487988764
0.45,"Industrie de transformation",2024-09-30,5,5,-0.0100329655856476,2024-06-30,0.069343487988764
Inf,"Industrie de transformation",2024-09-30,5,0,0.00601156816402094,2024-06-30,0.069343487988764
0.15,"Électricité, gaz, eau",2024-09-30,5,0,0.148439612898679,2024-06-30,0.100587875391312
0.25,"Électricité, gaz, eau",2024-09-30,5,0,0.148439612898679,2024-06-30,0.100587875391312
0.3,"Électricité, gaz, eau",2024-09-30,5,0,0.148439612898679,2024-06-30,0.100587875391312
0.35,"Électricité, gaz, eau",2024-09-30,5,0,0.148439612898679,2024-06-30,0.100587875391312
0.45,"Électricité, gaz, eau",2024-09-30,5,0,0.148439612898679,2024-06-30,0.100587875391312
Inf,"Électricité, gaz, eau",2024-09-30,5,0,0.148439612898679,2024-06-30,0.100587875391312
0.15,"Construction",2024-09-30,1,0,0.0141307021754891,2024-06-30,0.0334036782533733
0.25,"Construction",2024-09-30,1,0,0.0141307021754891,2024-06-30,0.0334036782533733
0.3,"Construction",2024-09-30,1,0,0.0141307021754891,2024-06-30,0.0334036782533733
0.35,"Construction",2024-09-30,1,0,0.0141307021754891,2024-06-30,0.0334036782533733
0.45,"Construction",2024-09-30,1,0,0.0141307021754891,2024-06-30,0.0334036782533733
Inf,"Construction",2024-09-30,1,0,0.0141307021754891,2024-06-30,0.0334036782533733
0.15,"Commerce",2024-09-30,4,0,0.0142707161940185,2024-06-30,0.0154439711545749
0.25,"Commerce",2024-09-30,4,0,0.0142707161940185,2024-06-30,0.0154439711545749
0.3,"Commerce",2024-09-30,4,0,0.0142707161940185,2024-06-30,0.0154439711545749
0.35,"Commerce",2024-09-30,4,0,0.0142707161940185,2024-06-30,0.0154439711545749
0.45,"Commerce",2024-09-30,4,0,0.0142707161940185,2024-06-30,0.0154439711545749
Inf,"Commerce",2024-09-30,4,0,0.0142707161940185,2024-06-30,0.0154439711545749
0.15,"Hébergement-restauration",2024-09-30,5,1,0.018820443489926,2024-06-30,0.0395958337321503
0.25,"Hébergement-restauration",2024-09-30,4,0,0.0170247586772006,2024-06-30,0.0395958337321503
0.3,"Hébergement-restauration",2024-09-30,4,0,0.0170247586772006,2024-06-30,0.0395958337321503
0.35,"Hébergement-restauration",2024-09-30,4,0,0.0170247586772006,2024-06-30,0.0395958337321503
0.45,"Hébergement-restauration",2024-09-30,4,0,0.0170247586772006,2024-06-30,0.0395958337321503
Inf,"Hébergement-restauration",2024-09-30,4,0,0.0170247586772006,2024-06-30,0.0395958337321503
0.15,"Information-communication",2024-09-30,1,1,0.0147730431751106,2024-06-30,-0.00629426164916325
0.25,"Information-communication",2024-09-30,0,0,,,-0.00629426164916325
0.3,"Information-communication",2024-09-30,0,0,,,-0.00629426164916325
0.35,"Information-communication",2024-09-30,0,0,,,-0.00629426164916325
0.45,"Information-communication",2024-09-30,0,0,,,-0.00629426164916325
Inf,"Information-communication",2024-09-30,0,0,,,-0.00629426164916325
0.15,"Finances et assurances",2024-09-30,5,0,0.0112759014454074,2024-06-30,0.0307983277209374
0.25,"Finances et assurances",2024-09-30,5,0,0.0112759014454074,2024-06-30,0.0307983277209374
0.3,"Finances et assurances",2024-09-30,5,0,0.0112759014454074,2024-06-30,0.0307983277209374
0.35,"Finances et assurances",2024-09-30,5,0,0.0112759014454074,2024-06-30,0.0307983277209374
0.45,"Finances et assurances",2024-09-30,5,0,0.0112759014454074,2024-06-30,0.0307983277209374
Inf,"Finances et assurances",2024-09-30,5,0,0.0112759014454074,2024-06-30,0.0307983277209374
0.15,"Immobilier",2024-09-30,1,0,0.00619924932945757,2024-06-30,0.000572003912662211
0.25,"Immobilier",2024-09-30,1,0,0.00619924932945757,2024-06-30,0.000572003912662211
0.3,"Immobilier",2024-09-30,1,0,0.00619924932945757,2024-06-30,0.000572003912662211
0.35,"Immobilier",2024-09-30,1,0,0.00619924932945757,2024-06-30,0.000572003912662211
0.45,"Immobilier",2024-09-30,1,0,0.00619924932945757,2024-06-30,0.000572003912662211
Inf,"Immobilier",2024-09-30,1,0,0.00619924932945757,2024-06-30,0.000572003912662211
0.15,"Pêche",2024-12-31,5,0,-0.244753780244325,2024-09-30,-0.314903192186618
0.25,"Pêche",2024-12-31,5,0,-0.244753780244325,2024-09-30,-0.314903192186618
0.3,"Pêche",2024-12-31,5,0,-0.244753780244325,2024-09-30,-0.314903192186618
0.35,"Pêche",2024-12-31,5,0,-0.244753780244325,2024-09-30,-0.314903192186618
0.45,"Pêche",2024-12-31,5,0,-0.244753780244325,2024-09-30,-0.314903192186618
Inf,"Pêche",2024-12-31,5,0,-0.244753780244325,2024-09-30,-0.314903192186618
0.15,"Industrie d'extraction",2024-12-31,2,2,0.0140650119926045,2024-09-30,-0.0056609646746999
0.25,"Industrie d'extraction",2024-12-31,2,2,0.0140650119926045,2024-09-30,-0.0056609646746999
0.3,"Industrie d'extraction",2024-12-31,2,2,0.0140650119926045,2024-09-30,-0.0056609646746999
0.35,"Industrie d'extraction",2024-12-31,2,2,0.0140650119926045,2024-09-30,-0.0056609646746999
0.45,"Industrie d'extraction",2024-12-31,2,2,0.0140650119926045,2024-09-30,-0.0056609646746999
Inf,"Industrie d'extraction",2024-12-31,0,0,,,-0.0056609646746999
0.15,"Industrie de transformation",2024-12-31,5,5,0.0566800444775542,2024-09-30,0.0165418381598617
0.25,"Industrie de transformation",2024-12-31,5,5,0.0566800444775542,2024-09-30,0.0165418381598617
0.3,"Industrie de transformation",2024-12-31,5,5,0.0566800444775542,2024-09-30,0.0165418381598617
0.35,"Industrie de transformation",2024-12-31,5,5,0.0566800444775542,2024-09-30,0.0165418381598617
0.45,"Industrie de transformation",2024-12-31,5,5,0.0566800444775542,2024-09-30,0.0165418381598617
Inf,"Industrie de transformation",2024-12-31,3,0,0.00394358600803148,2024-09-30,0.0165418381598617
0.15,"Électricité, gaz, eau",2024-12-31,5,0,-0.0181548207644432,2024-09-30,0.0115181001740545
0.25,"Électricité, gaz, eau",2024-12-31,5,0,-0.0181548207644432,2024-09-30,0.0115181001740545
0.3,"Électricité, gaz, eau",2024-12-31,5,0,-0.0181548207644432,2024-09-30,0.0115181001740545
0.35,"Électricité, gaz, eau",2024-12-31,5,0,-0.0181548207644432,2024-09-30,0.0115181001740545
0.45,"Électricité, gaz, eau",2024-12-31,5,0,-0.0181548207644432,2024-09-30,0.0115181001740545
Inf,"Électricité, gaz, eau",2024-12-31,5,0,-0.0181548207644432,2024-09-30,0.0115181001740545
0.15,"Construction",2024-12-31,1,0,0.0152973212008605,2024-09-30,0.00587796447580935
0.25,"Construction",2024-12-31,1,0,0.0152973212008605,2024-09-30,0.00587796447580935
0.3,"Construction",2024-12-31,1,0,0.0152973212008605,2024-09-30,0.00587796447580935
0.35,"Construction",2024-12-31,1,0,0.0152973212008605,2024-09-30,0.00587796447580935
0.45,"Construction",2024-12-31,1,0,0.0152973212008605,2024-09-30,0.00587796447580935
Inf,"Construction",2024-12-31,1,0,0.0152973212008605,2024-09-30,0.00587796447580935
0.15,"Commerce",2024-12-31,3,0,0.0120615371379464,2024-09-30,0.00571468262867647
0.25,"Commerce",2024-12-31,3,0,0.0120615371379464,2024-09-30,0.00571468262867647
0.3,"Commerce",2024-12-31,3,0,0.0120615371379464,2024-09-30,0.00571468262867647
0.35,"Commerce",2024-12-31,3,0,0.0120615371379464,2024-09-30,0.00571468262867647
0.45,"Commerce",2024-12-31,3,0,0.0120615371379464,2024-09-30,0.00571468262867647
Inf,"Commerce",2024-12-31,3,0,0.0120615371379464,2024-09-30,0.00571468262867647
0.15,"Hébergement-restauration",2024-12-31,5,1,0.0339676850374243,2024-09-30,0.0126078965454273
0.25,"Hébergement-restauration",2024-12-31,4,0,0.0317940255334045,2024-09-30,0.0126078965454273
0.3,"Hébergement-restauration",2024-12-31,4,0,0.0317940255334045,2024-09-30,0.0126078965454273
0.35,"Hébergement-restauration",2024-12-31,4,0,0.0317940255334045,2024-09-30,0.0126078965454273
0.45,"Hébergement-restauration",2024-12-31,4,0,0.0317940255334045,2024-09-30,0.0126078965454273
Inf,"Hébergement-restauration",2024-12-31,4,0,0.0317940255334045,2024-09-30,0.0126078965454273
0.15,"Information-communication",2024-12-31,1,1,0.0147444672548382,2024-09-30,0.0171119883477697
0.25,"Information-communication",2024-12-31,0,0,,,0.0171119883477697
0.3,"Information-communication",2024-12-31,0,0,,,0.0171119883477697
0.35,"Information-communication",2024-12-31,0,0,,,0.0171119883477697
0.45,"Information-communication",2024-12-31,0,0,,,0.0171119883477697
Inf,"Information-communication",2024-12-31,0,0,,,0.0171119883477697
0.15,"Finances et assurances",2024-12-31,5,0,0.0122312097495603,2024-09-30,0.024404004984877
0.25,"Finances et assurances",2024-12-31,5,0,0.0122312097495603,2024-09-30,0.024404004984877
0.3,"Finances et assurances",2024-12-31,5,0,0.0122312097495603,2024-09-30,0.024404004984877
0.35,"Finances et assurances",2024-12-31,5,0,0.0122312097495603,2024-09-30,0.024404004984877
0.45,"Finances et assurances",2024-12-31,5,0,0.0122312097495603,2024-09-30,0.024404004984877
Inf,"Finances et assurances",2024-12-31,5,0,0.0122312097495603,2024-09-30,0.024404004984877
0.15,"Immobilier",2024-12-31,1,0,0.00585394020780085,2024-09-30,0.00271140021348693
0.25,"Immobilier",2024-12-31,1,0,0.00585394020780085,2024-09-30,0.00271140021348693
0.3,"Immobilier",2024-12-31,1,0,0.00585394020780085,2024-09-30,0.00271140021348693
0.35,"Immobilier",2024-12-31,1,0,0.00585394020780085,2024-09-30,0.00271140021348693
0.45,"Immobilier",2024-12-31,1,0,0.00585394020780085,2024-09-30,0.00271140021348693
Inf,"Immobilier",2024-12-31,1,0,0.00585394020780085,2024-09-30,0.00271140021348693
0.15,"Pêche",2025-03-31,5,0,0.158925208365223,2024-12-31,0.0879705045311976
0.25,"Pêche",2025-03-31,5,0,0.158925208365223,2024-12-31,0.0879705045311976
0.3,"Pêche",2025-03-31,5,0,0.158925208365223,2024-12-31,0.0879705045311976
0.35,"Pêche",2025-03-31,5,0,0.158925208365223,2024-12-31,0.0879705045311976
0.45,"Pêche",2025-03-31,5,0,0.158925208365223,2024-12-31,0.0879705045311976
Inf,"Pêche",2025-03-31,5,0,0.158925208365223,2024-12-31,0.0879705045311976
0.15,"Industrie d'extraction",2025-03-31,2,2,-0.0380845906354916,2024-12-31,0.0657933092045351
0.25,"Industrie d'extraction",2025-03-31,2,2,-0.0380845906354916,2024-12-31,0.0657933092045351
0.3,"Industrie d'extraction",2025-03-31,2,2,-0.0380845906354916,2024-12-31,0.0657933092045351
0.35,"Industrie d'extraction",2025-03-31,2,2,-0.0380845906354916,2024-12-31,0.0657933092045351
0.45,"Industrie d'extraction",2025-03-31,2,2,-0.0380845906354916,2024-12-31,0.0657933092045351
Inf,"Industrie d'extraction",2025-03-31,0,0,,,0.0657933092045351
0.15,"Industrie de transformation",2025-03-31,5,5,-0.0551742483758858,2024-12-31,-0.0681965626927639
0.25,"Industrie de transformation",2025-03-31,5,5,-0.0551742483758858,2024-12-31,-0.0681965626927639
0.3,"Industrie de transformation",2025-03-31,5,5,-0.0551742483758858,2024-12-31,-0.0681965626927639
0.35,"Industrie de transformation",2025-03-31,5,5,-0.0551742483758858,2024-12-31,-0.0681965626927639
0.45,"Industrie de transformation",2025-03-31,5,5,-0.0551742483758858,2024-12-31,-0.0681965626927639
Inf,"Industrie de transformation",2025-03-31,3,0,-0.0296841826372879,2024-12-31,-0.0681965626927639
0.15,"Électricité, gaz, eau",2025-03-31,5,0,-0.0348711403798002,2024-12-31,-0.0640900842189289
0.25,"Électricité, gaz, eau",2025-03-31,5,0,-0.0348711403798002,2024-12-31,-0.0640900842189289
0.3,"Électricité, gaz, eau",2025-03-31,5,0,-0.0348711403798002,2024-12-31,-0.0640900842189289
0.35,"Électricité, gaz, eau",2025-03-31,5,0,-0.0348711403798002,2024-12-31,-0.0640900842189289
0.45,"Électricité, gaz, eau",2025-03-31,5,0,-0.0348711403798002,2024-12-31,-0.0640900842189289
Inf,"Électricité, gaz, eau",2025-03-31,5,0,-0.0348711403798002,2024-12-31,-0.0640900842189289
0.15,"Construction",2025-03-31,1,0,0.00316123251367846,2024-12-31,0.0164348782556303
0.25,"Construction",2025-03-31,1,0,0.00316123251367846,2024-12-31,0.0164348782556303
0.3,"Construction",2025-03-31,1,0,0.00316123251367846,2024-12-31,0.0164348782556303
0.35,"Construction",2025-03-31,1,0,0.00316123251367846,2024-12-31,0.0164348782556303
0.45,"Construction",2025-03-31,1,0,0.00316123251367846,2024-12-31,0.0164348782556303
Inf,"Construction",2025-03-31,1,0,0.00316123251367846,2024-12-31,0.0164348782556303
0.15,"Commerce",2025-03-31,3,0,-0.0319128862595527,2024-12-31,0.0248772545888567
0.25,"Commerce",2025-03-31,3,0,-0.0319128862595527,2024-12-31,0.0248772545888567
0.3,"Commerce",2025-03-31,3,0,-0.0319128862595527,2024-12-31,0.0248772545888567
0.35,"Commerce",2025-03-31,3,0,-0.0319128862595527,2024-12-31,0.0248772545888567
0.45,"Commerce",2025-03-31,3,0,-0.0319128862595527,2024-12-31,0.0248772545888567
Inf,"Commerce",2025-03-31,3,0,-0.0319128862595527,2024-12-31,0.0248772545888567
0.15,"Hébergement-restauration",2025-03-31,5,1,-0.00446070040046024,2024-12-31,-0.0551888649837782
0.25,"Hébergement-restauration",2025-03-31,4,0,-0.00388961466410976,2024-12-31,-0.0551888649837782
0.3,"Hébergement-restauration",2025-03-31,4,0,-0.00388961466410976,2024-12-31,-0.0551888649837782
0.35,"Hébergement-restauration",2025-03-31,4,0,-0.00388961466410976,2024-12-31,-0.0551888649837782
0.45,"Hébergement-restauration",2025-03-31,4,0,-0.00388961466410976,2024-12-31,-0.0551888649837782
Inf,"Hébergement-restauration",2025-03-31,4,0,-0.00388961466410976,2024-12-31,-0.0551888649837782
0.15,"Information-communication",2025-03-31,1,1,0.0138130325696368,2024-12-31,-0.0293164263615733
0.25,"Information-communication",2025-03-31,0,0,,,-0.0293164263615733
0.3,"Information-communication",2025-03-31,0,0,,,-0.0293164263615733
0.35,"Information-communication",2025-03-31,0,0,,,-0.0293164263615733
0.45,"Information-communication",2025-03-31,0,0,,,-0.0293164263615733
Inf,"Information-communication",2025-03-31,0,0,,,-0.0293164263615733
0.15,"Finances et assurances",2025-03-31,5,1,0.0127794964142313,2024-12-31,-0.00576523644903126
0.25,"Finances et assurances",2025-03-31,5,1,0.0127794964142313,2024-12-31,-0.00576523644903126
0.3,"Finances et assurances",2025-03-31,5,0,0.00920249232823694,2024-12-31,-0.00576523644903126
0.35,"Finances et assurances",2025-03-31,5,0,0.00920249232823694,2024-12-31,-0.00576523644903126
0.45,"Finances et assurances",2025-03-31,5,0,0.00920249232823694,2024-12-31,-0.00576523644903126
Inf,"Finances et assurances",2025-03-31,5,0,0.00920249232823694,2024-12-31,-0.00576523644903126
0.15,"Immobilier",2025-03-31,1,0,0.00565209955152338,2024-12-31,0.0241904984463055
0.25,"Immobilier",2025-03-31,1,0,0.00565209955152338,2024-12-31,0.0241904984463055
0.3,"Immobilier",2025-03-31,1,0,0.00565209955152338,2024-12-31,0.0241904984463055
0.35,"Immobilier",2025-03-31,1,0,0.00565209955152338,2024-12-31,0.0241904984463055
0.45,"Immobilier",2025-03-31,1,0,0.00565209955152338,2024-12-31,0.0241904984463055
Inf,"Immobilier",2025-03-31,1,0,0.00565209955152338,2024-12-31,0.0241904984463055
0.15,"Agriculture",2025-06-30,1,0,0.00656075547029465,2025-03-31,-0.00473311427913181
0.25,"Agriculture",2025-06-30,1,0,0.00656075547029465,2025-03-31,-0.00473311427913181
0.3,"Agriculture",2025-06-30,1,0,0.00656075547029465,2025-03-31,-0.00473311427913181
0.35,"Agriculture",2025-06-30,1,0,0.00656075547029465,2025-03-31,-0.00473311427913181
0.45,"Agriculture",2025-06-30,1,0,0.00656075547029465,2025-03-31,-0.00473311427913181
Inf,"Agriculture",2025-06-30,1,0,0.00656075547029465,2025-03-31,-0.00473311427913181
0.15,"Pêche",2025-06-30,5,0,-0.0541439672183927,2025-03-31,-0.202438183367684
0.25,"Pêche",2025-06-30,5,0,-0.0541439672183927,2025-03-31,-0.202438183367684
0.3,"Pêche",2025-06-30,5,0,-0.0541439672183927,2025-03-31,-0.202438183367684
0.35,"Pêche",2025-06-30,5,0,-0.0541439672183927,2025-03-31,-0.202438183367684
0.45,"Pêche",2025-06-30,5,0,-0.0541439672183927,2025-03-31,-0.202438183367684
Inf,"Pêche",2025-06-30,5,0,-0.0541439672183927,2025-03-31,-0.202438183367684
0.15,"Industrie d'extraction",2025-06-30,2,2,0.0365429495234426,2025-03-31,0.046428686738258
0.25,"Industrie d'extraction",2025-06-30,2,2,0.0365429495234426,2025-03-31,0.046428686738258
0.3,"Industrie d'extraction",2025-06-30,2,2,0.0365429495234426,2025-03-31,0.046428686738258
0.35,"Industrie d'extraction",2025-06-30,2,2,0.0365429495234426,2025-03-31,0.046428686738258
0.45,"Industrie d'extraction",2025-06-30,0,0,,,0.046428686738258
Inf,"Industrie d'extraction",2025-06-30,0,0,,,0.046428686738258
0.15,"Industrie de transformation",2025-06-30,5,5,0.0242661421856819,2025-03-31,0.0247579899121657
0.25,"Industrie de transformation",2025-06-30,5,5,0.0242661421856819,2025-03-31,0.0247579899121657
0.3,"Industrie de transformation",2025-06-30,5,5,0.0242661421856819,2025-03-31,0.0247579899121657
0.35,"Industrie de transformation",2025-06-30,5,5,0.0242661421856819,2025-03-31,0.0247579899121657
0.45,"Industrie de transformation",2025-06-30,5,5,0.0242661421856819,2025-03-31,0.0247579899121657
Inf,"Industrie de transformation",2025-06-30,3,0,0.061075971100905,2025-03-31,0.0247579899121657
0.15,"Électricité, gaz, eau",2025-06-30,5,0,-0.0152142825329786,2025-03-31,-0.0109469608200001
0.25,"Électricité, gaz, eau",2025-06-30,5,0,-0.0152142825329786,2025-03-31,-0.0109469608200001
0.3,"Électricité, gaz, eau",2025-06-30,5,0,-0.0152142825329786,2025-03-31,-0.0109469608200001
0.35,"Électricité, gaz, eau",2025-06-30,5,0,-0.0152142825329786,2025-03-31,-0.0109469608200001
0.45,"Électricité, gaz, eau",2025-06-30,5,0,-0.0152142825329786,2025-03-31,-0.0109469608200001
Inf,"Électricité, gaz, eau",2025-06-30,5,0,-0.0152142825329786,2025-03-31,-0.0109469608200001
0.15,"Construction",2025-06-30,1,0,0.0108388218715777,2025-03-31,0.0173260458459641
0.25,"Construction",2025-06-30,1,0,0.0108388218715777,2025-03-31,0.0173260458459641
0.3,"Construction",2025-06-30,1,0,0.0108388218715777,2025-03-31,0.0173260458459641
0.35,"Construction",2025-06-30,1,0,0.0108388218715777,2025-03-31,0.0173260458459641
0.45,"Construction",2025-06-30,1,0,0.0108388218715777,2025-03-31,0.0173260458459641
Inf,"Construction",2025-06-30,1,0,0.0108388218715777,2025-03-31,0.0173260458459641
0.15,"Commerce",2025-06-30,3,0,0.0367073438997774,2025-03-31,0.00124917416875725
0.25,"Commerce",2025-06-30,3,0,0.0367073438997774,2025-03-31,0.00124917416875725
0.3,"Commerce",2025-06-30,3,0,0.0367073438997774,2025-03-31,0.00124917416875725
0.35,"Commerce",2025-06-30,3,0,0.0367073438997774,2025-03-31,0.00124917416875725
0.45,"Commerce",2025-06-30,3,0,0.0367073438997774,2025-03-31,0.00124917416875725
Inf,"Commerce",2025-06-30,3,0,0.0367073438997774,2025-03-31,0.00124917416875725
0.15,"Hébergement-restauration",2025-06-30,3,1,-0.0126587727996048,2025-03-31,0.0935791648916222
0.25,"Hébergement-restauration",2025-06-30,2,0,-0.0143986409937302,2025-03-31,0.0935791648916222
0.3,"Hébergement-restauration",2025-06-30,2,0,-0.0143986409937302,2025-03-31,0.0935791648916222
0.35,"Hébergement-restauration",2025-06-30,2,0,-0.0143986409937302,2025-03-31,0.0935791648916222
0.45,"Hébergement-restauration",2025-06-30,2,0,-0.0143986409937302,2025-03-31,0.0935791648916222
Inf,"Hébergement-restauration",2025-06-30,2,0,-0.0143986409937302,2025-03-31,0.0935791648916222
0.15,"Information-communication",2025-06-30,1,1,-0.0124161867773823,2025-03-31,0.0212659373554622
0.25,"Information-communication",2025-06-30,0,0,,,0.0212659373554622
0.3,"Information-communication",2025-06-30,0,0,,,0.0212659373554622
0.35,"Information-communication",2025-06-30,0,0,,,0.0212659373554622
0.45,"Information-communication",2025-06-30,0,0,,,0.0212659373554622
Inf,"Information-communication",2025-06-30,0,0,,,0.0212659373554622
0.15,"Finances et assurances",2025-06-30,5,1,0.0143785608263289,2025-03-31,-0.000740007216192495
0.25,"Finances et assurances",2025-06-30,5,1,0.0143785608263289,2025-03-31,-0.000740007216192495
0.3,"Finances et assurances",2025-06-30,5,1,0.0143785608263289,2025-03-31,-0.000740007216192495
0.35,"Finances et assurances",2025-06-30,5,0,0.0148897825327998,2025-03-31,-0.000740007216192495
0.45,"Finances et assurances",2025-06-30,5,0,0.0148897825327998,2025-03-31,-0.000740007216192495
Inf,"Finances et assurances",2025-06-30,5,0,0.0148897825327998,2025-03-31,-0.000740007216192495
0.15,"Immobilier",2025-06-30,1,0,0.011654571422743,2025-03-31,0.00225126559195132
0.25,"Immobilier",2025-06-30,1,0,0.011654571422743,2025-03-31,0.00225126559195132
0.3,"Immobilier",2025-06-30,1,0,0.011654571422743,2025-03-31,0.00225126559195132
0.35,"Immobilier",2025-06-30,1,0,0.011654571422743,2025-03-31,0.00225126559195132
0.45,"Immobilier",2025-06-30,1,0,0.011654571422743,2025-03-31,0.00225126559195132
Inf,"Immobilier",2025-06-30,1,0,0.011654571422743,2025-03-31,0.00225126559195132
0.15,"Agriculture",2025-09-30,1,0,-0.0330851831818066,2025-06-30,-0.0140787530247088
0.25,"Agriculture",2025-09-30,1,0,-0.0330851831818066,2025-06-30,-0.0140787530247088
0.3,"Agriculture",2025-09-30,1,0,-0.0330851831818066,2025-06-30,-0.0140787530247088
0.35,"Agriculture",2025-09-30,1,0,-0.0330851831818066,2025-06-30,-0.0140787530247088
0.45,"Agriculture",2025-09-30,1,0,-0.0330851831818066,2025-06-30,-0.0140787530247088
Inf,"Agriculture",2025-09-30,1,0,-0.0330851831818066,2025-06-30,-0.0140787530247088
0.15,"Pêche",2025-09-30,5,0,0.316889583772723,2025-06-30,0.141488674493727
0.25,"Pêche",2025-09-30,5,0,0.316889583772723,2025-06-30,0.141488674493727
0.3,"Pêche",2025-09-30,5,0,0.316889583772723,2025-06-30,0.141488674493727
0.35,"Pêche",2025-09-30,5,0,0.316889583772723,2025-06-30,0.141488674493727
0.45,"Pêche",2025-09-30,5,0,0.316889583772723,2025-06-30,0.141488674493727
Inf,"Pêche",2025-09-30,5,0,0.316889583772723,2025-06-30,0.141488674493727
0.15,"Industrie d'extraction",2025-09-30,2,2,-0.0103094018818563,2025-06-30,-0.0306857679206729
0.25,"Industrie d'extraction",2025-09-30,2,2,-0.0103094018818563,2025-06-30,-0.0306857679206729
0.3,"Industrie d'extraction",2025-09-30,2,2,-0.0103094018818563,2025-06-30,-0.0306857679206729
0.35,"Industrie d'extraction",2025-09-30,2,2,-0.0103094018818563,2025-06-30,-0.0306857679206729
0.45,"Industrie d'extraction",2025-09-30,2,2,-0.0103094018818563,2025-06-30,-0.0306857679206729
Inf,"Industrie d'extraction",2025-09-30,0,0,,,-0.0306857679206729
0.15,"Industrie de transformation",2025-09-30,5,5,0.022874430572487,2025-06-30,0.0308834262611075
0.25,"Industrie de transformation",2025-09-30,5,5,0.022874430572487,2025-06-30,0.0308834262611075
0.3,"Industrie de transformation",2025-09-30,5,5,0.022874430572487,2025-06-30,0.0308834262611075
0.35,"Industrie de transformation",2025-09-30,5,5,0.022874430572487,2025-06-30,0.0308834262611075
0.45,"Industrie de transformation",2025-09-30,5,5,0.022874430572487,2025-06-30,0.0308834262611075
Inf,"Industrie de transformation",2025-09-30,2,0,-0.0185758669084643,2025-06-30,0.0308834262611075
0.15,"Électricité, gaz, eau",2025-09-30,5,0,0.0633024102063966,2025-06-30,0.0726483567256153
0.25,"Électricité, gaz, eau",2025-09-30,5,0,0.0633024102063966,2025-06-30,0.0726483567256153
0.3,"Électricité, gaz, eau",2025-09-30,5,0,0.0633024102063966,2025-06-30,0.0726483567256153
0.35,"Électricité, gaz, eau",2025-09-30,5,0,0.0633024102063966,2025-06-30,0.0726483567256153
0.45,"Électricité, gaz, eau",2025-09-30,5,0,0.0633024102063966,2025-06-30,0.0726483567256153
Inf,"Électricité, gaz, eau",2025-09-30,5,0,0.0633024102063966,2025-06-30,0.0726483567256153
0.15,"Construction",2025-09-30,1,0,0.0140341164722111,2025-06-30,0.0230301767543057
0.25,"Construction",2025-09-30,1,0,0.0140341164722111,2025-06-30,0.0230301767543057
0.3,"Construction",2025-09-30,1,0,0.0140341164722111,2025-06-30,0.0230301767543057
0.35,"Construction",2025-09-30,1,0,0.0140341164722111,2025-06-30,0.0230301767543057
0.45,"Construction",2025-09-30,1,0,0.0140341164722111,2025-06-30,0.0230301767543057
Inf,"Construction",2025-09-30,1,0,0.0140341164722111,2025-06-30,0.0230301767543057
0.15,"Commerce",2025-09-30,3,0,0.00174419218789182,2025-06-30,0.00388237799968039
0.25,"Commerce",2025-09-30,3,0,0.00174419218789182,2025-06-30,0.00388237799968039
0.3,"Commerce",2025-09-30,3,0,0.00174419218789182,2025-06-30,0.00388237799968039
0.35,"Commerce",2025-09-30,3,0,0.00174419218789182,2025-06-30,0.00388237799968039
0.45,"Commerce",2025-09-30,3,0,0.00174419218789182,2025-06-30,0.00388237799968039
Inf,"Commerce",2025-09-30,3,0,0.00174419218789182,2025-06-30,0.00388237799968039
0.15,"Hébergement-restauration",2025-09-30,3,1,0.0289034556200458,2025-06-30,0.0109571254893179
0.25,"Hébergement-restauration",2025-09-30,2,0,0.0262398094871825,2025-06-30,0.0109571254893179
0.3,"Hébergement-restauration",2025-09-30,2,0,0.0262398094871825,2025-06-30,0.0109571254893179
0.35,"Hébergement-restauration",2025-09-30,2,0,0.0262398094871825,2025-06-30,0.0109571254893179
0.45,"Hébergement-restauration",2025-09-30,2,0,0.0262398094871825,2025-06-30,0.0109571254893179
Inf,"Hébergement-restauration",2025-09-30,2,0,0.0262398094871825,2025-06-30,0.0109571254893179
0.15,"Information-communication",2025-09-30,1,1,0.0372966111848895,2025-06-30,-0.0160974475343618
0.25,"Information-communication",2025-09-30,0,0,,,-0.0160974475343618
0.3,"Information-communication",2025-09-30,0,0,,,-0.0160974475343618
0.35,"Information-communication",2025-09-30,0,0,,,-0.0160974475343618
0.45,"Information-communication",2025-09-30,0,0,,,-0.0160974475343618
Inf,"Information-communication",2025-09-30,0,0,,,-0.0160974475343618
0.15,"Finances et assurances",2025-09-30,5,0,0.00779309587077296,2025-06-30,0.0383171453817219
0.25,"Finances et assurances",2025-09-30,5,0,0.00779309587077296,2025-06-30,0.0383171453817219
0.3,"Finances et assurances",2025-09-30,5,0,0.00779309587077296,2025-06-30,0.0383171453817219
0.35,"Finances et assurances",2025-09-30,5,0,0.00779309587077296,2025-06-30,0.0383171453817219
0.45,"Finances et assurances",2025-09-30,5,0,0.00779309587077296,2025-06-30,0.0383171453817219
Inf,"Finances et assurances",2025-09-30,5,0,0.00779309587077296,2025-06-30,0.0383171453817219
0.15,"Immobilier",2025-09-30,1,0,0.00612765007284394,2025-06-30,0.00139883513399042
0.25,"Immobilier",2025-09-30,1,0,0.00612765007284394,2025-06-30,0.00139883513399042
0.3,"Immobilier",2025-09-30,1,0,0.00612765007284394,2025-06-30,0.00139883513399042
0.35,"Immobilier",2025-09-30,1,0,0.00612765007284394,2025-06-30,0.00139883513399042
0.45,"Immobilier",2025-09-30,1,0,0.00612765007284394,2025-06-30,0.00139883513399042
Inf,"Immobilier",2025-09-30,1,0,0.00612765007284394,2025-06-30,0.00139883513399042
0.15,"Agriculture",2025-12-31,1,0,0.0678155983840635,2025-09-30,-0.00148214583971118
0.25,"Agriculture",2025-12-31,1,0,0.0678155983840635,2025-09-30,-0.00148214583971118
0.3,"Agriculture",2025-12-31,1,0,0.0678155983840635,2025-09-30,-0.00148214583971118
0.35,"Agriculture",2025-12-31,1,0,0.0678155983840635,2025-09-30,-0.00148214583971118
0.45,"Agriculture",2025-12-31,1,0,0.0678155983840635,2025-09-30,-0.00148214583971118
Inf,"Agriculture",2025-12-31,1,0,0.0678155983840635,2025-09-30,-0.00148214583971118
0.15,"Pêche",2025-12-31,5,0,-0.213568481189205,2025-09-30,-0.181089428496749
0.25,"Pêche",2025-12-31,5,0,-0.213568481189205,2025-09-30,-0.181089428496749
0.3,"Pêche",2025-12-31,5,0,-0.213568481189205,2025-09-30,-0.181089428496749
0.35,"Pêche",2025-12-31,5,0,-0.213568481189205,2025-09-30,-0.181089428496749
0.45,"Pêche",2025-12-31,5,0,-0.213568481189205,2025-09-30,-0.181089428496749
Inf,"Pêche",2025-12-31,5,0,-0.213568481189205,2025-09-30,-0.181089428496749
0.15,"Industrie d'extraction",2025-12-31,2,2,-0.0140869881643279,2025-09-30,-0.0912476795593946
0.25,"Industrie d'extraction",2025-12-31,2,2,-0.0140869881643279,2025-09-30,-0.0912476795593946
0.3,"Industrie d'extraction",2025-12-31,2,2,-0.0140869881643279,2025-09-30,-0.0912476795593946
0.35,"Industrie d'extraction",2025-12-31,2,2,-0.0140869881643279,2025-09-30,-0.0912476795593946
0.45,"Industrie d'extraction",2025-12-31,1,1,-0.00712144002932643,2025-09-30,-0.0912476795593946
Inf,"Industrie d'extraction",2025-12-31,0,0,,,-0.0912476795593946
0.15,"Industrie de transformation",2025-12-31,5,5,0.0609233271077731,2025-09-30,0.0330754169078045
0.25,"Industrie de transformation",2025-12-31,5,5,0.0609233271077731,2025-09-30,0.0330754169078045
0.3,"Industrie de transformation",2025-12-31,5,5,0.0609233271077731,2025-09-30,0.0330754169078045
0.35,"Industrie de transformation",2025-12-31,5,5,0.0609233271077731,2025-09-30,0.0330754169078045
0.45,"Industrie de transformation",2025-12-31,5,5,0.0609233271077731,2025-09-30,0.0330754169078045
Inf,"Industrie de transformation",2025-12-31,2,0,0.0140351617250281,2025-09-30,0.0330754169078045
0.15,"Électricité, gaz, eau",2025-12-31,5,0,-0.0171577828859962,2025-09-30,-0.0191714590402032
0.25,"Électricité, gaz, eau",2025-12-31,5,0,-0.0171577828859962,2025-09-30,-0.0191714590402032
0.3,"Électricité, gaz, eau",2025-12-31,5,0,-0.0171577828859962,2025-09-30,-0.0191714590402032
0.35,"Électricité, gaz, eau",2025-12-31,5,0,-0.0171577828859962,2025-09-30,-0.0191714590402032
0.45,"Électricité, gaz, eau",2025-12-31,5,0,-0.0171577828859962,2025-09-30,-0.0191714590402032
Inf,"Électricité, gaz, eau",2025-12-31,5,0,-0.0171577828859962,2025-09-30,-0.0191714590402032
0.15,"Construction",2025-12-31,1,0,0.0105856215655104,2025-09-30,-0.000376710311417838
0.25,"Construction",2025-12-31,1,0,0.0105856215655104,2025-09-30,-0.000376710311417838
0.3,"Construction",2025-12-31,1,0,0.0105856215655104,2025-09-30,-0.000376710311417838
0.35,"Construction",2025-12-31,1,0,0.0105856215655104,2025-09-30,-0.000376710311417838
0.45,"Construction",2025-12-31,1,0,0.0105856215655104,2025-09-30,-0.000376710311417838
Inf,"Construction",2025-12-31,1,0,0.0105856215655104,2025-09-30,-0.000376710311417838
0.15,"Commerce",2025-12-31,3,0,0.00737627174310922,2025-09-30,0.00474667366104242
0.25,"Commerce",2025-12-31,3,0,0.00737627174310922,2025-09-30,0.00474667366104242
0.3,"Commerce",2025-12-31,3,0,0.00737627174310922,2025-09-30,0.00474667366104242
0.35,"Commerce",2025-12-31,3,0,0.00737627174310922,2025-09-30,0.00474667366104242
0.45,"Commerce",2025-12-31,3,0,0.00737627174310922,2025-09-30,0.00474667366104242
Inf,"Commerce",2025-12-31,3,0,0.00737627174310922,2025-09-30,0.00474667366104242
0.15,"Hébergement-restauration",2025-12-31,3,1,-0.00581912269688131,2025-09-30,-0.0117140608570061
0.25,"Hébergement-restauration",2025-12-31,2,0,0.00698954910702047,2025-09-30,-0.0117140608570061
0.3,"Hébergement-restauration",2025-12-31,2,0,0.00698954910702047,2025-09-30,-0.0117140608570061
0.35,"Hébergement-restauration",2025-12-31,2,0,0.00698954910702047,2025-09-30,-0.0117140608570061
0.45,"Hébergement-restauration",2025-12-31,2,0,0.00698954910702047,2025-09-30,-0.0117140608570061
Inf,"Hébergement-restauration",2025-12-31,2,0,0.00698954910702047,2025-09-30,-0.0117140608570061
0.15,"Finances et assurances",2025-12-31,5,1,0.0191369346644843,2025-09-30,0.02252710319177
0.25,"Finances et assurances",2025-12-31,5,1,0.0191369346644843,2025-09-30,0.02252710319177
0.3,"Finances et assurances",2025-12-31,5,0,0.0192732653977215,2025-09-30,0.02252710319177
0.35,"Finances et assurances",2025-12-31,5,0,0.0192732653977215,2025-09-30,0.02252710319177
0.45,"Finances et assurances",2025-12-31,5,0,0.0192732653977215,2025-09-30,0.02252710319177
Inf,"Finances et assurances",2025-12-31,5,0,0.0192732653977215,2025-09-30,0.02252710319177
0.15,"Immobilier",2025-12-31,1,0,0.00562429111527388,2025-09-30,0.00356943094849527
0.25,"Immobilier",2025-12-31,1,0,0.00562429111527388,2025-09-30,0.00356943094849527
0.3,"Immobilier",2025-12-31,1,0,0.00562429111527388,2025-09-30,0.00356943094849527
0.35,"Immobilier",2025-12-31,1,0,0.00562429111527388,2025-09-30,0.00356943094849527
0.45,"Immobilier",2025-12-31,1,0,0.00562429111527388,2025-09-30,0.00356943094849527
Inf,"Immobilier",2025-12-31,1,0,0.00562429111527388,2025-09-30,0.00356943094849527
0.15,"Agriculture",2026-03-31,1,0,0.0955812396201442,2025-12-31,0.189386571246226
0.25,"Agriculture",2026-03-31,1,0,0.0955812396201442,2025-12-31,0.189386571246226
0.3,"Agriculture",2026-03-31,1,0,0.0955812396201442,2025-12-31,0.189386571246226
0.35,"Agriculture",2026-03-31,1,0,0.0955812396201442,2025-12-31,0.189386571246226
0.45,"Agriculture",2026-03-31,1,0,0.0955812396201442,2025-12-31,0.189386571246226
Inf,"Agriculture",2026-03-31,1,0,0.0955812396201442,2025-12-31,0.189386571246226
0.15,"Pêche",2026-03-31,5,0,0.093583220789011,2025-12-31,0.222874852773161
0.25,"Pêche",2026-03-31,5,0,0.093583220789011,2025-12-31,0.222874852773161
0.3,"Pêche",2026-03-31,5,0,0.093583220789011,2025-12-31,0.222874852773161
0.35,"Pêche",2026-03-31,5,0,0.093583220789011,2025-12-31,0.222874852773161
0.45,"Pêche",2026-03-31,5,0,0.093583220789011,2025-12-31,0.222874852773161
Inf,"Pêche",2026-03-31,5,0,0.093583220789011,2025-12-31,0.222874852773161
0.15,"Industrie d'extraction",2026-03-31,2,2,-0.0190504344754676,2025-12-31,0.0429938589024168
0.25,"Industrie d'extraction",2026-03-31,2,2,-0.0190504344754676,2025-12-31,0.0429938589024168
0.3,"Industrie d'extraction",2026-03-31,2,2,-0.0190504344754676,2025-12-31,0.0429938589024168
0.35,"Industrie d'extraction",2026-03-31,2,2,-0.0190504344754676,2025-12-31,0.0429938589024168
0.45,"Industrie d'extraction",2026-03-31,2,2,-0.0190504344754676,2025-12-31,0.0429938589024168
Inf,"Industrie d'extraction",2026-03-31,0,0,,,0.0429938589024168
0.15,"Industrie de transformation",2026-03-31,5,5,-0.0884164010868075,2025-12-31,-0.101743963623765
0.25,"Industrie de transformation",2026-03-31,5,5,-0.0884164010868075,2025-12-31,-0.101743963623765
0.3,"Industrie de transformation",2026-03-31,5,5,-0.0884164010868075,2025-12-31,-0.101743963623765
0.35,"Industrie de transformation",2026-03-31,5,5,-0.0884164010868075,2025-12-31,-0.101743963623765
0.45,"Industrie de transformation",2026-03-31,5,5,-0.0884164010868075,2025-12-31,-0.101743963623765
Inf,"Industrie de transformation",2026-03-31,2,0,-0.0351487010541418,2025-12-31,-0.101743963623765
0.15,"Électricité, gaz, eau",2026-03-31,5,0,-0.0929902802892006,2025-12-31,-0.0771317041623973
0.25,"Électricité, gaz, eau",2026-03-31,5,0,-0.0929902802892006,2025-12-31,-0.0771317041623973
0.3,"Électricité, gaz, eau",2026-03-31,5,0,-0.0929902802892006,2025-12-31,-0.0771317041623973
0.35,"Électricité, gaz, eau",2026-03-31,5,0,-0.0929902802892006,2025-12-31,-0.0771317041623973
0.45,"Électricité, gaz, eau",2026-03-31,5,0,-0.0929902802892006,2025-12-31,-0.0771317041623973
Inf,"Électricité, gaz, eau",2026-03-31,5,0,-0.0929902802892006,2025-12-31,-0.0771317041623973
0.15,"Construction",2026-03-31,1,0,-0.00228383353376849,2025-12-31,-0.0250954841631064
0.25,"Construction",2026-03-31,1,0,-0.00228383353376849,2025-12-31,-0.0250954841631064
0.3,"Construction",2026-03-31,1,0,-0.00228383353376849,2025-12-31,-0.0250954841631064
0.35,"Construction",2026-03-31,1,0,-0.00228383353376849,2025-12-31,-0.0250954841631064
0.45,"Construction",2026-03-31,1,0,-0.00228383353376849,2025-12-31,-0.0250954841631064
Inf,"Construction",2026-03-31,1,0,-0.00228383353376849,2025-12-31,-0.0250954841631064
0.15,"Commerce",2026-03-31,3,0,-0.0124744272088742,2025-12-31,0.030304457095939
0.25,"Commerce",2026-03-31,3,0,-0.0124744272088742,2025-12-31,0.030304457095939
0.3,"Commerce",2026-03-31,3,0,-0.0124744272088742,2025-12-31,0.030304457095939
0.35,"Commerce",2026-03-31,3,0,-0.0124744272088742,2025-12-31,0.030304457095939
0.45,"Commerce",2026-03-31,3,0,-0.0124744272088742,2025-12-31,0.030304457095939
Inf,"Commerce",2026-03-31,3,0,-0.0124744272088742,2025-12-31,0.030304457095939
0.15,"Hébergement-restauration",2026-03-31,2,1,-0.0145027769431409,2025-12-31,-0.0149369838672992
0.25,"Hébergement-restauration",2026-03-31,1,0,-0.0137856381428739,2025-12-31,-0.0149369838672992
0.3,"Hébergement-restauration",2026-03-31,1,0,-0.0137856381428739,2025-12-31,-0.0149369838672992
0.35,"Hébergement-restauration",2026-03-31,1,0,-0.0137856381428739,2025-12-31,-0.0149369838672992
0.45,"Hébergement-restauration",2026-03-31,1,0,-0.0137856381428739,2025-12-31,-0.0149369838672992
Inf,"Hébergement-restauration",2026-03-31,1,0,-0.0137856381428739,2025-12-31,-0.0149369838672992
0.15,"Finances et assurances",2026-03-31,5,1,0.00977936242272074,2025-12-31,0.0131482423939122
0.25,"Finances et assurances",2026-03-31,5,1,0.00977936242272074,2025-12-31,0.0131482423939122
0.3,"Finances et assurances",2026-03-31,5,1,0.00977936242272074,2025-12-31,0.0131482423939122
0.35,"Finances et assurances",2026-03-31,5,0,0.00802684018761908,2025-12-31,0.0131482423939122
0.45,"Finances et assurances",2026-03-31,5,0,0.00802684018761908,2025-12-31,0.0131482423939122
Inf,"Finances et assurances",2026-03-31,5,0,0.00802684018761908,2025-12-31,0.0131482423939122
0.15,"Immobilier",2026-03-31,1,0,0.00623514569920513,2025-12-31,0.0145414287128816
0.25,"Immobilier",2026-03-31,1,0,0.00623514569920513,2025-12-31,0.0145414287128816
0.3,"Immobilier",2026-03-31,1,0,0.00623514569920513,2025-12-31,0.0145414287128816
0.35,"Immobilier",2026-03-31,1,0,0.00623514569920513,2025-12-31,0.0145414287128816
0.45,"Immobilier",2026-03-31,1,0,0.00623514569920513,2025-12-31,0.0145414287128816
Inf,"Immobilier",2026-03-31,1,0,0.00623514569920513,2025-12-31,0.0145414287128816
