"scenario","branche","origine","n_retenus","bridge","derniere_obs","reel","bvar","delta","combinee"
"M0","Construction",2008-06-30,2,0.0165392481908554,2008-03-31,0.0132472081597736,0.00154017809599941,0.5,0.0090397131434274
"M0","Construction",2008-09-30,2,0.0150986497768739,2008-06-30,0.0131799381011142,0.0153317264594193,0.5,0.0152151881181466
"M0","Construction",2008-12-31,3,0.0143286440373438,2008-09-30,0.00574394384298849,0.0117536401931946,0.5,0.0130411421152692
"M0","Construction",2009-03-31,3,0.0152431111490418,2008-12-31,0.0123024964738025,0.0136045182825375,0.5,0.0144238147157896
"M0","Construction",2009-06-30,0,,,0.0171052835357237,0.0152558494690441,0.5,0.0152558494690441
"M0","Construction",2009-09-30,0,,,0.00761699474573163,0.0155889284849811,0.5,0.0155889284849811
"M0","Construction",2009-12-31,0,,,0.0065671970723109,0.0131759849602401,0.5,0.0131759849602401
"M0","Construction",2010-03-31,0,,,-0.000791378669422471,0.0151171272804881,0.5,0.0151171272804881
"M0","Construction",2010-06-30,3,0.0185818701419381,2008-12-31,0.00958615698002419,0.0176389068795438,0.5,0.018110388510741
"M0","Construction",2010-09-30,2,0.0144245372958635,2010-06-30,0.00222693297585685,0.0158884233317902,0.5,0.0151564803138268
"M0","Construction",2010-12-31,3,0.0141471262346557,2010-09-30,0.011879848136747,0.015508721595629,0.5,0.0148279239151424
"M0","Construction",2011-03-31,3,0.0127236916193958,2010-12-31,0.026545763554946,0.0142257623089153,0.5,0.0134747269641555
"M0","Construction",2011-06-30,3,0.0210701300734883,2011-03-31,0.00201308944378198,0.0144207791893879,0.5,0.0177454546314381
"M0","Construction",2011-09-30,1,0.0138404596861482,2011-06-30,0.0102967898015596,0.0154061130542624,0.5,0.0146232863702053
"M0","Construction",2011-12-31,1,0.0148277259574443,2011-09-30,0.010242364311047,0.013412602094817,0.5,0.0141201640261307
"M0","Construction",2012-03-31,1,0.0126024659116046,2011-12-31,0.00944531473745158,0.0130500823912607,0.5,0.0128262741514326
"M0","Construction",2012-06-30,1,0.0151019916296996,2012-03-31,-0.000579231354755905,0.0149482588813095,0.5,0.0150251252555046
"M0","Construction",2012-09-30,1,0.0140690494875063,2012-06-30,-0.000207460717341235,0.0136966700781679,0.5,0.0138828597828371
"M0","Construction",2012-12-31,3,0.0134379958375071,2012-09-30,0.00810182606710086,0.0139299909679591,0.5,0.0136839934027331
"M0","Construction",2013-03-31,3,0.0129181339425086,2012-12-31,-0.00629335866093506,0.0144475428212859,0.5,0.0136828383818972
"M0","Construction",2013-06-30,3,0.0148197166474233,2013-03-31,0.00761958588127776,0.0109867432363707,0.5,0.012903229941897
"M0","Construction",2013-09-30,3,0.00910326003168611,2013-06-30,0.0188926607367019,0.014990344400424,0.5,0.0120468022160551
"M0","Construction",2013-12-31,2,0.0143518436480948,2013-09-30,0.00346442716617545,0.0129943383220047,0.5,0.0136730909850497
"M0","Construction",2014-03-31,3,0.0115345957370032,2013-12-31,0.0130961138007901,0.0129587080128944,0.5,0.0122466518749488
"M0","Construction",2014-06-30,3,0.0179723920094881,2014-03-31,0.00447736474689187,0.0135342524661724,0.5,0.0157533222378302
"M0","Construction",2014-09-30,2,0.0112235965552908,2014-06-30,-0.000619901584931526,0.0139608835007986,0.5,0.0125922400280447
"M0","Construction",2014-12-31,2,0.01079044195859,2014-09-30,-0.0170090243189662,0.0135108994581792,0.5,0.0121506707083846
"M0","Construction",2015-03-31,1,0.00733917268788039,2014-12-31,-0.00530943948553997,0.0119242811701445,0.5,0.00963172692901245
"M0","Construction",2015-06-30,1,0.0122470304141359,2015-03-31,0.0209819845460189,0.0111879956953914,0.5,0.0117175130547637
"M0","Construction",2015-09-30,2,0.0104137789800816,2015-06-30,0.0115194109871428,0.0120684962486412,0.5,0.0112411376143614
"M0","Construction",2015-12-31,2,0.0117879900905169,2015-09-30,0.032079368271992,0.0114004814166324,0.5,0.0115942357535746
"M0","Construction",2016-03-31,3,0.0135894673942325,2015-12-31,0.0187855153946899,0.0130882506551527,0.5,0.0133388590246926
"M0","Construction",2016-06-30,0,,,-0.00501930687227414,0.012669329199756,0.5,0.012669329199756
"M0","Construction",2016-09-30,0,,,-0.00562759321653061,0.011636632309017,0.5,0.011636632309017
"M0","Construction",2016-12-31,0,,,-0.0052620417260254,0.0124515873959961,0.5,0.0124515873959961
"M0","Construction",2017-03-31,0,,,0.0132064022878779,0.0105025955245449,0.5,0.0105025955245449
"M0","Construction",2017-06-30,0,,,0.000867405836450175,0.0117889777110755,0.5,0.0117889777110755
"M0","Construction",2017-09-30,0,,,0.017936616006887,0.0114155714823311,0.5,0.0114155714823311
"M0","Construction",2017-12-31,0,,,-0.00784029652175278,0.0115486012069794,0.5,0.0115486012069794
"M0","Construction",2018-03-31,0,,,0.026272471549829,0.0107415786772516,0.5,0.0107415786772516
"M0","Construction",2018-06-30,0,,,0.00736116363280281,0.0130643283125074,0.5,0.0130643283125074
"M0","Construction",2018-09-30,0,,,-0.0192666965708348,0.0113876526016158,0.5,0.0113876526016158
"M0","Construction",2018-12-31,0,,,-0.0524286380169254,0.0100600784924261,0.5,0.0100600784924261
"M0","Construction",2019-03-31,0,,,0.0166559720067418,0.00885098456855127,0.5,0.00885098456855127
"M0","Construction",2019-06-30,0,,,0.0481920910731386,0.0119527879653205,0.5,0.0119527879653205
"M0","Construction",2019-09-30,0,,,0.0125910845192418,0.014249309052876,0.5,0.014249309052876
"M0","Construction",2019-12-31,0,,,-0.0273069523615579,0.00895884970361975,0.5,0.00895884970361975
"M0","Construction",2020-03-31,0,,,0.000213553084455143,0.00726370133625902,0.5,0.00726370133625902
"M0","Construction",2020-06-30,0,,,-0.102776372819593,0.000543484826574807,0.5,0.000543484826574807
"M0","Construction",2020-09-30,0,,,0.0356201479127147,-0.000286293027691621,0.5,-0.000286293027691621
"M0","Construction",2020-12-31,1,0.0117285837276782,2020-09-30,0.072642691639901,0.0127320820427462,0.5,0.0122303328852122
"M0","Construction",2021-03-31,1,0.0194002379143648,2020-12-31,-0.00494022963371066,0.0137820274801226,0.5,0.0165911326972437
"M0","Construction",2021-06-30,1,0.000922478411720554,2021-03-31,-0.00250132109599832,0.0099200849104172,0.5,0.00542128166106888
"M0","Construction",2021-09-30,1,0.00726827783429186,2021-06-30,0.0107028535882208,0.00986454778203801,0.5,0.00856641280816493
"M0","Construction",2021-12-31,1,0.0117006526551961,2021-09-30,0.00772099252970015,0.0129192439234903,0.5,0.0123099482893432
"M0","Construction",2022-03-31,1,0.00834258649376276,2021-12-31,-0.026866287683136,0.00953832346164042,0.5,0.00894045497770159
"M0","Construction",2022-06-30,1,0.0030499022664087,2022-03-31,-0.0038148328637746,0.00923638063925402,0.5,0.00614314145283136
"M0","Construction",2022-09-30,1,0.00918250325992565,2022-06-30,-0.0309753266623467,0.0088818641192418,0.5,0.00903218368958373
"M0","Construction",2022-12-31,1,0.00860528633436107,2022-09-30,-0.0138810252956052,0.00502176900630458,0.5,0.00681352767033283
"M0","Construction",2023-03-31,0,,,0.0264176726138974,0.00137059462271156,0.5,0.00137059462271156
"M0","Construction",2023-06-30,0,,,0.00252741405244095,0.0102549162102403,0.5,0.0102549162102403
"M0","Construction",2023-09-30,1,0.00148646778184769,2022-09-30,0.00248876146185317,0.0087000006609335,0.5,0.0050932342213906
"M0","Construction",2023-12-31,0,,,0.00486264809430104,0.00693905551430475,0.5,0.00693905551430475
"M0","Construction",2024-03-31,1,0.0075352237437218,2022-09-30,0.0243786805323758,0.00750063107069851,0.5,0.00751792740721016
"M0","Construction",2024-06-30,1,0.0151619311502701,2024-03-31,0.0131434129712957,0.0105724448604855,0.5,0.0128671880053778
"M0","Construction",2024-09-30,1,0.0112009955378189,2024-06-30,0.0334036782533733,0.00754080486595122,0.5,0.00937090020188506
"M0","Construction",2024-12-31,1,0.0110454981229173,2024-09-30,0.00587796447580935,0.00902142194442809,0.5,0.0100334600336727
"M0","Construction",2025-03-31,1,0.00394623761250916,2024-12-31,0.0164348782556303,0.0107764162004622,0.5,0.00736132690648568
"M0","Construction",2025-06-30,1,0.010421359598603,2025-03-31,0.0173260458459641,0.0111057481407055,0.5,0.0107635538696543
"M0","Construction",2025-09-30,1,0.0112609987130911,2025-06-30,0.0230301767543057,0.00834907634842199,0.5,0.00980503753075655
"M0","Construction",2025-12-31,1,0.00980954682147791,2025-09-30,-0.000376710311417838,0.00878617933429037,0.5,0.00929786307788414
"M0","Construction",2026-03-31,1,0.00458284652366413,2025-12-31,-0.0250954841631064,0.0111984473797093,0.5,0.00789064695168671
"M0","Finances et assurances",2008-06-30,5,0.0444128305257797,2008-03-31,-0.00228208059613522,0.000979927002336627,0.5,0.0226963787640582
"M0","Finances et assurances",2008-09-30,4,0.0267070435682931,2008-06-30,0.00906111218203876,0.00491092817653971,0.5,0.0158089858724164
"M0","Finances et assurances",2008-12-31,5,0.0274373800386349,2008-09-30,0.0256098073542006,0.0119676614975417,0.5,0.0197025207680883
"M0","Finances et assurances",2009-03-31,5,0.0266588202418642,2008-12-31,-0.0238650996915464,0.0114042174880132,0.5,0.0190315188649387
"M0","Finances et assurances",2009-06-30,5,0.028437361625105,2009-03-31,0.0143588538076731,0.0068602842353153,0.5,0.0176488229302102
"M0","Finances et assurances",2009-09-30,5,0.018108860853404,2009-06-30,0.0260836551490407,0.0173412465888723,0.5,0.0177250537211382
"M0","Finances et assurances",2009-12-31,5,0.0114899166081388,2009-09-30,0.0170224182955963,0.015280279503426,0.5,0.0133850980557824
"M0","Finances et assurances",2010-03-31,5,0.0145344679814297,2009-12-31,0.0533518771081489,0.0208647347065916,0.5,0.0176996013440106
"M0","Finances et assurances",2010-06-30,4,0.0264314491581813,2010-03-31,0.0228723642540416,0.00988679146966893,0.5,0.0181591203139251
"M0","Finances et assurances",2010-09-30,4,0.030489070904526,2010-06-30,0.0293609911023349,0.0194208854449409,0.5,0.0249549781747334
"M0","Finances et assurances",2010-12-31,4,0.00811077980950902,2010-09-30,-0.0120421486852003,0.0135403808273772,0.5,0.0108255803184431
"M0","Finances et assurances",2011-03-31,5,0.0178371540947612,2010-12-31,0.0260481077173296,0.0132512452573755,0.5,0.0155441996760683
"M0","Finances et assurances",2011-06-30,5,0.00812899808085037,2011-03-31,0.0367315800042309,0.0135498955927102,0.5,0.0108394468367803
"M0","Finances et assurances",2011-09-30,5,0.0224249846408019,2011-06-30,0.0192870194863595,0.0167171006188988,0.5,0.0195710426298503
"M0","Finances et assurances",2011-12-31,5,0.0212087863522178,2011-09-30,0.0183332099292191,0.0166944940176358,0.5,0.0189516401849268
"M0","Finances et assurances",2012-03-31,5,0.0207393006164977,2011-12-31,-0.00630271920688763,0.0156434175095532,0.5,0.0181913590630255
"M0","Finances et assurances",2012-06-30,5,0.0129756099295735,2012-03-31,0.0176538532416171,0.0114503043975276,0.5,0.0122129571635506
"M0","Finances et assurances",2012-09-30,5,0.0194549301314003,2012-06-30,0.00338681497401261,0.013229955709098,0.5,0.0163424429202491
"M0","Finances et assurances",2012-12-31,5,0.0128589921344335,2012-09-30,0.00211669506602519,0.0128829040893667,0.5,0.0128709481119001
"M0","Finances et assurances",2013-03-31,5,0.014916347138369,2012-12-31,-0.0250691486515962,0.0125432776228005,0.5,0.0137298123805848
"M0","Finances et assurances",2013-06-30,5,0.0145912155205547,2013-03-31,0.015777667590406,0.0089705860567349,0.5,0.0117809007886448
"M0","Finances et assurances",2013-09-30,5,0.0193790890029924,2013-06-30,0.0130811196170004,0.0151981100422132,0.5,0.0172885995226028
"M0","Finances et assurances",2013-12-31,5,0.0119593470267651,2013-09-30,0.00803627470383006,0.0135882526806087,0.5,0.0127737998536869
"M0","Finances et assurances",2014-03-31,5,0.0149981167505732,2013-12-31,-0.00657198480570287,0.0132984975231098,0.5,0.0141483071368415
"M0","Finances et assurances",2014-06-30,5,0.0158383896892473,2014-03-31,0.00979204446059612,0.0140681567625369,0.5,0.0149532732258921
"M0","Finances et assurances",2014-09-30,5,0.012729345134846,2014-06-30,0.0108712876306072,0.0146312688234217,0.5,0.0136803069791339
"M0","Finances et assurances",2014-12-31,5,0.00994875893680722,2014-09-30,0.00817212302553116,0.0121648395804871,0.5,0.0110567992586472
"M0","Finances et assurances",2015-03-31,5,0.00412882023044976,2014-12-31,0.0025733872860485,0.0121945974410465,0.5,0.00816170883574813
"M0","Finances et assurances",2015-06-30,5,0.00203068993850915,2015-03-31,-0.000283635140750249,0.012426105066098,0.5,0.00722839750230357
"M0","Finances et assurances",2015-09-30,5,0.0108856124676448,2015-06-30,0.00555168992811517,0.0129537372037148,0.5,0.0119196748356798
"M0","Finances et assurances",2015-12-31,5,0.0029956051904956,2015-09-30,0.0216448096360278,0.0117430605231681,0.5,0.00736933285683185
"M0","Finances et assurances",2016-03-31,5,0.00637080476980848,2015-12-31,0.0116644403276638,0.0153764876598674,0.5,0.0108736462148379
"M0","Finances et assurances",2016-06-30,5,0.00678809242369114,2016-03-31,0.0132480316692885,0.0151314048367449,0.5,0.010959748630218
"M0","Finances et assurances",2016-09-30,5,0.0113627516942867,2016-06-30,0.0406230501366736,0.0116688289538044,0.5,0.0115157903240455
"M0","Finances et assurances",2016-12-31,5,0.0104419182963065,2016-09-30,-0.0101673768515305,0.0141647063806995,0.5,0.012303312338503
"M0","Finances et assurances",2017-03-31,5,0.0185409628434195,2016-12-31,0.00552692213443429,0.0102546490414968,0.5,0.0143978059424581
"M0","Finances et assurances",2017-06-30,5,0.0117819738784199,2017-03-31,0.0236163865511507,0.0116480143021699,0.5,0.0117149940902949
"M0","Finances et assurances",2017-09-30,5,0.0209549670351948,2017-06-30,-0.00152331413688955,0.0130385624814541,0.5,0.0169967647583244
"M0","Finances et assurances",2017-12-31,5,0.0129392104541075,2017-09-30,-0.00363516724733692,0.0123311502410938,0.5,0.0126351803476006
"M0","Finances et assurances",2018-03-31,5,0.00197252172814663,2017-12-31,0.0129764503213643,0.011140428531226,0.5,0.00655647512968631
"M0","Finances et assurances",2018-06-30,5,0.0111425696217562,2018-03-31,-0.00435156893570188,0.0138091384445282,0.5,0.0124758540331422
"M0","Finances et assurances",2018-09-30,5,0.0106906352955756,2018-06-30,0.00735193248656962,0.0115706784504298,0.5,0.0111306568730027
"M0","Finances et assurances",2018-12-31,5,0.0116762332151502,2018-09-30,0.0110438895944789,0.00874297886195605,0.5,0.0102096060385531
"M0","Finances et assurances",2019-03-31,5,0.00889699221184051,2018-12-31,0.0315392522985256,0.0100667958222359,0.5,0.00948189401703821
"M0","Finances et assurances",2019-06-30,5,0.00975901055549627,2019-03-31,0.000435811706188005,0.0139581707063801,0.5,0.0118585906309382
"M0","Finances et assurances",2019-09-30,5,0.0132284011277744,2019-06-30,0.0130609593133908,0.0144508412845183,0.5,0.0138396212061463
"M0","Finances et assurances",2019-12-31,5,0.0108358680718284,2019-09-30,0.00825566078032658,0.0120688123557421,0.5,0.0114523402137853
"M0","Finances et assurances",2020-03-31,5,0.00615064007166664,2019-12-31,-0.0212114526144092,0.0121198820341142,0.5,0.00913526105289042
"M0","Finances et assurances",2020-06-30,5,0.0149540193201241,2020-03-31,0.0113083327777996,0.00518195860742856,0.5,0.0100679889637763
"M0","Finances et assurances",2020-09-30,5,0.00806149691969089,2020-06-30,0.00678756570547989,0.00614068207830312,0.5,0.007101089498997
"M0","Finances et assurances",2020-12-31,5,0.00933401455974836,2020-09-30,0.0114494849451461,0.00787272860201549,0.5,0.00860337158088192
"M0","Finances et assurances",2021-03-31,5,0.00535584198148075,2020-12-31,-0.00739307250548649,0.0157067490056733,0.5,0.010531295493577
"M0","Finances et assurances",2021-06-30,5,0.0103740110005337,2021-03-31,0.0281576114642981,0.0132416318975279,0.5,0.0118078214490308
"M0","Finances et assurances",2021-09-30,5,0.00797020708107199,2021-06-30,0.00585438399346749,0.0123493802492189,0.5,0.0101597936651454
"M0","Finances et assurances",2021-12-31,5,0.0122113686438492,2021-09-30,0.016641170500078,0.0134169140860317,0.5,0.0128141413649405
"M0","Finances et assurances",2022-03-31,5,0.00208426258602499,2021-12-31,0.0414257987284206,0.0118596036462315,0.5,0.00697193311612825
"M0","Finances et assurances",2022-06-30,5,0.00993855292151003,2022-03-31,0.031410255383383,0.0122908502458726,0.5,0.0111147015836913
"M0","Finances et assurances",2022-09-30,5,0.011032992303489,2022-06-30,0.0122236867003789,0.0138281071378301,0.5,0.0124305497206596
"M0","Finances et assurances",2022-12-31,5,0.0116347052337321,2022-09-30,0.00818990746985371,0.0148010203077491,0.5,0.0132178627707406
"M0","Finances et assurances",2023-03-31,5,0.00341653077675047,2022-12-31,0.0177076136496304,0.0098605338753833,0.5,0.00663853232606689
"M0","Finances et assurances",2023-06-30,5,0.000820722253118225,2023-03-31,0.0142309413674457,0.0147002203889168,0.5,0.00776047132101751
"M0","Finances et assurances",2023-09-30,5,0.00863973445661415,2023-06-30,0.0138611051650379,0.0138909190340834,0.5,0.0112653267453488
"M0","Finances et assurances",2023-12-31,5,0.00646076029022444,2023-09-30,0.0205123675274645,0.0140112648383389,0.5,0.0102360125642817
"M0","Finances et assurances",2024-03-31,5,0.0128668601224196,2023-12-31,0.034226988537851,0.0157533574911074,0.5,0.0143101088067635
"M0","Finances et assurances",2024-06-30,5,0.0124775748491374,2024-03-31,0.00677789865920531,0.013729697055497,0.5,0.0131036359523172
"M0","Finances et assurances",2024-09-30,5,0.000978025256580013,2024-06-30,0.0307983277209374,0.0132938858143099,0.5,0.00713595553544496
"M0","Finances et assurances",2024-12-31,5,0.0107990363143626,2024-09-30,0.024404004984877,0.0146411711588781,0.5,0.0127201037366203
"M0","Finances et assurances",2025-03-31,5,0.0167439148908265,2024-12-31,-0.00576523644903126,0.0169947542814617,0.5,0.0168693345861441
"M0","Finances et assurances",2025-06-30,5,0.0139921791841056,2025-03-31,-0.000740007216192495,0.0131166084060867,0.5,0.0135543937950962
"M0","Finances et assurances",2025-09-30,5,0.0119566445533037,2025-06-30,0.0383171453817219,0.0121431557847343,0.5,0.012049900169019
"M0","Finances et assurances",2025-12-31,5,0.00862944760067564,2025-09-30,0.02252710319177,0.0161887632976205,0.5,0.0124091054491481
"M0","Finances et assurances",2026-03-31,5,0.0128253362463341,2025-12-31,0.0131482423939122,0.0145541845518335,0.5,0.0136897603990838
"M0","Industrie d'extraction",2008-06-30,1,0.00676003873383034,2008-03-31,-0.0217925195921751,0.0272936570640753,0.5,0.0170268478989528
"M0","Industrie d'extraction",2008-09-30,1,0.0316957186266817,2008-06-30,0.0180514274217654,0.0268186206906144,0.5,0.029257169658648
"M0","Industrie d'extraction",2008-12-31,1,0.0168530375186739,2008-09-30,-0.218117995343437,0.0110549615039752,0.5,0.0139539995113246
"M0","Industrie d'extraction",2009-03-31,1,0.118042214982876,2008-12-31,-0.432282485139092,0.0271106031427813,0.5,0.0725764090628287
"M0","Industrie d'extraction",2009-06-30,1,-0.0651889807678089,2009-03-31,0.240834849528154,0.0270450991348365,0.5,-0.0190719408164862
"M0","Industrie d'extraction",2009-09-30,2,0.439419273163263,2009-06-30,0.0617341261486111,-0.0411125665838236,0.5,0.19915335328972
"M0","Industrie d'extraction",2009-12-31,2,0.0325816847566678,2009-09-30,0.13005125221814,-0.00446953466128375,0.5,0.014056075047692
"M0","Industrie d'extraction",2010-03-31,2,-0.0978371674160848,2009-12-31,0.123300827777374,-0.00306933334848186,0.5,-0.0504532503822833
"M0","Industrie d'extraction",2010-06-30,2,0.0664180394634081,2010-03-31,0.0714932752789377,-0.145097432895266,0.5,-0.0393396967159289
"M0","Industrie d'extraction",2010-09-30,2,-0.00564999797163818,2010-06-30,-0.0170794195793658,-0.00906948939348058,0.5,-0.00735974368255938
"M0","Industrie d'extraction",2010-12-31,2,-0.0514376445485145,2010-09-30,0.0239665118594772,-0.013444291596343,0.5,-0.0324409680724288
"M0","Industrie d'extraction",2011-03-31,2,-0.0889818062294682,2010-12-31,0.0236751243691682,-0.01749656288877,0.5,-0.0532391845591191
"M0","Industrie d'extraction",2011-06-30,2,0.0250242279849636,2011-03-31,-0.00674350295338755,0.0170460368809525,0.5,0.021035132432958
"M0","Industrie d'extraction",2011-09-30,3,-0.00434382111710927,2011-06-30,-0.0133499228022789,0.0228893663693435,0.5,0.00927277262611712
"M0","Industrie d'extraction",2011-12-31,2,-0.0115666410576924,2011-09-30,0.0380098815677599,-0.00102574435754939,0.5,-0.00629619270762089
"M0","Industrie d'extraction",2012-03-31,2,-0.0628806375828641,2011-12-31,-0.0736002952262371,0.0142365145897535,0.5,-0.0243220614965553
"M0","Industrie d'extraction",2012-06-30,2,0.0718718744465465,2012-03-31,0.0183173578069056,0.0133055333843818,0.5,0.0425887039154641
"M0","Industrie d'extraction",2012-09-30,2,0.010054463595889,2012-06-30,0.0350456479443277,0.0111989986766239,0.5,0.0106267311362564
"M0","Industrie d'extraction",2012-12-31,2,-0.022388277241416,2012-09-30,0.00129601314153405,0.00872344324264675,0.5,-0.00683241699938462
"M0","Industrie d'extraction",2013-03-31,2,0.00498536495960214,2012-12-31,-0.0592292366963552,0.0242759555016454,0.5,0.0146306602306238
"M0","Industrie d'extraction",2013-06-30,2,0.102457571236803,2013-03-31,0.0211512209579841,0.0312725428651447,0.5,0.0668650570509739
"M0","Industrie d'extraction",2013-09-30,2,0.0338546447889281,2013-06-30,0.0033393372883932,0.0205332727041887,0.5,0.0271939587465584
"M0","Industrie d'extraction",2013-12-31,2,0.0266584452336846,2013-09-30,0.0267741064989941,0.0164155767785137,0.5,0.0215370110060992
"M0","Industrie d'extraction",2014-03-31,1,0.0299359971269002,2013-12-31,0.0229264650541641,0.0172805718863199,0.5,0.0236082845066101
"M0","Industrie d'extraction",2014-06-30,1,0.0470611358028532,2014-03-31,-0.00618613651727884,0.017278995762863,0.5,0.0321700657828581
"M0","Industrie d'extraction",2014-09-30,1,0.0114981612693757,2014-06-30,-0.015888470256332,0.018847408104959,0.5,0.0151727846871673
"M0","Industrie d'extraction",2014-12-31,1,0.0125514232065354,2014-09-30,-0.0298633941618487,0.0294840370491735,0.5,0.0210177301278545
"M0","Industrie d'extraction",2015-03-31,1,0.0199439262278329,2014-12-31,0.00890133635762247,0.0306349108556698,0.5,0.0252894185417513
"M0","Industrie d'extraction",2015-06-30,1,0.0347182192982624,2015-03-31,0.0247954892566806,0.0117541769572229,0.5,0.0232361981277426
"M0","Industrie d'extraction",2015-09-30,2,0.0508979795163149,2013-09-30,0.0237021448250037,0.0121890669862214,0.5,0.0315435232512681
"M0","Industrie d'extraction",2015-12-31,2,0.00923347154206898,2015-09-30,-0.00879815197435896,0.010453219933241,0.5,0.00984334573765499
"M0","Industrie d'extraction",2016-03-31,1,-0.0122532761453195,2015-12-31,0.0161383433235596,0.00911586608716397,0.5,-0.00156870502907776
"M0","Industrie d'extraction",2016-06-30,1,0.0468310296775388,2016-03-31,-0.0163339493026129,0.0207324617336401,0.5,0.0337817457055894
"M0","Industrie d'extraction",2016-09-30,1,0.031908266341441,2016-06-30,0.0218474503756241,0.0185937502493746,0.5,0.0252510082954078
"M0","Industrie d'extraction",2016-12-31,0,,,0.025849664713844,0.00914133792422436,0.5,0.00914133792422436
"M0","Industrie d'extraction",2017-03-31,0,,,0.0185128254497453,0.0156424128408559,0.5,0.0156424128408559
"M0","Industrie d'extraction",2017-06-30,0,,,0.0955083840143161,0.0133271099000362,0.5,0.0133271099000362
"M0","Industrie d'extraction",2017-09-30,0,,,-0.0311769033996843,0.0119669733443149,0.5,0.0119669733443149
"M0","Industrie d'extraction",2017-12-31,0,,,0.0125783920146532,0.0202132224594892,0.5,0.0202132224594892
"M0","Industrie d'extraction",2018-03-31,0,,,-0.0244479675700369,0.0168804749053021,0.5,0.0168804749053021
"M0","Industrie d'extraction",2018-06-30,0,,,0.0081793613697414,-0.0119328900924359,0.5,-0.0119328900924359
"M0","Industrie d'extraction",2018-09-30,0,,,-0.0117710521370427,0.0129550588583958,0.5,0.0129550588583958
"M0","Industrie d'extraction",2018-12-31,0,,,-0.00327062290436331,0.0038356298493351,0.5,0.0038356298493351
"M0","Industrie d'extraction",2019-03-31,0,,,0.040057095335742,0.00969642848813987,0.5,0.00969642848813987
"M0","Industrie d'extraction",2019-06-30,0,,,-0.0225433471888596,0.00587506414679064,0.5,0.00587506414679064
"M0","Industrie d'extraction",2019-09-30,0,,,0.0109256734157306,0.0200650282919328,0.5,0.0200650282919328
"M0","Industrie d'extraction",2019-12-31,0,,,0.00214620520732645,0.0175802728170349,0.5,0.0175802728170349
"M0","Industrie d'extraction",2020-03-31,0,,,0.00506158820307512,0.0198612030350813,0.5,0.0198612030350813
"M0","Industrie d'extraction",2020-06-30,0,,,0.0237324718357801,0.0282733812059157,0.5,0.0282733812059157
"M0","Industrie d'extraction",2020-09-30,0,,,-0.0110758122366672,0.0348257825919949,0.5,0.0348257825919949
"M0","Industrie d'extraction",2020-12-31,0,,,0.0282365373459843,0.0069170568149415,0.5,0.0069170568149415
"M0","Industrie d'extraction",2021-03-31,0,,,0.0506515529548963,0.00891710501019216,0.5,0.00891710501019216
"M0","Industrie d'extraction",2021-06-30,0,,,-0.0120026798414088,0.0112140528473805,0.5,0.0112140528473805
"M0","Industrie d'extraction",2021-09-30,0,,,0.0223534844760689,0.0189719762582948,0.5,0.0189719762582948
"M0","Industrie d'extraction",2021-12-31,0,,,-0.0143497716369634,0.0131587260013968,0.5,0.0131587260013968
"M0","Industrie d'extraction",2022-03-31,0,,,-0.138625872821352,0.0147690469986585,0.5,0.0147690469986585
"M0","Industrie d'extraction",2022-06-30,0,,,-0.0689421152185421,0.0207467815319396,0.5,0.0207467815319396
"M0","Industrie d'extraction",2022-09-30,0,,,-0.0421248811824597,0.00969542753409443,0.5,0.00969542753409443
"M0","Industrie d'extraction",2022-12-31,0,,,-0.216757201746969,0.00519363304535769,0.5,0.00519363304535769
"M0","Industrie d'extraction",2023-03-31,0,,,0.0973621473997142,0.0292897627901745,0.5,0.0292897627901745
"M0","Industrie d'extraction",2023-06-30,0,,,2.03357431196594e-05,-0.00724115442567746,0.5,-0.00724115442567746
"M0","Industrie d'extraction",2023-09-30,0,,,0.0733392840223264,0.00866230564705127,0.5,0.00866230564705127
"M0","Industrie d'extraction",2023-12-31,0,,,0.113749741354164,-0.000896764388484034,0.5,-0.000896764388484034
"M0","Industrie d'extraction",2024-03-31,0,,,-0.0252607257677209,-0.00984357845914411,0.5,-0.00984357845914411
"M0","Industrie d'extraction",2024-06-30,0,,,0.0070152744335843,0.0134125995166855,0.5,0.0134125995166855
"M0","Industrie d'extraction",2024-09-30,0,,,0.022117053793357,0.0111587526145102,0.5,0.0111587526145102
"M0","Industrie d'extraction",2024-12-31,0,,,-0.0056609646746999,0.00859012744437375,0.5,0.00859012744437375
"M0","Industrie d'extraction",2025-03-31,0,,,0.0657933092045351,-0.00797111829592025,0.5,-0.00797111829592025
"M0","Industrie d'extraction",2025-06-30,0,,,0.046428686738258,0.023742819052498,0.5,0.023742819052498
"M0","Industrie d'extraction",2025-09-30,0,,,-0.0306857679206729,0.000506588676821092,0.5,0.000506588676821092
"M0","Industrie d'extraction",2025-12-31,0,,,-0.0912476795593946,0.00387901013032952,0.5,0.00387901013032952
"M0","Industrie d'extraction",2026-03-31,0,,,0.0429938589024168,-0.00523553901199326,0.5,-0.00523553901199326
"M0","Électricité, gaz, eau",2008-06-30,4,-0.000221302862895645,2008-03-31,-0.00741160474239422,0.0237985411566531,0.5,0.0117886191468787
"M0","Électricité, gaz, eau",2008-09-30,4,0.0188833992248856,2008-06-30,-0.00223998562046646,0.0166918468442606,0.5,0.0177876230345731
"M0","Électricité, gaz, eau",2008-12-31,4,0.00841983445550664,2008-09-30,0.0109984430102408,0.0125002988368141,0.5,0.0104600666461604
"M0","Électricité, gaz, eau",2009-03-31,3,0.0264312692464729,2008-12-31,-0.0930700791897738,0.0100436981227821,0.5,0.0182374836846275
"M0","Électricité, gaz, eau",2009-06-30,5,0.0391778384149028,2009-03-31,-0.0519910871670355,0.0174018735065912,0.5,0.028289855960747
"M0","Électricité, gaz, eau",2009-09-30,5,-0.0593366106988603,2009-06-30,-0.00171093945968437,0.0250291368976889,0.5,-0.0171537369005857
"M0","Électricité, gaz, eau",2009-12-31,3,0.155314192386014,2009-09-30,0.00551713458301961,0.0123589170032447,0.5,0.0838365546946293
"M0","Électricité, gaz, eau",2010-03-31,3,-0.770011328305559,2009-12-31,0.186653310772002,0.0169068321633549,0.5,-0.376552248071102
"M0","Électricité, gaz, eau",2010-06-30,2,0.01327034486092,2010-03-31,-0.0273446288233092,-0.0302777081510207,0.5,-0.00850368164505035
"M0","Électricité, gaz, eau",2010-09-30,3,0.0259700954744237,2010-06-30,0.00751192915597265,0.0183341953255459,0.5,0.0221521453999848
"M0","Électricité, gaz, eau",2010-12-31,3,0.0225316190443681,2010-09-30,0.000665004180783413,0.0101216365072843,0.5,0.0163266277758262
"M0","Électricité, gaz, eau",2011-03-31,3,0.0310969825463059,2010-12-31,0.0466308066830887,0.00789179116689013,0.5,0.019494386856598
"M0","Électricité, gaz, eau",2011-06-30,2,-0.0160243521495226,2011-03-31,0.01766185297714,0.0072897782290311,0.5,-0.00436728696024575
"M0","Électricité, gaz, eau",2011-09-30,3,0.0448638450516083,2010-12-31,-0.00280918545008646,0.00614339606880022,0.5,0.0255036205602043
"M0","Électricité, gaz, eau",2011-12-31,2,0.0943445643270474,2011-09-30,0.0660654774128115,0.00495608999375978,0.5,0.0496503271604036
"M0","Électricité, gaz, eau",2012-03-31,4,-0.027710612786492,2010-12-31,-0.0982517581837872,0.00945113497798326,0.5,-0.00912973890425437
"M0","Électricité, gaz, eau",2012-06-30,1,0.0128672365443899,2012-03-31,-0.00139975616853683,0.0144877955247958,0.5,0.0136775160345929
"M0","Électricité, gaz, eau",2012-09-30,1,0.0123243243172887,2012-06-30,0.00820900799579505,0.00511255640437192,0.5,0.00871844036083031
"M0","Électricité, gaz, eau",2012-12-31,1,0.0172681990898042,2012-09-30,-0.0274647793676976,0.00580655320273789,0.5,0.011537376146271
"M0","Électricité, gaz, eau",2013-03-31,1,0.0478502916221599,2012-12-31,0.0508254332779128,0.00755512908541058,0.5,0.0277027103537852
"M0","Électricité, gaz, eau",2013-06-30,2,-0.00524961192273254,2013-03-31,0.0406946178222913,0.00552428814015486,0.5,0.00013733810871116
"M0","Électricité, gaz, eau",2013-09-30,2,-0.00333487901467023,2013-06-30,0.0339165871468641,0.00340781438460872,0.5,3.6467684969245e-05
"M0","Électricité, gaz, eau",2013-12-31,2,-0.00863888010299197,2012-12-31,0.00756141187538262,0.00882888909809723,0.5,9.50044975526294e-05
"M0","Électricité, gaz, eau",2014-03-31,2,0.0160360195712683,2013-12-31,-0.0462170666108062,0.00892319827259175,0.5,0.01247960892193
"M0","Électricité, gaz, eau",2014-06-30,1,0.0132997358367462,2014-03-31,0.0332147863217731,0.0146477094499805,0.5,0.0139737226433633
"M0","Électricité, gaz, eau",2014-09-30,1,0.00114951340208332,2014-06-30,-0.00679393605210521,0.00788023198356382,0.5,0.00451487269282357
"M0","Électricité, gaz, eau",2014-12-31,1,0.0151012711811398,2014-09-30,-0.00857021450047135,0.00858555759323919,0.5,0.0118434143871895
"M0","Électricité, gaz, eau",2015-03-31,3,0.0021793730372865,2014-12-31,0.0437145225973961,0.00884921238223348,0.5,0.00551429270975999
"M0","Électricité, gaz, eau",2015-06-30,5,-0.026610281769517,2015-03-31,0.00610525562054143,0.0100129920168948,0.5,-0.0082986448763111
"M0","Électricité, gaz, eau",2015-09-30,5,-0.0146230751360933,2015-06-30,0.0103469379268244,0.0117712031787603,0.5,-0.0014259359786665
"M0","Électricité, gaz, eau",2015-12-31,4,-0.00412067732174881,2015-09-30,-0.00455943213512988,0.00907087004314348,0.5,0.00247509636069733
"M0","Électricité, gaz, eau",2016-03-31,5,-0.00936731439688095,2015-12-31,0.000155955147615572,0.010328303361933,0.5,0.000480494482526025
"M0","Électricité, gaz, eau",2016-06-30,4,0.0023366939683585,2016-03-31,-0.017175634556283,0.0044390794189665,0.5,0.0033878866936625
"M0","Électricité, gaz, eau",2016-09-30,4,0.00843729097058731,2016-06-30,0.0711460023338066,0.00927168715997263,0.5,0.00885448906527997
"M0","Électricité, gaz, eau",2016-12-31,5,0.00151619000853714,2016-09-30,-0.0359660643263187,0.00588625183696977,0.5,0.00370122092275346
"M0","Électricité, gaz, eau",2017-03-31,5,0.00549335782400186,2016-12-31,-0.00716286993772819,0.00956577654612547,0.5,0.00752956718506366
"M0","Électricité, gaz, eau",2017-06-30,5,0.0195019253499546,2017-03-31,0.0253000677575166,0.00916374339825512,0.5,0.0143328343741049
"M0","Électricité, gaz, eau",2017-09-30,5,0.00847184083429416,2017-06-30,0.0048164662893857,0.00714456804040103,0.5,0.00780820443734759
"M0","Électricité, gaz, eau",2017-12-31,5,0.0110451803375028,2017-09-30,0.0387992037287237,0.00927679771418092,0.5,0.0101609890258419
"M0","Électricité, gaz, eau",2018-03-31,5,0.00858053522940986,2017-12-31,0.0223262968366722,0.00822401884561453,0.5,0.00840227703751219
"M0","Électricité, gaz, eau",2018-06-30,5,-0.0106726719166089,2018-03-31,-0.016153880771169,0.00724824029248788,0.5,-0.00171221581206051
"M0","Électricité, gaz, eau",2018-09-30,4,-0.0256811885726315,2018-06-30,0.0411974248960654,0.00775235295529797,0.5,-0.00896441780866676
"M0","Électricité, gaz, eau",2018-12-31,3,-0.0343651447107026,2018-09-30,0.0623784425554952,0.00151060326382151,0.5,-0.0164272707234405
"M0","Électricité, gaz, eau",2019-03-31,1,-0.0312624746403168,2018-12-31,0.0925664554057999,0.00763040373789924,0.5,-0.0118160354512088
"M0","Électricité, gaz, eau",2019-06-30,3,-0.0338642995024053,2019-03-31,-0.0124026726248605,0.0048789593049273,0.5,-0.014492670098739
"M0","Électricité, gaz, eau",2019-09-30,3,-0.00679526599024426,2019-06-30,-0.0152269847098676,0.0118104322328054,0.5,0.00250758312128057
"M0","Électricité, gaz, eau",2019-12-31,3,-0.000761661747865058,2019-09-30,-0.00625851062808103,0.0116090980007103,0.5,0.00542371812642262
"M0","Électricité, gaz, eau",2020-03-31,3,0.0521461776291736,2019-12-31,0.0213425854542955,0.0133282177143148,0.5,0.0327371976717442
"M0","Électricité, gaz, eau",2020-06-30,3,0.0232523592169627,2020-03-31,-0.0970147629221021,0.0116253106567407,0.5,0.0174388349368517
"M0","Électricité, gaz, eau",2020-09-30,2,0.0196233734694308,2020-06-30,0.114417799543279,0.0203679484167375,0.5,0.0199956609430842
"M0","Électricité, gaz, eau",2020-12-31,3,-0.0150965905950402,2020-09-30,-0.016022429172736,0.00763759661181983,0.5,-0.00372949699161018
"M0","Électricité, gaz, eau",2021-03-31,4,0.0287268794199333,2020-12-31,0.0217529032326009,0.0142507064559801,0.5,0.0214887929379567
"M0","Électricité, gaz, eau",2021-06-30,4,0.0221615119770073,2021-03-31,0.0253032608158232,0.0117374484688917,0.5,0.0169494802229495
"M0","Électricité, gaz, eau",2021-09-30,5,0.0250985379561619,2021-06-30,0.0158724557012508,0.014287837676236,0.5,0.0196931878161989
"M0","Électricité, gaz, eau",2021-12-31,5,0.00526781345652668,2021-09-30,0.0138196358846692,0.0147813379033558,0.5,0.0100245756799412
"M0","Électricité, gaz, eau",2022-03-31,5,0.0141549201320064,2021-12-31,-0.0635858178619184,0.0117816009097258,0.5,0.0129682605208661
"M0","Électricité, gaz, eau",2022-06-30,5,0.0146108600500979,2022-03-31,0.00902096583624079,0.0111161028363726,0.5,0.0128634814432353
"M0","Électricité, gaz, eau",2022-09-30,5,0.016984763943007,2022-06-30,-0.00480416973629261,0.0117854211849548,0.5,0.0143850925639809
"M0","Électricité, gaz, eau",2022-12-31,5,-0.0109932122493323,2022-09-30,-0.0308377748401991,0.0164287285184849,0.5,0.0027177581345763
"M0","Électricité, gaz, eau",2023-03-31,5,0.00220039866723481,2022-12-31,-0.122401604802485,0.00491119316459571,0.5,0.00355579591591526
"M0","Électricité, gaz, eau",2023-06-30,5,-0.0368044959937656,2023-03-31,0.0472201858772916,0.0167429521213334,0.5,-0.0100307719362161
"M0","Électricité, gaz, eau",2023-09-30,5,0.00388136526937339,2023-06-30,0.00207719445817389,0.00858480447681304,0.5,0.00623308487309321
"M0","Électricité, gaz, eau",2023-12-31,5,-0.0272058258521037,2023-09-30,-0.0104818116311538,0.0133204612169981,0.5,-0.0069426823175528
"M0","Électricité, gaz, eau",2024-03-31,5,-0.0106519021691952,2023-12-31,0.0293667797510366,0.0222722417795464,0.5,0.0058101698051756
"M0","Électricité, gaz, eau",2024-06-30,5,-0.0153716121908682,2024-03-31,-0.0474179307558522,0.00737316359000585,0.5,-0.00399922430043117
"M0","Électricité, gaz, eau",2024-09-30,5,0.0131185988191244,2024-06-30,0.100587875391312,0.0117658201185831,0.5,0.0124422094688538
"M0","Électricité, gaz, eau",2024-12-31,5,-0.0177979792370051,2024-09-30,0.0115181001740545,0.00778918186518608,0.5,-0.00500439868590951
"M0","Électricité, gaz, eau",2025-03-31,5,0.00577949932131139,2024-12-31,-0.0640900842189289,0.0163996483811137,0.5,0.0110895738512125
"M0","Électricité, gaz, eau",2025-06-30,5,-0.0163055403204236,2025-03-31,-0.0109469608200001,0.0209032412501338,0.5,0.0022988504648551
"M0","Électricité, gaz, eau",2025-09-30,5,-0.000115497593137934,2025-06-30,0.0726483567256153,0.0145466146290205,0.5,0.00721555851794128
"M0","Électricité, gaz, eau",2025-12-31,5,-0.0178644032420322,2025-09-30,-0.0191714590402032,-0.00561992620699645,0.5,-0.0117421647245143
"M0","Électricité, gaz, eau",2026-03-31,5,-0.00598303838586291,2025-12-31,-0.0771317041623973,0.00390440593123111,0.5,-0.0010393162273159
"M1","Construction",2008-06-30,2,0.0190560895069505,2008-03-31,0.0132472081597736,0.00154017809599941,0.5,0.010298133801475
"M1","Construction",2008-09-30,2,0.0165412499207134,2008-06-30,0.0131799381011142,0.0153317264594193,0.5,0.0159364881900664
"M1","Construction",2008-12-31,3,0.0144020402403183,2008-09-30,0.00574394384298849,0.0117536401931946,0.5,0.0130778402167564
"M1","Construction",2009-03-31,3,0.0152947500236902,2008-12-31,0.0123024964738025,0.0136045182825375,0.5,0.0144496341531139
"M1","Construction",2009-06-30,0,,,0.0171052835357237,0.0152558494690441,0.5,0.0152558494690441
"M1","Construction",2009-09-30,0,,,0.00761699474573163,0.0155889284849811,0.5,0.0155889284849811
"M1","Construction",2009-12-31,0,,,0.0065671970723109,0.0131759849602401,0.5,0.0131759849602401
"M1","Construction",2010-03-31,0,,,-0.000791378669422471,0.0151171272804881,0.5,0.0151171272804881
"M1","Construction",2010-06-30,3,0.0229582344400398,2008-12-31,0.00958615698002419,0.0176389068795438,0.5,0.0202985706597918
"M1","Construction",2010-09-30,2,0.0142954730899976,2010-06-30,0.00222693297585685,0.0158884233317902,0.5,0.0150919482108939
"M1","Construction",2010-12-31,3,0.0174076319871633,2010-09-30,0.011879848136747,0.015508721595629,0.5,0.0164581767913961
"M1","Construction",2011-03-31,3,0.0117641772889208,2010-12-31,0.026545763554946,0.0142257623089153,0.5,0.0129949697989181
"M1","Construction",2011-06-30,3,0.021958879555046,2011-03-31,0.00201308944378198,0.0144207791893879,0.5,0.0181898293722169
"M1","Construction",2011-09-30,1,0.0138064095888237,2011-06-30,0.0102967898015596,0.0154061130542624,0.5,0.014606261321543
"M1","Construction",2011-12-31,1,0.0182761206677994,2011-09-30,0.010242364311047,0.013412602094817,0.5,0.0158443613813082
"M1","Construction",2012-03-31,1,0.0150591892610826,2011-12-31,0.00944531473745158,0.0130500823912607,0.5,0.0140546358261717
"M1","Construction",2012-06-30,1,0.0132464870751881,2012-03-31,-0.000579231354755905,0.0149482588813095,0.5,0.0140973729782488
"M1","Construction",2012-09-30,1,0.0129762549085352,2012-06-30,-0.000207460717341235,0.0136966700781679,0.5,0.0133364624933516
"M1","Construction",2012-12-31,3,0.0122919140753492,2012-09-30,0.00810182606710086,0.0139299909679591,0.5,0.0131109525216541
"M1","Construction",2013-03-31,3,0.0122083612130544,2012-12-31,-0.00629335866093506,0.0144475428212859,0.5,0.0133279520171701
"M1","Construction",2013-06-30,3,0.0154114516990743,2013-03-31,0.00761958588127776,0.0109867432363707,0.5,0.0131990974677225
"M1","Construction",2013-09-30,3,0.00855140418976069,2013-06-30,0.0188926607367019,0.014990344400424,0.5,0.0117708742950923
"M1","Construction",2013-12-31,2,0.0108784082158939,2013-09-30,0.00346442716617545,0.0129943383220047,0.5,0.0119363732689493
"M1","Construction",2014-03-31,3,0.00923691235390905,2013-12-31,0.0130961138007901,0.0129587080128944,0.5,0.0110978101834017
"M1","Construction",2014-06-30,3,0.01707941512548,2014-03-31,0.00447736474689187,0.0135342524661724,0.5,0.0153068337958262
"M1","Construction",2014-09-30,2,0.00796797307647294,2014-06-30,-0.000619901584931526,0.0139608835007986,0.5,0.0109644282886358
"M1","Construction",2014-12-31,2,0.0114120263187838,2014-09-30,-0.0170090243189662,0.0135108994581792,0.5,0.0124614628884815
"M1","Construction",2015-03-31,1,0.00777530234013563,2014-12-31,-0.00530943948553997,0.0119242811701445,0.5,0.00984979175514007
"M1","Construction",2015-06-30,1,0.0125379071678389,2015-03-31,0.0209819845460189,0.0111879956953914,0.5,0.0118629514316151
"M1","Construction",2015-09-30,2,0.00963827618566924,2015-06-30,0.0115194109871428,0.0120684962486412,0.5,0.0108533862171552
"M1","Construction",2015-12-31,2,0.0134374177208242,2015-09-30,0.032079368271992,0.0114004814166324,0.5,0.0124189495687283
"M1","Construction",2016-03-31,3,0.0135894673942325,2015-12-31,0.0187855153946899,0.0130882506551527,0.5,0.0133388590246926
"M1","Construction",2016-06-30,0,,,-0.00501930687227414,0.012669329199756,0.5,0.012669329199756
"M1","Construction",2016-09-30,0,,,-0.00562759321653061,0.011636632309017,0.5,0.011636632309017
"M1","Construction",2016-12-31,0,,,-0.0052620417260254,0.0124515873959961,0.5,0.0124515873959961
"M1","Construction",2017-03-31,0,,,0.0132064022878779,0.0105025955245449,0.5,0.0105025955245449
"M1","Construction",2017-06-30,0,,,0.000867405836450175,0.0117889777110755,0.5,0.0117889777110755
"M1","Construction",2017-09-30,0,,,0.017936616006887,0.0114155714823311,0.5,0.0114155714823311
"M1","Construction",2017-12-31,0,,,-0.00784029652175278,0.0115486012069794,0.5,0.0115486012069794
"M1","Construction",2018-03-31,0,,,0.026272471549829,0.0107415786772516,0.5,0.0107415786772516
"M1","Construction",2018-06-30,0,,,0.00736116363280281,0.0130643283125074,0.5,0.0130643283125074
"M1","Construction",2018-09-30,0,,,-0.0192666965708348,0.0113876526016158,0.5,0.0113876526016158
"M1","Construction",2018-12-31,0,,,-0.0524286380169254,0.0100600784924261,0.5,0.0100600784924261
"M1","Construction",2019-03-31,0,,,0.0166559720067418,0.00885098456855127,0.5,0.00885098456855127
"M1","Construction",2019-06-30,0,,,0.0481920910731386,0.0119527879653205,0.5,0.0119527879653205
"M1","Construction",2019-09-30,0,,,0.0125910845192418,0.014249309052876,0.5,0.014249309052876
"M1","Construction",2019-12-31,0,,,-0.0273069523615579,0.00895884970361975,0.5,0.00895884970361975
"M1","Construction",2020-03-31,0,,,0.000213553084455143,0.00726370133625902,0.5,0.00726370133625902
"M1","Construction",2020-06-30,0,,,-0.102776372819593,0.000543484826574807,0.5,0.000543484826574807
"M1","Construction",2020-09-30,0,,,0.0356201479127147,-0.000286293027691621,0.5,-0.000286293027691621
"M1","Construction",2020-12-31,1,0.0128005467576037,2020-09-30,0.072642691639901,0.0127320820427462,0.5,0.0127663144001749
"M1","Construction",2021-03-31,1,0.0182269545806233,2020-12-31,-0.00494022963371066,0.0137820274801226,0.5,0.0160044910303729
"M1","Construction",2021-06-30,1,0.00470065261855123,2021-03-31,-0.00250132109599832,0.0099200849104172,0.5,0.00731036876448421
"M1","Construction",2021-09-30,1,0.00428573205622344,2021-06-30,0.0107028535882208,0.00986454778203801,0.5,0.00707513991913073
"M1","Construction",2021-12-31,1,0.0115135087353152,2021-09-30,0.00772099252970015,0.0129192439234903,0.5,0.0122163763294027
"M1","Construction",2022-03-31,1,0.00785984224866534,2021-12-31,-0.026866287683136,0.00953832346164042,0.5,0.00869908285515288
"M1","Construction",2022-06-30,1,0.000602888569570235,2022-03-31,-0.0038148328637746,0.00923638063925402,0.5,0.00491963460441213
"M1","Construction",2022-09-30,1,0.0057736254062219,2022-06-30,-0.0309753266623467,0.0088818641192418,0.5,0.00732774476273185
"M1","Construction",2022-12-31,1,0.00726822875154134,2022-09-30,-0.0138810252956052,0.00502176900630458,0.5,0.00614499887892296
"M1","Construction",2023-03-31,0,,,0.0264176726138974,0.00137059462271156,0.5,0.00137059462271156
"M1","Construction",2023-06-30,0,,,0.00252741405244095,0.0102549162102403,0.5,0.0102549162102403
"M1","Construction",2023-09-30,1,0.00148646778184769,2022-09-30,0.00248876146185317,0.0087000006609335,0.5,0.0050932342213906
"M1","Construction",2023-12-31,0,,,0.00486264809430104,0.00693905551430475,0.5,0.00693905551430475
"M1","Construction",2024-03-31,1,0.00668059187359182,2022-09-30,0.0243786805323758,0.00750063107069851,0.5,0.00709061147214517
"M1","Construction",2024-06-30,1,0.00761292811469136,2024-03-31,0.0131434129712957,0.0105724448604855,0.5,0.00909268648758843
"M1","Construction",2024-09-30,1,0.0162633950942347,2024-06-30,0.0334036782533733,0.00754080486595122,0.5,0.011902099980093
"M1","Construction",2024-12-31,1,0.0130610100752749,2024-09-30,0.00587796447580935,0.00902142194442809,0.5,0.0110412160098515
"M1","Construction",2025-03-31,1,0.00516655274612945,2024-12-31,0.0164348782556303,0.0107764162004622,0.5,0.00797148447329583
"M1","Construction",2025-06-30,1,0.00979138617124564,2025-03-31,0.0173260458459641,0.0111057481407055,0.5,0.0104485671559756
"M1","Construction",2025-09-30,1,0.0136773177818272,2025-06-30,0.0230301767543057,0.00834907634842199,0.5,0.0110131970651246
"M1","Construction",2025-12-31,1,0.0118737425280838,2025-09-30,-0.000376710311417838,0.00878617933429037,0.5,0.0103299609311871
"M1","Construction",2026-03-31,1,0.00152001507553235,2025-12-31,-0.0250954841631064,0.0111984473797093,0.5,0.00635923122762082
"M1","Finances et assurances",2008-06-30,5,0.0459545731306103,2008-03-31,-0.00228208059613522,0.000979927002336627,0.5,0.0234672500664735
"M1","Finances et assurances",2008-09-30,4,0.0393010586223224,2008-06-30,0.00906111218203876,0.00491092817653971,0.5,0.0221059933994311
"M1","Finances et assurances",2008-12-31,5,0.0304489430230581,2008-09-30,0.0256098073542006,0.0119676614975417,0.5,0.0212083022602999
"M1","Finances et assurances",2009-03-31,5,0.00531030071952806,2008-12-31,-0.0238650996915464,0.0114042174880132,0.5,0.00835725910377063
"M1","Finances et assurances",2009-06-30,5,0.0186302943557915,2009-03-31,0.0143588538076731,0.0068602842353153,0.5,0.0127452892955534
"M1","Finances et assurances",2009-09-30,5,0.0186662418693577,2009-06-30,0.0260836551490407,0.0173412465888723,0.5,0.018003744229115
"M1","Finances et assurances",2009-12-31,5,0.0107843386364696,2009-09-30,0.0170224182955963,0.015280279503426,0.5,0.0130323090699478
"M1","Finances et assurances",2010-03-31,5,0.0445044854969342,2009-12-31,0.0533518771081489,0.0208647347065916,0.5,0.0326846101017629
"M1","Finances et assurances",2010-06-30,4,0.0207132725177981,2010-03-31,0.0228723642540416,0.00988679146966893,0.5,0.0153000319937335
"M1","Finances et assurances",2010-09-30,4,0.0153574248992467,2010-06-30,0.0293609911023349,0.0194208854449409,0.5,0.0173891551720938
"M1","Finances et assurances",2010-12-31,4,0.0024092321037172,2010-09-30,-0.0120421486852003,0.0135403808273772,0.5,0.0079748064655472
"M1","Finances et assurances",2011-03-31,5,-0.0507572663849629,2010-12-31,0.0260481077173296,0.0132512452573755,0.5,-0.0187530105637937
"M1","Finances et assurances",2011-06-30,5,0.00216602438713579,2011-03-31,0.0367315800042309,0.0135498955927102,0.5,0.007857959989923
"M1","Finances et assurances",2011-09-30,5,0.0196808117406017,2011-06-30,0.0192870194863595,0.0167171006188988,0.5,0.0181989561797503
"M1","Finances et assurances",2011-12-31,5,0.0203807295800596,2011-09-30,0.0183332099292191,0.0166944940176358,0.5,0.0185376117988477
"M1","Finances et assurances",2012-03-31,5,0.0139120367348546,2011-12-31,-0.00630271920688763,0.0156434175095532,0.5,0.0147777271222039
"M1","Finances et assurances",2012-06-30,5,0.00285668887835153,2012-03-31,0.0176538532416171,0.0114503043975276,0.5,0.00715349663793957
"M1","Finances et assurances",2012-09-30,5,0.0272650992487038,2012-06-30,0.00338681497401261,0.013229955709098,0.5,0.0202475274789009
"M1","Finances et assurances",2012-12-31,5,0.00500784818525795,2012-09-30,0.00211669506602519,0.0128829040893667,0.5,0.00894537613731233
"M1","Finances et assurances",2013-03-31,5,0.00447368459513683,2012-12-31,-0.0250691486515962,0.0125432776228005,0.5,0.00850848110896867
"M1","Finances et assurances",2013-06-30,5,0.0156364584470362,2013-03-31,0.015777667590406,0.0089705860567349,0.5,0.0123035222518855
"M1","Finances et assurances",2013-09-30,5,0.0100176657878902,2013-06-30,0.0130811196170004,0.0151981100422132,0.5,0.0126078879150517
"M1","Finances et assurances",2013-12-31,5,0.0126162638521057,2013-09-30,0.00803627470383006,0.0135882526806087,0.5,0.0131022582663572
"M1","Finances et assurances",2014-03-31,5,0.000911627348605696,2013-12-31,-0.00657198480570287,0.0132984975231098,0.5,0.00710506243585775
"M1","Finances et assurances",2014-06-30,5,0.0138487705907937,2014-03-31,0.00979204446059612,0.0140681567625369,0.5,0.0139584636766653
"M1","Finances et assurances",2014-09-30,5,0.00958351853531295,2014-06-30,0.0108712876306072,0.0146312688234217,0.5,0.0121073936793673
"M1","Finances et assurances",2014-12-31,5,0.00905990101382546,2014-09-30,0.00817212302553116,0.0121648395804871,0.5,0.0106123702971563
"M1","Finances et assurances",2015-03-31,5,0.0122487784589502,2014-12-31,0.0025733872860485,0.0121945974410465,0.5,0.0122216879499983
"M1","Finances et assurances",2015-06-30,5,0.000972343238687604,2015-03-31,-0.000283635140750249,0.012426105066098,0.5,0.0066992241523928
"M1","Finances et assurances",2015-09-30,5,0.0147987993951144,2015-06-30,0.00555168992811517,0.0129537372037148,0.5,0.0138762682994146
"M1","Finances et assurances",2015-12-31,5,-0.000425063329918823,2015-09-30,0.0216448096360278,0.0117430605231681,0.5,0.00565899859662464
"M1","Finances et assurances",2016-03-31,5,0.00208450199450719,2015-12-31,0.0116644403276638,0.0153764876598674,0.5,0.00873049482718729
"M1","Finances et assurances",2016-06-30,5,0.00598765584806844,2016-03-31,0.0132480316692885,0.0151314048367449,0.5,0.0105595303424067
"M1","Finances et assurances",2016-09-30,5,0.00941880021697621,2016-06-30,0.0406230501366736,0.0116688289538044,0.5,0.0105438145853903
"M1","Finances et assurances",2016-12-31,5,0.0108204542797923,2016-09-30,-0.0101673768515305,0.0141647063806995,0.5,0.0124925803302459
"M1","Finances et assurances",2017-03-31,5,0.00519465243923016,2016-12-31,0.00552692213443429,0.0102546490414968,0.5,0.00772465074036348
"M1","Finances et assurances",2017-06-30,5,0.0126677500855314,2017-03-31,0.0236163865511507,0.0116480143021699,0.5,0.0121578821938506
"M1","Finances et assurances",2017-09-30,5,0.0120164602217517,2017-06-30,-0.00152331413688955,0.0130385624814541,0.5,0.0125275113516029
"M1","Finances et assurances",2017-12-31,5,0.00975328147829572,2017-09-30,-0.00363516724733692,0.0123311502410938,0.5,0.0110422158596948
"M1","Finances et assurances",2018-03-31,5,-0.00266606784074013,2017-12-31,0.0129764503213643,0.011140428531226,0.5,0.00423718034524294
"M1","Finances et assurances",2018-06-30,5,0.0110679047987775,2018-03-31,-0.00435156893570188,0.0138091384445282,0.5,0.0124385216216528
"M1","Finances et assurances",2018-09-30,5,0.0121375924257563,2018-06-30,0.00735193248656962,0.0115706784504298,0.5,0.011854135438093
"M1","Finances et assurances",2018-12-31,5,0.00596068631508919,2018-09-30,0.0110438895944789,0.00874297886195605,0.5,0.00735183258852262
"M1","Finances et assurances",2019-03-31,5,0.00437793656370988,2018-12-31,0.0315392522985256,0.0100667958222359,0.5,0.00722236619297289
"M1","Finances et assurances",2019-06-30,5,0.0082582509664473,2019-03-31,0.000435811706188005,0.0139581707063801,0.5,0.0111082108364137
"M1","Finances et assurances",2019-09-30,5,0.0131727164110832,2019-06-30,0.0130609593133908,0.0144508412845183,0.5,0.0138117788478007
"M1","Finances et assurances",2019-12-31,5,0.0117957152272433,2019-09-30,0.00825566078032658,0.0120688123557421,0.5,0.0119322637914927
"M1","Finances et assurances",2020-03-31,5,0.00494015204362782,2019-12-31,-0.0212114526144092,0.0121198820341142,0.5,0.00853001703887101
"M1","Finances et assurances",2020-06-30,5,0.0150730937520977,2020-03-31,0.0113083327777996,0.00518195860742856,0.5,0.0101275261797631
"M1","Finances et assurances",2020-09-30,5,0.0106442831390712,2020-06-30,0.00678756570547989,0.00614068207830312,0.5,0.00839248260868716
"M1","Finances et assurances",2020-12-31,5,0.00750659095023316,2020-09-30,0.0114494849451461,0.00787272860201549,0.5,0.00768965977612433
"M1","Finances et assurances",2021-03-31,5,0.00439473671126445,2020-12-31,-0.00739307250548649,0.0157067490056733,0.5,0.0100507428584689
"M1","Finances et assurances",2021-06-30,5,0.012489746207432,2021-03-31,0.0281576114642981,0.0132416318975279,0.5,0.01286568905248
"M1","Finances et assurances",2021-09-30,5,0.00270479824856098,2021-06-30,0.00585438399346749,0.0123493802492189,0.5,0.00752708924888994
"M1","Finances et assurances",2021-12-31,5,0.0083948685339014,2021-09-30,0.016641170500078,0.0134169140860317,0.5,0.0109058913099665
"M1","Finances et assurances",2022-03-31,5,0.00280447724320461,2021-12-31,0.0414257987284206,0.0118596036462315,0.5,0.00733204044471806
"M1","Finances et assurances",2022-06-30,5,0.0105746592607935,2022-03-31,0.031410255383383,0.0122908502458726,0.5,0.0114327547533331
"M1","Finances et assurances",2022-09-30,5,0.00772400632850487,2022-06-30,0.0122236867003789,0.0138281071378301,0.5,0.0107760567331675
"M1","Finances et assurances",2022-12-31,5,0.0119925721601379,2022-09-30,0.00818990746985371,0.0148010203077491,0.5,0.0133967962339435
"M1","Finances et assurances",2023-03-31,5,0.00127061702334088,2022-12-31,0.0177076136496304,0.0098605338753833,0.5,0.00556557544936209
"M1","Finances et assurances",2023-06-30,5,0.00842739033792331,2023-03-31,0.0142309413674457,0.0147002203889168,0.5,0.0115638053634201
"M1","Finances et assurances",2023-09-30,5,0.00693802613951503,2023-06-30,0.0138611051650379,0.0138909190340834,0.5,0.0104144725867992
"M1","Finances et assurances",2023-12-31,5,0.00856288178116209,2023-09-30,0.0205123675274645,0.0140112648383389,0.5,0.0112870733097505
"M1","Finances et assurances",2024-03-31,5,0.00791021093093809,2023-12-31,0.034226988537851,0.0157533574911074,0.5,0.0118317842110227
"M1","Finances et assurances",2024-06-30,5,0.013555134296451,2024-03-31,0.00677789865920531,0.013729697055497,0.5,0.013642415675974
"M1","Finances et assurances",2024-09-30,5,0.0073429045054765,2024-06-30,0.0307983277209374,0.0132938858143099,0.5,0.0103183951598932
"M1","Finances et assurances",2024-12-31,5,0.00930711955842053,2024-09-30,0.024404004984877,0.0146411711588781,0.5,0.0119741453586493
"M1","Finances et assurances",2025-03-31,5,0.0104431684841615,2024-12-31,-0.00576523644903126,0.0169947542814617,0.5,0.0137189613828116
"M1","Finances et assurances",2025-06-30,5,0.0156914154133955,2025-03-31,-0.000740007216192495,0.0131166084060867,0.5,0.0144040119097411
"M1","Finances et assurances",2025-09-30,5,0.00803916741012465,2025-06-30,0.0383171453817219,0.0121431557847343,0.5,0.0100911615974295
"M1","Finances et assurances",2025-12-31,5,0.0140108561475799,2025-09-30,0.02252710319177,0.0161887632976205,0.5,0.0150998097226002
"M1","Finances et assurances",2026-03-31,5,0.01039330252442,2025-12-31,0.0131482423939122,0.0145541845518335,0.5,0.0124737435381268
"M1","Industrie d'extraction",2008-06-30,1,0.00356764302973071,2008-03-31,-0.0217925195921751,0.0272936570640753,0.5,0.015430650046903
"M1","Industrie d'extraction",2008-09-30,1,0.0368562743000276,2008-06-30,0.0180514274217654,0.0268186206906144,0.5,0.031837447495321
"M1","Industrie d'extraction",2008-12-31,1,8.727287113376e-05,2008-09-30,-0.218117995343437,0.0110549615039752,0.5,0.00557111718755448
"M1","Industrie d'extraction",2009-03-31,1,-0.0826603262781306,2008-12-31,-0.432282485139092,0.0271106031427813,0.5,-0.0277748615676746
"M1","Industrie d'extraction",2009-06-30,1,0.0994366160573062,2009-03-31,0.240834849528154,0.0270450991348365,0.5,0.0632408575960714
"M1","Industrie d'extraction",2009-09-30,2,0.32268420555236,2009-06-30,0.0617341261486111,-0.0411125665838236,0.5,0.140785819484268
"M1","Industrie d'extraction",2009-12-31,2,0.0125925598758465,2009-09-30,0.13005125221814,-0.00446953466128375,0.5,0.00406151260728137
"M1","Industrie d'extraction",2010-03-31,2,-0.0383668489161242,2009-12-31,0.123300827777374,-0.00306933334848186,0.5,-0.020718091132303
"M1","Industrie d'extraction",2010-06-30,2,0.0659196125641262,2010-03-31,0.0714932752789377,-0.145097432895266,0.5,-0.0395889101655699
"M1","Industrie d'extraction",2010-09-30,2,-0.00293984358453688,2010-06-30,-0.0170794195793658,-0.00906948939348058,0.5,-0.00600466648900873
"M1","Industrie d'extraction",2010-12-31,2,-0.0168979324903785,2010-09-30,0.0239665118594772,-0.013444291596343,0.5,-0.0151711120433607
"M1","Industrie d'extraction",2011-03-31,2,-0.0956116385105515,2010-12-31,0.0236751243691682,-0.01749656288877,0.5,-0.0565541006996607
"M1","Industrie d'extraction",2011-06-30,2,0.0565716390436462,2011-03-31,-0.00674350295338755,0.0170460368809525,0.5,0.0368088379622993
"M1","Industrie d'extraction",2011-09-30,3,-0.0255409727082284,2011-06-30,-0.0133499228022789,0.0228893663693435,0.5,-0.00132580316944245
"M1","Industrie d'extraction",2011-12-31,2,0.00803986247179268,2011-09-30,0.0380098815677599,-0.00102574435754939,0.5,0.00350705905712164
"M1","Industrie d'extraction",2012-03-31,2,-0.0517212866094386,2011-12-31,-0.0736002952262371,0.0142365145897535,0.5,-0.0187423860098426
"M1","Industrie d'extraction",2012-06-30,2,0.0677601020350049,2012-03-31,0.0183173578069056,0.0133055333843818,0.5,0.0405328177096934
"M1","Industrie d'extraction",2012-09-30,2,0.072278386105515,2012-06-30,0.0350456479443277,0.0111989986766239,0.5,0.0417386923910694
"M1","Industrie d'extraction",2012-12-31,2,-0.0319155938686514,2012-09-30,0.00129601314153405,0.00872344324264675,0.5,-0.0115960753130023
"M1","Industrie d'extraction",2013-03-31,2,-0.0740916778178844,2012-12-31,-0.0592292366963552,0.0242759555016454,0.5,-0.0249078611581195
"M1","Industrie d'extraction",2013-06-30,2,0.14565265656677,2013-03-31,0.0211512209579841,0.0312725428651447,0.5,0.0884625997159574
"M1","Industrie d'extraction",2013-09-30,2,0.00471763190895684,2013-06-30,0.0033393372883932,0.0205332727041887,0.5,0.0126254523065728
"M1","Industrie d'extraction",2013-12-31,2,-0.0162274859815205,2013-09-30,0.0267741064989941,0.0164155767785137,0.5,9.40453984965995e-05
"M1","Industrie d'extraction",2014-03-31,1,-0.0253267026394608,2013-12-31,0.0229264650541641,0.0172805718863199,0.5,-0.00402306537657045
"M1","Industrie d'extraction",2014-06-30,1,0.068186775809059,2014-03-31,-0.00618613651727884,0.017278995762863,0.5,0.042732885785961
"M1","Industrie d'extraction",2014-09-30,1,-0.00987115447659382,2014-06-30,-0.015888470256332,0.018847408104959,0.5,0.00448812681418259
"M1","Industrie d'extraction",2014-12-31,1,-0.00955211439631185,2014-09-30,-0.0298633941618487,0.0294840370491735,0.5,0.00996596132643083
"M1","Industrie d'extraction",2015-03-31,1,-0.0130989988471721,2014-12-31,0.00890133635762247,0.0306349108556698,0.5,0.00876795600424885
"M1","Industrie d'extraction",2015-06-30,1,0.14167779568028,2015-03-31,0.0247954892566806,0.0117541769572229,0.5,0.0767159863187514
"M1","Industrie d'extraction",2015-09-30,2,-0.00931475130817119,2013-09-30,0.0237021448250037,0.0121890669862214,0.5,0.00143715783902511
"M1","Industrie d'extraction",2015-12-31,2,0.0217765957847951,2015-09-30,-0.00879815197435896,0.010453219933241,0.5,0.016114907859018
"M1","Industrie d'extraction",2016-03-31,1,-0.0365994466542727,2015-12-31,0.0161383433235596,0.00911586608716397,0.5,-0.0137417902835544
"M1","Industrie d'extraction",2016-06-30,1,-0.000207786947098379,2016-03-31,-0.0163339493026129,0.0207324617336401,0.5,0.0102623373932709
"M1","Industrie d'extraction",2016-09-30,1,0.031908266341441,2016-06-30,0.0218474503756241,0.0185937502493746,0.5,0.0252510082954078
"M1","Industrie d'extraction",2016-12-31,0,,,0.025849664713844,0.00914133792422436,0.5,0.00914133792422436
"M1","Industrie d'extraction",2017-03-31,0,,,0.0185128254497453,0.0156424128408559,0.5,0.0156424128408559
"M1","Industrie d'extraction",2017-06-30,0,,,0.0955083840143161,0.0133271099000362,0.5,0.0133271099000362
"M1","Industrie d'extraction",2017-09-30,0,,,-0.0311769033996843,0.0119669733443149,0.5,0.0119669733443149
"M1","Industrie d'extraction",2017-12-31,0,,,0.0125783920146532,0.0202132224594892,0.5,0.0202132224594892
"M1","Industrie d'extraction",2018-03-31,0,,,-0.0244479675700369,0.0168804749053021,0.5,0.0168804749053021
"M1","Industrie d'extraction",2018-06-30,0,,,0.0081793613697414,-0.0119328900924359,0.5,-0.0119328900924359
"M1","Industrie d'extraction",2018-09-30,0,,,-0.0117710521370427,0.0129550588583958,0.5,0.0129550588583958
"M1","Industrie d'extraction",2018-12-31,0,,,-0.00327062290436331,0.0038356298493351,0.5,0.0038356298493351
"M1","Industrie d'extraction",2019-03-31,0,,,0.040057095335742,0.00969642848813987,0.5,0.00969642848813987
"M1","Industrie d'extraction",2019-06-30,0,,,-0.0225433471888596,0.00587506414679064,0.5,0.00587506414679064
"M1","Industrie d'extraction",2019-09-30,0,,,0.0109256734157306,0.0200650282919328,0.5,0.0200650282919328
"M1","Industrie d'extraction",2019-12-31,0,,,0.00214620520732645,0.0175802728170349,0.5,0.0175802728170349
"M1","Industrie d'extraction",2020-03-31,0,,,0.00506158820307512,0.0198612030350813,0.5,0.0198612030350813
"M1","Industrie d'extraction",2020-06-30,0,,,0.0237324718357801,0.0282733812059157,0.5,0.0282733812059157
"M1","Industrie d'extraction",2020-09-30,0,,,-0.0110758122366672,0.0348257825919949,0.5,0.0348257825919949
"M1","Industrie d'extraction",2020-12-31,0,,,0.0282365373459843,0.0069170568149415,0.5,0.0069170568149415
"M1","Industrie d'extraction",2021-03-31,0,,,0.0506515529548963,0.00891710501019216,0.5,0.00891710501019216
"M1","Industrie d'extraction",2021-06-30,0,,,-0.0120026798414088,0.0112140528473805,0.5,0.0112140528473805
"M1","Industrie d'extraction",2021-09-30,0,,,0.0223534844760689,0.0189719762582948,0.5,0.0189719762582948
"M1","Industrie d'extraction",2021-12-31,0,,,-0.0143497716369634,0.0131587260013968,0.5,0.0131587260013968
"M1","Industrie d'extraction",2022-03-31,0,,,-0.138625872821352,0.0147690469986585,0.5,0.0147690469986585
"M1","Industrie d'extraction",2022-06-30,0,,,-0.0689421152185421,0.0207467815319396,0.5,0.0207467815319396
"M1","Industrie d'extraction",2022-09-30,0,,,-0.0421248811824597,0.00969542753409443,0.5,0.00969542753409443
"M1","Industrie d'extraction",2022-12-31,0,,,-0.216757201746969,0.00519363304535769,0.5,0.00519363304535769
"M1","Industrie d'extraction",2023-03-31,0,,,0.0973621473997142,0.0292897627901745,0.5,0.0292897627901745
"M1","Industrie d'extraction",2023-06-30,0,,,2.03357431196594e-05,-0.00724115442567746,0.5,-0.00724115442567746
"M1","Industrie d'extraction",2023-09-30,0,,,0.0733392840223264,0.00866230564705127,0.5,0.00866230564705127
"M1","Industrie d'extraction",2023-12-31,0,,,0.113749741354164,-0.000896764388484034,0.5,-0.000896764388484034
"M1","Industrie d'extraction",2024-03-31,0,,,-0.0252607257677209,-0.00984357845914411,0.5,-0.00984357845914411
"M1","Industrie d'extraction",2024-06-30,0,,,0.0070152744335843,0.0134125995166855,0.5,0.0134125995166855
"M1","Industrie d'extraction",2024-09-30,0,,,0.022117053793357,0.0111587526145102,0.5,0.0111587526145102
"M1","Industrie d'extraction",2024-12-31,0,,,-0.0056609646746999,0.00859012744437375,0.5,0.00859012744437375
"M1","Industrie d'extraction",2025-03-31,0,,,0.0657933092045351,-0.00797111829592025,0.5,-0.00797111829592025
"M1","Industrie d'extraction",2025-06-30,0,,,0.046428686738258,0.023742819052498,0.5,0.023742819052498
"M1","Industrie d'extraction",2025-09-30,0,,,-0.0306857679206729,0.000506588676821092,0.5,0.000506588676821092
"M1","Industrie d'extraction",2025-12-31,0,,,-0.0912476795593946,0.00387901013032952,0.5,0.00387901013032952
"M1","Industrie d'extraction",2026-03-31,0,,,0.0429938589024168,-0.00523553901199326,0.5,-0.00523553901199326
"M1","Électricité, gaz, eau",2008-06-30,4,0.00191839090319348,2008-03-31,-0.00741160474239422,0.0237985411566531,0.5,0.0128584660299233
"M1","Électricité, gaz, eau",2008-09-30,4,0.0164823285380381,2008-06-30,-0.00223998562046646,0.0166918468442606,0.5,0.0165870876911493
"M1","Électricité, gaz, eau",2008-12-31,4,-0.0292746462366565,2008-09-30,0.0109984430102408,0.0125002988368141,0.5,-0.0083871736999212
"M1","Électricité, gaz, eau",2009-03-31,3,0.0266474571897074,2008-12-31,-0.0930700791897738,0.0100436981227821,0.5,0.0183455776562447
"M1","Électricité, gaz, eau",2009-06-30,5,-0.0725515853914816,2009-03-31,-0.0519910871670355,0.0174018735065912,0.5,-0.0275748559424452
"M1","Électricité, gaz, eau",2009-09-30,5,-0.100180184415827,2009-06-30,-0.00171093945968437,0.0250291368976889,0.5,-0.0375755237590691
"M1","Électricité, gaz, eau",2009-12-31,3,0.168508012521362,2009-09-30,0.00551713458301961,0.0123589170032447,0.5,0.0904334647623034
"M1","Électricité, gaz, eau",2010-03-31,3,-0.143599828952495,2009-12-31,0.186653310772002,0.0169068321633549,0.5,-0.0633464983945701
"M1","Électricité, gaz, eau",2010-06-30,2,-0.0336426914804685,2010-03-31,-0.0273446288233092,-0.0302777081510207,0.5,-0.0319601998157446
"M1","Électricité, gaz, eau",2010-09-30,3,0.00470022031796222,2010-06-30,0.00751192915597265,0.0183341953255459,0.5,0.0115172078217541
"M1","Électricité, gaz, eau",2010-12-31,3,-0.0100899521652371,2010-09-30,0.000665004180783413,0.0101216365072843,0.5,1.58421710236001e-05
"M1","Électricité, gaz, eau",2011-03-31,3,0.0354384082778749,2010-12-31,0.0466308066830887,0.00789179116689013,0.5,0.0216650997223825
"M1","Électricité, gaz, eau",2011-06-30,2,0.0195343089491551,2011-03-31,0.01766185297714,0.0072897782290311,0.5,0.0134120435890931
"M1","Électricité, gaz, eau",2011-09-30,3,0.11389513417446,2010-12-31,-0.00280918545008646,0.00614339606880022,0.5,0.0600192651216301
"M1","Électricité, gaz, eau",2011-12-31,2,0.0655087525020836,2011-09-30,0.0660654774128115,0.00495608999375978,0.5,0.0352324212479217
"M1","Électricité, gaz, eau",2012-03-31,4,0.000820652519842742,2010-12-31,-0.0982517581837872,0.00945113497798326,0.5,0.005135893748913
"M1","Électricité, gaz, eau",2012-06-30,1,0.0186538429607906,2012-03-31,-0.00139975616853683,0.0144877955247958,0.5,0.0165708192427932
"M1","Électricité, gaz, eau",2012-09-30,1,0.00570677197980637,2012-06-30,0.00820900799579505,0.00511255640437192,0.5,0.00540966419208914
"M1","Électricité, gaz, eau",2012-12-31,1,0.0236657700827033,2012-09-30,-0.0274647793676976,0.00580655320273789,0.5,0.0147361616427206
"M1","Électricité, gaz, eau",2013-03-31,1,0.0311655107772103,2012-12-31,0.0508254332779128,0.00755512908541058,0.5,0.0193603199313104
"M1","Électricité, gaz, eau",2013-06-30,2,0.00711684299763992,2013-03-31,0.0406946178222913,0.00552428814015486,0.5,0.00632056556889739
"M1","Électricité, gaz, eau",2013-09-30,2,-0.016093742625194,2013-06-30,0.0339165871468641,0.00340781438460872,0.5,-0.00634296412029264
"M1","Électricité, gaz, eau",2013-12-31,2,0.000346634406645438,2012-12-31,0.00756141187538262,0.00882888909809723,0.5,0.00458776175237133
"M1","Électricité, gaz, eau",2014-03-31,2,0.0139433898165689,2013-12-31,-0.0462170666108062,0.00892319827259175,0.5,0.0114332940445803
"M1","Électricité, gaz, eau",2014-06-30,1,0.0172967964957528,2014-03-31,0.0332147863217731,0.0146477094499805,0.5,0.0159722529728667
"M1","Électricité, gaz, eau",2014-09-30,1,-0.000192702471531887,2014-06-30,-0.00679393605210521,0.00788023198356382,0.5,0.00384376475601597
"M1","Électricité, gaz, eau",2014-12-31,1,0.0205664524393115,2014-09-30,-0.00857021450047135,0.00858555759323919,0.5,0.0145760050162753
"M1","Électricité, gaz, eau",2015-03-31,3,0.0417108390462004,2014-12-31,0.0437145225973961,0.00884921238223348,0.5,0.0252800257142169
"M1","Électricité, gaz, eau",2015-06-30,5,-0.0112569296584394,2015-03-31,0.00610525562054143,0.0100129920168948,0.5,-0.0006219688207723
"M1","Électricité, gaz, eau",2015-09-30,5,-0.00540349399526928,2015-06-30,0.0103469379268244,0.0117712031787603,0.5,0.00318385459174551
"M1","Électricité, gaz, eau",2015-12-31,4,0.00824544483434623,2015-09-30,-0.00455943213512988,0.00907087004314348,0.5,0.00865815743874486
"M1","Électricité, gaz, eau",2016-03-31,5,-0.00359372800488916,2015-12-31,0.000155955147615572,0.010328303361933,0.5,0.00336728767852192
"M1","Électricité, gaz, eau",2016-06-30,4,0.00285291992910878,2016-03-31,-0.017175634556283,0.0044390794189665,0.5,0.00364599967403764
"M1","Électricité, gaz, eau",2016-09-30,4,0.00573781307834099,2016-06-30,0.0711460023338066,0.00927168715997263,0.5,0.00750475011915681
"M1","Électricité, gaz, eau",2016-12-31,5,-0.0152646999926873,2016-09-30,-0.0359660643263187,0.00588625183696977,0.5,-0.00468922407785877
"M1","Électricité, gaz, eau",2017-03-31,5,0.00672219858014897,2016-12-31,-0.00716286993772819,0.00956577654612547,0.5,0.00814398756313722
"M1","Électricité, gaz, eau",2017-06-30,5,0.0121854692384657,2017-03-31,0.0253000677575166,0.00916374339825512,0.5,0.0106746063183604
"M1","Électricité, gaz, eau",2017-09-30,5,0.00454280833723127,2017-06-30,0.0048164662893857,0.00714456804040103,0.5,0.00584368818881615
"M1","Électricité, gaz, eau",2017-12-31,5,0.012352525550672,2017-09-30,0.0387992037287237,0.00927679771418092,0.5,0.0108146616324265
"M1","Électricité, gaz, eau",2018-03-31,5,-7.23599793174207e-05,2017-12-31,0.0223262968366722,0.00822401884561453,0.5,0.00407582943314855
"M1","Électricité, gaz, eau",2018-06-30,5,0.0242498181445029,2018-03-31,-0.016153880771169,0.00724824029248788,0.5,0.0157490292184954
"M1","Électricité, gaz, eau",2018-09-30,4,-0.0240059883268917,2018-06-30,0.0411974248960654,0.00775235295529797,0.5,-0.00812681768579687
"M1","Électricité, gaz, eau",2018-12-31,3,-0.0202243483723685,2018-09-30,0.0623784425554952,0.00151060326382151,0.5,-0.0093568725542735
"M1","Électricité, gaz, eau",2019-03-31,1,-0.00906670549631771,2018-12-31,0.0925664554057999,0.00763040373789924,0.5,-0.000718150879209235
"M1","Électricité, gaz, eau",2019-06-30,3,-0.0219868274733473,2019-03-31,-0.0124026726248605,0.0048789593049273,0.5,-0.00855393408421
"M1","Électricité, gaz, eau",2019-09-30,3,0.00919619592452057,2019-06-30,-0.0152269847098676,0.0118104322328054,0.5,0.010503314078663
"M1","Électricité, gaz, eau",2019-12-31,3,-0.0042103825359186,2019-09-30,-0.00625851062808103,0.0116090980007103,0.5,0.00369935773239585
"M1","Électricité, gaz, eau",2020-03-31,3,0.0529244871203238,2019-12-31,0.0213425854542955,0.0133282177143148,0.5,0.0331263524173193
"M1","Électricité, gaz, eau",2020-06-30,3,0.01162995472881,2020-03-31,-0.0970147629221021,0.0116253106567407,0.5,0.0116276326927753
"M1","Électricité, gaz, eau",2020-09-30,2,0.018161317285655,2020-06-30,0.114417799543279,0.0203679484167375,0.5,0.0192646328511962
"M1","Électricité, gaz, eau",2020-12-31,3,-0.0228484335447578,2020-09-30,-0.016022429172736,0.00763759661181983,0.5,-0.00760541846646898
"M1","Électricité, gaz, eau",2021-03-31,4,0.0240722090203302,2020-12-31,0.0217529032326009,0.0142507064559801,0.5,0.0191614577381551
"M1","Électricité, gaz, eau",2021-06-30,4,0.00955602484159314,2021-03-31,0.0253032608158232,0.0117374484688917,0.5,0.0106467366552424
"M1","Électricité, gaz, eau",2021-09-30,5,0.0308718963984744,2021-06-30,0.0158724557012508,0.014287837676236,0.5,0.0225798670373552
"M1","Électricité, gaz, eau",2021-12-31,5,-0.00742861310367515,2021-09-30,0.0138196358846692,0.0147813379033558,0.5,0.00367636239984033
"M1","Électricité, gaz, eau",2022-03-31,5,0.0189163965420121,2021-12-31,-0.0635858178619184,0.0117816009097258,0.5,0.015348998725869
"M1","Électricité, gaz, eau",2022-06-30,5,0.0235207093648285,2022-03-31,0.00902096583624079,0.0111161028363726,0.5,0.0173184061006006
"M1","Électricité, gaz, eau",2022-09-30,5,0.0332630146440145,2022-06-30,-0.00480416973629261,0.0117854211849548,0.5,0.0225242179144847
"M1","Électricité, gaz, eau",2022-12-31,5,-0.00185483648252837,2022-09-30,-0.0308377748401991,0.0164287285184849,0.5,0.00728694601797827
"M1","Électricité, gaz, eau",2023-03-31,5,-0.0162701166898487,2022-12-31,-0.122401604802485,0.00491119316459571,0.5,-0.0056794617626265
"M1","Électricité, gaz, eau",2023-06-30,5,0.0449364250555512,2023-03-31,0.0472201858772916,0.0167429521213334,0.5,0.0308396885884423
"M1","Électricité, gaz, eau",2023-09-30,5,0.00598027035623975,2023-06-30,0.00207719445817389,0.00858480447681304,0.5,0.0072825374165264
"M1","Électricité, gaz, eau",2023-12-31,5,-0.00907041928362417,2023-09-30,-0.0104818116311538,0.0133204612169981,0.5,0.00212502096668696
"M1","Électricité, gaz, eau",2024-03-31,5,-0.026967371408882,2023-12-31,0.0293667797510366,0.0222722417795464,0.5,-0.0023475648146678
"M1","Électricité, gaz, eau",2024-06-30,5,-0.0766504557964916,2024-03-31,-0.0474179307558522,0.00737316359000585,0.5,-0.0346386461032429
"M1","Électricité, gaz, eau",2024-09-30,5,0.0860636121278781,2024-06-30,0.100587875391312,0.0117658201185831,0.5,0.0489147161232306
"M1","Électricité, gaz, eau",2024-12-31,5,-0.0249902845165828,2024-09-30,0.0115181001740545,0.00778918186518608,0.5,-0.00860055132569836
"M1","Électricité, gaz, eau",2025-03-31,5,-0.00162693029805839,2024-12-31,-0.0640900842189289,0.0163996483811137,0.5,0.00738635904152765
"M1","Électricité, gaz, eau",2025-06-30,5,-0.0147706802272673,2025-03-31,-0.0109469608200001,0.0209032412501338,0.5,0.00306628051143325
"M1","Électricité, gaz, eau",2025-09-30,5,0.0525477075719458,2025-06-30,0.0726483567256153,0.0145466146290205,0.5,0.0335471611004831
"M1","Électricité, gaz, eau",2025-12-31,5,-0.0116886366699676,2025-09-30,-0.0191714590402032,-0.00561992620699645,0.5,-0.00865428143848202
"M1","Électricité, gaz, eau",2026-03-31,5,-0.0302976852745371,2025-12-31,-0.0771317041623973,0.00390440593123111,0.5,-0.013196639671653
"M2","Construction",2008-06-30,2,0.0204101208899946,2008-03-31,0.0132472081597736,0.00154017809599941,0.5,0.010975149492997
"M2","Construction",2008-09-30,2,0.0150928054843036,2008-06-30,0.0131799381011142,0.0153317264594193,0.5,0.0152122659718614
"M2","Construction",2008-12-31,3,0.0153209216254252,2008-09-30,0.00574394384298849,0.0117536401931946,0.5,0.0135372809093099
"M2","Construction",2009-03-31,3,0.0153070033457883,2008-12-31,0.0123024964738025,0.0136045182825375,0.5,0.0144557608141629
"M2","Construction",2009-06-30,0,,,0.0171052835357237,0.0152558494690441,0.5,0.0152558494690441
"M2","Construction",2009-09-30,0,,,0.00761699474573163,0.0155889284849811,0.5,0.0155889284849811
"M2","Construction",2009-12-31,0,,,0.0065671970723109,0.0131759849602401,0.5,0.0131759849602401
"M2","Construction",2010-03-31,0,,,-0.000791378669422471,0.0151171272804881,0.5,0.0151171272804881
"M2","Construction",2010-06-30,3,0.0234876036329229,2008-12-31,0.00958615698002419,0.0176389068795438,0.5,0.0205632552562333
"M2","Construction",2010-09-30,2,0.0120581669361431,2010-06-30,0.00222693297585685,0.0158884233317902,0.5,0.0139732951339667
"M2","Construction",2010-12-31,3,0.0138936978707706,2010-09-30,0.011879848136747,0.015508721595629,0.5,0.0147012097331998
"M2","Construction",2011-03-31,3,0.00904627747298473,2010-12-31,0.026545763554946,0.0142257623089153,0.5,0.01163601989095
"M2","Construction",2011-06-30,3,0.0215589106969061,2011-03-31,0.00201308944378198,0.0144207791893879,0.5,0.017989844943147
"M2","Construction",2011-09-30,1,0.0129174106767909,2011-06-30,0.0102967898015596,0.0154061130542624,0.5,0.0141617618655266
"M2","Construction",2011-12-31,1,0.0155949483750643,2011-09-30,0.010242364311047,0.013412602094817,0.5,0.0145037752349407
"M2","Construction",2012-03-31,1,0.0139331864655389,2011-12-31,0.00944531473745158,0.0130500823912607,0.5,0.0134916344283998
"M2","Construction",2012-06-30,1,0.0125924670209342,2012-03-31,-0.000579231354755905,0.0149482588813095,0.5,0.0137703629511218
"M2","Construction",2012-09-30,1,0.0114514046834617,2012-06-30,-0.000207460717341235,0.0136966700781679,0.5,0.0125740373808148
"M2","Construction",2012-12-31,3,0.00634441016240599,2012-09-30,0.00810182606710086,0.0139299909679591,0.5,0.0101372005651825
"M2","Construction",2013-03-31,3,0.0136652756221892,2012-12-31,-0.00629335866093506,0.0144475428212859,0.5,0.0140564092217376
"M2","Construction",2013-06-30,3,0.0165993780104406,2013-03-31,0.00761958588127776,0.0109867432363707,0.5,0.0137930606234056
"M2","Construction",2013-09-30,3,0.00777298207998862,2013-06-30,0.0188926607367019,0.014990344400424,0.5,0.0113816632402063
"M2","Construction",2013-12-31,2,0.0153527681947139,2013-09-30,0.00346442716617545,0.0129943383220047,0.5,0.0141735532583593
"M2","Construction",2014-03-31,3,0.00800196111577302,2013-12-31,0.0130961138007901,0.0129587080128944,0.5,0.0104803345643337
"M2","Construction",2014-06-30,3,0.0164082729656571,2014-03-31,0.00447736474689187,0.0135342524661724,0.5,0.0149712627159148
"M2","Construction",2014-09-30,2,0.010443564498487,2014-06-30,-0.000619901584931526,0.0139608835007986,0.5,0.0122022239996428
"M2","Construction",2014-12-31,2,0.0117996224231398,2014-09-30,-0.0170090243189662,0.0135108994581792,0.5,0.0126552609406595
"M2","Construction",2015-03-31,1,0.00746615499612851,2014-12-31,-0.00530943948553997,0.0119242811701445,0.5,0.0096952180831365
"M2","Construction",2015-06-30,1,0.0119495083364951,2015-03-31,0.0209819845460189,0.0111879956953914,0.5,0.0115687520159433
"M2","Construction",2015-09-30,2,0.0108537095176838,2015-06-30,0.0115194109871428,0.0120684962486412,0.5,0.0114611028831625
"M2","Construction",2015-12-31,2,0.0147363088229253,2015-09-30,0.032079368271992,0.0114004814166324,0.5,0.0130683951197789
"M2","Construction",2016-03-31,3,0.0135894673942325,2015-12-31,0.0187855153946899,0.0130882506551527,0.5,0.0133388590246926
"M2","Construction",2016-06-30,0,,,-0.00501930687227414,0.012669329199756,0.5,0.012669329199756
"M2","Construction",2016-09-30,0,,,-0.00562759321653061,0.011636632309017,0.5,0.011636632309017
"M2","Construction",2016-12-31,0,,,-0.0052620417260254,0.0124515873959961,0.5,0.0124515873959961
"M2","Construction",2017-03-31,0,,,0.0132064022878779,0.0105025955245449,0.5,0.0105025955245449
"M2","Construction",2017-06-30,0,,,0.000867405836450175,0.0117889777110755,0.5,0.0117889777110755
"M2","Construction",2017-09-30,0,,,0.017936616006887,0.0114155714823311,0.5,0.0114155714823311
"M2","Construction",2017-12-31,0,,,-0.00784029652175278,0.0115486012069794,0.5,0.0115486012069794
"M2","Construction",2018-03-31,0,,,0.026272471549829,0.0107415786772516,0.5,0.0107415786772516
"M2","Construction",2018-06-30,0,,,0.00736116363280281,0.0130643283125074,0.5,0.0130643283125074
"M2","Construction",2018-09-30,0,,,-0.0192666965708348,0.0113876526016158,0.5,0.0113876526016158
"M2","Construction",2018-12-31,0,,,-0.0524286380169254,0.0100600784924261,0.5,0.0100600784924261
"M2","Construction",2019-03-31,0,,,0.0166559720067418,0.00885098456855127,0.5,0.00885098456855127
"M2","Construction",2019-06-30,0,,,0.0481920910731386,0.0119527879653205,0.5,0.0119527879653205
"M2","Construction",2019-09-30,0,,,0.0125910845192418,0.014249309052876,0.5,0.014249309052876
"M2","Construction",2019-12-31,0,,,-0.0273069523615579,0.00895884970361975,0.5,0.00895884970361975
"M2","Construction",2020-03-31,0,,,0.000213553084455143,0.00726370133625902,0.5,0.00726370133625902
"M2","Construction",2020-06-30,0,,,-0.102776372819593,0.000543484826574807,0.5,0.000543484826574807
"M2","Construction",2020-09-30,0,,,0.0356201479127147,-0.000286293027691621,0.5,-0.000286293027691621
"M2","Construction",2020-12-31,1,0.0139963735375959,2020-09-30,0.072642691639901,0.0127320820427462,0.5,0.013364227790171
"M2","Construction",2021-03-31,1,0.016888319477465,2020-12-31,-0.00494022963371066,0.0137820274801226,0.5,0.0153351734787938
"M2","Construction",2021-06-30,1,0.00573171012959987,2021-03-31,-0.00250132109599832,0.0099200849104172,0.5,0.00782589752000853
"M2","Construction",2021-09-30,1,0.00576825322679507,2021-06-30,0.0107028535882208,0.00986454778203801,0.5,0.00781640050441654
"M2","Construction",2021-12-31,1,0.0119278537633441,2021-09-30,0.00772099252970015,0.0129192439234903,0.5,0.0124235488434172
"M2","Construction",2022-03-31,1,0.00708245613206471,2021-12-31,-0.026866287683136,0.00953832346164042,0.5,0.00831038979685256
"M2","Construction",2022-06-30,1,0.00110430017456853,2022-03-31,-0.0038148328637746,0.00923638063925402,0.5,0.00517034040691128
"M2","Construction",2022-09-30,1,0.00556769859241594,2022-06-30,-0.0309753266623467,0.0088818641192418,0.5,0.00722478135582887
"M2","Construction",2022-12-31,1,0.00726822875154134,2022-09-30,-0.0138810252956052,0.00502176900630458,0.5,0.00614499887892296
"M2","Construction",2023-03-31,0,,,0.0264176726138974,0.00137059462271156,0.5,0.00137059462271156
"M2","Construction",2023-06-30,0,,,0.00252741405244095,0.0102549162102403,0.5,0.0102549162102403
"M2","Construction",2023-09-30,0,,,0.00248876146185317,0.0087000006609335,0.5,0.0087000006609335
"M2","Construction",2023-12-31,0,,,0.00486264809430104,0.00693905551430475,0.5,0.00693905551430475
"M2","Construction",2024-03-31,1,0.00677270604779853,2022-09-30,0.0243786805323758,0.00750063107069851,0.5,0.00713666855924852
"M2","Construction",2024-06-30,1,0.0108772668928562,2024-03-31,0.0131434129712957,0.0105724448604855,0.5,0.0107248558766709
"M2","Construction",2024-09-30,1,0.0140678740941039,2024-06-30,0.0334036782533733,0.00754080486595122,0.5,0.0108043394800276
"M2","Construction",2024-12-31,1,0.0142856426962512,2024-09-30,0.00587796447580935,0.00902142194442809,0.5,0.0116535323203396
"M2","Construction",2025-03-31,1,0.00582115188627959,2024-12-31,0.0164348782556303,0.0107764162004622,0.5,0.00829878404337089
"M2","Construction",2025-06-30,1,0.0109019000065727,2025-03-31,0.0173260458459641,0.0111057481407055,0.5,0.0110038240736391
"M2","Construction",2025-09-30,1,0.0134267346254475,2025-06-30,0.0230301767543057,0.00834907634842199,0.5,0.0108879054869347
"M2","Construction",2025-12-31,1,0.0124899632749519,2025-09-30,-0.000376710311417838,0.00878617933429037,0.5,0.0106380713046211
"M2","Construction",2026-03-31,1,-0.000802403896361923,2025-12-31,-0.0250954841631064,0.0111984473797093,0.5,0.00519802174167369
"M2","Finances et assurances",2008-06-30,5,0.0404440039021036,2008-03-31,-0.00228208059613522,0.000979927002336627,0.5,0.0207119654522201
"M2","Finances et assurances",2008-09-30,4,0.0362586298505782,2008-06-30,0.00906111218203876,0.00491092817653971,0.5,0.020584779013559
"M2","Finances et assurances",2008-12-31,5,0.0162991721355075,2008-09-30,0.0256098073542006,0.0119676614975417,0.5,0.0141334168165246
"M2","Finances et assurances",2009-03-31,5,0.00935847145844211,2008-12-31,-0.0238650996915464,0.0114042174880132,0.5,0.0103813444732277
"M2","Finances et assurances",2009-06-30,5,0.0140813434576581,2009-03-31,0.0143588538076731,0.0068602842353153,0.5,0.0104708138464867
"M2","Finances et assurances",2009-09-30,5,0.019899925551662,2009-06-30,0.0260836551490407,0.0173412465888723,0.5,0.0186205860702671
"M2","Finances et assurances",2009-12-31,5,0.0150692199627568,2009-09-30,0.0170224182955963,0.015280279503426,0.5,0.0151747497330914
"M2","Finances et assurances",2010-03-31,5,0.0465604458921518,2009-12-31,0.0533518771081489,0.0208647347065916,0.5,0.0337125902993717
"M2","Finances et assurances",2010-06-30,4,0.0219390044940472,2010-03-31,0.0228723642540416,0.00988679146966893,0.5,0.0159128979818581
"M2","Finances et assurances",2010-09-30,4,0.0130366220946013,2010-06-30,0.0293609911023349,0.0194208854449409,0.5,0.0162287537697711
"M2","Finances et assurances",2010-12-31,4,0.00673426347511079,2010-09-30,-0.0120421486852003,0.0135403808273772,0.5,0.010137322151244
"M2","Finances et assurances",2011-03-31,5,-0.0093563832698344,2010-12-31,0.0260481077173296,0.0132512452573755,0.5,0.00194743099377055
"M2","Finances et assurances",2011-06-30,5,-0.000720047210736493,2011-03-31,0.0367315800042309,0.0135498955927102,0.5,0.00641492419098685
"M2","Finances et assurances",2011-09-30,5,0.020978432501136,2011-06-30,0.0192870194863595,0.0167171006188988,0.5,0.0188477665600174
"M2","Finances et assurances",2011-12-31,5,0.0093703435120587,2011-09-30,0.0183332099292191,0.0166944940176358,0.5,0.0130324187648473
"M2","Finances et assurances",2012-03-31,5,0.00594554991137782,2011-12-31,-0.00630271920688763,0.0156434175095532,0.5,0.0107944837104655
"M2","Finances et assurances",2012-06-30,5,0.00583156093904465,2012-03-31,0.0176538532416171,0.0114503043975276,0.5,0.00864093266828612
"M2","Finances et assurances",2012-09-30,5,0.0245948617837948,2012-06-30,0.00338681497401261,0.013229955709098,0.5,0.0189124087464464
"M2","Finances et assurances",2012-12-31,5,0.00548186508868306,2012-09-30,0.00211669506602519,0.0128829040893667,0.5,0.00918238458902488
"M2","Finances et assurances",2013-03-31,5,0.00381741305648711,2012-12-31,-0.0250691486515962,0.0125432776228005,0.5,0.0081803453396438
"M2","Finances et assurances",2013-06-30,5,0.0164220544192496,2013-03-31,0.015777667590406,0.0089705860567349,0.5,0.0126963202379922
"M2","Finances et assurances",2013-09-30,5,0.0125627786075837,2013-06-30,0.0130811196170004,0.0151981100422132,0.5,0.0138804443248985
"M2","Finances et assurances",2013-12-31,5,0.00815255707539202,2013-09-30,0.00803627470383006,0.0135882526806087,0.5,0.0108704048780004
"M2","Finances et assurances",2014-03-31,5,-0.0026928310613421,2013-12-31,-0.00657198480570287,0.0132984975231098,0.5,0.00530283323088385
"M2","Finances et assurances",2014-06-30,5,0.0137799753465791,2014-03-31,0.00979204446059612,0.0140681567625369,0.5,0.013924066054558
"M2","Finances et assurances",2014-09-30,5,0.0059457025983552,2014-06-30,0.0108712876306072,0.0146312688234217,0.5,0.0102884857108885
"M2","Finances et assurances",2014-12-31,5,0.011201732466086,2014-09-30,0.00817212302553116,0.0121648395804871,0.5,0.0116832860232866
"M2","Finances et assurances",2015-03-31,5,0.00907017260628928,2014-12-31,0.0025733872860485,0.0121945974410465,0.5,0.0106323850236679
"M2","Finances et assurances",2015-06-30,5,0.00221952722952597,2015-03-31,-0.000283635140750249,0.012426105066098,0.5,0.00732281614781199
"M2","Finances et assurances",2015-09-30,5,0.0114810441252902,2015-06-30,0.00555168992811517,0.0129537372037148,0.5,0.0122173906645025
"M2","Finances et assurances",2015-12-31,5,0.00117543243701851,2015-09-30,0.0216448096360278,0.0117430605231681,0.5,0.00645924648009331
"M2","Finances et assurances",2016-03-31,5,-0.000562108951588336,2015-12-31,0.0116644403276638,0.0153764876598674,0.5,0.00740718935413953
"M2","Finances et assurances",2016-06-30,5,0.008645010469247,2016-03-31,0.0132480316692885,0.0151314048367449,0.5,0.011888207652996
"M2","Finances et assurances",2016-09-30,5,0.00928430086007748,2016-06-30,0.0406230501366736,0.0116688289538044,0.5,0.0104765649069409
"M2","Finances et assurances",2016-12-31,5,0.0142684311796073,2016-09-30,-0.0101673768515305,0.0141647063806995,0.5,0.0142165687801534
"M2","Finances et assurances",2017-03-31,5,-0.00387079361371879,2016-12-31,0.00552692213443429,0.0102546490414968,0.5,0.003191927713889
"M2","Finances et assurances",2017-06-30,5,0.0146028782532538,2017-03-31,0.0236163865511507,0.0116480143021699,0.5,0.0131254462777118
"M2","Finances et assurances",2017-09-30,5,0.00529931883406646,2017-06-30,-0.00152331413688955,0.0130385624814541,0.5,0.00916894065776028
"M2","Finances et assurances",2017-12-31,5,0.00832575139500054,2017-09-30,-0.00363516724733692,0.0123311502410938,0.5,0.0103284508180472
"M2","Finances et assurances",2018-03-31,5,-0.00240252565273264,2017-12-31,0.0129764503213643,0.011140428531226,0.5,0.00436895143924668
"M2","Finances et assurances",2018-06-30,5,0.013387045694205,2018-03-31,-0.00435156893570188,0.0138091384445282,0.5,0.0135980920693666
"M2","Finances et assurances",2018-09-30,5,0.0131865017707387,2018-06-30,0.00735193248656962,0.0115706784504298,0.5,0.0123785901105843
"M2","Finances et assurances",2018-12-31,5,0.00528336697099086,2018-09-30,0.0110438895944789,0.00874297886195605,0.5,0.00701317291647346
"M2","Finances et assurances",2019-03-31,5,0.00559941985791691,2018-12-31,0.0315392522985256,0.0100667958222359,0.5,0.0078331078400764
"M2","Finances et assurances",2019-06-30,5,0.010294072715307,2019-03-31,0.000435811706188005,0.0139581707063801,0.5,0.0121261217108436
"M2","Finances et assurances",2019-09-30,5,0.0127648975941962,2019-06-30,0.0130609593133908,0.0144508412845183,0.5,0.0136078694393573
"M2","Finances et assurances",2019-12-31,5,0.0102595035912263,2019-09-30,0.00825566078032658,0.0120688123557421,0.5,0.0111641579734842
"M2","Finances et assurances",2020-03-31,5,0.00446114559383998,2019-12-31,-0.0212114526144092,0.0121198820341142,0.5,0.00829051381397709
"M2","Finances et assurances",2020-06-30,5,0.0144499828023128,2020-03-31,0.0113083327777996,0.00518195860742856,0.5,0.00981597070487068
"M2","Finances et assurances",2020-09-30,5,0.00867329710921768,2020-06-30,0.00678756570547989,0.00614068207830312,0.5,0.0074069895937604
"M2","Finances et assurances",2020-12-31,5,0.00695143326381483,2020-09-30,0.0114494849451461,0.00787272860201549,0.5,0.00741208093291516
"M2","Finances et assurances",2021-03-31,5,0.00409357169288223,2020-12-31,-0.00739307250548649,0.0157067490056733,0.5,0.00990016034927776
"M2","Finances et assurances",2021-06-30,5,0.0122850115758212,2021-03-31,0.0281576114642981,0.0132416318975279,0.5,0.0127633217366745
"M2","Finances et assurances",2021-09-30,5,0.00188287454246743,2021-06-30,0.00585438399346749,0.0123493802492189,0.5,0.00711612739584317
"M2","Finances et assurances",2021-12-31,5,0.00644492099475573,2021-09-30,0.016641170500078,0.0134169140860317,0.5,0.00993091754039372
"M2","Finances et assurances",2022-03-31,5,0.00164607502437535,2021-12-31,0.0414257987284206,0.0118596036462315,0.5,0.00675283933530342
"M2","Finances et assurances",2022-06-30,5,0.00985620679800173,2022-03-31,0.031410255383383,0.0122908502458726,0.5,0.0110735285219372
"M2","Finances et assurances",2022-09-30,5,0.00728498214967275,2022-06-30,0.0122236867003789,0.0138281071378301,0.5,0.0105565446437514
"M2","Finances et assurances",2022-12-31,5,0.00940937805459076,2022-09-30,0.00818990746985371,0.0148010203077491,0.5,0.0121051991811699
"M2","Finances et assurances",2023-03-31,5,0.00097996699091292,2022-12-31,0.0177076136496304,0.0098605338753833,0.5,0.00542025043314811
"M2","Finances et assurances",2023-06-30,5,0.0137165618528541,2023-03-31,0.0142309413674457,0.0147002203889168,0.5,0.0142083911208854
"M2","Finances et assurances",2023-09-30,5,0.0067731726370948,2023-06-30,0.0138611051650379,0.0138909190340834,0.5,0.0103320458355891
"M2","Finances et assurances",2023-12-31,5,0.0124636898046034,2023-09-30,0.0205123675274645,0.0140112648383389,0.5,0.0132374773214711
"M2","Finances et assurances",2024-03-31,5,0.00834337776760337,2023-12-31,0.034226988537851,0.0157533574911074,0.5,0.0120483676293554
"M2","Finances et assurances",2024-06-30,5,0.00828652160435179,2024-03-31,0.00677789865920531,0.013729697055497,0.5,0.0110081093299244
"M2","Finances et assurances",2024-09-30,5,0.0105756300098494,2024-06-30,0.0307983277209374,0.0132938858143099,0.5,0.0119347579120797
"M2","Finances et assurances",2024-12-31,5,0.0119706980262108,2024-09-30,0.024404004984877,0.0146411711588781,0.5,0.0133059345925444
"M2","Finances et assurances",2025-03-31,5,0.00976305353895312,2024-12-31,-0.00576523644903126,0.0169947542814617,0.5,0.0133789039102074
"M2","Finances et assurances",2025-06-30,5,0.0148626699675033,2025-03-31,-0.000740007216192495,0.0131166084060867,0.5,0.013989639186795
"M2","Finances et assurances",2025-09-30,5,0.00828798483167946,2025-06-30,0.0383171453817219,0.0121431557847343,0.5,0.0102155703082069
"M2","Finances et assurances",2025-12-31,5,0.0164004722933127,2025-09-30,0.02252710319177,0.0161887632976205,0.5,0.0162946177954666
"M2","Finances et assurances",2026-03-31,5,0.00804959199569305,2025-12-31,0.0131482423939122,0.0145541845518335,0.5,0.0113018882737633
"M2","Industrie d'extraction",2008-06-30,1,0.0115751649643689,2008-03-31,-0.0217925195921751,0.0272936570640753,0.5,0.0194344110142221
"M2","Industrie d'extraction",2008-09-30,1,0.0124439241045482,2008-06-30,0.0180514274217654,0.0268186206906144,0.5,0.0196312723975813
"M2","Industrie d'extraction",2008-12-31,1,-0.0422436306926637,2008-09-30,-0.218117995343437,0.0110549615039752,0.5,-0.0155943345943443
"M2","Industrie d'extraction",2009-03-31,1,-0.145066862180648,2008-12-31,-0.432282485139092,0.0271106031427813,0.5,-0.0589781295189333
"M2","Industrie d'extraction",2009-06-30,1,0.0384802039696953,2009-03-31,0.240834849528154,0.0270450991348365,0.5,0.0327626515522659
"M2","Industrie d'extraction",2009-09-30,2,0.24597706758288,2009-06-30,0.0617341261486111,-0.0411125665838236,0.5,0.102432250499528
"M2","Industrie d'extraction",2009-12-31,2,0.0521992316012095,2009-09-30,0.13005125221814,-0.00446953466128375,0.5,0.0238648484699629
"M2","Industrie d'extraction",2010-03-31,2,-0.00131084835281406,2009-12-31,0.123300827777374,-0.00306933334848186,0.5,-0.00219009085064796
"M2","Industrie d'extraction",2010-06-30,2,0.10339820177405,2010-03-31,0.0714932752789377,-0.145097432895266,0.5,-0.020849615560608
"M2","Industrie d'extraction",2010-09-30,2,0.0134536311456487,2010-06-30,-0.0170794195793658,-0.00906948939348058,0.5,0.00219207087608406
"M2","Industrie d'extraction",2010-12-31,2,-0.0052988949765722,2010-09-30,0.0239665118594772,-0.013444291596343,0.5,-0.0093715932864576
"M2","Industrie d'extraction",2011-03-31,2,-0.0415482798534236,2010-12-31,0.0236751243691682,-0.01749656288877,0.5,-0.0295224213710968
"M2","Industrie d'extraction",2011-06-30,2,0.0634565302616288,2011-03-31,-0.00674350295338755,0.0170460368809525,0.5,0.0402512835712907
"M2","Industrie d'extraction",2011-09-30,3,-0.0130582136656816,2011-06-30,-0.0133499228022789,0.0228893663693435,0.5,0.00491557635183095
"M2","Industrie d'extraction",2011-12-31,2,-0.00659414383124065,2011-09-30,0.0380098815677599,-0.00102574435754939,0.5,-0.00380994409439502
"M2","Industrie d'extraction",2012-03-31,2,-0.0879017576525106,2011-12-31,-0.0736002952262371,0.0142365145897535,0.5,-0.0368326215313785
"M2","Industrie d'extraction",2012-06-30,2,0.0568431861753922,2012-03-31,0.0183173578069056,0.0133055333843818,0.5,0.035074359779887
"M2","Industrie d'extraction",2012-09-30,2,0.0594677483143495,2012-06-30,0.0350456479443277,0.0111989986766239,0.5,0.0353333734954867
"M2","Industrie d'extraction",2012-12-31,2,-0.0366938711787511,2012-09-30,0.00129601314153405,0.00872344324264675,0.5,-0.0139852139680522
"M2","Industrie d'extraction",2013-03-31,2,-0.0768927054545445,2012-12-31,-0.0592292366963552,0.0242759555016454,0.5,-0.0263083749764496
"M2","Industrie d'extraction",2013-06-30,2,0.125534041156424,2013-03-31,0.0211512209579841,0.0312725428651447,0.5,0.0784032920107843
"M2","Industrie d'extraction",2013-09-30,2,0.0250299526221423,2013-06-30,0.0033393372883932,0.0205332727041887,0.5,0.0227816126631655
"M2","Industrie d'extraction",2013-12-31,2,0.00573259756147063,2013-09-30,0.0267741064989941,0.0164155767785137,0.5,0.0110740871699922
"M2","Industrie d'extraction",2014-03-31,1,-0.051876156837318,2013-12-31,0.0229264650541641,0.0172805718863199,0.5,-0.017297792475499
"M2","Industrie d'extraction",2014-06-30,1,0.0853444936959723,2014-03-31,-0.00618613651727884,0.017278995762863,0.5,0.0513117447294177
"M2","Industrie d'extraction",2014-09-30,1,-0.0215980226982269,2014-06-30,-0.015888470256332,0.018847408104959,0.5,-0.00137530729663395
"M2","Industrie d'extraction",2014-12-31,1,-0.0779949707204615,2014-09-30,-0.0298633941618487,0.0294840370491735,0.5,-0.024255466835644
"M2","Industrie d'extraction",2015-03-31,1,-0.0614630354739227,2014-12-31,0.00890133635762247,0.0306349108556698,0.5,-0.0154140623091264
"M2","Industrie d'extraction",2015-06-30,1,0.177895808373823,2015-03-31,0.0247954892566806,0.0117541769572229,0.5,0.0948249926655229
"M2","Industrie d'extraction",2015-09-30,2,0.0358058573866517,2013-09-30,0.0237021448250037,0.0121890669862214,0.5,0.0239974621864366
"M2","Industrie d'extraction",2015-12-31,2,0.0143234612755588,2015-09-30,-0.00879815197435896,0.010453219933241,0.5,0.0123883406043999
"M2","Industrie d'extraction",2016-03-31,1,-0.0672680261657864,2015-12-31,0.0161383433235596,0.00911586608716397,0.5,-0.0290760800393112
"M2","Industrie d'extraction",2016-06-30,1,-0.0158425059491927,2016-03-31,-0.0163339493026129,0.0207324617336401,0.5,0.0024449778922237
"M2","Industrie d'extraction",2016-09-30,1,0.031908266341441,2016-06-30,0.0218474503756241,0.0185937502493746,0.5,0.0252510082954078
"M2","Industrie d'extraction",2016-12-31,0,,,0.025849664713844,0.00914133792422436,0.5,0.00914133792422436
"M2","Industrie d'extraction",2017-03-31,0,,,0.0185128254497453,0.0156424128408559,0.5,0.0156424128408559
"M2","Industrie d'extraction",2017-06-30,0,,,0.0955083840143161,0.0133271099000362,0.5,0.0133271099000362
"M2","Industrie d'extraction",2017-09-30,0,,,-0.0311769033996843,0.0119669733443149,0.5,0.0119669733443149
"M2","Industrie d'extraction",2017-12-31,0,,,0.0125783920146532,0.0202132224594892,0.5,0.0202132224594892
"M2","Industrie d'extraction",2018-03-31,0,,,-0.0244479675700369,0.0168804749053021,0.5,0.0168804749053021
"M2","Industrie d'extraction",2018-06-30,0,,,0.0081793613697414,-0.0119328900924359,0.5,-0.0119328900924359
"M2","Industrie d'extraction",2018-09-30,0,,,-0.0117710521370427,0.0129550588583958,0.5,0.0129550588583958
"M2","Industrie d'extraction",2018-12-31,0,,,-0.00327062290436331,0.0038356298493351,0.5,0.0038356298493351
"M2","Industrie d'extraction",2019-03-31,0,,,0.040057095335742,0.00969642848813987,0.5,0.00969642848813987
"M2","Industrie d'extraction",2019-06-30,0,,,-0.0225433471888596,0.00587506414679064,0.5,0.00587506414679064
"M2","Industrie d'extraction",2019-09-30,0,,,0.0109256734157306,0.0200650282919328,0.5,0.0200650282919328
"M2","Industrie d'extraction",2019-12-31,0,,,0.00214620520732645,0.0175802728170349,0.5,0.0175802728170349
"M2","Industrie d'extraction",2020-03-31,0,,,0.00506158820307512,0.0198612030350813,0.5,0.0198612030350813
"M2","Industrie d'extraction",2020-06-30,0,,,0.0237324718357801,0.0282733812059157,0.5,0.0282733812059157
"M2","Industrie d'extraction",2020-09-30,0,,,-0.0110758122366672,0.0348257825919949,0.5,0.0348257825919949
"M2","Industrie d'extraction",2020-12-31,0,,,0.0282365373459843,0.0069170568149415,0.5,0.0069170568149415
"M2","Industrie d'extraction",2021-03-31,0,,,0.0506515529548963,0.00891710501019216,0.5,0.00891710501019216
"M2","Industrie d'extraction",2021-06-30,0,,,-0.0120026798414088,0.0112140528473805,0.5,0.0112140528473805
"M2","Industrie d'extraction",2021-09-30,0,,,0.0223534844760689,0.0189719762582948,0.5,0.0189719762582948
"M2","Industrie d'extraction",2021-12-31,0,,,-0.0143497716369634,0.0131587260013968,0.5,0.0131587260013968
"M2","Industrie d'extraction",2022-03-31,0,,,-0.138625872821352,0.0147690469986585,0.5,0.0147690469986585
"M2","Industrie d'extraction",2022-06-30,0,,,-0.0689421152185421,0.0207467815319396,0.5,0.0207467815319396
"M2","Industrie d'extraction",2022-09-30,0,,,-0.0421248811824597,0.00969542753409443,0.5,0.00969542753409443
"M2","Industrie d'extraction",2022-12-31,0,,,-0.216757201746969,0.00519363304535769,0.5,0.00519363304535769
"M2","Industrie d'extraction",2023-03-31,0,,,0.0973621473997142,0.0292897627901745,0.5,0.0292897627901745
"M2","Industrie d'extraction",2023-06-30,0,,,2.03357431196594e-05,-0.00724115442567746,0.5,-0.00724115442567746
"M2","Industrie d'extraction",2023-09-30,0,,,0.0733392840223264,0.00866230564705127,0.5,0.00866230564705127
"M2","Industrie d'extraction",2023-12-31,0,,,0.113749741354164,-0.000896764388484034,0.5,-0.000896764388484034
"M2","Industrie d'extraction",2024-03-31,0,,,-0.0252607257677209,-0.00984357845914411,0.5,-0.00984357845914411
"M2","Industrie d'extraction",2024-06-30,0,,,0.0070152744335843,0.0134125995166855,0.5,0.0134125995166855
"M2","Industrie d'extraction",2024-09-30,0,,,0.022117053793357,0.0111587526145102,0.5,0.0111587526145102
"M2","Industrie d'extraction",2024-12-31,0,,,-0.0056609646746999,0.00859012744437375,0.5,0.00859012744437375
"M2","Industrie d'extraction",2025-03-31,0,,,0.0657933092045351,-0.00797111829592025,0.5,-0.00797111829592025
"M2","Industrie d'extraction",2025-06-30,0,,,0.046428686738258,0.023742819052498,0.5,0.023742819052498
"M2","Industrie d'extraction",2025-09-30,0,,,-0.0306857679206729,0.000506588676821092,0.5,0.000506588676821092
"M2","Industrie d'extraction",2025-12-31,0,,,-0.0912476795593946,0.00387901013032952,0.5,0.00387901013032952
"M2","Industrie d'extraction",2026-03-31,0,,,0.0429938589024168,-0.00523553901199326,0.5,-0.00523553901199326
"M2","Électricité, gaz, eau",2008-06-30,4,0.00178734364084837,2008-03-31,-0.00741160474239422,0.0237985411566531,0.5,0.0127929423987507
"M2","Électricité, gaz, eau",2008-09-30,4,0.0283782968740803,2008-06-30,-0.00223998562046646,0.0166918468442606,0.5,0.0225350718591704
"M2","Électricité, gaz, eau",2008-12-31,4,-0.00840804314235778,2008-09-30,0.0109984430102408,0.0125002988368141,0.5,0.00204612784722816
"M2","Électricité, gaz, eau",2009-03-31,3,0.0186572735532364,2008-12-31,-0.0930700791897738,0.0100436981227821,0.5,0.0143504858380093
"M2","Électricité, gaz, eau",2009-06-30,5,-0.250543220076338,2009-03-31,-0.0519910871670355,0.0174018735065912,0.5,-0.116570673284873
"M2","Électricité, gaz, eau",2009-09-30,5,-0.0410347376510728,2009-06-30,-0.00171093945968437,0.0250291368976889,0.5,-0.00800280037669195
"M2","Électricité, gaz, eau",2009-12-31,3,0.139128298892247,2009-09-30,0.00551713458301961,0.0123589170032447,0.5,0.0757436079477459
"M2","Électricité, gaz, eau",2010-03-31,3,-0.197989334326809,2009-12-31,0.186653310772002,0.0169068321633549,0.5,-0.0905412510817271
"M2","Électricité, gaz, eau",2010-06-30,2,0.00323906442752953,2010-03-31,-0.0273446288233092,-0.0302777081510207,0.5,-0.0135193218617456
"M2","Électricité, gaz, eau",2010-09-30,3,-0.006598883414402,2010-06-30,0.00751192915597265,0.0183341953255459,0.5,0.00586765595557195
"M2","Électricité, gaz, eau",2010-12-31,3,0.0132831083627829,2010-09-30,0.000665004180783413,0.0101216365072843,0.5,0.0117023724350336
"M2","Électricité, gaz, eau",2011-03-31,3,0.0395636363564189,2010-12-31,0.0466308066830887,0.00789179116689013,0.5,0.0237277137616545
"M2","Électricité, gaz, eau",2011-06-30,2,0.157232162956507,2011-03-31,0.01766185297714,0.0072897782290311,0.5,0.082260970592769
"M2","Électricité, gaz, eau",2011-09-30,3,0.124772854338693,2010-12-31,-0.00280918545008646,0.00614339606880022,0.5,0.0654581252037466
"M2","Électricité, gaz, eau",2011-12-31,2,0.0761663888636565,2011-09-30,0.0660654774128115,0.00495608999375978,0.5,0.0405612394287081
"M2","Électricité, gaz, eau",2012-03-31,4,0.0176172994503534,2010-12-31,-0.0982517581837872,0.00945113497798326,0.5,0.0135342172141683
"M2","Électricité, gaz, eau",2012-06-30,1,0.00448381047402783,2012-03-31,-0.00139975616853683,0.0144877955247958,0.5,0.00948580299941182
"M2","Électricité, gaz, eau",2012-09-30,1,-0.00311104913437394,2012-06-30,0.00820900799579505,0.00511255640437192,0.5,0.00100075363499899
"M2","Électricité, gaz, eau",2012-12-31,1,0.0230608608492689,2012-09-30,-0.0274647793676976,0.00580655320273789,0.5,0.0144337070260034
"M2","Électricité, gaz, eau",2013-03-31,1,0.0376449458420668,2012-12-31,0.0508254332779128,0.00755512908541058,0.5,0.0226000374637387
"M2","Électricité, gaz, eau",2013-06-30,2,-0.00238768102817448,2013-03-31,0.0406946178222913,0.00552428814015486,0.5,0.00156830355599019
"M2","Électricité, gaz, eau",2013-09-30,2,-0.0165966391076807,2013-06-30,0.0339165871468641,0.00340781438460872,0.5,-0.00659441236153599
"M2","Électricité, gaz, eau",2013-12-31,2,-0.012170709337572,2012-12-31,0.00756141187538262,0.00882888909809723,0.5,-0.00167091011973739
"M2","Électricité, gaz, eau",2014-03-31,2,0.0113463142438079,2013-12-31,-0.0462170666108062,0.00892319827259175,0.5,0.0101347562581998
"M2","Électricité, gaz, eau",2014-06-30,1,0.0127600488198483,2014-03-31,0.0332147863217731,0.0146477094499805,0.5,0.0137038791349144
"M2","Électricité, gaz, eau",2014-09-30,1,-0.00252524446926104,2014-06-30,-0.00679393605210521,0.00788023198356382,0.5,0.00267749375715139
"M2","Électricité, gaz, eau",2014-12-31,1,0.0196747599204493,2014-09-30,-0.00857021450047135,0.00858555759323919,0.5,0.0141301587568442
"M2","Électricité, gaz, eau",2015-03-31,3,0.0560110434269185,2014-12-31,0.0437145225973961,0.00884921238223348,0.5,0.032430127904576
"M2","Électricité, gaz, eau",2015-06-30,5,-0.0197637531540009,2015-03-31,0.00610525562054143,0.0100129920168948,0.5,-0.00487538056855305
"M2","Électricité, gaz, eau",2015-09-30,5,-0.0183349546282358,2015-06-30,0.0103469379268244,0.0117712031787603,0.5,-0.00328187572473775
"M2","Électricité, gaz, eau",2015-12-31,4,0.00636933553321626,2015-09-30,-0.00455943213512988,0.00907087004314348,0.5,0.00772010278817987
"M2","Électricité, gaz, eau",2016-03-31,5,-0.0272705522517465,2015-12-31,0.000155955147615572,0.010328303361933,0.5,-0.00847112444490675
"M2","Électricité, gaz, eau",2016-06-30,4,-0.00619266402283023,2016-03-31,-0.017175634556283,0.0044390794189665,0.5,-0.000876792301931865
"M2","Électricité, gaz, eau",2016-09-30,4,-0.00180729955388675,2016-06-30,0.0711460023338066,0.00927168715997263,0.5,0.00373219380304294
"M2","Électricité, gaz, eau",2016-12-31,5,-0.00671694332680734,2016-09-30,-0.0359660643263187,0.00588625183696977,0.5,-0.000415345744918785
"M2","Électricité, gaz, eau",2017-03-31,5,-0.0153263231794429,2016-12-31,-0.00716286993772819,0.00956577654612547,0.5,-0.00288027331665872
"M2","Électricité, gaz, eau",2017-06-30,5,0.00403131542640707,2017-03-31,0.0253000677575166,0.00916374339825512,0.5,0.0065975294123311
"M2","Électricité, gaz, eau",2017-09-30,5,-0.00075585885656754,2017-06-30,0.0048164662893857,0.00714456804040103,0.5,0.00319435459191675
"M2","Électricité, gaz, eau",2017-12-31,5,0.0170509294593434,2017-09-30,0.0387992037287237,0.00927679771418092,0.5,0.0131638635867622
"M2","Électricité, gaz, eau",2018-03-31,5,-0.0145307478718437,2017-12-31,0.0223262968366722,0.00822401884561453,0.5,-0.00315336451311459
"M2","Électricité, gaz, eau",2018-06-30,5,0.026215038676857,2018-03-31,-0.016153880771169,0.00724824029248788,0.5,0.0167316394846724
"M2","Électricité, gaz, eau",2018-09-30,4,-0.00915445698290516,2018-06-30,0.0411974248960654,0.00775235295529797,0.5,-0.000701052013803595
"M2","Électricité, gaz, eau",2018-12-31,3,0.00409789198414062,2018-09-30,0.0623784425554952,0.00151060326382151,0.5,0.00280424762398106
"M2","Électricité, gaz, eau",2019-03-31,1,0.0025669359164322,2018-12-31,0.0925664554057999,0.00763040373789924,0.5,0.00509866982716572
"M2","Électricité, gaz, eau",2019-06-30,3,-0.00857650647967054,2019-03-31,-0.0124026726248605,0.0048789593049273,0.5,-0.00184877358737162
"M2","Électricité, gaz, eau",2019-09-30,3,0.00753756836405089,2019-06-30,-0.0152269847098676,0.0118104322328054,0.5,0.00967400029842815
"M2","Électricité, gaz, eau",2019-12-31,3,0.0151684932105962,2019-09-30,-0.00625851062808103,0.0116090980007103,0.5,0.0133887956056532
"M2","Électricité, gaz, eau",2020-03-31,3,0.0437522819396686,2019-12-31,0.0213425854542955,0.0133282177143148,0.5,0.0285402498269917
"M2","Électricité, gaz, eau",2020-06-30,3,0.00400544438074782,2020-03-31,-0.0970147629221021,0.0116253106567407,0.5,0.00781537751874426
"M2","Électricité, gaz, eau",2020-09-30,2,0.030388857595877,2020-06-30,0.114417799543279,0.0203679484167375,0.5,0.0253784030063072
"M2","Électricité, gaz, eau",2020-12-31,3,-0.0255471656928062,2020-09-30,-0.016022429172736,0.00763759661181983,0.5,-0.00895478454049319
"M2","Électricité, gaz, eau",2021-03-31,4,0.00954667862963039,2020-12-31,0.0217529032326009,0.0142507064559801,0.5,0.0118986925428052
"M2","Électricité, gaz, eau",2021-06-30,4,0.00203984222108479,2021-03-31,0.0253032608158232,0.0117374484688917,0.5,0.00688864534498825
"M2","Électricité, gaz, eau",2021-09-30,5,0.0442437146511848,2021-06-30,0.0158724557012508,0.014287837676236,0.5,0.0292657761637104
"M2","Électricité, gaz, eau",2021-12-31,5,-0.0193810340507391,2021-09-30,0.0138196358846692,0.0147813379033558,0.5,-0.00229984807369165
"M2","Électricité, gaz, eau",2022-03-31,5,0.00208297536552733,2021-12-31,-0.0635858178619184,0.0117816009097258,0.5,0.00693228813762656
"M2","Électricité, gaz, eau",2022-06-30,5,0.0238086692050651,2022-03-31,0.00902096583624079,0.0111161028363726,0.5,0.0174623860207189
"M2","Électricité, gaz, eau",2022-09-30,5,0.0304821348806354,2022-06-30,-0.00480416973629261,0.0117854211849548,0.5,0.0211337780327951
"M2","Électricité, gaz, eau",2022-12-31,5,0.00295318491955804,2022-09-30,-0.0308377748401991,0.0164287285184849,0.5,0.00969095671902147
"M2","Électricité, gaz, eau",2023-03-31,5,-0.00195255813595118,2022-12-31,-0.122401604802485,0.00491119316459571,0.5,0.00147931751432226
"M2","Électricité, gaz, eau",2023-06-30,5,0.0770640841613534,2023-03-31,0.0472201858772916,0.0167429521213334,0.5,0.0469035181413434
"M2","Électricité, gaz, eau",2023-09-30,5,-0.0104163755555742,2023-06-30,0.00207719445817389,0.00858480447681304,0.5,-0.00091578553938058
"M2","Électricité, gaz, eau",2023-12-31,5,-0.037604648723608,2023-09-30,-0.0104818116311538,0.0133204612169981,0.5,-0.0121420937533049
"M2","Électricité, gaz, eau",2024-03-31,5,-0.0421049189473706,2023-12-31,0.0293667797510366,0.0222722417795464,0.5,-0.0099163385839121
"M2","Électricité, gaz, eau",2024-06-30,5,-0.111997129016814,2024-03-31,-0.0474179307558522,0.00737316359000585,0.5,-0.0523119827134041
"M2","Électricité, gaz, eau",2024-09-30,5,0.151443430251145,2024-06-30,0.100587875391312,0.0117658201185831,0.5,0.0816046251848641
"M2","Électricité, gaz, eau",2024-12-31,5,-0.0283139574154523,2024-09-30,0.0115181001740545,0.00778918186518608,0.5,-0.0102623877751331
"M2","Électricité, gaz, eau",2025-03-31,5,-0.032287538372546,2024-12-31,-0.0640900842189289,0.0163996483811137,0.5,-0.00794394499571615
"M2","Électricité, gaz, eau",2025-06-30,5,-0.00614202863521169,2025-03-31,-0.0109469608200001,0.0209032412501338,0.5,0.00738060630746105
"M2","Électricité, gaz, eau",2025-09-30,5,0.0624196521826092,2025-06-30,0.0726483567256153,0.0145466146290205,0.5,0.0384831334058148
"M2","Électricité, gaz, eau",2025-12-31,5,-0.0156518000975997,2025-09-30,-0.0191714590402032,-0.00561992620699645,0.5,-0.0106358631522981
"M2","Électricité, gaz, eau",2026-03-31,5,-0.0897934194031509,2025-12-31,-0.0771317041623973,0.00390440593123111,0.5,-0.0429445067359599
"M3","Construction",2008-06-30,2,0.0202803124634551,2008-03-31,0.0132472081597736,0.00154017809599941,0.5,0.0109102452797273
"M3","Construction",2008-09-30,2,0.0139381649561581,2008-06-30,0.0131799381011142,0.0153317264594193,0.5,0.0146349457077887
"M3","Construction",2008-12-31,3,0.0133919402943436,2008-09-30,0.00574394384298849,0.0117536401931946,0.5,0.0125727902437691
"M3","Construction",2009-03-31,3,0.0153070033457883,2008-12-31,0.0123024964738025,0.0136045182825375,0.5,0.0144557608141629
"M3","Construction",2009-06-30,0,,,0.0171052835357237,0.0152558494690441,0.5,0.0152558494690441
"M3","Construction",2009-09-30,0,,,0.00761699474573163,0.0155889284849811,0.5,0.0155889284849811
"M3","Construction",2009-12-31,0,,,0.0065671970723109,0.0131759849602401,0.5,0.0131759849602401
"M3","Construction",2010-03-31,0,,,-0.000791378669422471,0.0151171272804881,0.5,0.0151171272804881
"M3","Construction",2010-06-30,3,0.0243628173327957,2008-12-31,0.00958615698002419,0.0176389068795438,0.5,0.0210008621061697
"M3","Construction",2010-09-30,2,0.0107816588575873,2010-06-30,0.00222693297585685,0.0158884233317902,0.5,0.0133350410946888
"M3","Construction",2010-12-31,3,0.0152002954783359,2010-09-30,0.011879848136747,0.015508721595629,0.5,0.0153545085369825
"M3","Construction",2011-03-31,3,0.00981880316318817,2010-12-31,0.026545763554946,0.0142257623089153,0.5,0.0120222827360517
"M3","Construction",2011-06-30,3,0.0213696702876007,2011-03-31,0.00201308944378198,0.0144207791893879,0.5,0.0178952247384943
"M3","Construction",2011-09-30,1,0.0140451116394063,2011-06-30,0.0102967898015596,0.0154061130542624,0.5,0.0147256123468343
"M3","Construction",2011-12-31,1,0.017530822176887,2011-09-30,0.010242364311047,0.013412602094817,0.5,0.015471712135852
"M3","Construction",2012-03-31,1,0.0138896029366275,2011-12-31,0.00944531473745158,0.0130500823912607,0.5,0.0134698426639441
"M3","Construction",2012-06-30,1,0.0122899783591098,2012-03-31,-0.000579231354755905,0.0149482588813095,0.5,0.0136191186202097
"M3","Construction",2012-09-30,1,0.0124565803248106,2012-06-30,-0.000207460717341235,0.0136966700781679,0.5,0.0130766252014893
"M3","Construction",2012-12-31,3,0.0134149930337673,2012-09-30,0.00810182606710086,0.0139299909679591,0.5,0.0136724920008632
"M3","Construction",2013-03-31,3,0.0117682043267348,2012-12-31,-0.00629335866093506,0.0144475428212859,0.5,0.0131078735740103
"M3","Construction",2013-06-30,3,0.0168913336187686,2013-03-31,0.00761958588127776,0.0109867432363707,0.5,0.0139390384275697
"M3","Construction",2013-09-30,3,0.00882903895575809,2013-06-30,0.0188926607367019,0.014990344400424,0.5,0.011909691678091
"M3","Construction",2013-12-31,2,0.0139901554844503,2013-09-30,0.00346442716617545,0.0129943383220047,0.5,0.0134922469032275
"M3","Construction",2014-03-31,3,0.007801966626021,2013-12-31,0.0130961138007901,0.0129587080128944,0.5,0.0103803373194577
"M3","Construction",2014-06-30,3,0.0154854088455067,2014-03-31,0.00447736474689187,0.0135342524661724,0.5,0.0145098306558396
"M3","Construction",2014-09-30,2,0.0117380466561511,2014-06-30,-0.000619901584931526,0.0139608835007986,0.5,0.0128494650784749
"M3","Construction",2014-12-31,2,0.0119879038950848,2014-09-30,-0.0170090243189662,0.0135108994581792,0.5,0.012749401676632
"M3","Construction",2015-03-31,1,0.00709227132540127,2014-12-31,-0.00530943948553997,0.0119242811701445,0.5,0.00950827624777289
"M3","Construction",2015-06-30,1,0.0114408717066196,2015-03-31,0.0209819845460189,0.0111879956953914,0.5,0.0113144337010055
"M3","Construction",2015-09-30,2,0.0091875987722055,2015-06-30,0.0115194109871428,0.0120684962486412,0.5,0.0106280475104233
"M3","Construction",2015-12-31,2,0.014659132190987,2015-09-30,0.032079368271992,0.0114004814166324,0.5,0.0130298068038097
"M3","Construction",2016-03-31,3,0.0135894673942325,2015-12-31,0.0187855153946899,0.0130882506551527,0.5,0.0133388590246926
"M3","Construction",2016-06-30,0,,,-0.00501930687227414,0.012669329199756,0.5,0.012669329199756
"M3","Construction",2016-09-30,0,,,-0.00562759321653061,0.011636632309017,0.5,0.011636632309017
"M3","Construction",2016-12-31,0,,,-0.0052620417260254,0.0124515873959961,0.5,0.0124515873959961
"M3","Construction",2017-03-31,0,,,0.0132064022878779,0.0105025955245449,0.5,0.0105025955245449
"M3","Construction",2017-06-30,0,,,0.000867405836450175,0.0117889777110755,0.5,0.0117889777110755
"M3","Construction",2017-09-30,0,,,0.017936616006887,0.0114155714823311,0.5,0.0114155714823311
"M3","Construction",2017-12-31,0,,,-0.00784029652175278,0.0115486012069794,0.5,0.0115486012069794
"M3","Construction",2018-03-31,0,,,0.026272471549829,0.0107415786772516,0.5,0.0107415786772516
"M3","Construction",2018-06-30,0,,,0.00736116363280281,0.0130643283125074,0.5,0.0130643283125074
"M3","Construction",2018-09-30,0,,,-0.0192666965708348,0.0113876526016158,0.5,0.0113876526016158
"M3","Construction",2018-12-31,0,,,-0.0524286380169254,0.0100600784924261,0.5,0.0100600784924261
"M3","Construction",2019-03-31,0,,,0.0166559720067418,0.00885098456855127,0.5,0.00885098456855127
"M3","Construction",2019-06-30,0,,,0.0481920910731386,0.0119527879653205,0.5,0.0119527879653205
"M3","Construction",2019-09-30,0,,,0.0125910845192418,0.014249309052876,0.5,0.014249309052876
"M3","Construction",2019-12-31,0,,,-0.0273069523615579,0.00895884970361975,0.5,0.00895884970361975
"M3","Construction",2020-03-31,0,,,0.000213553084455143,0.00726370133625902,0.5,0.00726370133625902
"M3","Construction",2020-06-30,0,,,-0.102776372819593,0.000543484826574807,0.5,0.000543484826574807
"M3","Construction",2020-09-30,0,,,0.0356201479127147,-0.000286293027691621,0.5,-0.000286293027691621
"M3","Construction",2020-12-31,1,0.0145130168387476,2020-09-30,0.072642691639901,0.0127320820427462,0.5,0.0136225494407469
"M3","Construction",2021-03-31,1,0.0183386315396939,2020-12-31,-0.00494022963371066,0.0137820274801226,0.5,0.0160603295099082
"M3","Construction",2021-06-30,1,0.00742100108394215,2021-03-31,-0.00250132109599832,0.0099200849104172,0.5,0.00867054299717968
"M3","Construction",2021-09-30,1,0.00748224547747619,2021-06-30,0.0107028535882208,0.00986454778203801,0.5,0.0086733966297571
"M3","Construction",2021-12-31,1,0.0118502611401467,2021-09-30,0.00772099252970015,0.0129192439234903,0.5,0.0123847525318185
"M3","Construction",2022-03-31,1,0.00597601075835367,2021-12-31,-0.026866287683136,0.00953832346164042,0.5,0.00775716710999705
"M3","Construction",2022-06-30,1,0.000271770436302773,2022-03-31,-0.0038148328637746,0.00923638063925402,0.5,0.0047540755377784
"M3","Construction",2022-09-30,1,0.00448150755758655,2022-06-30,-0.0309753266623467,0.0088818641192418,0.5,0.00668168583841417
"M3","Construction",2022-12-31,1,0.00726822875154134,2022-09-30,-0.0138810252956052,0.00502176900630458,0.5,0.00614499887892296
"M3","Construction",2023-03-31,0,,,0.0264176726138974,0.00137059462271156,0.5,0.00137059462271156
"M3","Construction",2023-06-30,0,,,0.00252741405244095,0.0102549162102403,0.5,0.0102549162102403
"M3","Construction",2023-09-30,0,,,0.00248876146185317,0.0087000006609335,0.5,0.0087000006609335
"M3","Construction",2023-12-31,0,,,0.00486264809430104,0.00693905551430475,0.5,0.00693905551430475
"M3","Construction",2024-03-31,1,0.00651160728073925,2022-09-30,0.0243786805323758,0.00750063107069851,0.5,0.00700611917571888
"M3","Construction",2024-06-30,1,0.00832276804843119,2024-03-31,0.0131434129712957,0.0105724448604855,0.5,0.00944760645445835
"M3","Construction",2024-09-30,1,0.0141307021754891,2024-06-30,0.0334036782533733,0.00754080486595122,0.5,0.0108357535207202
"M3","Construction",2024-12-31,1,0.0152973212008605,2024-09-30,0.00587796447580935,0.00902142194442809,0.5,0.0121593715726443
"M3","Construction",2025-03-31,1,0.00316123251367846,2024-12-31,0.0164348782556303,0.0107764162004622,0.5,0.00696882435707033
"M3","Construction",2025-06-30,1,0.0108388218715777,2025-03-31,0.0173260458459641,0.0111057481407055,0.5,0.0109722850061416
"M3","Construction",2025-09-30,1,0.0140341164722111,2025-06-30,0.0230301767543057,0.00834907634842199,0.5,0.0111915964103165
"M3","Construction",2025-12-31,1,0.0105856215655104,2025-09-30,-0.000376710311417838,0.00878617933429037,0.5,0.00968590044990039
"M3","Construction",2026-03-31,1,-0.00228383353376849,2025-12-31,-0.0250954841631064,0.0111984473797093,0.5,0.00445730692297041
"M3","Finances et assurances",2008-06-30,5,0.0484667981277778,2008-03-31,-0.00228208059613522,0.000979927002336627,0.5,0.0247233625650572
"M3","Finances et assurances",2008-09-30,4,0.0414956132533415,2008-06-30,0.00906111218203876,0.00491092817653971,0.5,0.0232032707149406
"M3","Finances et assurances",2008-12-31,5,0.0258467943980233,2008-09-30,0.0256098073542006,0.0119676614975417,0.5,0.0189072279477825
"M3","Finances et assurances",2009-03-31,5,0.0142849736307314,2008-12-31,-0.0238650996915464,0.0114042174880132,0.5,0.0128445955593723
"M3","Finances et assurances",2009-06-30,5,0.0147547587134798,2009-03-31,0.0143588538076731,0.0068602842353153,0.5,0.0108075214743975
"M3","Finances et assurances",2009-09-30,5,0.0184220174465022,2009-06-30,0.0260836551490407,0.0173412465888723,0.5,0.0178816320176872
"M3","Finances et assurances",2009-12-31,5,0.0184521919365279,2009-09-30,0.0170224182955963,0.015280279503426,0.5,0.0168662357199769
"M3","Finances et assurances",2010-03-31,5,0.046956653985017,2009-12-31,0.0533518771081489,0.0208647347065916,0.5,0.0339106943458043
"M3","Finances et assurances",2010-06-30,4,0.0260425566465648,2010-03-31,0.0228723642540416,0.00988679146966893,0.5,0.0179646740581169
"M3","Finances et assurances",2010-09-30,4,0.00964209245600827,2010-06-30,0.0293609911023349,0.0194208854449409,0.5,0.0145314889504746
"M3","Finances et assurances",2010-12-31,4,0.00407087390440427,2010-09-30,-0.0120421486852003,0.0135403808273772,0.5,0.00880562736589073
"M3","Finances et assurances",2011-03-31,5,-0.00900581416977081,2010-12-31,0.0260481077173296,0.0132512452573755,0.5,0.00212271554380235
"M3","Finances et assurances",2011-06-30,5,0.00581272036162324,2011-03-31,0.0367315800042309,0.0135498955927102,0.5,0.00968130797716672
"M3","Finances et assurances",2011-09-30,5,0.0242511048944963,2011-06-30,0.0192870194863595,0.0167171006188988,0.5,0.0204841027566975
"M3","Finances et assurances",2011-12-31,5,0.0153760789828579,2011-09-30,0.0183332099292191,0.0166944940176358,0.5,0.0160352865002469
"M3","Finances et assurances",2012-03-31,5,0.00484382640075553,2011-12-31,-0.00630271920688763,0.0156434175095532,0.5,0.0102436219551544
"M3","Finances et assurances",2012-06-30,5,0.00872132682040773,2012-03-31,0.0176538532416171,0.0114503043975276,0.5,0.0100858156089677
"M3","Finances et assurances",2012-09-30,5,0.0232553849656106,2012-06-30,0.00338681497401261,0.013229955709098,0.5,0.0182426703373543
"M3","Finances et assurances",2012-12-31,5,0.00564798774297976,2012-09-30,0.00211669506602519,0.0128829040893667,0.5,0.00926544591617323
"M3","Finances et assurances",2013-03-31,5,0.00299410811874892,2012-12-31,-0.0250691486515962,0.0125432776228005,0.5,0.00776869287077471
"M3","Finances et assurances",2013-06-30,5,0.0221266979596333,2013-03-31,0.015777667590406,0.0089705860567349,0.5,0.0155486420081841
"M3","Finances et assurances",2013-09-30,5,0.0121607556049285,2013-06-30,0.0130811196170004,0.0151981100422132,0.5,0.0136794328235709
"M3","Finances et assurances",2013-12-31,5,0.0145018748806953,2013-09-30,0.00803627470383006,0.0135882526806087,0.5,0.014045063780652
"M3","Finances et assurances",2014-03-31,5,0.00293489729358187,2013-12-31,-0.00657198480570287,0.0132984975231098,0.5,0.00811669740834584
"M3","Finances et assurances",2014-06-30,5,0.0170365221320735,2014-03-31,0.00979204446059612,0.0140681567625369,0.5,0.0155523394473052
"M3","Finances et assurances",2014-09-30,5,0.00653993037747061,2014-06-30,0.0108712876306072,0.0146312688234217,0.5,0.0105855996004462
"M3","Finances et assurances",2014-12-31,5,0.0139573429091425,2014-09-30,0.00817212302553116,0.0121648395804871,0.5,0.0130610912448148
"M3","Finances et assurances",2015-03-31,5,0.00937826573077355,2014-12-31,0.0025733872860485,0.0121945974410465,0.5,0.01078643158591
"M3","Finances et assurances",2015-06-30,5,0.00657025752981351,2015-03-31,-0.000283635140750249,0.012426105066098,0.5,0.00949818129795576
"M3","Finances et assurances",2015-09-30,5,0.00968618988268272,2015-06-30,0.00555168992811517,0.0129537372037148,0.5,0.0113199635431988
"M3","Finances et assurances",2015-12-31,5,0.00191699039580348,2015-09-30,0.0216448096360278,0.0117430605231681,0.5,0.00683002545948579
"M3","Finances et assurances",2016-03-31,5,-0.000406785352892031,2015-12-31,0.0116644403276638,0.0153764876598674,0.5,0.00748485115348768
"M3","Finances et assurances",2016-06-30,5,0.0108997856671717,2016-03-31,0.0132480316692885,0.0151314048367449,0.5,0.0130155952519583
"M3","Finances et assurances",2016-09-30,5,0.0089905211639972,2016-06-30,0.0406230501366736,0.0116688289538044,0.5,0.0103296750589008
"M3","Finances et assurances",2016-12-31,5,0.0152318917276414,2016-09-30,-0.0101673768515305,0.0141647063806995,0.5,0.0146982990541705
"M3","Finances et assurances",2017-03-31,5,-0.00189879382444303,2016-12-31,0.00552692213443429,0.0102546490414968,0.5,0.00417792760852688
"M3","Finances et assurances",2017-06-30,5,0.0173822960267603,2017-03-31,0.0236163865511507,0.0116480143021699,0.5,0.0145151551644651
"M3","Finances et assurances",2017-09-30,5,0.0072312316793639,2017-06-30,-0.00152331413688955,0.0130385624814541,0.5,0.010134897080409
"M3","Finances et assurances",2017-12-31,5,0.00724967073854659,2017-09-30,-0.00363516724733692,0.0123311502410938,0.5,0.00979041048982019
"M3","Finances et assurances",2018-03-31,5,-0.00153927522042797,2017-12-31,0.0129764503213643,0.011140428531226,0.5,0.00480057665539901
"M3","Finances et assurances",2018-06-30,5,0.0148450802535756,2018-03-31,-0.00435156893570188,0.0138091384445282,0.5,0.0143271093490519
"M3","Finances et assurances",2018-09-30,5,0.0137490794852582,2018-06-30,0.00735193248656962,0.0115706784504298,0.5,0.012659878967844
"M3","Finances et assurances",2018-12-31,5,0.00621908946868007,2018-09-30,0.0110438895944789,0.00874297886195605,0.5,0.00748103416531806
"M3","Finances et assurances",2019-03-31,5,0.00715298136197451,2018-12-31,0.0315392522985256,0.0100667958222359,0.5,0.0086098885921052
"M3","Finances et assurances",2019-06-30,5,0.0115695993324715,2019-03-31,0.000435811706188005,0.0139581707063801,0.5,0.0127638850194258
"M3","Finances et assurances",2019-09-30,5,0.014067125535114,2019-06-30,0.0130609593133908,0.0144508412845183,0.5,0.0142589834098161
"M3","Finances et assurances",2019-12-31,5,0.0103976276300146,2019-09-30,0.00825566078032658,0.0120688123557421,0.5,0.0112332199928784
"M3","Finances et assurances",2020-03-31,5,0.00501686340484693,2019-12-31,-0.0212114526144092,0.0121198820341142,0.5,0.00856837271948056
"M3","Finances et assurances",2020-06-30,5,0.0159828628865533,2020-03-31,0.0113083327777996,0.00518195860742856,0.5,0.0105824107469909
"M3","Finances et assurances",2020-09-30,5,0.00895724386923676,2020-06-30,0.00678756570547989,0.00614068207830312,0.5,0.00754896297376994
"M3","Finances et assurances",2020-12-31,5,0.00695798974416917,2020-09-30,0.0114494849451461,0.00787272860201549,0.5,0.00741535917309233
"M3","Finances et assurances",2021-03-31,5,0.00467702057470433,2020-12-31,-0.00739307250548649,0.0157067490056733,0.5,0.0101918847901888
"M3","Finances et assurances",2021-06-30,5,0.0145258886560461,2021-03-31,0.0281576114642981,0.0132416318975279,0.5,0.013883760276787
"M3","Finances et assurances",2021-09-30,5,0.00398711678353411,2021-06-30,0.00585438399346749,0.0123493802492189,0.5,0.00816824851637651
"M3","Finances et assurances",2021-12-31,5,0.00668241218839003,2021-09-30,0.016641170500078,0.0134169140860317,0.5,0.0100496631372109
"M3","Finances et assurances",2022-03-31,5,0.00423202229119188,2021-12-31,0.0414257987284206,0.0118596036462315,0.5,0.00804581296871169
"M3","Finances et assurances",2022-06-30,5,0.0109479762412991,2022-03-31,0.031410255383383,0.0122908502458726,0.5,0.0116194132435859
"M3","Finances et assurances",2022-09-30,5,0.00769057406516276,2022-06-30,0.0122236867003789,0.0138281071378301,0.5,0.0107593406014964
"M3","Finances et assurances",2022-12-31,5,0.00964811436399565,2022-09-30,0.00818990746985371,0.0148010203077491,0.5,0.0122245673358724
"M3","Finances et assurances",2023-03-31,5,-1.20055992339081e-05,2022-12-31,0.0177076136496304,0.0098605338753833,0.5,0.0049242641380747
"M3","Finances et assurances",2023-06-30,5,0.012705237901042,2023-03-31,0.0142309413674457,0.0147002203889168,0.5,0.0137027291449794
"M3","Finances et assurances",2023-09-30,5,0.0089274151931457,2023-06-30,0.0138611051650379,0.0138909190340834,0.5,0.0114091671136145
"M3","Finances et assurances",2023-12-31,5,0.015446143669662,2023-09-30,0.0205123675274645,0.0140112648383389,0.5,0.0147287042540005
"M3","Finances et assurances",2024-03-31,5,0.00914137971047391,2023-12-31,0.034226988537851,0.0157533574911074,0.5,0.0124473686007907
"M3","Finances et assurances",2024-06-30,5,0.00762439433470097,2024-03-31,0.00677789865920531,0.013729697055497,0.5,0.010677045695099
"M3","Finances et assurances",2024-09-30,5,0.0112759014454074,2024-06-30,0.0307983277209374,0.0132938858143099,0.5,0.0122848936298586
"M3","Finances et assurances",2024-12-31,5,0.0122312097495603,2024-09-30,0.024404004984877,0.0146411711588781,0.5,0.0134361904542192
"M3","Finances et assurances",2025-03-31,5,0.00920249232823694,2024-12-31,-0.00576523644903126,0.0169947542814617,0.5,0.0130986233048493
"M3","Finances et assurances",2025-06-30,5,0.0148897825327998,2025-03-31,-0.000740007216192495,0.0131166084060867,0.5,0.0140031954694433
"M3","Finances et assurances",2025-09-30,5,0.00779309587077296,2025-06-30,0.0383171453817219,0.0121431557847343,0.5,0.00996812582775363
"M3","Finances et assurances",2025-12-31,5,0.0192732653977215,2025-09-30,0.02252710319177,0.0161887632976205,0.5,0.017731014347671
"M3","Finances et assurances",2026-03-31,5,0.00802684018761908,2025-12-31,0.0131482423939122,0.0145541845518335,0.5,0.0112905123697263
"M3","Industrie d'extraction",2008-06-30,1,0.0118008214537466,2008-03-31,-0.0217925195921751,0.0272936570640753,0.5,0.0195472392589109
"M3","Industrie d'extraction",2008-09-30,1,0.00836410977742697,2008-06-30,0.0180514274217654,0.0268186206906144,0.5,0.0175913652340207
"M3","Industrie d'extraction",2008-12-31,1,-0.0746721311052924,2008-09-30,-0.218117995343437,0.0110549615039752,0.5,-0.0318085848006586
"M3","Industrie d'extraction",2009-03-31,1,-0.102317579355071,2008-12-31,-0.432282485139092,0.0271106031427813,0.5,-0.0376034881061449
"M3","Industrie d'extraction",2009-06-30,1,0.109911466596803,2009-03-31,0.240834849528154,0.0270450991348365,0.5,0.0684782828658198
"M3","Industrie d'extraction",2009-09-30,2,0.165116242701595,2009-06-30,0.0617341261486111,-0.0411125665838236,0.5,0.0620018380588857
"M3","Industrie d'extraction",2009-12-31,2,0.0371922292595016,2009-09-30,0.13005125221814,-0.00446953466128375,0.5,0.0163613472991089
"M3","Industrie d'extraction",2010-03-31,2,0.0166112553107998,2009-12-31,0.123300827777374,-0.00306933334848186,0.5,0.00677096098115897
"M3","Industrie d'extraction",2010-06-30,2,0.145143832338604,2010-03-31,0.0714932752789377,-0.145097432895266,0.5,2.31997216690039e-05
"M3","Industrie d'extraction",2010-09-30,2,0.020357720966918,2010-06-30,-0.0170794195793658,-0.00906948939348058,0.5,0.00564411578671871
"M3","Industrie d'extraction",2010-12-31,2,-0.00745986844647787,2010-09-30,0.0239665118594772,-0.013444291596343,0.5,-0.0104520800214104
"M3","Industrie d'extraction",2011-03-31,2,-0.0369189799216421,2010-12-31,0.0236751243691682,-0.01749656288877,0.5,-0.027207771405206
"M3","Industrie d'extraction",2011-06-30,2,0.0700936467273618,2011-03-31,-0.00674350295338755,0.0170460368809525,0.5,0.0435698418041572
"M3","Industrie d'extraction",2011-09-30,3,-0.00318318390501788,2011-06-30,-0.0133499228022789,0.0228893663693435,0.5,0.00985309123216281
"M3","Industrie d'extraction",2011-12-31,2,0.00834271604505433,2011-09-30,0.0380098815677599,-0.00102574435754939,0.5,0.00365848584375247
"M3","Industrie d'extraction",2012-03-31,2,-0.0909430646759997,2011-12-31,-0.0736002952262371,0.0142365145897535,0.5,-0.0383532750431231
"M3","Industrie d'extraction",2012-06-30,2,0.0706094329769349,2012-03-31,0.0183173578069056,0.0133055333843818,0.5,0.0419574831806583
"M3","Industrie d'extraction",2012-09-30,2,0.058457485483232,2012-06-30,0.0350456479443277,0.0111989986766239,0.5,0.0348282420799279
"M3","Industrie d'extraction",2012-12-31,2,-0.0266914411600941,2012-09-30,0.00129601314153405,0.00872344324264675,0.5,-0.00898399895872368
"M3","Industrie d'extraction",2013-03-31,2,-0.100568315309544,2012-12-31,-0.0592292366963552,0.0242759555016454,0.5,-0.0381461799039493
"M3","Industrie d'extraction",2013-06-30,2,0.105774499981506,2013-03-31,0.0211512209579841,0.0312725428651447,0.5,0.0685235214233254
"M3","Industrie d'extraction",2013-09-30,2,0.0136137356913185,2013-06-30,0.0033393372883932,0.0205332727041887,0.5,0.0170735041977536
"M3","Industrie d'extraction",2013-12-31,2,0.00118783205608677,2013-09-30,0.0267741064989941,0.0164155767785137,0.5,0.00880170441730023
"M3","Industrie d'extraction",2014-03-31,1,-0.00220815615382131,2013-12-31,0.0229264650541641,0.0172805718863199,0.5,0.0075362078662493
"M3","Industrie d'extraction",2014-06-30,1,0.0814074414469281,2014-03-31,-0.00618613651727884,0.017278995762863,0.5,0.0493432186048956
"M3","Industrie d'extraction",2014-09-30,1,-0.000394560943768925,2014-06-30,-0.015888470256332,0.018847408104959,0.5,0.00922642358059504
"M3","Industrie d'extraction",2014-12-31,1,-0.048163111620312,2014-09-30,-0.0298633941618487,0.0294840370491735,0.5,-0.00933953728556925
"M3","Industrie d'extraction",2015-03-31,1,-0.100109470369097,2014-12-31,0.00890133635762247,0.0306349108556698,0.5,-0.0347372797567136
"M3","Industrie d'extraction",2015-06-30,1,0.185974751155541,2015-03-31,0.0247954892566806,0.0117541769572229,0.5,0.0988644640563819
"M3","Industrie d'extraction",2015-09-30,2,0.0290398322004403,2013-09-30,0.0237021448250037,0.0121890669862214,0.5,0.0206144495933308
"M3","Industrie d'extraction",2015-12-31,1,0.0181070776546766,2015-09-30,-0.00879815197435896,0.010453219933241,0.5,0.0142801487939588
"M3","Industrie d'extraction",2016-03-31,1,-0.0695524782718296,2015-12-31,0.0161383433235596,0.00911586608716397,0.5,-0.0302183060923328
"M3","Industrie d'extraction",2016-06-30,1,0.0088447193536802,2016-03-31,-0.0163339493026129,0.0207324617336401,0.5,0.0147885905436602
"M3","Industrie d'extraction",2016-09-30,1,0.031908266341441,2016-06-30,0.0218474503756241,0.0185937502493746,0.5,0.0252510082954078
"M3","Industrie d'extraction",2016-12-31,0,,,0.025849664713844,0.00914133792422436,0.5,0.00914133792422436
"M3","Industrie d'extraction",2017-03-31,0,,,0.0185128254497453,0.0156424128408559,0.5,0.0156424128408559
"M3","Industrie d'extraction",2017-06-30,0,,,0.0955083840143161,0.0133271099000362,0.5,0.0133271099000362
"M3","Industrie d'extraction",2017-09-30,0,,,-0.0311769033996843,0.0119669733443149,0.5,0.0119669733443149
"M3","Industrie d'extraction",2017-12-31,0,,,0.0125783920146532,0.0202132224594892,0.5,0.0202132224594892
"M3","Industrie d'extraction",2018-03-31,0,,,-0.0244479675700369,0.0168804749053021,0.5,0.0168804749053021
"M3","Industrie d'extraction",2018-06-30,0,,,0.0081793613697414,-0.0119328900924359,0.5,-0.0119328900924359
"M3","Industrie d'extraction",2018-09-30,0,,,-0.0117710521370427,0.0129550588583958,0.5,0.0129550588583958
"M3","Industrie d'extraction",2018-12-31,0,,,-0.00327062290436331,0.0038356298493351,0.5,0.0038356298493351
"M3","Industrie d'extraction",2019-03-31,0,,,0.040057095335742,0.00969642848813987,0.5,0.00969642848813987
"M3","Industrie d'extraction",2019-06-30,0,,,-0.0225433471888596,0.00587506414679064,0.5,0.00587506414679064
"M3","Industrie d'extraction",2019-09-30,0,,,0.0109256734157306,0.0200650282919328,0.5,0.0200650282919328
"M3","Industrie d'extraction",2019-12-31,0,,,0.00214620520732645,0.0175802728170349,0.5,0.0175802728170349
"M3","Industrie d'extraction",2020-03-31,0,,,0.00506158820307512,0.0198612030350813,0.5,0.0198612030350813
"M3","Industrie d'extraction",2020-06-30,0,,,0.0237324718357801,0.0282733812059157,0.5,0.0282733812059157
"M3","Industrie d'extraction",2020-09-30,0,,,-0.0110758122366672,0.0348257825919949,0.5,0.0348257825919949
"M3","Industrie d'extraction",2020-12-31,0,,,0.0282365373459843,0.0069170568149415,0.5,0.0069170568149415
"M3","Industrie d'extraction",2021-03-31,0,,,0.0506515529548963,0.00891710501019216,0.5,0.00891710501019216
"M3","Industrie d'extraction",2021-06-30,0,,,-0.0120026798414088,0.0112140528473805,0.5,0.0112140528473805
"M3","Industrie d'extraction",2021-09-30,0,,,0.0223534844760689,0.0189719762582948,0.5,0.0189719762582948
"M3","Industrie d'extraction",2021-12-31,0,,,-0.0143497716369634,0.0131587260013968,0.5,0.0131587260013968
"M3","Industrie d'extraction",2022-03-31,0,,,-0.138625872821352,0.0147690469986585,0.5,0.0147690469986585
"M3","Industrie d'extraction",2022-06-30,0,,,-0.0689421152185421,0.0207467815319396,0.5,0.0207467815319396
"M3","Industrie d'extraction",2022-09-30,0,,,-0.0421248811824597,0.00969542753409443,0.5,0.00969542753409443
"M3","Industrie d'extraction",2022-12-31,0,,,-0.216757201746969,0.00519363304535769,0.5,0.00519363304535769
"M3","Industrie d'extraction",2023-03-31,0,,,0.0973621473997142,0.0292897627901745,0.5,0.0292897627901745
"M3","Industrie d'extraction",2023-06-30,0,,,2.03357431196594e-05,-0.00724115442567746,0.5,-0.00724115442567746
"M3","Industrie d'extraction",2023-09-30,0,,,0.0733392840223264,0.00866230564705127,0.5,0.00866230564705127
"M3","Industrie d'extraction",2023-12-31,0,,,0.113749741354164,-0.000896764388484034,0.5,-0.000896764388484034
"M3","Industrie d'extraction",2024-03-31,0,,,-0.0252607257677209,-0.00984357845914411,0.5,-0.00984357845914411
"M3","Industrie d'extraction",2024-06-30,0,,,0.0070152744335843,0.0134125995166855,0.5,0.0134125995166855
"M3","Industrie d'extraction",2024-09-30,0,,,0.022117053793357,0.0111587526145102,0.5,0.0111587526145102
"M3","Industrie d'extraction",2024-12-31,0,,,-0.0056609646746999,0.00859012744437375,0.5,0.00859012744437375
"M3","Industrie d'extraction",2025-03-31,0,,,0.0657933092045351,-0.00797111829592025,0.5,-0.00797111829592025
"M3","Industrie d'extraction",2025-06-30,0,,,0.046428686738258,0.023742819052498,0.5,0.023742819052498
"M3","Industrie d'extraction",2025-09-30,0,,,-0.0306857679206729,0.000506588676821092,0.5,0.000506588676821092
"M3","Industrie d'extraction",2025-12-31,0,,,-0.0912476795593946,0.00387901013032952,0.5,0.00387901013032952
"M3","Industrie d'extraction",2026-03-31,0,,,0.0429938589024168,-0.00523553901199326,0.5,-0.00523553901199326
"M3","Électricité, gaz, eau",2008-06-30,4,0.00542112617767789,2008-03-31,-0.00741160474239422,0.0237985411566531,0.5,0.0146098336671655
"M3","Électricité, gaz, eau",2008-09-30,4,0.0471693446362771,2008-06-30,-0.00223998562046646,0.0166918468442606,0.5,0.0319305957402689
"M3","Électricité, gaz, eau",2008-12-31,4,-0.0077228310354751,2008-09-30,0.0109984430102408,0.0125002988368141,0.5,0.0023887339006695
"M3","Électricité, gaz, eau",2009-03-31,3,0.0278024556628413,2008-12-31,-0.0930700791897738,0.0100436981227821,0.5,0.0189230768928117
"M3","Électricité, gaz, eau",2009-06-30,5,-0.23299513741186,2009-03-31,-0.0519910871670355,0.0174018735065912,0.5,-0.107796631952634
"M3","Électricité, gaz, eau",2009-09-30,5,-0.0121510511604151,2009-06-30,-0.00171093945968437,0.0250291368976889,0.5,0.0064390428686369
"M3","Électricité, gaz, eau",2009-12-31,3,0.0309975106029756,2009-09-30,0.00551713458301961,0.0123589170032447,0.5,0.0216782138031101
"M3","Électricité, gaz, eau",2010-03-31,3,-0.188931254095908,2009-12-31,0.186653310772002,0.0169068321633549,0.5,-0.0860122109662766
"M3","Électricité, gaz, eau",2010-06-30,2,-0.00931459083937994,2010-03-31,-0.0273446288233092,-0.0302777081510207,0.5,-0.0197961494952003
"M3","Électricité, gaz, eau",2010-09-30,3,-0.00343198760457278,2010-06-30,0.00751192915597265,0.0183341953255459,0.5,0.00745110386048656
"M3","Électricité, gaz, eau",2010-12-31,3,0.0286610586913847,2010-09-30,0.000665004180783413,0.0101216365072843,0.5,0.0193913475993345
"M3","Électricité, gaz, eau",2011-03-31,3,0.0203040823094385,2010-12-31,0.0466308066830887,0.00789179116689013,0.5,0.0140979367381643
"M3","Électricité, gaz, eau",2011-06-30,2,0.0228426834925741,2011-03-31,0.01766185297714,0.0072897782290311,0.5,0.0150662308608026
"M3","Électricité, gaz, eau",2011-09-30,3,-0.0277242023543312,2010-12-31,-0.00280918545008646,0.00614339606880022,0.5,-0.0107904031427655
"M3","Électricité, gaz, eau",2011-12-31,2,0.0592019330168421,2011-09-30,0.0660654774128115,0.00495608999375978,0.5,0.0320790115053009
"M3","Électricité, gaz, eau",2012-03-31,4,0.0742373221652008,2010-12-31,-0.0982517581837872,0.00945113497798326,0.5,0.041844228571592
"M3","Électricité, gaz, eau",2012-06-30,1,0.0207759409729016,2012-03-31,-0.00139975616853683,0.0144877955247958,0.5,0.0176318682488487
"M3","Électricité, gaz, eau",2012-09-30,1,-0.00239204637862126,2012-06-30,0.00820900799579505,0.00511255640437192,0.5,0.00136025501287533
"M3","Électricité, gaz, eau",2012-12-31,1,-0.00848319201400983,2012-09-30,-0.0274647793676976,0.00580655320273789,0.5,-0.00133831940563597
"M3","Électricité, gaz, eau",2013-03-31,1,0.0376449458420668,2012-12-31,0.0508254332779128,0.00755512908541058,0.5,0.0226000374637387
"M3","Électricité, gaz, eau",2013-06-30,2,0.00405581142076534,2013-03-31,0.0406946178222913,0.00552428814015486,0.5,0.0047900497804601
"M3","Électricité, gaz, eau",2013-09-30,2,-0.00427304720273688,2013-06-30,0.0339165871468641,0.00340781438460872,0.5,-0.00043261640906408
"M3","Électricité, gaz, eau",2013-12-31,2,0.00527939516452235,2012-12-31,0.00756141187538262,0.00882888909809723,0.5,0.00705414213130979
"M3","Électricité, gaz, eau",2014-03-31,2,0.00632952998871504,2013-12-31,-0.0462170666108062,0.00892319827259175,0.5,0.00762636413065339
"M3","Électricité, gaz, eau",2014-06-30,1,0.0177117961592961,2014-03-31,0.0332147863217731,0.0146477094499805,0.5,0.0161797528046383
"M3","Électricité, gaz, eau",2014-09-30,1,-0.00644707609857113,2014-06-30,-0.00679393605210521,0.00788023198356382,0.5,0.000716577942496345
"M3","Électricité, gaz, eau",2014-12-31,1,0.0231278263156396,2014-09-30,-0.00857021450047135,0.00858555759323919,0.5,0.0158566919544394
"M3","Électricité, gaz, eau",2015-03-31,3,0.0707205223224617,2014-12-31,0.0437145225973961,0.00884921238223348,0.5,0.0397848673523476
"M3","Électricité, gaz, eau",2015-06-30,5,0.00290341949705041,2015-03-31,0.00610525562054143,0.0100129920168948,0.5,0.00645820575697261
"M3","Électricité, gaz, eau",2015-09-30,5,-0.0214861449205759,2015-06-30,0.0103469379268244,0.0117712031787603,0.5,-0.0048574708709078
"M3","Électricité, gaz, eau",2015-12-31,4,0.0115118273182787,2015-09-30,-0.00455943213512988,0.00907087004314348,0.5,0.0102913486807111
"M3","Électricité, gaz, eau",2016-03-31,5,-0.0323226372631088,2015-12-31,0.000155955147615572,0.010328303361933,0.5,-0.0109971669505879
"M3","Électricité, gaz, eau",2016-06-30,4,0.00224378522270249,2016-03-31,-0.017175634556283,0.0044390794189665,0.5,0.00334143232083449
"M3","Électricité, gaz, eau",2016-09-30,4,0.00867319830023176,2016-06-30,0.0711460023338066,0.00927168715997263,0.5,0.00897244273010219
"M3","Électricité, gaz, eau",2016-12-31,5,0.00202504848225445,2016-09-30,-0.0359660643263187,0.00588625183696977,0.5,0.00395565015961211
"M3","Électricité, gaz, eau",2017-03-31,5,-0.017611871119393,2016-12-31,-0.00716286993772819,0.00956577654612547,0.5,-0.00402304728663377
"M3","Électricité, gaz, eau",2017-06-30,5,-0.000827607340332777,2017-03-31,0.0253000677575166,0.00916374339825512,0.5,0.00416806802896117
"M3","Électricité, gaz, eau",2017-09-30,5,-0.000350282126681492,2017-06-30,0.0048164662893857,0.00714456804040103,0.5,0.00339714295685977
"M3","Électricité, gaz, eau",2017-12-31,5,0.0203033006786355,2017-09-30,0.0387992037287237,0.00927679771418092,0.5,0.0147900491964082
"M3","Électricité, gaz, eau",2018-03-31,5,0.0110453010133907,2017-12-31,0.0223262968366722,0.00822401884561453,0.5,0.00963465992950261
"M3","Électricité, gaz, eau",2018-06-30,5,0.0519521610469026,2018-03-31,-0.016153880771169,0.00724824029248788,0.5,0.0296002006696952
"M3","Électricité, gaz, eau",2018-09-30,4,0.000198346621785191,2018-06-30,0.0411974248960654,0.00775235295529797,0.5,0.00397534978854158
"M3","Électricité, gaz, eau",2018-12-31,3,0.0244749629267871,2018-09-30,0.0623784425554952,0.00151060326382151,0.5,0.0129927830953043
"M3","Électricité, gaz, eau",2019-03-31,1,0.0145858934959761,2018-12-31,0.0925664554057999,0.00763040373789924,0.5,0.0111081486169377
"M3","Électricité, gaz, eau",2019-06-30,3,-0.00853066512279363,2019-03-31,-0.0124026726248605,0.0048789593049273,0.5,-0.00182585290893316
"M3","Électricité, gaz, eau",2019-09-30,3,0.00300340796241578,2019-06-30,-0.0152269847098676,0.0118104322328054,0.5,0.00740692009761059
"M3","Électricité, gaz, eau",2019-12-31,3,0.00157411991239601,2019-09-30,-0.00625851062808103,0.0116090980007103,0.5,0.00659160895655315
"M3","Électricité, gaz, eau",2020-03-31,3,0.0356906070302669,2019-12-31,0.0213425854542955,0.0133282177143148,0.5,0.0245094123722908
"M3","Électricité, gaz, eau",2020-06-30,3,-0.000288077064274876,2020-03-31,-0.0970147629221021,0.0116253106567407,0.5,0.00566861679623291
"M3","Électricité, gaz, eau",2020-09-30,2,0.0119664649873197,2020-06-30,0.114417799543279,0.0203679484167375,0.5,0.0161672067020286
"M3","Électricité, gaz, eau",2020-12-31,3,-0.0157699393969414,2020-09-30,-0.016022429172736,0.00763759661181983,0.5,-0.00406617139256078
"M3","Électricité, gaz, eau",2021-03-31,4,0.00596046216045244,2020-12-31,0.0217529032326009,0.0142507064559801,0.5,0.0101055843082163
"M3","Électricité, gaz, eau",2021-06-30,4,-0.00829356833418283,2021-03-31,0.0253032608158232,0.0117374484688917,0.5,0.00172194006735444
"M3","Électricité, gaz, eau",2021-09-30,5,0.0472863056948166,2021-06-30,0.0158724557012508,0.014287837676236,0.5,0.0307870716855263
"M3","Électricité, gaz, eau",2021-12-31,5,-0.0209262552099726,2021-09-30,0.0138196358846692,0.0147813379033558,0.5,-0.0030724586533084
"M3","Électricité, gaz, eau",2022-03-31,5,4.87559656237174e-05,2021-12-31,-0.0635858178619184,0.0117816009097258,0.5,0.00591517843767476
"M3","Électricité, gaz, eau",2022-06-30,5,0.0164288466578446,2022-03-31,0.00902096583624079,0.0111161028363726,0.5,0.0137724747471086
"M3","Électricité, gaz, eau",2022-09-30,5,0.0186760772104328,2022-06-30,-0.00480416973629261,0.0117854211849548,0.5,0.0152307491976938
"M3","Électricité, gaz, eau",2022-12-31,5,-0.000478991256923939,2022-09-30,-0.0308377748401991,0.0164287285184849,0.5,0.00797486863078048
"M3","Électricité, gaz, eau",2023-03-31,5,-0.00826184993932349,2022-12-31,-0.122401604802485,0.00491119316459571,0.5,-0.00167532838736389
"M3","Électricité, gaz, eau",2023-06-30,5,0.0990488169951148,2023-03-31,0.0472201858772916,0.0167429521213334,0.5,0.0578958845582241
"M3","Électricité, gaz, eau",2023-09-30,5,-0.0209729535490743,2023-06-30,0.00207719445817389,0.00858480447681304,0.5,-0.00619407453613063
"M3","Électricité, gaz, eau",2023-12-31,5,-0.0340996930856143,2023-09-30,-0.0104818116311538,0.0133204612169981,0.5,-0.0103896159343081
"M3","Électricité, gaz, eau",2024-03-31,5,-0.0493506247170769,2023-12-31,0.0293667797510366,0.0222722417795464,0.5,-0.0135391914687652
"M3","Électricité, gaz, eau",2024-06-30,5,-0.10604753380695,2024-03-31,-0.0474179307558522,0.00737316359000585,0.5,-0.0493371851084721
"M3","Électricité, gaz, eau",2024-09-30,5,0.148439612898679,2024-06-30,0.100587875391312,0.0117658201185831,0.5,0.080102716508631
"M3","Électricité, gaz, eau",2024-12-31,5,-0.0181548207644432,2024-09-30,0.0115181001740545,0.00778918186518608,0.5,-0.00518281944962856
"M3","Électricité, gaz, eau",2025-03-31,5,-0.0348711403798002,2024-12-31,-0.0640900842189289,0.0163996483811137,0.5,-0.00923574599934325
"M3","Électricité, gaz, eau",2025-06-30,5,-0.0152142825329786,2025-03-31,-0.0109469608200001,0.0209032412501338,0.5,0.0028444793585776
"M3","Électricité, gaz, eau",2025-09-30,5,0.0633024102063966,2025-06-30,0.0726483567256153,0.0145466146290205,0.5,0.0389245124177085
"M3","Électricité, gaz, eau",2025-12-31,5,-0.0171577828859962,2025-09-30,-0.0191714590402032,-0.00561992620699645,0.5,-0.0113888545464963
"M3","Électricité, gaz, eau",2026-03-31,5,-0.0929902802892006,2025-12-31,-0.0771317041623973,0.00390440593123111,0.5,-0.0445429371789847
