"variante","branche","origine","n_retenus","bridge","reel"
"recursive, seuil 0,15 (retenue)","Agriculture",2014-06-30,0,,0.0364714396168857
"recursive, seuil 0,10","Agriculture",2014-06-30,0,,0.0364714396168857
"recursive, seuil 0,20","Agriculture",2014-06-30,0,,0.0364714396168857
"aucune selection","Agriculture",2014-06-30,0,,0.0364714396168857
"FIXE (calculee sur tout l'echantillon)","Agriculture",2014-06-30,1,,0.0364714396168857
"recursive, seuil 0,15 (retenue)","Pêche",2014-06-30,0,,0.238884348531972
"recursive, seuil 0,10","Pêche",2014-06-30,0,,0.238884348531972
"recursive, seuil 0,20","Pêche",2014-06-30,0,,0.238884348531972
"aucune selection","Pêche",2014-06-30,0,,0.238884348531972
"FIXE (calculee sur tout l'echantillon)","Pêche",2014-06-30,2,,0.238884348531972
"recursive, seuil 0,15 (retenue)","Industrie d'extraction",2014-06-30,1,0.0814074414469281,-0.00618613651727884
"recursive, seuil 0,10","Industrie d'extraction",2014-06-30,1,0.0814074414469281,-0.00618613651727884
"recursive, seuil 0,20","Industrie d'extraction",2014-06-30,1,0.0814074414469281,-0.00618613651727884
"aucune selection","Industrie d'extraction",2014-06-30,1,0.0814074414469281,-0.00618613651727884
"FIXE (calculee sur tout l'echantillon)","Industrie d'extraction",2014-06-30,3,,-0.00618613651727884
"recursive, seuil 0,15 (retenue)","Industrie de transformation",2014-06-30,0,,0.0134903455131372
"recursive, seuil 0,10","Industrie de transformation",2014-06-30,0,,0.0134903455131372
"recursive, seuil 0,20","Industrie de transformation",2014-06-30,0,,0.0134903455131372
"aucune selection","Industrie de transformation",2014-06-30,0,,0.0134903455131372
"FIXE (calculee sur tout l'echantillon)","Industrie de transformation",2014-06-30,5,,0.0134903455131372
"recursive, seuil 0,15 (retenue)","Électricité, gaz, eau",2014-06-30,1,0.0177117961592961,0.0332147863217731
"recursive, seuil 0,10","Électricité, gaz, eau",2014-06-30,1,0.0177117961592961,0.0332147863217731
"recursive, seuil 0,20","Électricité, gaz, eau",2014-06-30,1,0.0177117961592961,0.0332147863217731
"aucune selection","Électricité, gaz, eau",2014-06-30,1,0.0177117961592961,0.0332147863217731
"FIXE (calculee sur tout l'echantillon)","Électricité, gaz, eau",2014-06-30,2,,0.0332147863217731
"recursive, seuil 0,15 (retenue)","Construction",2014-06-30,3,0.0154854088455067,0.00447736474689187
"recursive, seuil 0,10","Construction",2014-06-30,3,0.0154854088455067,0.00447736474689187
"recursive, seuil 0,20","Construction",2014-06-30,3,0.0154854088455067,0.00447736474689187
"aucune selection","Construction",2014-06-30,3,0.0154854088455067,0.00447736474689187
"FIXE (calculee sur tout l'echantillon)","Construction",2014-06-30,4,,0.00447736474689187
"recursive, seuil 0,15 (retenue)","Commerce",2014-06-30,0,,0.00951978546845211
"recursive, seuil 0,10","Commerce",2014-06-30,0,,0.00951978546845211
"recursive, seuil 0,20","Commerce",2014-06-30,0,,0.00951978546845211
"aucune selection","Commerce",2014-06-30,0,,0.00951978546845211
"FIXE (calculee sur tout l'echantillon)","Commerce",2014-06-30,1,,0.00951978546845211
"recursive, seuil 0,15 (retenue)","Transports",2014-06-30,0,,0.028015303409596
"recursive, seuil 0,10","Transports",2014-06-30,0,,0.028015303409596
"recursive, seuil 0,20","Transports",2014-06-30,0,,0.028015303409596
"aucune selection","Transports",2014-06-30,0,,0.028015303409596
"FIXE (calculee sur tout l'echantillon)","Transports",2014-06-30,0,,0.028015303409596
"recursive, seuil 0,15 (retenue)","Hébergement-restauration",2014-06-30,0,,0.0579051413275486
"recursive, seuil 0,10","Hébergement-restauration",2014-06-30,0,,0.0579051413275486
"recursive, seuil 0,20","Hébergement-restauration",2014-06-30,0,,0.0579051413275486
"aucune selection","Hébergement-restauration",2014-06-30,0,,0.0579051413275486
"FIXE (calculee sur tout l'echantillon)","Hébergement-restauration",2014-06-30,0,,0.0579051413275486
"recursive, seuil 0,15 (retenue)","Information-communication",2014-06-30,0,,0.0185608138362312
"recursive, seuil 0,10","Information-communication",2014-06-30,0,,0.0185608138362312
"recursive, seuil 0,20","Information-communication",2014-06-30,0,,0.0185608138362312
"aucune selection","Information-communication",2014-06-30,0,,0.0185608138362312
"FIXE (calculee sur tout l'echantillon)","Information-communication",2014-06-30,1,,0.0185608138362312
"recursive, seuil 0,15 (retenue)","Finances et assurances",2014-06-30,5,0.0170365221320735,0.00979204446059612
"recursive, seuil 0,10","Finances et assurances",2014-06-30,5,0.0170365221320735,0.00979204446059612
"recursive, seuil 0,20","Finances et assurances",2014-06-30,5,0.0170365221320735,0.00979204446059612
"aucune selection","Finances et assurances",2014-06-30,5,0.0170365221320735,0.00979204446059612
"FIXE (calculee sur tout l'echantillon)","Finances et assurances",2014-06-30,5,,0.00979204446059612
"recursive, seuil 0,15 (retenue)","Immobilier",2014-06-30,1,0.0118158704184291,-0.00347586163623959
"recursive, seuil 0,10","Immobilier",2014-06-30,1,0.0118158704184291,-0.00347586163623959
"recursive, seuil 0,20","Immobilier",2014-06-30,1,0.0118158704184291,-0.00347586163623959
"aucune selection","Immobilier",2014-06-30,1,0.0118158704184291,-0.00347586163623959
"FIXE (calculee sur tout l'echantillon)","Immobilier",2014-06-30,1,0.0118158704184291,-0.00347586163623959
"recursive, seuil 0,15 (retenue)","Agriculture",2014-09-30,0,,0.0235744177595567
"recursive, seuil 0,10","Agriculture",2014-09-30,0,,0.0235744177595567
"recursive, seuil 0,20","Agriculture",2014-09-30,0,,0.0235744177595567
"aucune selection","Agriculture",2014-09-30,0,,0.0235744177595567
"FIXE (calculee sur tout l'echantillon)","Agriculture",2014-09-30,1,,0.0235744177595567
"recursive, seuil 0,15 (retenue)","Pêche",2014-09-30,0,,-0.0842585990548885
"recursive, seuil 0,10","Pêche",2014-09-30,0,,-0.0842585990548885
"recursive, seuil 0,20","Pêche",2014-09-30,0,,-0.0842585990548885
"aucune selection","Pêche",2014-09-30,0,,-0.0842585990548885
"FIXE (calculee sur tout l'echantillon)","Pêche",2014-09-30,1,,-0.0842585990548885
"recursive, seuil 0,15 (retenue)","Industrie d'extraction",2014-09-30,1,-0.000394560943768925,-0.015888470256332
"recursive, seuil 0,10","Industrie d'extraction",2014-09-30,1,-0.000394560943768925,-0.015888470256332
"recursive, seuil 0,20","Industrie d'extraction",2014-09-30,1,-0.000394560943768925,-0.015888470256332
"aucune selection","Industrie d'extraction",2014-09-30,1,-0.000394560943768925,-0.015888470256332
"FIXE (calculee sur tout l'echantillon)","Industrie d'extraction",2014-09-30,3,,-0.015888470256332
"recursive, seuil 0,15 (retenue)","Industrie de transformation",2014-09-30,0,,0.00323811979902189
"recursive, seuil 0,10","Industrie de transformation",2014-09-30,0,,0.00323811979902189
"recursive, seuil 0,20","Industrie de transformation",2014-09-30,0,,0.00323811979902189
"aucune selection","Industrie de transformation",2014-09-30,0,,0.00323811979902189
"FIXE (calculee sur tout l'echantillon)","Industrie de transformation",2014-09-30,5,,0.00323811979902189
"recursive, seuil 0,15 (retenue)","Électricité, gaz, eau",2014-09-30,1,-0.00644707609857113,-0.00679393605210521
"recursive, seuil 0,10","Électricité, gaz, eau",2014-09-30,1,-0.00644707609857113,-0.00679393605210521
"recursive, seuil 0,20","Électricité, gaz, eau",2014-09-30,1,-0.00644707609857113,-0.00679393605210521
"aucune selection","Électricité, gaz, eau",2014-09-30,1,-0.00644707609857113,-0.00679393605210521
"FIXE (calculee sur tout l'echantillon)","Électricité, gaz, eau",2014-09-30,2,,-0.00679393605210521
"recursive, seuil 0,15 (retenue)","Construction",2014-09-30,2,0.0117380466561511,-0.000619901584931526
"recursive, seuil 0,10","Construction",2014-09-30,2,0.0117380466561511,-0.000619901584931526
"recursive, seuil 0,20","Construction",2014-09-30,2,0.0117380466561511,-0.000619901584931526
"aucune selection","Construction",2014-09-30,2,0.0117380466561511,-0.000619901584931526
"FIXE (calculee sur tout l'echantillon)","Construction",2014-09-30,4,,-0.000619901584931526
"recursive, seuil 0,15 (retenue)","Commerce",2014-09-30,0,,-0.0115603603846139
"recursive, seuil 0,10","Commerce",2014-09-30,0,,-0.0115603603846139
"recursive, seuil 0,20","Commerce",2014-09-30,0,,-0.0115603603846139
"aucune selection","Commerce",2014-09-30,0,,-0.0115603603846139
"FIXE (calculee sur tout l'echantillon)","Commerce",2014-09-30,1,,-0.0115603603846139
"recursive, seuil 0,15 (retenue)","Transports",2014-09-30,0,,-0.00329148743112206
"recursive, seuil 0,10","Transports",2014-09-30,0,,-0.00329148743112206
"recursive, seuil 0,20","Transports",2014-09-30,0,,-0.00329148743112206
"aucune selection","Transports",2014-09-30,0,,-0.00329148743112206
"FIXE (calculee sur tout l'echantillon)","Transports",2014-09-30,0,,-0.00329148743112206
"recursive, seuil 0,15 (retenue)","Hébergement-restauration",2014-09-30,0,,-0.100719732558025
"recursive, seuil 0,10","Hébergement-restauration",2014-09-30,0,,-0.100719732558025
"recursive, seuil 0,20","Hébergement-restauration",2014-09-30,0,,-0.100719732558025
"aucune selection","Hébergement-restauration",2014-09-30,0,,-0.100719732558025
"FIXE (calculee sur tout l'echantillon)","Hébergement-restauration",2014-09-30,0,,-0.100719732558025
"recursive, seuil 0,15 (retenue)","Information-communication",2014-09-30,0,,0.031275663358036
"recursive, seuil 0,10","Information-communication",2014-09-30,0,,0.031275663358036
"recursive, seuil 0,20","Information-communication",2014-09-30,0,,0.031275663358036
"aucune selection","Information-communication",2014-09-30,0,,0.031275663358036
"FIXE (calculee sur tout l'echantillon)","Information-communication",2014-09-30,1,,0.031275663358036
"recursive, seuil 0,15 (retenue)","Finances et assurances",2014-09-30,5,0.00653993037747061,0.0108712876306072
"recursive, seuil 0,10","Finances et assurances",2014-09-30,5,0.00653993037747061,0.0108712876306072
"recursive, seuil 0,20","Finances et assurances",2014-09-30,5,0.00653993037747061,0.0108712876306072
"aucune selection","Finances et assurances",2014-09-30,5,0.00653993037747061,0.0108712876306072
"FIXE (calculee sur tout l'echantillon)","Finances et assurances",2014-09-30,5,,0.0108712876306072
"recursive, seuil 0,15 (retenue)","Immobilier",2014-09-30,1,0.00644290480812953,-0.00217718876892725
"recursive, seuil 0,10","Immobilier",2014-09-30,1,0.00644290480812953,-0.00217718876892725
"recursive, seuil 0,20","Immobilier",2014-09-30,1,0.00644290480812953,-0.00217718876892725
"aucune selection","Immobilier",2014-09-30,1,0.00644290480812953,-0.00217718876892725
"FIXE (calculee sur tout l'echantillon)","Immobilier",2014-09-30,1,0.00644290480812953,-0.00217718876892725
"recursive, seuil 0,15 (retenue)","Agriculture",2014-12-31,0,,0.0253025688850634
"recursive, seuil 0,10","Agriculture",2014-12-31,0,,0.0253025688850634
"recursive, seuil 0,20","Agriculture",2014-12-31,0,,0.0253025688850634
"aucune selection","Agriculture",2014-12-31,0,,0.0253025688850634
"FIXE (calculee sur tout l'echantillon)","Agriculture",2014-12-31,1,,0.0253025688850634
"recursive, seuil 0,15 (retenue)","Pêche",2014-12-31,0,,0.0971925333013068
"recursive, seuil 0,10","Pêche",2014-12-31,0,,0.0971925333013068
"recursive, seuil 0,20","Pêche",2014-12-31,0,,0.0971925333013068
"aucune selection","Pêche",2014-12-31,0,,0.0971925333013068
"FIXE (calculee sur tout l'echantillon)","Pêche",2014-12-31,1,,0.0971925333013068
"recursive, seuil 0,15 (retenue)","Industrie d'extraction",2014-12-31,1,-0.048163111620312,-0.0298633941618487
"recursive, seuil 0,10","Industrie d'extraction",2014-12-31,1,-0.048163111620312,-0.0298633941618487
"recursive, seuil 0,20","Industrie d'extraction",2014-12-31,1,-0.048163111620312,-0.0298633941618487
"aucune selection","Industrie d'extraction",2014-12-31,1,-0.048163111620312,-0.0298633941618487
"FIXE (calculee sur tout l'echantillon)","Industrie d'extraction",2014-12-31,3,,-0.0298633941618487
"recursive, seuil 0,15 (retenue)","Industrie de transformation",2014-12-31,0,,-0.0476741243890952
"recursive, seuil 0,10","Industrie de transformation",2014-12-31,0,,-0.0476741243890952
"recursive, seuil 0,20","Industrie de transformation",2014-12-31,0,,-0.0476741243890952
"aucune selection","Industrie de transformation",2014-12-31,0,,-0.0476741243890952
"FIXE (calculee sur tout l'echantillon)","Industrie de transformation",2014-12-31,5,0.00233507186874248,-0.0476741243890952
"recursive, seuil 0,15 (retenue)","Électricité, gaz, eau",2014-12-31,1,0.0231278263156396,-0.00857021450047135
"recursive, seuil 0,10","Électricité, gaz, eau",2014-12-31,1,0.0231278263156396,-0.00857021450047135
"recursive, seuil 0,20","Électricité, gaz, eau",2014-12-31,1,0.0231278263156396,-0.00857021450047135
"aucune selection","Électricité, gaz, eau",2014-12-31,1,0.0231278263156396,-0.00857021450047135
"FIXE (calculee sur tout l'echantillon)","Électricité, gaz, eau",2014-12-31,4,,-0.00857021450047135
"recursive, seuil 0,15 (retenue)","Construction",2014-12-31,2,0.0119879038950848,-0.0170090243189662
"recursive, seuil 0,10","Construction",2014-12-31,2,0.0119879038950848,-0.0170090243189662
"recursive, seuil 0,20","Construction",2014-12-31,2,0.0119879038950848,-0.0170090243189662
"aucune selection","Construction",2014-12-31,2,0.0119879038950848,-0.0170090243189662
"FIXE (calculee sur tout l'echantillon)","Construction",2014-12-31,3,,-0.0170090243189662
"recursive, seuil 0,15 (retenue)","Commerce",2014-12-31,0,,-0.0494865182085977
"recursive, seuil 0,10","Commerce",2014-12-31,0,,-0.0494865182085977
"recursive, seuil 0,20","Commerce",2014-12-31,0,,-0.0494865182085977
"aucune selection","Commerce",2014-12-31,0,,-0.0494865182085977
"FIXE (calculee sur tout l'echantillon)","Commerce",2014-12-31,4,,-0.0494865182085977
"recursive, seuil 0,15 (retenue)","Transports",2014-12-31,0,,0.00554226208478248
"recursive, seuil 0,10","Transports",2014-12-31,0,,0.00554226208478248
"recursive, seuil 0,20","Transports",2014-12-31,0,,0.00554226208478248
"aucune selection","Transports",2014-12-31,0,,0.00554226208478248
"FIXE (calculee sur tout l'echantillon)","Transports",2014-12-31,0,,0.00554226208478248
"recursive, seuil 0,15 (retenue)","Hébergement-restauration",2014-12-31,0,,0.0187926552611444
"recursive, seuil 0,10","Hébergement-restauration",2014-12-31,0,,0.0187926552611444
"recursive, seuil 0,20","Hébergement-restauration",2014-12-31,0,,0.0187926552611444
"aucune selection","Hébergement-restauration",2014-12-31,0,,0.0187926552611444
"FIXE (calculee sur tout l'echantillon)","Hébergement-restauration",2014-12-31,0,,0.0187926552611444
"recursive, seuil 0,15 (retenue)","Information-communication",2014-12-31,0,,0.038634291236642
"recursive, seuil 0,10","Information-communication",2014-12-31,0,,0.038634291236642
"recursive, seuil 0,20","Information-communication",2014-12-31,0,,0.038634291236642
"aucune selection","Information-communication",2014-12-31,0,,0.038634291236642
"FIXE (calculee sur tout l'echantillon)","Information-communication",2014-12-31,1,,0.038634291236642
"recursive, seuil 0,15 (retenue)","Finances et assurances",2014-12-31,5,0.0139573429091425,0.00817212302553116
"recursive, seuil 0,10","Finances et assurances",2014-12-31,5,0.0139573429091425,0.00817212302553116
"recursive, seuil 0,20","Finances et assurances",2014-12-31,5,0.0139573429091425,0.00817212302553116
"aucune selection","Finances et assurances",2014-12-31,5,0.0139573429091425,0.00817212302553116
"FIXE (calculee sur tout l'echantillon)","Finances et assurances",2014-12-31,5,,0.00817212302553116
"recursive, seuil 0,15 (retenue)","Immobilier",2014-12-31,1,0.00697208718946253,-0.00175178666395936
"recursive, seuil 0,10","Immobilier",2014-12-31,1,0.00697208718946253,-0.00175178666395936
"recursive, seuil 0,20","Immobilier",2014-12-31,1,0.00697208718946253,-0.00175178666395936
"aucune selection","Immobilier",2014-12-31,1,0.00697208718946253,-0.00175178666395936
"FIXE (calculee sur tout l'echantillon)","Immobilier",2014-12-31,1,0.00697208718946253,-0.00175178666395936
"recursive, seuil 0,15 (retenue)","Agriculture",2015-03-31,0,,0.0521449979479787
"recursive, seuil 0,10","Agriculture",2015-03-31,0,,0.0521449979479787
"recursive, seuil 0,20","Agriculture",2015-03-31,0,,0.0521449979479787
"aucune selection","Agriculture",2015-03-31,0,,0.0521449979479787
"FIXE (calculee sur tout l'echantillon)","Agriculture",2015-03-31,1,,0.0521449979479787
"recursive, seuil 0,15 (retenue)","Pêche",2015-03-31,0,,-0.0182664312630081
"recursive, seuil 0,10","Pêche",2015-03-31,0,,-0.0182664312630081
"recursive, seuil 0,20","Pêche",2015-03-31,0,,-0.0182664312630081
"aucune selection","Pêche",2015-03-31,0,,-0.0182664312630081
"FIXE (calculee sur tout l'echantillon)","Pêche",2015-03-31,1,,-0.0182664312630081
"recursive, seuil 0,15 (retenue)","Industrie d'extraction",2015-03-31,1,-0.100109470369097,0.00890133635762247
"recursive, seuil 0,10","Industrie d'extraction",2015-03-31,1,-0.100109470369097,0.00890133635762247
"recursive, seuil 0,20","Industrie d'extraction",2015-03-31,1,-0.100109470369097,0.00890133635762247
"aucune selection","Industrie d'extraction",2015-03-31,1,-0.100109470369097,0.00890133635762247
"FIXE (calculee sur tout l'echantillon)","Industrie d'extraction",2015-03-31,3,,0.00890133635762247
"recursive, seuil 0,15 (retenue)","Industrie de transformation",2015-03-31,5,-0.0228752457910763,0.0304379715047673
"recursive, seuil 0,10","Industrie de transformation",2015-03-31,5,-0.0228752457910763,0.0304379715047673
"recursive, seuil 0,20","Industrie de transformation",2015-03-31,5,-0.0228752457910763,0.0304379715047673
"aucune selection","Industrie de transformation",2015-03-31,5,-0.0228752457910763,0.0304379715047673
"FIXE (calculee sur tout l'echantillon)","Industrie de transformation",2015-03-31,5,-0.0228752457910763,0.0304379715047673
"recursive, seuil 0,15 (retenue)","Électricité, gaz, eau",2015-03-31,3,0.0707205223224617,0.0437145225973961
"recursive, seuil 0,10","Électricité, gaz, eau",2015-03-31,3,0.0707205223224617,0.0437145225973961
"recursive, seuil 0,20","Électricité, gaz, eau",2015-03-31,3,0.0707205223224617,0.0437145225973961
"aucune selection","Électricité, gaz, eau",2015-03-31,3,0.0707205223224617,0.0437145225973961
"FIXE (calculee sur tout l'echantillon)","Électricité, gaz, eau",2015-03-31,5,,0.0437145225973961
"recursive, seuil 0,15 (retenue)","Construction",2015-03-31,1,0.00709227132540127,-0.00530943948553997
"recursive, seuil 0,10","Construction",2015-03-31,1,0.00709227132540127,-0.00530943948553997
"recursive, seuil 0,20","Construction",2015-03-31,1,0.00709227132540127,-0.00530943948553997
"aucune selection","Construction",2015-03-31,1,0.00709227132540127,-0.00530943948553997
"FIXE (calculee sur tout l'echantillon)","Construction",2015-03-31,2,,-0.00530943948553997
"recursive, seuil 0,15 (retenue)","Commerce",2015-03-31,3,0.00284141565865778,0.0315083401930245
"recursive, seuil 0,10","Commerce",2015-03-31,3,0.00284141565865778,0.0315083401930245
"recursive, seuil 0,20","Commerce",2015-03-31,3,0.00284141565865778,0.0315083401930245
"aucune selection","Commerce",2015-03-31,3,0.00284141565865778,0.0315083401930245
"FIXE (calculee sur tout l'echantillon)","Commerce",2015-03-31,3,,0.0315083401930245
"recursive, seuil 0,15 (retenue)","Transports",2015-03-31,0,,0.0274647989726873
"recursive, seuil 0,10","Transports",2015-03-31,0,,0.0274647989726873
"recursive, seuil 0,20","Transports",2015-03-31,0,,0.0274647989726873
"aucune selection","Transports",2015-03-31,0,,0.0274647989726873
"FIXE (calculee sur tout l'echantillon)","Transports",2015-03-31,0,,0.0274647989726873
"recursive, seuil 0,15 (retenue)","Hébergement-restauration",2015-03-31,0,,0.0127819913735721
"recursive, seuil 0,10","Hébergement-restauration",2015-03-31,0,,0.0127819913735721
"recursive, seuil 0,20","Hébergement-restauration",2015-03-31,0,,0.0127819913735721
"aucune selection","Hébergement-restauration",2015-03-31,0,,0.0127819913735721
"FIXE (calculee sur tout l'echantillon)","Hébergement-restauration",2015-03-31,0,,0.0127819913735721
"recursive, seuil 0,15 (retenue)","Information-communication",2015-03-31,0,,0.00404829052809141
"recursive, seuil 0,10","Information-communication",2015-03-31,0,,0.00404829052809141
"recursive, seuil 0,20","Information-communication",2015-03-31,0,,0.00404829052809141
"aucune selection","Information-communication",2015-03-31,0,,0.00404829052809141
"FIXE (calculee sur tout l'echantillon)","Information-communication",2015-03-31,1,,0.00404829052809141
"recursive, seuil 0,15 (retenue)","Finances et assurances",2015-03-31,5,0.00937826573077355,0.0025733872860485
"recursive, seuil 0,10","Finances et assurances",2015-03-31,5,0.00937826573077355,0.0025733872860485
"recursive, seuil 0,20","Finances et assurances",2015-03-31,5,0.00937826573077355,0.0025733872860485
"aucune selection","Finances et assurances",2015-03-31,5,0.00937826573077355,0.0025733872860485
"FIXE (calculee sur tout l'echantillon)","Finances et assurances",2015-03-31,5,,0.0025733872860485
"recursive, seuil 0,15 (retenue)","Immobilier",2015-03-31,1,0.00684082257989495,0.000110265740545401
"recursive, seuil 0,10","Immobilier",2015-03-31,1,0.00684082257989495,0.000110265740545401
"recursive, seuil 0,20","Immobilier",2015-03-31,1,0.00684082257989495,0.000110265740545401
"aucune selection","Immobilier",2015-03-31,1,0.00684082257989495,0.000110265740545401
"FIXE (calculee sur tout l'echantillon)","Immobilier",2015-03-31,1,0.00684082257989495,0.000110265740545401
"recursive, seuil 0,15 (retenue)","Agriculture",2015-06-30,0,,0.0317672490600582
"recursive, seuil 0,10","Agriculture",2015-06-30,0,,0.0317672490600582
"recursive, seuil 0,20","Agriculture",2015-06-30,0,,0.0317672490600582
"aucune selection","Agriculture",2015-06-30,0,,0.0317672490600582
"FIXE (calculee sur tout l'echantillon)","Agriculture",2015-06-30,1,,0.0317672490600582
"recursive, seuil 0,15 (retenue)","Pêche",2015-06-30,0,,0.0112681719167798
"recursive, seuil 0,10","Pêche",2015-06-30,0,,0.0112681719167798
"recursive, seuil 0,20","Pêche",2015-06-30,0,,0.0112681719167798
"aucune selection","Pêche",2015-06-30,0,,0.0112681719167798
"FIXE (calculee sur tout l'echantillon)","Pêche",2015-06-30,1,,0.0112681719167798
"recursive, seuil 0,15 (retenue)","Industrie d'extraction",2015-06-30,1,0.185974751155541,0.0247954892566806
"recursive, seuil 0,10","Industrie d'extraction",2015-06-30,1,0.185974751155541,0.0247954892566806
"recursive, seuil 0,20","Industrie d'extraction",2015-06-30,1,0.185974751155541,0.0247954892566806
"aucune selection","Industrie d'extraction",2015-06-30,1,0.185974751155541,0.0247954892566806
"FIXE (calculee sur tout l'echantillon)","Industrie d'extraction",2015-06-30,3,,0.0247954892566806
"recursive, seuil 0,15 (retenue)","Industrie de transformation",2015-06-30,5,0.00147548302690971,0.0194938047357773
"recursive, seuil 0,10","Industrie de transformation",2015-06-30,5,0.00147548302690971,0.0194938047357773
"recursive, seuil 0,20","Industrie de transformation",2015-06-30,5,0.00147548302690971,0.0194938047357773
"aucune selection","Industrie de transformation",2015-06-30,5,0.00147548302690971,0.0194938047357773
"FIXE (calculee sur tout l'echantillon)","Industrie de transformation",2015-06-30,5,0.0014754830269097,0.0194938047357773
"recursive, seuil 0,15 (retenue)","Électricité, gaz, eau",2015-06-30,5,0.00290341949705041,0.00610525562054143
"recursive, seuil 0,10","Électricité, gaz, eau",2015-06-30,5,0.00290341949705041,0.00610525562054143
"recursive, seuil 0,20","Électricité, gaz, eau",2015-06-30,5,0.00290341949705041,0.00610525562054143
"aucune selection","Électricité, gaz, eau",2015-06-30,5,0.00290341949705041,0.00610525562054143
"FIXE (calculee sur tout l'echantillon)","Électricité, gaz, eau",2015-06-30,5,,0.00610525562054143
"recursive, seuil 0,15 (retenue)","Construction",2015-06-30,1,0.0114408717066196,0.0209819845460189
"recursive, seuil 0,10","Construction",2015-06-30,1,0.0114408717066196,0.0209819845460189
"recursive, seuil 0,20","Construction",2015-06-30,1,0.0114408717066196,0.0209819845460189
"aucune selection","Construction",2015-06-30,1,0.0114408717066196,0.0209819845460189
"FIXE (calculee sur tout l'echantillon)","Construction",2015-06-30,3,,0.0209819845460189
"recursive, seuil 0,15 (retenue)","Commerce",2015-06-30,2,0.000978586696115506,0.0159370922398132
"recursive, seuil 0,10","Commerce",2015-06-30,2,0.000978586696115506,0.0159370922398132
"recursive, seuil 0,20","Commerce",2015-06-30,2,0.000978586696115506,0.0159370922398132
"aucune selection","Commerce",2015-06-30,2,0.000978586696115506,0.0159370922398132
"FIXE (calculee sur tout l'echantillon)","Commerce",2015-06-30,4,,0.0159370922398132
"recursive, seuil 0,15 (retenue)","Transports",2015-06-30,0,,0.0238870417103634
"recursive, seuil 0,10","Transports",2015-06-30,0,,0.0238870417103634
"recursive, seuil 0,20","Transports",2015-06-30,0,,0.0238870417103634
"aucune selection","Transports",2015-06-30,0,,0.0238870417103634
"FIXE (calculee sur tout l'echantillon)","Transports",2015-06-30,0,,0.0238870417103634
"recursive, seuil 0,15 (retenue)","Hébergement-restauration",2015-06-30,0,,0.0151974154132208
"recursive, seuil 0,10","Hébergement-restauration",2015-06-30,0,,0.0151974154132208
"recursive, seuil 0,20","Hébergement-restauration",2015-06-30,0,,0.0151974154132208
"aucune selection","Hébergement-restauration",2015-06-30,0,,0.0151974154132208
"FIXE (calculee sur tout l'echantillon)","Hébergement-restauration",2015-06-30,0,,0.0151974154132208
"recursive, seuil 0,15 (retenue)","Information-communication",2015-06-30,0,,-0.0211948620280431
"recursive, seuil 0,10","Information-communication",2015-06-30,0,,-0.0211948620280431
"recursive, seuil 0,20","Information-communication",2015-06-30,0,,-0.0211948620280431
"aucune selection","Information-communication",2015-06-30,0,,-0.0211948620280431
"FIXE (calculee sur tout l'echantillon)","Information-communication",2015-06-30,1,,-0.0211948620280431
"recursive, seuil 0,15 (retenue)","Finances et assurances",2015-06-30,5,0.00657025752981351,-0.000283635140750249
"recursive, seuil 0,10","Finances et assurances",2015-06-30,5,0.00657025752981351,-0.000283635140750249
"recursive, seuil 0,20","Finances et assurances",2015-06-30,5,0.00657025752981351,-0.000283635140750249
"aucune selection","Finances et assurances",2015-06-30,5,0.00657025752981351,-0.000283635140750249
"FIXE (calculee sur tout l'echantillon)","Finances et assurances",2015-06-30,5,,-0.000283635140750249
"recursive, seuil 0,15 (retenue)","Immobilier",2015-06-30,1,0.00571369018321791,0.00268122505899093
"recursive, seuil 0,10","Immobilier",2015-06-30,1,0.00571369018321791,0.00268122505899093
"recursive, seuil 0,20","Immobilier",2015-06-30,1,0.00571369018321791,0.00268122505899093
"aucune selection","Immobilier",2015-06-30,1,0.00571369018321791,0.00268122505899093
"FIXE (calculee sur tout l'echantillon)","Immobilier",2015-06-30,1,0.00571369018321791,0.00268122505899093
"recursive, seuil 0,15 (retenue)","Agriculture",2015-09-30,0,,0.0329272719732145
"recursive, seuil 0,10","Agriculture",2015-09-30,0,,0.0329272719732145
"recursive, seuil 0,20","Agriculture",2015-09-30,0,,0.0329272719732145
"aucune selection","Agriculture",2015-09-30,0,,0.0329272719732145
"FIXE (calculee sur tout l'echantillon)","Agriculture",2015-09-30,1,,0.0329272719732145
"recursive, seuil 0,15 (retenue)","Pêche",2015-09-30,0,,-0.0240378912771044
"recursive, seuil 0,10","Pêche",2015-09-30,0,,-0.0240378912771044
"recursive, seuil 0,20","Pêche",2015-09-30,0,,-0.0240378912771044
"aucune selection","Pêche",2015-09-30,0,,-0.0240378912771044
"FIXE (calculee sur tout l'echantillon)","Pêche",2015-09-30,1,,-0.0240378912771044
"recursive, seuil 0,15 (retenue)","Industrie d'extraction",2015-09-30,2,0.0290398322004403,0.0237021448250037
"recursive, seuil 0,10","Industrie d'extraction",2015-09-30,2,0.0290398322004403,0.0237021448250037
"recursive, seuil 0,20","Industrie d'extraction",2015-09-30,2,0.0290398322004403,0.0237021448250037
"aucune selection","Industrie d'extraction",2015-09-30,2,0.0290398322004403,0.0237021448250037
"FIXE (calculee sur tout l'echantillon)","Industrie d'extraction",2015-09-30,3,,0.0237021448250037
"recursive, seuil 0,15 (retenue)","Industrie de transformation",2015-09-30,5,-0.0116423982010016,0.00620713596259748
"recursive, seuil 0,10","Industrie de transformation",2015-09-30,5,-0.0116423982010016,0.00620713596259748
"recursive, seuil 0,20","Industrie de transformation",2015-09-30,5,-0.0116423982010016,0.00620713596259748
"aucune selection","Industrie de transformation",2015-09-30,5,-0.0116423982010016,0.00620713596259748
"FIXE (calculee sur tout l'echantillon)","Industrie de transformation",2015-09-30,5,-0.0116423982010016,0.00620713596259748
"recursive, seuil 0,15 (retenue)","Électricité, gaz, eau",2015-09-30,5,-0.0214861449205759,0.0103469379268244
"recursive, seuil 0,10","Électricité, gaz, eau",2015-09-30,5,-0.0214861449205759,0.0103469379268244
"recursive, seuil 0,20","Électricité, gaz, eau",2015-09-30,5,-0.0214861449205759,0.0103469379268244
"aucune selection","Électricité, gaz, eau",2015-09-30,5,-0.0214861449205759,0.0103469379268244
"FIXE (calculee sur tout l'echantillon)","Électricité, gaz, eau",2015-09-30,5,,0.0103469379268244
"recursive, seuil 0,15 (retenue)","Construction",2015-09-30,2,0.0091875987722055,0.0115194109871428
"recursive, seuil 0,10","Construction",2015-09-30,2,0.0091875987722055,0.0115194109871428
"recursive, seuil 0,20","Construction",2015-09-30,2,0.0091875987722055,0.0115194109871428
"aucune selection","Construction",2015-09-30,2,0.0091875987722055,0.0115194109871428
"FIXE (calculee sur tout l'echantillon)","Construction",2015-09-30,3,,0.0115194109871428
"recursive, seuil 0,15 (retenue)","Commerce",2015-09-30,3,-0.011868667621265,-0.0019131817420277
"recursive, seuil 0,10","Commerce",2015-09-30,3,-0.011868667621265,-0.0019131817420277
"recursive, seuil 0,20","Commerce",2015-09-30,3,-0.011868667621265,-0.0019131817420277
"aucune selection","Commerce",2015-09-30,3,-0.011868667621265,-0.0019131817420277
"FIXE (calculee sur tout l'echantillon)","Commerce",2015-09-30,4,,-0.0019131817420277
"recursive, seuil 0,15 (retenue)","Transports",2015-09-30,0,,-0.000400525138307017
"recursive, seuil 0,10","Transports",2015-09-30,0,,-0.000400525138307017
"recursive, seuil 0,20","Transports",2015-09-30,0,,-0.000400525138307017
"aucune selection","Transports",2015-09-30,0,,-0.000400525138307017
"FIXE (calculee sur tout l'echantillon)","Transports",2015-09-30,0,,-0.000400525138307017
"recursive, seuil 0,15 (retenue)","Hébergement-restauration",2015-09-30,0,,-0.0394942050942486
"recursive, seuil 0,10","Hébergement-restauration",2015-09-30,0,,-0.0394942050942486
"recursive, seuil 0,20","Hébergement-restauration",2015-09-30,0,,-0.0394942050942486
"aucune selection","Hébergement-restauration",2015-09-30,0,,-0.0394942050942486
"FIXE (calculee sur tout l'echantillon)","Hébergement-restauration",2015-09-30,0,,-0.0394942050942486
"recursive, seuil 0,15 (retenue)","Information-communication",2015-09-30,0,,-0.0255461304946749
"recursive, seuil 0,10","Information-communication",2015-09-30,0,,-0.0255461304946749
"recursive, seuil 0,20","Information-communication",2015-09-30,0,,-0.0255461304946749
"aucune selection","Information-communication",2015-09-30,0,,-0.0255461304946749
"FIXE (calculee sur tout l'echantillon)","Information-communication",2015-09-30,0,,-0.0255461304946749
"recursive, seuil 0,15 (retenue)","Finances et assurances",2015-09-30,5,0.00968618988268272,0.00555168992811517
"recursive, seuil 0,10","Finances et assurances",2015-09-30,5,0.00968618988268272,0.00555168992811517
"recursive, seuil 0,20","Finances et assurances",2015-09-30,5,0.00968618988268272,0.00555168992811517
"aucune selection","Finances et assurances",2015-09-30,5,0.00968618988268272,0.00555168992811517
"FIXE (calculee sur tout l'echantillon)","Finances et assurances",2015-09-30,5,,0.00555168992811517
"recursive, seuil 0,15 (retenue)","Immobilier",2015-09-30,1,0.00704468161731437,0.00388518358887602
"recursive, seuil 0,10","Immobilier",2015-09-30,1,0.00704468161731437,0.00388518358887602
"recursive, seuil 0,20","Immobilier",2015-09-30,1,0.00704468161731437,0.00388518358887602
"aucune selection","Immobilier",2015-09-30,1,0.00704468161731437,0.00388518358887602
"FIXE (calculee sur tout l'echantillon)","Immobilier",2015-09-30,1,0.00704468161731437,0.00388518358887602
"recursive, seuil 0,15 (retenue)","Agriculture",2015-12-31,0,,0.00507799922861274
"recursive, seuil 0,10","Agriculture",2015-12-31,0,,0.00507799922861274
"recursive, seuil 0,20","Agriculture",2015-12-31,0,,0.00507799922861274
"aucune selection","Agriculture",2015-12-31,0,,0.00507799922861274
"FIXE (calculee sur tout l'echantillon)","Agriculture",2015-12-31,1,,0.00507799922861274
"recursive, seuil 0,15 (retenue)","Pêche",2015-12-31,0,,0.0711997243889542
"recursive, seuil 0,10","Pêche",2015-12-31,0,,0.0711997243889542
"recursive, seuil 0,20","Pêche",2015-12-31,0,,0.0711997243889542
"aucune selection","Pêche",2015-12-31,0,,0.0711997243889542
"FIXE (calculee sur tout l'echantillon)","Pêche",2015-12-31,1,,0.0711997243889542
"recursive, seuil 0,15 (retenue)","Industrie d'extraction",2015-12-31,1,0.0181070776546766,-0.00879815197435896
"recursive, seuil 0,10","Industrie d'extraction",2015-12-31,1,0.0181070776546766,-0.00879815197435896
"recursive, seuil 0,20","Industrie d'extraction",2015-12-31,1,0.0181070776546766,-0.00879815197435896
"aucune selection","Industrie d'extraction",2015-12-31,1,0.0181070776546766,-0.00879815197435896
"FIXE (calculee sur tout l'echantillon)","Industrie d'extraction",2015-12-31,3,,-0.00879815197435896
"recursive, seuil 0,15 (retenue)","Industrie de transformation",2015-12-31,5,0.00574990893688001,-0.00664650552544366
"recursive, seuil 0,10","Industrie de transformation",2015-12-31,5,0.00574990893688001,-0.00664650552544366
"recursive, seuil 0,20","Industrie de transformation",2015-12-31,5,0.00574990893688001,-0.00664650552544366
"aucune selection","Industrie de transformation",2015-12-31,5,0.00574990893688001,-0.00664650552544366
"FIXE (calculee sur tout l'echantillon)","Industrie de transformation",2015-12-31,5,0.00574990893688001,-0.00664650552544366
"recursive, seuil 0,15 (retenue)","Électricité, gaz, eau",2015-12-31,4,0.0115118273182787,-0.00455943213512988
"recursive, seuil 0,10","Électricité, gaz, eau",2015-12-31,4,0.0115118273182787,-0.00455943213512988
"recursive, seuil 0,20","Électricité, gaz, eau",2015-12-31,4,0.0115118273182787,-0.00455943213512988
"aucune selection","Électricité, gaz, eau",2015-12-31,4,0.0115118273182787,-0.00455943213512988
"FIXE (calculee sur tout l'echantillon)","Électricité, gaz, eau",2015-12-31,5,,-0.00455943213512988
"recursive, seuil 0,15 (retenue)","Construction",2015-12-31,2,0.014659132190987,0.032079368271992
"recursive, seuil 0,10","Construction",2015-12-31,2,0.014659132190987,0.032079368271992
"recursive, seuil 0,20","Construction",2015-12-31,2,0.014659132190987,0.032079368271992
"aucune selection","Construction",2015-12-31,2,0.014659132190987,0.032079368271992
"FIXE (calculee sur tout l'echantillon)","Construction",2015-12-31,4,,0.032079368271992
"recursive, seuil 0,15 (retenue)","Commerce",2015-12-31,3,-0.0102032260776101,0.00735412998310103
"recursive, seuil 0,10","Commerce",2015-12-31,3,-0.0102032260776101,0.00735412998310103
"recursive, seuil 0,20","Commerce",2015-12-31,3,-0.0102032260776101,0.00735412998310103
"aucune selection","Commerce",2015-12-31,3,-0.0102032260776101,0.00735412998310103
"FIXE (calculee sur tout l'echantillon)","Commerce",2015-12-31,4,,0.00735412998310103
"recursive, seuil 0,15 (retenue)","Transports",2015-12-31,0,,0.0136274565391865
"recursive, seuil 0,10","Transports",2015-12-31,0,,0.0136274565391865
"recursive, seuil 0,20","Transports",2015-12-31,0,,0.0136274565391865
"aucune selection","Transports",2015-12-31,0,,0.0136274565391865
"FIXE (calculee sur tout l'echantillon)","Transports",2015-12-31,0,,0.0136274565391865
"recursive, seuil 0,15 (retenue)","Hébergement-restauration",2015-12-31,0,,0.0175488642456987
"recursive, seuil 0,10","Hébergement-restauration",2015-12-31,0,,0.0175488642456987
"recursive, seuil 0,20","Hébergement-restauration",2015-12-31,0,,0.0175488642456987
"aucune selection","Hébergement-restauration",2015-12-31,0,,0.0175488642456987
"FIXE (calculee sur tout l'echantillon)","Hébergement-restauration",2015-12-31,0,,0.0175488642456987
"recursive, seuil 0,15 (retenue)","Information-communication",2015-12-31,0,,-0.0117556566679973
"recursive, seuil 0,10","Information-communication",2015-12-31,0,,-0.0117556566679973
"recursive, seuil 0,20","Information-communication",2015-12-31,0,,-0.0117556566679973
"aucune selection","Information-communication",2015-12-31,0,,-0.0117556566679973
"FIXE (calculee sur tout l'echantillon)","Information-communication",2015-12-31,1,,-0.0117556566679973
"recursive, seuil 0,15 (retenue)","Finances et assurances",2015-12-31,5,0.00191699039580348,0.0216448096360278
"recursive, seuil 0,10","Finances et assurances",2015-12-31,5,0.00191699039580348,0.0216448096360278
"recursive, seuil 0,20","Finances et assurances",2015-12-31,5,0.00191699039580348,0.0216448096360278
"aucune selection","Finances et assurances",2015-12-31,5,0.00191699039580348,0.0216448096360278
"FIXE (calculee sur tout l'echantillon)","Finances et assurances",2015-12-31,5,,0.0216448096360278
"recursive, seuil 0,15 (retenue)","Immobilier",2015-12-31,1,0.00677208498860105,0.00438830891148179
"recursive, seuil 0,10","Immobilier",2015-12-31,1,0.00677208498860105,0.00438830891148179
"recursive, seuil 0,20","Immobilier",2015-12-31,1,0.00677208498860105,0.00438830891148179
"aucune selection","Immobilier",2015-12-31,1,0.00677208498860105,0.00438830891148179
"FIXE (calculee sur tout l'echantillon)","Immobilier",2015-12-31,1,0.00677208498860105,0.00438830891148179
"recursive, seuil 0,15 (retenue)","Agriculture",2016-03-31,0,,-0.265832646674593
"recursive, seuil 0,10","Agriculture",2016-03-31,0,,-0.265832646674593
"recursive, seuil 0,20","Agriculture",2016-03-31,0,,-0.265832646674593
"aucune selection","Agriculture",2016-03-31,0,,-0.265832646674593
"FIXE (calculee sur tout l'echantillon)","Agriculture",2016-03-31,1,,-0.265832646674593
"recursive, seuil 0,15 (retenue)","Pêche",2016-03-31,0,,0.0522788830555712
"recursive, seuil 0,10","Pêche",2016-03-31,0,,0.0522788830555712
"recursive, seuil 0,20","Pêche",2016-03-31,0,,0.0522788830555712
"aucune selection","Pêche",2016-03-31,0,,0.0522788830555712
"FIXE (calculee sur tout l'echantillon)","Pêche",2016-03-31,1,,0.0522788830555712
"recursive, seuil 0,15 (retenue)","Industrie d'extraction",2016-03-31,1,-0.0695524782718296,0.0161383433235596
"recursive, seuil 0,10","Industrie d'extraction",2016-03-31,1,-0.0695524782718296,0.0161383433235596
"recursive, seuil 0,20","Industrie d'extraction",2016-03-31,1,-0.0695524782718296,0.0161383433235596
"aucune selection","Industrie d'extraction",2016-03-31,1,-0.0695524782718296,0.0161383433235596
"FIXE (calculee sur tout l'echantillon)","Industrie d'extraction",2016-03-31,3,,0.0161383433235596
"recursive, seuil 0,15 (retenue)","Industrie de transformation",2016-03-31,5,0.008660698105714,-0.00323991776717136
"recursive, seuil 0,10","Industrie de transformation",2016-03-31,5,0.008660698105714,-0.00323991776717136
"recursive, seuil 0,20","Industrie de transformation",2016-03-31,5,0.008660698105714,-0.00323991776717136
"aucune selection","Industrie de transformation",2016-03-31,5,0.008660698105714,-0.00323991776717136
"FIXE (calculee sur tout l'echantillon)","Industrie de transformation",2016-03-31,5,0.008660698105714,-0.00323991776717136
"recursive, seuil 0,15 (retenue)","Électricité, gaz, eau",2016-03-31,5,-0.0323226372631088,0.000155955147615572
"recursive, seuil 0,10","Électricité, gaz, eau",2016-03-31,5,-0.0323226372631088,0.000155955147615572
"recursive, seuil 0,20","Électricité, gaz, eau",2016-03-31,5,-0.0323226372631088,0.000155955147615572
"aucune selection","Électricité, gaz, eau",2016-03-31,5,-0.0323226372631088,0.000155955147615572
"FIXE (calculee sur tout l'echantillon)","Électricité, gaz, eau",2016-03-31,5,,0.000155955147615572
"recursive, seuil 0,15 (retenue)","Construction",2016-03-31,3,0.0135894673942325,0.0187855153946899
"recursive, seuil 0,10","Construction",2016-03-31,3,0.0135894673942325,0.0187855153946899
"recursive, seuil 0,20","Construction",2016-03-31,3,0.0135894673942325,0.0187855153946899
"aucune selection","Construction",2016-03-31,3,0.0135894673942325,0.0187855153946899
"FIXE (calculee sur tout l'echantillon)","Construction",2016-03-31,2,0.0137307950446482,0.0187855153946899
"recursive, seuil 0,15 (retenue)","Commerce",2016-03-31,3,-0.0193444610954796,-0.0158055279342868
"recursive, seuil 0,10","Commerce",2016-03-31,3,-0.0193444610954796,-0.0158055279342868
"recursive, seuil 0,20","Commerce",2016-03-31,3,-0.0193444610954796,-0.0158055279342868
"aucune selection","Commerce",2016-03-31,3,-0.0193444610954796,-0.0158055279342868
"FIXE (calculee sur tout l'echantillon)","Commerce",2016-03-31,4,,-0.0158055279342868
"recursive, seuil 0,15 (retenue)","Transports",2016-03-31,0,,-0.00224188236103728
"recursive, seuil 0,10","Transports",2016-03-31,0,,-0.00224188236103728
"recursive, seuil 0,20","Transports",2016-03-31,0,,-0.00224188236103728
"aucune selection","Transports",2016-03-31,0,,-0.00224188236103728
"FIXE (calculee sur tout l'echantillon)","Transports",2016-03-31,0,,-0.00224188236103728
"recursive, seuil 0,15 (retenue)","Hébergement-restauration",2016-03-31,0,,0.00665704009847978
"recursive, seuil 0,10","Hébergement-restauration",2016-03-31,0,,0.00665704009847978
"recursive, seuil 0,20","Hébergement-restauration",2016-03-31,0,,0.00665704009847978
"aucune selection","Hébergement-restauration",2016-03-31,0,,0.00665704009847978
"FIXE (calculee sur tout l'echantillon)","Hébergement-restauration",2016-03-31,0,,0.00665704009847978
"recursive, seuil 0,15 (retenue)","Information-communication",2016-03-31,0,,0.0441187349800902
"recursive, seuil 0,10","Information-communication",2016-03-31,0,,0.0441187349800902
"recursive, seuil 0,20","Information-communication",2016-03-31,0,,0.0441187349800902
"aucune selection","Information-communication",2016-03-31,0,,0.0441187349800902
"FIXE (calculee sur tout l'echantillon)","Information-communication",2016-03-31,0,,0.0441187349800902
"recursive, seuil 0,15 (retenue)","Finances et assurances",2016-03-31,5,-0.000406785352892031,0.0116644403276638
"recursive, seuil 0,10","Finances et assurances",2016-03-31,5,-0.000406785352892031,0.0116644403276638
"recursive, seuil 0,20","Finances et assurances",2016-03-31,5,-0.000406785352892031,0.0116644403276638
"aucune selection","Finances et assurances",2016-03-31,5,-0.000406785352892031,0.0116644403276638
"FIXE (calculee sur tout l'echantillon)","Finances et assurances",2016-03-31,5,,0.0116644403276638
"recursive, seuil 0,15 (retenue)","Immobilier",2016-03-31,1,0.00630592223375286,0.0126521894411589
"recursive, seuil 0,10","Immobilier",2016-03-31,1,0.00630592223375286,0.0126521894411589
"recursive, seuil 0,20","Immobilier",2016-03-31,1,0.00630592223375286,0.0126521894411589
"aucune selection","Immobilier",2016-03-31,1,0.00630592223375286,0.0126521894411589
"FIXE (calculee sur tout l'echantillon)","Immobilier",2016-03-31,1,0.00630592223375286,0.0126521894411589
"recursive, seuil 0,15 (retenue)","Agriculture",2016-06-30,0,,0.00748113104625325
"recursive, seuil 0,10","Agriculture",2016-06-30,0,,0.00748113104625325
"recursive, seuil 0,20","Agriculture",2016-06-30,0,,0.00748113104625325
"aucune selection","Agriculture",2016-06-30,0,,0.00748113104625325
"FIXE (calculee sur tout l'echantillon)","Agriculture",2016-06-30,1,,0.00748113104625325
"recursive, seuil 0,15 (retenue)","Pêche",2016-06-30,0,,-0.0692837716719641
"recursive, seuil 0,10","Pêche",2016-06-30,0,,-0.0692837716719641
"recursive, seuil 0,20","Pêche",2016-06-30,0,,-0.0692837716719641
"aucune selection","Pêche",2016-06-30,0,,-0.0692837716719641
"FIXE (calculee sur tout l'echantillon)","Pêche",2016-06-30,1,,-0.0692837716719641
"recursive, seuil 0,15 (retenue)","Industrie d'extraction",2016-06-30,1,0.0088447193536802,-0.0163339493026129
"recursive, seuil 0,10","Industrie d'extraction",2016-06-30,1,0.0088447193536802,-0.0163339493026129
"recursive, seuil 0,20","Industrie d'extraction",2016-06-30,1,0.0088447193536802,-0.0163339493026129
"aucune selection","Industrie d'extraction",2016-06-30,1,0.0088447193536802,-0.0163339493026129
"FIXE (calculee sur tout l'echantillon)","Industrie d'extraction",2016-06-30,3,,-0.0163339493026129
"recursive, seuil 0,15 (retenue)","Industrie de transformation",2016-06-30,5,0.00578746475302852,-0.00999549769479913
"recursive, seuil 0,10","Industrie de transformation",2016-06-30,5,0.00578746475302852,-0.00999549769479913
"recursive, seuil 0,20","Industrie de transformation",2016-06-30,5,0.00578746475302852,-0.00999549769479913
"aucune selection","Industrie de transformation",2016-06-30,5,0.00578746475302852,-0.00999549769479913
"FIXE (calculee sur tout l'echantillon)","Industrie de transformation",2016-06-30,5,0.00578746475302853,-0.00999549769479913
"recursive, seuil 0,15 (retenue)","Électricité, gaz, eau",2016-06-30,4,0.00224378522270249,-0.017175634556283
"recursive, seuil 0,10","Électricité, gaz, eau",2016-06-30,4,0.00224378522270249,-0.017175634556283
"recursive, seuil 0,20","Électricité, gaz, eau",2016-06-30,4,0.00224378522270249,-0.017175634556283
"aucune selection","Électricité, gaz, eau",2016-06-30,4,0.00224378522270249,-0.017175634556283
"FIXE (calculee sur tout l'echantillon)","Électricité, gaz, eau",2016-06-30,5,,-0.017175634556283
"recursive, seuil 0,15 (retenue)","Construction",2016-06-30,0,,-0.00501930687227414
"recursive, seuil 0,10","Construction",2016-06-30,0,,-0.00501930687227414
"recursive, seuil 0,20","Construction",2016-06-30,0,,-0.00501930687227414
"aucune selection","Construction",2016-06-30,0,,-0.00501930687227414
"FIXE (calculee sur tout l'echantillon)","Construction",2016-06-30,3,,-0.00501930687227414
"recursive, seuil 0,15 (retenue)","Commerce",2016-06-30,3,0.00551868123057287,0.0133516373977667
"recursive, seuil 0,10","Commerce",2016-06-30,3,0.00551868123057287,0.0133516373977667
"recursive, seuil 0,20","Commerce",2016-06-30,3,0.00551868123057287,0.0133516373977667
"aucune selection","Commerce",2016-06-30,3,0.00551868123057287,0.0133516373977667
"FIXE (calculee sur tout l'echantillon)","Commerce",2016-06-30,4,,0.0133516373977667
"recursive, seuil 0,15 (retenue)","Transports",2016-06-30,0,,-0.0304162214184824
"recursive, seuil 0,10","Transports",2016-06-30,0,,-0.0304162214184824
"recursive, seuil 0,20","Transports",2016-06-30,0,,-0.0304162214184824
"aucune selection","Transports",2016-06-30,0,,-0.0304162214184824
"FIXE (calculee sur tout l'echantillon)","Transports",2016-06-30,0,,-0.0304162214184824
"recursive, seuil 0,15 (retenue)","Hébergement-restauration",2016-06-30,0,,-0.00832824764845164
"recursive, seuil 0,10","Hébergement-restauration",2016-06-30,0,,-0.00832824764845164
"recursive, seuil 0,20","Hébergement-restauration",2016-06-30,0,,-0.00832824764845164
"aucune selection","Hébergement-restauration",2016-06-30,0,,-0.00832824764845164
"FIXE (calculee sur tout l'echantillon)","Hébergement-restauration",2016-06-30,0,,-0.00832824764845164
"recursive, seuil 0,15 (retenue)","Information-communication",2016-06-30,0,,0.0324311797721624
"recursive, seuil 0,10","Information-communication",2016-06-30,0,,0.0324311797721624
"recursive, seuil 0,20","Information-communication",2016-06-30,0,,0.0324311797721624
"aucune selection","Information-communication",2016-06-30,0,,0.0324311797721624
"FIXE (calculee sur tout l'echantillon)","Information-communication",2016-06-30,0,,0.0324311797721624
"recursive, seuil 0,15 (retenue)","Finances et assurances",2016-06-30,5,0.0108997856671717,0.0132480316692885
"recursive, seuil 0,10","Finances et assurances",2016-06-30,5,0.0108997856671717,0.0132480316692885
"recursive, seuil 0,20","Finances et assurances",2016-06-30,5,0.0108997856671717,0.0132480316692885
"aucune selection","Finances et assurances",2016-06-30,5,0.0108997856671717,0.0132480316692885
"FIXE (calculee sur tout l'echantillon)","Finances et assurances",2016-06-30,5,0.0108997856671717,0.0132480316692885
"recursive, seuil 0,15 (retenue)","Immobilier",2016-06-30,1,0.00901808656001495,0.00642440146184065
"recursive, seuil 0,10","Immobilier",2016-06-30,1,0.00901808656001495,0.00642440146184065
"recursive, seuil 0,20","Immobilier",2016-06-30,1,0.00901808656001495,0.00642440146184065
"aucune selection","Immobilier",2016-06-30,1,0.00901808656001495,0.00642440146184065
"FIXE (calculee sur tout l'echantillon)","Immobilier",2016-06-30,1,0.00901808656001495,0.00642440146184065
"recursive, seuil 0,15 (retenue)","Agriculture",2016-09-30,0,,0.0239103237598961
"recursive, seuil 0,10","Agriculture",2016-09-30,0,,0.0239103237598961
"recursive, seuil 0,20","Agriculture",2016-09-30,0,,0.0239103237598961
"aucune selection","Agriculture",2016-09-30,0,,0.0239103237598961
"FIXE (calculee sur tout l'echantillon)","Agriculture",2016-09-30,1,,0.0239103237598961
"recursive, seuil 0,15 (retenue)","Pêche",2016-09-30,0,,-0.0707389562407208
"recursive, seuil 0,10","Pêche",2016-09-30,0,,-0.0707389562407208
"recursive, seuil 0,20","Pêche",2016-09-30,0,,-0.0707389562407208
"aucune selection","Pêche",2016-09-30,0,,-0.0707389562407208
"FIXE (calculee sur tout l'echantillon)","Pêche",2016-09-30,1,,-0.0707389562407208
"recursive, seuil 0,15 (retenue)","Industrie d'extraction",2016-09-30,1,0.031908266341441,0.0218474503756241
"recursive, seuil 0,10","Industrie d'extraction",2016-09-30,1,0.031908266341441,0.0218474503756241
"recursive, seuil 0,20","Industrie d'extraction",2016-09-30,1,0.031908266341441,0.0218474503756241
"aucune selection","Industrie d'extraction",2016-09-30,1,0.031908266341441,0.0218474503756241
"FIXE (calculee sur tout l'echantillon)","Industrie d'extraction",2016-09-30,3,,0.0218474503756241
"recursive, seuil 0,15 (retenue)","Industrie de transformation",2016-09-30,5,-0.000350492951565903,0.0228243332255111
"recursive, seuil 0,10","Industrie de transformation",2016-09-30,5,-0.000350492951565903,0.0228243332255111
"recursive, seuil 0,20","Industrie de transformation",2016-09-30,5,-0.000350492951565903,0.0228243332255111
"aucune selection","Industrie de transformation",2016-09-30,5,-0.000350492951565903,0.0228243332255111
"FIXE (calculee sur tout l'echantillon)","Industrie de transformation",2016-09-30,5,0.0105701411650497,0.0228243332255111
"recursive, seuil 0,15 (retenue)","Électricité, gaz, eau",2016-09-30,4,0.00867319830023176,0.0711460023338066
"recursive, seuil 0,10","Électricité, gaz, eau",2016-09-30,4,0.00867319830023176,0.0711460023338066
"recursive, seuil 0,20","Électricité, gaz, eau",2016-09-30,4,0.00867319830023176,0.0711460023338066
"aucune selection","Électricité, gaz, eau",2016-09-30,4,0.00867319830023176,0.0711460023338066
"FIXE (calculee sur tout l'echantillon)","Électricité, gaz, eau",2016-09-30,5,,0.0711460023338066
"recursive, seuil 0,15 (retenue)","Construction",2016-09-30,0,,-0.00562759321653061
"recursive, seuil 0,10","Construction",2016-09-30,0,,-0.00562759321653061
"recursive, seuil 0,20","Construction",2016-09-30,0,,-0.00562759321653061
"aucune selection","Construction",2016-09-30,0,,-0.00562759321653061
"FIXE (calculee sur tout l'echantillon)","Construction",2016-09-30,3,,-0.00562759321653061
"recursive, seuil 0,15 (retenue)","Commerce",2016-09-30,3,0.0194788204242149,0.0267524972525734
"recursive, seuil 0,10","Commerce",2016-09-30,3,0.0194788204242149,0.0267524972525734
"recursive, seuil 0,20","Commerce",2016-09-30,3,0.0194788204242149,0.0267524972525734
"aucune selection","Commerce",2016-09-30,3,0.0194788204242149,0.0267524972525734
"FIXE (calculee sur tout l'echantillon)","Commerce",2016-09-30,5,,0.0267524972525734
"recursive, seuil 0,15 (retenue)","Transports",2016-09-30,0,,0.0405851512318183
"recursive, seuil 0,10","Transports",2016-09-30,0,,0.0405851512318183
"recursive, seuil 0,20","Transports",2016-09-30,0,,0.0405851512318183
"aucune selection","Transports",2016-09-30,0,,0.0405851512318183
"FIXE (calculee sur tout l'echantillon)","Transports",2016-09-30,0,,0.0405851512318183
"recursive, seuil 0,15 (retenue)","Hébergement-restauration",2016-09-30,0,,0.0560471819745558
"recursive, seuil 0,10","Hébergement-restauration",2016-09-30,0,,0.0560471819745558
"recursive, seuil 0,20","Hébergement-restauration",2016-09-30,0,,0.0560471819745558
"aucune selection","Hébergement-restauration",2016-09-30,0,,0.0560471819745558
"FIXE (calculee sur tout l'echantillon)","Hébergement-restauration",2016-09-30,0,,0.0560471819745558
"recursive, seuil 0,15 (retenue)","Information-communication",2016-09-30,0,,0.0156993215704908
"recursive, seuil 0,10","Information-communication",2016-09-30,0,,0.0156993215704908
"recursive, seuil 0,20","Information-communication",2016-09-30,0,,0.0156993215704908
"aucune selection","Information-communication",2016-09-30,0,,0.0156993215704908
"FIXE (calculee sur tout l'echantillon)","Information-communication",2016-09-30,1,,0.0156993215704908
"recursive, seuil 0,15 (retenue)","Finances et assurances",2016-09-30,5,0.0089905211639972,0.0406230501366736
"recursive, seuil 0,10","Finances et assurances",2016-09-30,5,0.0089905211639972,0.0406230501366736
"recursive, seuil 0,20","Finances et assurances",2016-09-30,5,0.0089905211639972,0.0406230501366736
"aucune selection","Finances et assurances",2016-09-30,5,0.0089905211639972,0.0406230501366736
"FIXE (calculee sur tout l'echantillon)","Finances et assurances",2016-09-30,5,,0.0406230501366736
"recursive, seuil 0,15 (retenue)","Immobilier",2016-09-30,1,0.0084157503421744,0.00538883523628364
"recursive, seuil 0,10","Immobilier",2016-09-30,1,0.0084157503421744,0.00538883523628364
"recursive, seuil 0,20","Immobilier",2016-09-30,1,0.0084157503421744,0.00538883523628364
"aucune selection","Immobilier",2016-09-30,1,0.0084157503421744,0.00538883523628364
"FIXE (calculee sur tout l'echantillon)","Immobilier",2016-09-30,1,0.0084157503421744,0.00538883523628364
"recursive, seuil 0,15 (retenue)","Agriculture",2016-12-31,0,,0.00479642186034113
"recursive, seuil 0,10","Agriculture",2016-12-31,0,,0.00479642186034113
"recursive, seuil 0,20","Agriculture",2016-12-31,0,,0.00479642186034113
"aucune selection","Agriculture",2016-12-31,0,,0.00479642186034113
"FIXE (calculee sur tout l'echantillon)","Agriculture",2016-12-31,1,,0.00479642186034113
"recursive, seuil 0,15 (retenue)","Pêche",2016-12-31,0,,0.100756292896915
"recursive, seuil 0,10","Pêche",2016-12-31,0,,0.100756292896915
"recursive, seuil 0,20","Pêche",2016-12-31,0,,0.100756292896915
"aucune selection","Pêche",2016-12-31,0,,0.100756292896915
"FIXE (calculee sur tout l'echantillon)","Pêche",2016-12-31,2,,0.100756292896915
"recursive, seuil 0,15 (retenue)","Industrie d'extraction",2016-12-31,0,,0.025849664713844
"recursive, seuil 0,10","Industrie d'extraction",2016-12-31,0,,0.025849664713844
"recursive, seuil 0,20","Industrie d'extraction",2016-12-31,0,,0.025849664713844
"aucune selection","Industrie d'extraction",2016-12-31,0,,0.025849664713844
"FIXE (calculee sur tout l'echantillon)","Industrie d'extraction",2016-12-31,3,,0.025849664713844
"recursive, seuil 0,15 (retenue)","Industrie de transformation",2016-12-31,5,0.00840724015556569,0.0116788252925897
"recursive, seuil 0,10","Industrie de transformation",2016-12-31,5,0.00840724015556569,0.0116788252925897
"recursive, seuil 0,20","Industrie de transformation",2016-12-31,5,0.00840724015556569,0.0116788252925897
"aucune selection","Industrie de transformation",2016-12-31,5,0.00840724015556569,0.0116788252925897
"FIXE (calculee sur tout l'echantillon)","Industrie de transformation",2016-12-31,5,0.0084072401555657,0.0116788252925897
"recursive, seuil 0,15 (retenue)","Électricité, gaz, eau",2016-12-31,5,0.00202504848225445,-0.0359660643263187
"recursive, seuil 0,10","Électricité, gaz, eau",2016-12-31,5,0.00202504848225445,-0.0359660643263187
"recursive, seuil 0,20","Électricité, gaz, eau",2016-12-31,4,0.0171750564137409,-0.0359660643263187
"aucune selection","Électricité, gaz, eau",2016-12-31,5,0.00202504848225445,-0.0359660643263187
"FIXE (calculee sur tout l'echantillon)","Électricité, gaz, eau",2016-12-31,5,,-0.0359660643263187
"recursive, seuil 0,15 (retenue)","Construction",2016-12-31,0,,-0.0052620417260254
"recursive, seuil 0,10","Construction",2016-12-31,0,,-0.0052620417260254
"recursive, seuil 0,20","Construction",2016-12-31,0,,-0.0052620417260254
"aucune selection","Construction",2016-12-31,0,,-0.0052620417260254
"FIXE (calculee sur tout l'echantillon)","Construction",2016-12-31,3,,-0.0052620417260254
"recursive, seuil 0,15 (retenue)","Commerce",2016-12-31,4,-0.0197765890445728,0.0309847865136277
"recursive, seuil 0,10","Commerce",2016-12-31,4,-0.0197765890445728,0.0309847865136277
"recursive, seuil 0,20","Commerce",2016-12-31,4,-0.0197765890445728,0.0309847865136277
"aucune selection","Commerce",2016-12-31,4,-0.0197765890445728,0.0309847865136277
"FIXE (calculee sur tout l'echantillon)","Commerce",2016-12-31,5,,0.0309847865136277
"recursive, seuil 0,15 (retenue)","Transports",2016-12-31,0,,-0.000806231998783602
"recursive, seuil 0,10","Transports",2016-12-31,0,,-0.000806231998783602
"recursive, seuil 0,20","Transports",2016-12-31,0,,-0.000806231998783602
"aucune selection","Transports",2016-12-31,0,,-0.000806231998783602
"FIXE (calculee sur tout l'echantillon)","Transports",2016-12-31,0,,-0.000806231998783602
"recursive, seuil 0,15 (retenue)","Hébergement-restauration",2016-12-31,0,,0.0195963775895027
"recursive, seuil 0,10","Hébergement-restauration",2016-12-31,0,,0.0195963775895027
"recursive, seuil 0,20","Hébergement-restauration",2016-12-31,0,,0.0195963775895027
"aucune selection","Hébergement-restauration",2016-12-31,0,,0.0195963775895027
"FIXE (calculee sur tout l'echantillon)","Hébergement-restauration",2016-12-31,0,,0.0195963775895027
"recursive, seuil 0,15 (retenue)","Information-communication",2016-12-31,0,,0.0119540679681371
"recursive, seuil 0,10","Information-communication",2016-12-31,0,,0.0119540679681371
"recursive, seuil 0,20","Information-communication",2016-12-31,0,,0.0119540679681371
"aucune selection","Information-communication",2016-12-31,0,,0.0119540679681371
"FIXE (calculee sur tout l'echantillon)","Information-communication",2016-12-31,1,,0.0119540679681371
"recursive, seuil 0,15 (retenue)","Finances et assurances",2016-12-31,5,0.0152318917276414,-0.0101673768515305
"recursive, seuil 0,10","Finances et assurances",2016-12-31,5,0.0152318917276414,-0.0101673768515305
"recursive, seuil 0,20","Finances et assurances",2016-12-31,5,0.0152318917276414,-0.0101673768515305
"aucune selection","Finances et assurances",2016-12-31,5,0.0152318917276414,-0.0101673768515305
"FIXE (calculee sur tout l'echantillon)","Finances et assurances",2016-12-31,5,0.0182702472380349,-0.0101673768515305
"recursive, seuil 0,15 (retenue)","Immobilier",2016-12-31,1,0.00707700323361388,0.00381329164235744
"recursive, seuil 0,10","Immobilier",2016-12-31,1,0.00707700323361388,0.00381329164235744
"recursive, seuil 0,20","Immobilier",2016-12-31,1,0.00707700323361388,0.00381329164235744
"aucune selection","Immobilier",2016-12-31,1,0.00707700323361388,0.00381329164235744
"FIXE (calculee sur tout l'echantillon)","Immobilier",2016-12-31,1,0.00707700323361388,0.00381329164235744
"recursive, seuil 0,15 (retenue)","Agriculture",2017-03-31,0,,0.156411418832823
"recursive, seuil 0,10","Agriculture",2017-03-31,0,,0.156411418832823
"recursive, seuil 0,20","Agriculture",2017-03-31,0,,0.156411418832823
"aucune selection","Agriculture",2017-03-31,0,,0.156411418832823
"FIXE (calculee sur tout l'echantillon)","Agriculture",2017-03-31,1,,0.156411418832823
"recursive, seuil 0,15 (retenue)","Pêche",2017-03-31,0,,-0.0981301116583815
"recursive, seuil 0,10","Pêche",2017-03-31,0,,-0.0981301116583815
"recursive, seuil 0,20","Pêche",2017-03-31,0,,-0.0981301116583815
"aucune selection","Pêche",2017-03-31,0,,-0.0981301116583815
"FIXE (calculee sur tout l'echantillon)","Pêche",2017-03-31,2,,-0.0981301116583815
"recursive, seuil 0,15 (retenue)","Industrie d'extraction",2017-03-31,0,,0.0185128254497453
"recursive, seuil 0,10","Industrie d'extraction",2017-03-31,0,,0.0185128254497453
"recursive, seuil 0,20","Industrie d'extraction",2017-03-31,0,,0.0185128254497453
"aucune selection","Industrie d'extraction",2017-03-31,0,,0.0185128254497453
"FIXE (calculee sur tout l'echantillon)","Industrie d'extraction",2017-03-31,3,,0.0185128254497453
"recursive, seuil 0,15 (retenue)","Industrie de transformation",2017-03-31,5,0.000313364237150015,0.00953178833632684
"recursive, seuil 0,10","Industrie de transformation",2017-03-31,5,0.000313364237150015,0.00953178833632684
"recursive, seuil 0,20","Industrie de transformation",2017-03-31,5,0.000313364237150015,0.00953178833632684
"aucune selection","Industrie de transformation",2017-03-31,5,0.000313364237150015,0.00953178833632684
"FIXE (calculee sur tout l'echantillon)","Industrie de transformation",2017-03-31,5,0.000313364237150015,0.00953178833632684
"recursive, seuil 0,15 (retenue)","Électricité, gaz, eau",2017-03-31,5,-0.017611871119393,-0.00716286993772819
"recursive, seuil 0,10","Électricité, gaz, eau",2017-03-31,5,-0.017611871119393,-0.00716286993772819
"recursive, seuil 0,20","Électricité, gaz, eau",2017-03-31,5,-0.017611871119393,-0.00716286993772819
"aucune selection","Électricité, gaz, eau",2017-03-31,5,-0.017611871119393,-0.00716286993772819
"FIXE (calculee sur tout l'echantillon)","Électricité, gaz, eau",2017-03-31,5,,-0.00716286993772819
"recursive, seuil 0,15 (retenue)","Construction",2017-03-31,0,,0.0132064022878779
"recursive, seuil 0,10","Construction",2017-03-31,0,,0.0132064022878779
"recursive, seuil 0,20","Construction",2017-03-31,0,,0.0132064022878779
"aucune selection","Construction",2017-03-31,0,,0.0132064022878779
"FIXE (calculee sur tout l'echantillon)","Construction",2017-03-31,4,,0.0132064022878779
"recursive, seuil 0,15 (retenue)","Commerce",2017-03-31,4,0.00895667657656236,0.00917546195855401
"recursive, seuil 0,10","Commerce",2017-03-31,4,0.00895667657656236,0.00917546195855401
"recursive, seuil 0,20","Commerce",2017-03-31,4,0.00895667657656236,0.00917546195855401
"aucune selection","Commerce",2017-03-31,4,0.00895667657656236,0.00917546195855401
"FIXE (calculee sur tout l'echantillon)","Commerce",2017-03-31,5,,0.00917546195855401
"recursive, seuil 0,15 (retenue)","Transports",2017-03-31,0,,0.00525061131594917
"recursive, seuil 0,10","Transports",2017-03-31,0,,0.00525061131594917
"recursive, seuil 0,20","Transports",2017-03-31,0,,0.00525061131594917
"aucune selection","Transports",2017-03-31,0,,0.00525061131594917
"FIXE (calculee sur tout l'echantillon)","Transports",2017-03-31,0,,0.00525061131594917
"recursive, seuil 0,15 (retenue)","Hébergement-restauration",2017-03-31,0,,0.0277996430464089
"recursive, seuil 0,10","Hébergement-restauration",2017-03-31,0,,0.0277996430464089
"recursive, seuil 0,20","Hébergement-restauration",2017-03-31,0,,0.0277996430464089
"aucune selection","Hébergement-restauration",2017-03-31,0,,0.0277996430464089
"FIXE (calculee sur tout l'echantillon)","Hébergement-restauration",2017-03-31,0,,0.0277996430464089
"recursive, seuil 0,15 (retenue)","Information-communication",2017-03-31,0,,-0.074924310117952
"recursive, seuil 0,10","Information-communication",2017-03-31,0,,-0.074924310117952
"recursive, seuil 0,20","Information-communication",2017-03-31,0,,-0.074924310117952
"aucune selection","Information-communication",2017-03-31,0,,-0.074924310117952
"FIXE (calculee sur tout l'echantillon)","Information-communication",2017-03-31,0,,-0.074924310117952
"recursive, seuil 0,15 (retenue)","Finances et assurances",2017-03-31,5,-0.00189879382444303,0.00552692213443429
"recursive, seuil 0,10","Finances et assurances",2017-03-31,5,-0.00189879382444303,0.00552692213443429
"recursive, seuil 0,20","Finances et assurances",2017-03-31,5,-0.00189879382444303,0.00552692213443429
"aucune selection","Finances et assurances",2017-03-31,5,-0.00189879382444303,0.00552692213443429
"FIXE (calculee sur tout l'echantillon)","Finances et assurances",2017-03-31,5,-0.00189879382444303,0.00552692213443429
"recursive, seuil 0,15 (retenue)","Immobilier",2017-03-31,1,0.00769638623037464,0.000111312238896488
"recursive, seuil 0,10","Immobilier",2017-03-31,1,0.00769638623037464,0.000111312238896488
"recursive, seuil 0,20","Immobilier",2017-03-31,1,0.00769638623037464,0.000111312238896488
"aucune selection","Immobilier",2017-03-31,1,0.00769638623037464,0.000111312238896488
"FIXE (calculee sur tout l'echantillon)","Immobilier",2017-03-31,1,0.00769638623037464,0.000111312238896488
"recursive, seuil 0,15 (retenue)","Agriculture",2017-06-30,0,,0.031215998995707
"recursive, seuil 0,10","Agriculture",2017-06-30,0,,0.031215998995707
"recursive, seuil 0,20","Agriculture",2017-06-30,0,,0.031215998995707
"aucune selection","Agriculture",2017-06-30,0,,0.031215998995707
"FIXE (calculee sur tout l'echantillon)","Agriculture",2017-06-30,0,,0.031215998995707
"recursive, seuil 0,15 (retenue)","Pêche",2017-06-30,0,,-0.0199501670707116
"recursive, seuil 0,10","Pêche",2017-06-30,0,,-0.0199501670707116
"recursive, seuil 0,20","Pêche",2017-06-30,0,,-0.0199501670707116
"aucune selection","Pêche",2017-06-30,0,,-0.0199501670707116
"FIXE (calculee sur tout l'echantillon)","Pêche",2017-06-30,2,,-0.0199501670707116
"recursive, seuil 0,15 (retenue)","Industrie d'extraction",2017-06-30,0,,0.0955083840143161
"recursive, seuil 0,10","Industrie d'extraction",2017-06-30,0,,0.0955083840143161
"recursive, seuil 0,20","Industrie d'extraction",2017-06-30,0,,0.0955083840143161
"aucune selection","Industrie d'extraction",2017-06-30,0,,0.0955083840143161
"FIXE (calculee sur tout l'echantillon)","Industrie d'extraction",2017-06-30,3,,0.0955083840143161
"recursive, seuil 0,15 (retenue)","Industrie de transformation",2017-06-30,5,0.00878610950850356,0.0149267146411702
"recursive, seuil 0,10","Industrie de transformation",2017-06-30,5,0.00878610950850356,0.0149267146411702
"recursive, seuil 0,20","Industrie de transformation",2017-06-30,5,0.00878610950850356,0.0149267146411702
"aucune selection","Industrie de transformation",2017-06-30,5,0.00878610950850356,0.0149267146411702
"FIXE (calculee sur tout l'echantillon)","Industrie de transformation",2017-06-30,5,0.00878610950850356,0.0149267146411702
"recursive, seuil 0,15 (retenue)","Électricité, gaz, eau",2017-06-30,5,-0.000827607340332777,0.0253000677575166
"recursive, seuil 0,10","Électricité, gaz, eau",2017-06-30,5,-0.000827607340332777,0.0253000677575166
"recursive, seuil 0,20","Électricité, gaz, eau",2017-06-30,5,-0.000827607340332777,0.0253000677575166
"aucune selection","Électricité, gaz, eau",2017-06-30,5,-0.000827607340332777,0.0253000677575166
"FIXE (calculee sur tout l'echantillon)","Électricité, gaz, eau",2017-06-30,5,,0.0253000677575166
"recursive, seuil 0,15 (retenue)","Construction",2017-06-30,0,,0.000867405836450175
"recursive, seuil 0,10","Construction",2017-06-30,0,,0.000867405836450175
"recursive, seuil 0,20","Construction",2017-06-30,0,,0.000867405836450175
"aucune selection","Construction",2017-06-30,0,,0.000867405836450175
"FIXE (calculee sur tout l'echantillon)","Construction",2017-06-30,3,,0.000867405836450175
"recursive, seuil 0,15 (retenue)","Commerce",2017-06-30,4,0.00715077387621957,-0.00349218376741867
"recursive, seuil 0,10","Commerce",2017-06-30,4,0.00715077387621957,-0.00349218376741867
"recursive, seuil 0,20","Commerce",2017-06-30,4,0.00715077387621957,-0.00349218376741867
"aucune selection","Commerce",2017-06-30,4,0.00715077387621957,-0.00349218376741867
"FIXE (calculee sur tout l'echantillon)","Commerce",2017-06-30,5,,-0.00349218376741867
"recursive, seuil 0,15 (retenue)","Transports",2017-06-30,0,,-0.00885390403460029
"recursive, seuil 0,10","Transports",2017-06-30,0,,-0.00885390403460029
"recursive, seuil 0,20","Transports",2017-06-30,0,,-0.00885390403460029
"aucune selection","Transports",2017-06-30,0,,-0.00885390403460029
"FIXE (calculee sur tout l'echantillon)","Transports",2017-06-30,0,,-0.00885390403460029
"recursive, seuil 0,15 (retenue)","Hébergement-restauration",2017-06-30,0,,0.0278215922434324
"recursive, seuil 0,10","Hébergement-restauration",2017-06-30,0,,0.0278215922434324
"recursive, seuil 0,20","Hébergement-restauration",2017-06-30,0,,0.0278215922434324
"aucune selection","Hébergement-restauration",2017-06-30,0,,0.0278215922434324
"FIXE (calculee sur tout l'echantillon)","Hébergement-restauration",2017-06-30,0,,0.0278215922434324
"recursive, seuil 0,15 (retenue)","Information-communication",2017-06-30,0,,0.0264960645184544
"recursive, seuil 0,10","Information-communication",2017-06-30,0,,0.0264960645184544
"recursive, seuil 0,20","Information-communication",2017-06-30,0,,0.0264960645184544
"aucune selection","Information-communication",2017-06-30,0,,0.0264960645184544
"FIXE (calculee sur tout l'echantillon)","Information-communication",2017-06-30,1,,0.0264960645184544
"recursive, seuil 0,15 (retenue)","Finances et assurances",2017-06-30,5,0.0173822960267603,0.0236163865511507
"recursive, seuil 0,10","Finances et assurances",2017-06-30,5,0.0173822960267603,0.0236163865511507
"recursive, seuil 0,20","Finances et assurances",2017-06-30,5,0.0173822960267603,0.0236163865511507
"aucune selection","Finances et assurances",2017-06-30,5,0.0173822960267603,0.0236163865511507
"FIXE (calculee sur tout l'echantillon)","Finances et assurances",2017-06-30,5,0.0173822960267603,0.0236163865511507
"recursive, seuil 0,15 (retenue)","Immobilier",2017-06-30,1,0.00644429224031751,0.00532846857096558
"recursive, seuil 0,10","Immobilier",2017-06-30,1,0.00644429224031751,0.00532846857096558
"recursive, seuil 0,20","Immobilier",2017-06-30,1,0.00644429224031751,0.00532846857096558
"aucune selection","Immobilier",2017-06-30,1,0.00644429224031751,0.00532846857096558
"FIXE (calculee sur tout l'echantillon)","Immobilier",2017-06-30,1,0.00644429224031751,0.00532846857096558
"recursive, seuil 0,15 (retenue)","Agriculture",2017-09-30,0,,-0.001589953838673
"recursive, seuil 0,10","Agriculture",2017-09-30,0,,-0.001589953838673
"recursive, seuil 0,20","Agriculture",2017-09-30,0,,-0.001589953838673
"aucune selection","Agriculture",2017-09-30,0,,-0.001589953838673
"FIXE (calculee sur tout l'echantillon)","Agriculture",2017-09-30,0,,-0.001589953838673
"recursive, seuil 0,15 (retenue)","Pêche",2017-09-30,0,,0.0209332096664658
"recursive, seuil 0,10","Pêche",2017-09-30,0,,0.0209332096664658
"recursive, seuil 0,20","Pêche",2017-09-30,0,,0.0209332096664658
"aucune selection","Pêche",2017-09-30,0,,0.0209332096664658
"FIXE (calculee sur tout l'echantillon)","Pêche",2017-09-30,2,,0.0209332096664658
"recursive, seuil 0,15 (retenue)","Industrie d'extraction",2017-09-30,0,,-0.0311769033996843
"recursive, seuil 0,10","Industrie d'extraction",2017-09-30,0,,-0.0311769033996843
"recursive, seuil 0,20","Industrie d'extraction",2017-09-30,0,,-0.0311769033996843
"aucune selection","Industrie d'extraction",2017-09-30,0,,-0.0311769033996843
"FIXE (calculee sur tout l'echantillon)","Industrie d'extraction",2017-09-30,3,,-0.0311769033996843
"recursive, seuil 0,15 (retenue)","Industrie de transformation",2017-09-30,5,0.0161479230499145,-0.0114616897126858
"recursive, seuil 0,10","Industrie de transformation",2017-09-30,5,0.0161479230499145,-0.0114616897126858
"recursive, seuil 0,20","Industrie de transformation",2017-09-30,5,0.0161479230499145,-0.0114616897126858
"aucune selection","Industrie de transformation",2017-09-30,5,0.0161479230499145,-0.0114616897126858
"FIXE (calculee sur tout l'echantillon)","Industrie de transformation",2017-09-30,5,0.00262266482555027,-0.0114616897126858
"recursive, seuil 0,15 (retenue)","Électricité, gaz, eau",2017-09-30,5,-0.000350282126681492,0.0048164662893857
"recursive, seuil 0,10","Électricité, gaz, eau",2017-09-30,5,-0.000350282126681492,0.0048164662893857
"recursive, seuil 0,20","Électricité, gaz, eau",2017-09-30,5,-0.000350282126681492,0.0048164662893857
"aucune selection","Électricité, gaz, eau",2017-09-30,5,-0.000350282126681492,0.0048164662893857
"FIXE (calculee sur tout l'echantillon)","Électricité, gaz, eau",2017-09-30,5,,0.0048164662893857
"recursive, seuil 0,15 (retenue)","Construction",2017-09-30,0,,0.017936616006887
"recursive, seuil 0,10","Construction",2017-09-30,0,,0.017936616006887
"recursive, seuil 0,20","Construction",2017-09-30,0,,0.017936616006887
"aucune selection","Construction",2017-09-30,0,,0.017936616006887
"FIXE (calculee sur tout l'echantillon)","Construction",2017-09-30,3,,0.017936616006887
"recursive, seuil 0,15 (retenue)","Commerce",2017-09-30,4,0.004593020367313,-0.0111426180419461
"recursive, seuil 0,10","Commerce",2017-09-30,4,0.004593020367313,-0.0111426180419461
"recursive, seuil 0,20","Commerce",2017-09-30,4,0.004593020367313,-0.0111426180419461
"aucune selection","Commerce",2017-09-30,4,0.004593020367313,-0.0111426180419461
"FIXE (calculee sur tout l'echantillon)","Commerce",2017-09-30,5,,-0.0111426180419461
"recursive, seuil 0,15 (retenue)","Transports",2017-09-30,0,,0.00323264375167831
"recursive, seuil 0,10","Transports",2017-09-30,0,,0.00323264375167831
"recursive, seuil 0,20","Transports",2017-09-30,0,,0.00323264375167831
"aucune selection","Transports",2017-09-30,0,,0.00323264375167831
"FIXE (calculee sur tout l'echantillon)","Transports",2017-09-30,0,,0.00323264375167831
"recursive, seuil 0,15 (retenue)","Hébergement-restauration",2017-09-30,0,,0.0102951493030083
"recursive, seuil 0,10","Hébergement-restauration",2017-09-30,0,,0.0102951493030083
"recursive, seuil 0,20","Hébergement-restauration",2017-09-30,0,,0.0102951493030083
"aucune selection","Hébergement-restauration",2017-09-30,0,,0.0102951493030083
"FIXE (calculee sur tout l'echantillon)","Hébergement-restauration",2017-09-30,0,,0.0102951493030083
"recursive, seuil 0,15 (retenue)","Information-communication",2017-09-30,0,,0.0150230359818178
"recursive, seuil 0,10","Information-communication",2017-09-30,0,,0.0150230359818178
"recursive, seuil 0,20","Information-communication",2017-09-30,0,,0.0150230359818178
"aucune selection","Information-communication",2017-09-30,0,,0.0150230359818178
"FIXE (calculee sur tout l'echantillon)","Information-communication",2017-09-30,1,,0.0150230359818178
"recursive, seuil 0,15 (retenue)","Finances et assurances",2017-09-30,5,0.0072312316793639,-0.00152331413688955
"recursive, seuil 0,10","Finances et assurances",2017-09-30,5,0.0072312316793639,-0.00152331413688955
"recursive, seuil 0,20","Finances et assurances",2017-09-30,5,0.0072312316793639,-0.00152331413688955
"aucune selection","Finances et assurances",2017-09-30,5,0.0072312316793639,-0.00152331413688955
"FIXE (calculee sur tout l'echantillon)","Finances et assurances",2017-09-30,5,0.0072312316793639,-0.00152331413688955
"recursive, seuil 0,15 (retenue)","Immobilier",2017-09-30,1,0.00788686911430022,0.00538413091038592
"recursive, seuil 0,10","Immobilier",2017-09-30,1,0.00788686911430022,0.00538413091038592
"recursive, seuil 0,20","Immobilier",2017-09-30,1,0.00788686911430022,0.00538413091038592
"aucune selection","Immobilier",2017-09-30,1,0.00788686911430022,0.00538413091038592
"FIXE (calculee sur tout l'echantillon)","Immobilier",2017-09-30,1,0.00788686911430022,0.00538413091038592
"recursive, seuil 0,15 (retenue)","Agriculture",2017-12-31,0,,-0.00572029123758178
"recursive, seuil 0,10","Agriculture",2017-12-31,0,,-0.00572029123758178
"recursive, seuil 0,20","Agriculture",2017-12-31,0,,-0.00572029123758178
"aucune selection","Agriculture",2017-12-31,0,,-0.00572029123758178
"FIXE (calculee sur tout l'echantillon)","Agriculture",2017-12-31,0,,-0.00572029123758178
"recursive, seuil 0,15 (retenue)","Pêche",2017-12-31,0,,-0.0659095853471712
"recursive, seuil 0,10","Pêche",2017-12-31,0,,-0.0659095853471712
"recursive, seuil 0,20","Pêche",2017-12-31,0,,-0.0659095853471712
"aucune selection","Pêche",2017-12-31,0,,-0.0659095853471712
"FIXE (calculee sur tout l'echantillon)","Pêche",2017-12-31,5,,-0.0659095853471712
"recursive, seuil 0,15 (retenue)","Industrie d'extraction",2017-12-31,0,,0.0125783920146532
"recursive, seuil 0,10","Industrie d'extraction",2017-12-31,0,,0.0125783920146532
"recursive, seuil 0,20","Industrie d'extraction",2017-12-31,0,,0.0125783920146532
"aucune selection","Industrie d'extraction",2017-12-31,0,,0.0125783920146532
"FIXE (calculee sur tout l'echantillon)","Industrie d'extraction",2017-12-31,3,,0.0125783920146532
"recursive, seuil 0,15 (retenue)","Industrie de transformation",2017-12-31,5,0.00838065514543064,0.00280821148239063
"recursive, seuil 0,10","Industrie de transformation",2017-12-31,5,0.00838065514543064,0.00280821148239063
"recursive, seuil 0,20","Industrie de transformation",2017-12-31,5,0.00838065514543064,0.00280821148239063
"aucune selection","Industrie de transformation",2017-12-31,5,0.00838065514543064,0.00280821148239063
"FIXE (calculee sur tout l'echantillon)","Industrie de transformation",2017-12-31,5,0.00838065514543064,0.00280821148239063
"recursive, seuil 0,15 (retenue)","Électricité, gaz, eau",2017-12-31,5,0.0203033006786355,0.0387992037287237
"recursive, seuil 0,10","Électricité, gaz, eau",2017-12-31,5,0.0203033006786355,0.0387992037287237
"recursive, seuil 0,20","Électricité, gaz, eau",2017-12-31,5,0.0203033006786355,0.0387992037287237
"aucune selection","Électricité, gaz, eau",2017-12-31,5,0.0203033006786355,0.0387992037287237
"FIXE (calculee sur tout l'echantillon)","Électricité, gaz, eau",2017-12-31,5,,0.0387992037287237
"recursive, seuil 0,15 (retenue)","Construction",2017-12-31,0,,-0.00784029652175278
"recursive, seuil 0,10","Construction",2017-12-31,0,,-0.00784029652175278
"recursive, seuil 0,20","Construction",2017-12-31,0,,-0.00784029652175278
"aucune selection","Construction",2017-12-31,0,,-0.00784029652175278
"FIXE (calculee sur tout l'echantillon)","Construction",2017-12-31,3,,-0.00784029652175278
"recursive, seuil 0,15 (retenue)","Commerce",2017-12-31,4,0.00418454396527597,0.0160473615406325
"recursive, seuil 0,10","Commerce",2017-12-31,4,0.00418454396527597,0.0160473615406325
"recursive, seuil 0,20","Commerce",2017-12-31,4,0.00418454396527597,0.0160473615406325
"aucune selection","Commerce",2017-12-31,4,0.00418454396527597,0.0160473615406325
"FIXE (calculee sur tout l'echantillon)","Commerce",2017-12-31,5,,0.0160473615406325
"recursive, seuil 0,15 (retenue)","Transports",2017-12-31,0,,0.00270040887982859
"recursive, seuil 0,10","Transports",2017-12-31,0,,0.00270040887982859
"recursive, seuil 0,20","Transports",2017-12-31,0,,0.00270040887982859
"aucune selection","Transports",2017-12-31,0,,0.00270040887982859
"FIXE (calculee sur tout l'echantillon)","Transports",2017-12-31,0,,0.00270040887982859
"recursive, seuil 0,15 (retenue)","Hébergement-restauration",2017-12-31,0,,0.0188149524720291
"recursive, seuil 0,10","Hébergement-restauration",2017-12-31,0,,0.0188149524720291
"recursive, seuil 0,20","Hébergement-restauration",2017-12-31,0,,0.0188149524720291
"aucune selection","Hébergement-restauration",2017-12-31,0,,0.0188149524720291
"FIXE (calculee sur tout l'echantillon)","Hébergement-restauration",2017-12-31,0,,0.0188149524720291
"recursive, seuil 0,15 (retenue)","Information-communication",2017-12-31,0,,0.00966388766132553
"recursive, seuil 0,10","Information-communication",2017-12-31,0,,0.00966388766132553
"recursive, seuil 0,20","Information-communication",2017-12-31,0,,0.00966388766132553
"aucune selection","Information-communication",2017-12-31,0,,0.00966388766132553
"FIXE (calculee sur tout l'echantillon)","Information-communication",2017-12-31,1,,0.00966388766132553
"recursive, seuil 0,15 (retenue)","Finances et assurances",2017-12-31,5,0.00724967073854659,-0.00363516724733692
"recursive, seuil 0,10","Finances et assurances",2017-12-31,5,0.00724967073854659,-0.00363516724733692
"recursive, seuil 0,20","Finances et assurances",2017-12-31,5,0.00724967073854659,-0.00363516724733692
"aucune selection","Finances et assurances",2017-12-31,5,0.00724967073854659,-0.00363516724733692
"FIXE (calculee sur tout l'echantillon)","Finances et assurances",2017-12-31,5,0.00787594041003642,-0.00363516724733692
"recursive, seuil 0,15 (retenue)","Immobilier",2017-12-31,1,0.00787987895197642,0.00537094450904618
"recursive, seuil 0,10","Immobilier",2017-12-31,1,0.00787987895197642,0.00537094450904618
"recursive, seuil 0,20","Immobilier",2017-12-31,1,0.00787987895197642,0.00537094450904618
"aucune selection","Immobilier",2017-12-31,1,0.00787987895197642,0.00537094450904618
"FIXE (calculee sur tout l'echantillon)","Immobilier",2017-12-31,1,0.00787987895197642,0.00537094450904618
"recursive, seuil 0,15 (retenue)","Agriculture",2018-03-31,0,,0.033613953651912
"recursive, seuil 0,10","Agriculture",2018-03-31,0,,0.033613953651912
"recursive, seuil 0,20","Agriculture",2018-03-31,0,,0.033613953651912
"aucune selection","Agriculture",2018-03-31,0,,0.033613953651912
"FIXE (calculee sur tout l'echantillon)","Agriculture",2018-03-31,0,,0.033613953651912
"recursive, seuil 0,15 (retenue)","Pêche",2018-03-31,5,0.0243289488401041,-0.118526708999348
"recursive, seuil 0,10","Pêche",2018-03-31,5,0.0243289488401041,-0.118526708999348
"recursive, seuil 0,20","Pêche",2018-03-31,5,0.0243289488401041,-0.118526708999348
"aucune selection","Pêche",2018-03-31,5,0.0243289488401041,-0.118526708999348
"FIXE (calculee sur tout l'echantillon)","Pêche",2018-03-31,5,,-0.118526708999348
"recursive, seuil 0,15 (retenue)","Industrie d'extraction",2018-03-31,0,,-0.0244479675700369
"recursive, seuil 0,10","Industrie d'extraction",2018-03-31,0,,-0.0244479675700369
"recursive, seuil 0,20","Industrie d'extraction",2018-03-31,0,,-0.0244479675700369
"aucune selection","Industrie d'extraction",2018-03-31,0,,-0.0244479675700369
"FIXE (calculee sur tout l'echantillon)","Industrie d'extraction",2018-03-31,3,,-0.0244479675700369
"recursive, seuil 0,15 (retenue)","Industrie de transformation",2018-03-31,5,0.00613221691380884,0.0234087617899217
"recursive, seuil 0,10","Industrie de transformation",2018-03-31,5,0.00613221691380884,0.0234087617899217
"recursive, seuil 0,20","Industrie de transformation",2018-03-31,5,0.00613221691380884,0.0234087617899217
"aucune selection","Industrie de transformation",2018-03-31,5,0.00613221691380884,0.0234087617899217
"FIXE (calculee sur tout l'echantillon)","Industrie de transformation",2018-03-31,5,0.0142214257633576,0.0234087617899217
"recursive, seuil 0,15 (retenue)","Électricité, gaz, eau",2018-03-31,5,0.0110453010133907,0.0223262968366722
"recursive, seuil 0,10","Électricité, gaz, eau",2018-03-31,5,0.0110453010133907,0.0223262968366722
"recursive, seuil 0,20","Électricité, gaz, eau",2018-03-31,4,-0.00312211402579574,0.0223262968366722
"aucune selection","Électricité, gaz, eau",2018-03-31,5,0.0110453010133907,0.0223262968366722
"FIXE (calculee sur tout l'echantillon)","Électricité, gaz, eau",2018-03-31,5,,0.0223262968366722
"recursive, seuil 0,15 (retenue)","Construction",2018-03-31,0,,0.026272471549829
"recursive, seuil 0,10","Construction",2018-03-31,0,,0.026272471549829
"recursive, seuil 0,20","Construction",2018-03-31,0,,0.026272471549829
"aucune selection","Construction",2018-03-31,0,,0.026272471549829
"FIXE (calculee sur tout l'echantillon)","Construction",2018-03-31,3,,0.026272471549829
"recursive, seuil 0,15 (retenue)","Commerce",2018-03-31,4,0.00586923117128342,-0.0230462931639384
"recursive, seuil 0,10","Commerce",2018-03-31,4,0.00586923117128342,-0.0230462931639384
"recursive, seuil 0,20","Commerce",2018-03-31,4,0.00586923117128342,-0.0230462931639384
"aucune selection","Commerce",2018-03-31,4,0.00586923117128342,-0.0230462931639384
"FIXE (calculee sur tout l'echantillon)","Commerce",2018-03-31,5,,-0.0230462931639384
"recursive, seuil 0,15 (retenue)","Transports",2018-03-31,0,,-0.00771766276284147
"recursive, seuil 0,10","Transports",2018-03-31,0,,-0.00771766276284147
"recursive, seuil 0,20","Transports",2018-03-31,0,,-0.00771766276284147
"aucune selection","Transports",2018-03-31,0,,-0.00771766276284147
"FIXE (calculee sur tout l'echantillon)","Transports",2018-03-31,0,,-0.00771766276284147
"recursive, seuil 0,15 (retenue)","Hébergement-restauration",2018-03-31,0,,0.0248370780464207
"recursive, seuil 0,10","Hébergement-restauration",2018-03-31,0,,0.0248370780464207
"recursive, seuil 0,20","Hébergement-restauration",2018-03-31,0,,0.0248370780464207
"aucune selection","Hébergement-restauration",2018-03-31,0,,0.0248370780464207
"FIXE (calculee sur tout l'echantillon)","Hébergement-restauration",2018-03-31,0,,0.0248370780464207
"recursive, seuil 0,15 (retenue)","Information-communication",2018-03-31,0,,-0.010365531714644
"recursive, seuil 0,10","Information-communication",2018-03-31,0,,-0.010365531714644
"recursive, seuil 0,20","Information-communication",2018-03-31,0,,-0.010365531714644
"aucune selection","Information-communication",2018-03-31,0,,-0.010365531714644
"FIXE (calculee sur tout l'echantillon)","Information-communication",2018-03-31,1,,-0.010365531714644
"recursive, seuil 0,15 (retenue)","Finances et assurances",2018-03-31,5,-0.00153927522042797,0.0129764503213643
"recursive, seuil 0,10","Finances et assurances",2018-03-31,5,-0.00153927522042797,0.0129764503213643
"recursive, seuil 0,20","Finances et assurances",2018-03-31,5,-0.00153927522042797,0.0129764503213643
"aucune selection","Finances et assurances",2018-03-31,5,-0.00153927522042797,0.0129764503213643
"FIXE (calculee sur tout l'echantillon)","Finances et assurances",2018-03-31,5,-0.00153927522042796,0.0129764503213643
"recursive, seuil 0,15 (retenue)","Immobilier",2018-03-31,1,0.006875427382076,0.0139842136362436
"recursive, seuil 0,10","Immobilier",2018-03-31,1,0.006875427382076,0.0139842136362436
"recursive, seuil 0,20","Immobilier",2018-03-31,1,0.006875427382076,0.0139842136362436
"aucune selection","Immobilier",2018-03-31,1,0.006875427382076,0.0139842136362436
"FIXE (calculee sur tout l'echantillon)","Immobilier",2018-03-31,1,0.006875427382076,0.0139842136362436
"recursive, seuil 0,15 (retenue)","Agriculture",2018-06-30,0,,0.0315396357748075
"recursive, seuil 0,10","Agriculture",2018-06-30,0,,0.0315396357748075
"recursive, seuil 0,20","Agriculture",2018-06-30,0,,0.0315396357748075
"aucune selection","Agriculture",2018-06-30,0,,0.0315396357748075
"FIXE (calculee sur tout l'echantillon)","Agriculture",2018-06-30,0,,0.0315396357748075
"recursive, seuil 0,15 (retenue)","Pêche",2018-06-30,5,0.0609595223651259,0.0565619820165848
"recursive, seuil 0,10","Pêche",2018-06-30,5,0.0609595223651259,0.0565619820165848
"recursive, seuil 0,20","Pêche",2018-06-30,5,0.0609595223651259,0.0565619820165848
"aucune selection","Pêche",2018-06-30,5,0.0609595223651259,0.0565619820165848
"FIXE (calculee sur tout l'echantillon)","Pêche",2018-06-30,5,,0.0565619820165848
"recursive, seuil 0,15 (retenue)","Industrie d'extraction",2018-06-30,0,,0.0081793613697414
"recursive, seuil 0,10","Industrie d'extraction",2018-06-30,0,,0.0081793613697414
"recursive, seuil 0,20","Industrie d'extraction",2018-06-30,0,,0.0081793613697414
"aucune selection","Industrie d'extraction",2018-06-30,0,,0.0081793613697414
"FIXE (calculee sur tout l'echantillon)","Industrie d'extraction",2018-06-30,3,,0.0081793613697414
"recursive, seuil 0,15 (retenue)","Industrie de transformation",2018-06-30,5,0.00219041868795968,-0.00382899876597698
"recursive, seuil 0,10","Industrie de transformation",2018-06-30,5,0.00219041868795968,-0.00382899876597698
"recursive, seuil 0,20","Industrie de transformation",2018-06-30,5,0.00219041868795968,-0.00382899876597698
"aucune selection","Industrie de transformation",2018-06-30,5,0.00219041868795968,-0.00382899876597698
"FIXE (calculee sur tout l'echantillon)","Industrie de transformation",2018-06-30,5,0.00219041868795968,-0.00382899876597698
"recursive, seuil 0,15 (retenue)","Électricité, gaz, eau",2018-06-30,5,0.0519521610469026,-0.016153880771169
"recursive, seuil 0,10","Électricité, gaz, eau",2018-06-30,5,0.0519521610469026,-0.016153880771169
"recursive, seuil 0,20","Électricité, gaz, eau",2018-06-30,5,0.0519521610469026,-0.016153880771169
"aucune selection","Électricité, gaz, eau",2018-06-30,5,0.0519521610469026,-0.016153880771169
"FIXE (calculee sur tout l'echantillon)","Électricité, gaz, eau",2018-06-30,5,,-0.016153880771169
"recursive, seuil 0,15 (retenue)","Construction",2018-06-30,0,,0.00736116363280281
"recursive, seuil 0,10","Construction",2018-06-30,0,,0.00736116363280281
"recursive, seuil 0,20","Construction",2018-06-30,0,,0.00736116363280281
"aucune selection","Construction",2018-06-30,0,,0.00736116363280281
"FIXE (calculee sur tout l'echantillon)","Construction",2018-06-30,3,,0.00736116363280281
"recursive, seuil 0,15 (retenue)","Commerce",2018-06-30,4,0.00838684883578755,0.00870212621648037
"recursive, seuil 0,10","Commerce",2018-06-30,4,0.00838684883578755,0.00870212621648037
"recursive, seuil 0,20","Commerce",2018-06-30,4,0.00838684883578755,0.00870212621648037
"aucune selection","Commerce",2018-06-30,4,0.00838684883578755,0.00870212621648037
"FIXE (calculee sur tout l'echantillon)","Commerce",2018-06-30,5,,0.00870212621648037
"recursive, seuil 0,15 (retenue)","Transports",2018-06-30,0,,0.0381116237789918
"recursive, seuil 0,10","Transports",2018-06-30,0,,0.0381116237789918
"recursive, seuil 0,20","Transports",2018-06-30,0,,0.0381116237789918
"aucune selection","Transports",2018-06-30,0,,0.0381116237789918
"FIXE (calculee sur tout l'echantillon)","Transports",2018-06-30,0,,0.0381116237789918
"recursive, seuil 0,15 (retenue)","Hébergement-restauration",2018-06-30,0,,0.0148534421343882
"recursive, seuil 0,10","Hébergement-restauration",2018-06-30,0,,0.0148534421343882
"recursive, seuil 0,20","Hébergement-restauration",2018-06-30,0,,0.0148534421343882
"aucune selection","Hébergement-restauration",2018-06-30,0,,0.0148534421343882
"FIXE (calculee sur tout l'echantillon)","Hébergement-restauration",2018-06-30,0,,0.0148534421343882
"recursive, seuil 0,15 (retenue)","Information-communication",2018-06-30,0,,0.0250131048881688
"recursive, seuil 0,10","Information-communication",2018-06-30,0,,0.0250131048881688
"recursive, seuil 0,20","Information-communication",2018-06-30,0,,0.0250131048881688
"aucune selection","Information-communication",2018-06-30,0,,0.0250131048881688
"FIXE (calculee sur tout l'echantillon)","Information-communication",2018-06-30,1,,0.0250131048881688
"recursive, seuil 0,15 (retenue)","Finances et assurances",2018-06-30,5,0.0148450802535756,-0.00435156893570188
"recursive, seuil 0,10","Finances et assurances",2018-06-30,5,0.0148450802535756,-0.00435156893570188
"recursive, seuil 0,20","Finances et assurances",2018-06-30,5,0.0148450802535756,-0.00435156893570188
"aucune selection","Finances et assurances",2018-06-30,5,0.0148450802535756,-0.00435156893570188
"FIXE (calculee sur tout l'echantillon)","Finances et assurances",2018-06-30,5,0.0148450802535756,-0.00435156893570188
"recursive, seuil 0,15 (retenue)","Immobilier",2018-06-30,1,0.00948617174811707,0.00709820759588098
"recursive, seuil 0,10","Immobilier",2018-06-30,1,0.00948617174811707,0.00709820759588098
"recursive, seuil 0,20","Immobilier",2018-06-30,1,0.00948617174811707,0.00709820759588098
"aucune selection","Immobilier",2018-06-30,1,0.00948617174811707,0.00709820759588098
"FIXE (calculee sur tout l'echantillon)","Immobilier",2018-06-30,1,0.00948617174811707,0.00709820759588098
"recursive, seuil 0,15 (retenue)","Agriculture",2018-09-30,0,,-0.0076855501979054
"recursive, seuil 0,10","Agriculture",2018-09-30,0,,-0.0076855501979054
"recursive, seuil 0,20","Agriculture",2018-09-30,0,,-0.0076855501979054
"aucune selection","Agriculture",2018-09-30,0,,-0.0076855501979054
"FIXE (calculee sur tout l'echantillon)","Agriculture",2018-09-30,0,,-0.0076855501979054
"recursive, seuil 0,15 (retenue)","Pêche",2018-09-30,0,,-0.0520428663582821
"recursive, seuil 0,10","Pêche",2018-09-30,0,,-0.0520428663582821
"recursive, seuil 0,20","Pêche",2018-09-30,0,,-0.0520428663582821
"aucune selection","Pêche",2018-09-30,0,,-0.0520428663582821
"FIXE (calculee sur tout l'echantillon)","Pêche",2018-09-30,5,,-0.0520428663582821
"recursive, seuil 0,15 (retenue)","Industrie d'extraction",2018-09-30,0,,-0.0117710521370427
"recursive, seuil 0,10","Industrie d'extraction",2018-09-30,0,,-0.0117710521370427
"recursive, seuil 0,20","Industrie d'extraction",2018-09-30,0,,-0.0117710521370427
"aucune selection","Industrie d'extraction",2018-09-30,0,,-0.0117710521370427
"FIXE (calculee sur tout l'echantillon)","Industrie d'extraction",2018-09-30,3,,-0.0117710521370427
"recursive, seuil 0,15 (retenue)","Industrie de transformation",2018-09-30,5,-0.000593257998001252,0.0197648970716831
"recursive, seuil 0,10","Industrie de transformation",2018-09-30,5,-0.000593257998001252,0.0197648970716831
"recursive, seuil 0,20","Industrie de transformation",2018-09-30,5,-0.000593257998001252,0.0197648970716831
"aucune selection","Industrie de transformation",2018-09-30,5,-0.000593257998001252,0.0197648970716831
"FIXE (calculee sur tout l'echantillon)","Industrie de transformation",2018-09-30,5,0.00427753989731262,0.0197648970716831
"recursive, seuil 0,15 (retenue)","Électricité, gaz, eau",2018-09-30,4,0.000198346621785191,0.0411974248960654
"recursive, seuil 0,10","Électricité, gaz, eau",2018-09-30,4,0.000198346621785191,0.0411974248960654
"recursive, seuil 0,20","Électricité, gaz, eau",2018-09-30,3,0.0111617495577621,0.0411974248960654
"aucune selection","Électricité, gaz, eau",2018-09-30,4,0.000198346621785191,0.0411974248960654
"FIXE (calculee sur tout l'echantillon)","Électricité, gaz, eau",2018-09-30,4,,0.0411974248960654
"recursive, seuil 0,15 (retenue)","Construction",2018-09-30,0,,-0.0192666965708348
"recursive, seuil 0,10","Construction",2018-09-30,0,,-0.0192666965708348
"recursive, seuil 0,20","Construction",2018-09-30,0,,-0.0192666965708348
"aucune selection","Construction",2018-09-30,0,,-0.0192666965708348
"FIXE (calculee sur tout l'echantillon)","Construction",2018-09-30,3,,-0.0192666965708348
"recursive, seuil 0,15 (retenue)","Commerce",2018-09-30,4,-0.0021969460761226,0.00962442845128741
"recursive, seuil 0,10","Commerce",2018-09-30,4,-0.0021969460761226,0.00962442845128741
"recursive, seuil 0,20","Commerce",2018-09-30,4,-0.0021969460761226,0.00962442845128741
"aucune selection","Commerce",2018-09-30,4,-0.0021969460761226,0.00962442845128741
"FIXE (calculee sur tout l'echantillon)","Commerce",2018-09-30,5,,0.00962442845128741
"recursive, seuil 0,15 (retenue)","Transports",2018-09-30,0,,-0.0562132165992164
"recursive, seuil 0,10","Transports",2018-09-30,0,,-0.0562132165992164
"recursive, seuil 0,20","Transports",2018-09-30,0,,-0.0562132165992164
"aucune selection","Transports",2018-09-30,0,,-0.0562132165992164
"FIXE (calculee sur tout l'echantillon)","Transports",2018-09-30,0,,-0.0562132165992164
"recursive, seuil 0,15 (retenue)","Hébergement-restauration",2018-09-30,0,,-0.0200453834008396
"recursive, seuil 0,10","Hébergement-restauration",2018-09-30,0,,-0.0200453834008396
"recursive, seuil 0,20","Hébergement-restauration",2018-09-30,0,,-0.0200453834008396
"aucune selection","Hébergement-restauration",2018-09-30,0,,-0.0200453834008396
"FIXE (calculee sur tout l'echantillon)","Hébergement-restauration",2018-09-30,0,,-0.0200453834008396
"recursive, seuil 0,15 (retenue)","Information-communication",2018-09-30,0,,0.00871941409985943
"recursive, seuil 0,10","Information-communication",2018-09-30,0,,0.00871941409985943
"recursive, seuil 0,20","Information-communication",2018-09-30,0,,0.00871941409985943
"aucune selection","Information-communication",2018-09-30,0,,0.00871941409985943
"FIXE (calculee sur tout l'echantillon)","Information-communication",2018-09-30,1,,0.00871941409985943
"recursive, seuil 0,15 (retenue)","Finances et assurances",2018-09-30,5,0.0137490794852582,0.00735193248656962
"recursive, seuil 0,10","Finances et assurances",2018-09-30,5,0.0137490794852582,0.00735193248656962
"recursive, seuil 0,20","Finances et assurances",2018-09-30,5,0.0137490794852582,0.00735193248656962
"aucune selection","Finances et assurances",2018-09-30,5,0.0137490794852582,0.00735193248656962
"FIXE (calculee sur tout l'echantillon)","Finances et assurances",2018-09-30,5,0.0137490794852582,0.00735193248656962
"recursive, seuil 0,15 (retenue)","Immobilier",2018-09-30,1,0.00796760220604282,0.00546983793104339
"recursive, seuil 0,10","Immobilier",2018-09-30,1,0.00796760220604282,0.00546983793104339
"recursive, seuil 0,20","Immobilier",2018-09-30,1,0.00796760220604282,0.00546983793104339
"aucune selection","Immobilier",2018-09-30,1,0.00796760220604282,0.00546983793104339
"FIXE (calculee sur tout l'echantillon)","Immobilier",2018-09-30,1,0.00796760220604282,0.00546983793104339
"recursive, seuil 0,15 (retenue)","Agriculture",2018-12-31,0,,-0.00708189895160238
"recursive, seuil 0,10","Agriculture",2018-12-31,0,,-0.00708189895160238
"recursive, seuil 0,20","Agriculture",2018-12-31,0,,-0.00708189895160238
"aucune selection","Agriculture",2018-12-31,0,,-0.00708189895160238
"FIXE (calculee sur tout l'echantillon)","Agriculture",2018-12-31,0,,-0.00708189895160238
"recursive, seuil 0,15 (retenue)","Pêche",2018-12-31,0,,0.0519498128058951
"recursive, seuil 0,10","Pêche",2018-12-31,0,,0.0519498128058951
"recursive, seuil 0,20","Pêche",2018-12-31,0,,0.0519498128058951
"aucune selection","Pêche",2018-12-31,0,,0.0519498128058951
"FIXE (calculee sur tout l'echantillon)","Pêche",2018-12-31,5,,0.0519498128058951
"recursive, seuil 0,15 (retenue)","Industrie d'extraction",2018-12-31,0,,-0.00327062290436331
"recursive, seuil 0,10","Industrie d'extraction",2018-12-31,0,,-0.00327062290436331
"recursive, seuil 0,20","Industrie d'extraction",2018-12-31,0,,-0.00327062290436331
"aucune selection","Industrie d'extraction",2018-12-31,0,,-0.00327062290436331
"FIXE (calculee sur tout l'echantillon)","Industrie d'extraction",2018-12-31,3,,-0.00327062290436331
"recursive, seuil 0,15 (retenue)","Industrie de transformation",2018-12-31,5,0.00894620263814704,0.00254844063750426
"recursive, seuil 0,10","Industrie de transformation",2018-12-31,5,0.00894620263814704,0.00254844063750426
"recursive, seuil 0,20","Industrie de transformation",2018-12-31,5,0.00894620263814704,0.00254844063750426
"aucune selection","Industrie de transformation",2018-12-31,5,0.00894620263814704,0.00254844063750426
"FIXE (calculee sur tout l'echantillon)","Industrie de transformation",2018-12-31,5,0.005768292077311,0.00254844063750426
"recursive, seuil 0,15 (retenue)","Électricité, gaz, eau",2018-12-31,3,0.0244749629267871,0.0623784425554952
"recursive, seuil 0,10","Électricité, gaz, eau",2018-12-31,3,0.0244749629267871,0.0623784425554952
"recursive, seuil 0,20","Électricité, gaz, eau",2018-12-31,3,0.0244749629267871,0.0623784425554952
"aucune selection","Électricité, gaz, eau",2018-12-31,3,0.0244749629267871,0.0623784425554952
"FIXE (calculee sur tout l'echantillon)","Électricité, gaz, eau",2018-12-31,2,,0.0623784425554952
"recursive, seuil 0,15 (retenue)","Construction",2018-12-31,0,,-0.0524286380169254
"recursive, seuil 0,10","Construction",2018-12-31,0,,-0.0524286380169254
"recursive, seuil 0,20","Construction",2018-12-31,0,,-0.0524286380169254
"aucune selection","Construction",2018-12-31,0,,-0.0524286380169254
"FIXE (calculee sur tout l'echantillon)","Construction",2018-12-31,3,,-0.0524286380169254
"recursive, seuil 0,15 (retenue)","Commerce",2018-12-31,4,-0.0162618486084721,0.0165859648209938
"recursive, seuil 0,10","Commerce",2018-12-31,4,-0.0162618486084721,0.0165859648209938
"recursive, seuil 0,20","Commerce",2018-12-31,4,-0.0162618486084721,0.0165859648209938
"aucune selection","Commerce",2018-12-31,4,-0.0162618486084721,0.0165859648209938
"FIXE (calculee sur tout l'echantillon)","Commerce",2018-12-31,4,,0.0165859648209938
"recursive, seuil 0,15 (retenue)","Transports",2018-12-31,0,,0.0024741177684291
"recursive, seuil 0,10","Transports",2018-12-31,0,,0.0024741177684291
"recursive, seuil 0,20","Transports",2018-12-31,0,,0.0024741177684291
"aucune selection","Transports",2018-12-31,0,,0.0024741177684291
"FIXE (calculee sur tout l'echantillon)","Transports",2018-12-31,0,,0.0024741177684291
"recursive, seuil 0,15 (retenue)","Hébergement-restauration",2018-12-31,0,,0.0330719091401885
"recursive, seuil 0,10","Hébergement-restauration",2018-12-31,0,,0.0330719091401885
"recursive, seuil 0,20","Hébergement-restauration",2018-12-31,0,,0.0330719091401885
"aucune selection","Hébergement-restauration",2018-12-31,0,,0.0330719091401885
"FIXE (calculee sur tout l'echantillon)","Hébergement-restauration",2018-12-31,0,,0.0330719091401885
"recursive, seuil 0,15 (retenue)","Information-communication",2018-12-31,0,,0.0017418043179287
"recursive, seuil 0,10","Information-communication",2018-12-31,0,,0.0017418043179287
"recursive, seuil 0,20","Information-communication",2018-12-31,0,,0.0017418043179287
"aucune selection","Information-communication",2018-12-31,0,,0.0017418043179287
"FIXE (calculee sur tout l'echantillon)","Information-communication",2018-12-31,1,,0.0017418043179287
"recursive, seuil 0,15 (retenue)","Finances et assurances",2018-12-31,5,0.00621908946868007,0.0110438895944789
"recursive, seuil 0,10","Finances et assurances",2018-12-31,5,0.00621908946868007,0.0110438895944789
"recursive, seuil 0,20","Finances et assurances",2018-12-31,5,0.00621908946868007,0.0110438895944789
"aucune selection","Finances et assurances",2018-12-31,5,0.00621908946868007,0.0110438895944789
"FIXE (calculee sur tout l'echantillon)","Finances et assurances",2018-12-31,5,0.00592150474946066,0.0110438895944789
"recursive, seuil 0,15 (retenue)","Immobilier",2018-12-31,1,0.00654870484164313,0.00429779031723321
"recursive, seuil 0,10","Immobilier",2018-12-31,1,0.00654870484164313,0.00429779031723321
"recursive, seuil 0,20","Immobilier",2018-12-31,1,0.00654870484164313,0.00429779031723321
"aucune selection","Immobilier",2018-12-31,1,0.00654870484164313,0.00429779031723321
"FIXE (calculee sur tout l'echantillon)","Immobilier",2018-12-31,1,0.00654870484164313,0.00429779031723321
"recursive, seuil 0,15 (retenue)","Agriculture",2019-03-31,0,,-0.0674225881272044
"recursive, seuil 0,10","Agriculture",2019-03-31,0,,-0.0674225881272044
"recursive, seuil 0,20","Agriculture",2019-03-31,0,,-0.0674225881272044
"aucune selection","Agriculture",2019-03-31,0,,-0.0674225881272044
"FIXE (calculee sur tout l'echantillon)","Agriculture",2019-03-31,0,,-0.0674225881272044
"recursive, seuil 0,15 (retenue)","Pêche",2019-03-31,5,0.00294853608065715,0.165886600744615
"recursive, seuil 0,10","Pêche",2019-03-31,5,0.00294853608065715,0.165886600744615
"recursive, seuil 0,20","Pêche",2019-03-31,5,0.00294853608065715,0.165886600744615
"aucune selection","Pêche",2019-03-31,5,0.00294853608065715,0.165886600744615
"FIXE (calculee sur tout l'echantillon)","Pêche",2019-03-31,5,,0.165886600744615
"recursive, seuil 0,15 (retenue)","Industrie d'extraction",2019-03-31,0,,0.040057095335742
"recursive, seuil 0,10","Industrie d'extraction",2019-03-31,0,,0.040057095335742
"recursive, seuil 0,20","Industrie d'extraction",2019-03-31,0,,0.040057095335742
"aucune selection","Industrie d'extraction",2019-03-31,0,,0.040057095335742
"FIXE (calculee sur tout l'echantillon)","Industrie d'extraction",2019-03-31,3,,0.040057095335742
"recursive, seuil 0,15 (retenue)","Industrie de transformation",2019-03-31,5,0.00894866921419241,0.00525129663060397
"recursive, seuil 0,10","Industrie de transformation",2019-03-31,5,0.00894866921419241,0.00525129663060397
"recursive, seuil 0,20","Industrie de transformation",2019-03-31,5,0.00894866921419241,0.00525129663060397
"aucune selection","Industrie de transformation",2019-03-31,5,0.00894866921419241,0.00525129663060397
"FIXE (calculee sur tout l'echantillon)","Industrie de transformation",2019-03-31,5,0.00894866921419241,0.00525129663060397
"recursive, seuil 0,15 (retenue)","Électricité, gaz, eau",2019-03-31,1,0.0145858934959761,0.0925664554057999
"recursive, seuil 0,10","Électricité, gaz, eau",2019-03-31,1,0.0145858934959761,0.0925664554057999
"recursive, seuil 0,20","Électricité, gaz, eau",2019-03-31,1,0.0145858934959761,0.0925664554057999
"aucune selection","Électricité, gaz, eau",2019-03-31,1,0.0145858934959761,0.0925664554057999
"FIXE (calculee sur tout l'echantillon)","Électricité, gaz, eau",2019-03-31,3,0.0429307995137455,0.0925664554057999
"recursive, seuil 0,15 (retenue)","Construction",2019-03-31,0,,0.0166559720067418
"recursive, seuil 0,10","Construction",2019-03-31,0,,0.0166559720067418
"recursive, seuil 0,20","Construction",2019-03-31,0,,0.0166559720067418
"aucune selection","Construction",2019-03-31,0,,0.0166559720067418
"FIXE (calculee sur tout l'echantillon)","Construction",2019-03-31,4,,0.0166559720067418
"recursive, seuil 0,15 (retenue)","Commerce",2019-03-31,3,-0.00749781109876458,-0.0198319410856413
"recursive, seuil 0,10","Commerce",2019-03-31,3,-0.00749781109876458,-0.0198319410856413
"recursive, seuil 0,20","Commerce",2019-03-31,3,-0.00749781109876458,-0.0198319410856413
"aucune selection","Commerce",2019-03-31,3,-0.00749781109876458,-0.0198319410856413
"FIXE (calculee sur tout l'echantillon)","Commerce",2019-03-31,4,,-0.0198319410856413
"recursive, seuil 0,15 (retenue)","Transports",2019-03-31,0,,0.0567198839409837
"recursive, seuil 0,10","Transports",2019-03-31,0,,0.0567198839409837
"recursive, seuil 0,20","Transports",2019-03-31,0,,0.0567198839409837
"aucune selection","Transports",2019-03-31,0,,0.0567198839409837
"FIXE (calculee sur tout l'echantillon)","Transports",2019-03-31,0,,0.0567198839409837
"recursive, seuil 0,15 (retenue)","Hébergement-restauration",2019-03-31,0,,0.0107181372644138
"recursive, seuil 0,10","Hébergement-restauration",2019-03-31,0,,0.0107181372644138
"recursive, seuil 0,20","Hébergement-restauration",2019-03-31,0,,0.0107181372644138
"aucune selection","Hébergement-restauration",2019-03-31,0,,0.0107181372644138
"FIXE (calculee sur tout l'echantillon)","Hébergement-restauration",2019-03-31,0,,0.0107181372644138
"recursive, seuil 0,15 (retenue)","Information-communication",2019-03-31,0,,0.000840591265317769
"recursive, seuil 0,10","Information-communication",2019-03-31,0,,0.000840591265317769
"recursive, seuil 0,20","Information-communication",2019-03-31,0,,0.000840591265317769
"aucune selection","Information-communication",2019-03-31,0,,0.000840591265317769
"FIXE (calculee sur tout l'echantillon)","Information-communication",2019-03-31,1,,0.000840591265317769
"recursive, seuil 0,15 (retenue)","Finances et assurances",2019-03-31,5,0.00715298136197451,0.0315392522985256
"recursive, seuil 0,10","Finances et assurances",2019-03-31,5,0.00715298136197451,0.0315392522985256
"recursive, seuil 0,20","Finances et assurances",2019-03-31,5,0.00715298136197451,0.0315392522985256
"aucune selection","Finances et assurances",2019-03-31,5,0.00715298136197451,0.0315392522985256
"FIXE (calculee sur tout l'echantillon)","Finances et assurances",2019-03-31,5,0.0097608939435247,0.0315392522985256
"recursive, seuil 0,15 (retenue)","Immobilier",2019-03-31,1,0.00640406945848933,0.00697990763877421
"recursive, seuil 0,10","Immobilier",2019-03-31,1,0.00640406945848933,0.00697990763877421
"recursive, seuil 0,20","Immobilier",2019-03-31,1,0.00640406945848933,0.00697990763877421
"aucune selection","Immobilier",2019-03-31,1,0.00640406945848933,0.00697990763877421
"FIXE (calculee sur tout l'echantillon)","Immobilier",2019-03-31,1,0.00640406945848933,0.00697990763877421
"recursive, seuil 0,15 (retenue)","Agriculture",2019-06-30,0,,0.0269576277375521
"recursive, seuil 0,10","Agriculture",2019-06-30,0,,0.0269576277375521
"recursive, seuil 0,20","Agriculture",2019-06-30,0,,0.0269576277375521
"aucune selection","Agriculture",2019-06-30,0,,0.0269576277375521
"FIXE (calculee sur tout l'echantillon)","Agriculture",2019-06-30,0,,0.0269576277375521
"recursive, seuil 0,15 (retenue)","Pêche",2019-06-30,0,,-0.10051090919398
"recursive, seuil 0,10","Pêche",2019-06-30,0,,-0.10051090919398
"recursive, seuil 0,20","Pêche",2019-06-30,0,,-0.10051090919398
"aucune selection","Pêche",2019-06-30,0,,-0.10051090919398
"FIXE (calculee sur tout l'echantillon)","Pêche",2019-06-30,5,,-0.10051090919398
"recursive, seuil 0,15 (retenue)","Industrie d'extraction",2019-06-30,0,,-0.0225433471888596
"recursive, seuil 0,10","Industrie d'extraction",2019-06-30,0,,-0.0225433471888596
"recursive, seuil 0,20","Industrie d'extraction",2019-06-30,0,,-0.0225433471888596
"aucune selection","Industrie d'extraction",2019-06-30,0,,-0.0225433471888596
"FIXE (calculee sur tout l'echantillon)","Industrie d'extraction",2019-06-30,3,,-0.0225433471888596
"recursive, seuil 0,15 (retenue)","Industrie de transformation",2019-06-30,5,0.00972933487730972,0.0369509505888086
"recursive, seuil 0,10","Industrie de transformation",2019-06-30,5,0.00972933487730972,0.0369509505888086
"recursive, seuil 0,20","Industrie de transformation",2019-06-30,5,0.00972933487730972,0.0369509505888086
"aucune selection","Industrie de transformation",2019-06-30,5,0.00972933487730972,0.0369509505888086
"FIXE (calculee sur tout l'echantillon)","Industrie de transformation",2019-06-30,5,0.0237458875419648,0.0369509505888086
"recursive, seuil 0,15 (retenue)","Électricité, gaz, eau",2019-06-30,3,-0.00853066512279363,-0.0124026726248605
"recursive, seuil 0,10","Électricité, gaz, eau",2019-06-30,3,-0.00853066512279363,-0.0124026726248605
"recursive, seuil 0,20","Électricité, gaz, eau",2019-06-30,3,-0.00853066512279363,-0.0124026726248605
"aucune selection","Électricité, gaz, eau",2019-06-30,3,-0.00853066512279363,-0.0124026726248605
"FIXE (calculee sur tout l'echantillon)","Électricité, gaz, eau",2019-06-30,3,-0.00853066512279363,-0.0124026726248605
"recursive, seuil 0,15 (retenue)","Construction",2019-06-30,0,,0.0481920910731386
"recursive, seuil 0,10","Construction",2019-06-30,0,,0.0481920910731386
"recursive, seuil 0,20","Construction",2019-06-30,0,,0.0481920910731386
"aucune selection","Construction",2019-06-30,0,,0.0481920910731386
"FIXE (calculee sur tout l'echantillon)","Construction",2019-06-30,3,,0.0481920910731386
"recursive, seuil 0,15 (retenue)","Commerce",2019-06-30,3,0.0128279318876711,0.0339504681612155
"recursive, seuil 0,10","Commerce",2019-06-30,3,0.0128279318876711,0.0339504681612155
"recursive, seuil 0,20","Commerce",2019-06-30,3,0.0128279318876711,0.0339504681612155
"aucune selection","Commerce",2019-06-30,3,0.0128279318876711,0.0339504681612155
"FIXE (calculee sur tout l'echantillon)","Commerce",2019-06-30,4,,0.0339504681612155
"recursive, seuil 0,15 (retenue)","Transports",2019-06-30,0,,0.100742314764428
"recursive, seuil 0,10","Transports",2019-06-30,0,,0.100742314764428
"recursive, seuil 0,20","Transports",2019-06-30,0,,0.100742314764428
"aucune selection","Transports",2019-06-30,0,,0.100742314764428
"FIXE (calculee sur tout l'echantillon)","Transports",2019-06-30,0,,0.100742314764428
"recursive, seuil 0,15 (retenue)","Hébergement-restauration",2019-06-30,0,,0.0402913731091044
"recursive, seuil 0,10","Hébergement-restauration",2019-06-30,0,,0.0402913731091044
"recursive, seuil 0,20","Hébergement-restauration",2019-06-30,0,,0.0402913731091044
"aucune selection","Hébergement-restauration",2019-06-30,0,,0.0402913731091044
"FIXE (calculee sur tout l'echantillon)","Hébergement-restauration",2019-06-30,0,,0.0402913731091044
"recursive, seuil 0,15 (retenue)","Information-communication",2019-06-30,0,,0.00593404498862071
"recursive, seuil 0,10","Information-communication",2019-06-30,0,,0.00593404498862071
"recursive, seuil 0,20","Information-communication",2019-06-30,0,,0.00593404498862071
"aucune selection","Information-communication",2019-06-30,0,,0.00593404498862071
"FIXE (calculee sur tout l'echantillon)","Information-communication",2019-06-30,1,,0.00593404498862071
"recursive, seuil 0,15 (retenue)","Finances et assurances",2019-06-30,5,0.0115695993324715,0.000435811706188005
"recursive, seuil 0,10","Finances et assurances",2019-06-30,5,0.0115695993324715,0.000435811706188005
"recursive, seuil 0,20","Finances et assurances",2019-06-30,5,0.0115695993324715,0.000435811706188005
"aucune selection","Finances et assurances",2019-06-30,5,0.0115695993324715,0.000435811706188005
"FIXE (calculee sur tout l'echantillon)","Finances et assurances",2019-06-30,5,0.0115695993324715,0.000435811706188005
"recursive, seuil 0,15 (retenue)","Immobilier",2019-06-30,1,0.00874730376132586,0.00407965402671806
"recursive, seuil 0,10","Immobilier",2019-06-30,1,0.00874730376132586,0.00407965402671806
"recursive, seuil 0,20","Immobilier",2019-06-30,1,0.00874730376132586,0.00407965402671806
"aucune selection","Immobilier",2019-06-30,1,0.00874730376132586,0.00407965402671806
"FIXE (calculee sur tout l'echantillon)","Immobilier",2019-06-30,1,0.00874730376132586,0.00407965402671806
"recursive, seuil 0,15 (retenue)","Agriculture",2019-09-30,0,,-0.00378790367855686
"recursive, seuil 0,10","Agriculture",2019-09-30,0,,-0.00378790367855686
"recursive, seuil 0,20","Agriculture",2019-09-30,0,,-0.00378790367855686
"aucune selection","Agriculture",2019-09-30,0,,-0.00378790367855686
"FIXE (calculee sur tout l'echantillon)","Agriculture",2019-09-30,0,,-0.00378790367855686
"recursive, seuil 0,15 (retenue)","Pêche",2019-09-30,0,,0.107189386187184
"recursive, seuil 0,10","Pêche",2019-09-30,0,,0.107189386187184
"recursive, seuil 0,20","Pêche",2019-09-30,0,,0.107189386187184
"aucune selection","Pêche",2019-09-30,0,,0.107189386187184
"FIXE (calculee sur tout l'echantillon)","Pêche",2019-09-30,5,,0.107189386187184
"recursive, seuil 0,15 (retenue)","Industrie d'extraction",2019-09-30,0,,0.0109256734157306
"recursive, seuil 0,10","Industrie d'extraction",2019-09-30,0,,0.0109256734157306
"recursive, seuil 0,20","Industrie d'extraction",2019-09-30,0,,0.0109256734157306
"aucune selection","Industrie d'extraction",2019-09-30,0,,0.0109256734157306
"FIXE (calculee sur tout l'echantillon)","Industrie d'extraction",2019-09-30,3,,0.0109256734157306
"recursive, seuil 0,15 (retenue)","Industrie de transformation",2019-09-30,5,0.0162775639703426,-0.0175063522194137
"recursive, seuil 0,10","Industrie de transformation",2019-09-30,5,0.0162775639703426,-0.0175063522194137
"recursive, seuil 0,20","Industrie de transformation",2019-09-30,5,0.0162775639703426,-0.0175063522194137
"aucune selection","Industrie de transformation",2019-09-30,5,0.0162775639703426,-0.0175063522194137
"FIXE (calculee sur tout l'echantillon)","Industrie de transformation",2019-09-30,5,,-0.0175063522194137
"recursive, seuil 0,15 (retenue)","Électricité, gaz, eau",2019-09-30,3,0.00300340796241578,-0.0152269847098676
"recursive, seuil 0,10","Électricité, gaz, eau",2019-09-30,3,0.00300340796241578,-0.0152269847098676
"recursive, seuil 0,20","Électricité, gaz, eau",2019-09-30,3,0.00300340796241578,-0.0152269847098676
"aucune selection","Électricité, gaz, eau",2019-09-30,3,0.00300340796241578,-0.0152269847098676
"FIXE (calculee sur tout l'echantillon)","Électricité, gaz, eau",2019-09-30,3,0.00300340796241578,-0.0152269847098676
"recursive, seuil 0,15 (retenue)","Construction",2019-09-30,0,,0.0125910845192418
"recursive, seuil 0,10","Construction",2019-09-30,0,,0.0125910845192418
"recursive, seuil 0,20","Construction",2019-09-30,0,,0.0125910845192418
"aucune selection","Construction",2019-09-30,0,,0.0125910845192418
"FIXE (calculee sur tout l'echantillon)","Construction",2019-09-30,3,,0.0125910845192418
"recursive, seuil 0,15 (retenue)","Commerce",2019-09-30,3,-0.00716554328523952,-0.00535962123528755
"recursive, seuil 0,10","Commerce",2019-09-30,3,-0.00716554328523952,-0.00535962123528755
"recursive, seuil 0,20","Commerce",2019-09-30,3,-0.00716554328523952,-0.00535962123528755
"aucune selection","Commerce",2019-09-30,3,-0.00716554328523952,-0.00535962123528755
"FIXE (calculee sur tout l'echantillon)","Commerce",2019-09-30,5,,-0.00535962123528755
"recursive, seuil 0,15 (retenue)","Transports",2019-09-30,0,,-0.105961891018188
"recursive, seuil 0,10","Transports",2019-09-30,0,,-0.105961891018188
"recursive, seuil 0,20","Transports",2019-09-30,0,,-0.105961891018188
"aucune selection","Transports",2019-09-30,0,,-0.105961891018188
"FIXE (calculee sur tout l'echantillon)","Transports",2019-09-30,0,,-0.105961891018188
"recursive, seuil 0,15 (retenue)","Hébergement-restauration",2019-09-30,0,,-0.0688778865997968
"recursive, seuil 0,10","Hébergement-restauration",2019-09-30,0,,-0.0688778865997968
"recursive, seuil 0,20","Hébergement-restauration",2019-09-30,0,,-0.0688778865997968
"aucune selection","Hébergement-restauration",2019-09-30,0,,-0.0688778865997968
"FIXE (calculee sur tout l'echantillon)","Hébergement-restauration",2019-09-30,0,,-0.0688778865997968
"recursive, seuil 0,15 (retenue)","Information-communication",2019-09-30,0,,0.0095827091317755
"recursive, seuil 0,10","Information-communication",2019-09-30,0,,0.0095827091317755
"recursive, seuil 0,20","Information-communication",2019-09-30,0,,0.0095827091317755
"aucune selection","Information-communication",2019-09-30,0,,0.0095827091317755
"FIXE (calculee sur tout l'echantillon)","Information-communication",2019-09-30,1,,0.0095827091317755
"recursive, seuil 0,15 (retenue)","Finances et assurances",2019-09-30,5,0.014067125535114,0.0130609593133908
"recursive, seuil 0,10","Finances et assurances",2019-09-30,5,0.014067125535114,0.0130609593133908
"recursive, seuil 0,20","Finances et assurances",2019-09-30,5,0.014067125535114,0.0130609593133908
"aucune selection","Finances et assurances",2019-09-30,5,0.014067125535114,0.0130609593133908
"FIXE (calculee sur tout l'echantillon)","Finances et assurances",2019-09-30,5,0.014067125535114,0.0130609593133908
"recursive, seuil 0,15 (retenue)","Immobilier",2019-09-30,1,0.00722465316430364,0.0012246541882952
"recursive, seuil 0,10","Immobilier",2019-09-30,1,0.00722465316430364,0.0012246541882952
"recursive, seuil 0,20","Immobilier",2019-09-30,1,0.00722465316430364,0.0012246541882952
"aucune selection","Immobilier",2019-09-30,1,0.00722465316430364,0.0012246541882952
"FIXE (calculee sur tout l'echantillon)","Immobilier",2019-09-30,1,0.00722465316430364,0.0012246541882952
"recursive, seuil 0,15 (retenue)","Agriculture",2019-12-31,0,,-0.00545796285781641
"recursive, seuil 0,10","Agriculture",2019-12-31,0,,-0.00545796285781641
"recursive, seuil 0,20","Agriculture",2019-12-31,0,,-0.00545796285781641
"aucune selection","Agriculture",2019-12-31,0,,-0.00545796285781641
"FIXE (calculee sur tout l'echantillon)","Agriculture",2019-12-31,0,,-0.00545796285781641
"recursive, seuil 0,15 (retenue)","Pêche",2019-12-31,5,-0.0411513188987651,-0.178444977080698
"recursive, seuil 0,10","Pêche",2019-12-31,5,-0.0411513188987651,-0.178444977080698
"recursive, seuil 0,20","Pêche",2019-12-31,5,-0.0411513188987651,-0.178444977080698
"aucune selection","Pêche",2019-12-31,5,-0.0411513188987651,-0.178444977080698
"FIXE (calculee sur tout l'echantillon)","Pêche",2019-12-31,5,0.00493298727126287,-0.178444977080698
"recursive, seuil 0,15 (retenue)","Industrie d'extraction",2019-12-31,0,,0.00214620520732645
"recursive, seuil 0,10","Industrie d'extraction",2019-12-31,0,,0.00214620520732645
"recursive, seuil 0,20","Industrie d'extraction",2019-12-31,0,,0.00214620520732645
"aucune selection","Industrie d'extraction",2019-12-31,0,,0.00214620520732645
"FIXE (calculee sur tout l'echantillon)","Industrie d'extraction",2019-12-31,4,,0.00214620520732645
"recursive, seuil 0,15 (retenue)","Industrie de transformation",2019-12-31,4,-0.00305093558304427,-0.00688096519466086
"recursive, seuil 0,10","Industrie de transformation",2019-12-31,4,-0.00305093558304427,-0.00688096519466086
"recursive, seuil 0,20","Industrie de transformation",2019-12-31,4,-0.00305093558304427,-0.00688096519466086
"aucune selection","Industrie de transformation",2019-12-31,4,-0.00305093558304427,-0.00688096519466086
"FIXE (calculee sur tout l'echantillon)","Industrie de transformation",2019-12-31,5,-0.00304825911324228,-0.00688096519466086
"recursive, seuil 0,15 (retenue)","Électricité, gaz, eau",2019-12-31,3,0.00157411991239601,-0.00625851062808103
"recursive, seuil 0,10","Électricité, gaz, eau",2019-12-31,3,0.00157411991239601,-0.00625851062808103
"recursive, seuil 0,20","Électricité, gaz, eau",2019-12-31,3,0.00157411991239601,-0.00625851062808103
"aucune selection","Électricité, gaz, eau",2019-12-31,3,0.00157411991239601,-0.00625851062808103
"FIXE (calculee sur tout l'echantillon)","Électricité, gaz, eau",2019-12-31,3,0.00157411991239601,-0.00625851062808103
"recursive, seuil 0,15 (retenue)","Construction",2019-12-31,0,,-0.0273069523615579
"recursive, seuil 0,10","Construction",2019-12-31,0,,-0.0273069523615579
"recursive, seuil 0,20","Construction",2019-12-31,0,,-0.0273069523615579
"aucune selection","Construction",2019-12-31,0,,-0.0273069523615579
"FIXE (calculee sur tout l'echantillon)","Construction",2019-12-31,3,,-0.0273069523615579
"recursive, seuil 0,15 (retenue)","Commerce",2019-12-31,4,-0.0114091184362549,-0.0070521019456713
"recursive, seuil 0,10","Commerce",2019-12-31,4,-0.0114091184362549,-0.0070521019456713
"recursive, seuil 0,20","Commerce",2019-12-31,4,-0.0114091184362549,-0.0070521019456713
"aucune selection","Commerce",2019-12-31,4,-0.0114091184362549,-0.0070521019456713
"FIXE (calculee sur tout l'echantillon)","Commerce",2019-12-31,5,,-0.0070521019456713
"recursive, seuil 0,15 (retenue)","Transports",2019-12-31,0,,-0.0390667942682299
"recursive, seuil 0,10","Transports",2019-12-31,0,,-0.0390667942682299
"recursive, seuil 0,20","Transports",2019-12-31,0,,-0.0390667942682299
"aucune selection","Transports",2019-12-31,0,,-0.0390667942682299
"FIXE (calculee sur tout l'echantillon)","Transports",2019-12-31,0,,-0.0390667942682299
"recursive, seuil 0,15 (retenue)","Hébergement-restauration",2019-12-31,0,,0.0396077656015432
"recursive, seuil 0,10","Hébergement-restauration",2019-12-31,0,,0.0396077656015432
"recursive, seuil 0,20","Hébergement-restauration",2019-12-31,0,,0.0396077656015432
"aucune selection","Hébergement-restauration",2019-12-31,0,,0.0396077656015432
"FIXE (calculee sur tout l'echantillon)","Hébergement-restauration",2019-12-31,1,0.0406483517552138,0.0396077656015432
"recursive, seuil 0,15 (retenue)","Information-communication",2019-12-31,0,,0.0110725639758531
"recursive, seuil 0,10","Information-communication",2019-12-31,0,,0.0110725639758531
"recursive, seuil 0,20","Information-communication",2019-12-31,0,,0.0110725639758531
"aucune selection","Information-communication",2019-12-31,0,,0.0110725639758531
"FIXE (calculee sur tout l'echantillon)","Information-communication",2019-12-31,1,,0.0110725639758531
"recursive, seuil 0,15 (retenue)","Finances et assurances",2019-12-31,5,0.0103976276300146,0.00825566078032658
"recursive, seuil 0,10","Finances et assurances",2019-12-31,5,0.0103976276300146,0.00825566078032658
"recursive, seuil 0,20","Finances et assurances",2019-12-31,5,0.0103976276300146,0.00825566078032658
"aucune selection","Finances et assurances",2019-12-31,5,0.0103976276300146,0.00825566078032658
"FIXE (calculee sur tout l'echantillon)","Finances et assurances",2019-12-31,5,0.0103976276300146,0.00825566078032658
"recursive, seuil 0,15 (retenue)","Immobilier",2019-12-31,1,0.0056724407707362,-0.00107461592825686
"recursive, seuil 0,10","Immobilier",2019-12-31,1,0.0056724407707362,-0.00107461592825686
"recursive, seuil 0,20","Immobilier",2019-12-31,1,0.0056724407707362,-0.00107461592825686
"aucune selection","Immobilier",2019-12-31,1,0.0056724407707362,-0.00107461592825686
"FIXE (calculee sur tout l'echantillon)","Immobilier",2019-12-31,1,0.0056724407707362,-0.00107461592825686
"recursive, seuil 0,15 (retenue)","Agriculture",2020-03-31,0,,-0.0733468122559131
"recursive, seuil 0,10","Agriculture",2020-03-31,0,,-0.0733468122559131
"recursive, seuil 0,20","Agriculture",2020-03-31,0,,-0.0733468122559131
"aucune selection","Agriculture",2020-03-31,0,,-0.0733468122559131
"FIXE (calculee sur tout l'echantillon)","Agriculture",2020-03-31,0,,-0.0733468122559131
"recursive, seuil 0,15 (retenue)","Pêche",2020-03-31,5,-0.016169132479136,0.250419564323746
"recursive, seuil 0,10","Pêche",2020-03-31,5,-0.016169132479136,0.250419564323746
"recursive, seuil 0,20","Pêche",2020-03-31,5,-0.016169132479136,0.250419564323746
"aucune selection","Pêche",2020-03-31,5,-0.016169132479136,0.250419564323746
"FIXE (calculee sur tout l'echantillon)","Pêche",2020-03-31,5,0.00733872227515801,0.250419564323746
"recursive, seuil 0,15 (retenue)","Industrie d'extraction",2020-03-31,0,,0.00506158820307512
"recursive, seuil 0,10","Industrie d'extraction",2020-03-31,0,,0.00506158820307512
"recursive, seuil 0,20","Industrie d'extraction",2020-03-31,0,,0.00506158820307512
"aucune selection","Industrie d'extraction",2020-03-31,0,,0.00506158820307512
"FIXE (calculee sur tout l'echantillon)","Industrie d'extraction",2020-03-31,3,,0.00506158820307512
"recursive, seuil 0,15 (retenue)","Industrie de transformation",2020-03-31,5,-0.0112113400306732,-0.00162253854886352
"recursive, seuil 0,10","Industrie de transformation",2020-03-31,5,-0.0112113400306732,-0.00162253854886352
"recursive, seuil 0,20","Industrie de transformation",2020-03-31,5,-0.0112113400306732,-0.00162253854886352
"aucune selection","Industrie de transformation",2020-03-31,5,-0.0112113400306732,-0.00162253854886352
"FIXE (calculee sur tout l'echantillon)","Industrie de transformation",2020-03-31,5,-0.0112113400306732,-0.00162253854886352
"recursive, seuil 0,15 (retenue)","Électricité, gaz, eau",2020-03-31,3,0.0356906070302669,0.0213425854542955
"recursive, seuil 0,10","Électricité, gaz, eau",2020-03-31,3,0.0356906070302669,0.0213425854542955
"recursive, seuil 0,20","Électricité, gaz, eau",2020-03-31,3,0.0356906070302669,0.0213425854542955
"aucune selection","Électricité, gaz, eau",2020-03-31,3,0.0356906070302669,0.0213425854542955
"FIXE (calculee sur tout l'echantillon)","Électricité, gaz, eau",2020-03-31,3,0.0356906070302669,0.0213425854542955
"recursive, seuil 0,15 (retenue)","Construction",2020-03-31,0,,0.000213553084455143
"recursive, seuil 0,10","Construction",2020-03-31,0,,0.000213553084455143
"recursive, seuil 0,20","Construction",2020-03-31,0,,0.000213553084455143
"aucune selection","Construction",2020-03-31,0,,0.000213553084455143
"FIXE (calculee sur tout l'echantillon)","Construction",2020-03-31,3,,0.000213553084455143
"recursive, seuil 0,15 (retenue)","Commerce",2020-03-31,5,-0.00639124361581793,-0.0169610578868529
"recursive, seuil 0,10","Commerce",2020-03-31,5,-0.00639124361581793,-0.0169610578868529
"recursive, seuil 0,20","Commerce",2020-03-31,5,-0.00639124361581793,-0.0169610578868529
"aucune selection","Commerce",2020-03-31,5,-0.00639124361581793,-0.0169610578868529
"FIXE (calculee sur tout l'echantillon)","Commerce",2020-03-31,5,,-0.0169610578868529
"recursive, seuil 0,15 (retenue)","Transports",2020-03-31,0,,-0.0126004908496
"recursive, seuil 0,10","Transports",2020-03-31,0,,-0.0126004908496
"recursive, seuil 0,20","Transports",2020-03-31,0,,-0.0126004908496
"aucune selection","Transports",2020-03-31,0,,-0.0126004908496
"FIXE (calculee sur tout l'echantillon)","Transports",2020-03-31,0,,-0.0126004908496
"recursive, seuil 0,15 (retenue)","Hébergement-restauration",2020-03-31,1,0.000947758514421481,-0.329368517252892
"recursive, seuil 0,10","Hébergement-restauration",2020-03-31,1,0.000947758514421481,-0.329368517252892
"recursive, seuil 0,20","Hébergement-restauration",2020-03-31,1,0.000947758514421481,-0.329368517252892
"aucune selection","Hébergement-restauration",2020-03-31,1,0.000947758514421481,-0.329368517252892
"FIXE (calculee sur tout l'echantillon)","Hébergement-restauration",2020-03-31,1,-0.0105801834992447,-0.329368517252892
"recursive, seuil 0,15 (retenue)","Information-communication",2020-03-31,0,,0.0419599960536452
"recursive, seuil 0,10","Information-communication",2020-03-31,0,,0.0419599960536452
"recursive, seuil 0,20","Information-communication",2020-03-31,0,,0.0419599960536452
"aucune selection","Information-communication",2020-03-31,0,,0.0419599960536452
"FIXE (calculee sur tout l'echantillon)","Information-communication",2020-03-31,1,,0.0419599960536452
"recursive, seuil 0,15 (retenue)","Finances et assurances",2020-03-31,5,0.00501686340484693,-0.0212114526144092
"recursive, seuil 0,10","Finances et assurances",2020-03-31,5,0.00501686340484693,-0.0212114526144092
"recursive, seuil 0,20","Finances et assurances",2020-03-31,5,0.00501686340484693,-0.0212114526144092
"aucune selection","Finances et assurances",2020-03-31,5,0.00501686340484693,-0.0212114526144092
"FIXE (calculee sur tout l'echantillon)","Finances et assurances",2020-03-31,5,0.00501686340484693,-0.0212114526144092
"recursive, seuil 0,15 (retenue)","Immobilier",2020-03-31,1,0.00483722559154723,-0.0121506955111226
"recursive, seuil 0,10","Immobilier",2020-03-31,1,0.00483722559154723,-0.0121506955111226
"recursive, seuil 0,20","Immobilier",2020-03-31,1,0.00483722559154723,-0.0121506955111226
"aucune selection","Immobilier",2020-03-31,1,0.00483722559154723,-0.0121506955111226
"FIXE (calculee sur tout l'echantillon)","Immobilier",2020-03-31,1,0.00483722559154723,-0.0121506955111226
"recursive, seuil 0,15 (retenue)","Agriculture",2020-06-30,0,,0.00964980812139338
"recursive, seuil 0,10","Agriculture",2020-06-30,0,,0.00964980812139338
"recursive, seuil 0,20","Agriculture",2020-06-30,0,,0.00964980812139338
"aucune selection","Agriculture",2020-06-30,0,,0.00964980812139338
"FIXE (calculee sur tout l'echantillon)","Agriculture",2020-06-30,0,,0.00964980812139338
"recursive, seuil 0,15 (retenue)","Pêche",2020-06-30,0,,-0.182744294243855
"recursive, seuil 0,10","Pêche",2020-06-30,0,,-0.182744294243855
"recursive, seuil 0,20","Pêche",2020-06-30,0,,-0.182744294243855
"aucune selection","Pêche",2020-06-30,0,,-0.182744294243855
"FIXE (calculee sur tout l'echantillon)","Pêche",2020-06-30,5,,-0.182744294243855
"recursive, seuil 0,15 (retenue)","Industrie d'extraction",2020-06-30,0,,0.0237324718357801
"recursive, seuil 0,10","Industrie d'extraction",2020-06-30,0,,0.0237324718357801
"recursive, seuil 0,20","Industrie d'extraction",2020-06-30,0,,0.0237324718357801
"aucune selection","Industrie d'extraction",2020-06-30,0,,0.0237324718357801
"FIXE (calculee sur tout l'echantillon)","Industrie d'extraction",2020-06-30,3,,0.0237324718357801
"recursive, seuil 0,15 (retenue)","Industrie de transformation",2020-06-30,5,-0.00766482479110425,-0.213797918505946
"recursive, seuil 0,10","Industrie de transformation",2020-06-30,5,-0.00766482479110425,-0.213797918505946
"recursive, seuil 0,20","Industrie de transformation",2020-06-30,5,-0.00766482479110425,-0.213797918505946
"aucune selection","Industrie de transformation",2020-06-30,5,-0.00766482479110425,-0.213797918505946
"FIXE (calculee sur tout l'echantillon)","Industrie de transformation",2020-06-30,5,0.0320451936073924,-0.213797918505946
"recursive, seuil 0,15 (retenue)","Électricité, gaz, eau",2020-06-30,3,-0.000288077064274876,-0.0970147629221021
"recursive, seuil 0,10","Électricité, gaz, eau",2020-06-30,3,-0.000288077064274876,-0.0970147629221021
"recursive, seuil 0,20","Électricité, gaz, eau",2020-06-30,3,-0.000288077064274876,-0.0970147629221021
"aucune selection","Électricité, gaz, eau",2020-06-30,3,-0.000288077064274876,-0.0970147629221021
"FIXE (calculee sur tout l'echantillon)","Électricité, gaz, eau",2020-06-30,2,-0.00573111435788281,-0.0970147629221021
"recursive, seuil 0,15 (retenue)","Construction",2020-06-30,0,,-0.102776372819593
"recursive, seuil 0,10","Construction",2020-06-30,0,,-0.102776372819593
"recursive, seuil 0,20","Construction",2020-06-30,0,,-0.102776372819593
"aucune selection","Construction",2020-06-30,0,,-0.102776372819593
"FIXE (calculee sur tout l'echantillon)","Construction",2020-06-30,3,,-0.102776372819593
"recursive, seuil 0,15 (retenue)","Commerce",2020-06-30,4,-0.0200432987104887,-0.150671734390357
"recursive, seuil 0,10","Commerce",2020-06-30,4,-0.0200432987104887,-0.150671734390357
"recursive, seuil 0,20","Commerce",2020-06-30,4,-0.0200432987104887,-0.150671734390357
"aucune selection","Commerce",2020-06-30,4,-0.0200432987104887,-0.150671734390357
"FIXE (calculee sur tout l'echantillon)","Commerce",2020-06-30,5,,-0.150671734390357
"recursive, seuil 0,15 (retenue)","Transports",2020-06-30,0,,-0.501094849125378
"recursive, seuil 0,10","Transports",2020-06-30,0,,-0.501094849125378
"recursive, seuil 0,20","Transports",2020-06-30,0,,-0.501094849125378
"aucune selection","Transports",2020-06-30,0,,-0.501094849125378
"FIXE (calculee sur tout l'echantillon)","Transports",2020-06-30,0,,-0.501094849125378
"recursive, seuil 0,15 (retenue)","Hébergement-restauration",2020-06-30,1,-0.817338392307201,-0.857041072981717
"recursive, seuil 0,10","Hébergement-restauration",2020-06-30,1,-0.817338392307201,-0.857041072981717
"recursive, seuil 0,20","Hébergement-restauration",2020-06-30,1,-0.817338392307201,-0.857041072981717
"aucune selection","Hébergement-restauration",2020-06-30,1,-0.817338392307201,-0.857041072981717
"FIXE (calculee sur tout l'echantillon)","Hébergement-restauration",2020-06-30,4,-1.2333570752323,-0.857041072981717
"recursive, seuil 0,15 (retenue)","Information-communication",2020-06-30,0,,-0.0210436716728193
"recursive, seuil 0,10","Information-communication",2020-06-30,0,,-0.0210436716728193
"recursive, seuil 0,20","Information-communication",2020-06-30,0,,-0.0210436716728193
"aucune selection","Information-communication",2020-06-30,0,,-0.0210436716728193
"FIXE (calculee sur tout l'echantillon)","Information-communication",2020-06-30,1,,-0.0210436716728193
"recursive, seuil 0,15 (retenue)","Finances et assurances",2020-06-30,5,0.0159828628865533,0.0113083327777996
"recursive, seuil 0,10","Finances et assurances",2020-06-30,5,0.0159828628865533,0.0113083327777996
"recursive, seuil 0,20","Finances et assurances",2020-06-30,5,0.0159828628865533,0.0113083327777996
"aucune selection","Finances et assurances",2020-06-30,5,0.0159828628865533,0.0113083327777996
"FIXE (calculee sur tout l'echantillon)","Finances et assurances",2020-06-30,5,0.0159828628865533,0.0113083327777996
"recursive, seuil 0,15 (retenue)","Immobilier",2020-06-30,1,0.00404406890585376,0.00154778434759706
"recursive, seuil 0,10","Immobilier",2020-06-30,1,0.00404406890585376,0.00154778434759706
"recursive, seuil 0,20","Immobilier",2020-06-30,1,0.00404406890585376,0.00154778434759706
"aucune selection","Immobilier",2020-06-30,1,0.00404406890585376,0.00154778434759706
"FIXE (calculee sur tout l'echantillon)","Immobilier",2020-06-30,1,0.00404406890585376,0.00154778434759706
"recursive, seuil 0,15 (retenue)","Agriculture",2020-09-30,0,,-0.0341340216865049
"recursive, seuil 0,10","Agriculture",2020-09-30,0,,-0.0341340216865049
"recursive, seuil 0,20","Agriculture",2020-09-30,0,,-0.0341340216865049
"aucune selection","Agriculture",2020-09-30,0,,-0.0341340216865049
"FIXE (calculee sur tout l'echantillon)","Agriculture",2020-09-30,0,,-0.0341340216865049
"recursive, seuil 0,15 (retenue)","Pêche",2020-09-30,0,,0.449867423442043
"recursive, seuil 0,10","Pêche",2020-09-30,0,,0.449867423442043
"recursive, seuil 0,20","Pêche",2020-09-30,0,,0.449867423442043
"aucune selection","Pêche",2020-09-30,0,,0.449867423442043
"FIXE (calculee sur tout l'echantillon)","Pêche",2020-09-30,5,,0.449867423442043
"recursive, seuil 0,15 (retenue)","Industrie d'extraction",2020-09-30,0,,-0.0110758122366672
"recursive, seuil 0,10","Industrie d'extraction",2020-09-30,0,,-0.0110758122366672
"recursive, seuil 0,20","Industrie d'extraction",2020-09-30,0,,-0.0110758122366672
"aucune selection","Industrie d'extraction",2020-09-30,0,,-0.0110758122366672
"FIXE (calculee sur tout l'echantillon)","Industrie d'extraction",2020-09-30,4,,-0.0110758122366672
"recursive, seuil 0,15 (retenue)","Industrie de transformation",2020-09-30,5,0.0778783670981387,0.176609534773862
"recursive, seuil 0,10","Industrie de transformation",2020-09-30,5,0.0778783670981387,0.176609534773862
"recursive, seuil 0,20","Industrie de transformation",2020-09-30,5,0.0778783670981387,0.176609534773862
"aucune selection","Industrie de transformation",2020-09-30,5,0.0778783670981387,0.176609534773862
"FIXE (calculee sur tout l'echantillon)","Industrie de transformation",2020-09-30,5,0.132453935467549,0.176609534773862
"recursive, seuil 0,15 (retenue)","Électricité, gaz, eau",2020-09-30,2,0.0119664649873197,0.114417799543279
"recursive, seuil 0,10","Électricité, gaz, eau",2020-09-30,2,0.0119664649873197,0.114417799543279
"recursive, seuil 0,20","Électricité, gaz, eau",2020-09-30,2,0.0119664649873197,0.114417799543279
"aucune selection","Électricité, gaz, eau",2020-09-30,2,0.0119664649873197,0.114417799543279
"FIXE (calculee sur tout l'echantillon)","Électricité, gaz, eau",2020-09-30,3,0.0358432347619043,0.114417799543279
"recursive, seuil 0,15 (retenue)","Construction",2020-09-30,0,,0.0356201479127147
"recursive, seuil 0,10","Construction",2020-09-30,0,,0.0356201479127147
"recursive, seuil 0,20","Construction",2020-09-30,0,,0.0356201479127147
"aucune selection","Construction",2020-09-30,0,,0.0356201479127147
"FIXE (calculee sur tout l'echantillon)","Construction",2020-09-30,4,,0.0356201479127147
"recursive, seuil 0,15 (retenue)","Commerce",2020-09-30,3,0.00587794551800452,0.108126994394249
"recursive, seuil 0,10","Commerce",2020-09-30,3,0.00587794551800452,0.108126994394249
"recursive, seuil 0,20","Commerce",2020-09-30,3,0.00587794551800452,0.108126994394249
"aucune selection","Commerce",2020-09-30,3,0.00587794551800452,0.108126994394249
"FIXE (calculee sur tout l'echantillon)","Commerce",2020-09-30,3,,0.108126994394249
"recursive, seuil 0,15 (retenue)","Transports",2020-09-30,0,,0.125969152849114
"recursive, seuil 0,10","Transports",2020-09-30,0,,0.125969152849114
"recursive, seuil 0,20","Transports",2020-09-30,0,,0.125969152849114
"aucune selection","Transports",2020-09-30,0,,0.125969152849114
"FIXE (calculee sur tout l'echantillon)","Transports",2020-09-30,0,,0.125969152849114
"recursive, seuil 0,15 (retenue)","Hébergement-restauration",2020-09-30,4,1.04413296931155,0.152814674284517
"recursive, seuil 0,10","Hébergement-restauration",2020-09-30,4,1.04413296931155,0.152814674284517
"recursive, seuil 0,20","Hébergement-restauration",2020-09-30,4,1.04413296931155,0.152814674284517
"aucune selection","Hébergement-restauration",2020-09-30,4,1.04413296931155,0.152814674284517
"FIXE (calculee sur tout l'echantillon)","Hébergement-restauration",2020-09-30,5,,0.152814674284517
"recursive, seuil 0,15 (retenue)","Information-communication",2020-09-30,0,,-0.00204975173975619
"recursive, seuil 0,10","Information-communication",2020-09-30,0,,-0.00204975173975619
"recursive, seuil 0,20","Information-communication",2020-09-30,0,,-0.00204975173975619
"aucune selection","Information-communication",2020-09-30,0,,-0.00204975173975619
"FIXE (calculee sur tout l'echantillon)","Information-communication",2020-09-30,1,,-0.00204975173975619
"recursive, seuil 0,15 (retenue)","Finances et assurances",2020-09-30,5,0.00895724386923676,0.00678756570547989
"recursive, seuil 0,10","Finances et assurances",2020-09-30,5,0.00895724386923676,0.00678756570547989
"recursive, seuil 0,20","Finances et assurances",2020-09-30,5,0.00895724386923676,0.00678756570547989
"aucune selection","Finances et assurances",2020-09-30,5,0.00895724386923676,0.00678756570547989
"FIXE (calculee sur tout l'echantillon)","Finances et assurances",2020-09-30,5,0.00883002487584523,0.00678756570547989
"recursive, seuil 0,15 (retenue)","Immobilier",2020-09-30,1,0.00631427151437443,0.00248862454064991
"recursive, seuil 0,10","Immobilier",2020-09-30,1,0.00631427151437443,0.00248862454064991
"recursive, seuil 0,20","Immobilier",2020-09-30,1,0.00631427151437443,0.00248862454064991
"aucune selection","Immobilier",2020-09-30,1,0.00631427151437443,0.00248862454064991
"FIXE (calculee sur tout l'echantillon)","Immobilier",2020-09-30,1,0.00631427151437443,0.00248862454064991
"recursive, seuil 0,15 (retenue)","Agriculture",2020-12-31,0,,-0.00972120420603417
"recursive, seuil 0,10","Agriculture",2020-12-31,0,,-0.00972120420603417
"recursive, seuil 0,20","Agriculture",2020-12-31,0,,-0.00972120420603417
"aucune selection","Agriculture",2020-12-31,0,,-0.00972120420603417
"FIXE (calculee sur tout l'echantillon)","Agriculture",2020-12-31,0,,-0.00972120420603417
"recursive, seuil 0,15 (retenue)","Pêche",2020-12-31,0,,-0.549113253084071
"recursive, seuil 0,10","Pêche",2020-12-31,0,,-0.549113253084071
"recursive, seuil 0,20","Pêche",2020-12-31,0,,-0.549113253084071
"aucune selection","Pêche",2020-12-31,0,,-0.549113253084071
"FIXE (calculee sur tout l'echantillon)","Pêche",2020-12-31,5,,-0.549113253084071
"recursive, seuil 0,15 (retenue)","Industrie d'extraction",2020-12-31,0,,0.0282365373459843
"recursive, seuil 0,10","Industrie d'extraction",2020-12-31,0,,0.0282365373459843
"recursive, seuil 0,20","Industrie d'extraction",2020-12-31,0,,0.0282365373459843
"aucune selection","Industrie d'extraction",2020-12-31,0,,0.0282365373459843
"FIXE (calculee sur tout l'echantillon)","Industrie d'extraction",2020-12-31,4,,0.0282365373459843
"recursive, seuil 0,15 (retenue)","Industrie de transformation",2020-12-31,5,-0.0043646885269907,-0.00858663289649719
"recursive, seuil 0,10","Industrie de transformation",2020-12-31,5,-0.0043646885269907,-0.00858663289649719
"recursive, seuil 0,20","Industrie de transformation",2020-12-31,5,-0.0043646885269907,-0.00858663289649719
"aucune selection","Industrie de transformation",2020-12-31,5,-0.0043646885269907,-0.00858663289649719
"FIXE (calculee sur tout l'echantillon)","Industrie de transformation",2020-12-31,5,-0.0043646885269907,-0.00858663289649719
"recursive, seuil 0,15 (retenue)","Électricité, gaz, eau",2020-12-31,3,-0.0157699393969414,-0.016022429172736
"recursive, seuil 0,10","Électricité, gaz, eau",2020-12-31,3,-0.0157699393969414,-0.016022429172736
"recursive, seuil 0,20","Électricité, gaz, eau",2020-12-31,3,-0.0157699393969414,-0.016022429172736
"aucune selection","Électricité, gaz, eau",2020-12-31,3,-0.0157699393969414,-0.016022429172736
"FIXE (calculee sur tout l'echantillon)","Électricité, gaz, eau",2020-12-31,4,-0.00902363043050998,-0.016022429172736
"recursive, seuil 0,15 (retenue)","Construction",2020-12-31,1,0.0145130168387476,0.072642691639901
"recursive, seuil 0,10","Construction",2020-12-31,1,0.0145130168387476,0.072642691639901
"recursive, seuil 0,20","Construction",2020-12-31,0,,0.072642691639901
"aucune selection","Construction",2020-12-31,1,0.0145130168387476,0.072642691639901
"FIXE (calculee sur tout l'echantillon)","Construction",2020-12-31,4,,0.072642691639901
"recursive, seuil 0,15 (retenue)","Commerce",2020-12-31,3,-0.0196328611064297,0.020045836468638
"recursive, seuil 0,10","Commerce",2020-12-31,3,-0.0196328611064297,0.020045836468638
"recursive, seuil 0,20","Commerce",2020-12-31,3,-0.0196328611064297,0.020045836468638
"aucune selection","Commerce",2020-12-31,3,-0.0196328611064297,0.020045836468638
"FIXE (calculee sur tout l'echantillon)","Commerce",2020-12-31,3,-0.0196328611064297,0.020045836468638
"recursive, seuil 0,15 (retenue)","Transports",2020-12-31,0,,0.122566805849722
"recursive, seuil 0,10","Transports",2020-12-31,0,,0.122566805849722
"recursive, seuil 0,20","Transports",2020-12-31,0,,0.122566805849722
"aucune selection","Transports",2020-12-31,0,,0.122566805849722
"FIXE (calculee sur tout l'echantillon)","Transports",2020-12-31,0,,0.122566805849722
"recursive, seuil 0,15 (retenue)","Hébergement-restauration",2020-12-31,4,0.283811504614966,0.184991785349833
"recursive, seuil 0,10","Hébergement-restauration",2020-12-31,4,0.283811504614966,0.184991785349833
"recursive, seuil 0,20","Hébergement-restauration",2020-12-31,4,0.283811504614966,0.184991785349833
"aucune selection","Hébergement-restauration",2020-12-31,4,0.283811504614966,0.184991785349833
"FIXE (calculee sur tout l'echantillon)","Hébergement-restauration",2020-12-31,5,,0.184991785349833
"recursive, seuil 0,15 (retenue)","Information-communication",2020-12-31,0,,0.0411703029645043
"recursive, seuil 0,10","Information-communication",2020-12-31,0,,0.0411703029645043
"recursive, seuil 0,20","Information-communication",2020-12-31,0,,0.0411703029645043
"aucune selection","Information-communication",2020-12-31,0,,0.0411703029645043
"FIXE (calculee sur tout l'echantillon)","Information-communication",2020-12-31,1,,0.0411703029645043
"recursive, seuil 0,15 (retenue)","Finances et assurances",2020-12-31,5,0.00695798974416917,0.0114494849451461
"recursive, seuil 0,10","Finances et assurances",2020-12-31,5,0.00695798974416917,0.0114494849451461
"recursive, seuil 0,20","Finances et assurances",2020-12-31,5,0.00695798974416917,0.0114494849451461
"aucune selection","Finances et assurances",2020-12-31,5,0.00695798974416917,0.0114494849451461
"FIXE (calculee sur tout l'echantillon)","Finances et assurances",2020-12-31,5,0.00765216788683143,0.0114494849451461
"recursive, seuil 0,15 (retenue)","Immobilier",2020-12-31,1,0.00511589096128717,0.00250256303301022
"recursive, seuil 0,10","Immobilier",2020-12-31,1,0.00511589096128717,0.00250256303301022
"recursive, seuil 0,20","Immobilier",2020-12-31,1,0.00511589096128717,0.00250256303301022
"aucune selection","Immobilier",2020-12-31,1,0.00511589096128717,0.00250256303301022
"FIXE (calculee sur tout l'echantillon)","Immobilier",2020-12-31,1,0.00511589096128717,0.00250256303301022
"recursive, seuil 0,15 (retenue)","Agriculture",2021-03-31,0,,0.198088349077135
"recursive, seuil 0,10","Agriculture",2021-03-31,0,,0.198088349077135
"recursive, seuil 0,20","Agriculture",2021-03-31,0,,0.198088349077135
"aucune selection","Agriculture",2021-03-31,0,,0.198088349077135
"FIXE (calculee sur tout l'echantillon)","Agriculture",2021-03-31,0,,0.198088349077135
"recursive, seuil 0,15 (retenue)","Pêche",2021-03-31,5,0.252208025201185,0.301831328865735
"recursive, seuil 0,10","Pêche",2021-03-31,5,0.252208025201185,0.301831328865735
"recursive, seuil 0,20","Pêche",2021-03-31,5,0.252208025201185,0.301831328865735
"aucune selection","Pêche",2021-03-31,5,0.252208025201185,0.301831328865735
"FIXE (calculee sur tout l'echantillon)","Pêche",2021-03-31,5,0.273824444466621,0.301831328865735
"recursive, seuil 0,15 (retenue)","Industrie d'extraction",2021-03-31,0,,0.0506515529548963
"recursive, seuil 0,10","Industrie d'extraction",2021-03-31,0,,0.0506515529548963
"recursive, seuil 0,20","Industrie d'extraction",2021-03-31,0,,0.0506515529548963
"aucune selection","Industrie d'extraction",2021-03-31,0,,0.0506515529548963
"FIXE (calculee sur tout l'echantillon)","Industrie d'extraction",2021-03-31,4,,0.0506515529548963
"recursive, seuil 0,15 (retenue)","Industrie de transformation",2021-03-31,5,0.0354347004080008,0.0682885003101887
"recursive, seuil 0,10","Industrie de transformation",2021-03-31,5,0.0354347004080008,0.0682885003101887
"recursive, seuil 0,20","Industrie de transformation",2021-03-31,5,0.0354347004080008,0.0682885003101887
"aucune selection","Industrie de transformation",2021-03-31,5,0.0354347004080008,0.0682885003101887
"FIXE (calculee sur tout l'echantillon)","Industrie de transformation",2021-03-31,5,0.0354347004080008,0.0682885003101887
"recursive, seuil 0,15 (retenue)","Électricité, gaz, eau",2021-03-31,4,0.00596046216045244,0.0217529032326009
"recursive, seuil 0,10","Électricité, gaz, eau",2021-03-31,4,0.00596046216045244,0.0217529032326009
"recursive, seuil 0,20","Électricité, gaz, eau",2021-03-31,4,0.00596046216045244,0.0217529032326009
"aucune selection","Électricité, gaz, eau",2021-03-31,4,0.00596046216045244,0.0217529032326009
"FIXE (calculee sur tout l'echantillon)","Électricité, gaz, eau",2021-03-31,4,0.00596046216045244,0.0217529032326009
"recursive, seuil 0,15 (retenue)","Construction",2021-03-31,1,0.0183386315396939,-0.00494022963371066
"recursive, seuil 0,10","Construction",2021-03-31,1,0.0183386315396939,-0.00494022963371066
"recursive, seuil 0,20","Construction",2021-03-31,0,,-0.00494022963371066
"aucune selection","Construction",2021-03-31,1,0.0183386315396939,-0.00494022963371066
"FIXE (calculee sur tout l'echantillon)","Construction",2021-03-31,4,,-0.00494022963371066
"recursive, seuil 0,15 (retenue)","Commerce",2021-03-31,3,-0.00298328366169832,0.0273111173838672
"recursive, seuil 0,10","Commerce",2021-03-31,3,-0.00298328366169832,0.0273111173838672
"recursive, seuil 0,20","Commerce",2021-03-31,3,-0.00298328366169832,0.0273111173838672
"aucune selection","Commerce",2021-03-31,3,-0.00298328366169832,0.0273111173838672
"FIXE (calculee sur tout l'echantillon)","Commerce",2021-03-31,1,-0.0133190507830422,0.0273111173838672
"recursive, seuil 0,15 (retenue)","Transports",2021-03-31,0,,0.0562033294168316
"recursive, seuil 0,10","Transports",2021-03-31,0,,0.0562033294168316
"recursive, seuil 0,20","Transports",2021-03-31,0,,0.0562033294168316
"aucune selection","Transports",2021-03-31,0,,0.0562033294168316
"FIXE (calculee sur tout l'echantillon)","Transports",2021-03-31,0,,0.0562033294168316
"recursive, seuil 0,15 (retenue)","Hébergement-restauration",2021-03-31,4,0.00046306948290032,0.108593379555545
"recursive, seuil 0,10","Hébergement-restauration",2021-03-31,4,0.00046306948290032,0.108593379555545
"recursive, seuil 0,20","Hébergement-restauration",2021-03-31,4,0.00046306948290032,0.108593379555545
"aucune selection","Hébergement-restauration",2021-03-31,4,0.00046306948290032,0.108593379555545
"FIXE (calculee sur tout l'echantillon)","Hébergement-restauration",2021-03-31,5,,0.108593379555545
"recursive, seuil 0,15 (retenue)","Information-communication",2021-03-31,0,,-0.0536933298258049
"recursive, seuil 0,10","Information-communication",2021-03-31,0,,-0.0536933298258049
"recursive, seuil 0,20","Information-communication",2021-03-31,0,,-0.0536933298258049
"aucune selection","Information-communication",2021-03-31,0,,-0.0536933298258049
"FIXE (calculee sur tout l'echantillon)","Information-communication",2021-03-31,1,,-0.0536933298258049
"recursive, seuil 0,15 (retenue)","Finances et assurances",2021-03-31,5,0.00467702057470433,-0.00739307250548649
"recursive, seuil 0,10","Finances et assurances",2021-03-31,5,0.00467702057470433,-0.00739307250548649
"recursive, seuil 0,20","Finances et assurances",2021-03-31,5,0.00467702057470433,-0.00739307250548649
"aucune selection","Finances et assurances",2021-03-31,5,0.00467702057470433,-0.00739307250548649
"FIXE (calculee sur tout l'echantillon)","Finances et assurances",2021-03-31,5,0.00243150715763742,-0.00739307250548649
"recursive, seuil 0,15 (retenue)","Immobilier",2021-03-31,1,0.00490094834635234,0.0186980933413192
"recursive, seuil 0,10","Immobilier",2021-03-31,1,0.00490094834635234,0.0186980933413192
"recursive, seuil 0,20","Immobilier",2021-03-31,1,0.00490094834635234,0.0186980933413192
"aucune selection","Immobilier",2021-03-31,1,0.00490094834635234,0.0186980933413192
"FIXE (calculee sur tout l'echantillon)","Immobilier",2021-03-31,1,0.00490094834635234,0.0186980933413192
"recursive, seuil 0,15 (retenue)","Agriculture",2021-06-30,0,,0.00736929305629452
"recursive, seuil 0,10","Agriculture",2021-06-30,0,,0.00736929305629452
"recursive, seuil 0,20","Agriculture",2021-06-30,0,,0.00736929305629452
"aucune selection","Agriculture",2021-06-30,0,,0.00736929305629452
"FIXE (calculee sur tout l'echantillon)","Agriculture",2021-06-30,0,,0.00736929305629452
"recursive, seuil 0,15 (retenue)","Pêche",2021-06-30,5,-0.134010097186881,0.086451616600093
"recursive, seuil 0,10","Pêche",2021-06-30,5,-0.134010097186881,0.086451616600093
"recursive, seuil 0,20","Pêche",2021-06-30,5,-0.134010097186881,0.086451616600093
"aucune selection","Pêche",2021-06-30,5,-0.134010097186881,0.086451616600093
"FIXE (calculee sur tout l'echantillon)","Pêche",2021-06-30,5,-0.134010097186881,0.086451616600093
"recursive, seuil 0,15 (retenue)","Industrie d'extraction",2021-06-30,0,,-0.0120026798414088
"recursive, seuil 0,10","Industrie d'extraction",2021-06-30,0,,-0.0120026798414088
"recursive, seuil 0,20","Industrie d'extraction",2021-06-30,0,,-0.0120026798414088
"aucune selection","Industrie d'extraction",2021-06-30,0,,-0.0120026798414088
"FIXE (calculee sur tout l'echantillon)","Industrie d'extraction",2021-06-30,5,,-0.0120026798414088
"recursive, seuil 0,15 (retenue)","Industrie de transformation",2021-06-30,5,-0.017857108680142,-0.0226087358268856
"recursive, seuil 0,10","Industrie de transformation",2021-06-30,5,-0.017857108680142,-0.0226087358268856
"recursive, seuil 0,20","Industrie de transformation",2021-06-30,5,-0.017857108680142,-0.0226087358268856
"aucune selection","Industrie de transformation",2021-06-30,5,-0.017857108680142,-0.0226087358268856
"FIXE (calculee sur tout l'echantillon)","Industrie de transformation",2021-06-30,5,,-0.0226087358268856
"recursive, seuil 0,15 (retenue)","Électricité, gaz, eau",2021-06-30,4,-0.00829356833418283,0.0253032608158232
"recursive, seuil 0,10","Électricité, gaz, eau",2021-06-30,4,-0.00829356833418283,0.0253032608158232
"recursive, seuil 0,20","Électricité, gaz, eau",2021-06-30,4,-0.00829356833418283,0.0253032608158232
"aucune selection","Électricité, gaz, eau",2021-06-30,4,-0.00829356833418283,0.0253032608158232
"FIXE (calculee sur tout l'echantillon)","Électricité, gaz, eau",2021-06-30,5,0.0213830510182236,0.0253032608158232
"recursive, seuil 0,15 (retenue)","Construction",2021-06-30,1,0.00742100108394215,-0.00250132109599832
"recursive, seuil 0,10","Construction",2021-06-30,1,0.00742100108394215,-0.00250132109599832
"recursive, seuil 0,20","Construction",2021-06-30,0,,-0.00250132109599832
"aucune selection","Construction",2021-06-30,1,0.00742100108394215,-0.00250132109599832
"FIXE (calculee sur tout l'echantillon)","Construction",2021-06-30,4,,-0.00250132109599832
"recursive, seuil 0,15 (retenue)","Commerce",2021-06-30,1,-0.00967077648634919,0.00987582878233084
"recursive, seuil 0,10","Commerce",2021-06-30,1,-0.00967077648634919,0.00987582878233084
"recursive, seuil 0,20","Commerce",2021-06-30,1,-0.00967077648634919,0.00987582878233084
"aucune selection","Commerce",2021-06-30,1,-0.00967077648634919,0.00987582878233084
"FIXE (calculee sur tout l'echantillon)","Commerce",2021-06-30,2,0.00503863303060997,0.00987582878233084
"recursive, seuil 0,15 (retenue)","Transports",2021-06-30,0,,0.000731330783699136
"recursive, seuil 0,10","Transports",2021-06-30,0,,0.000731330783699136
"recursive, seuil 0,20","Transports",2021-06-30,0,,0.000731330783699136
"aucune selection","Transports",2021-06-30,0,,0.000731330783699136
"FIXE (calculee sur tout l'echantillon)","Transports",2021-06-30,0,,0.000731330783699136
"recursive, seuil 0,15 (retenue)","Hébergement-restauration",2021-06-30,2,0.0976306130933164,0.0325203058080987
"recursive, seuil 0,10","Hébergement-restauration",2021-06-30,2,0.0976306130933164,0.0325203058080987
"recursive, seuil 0,20","Hébergement-restauration",2021-06-30,2,0.0976306130933164,0.0325203058080987
"aucune selection","Hébergement-restauration",2021-06-30,2,0.0976306130933164,0.0325203058080987
"FIXE (calculee sur tout l'echantillon)","Hébergement-restauration",2021-06-30,5,,0.0325203058080987
"recursive, seuil 0,15 (retenue)","Information-communication",2021-06-30,0,,0.00186143113149839
"recursive, seuil 0,10","Information-communication",2021-06-30,0,,0.00186143113149839
"recursive, seuil 0,20","Information-communication",2021-06-30,0,,0.00186143113149839
"aucune selection","Information-communication",2021-06-30,0,,0.00186143113149839
"FIXE (calculee sur tout l'echantillon)","Information-communication",2021-06-30,1,,0.00186143113149839
"recursive, seuil 0,15 (retenue)","Finances et assurances",2021-06-30,5,0.0145258886560461,0.0281576114642981
"recursive, seuil 0,10","Finances et assurances",2021-06-30,5,0.0145258886560461,0.0281576114642981
"recursive, seuil 0,20","Finances et assurances",2021-06-30,5,0.0145258886560461,0.0281576114642981
"aucune selection","Finances et assurances",2021-06-30,5,0.0145258886560461,0.0281576114642981
"FIXE (calculee sur tout l'echantillon)","Finances et assurances",2021-06-30,5,0.0145258886560461,0.0281576114642981
"recursive, seuil 0,15 (retenue)","Immobilier",2021-06-30,1,0.00976650425687668,0.00589086653339521
"recursive, seuil 0,10","Immobilier",2021-06-30,1,0.00976650425687668,0.00589086653339521
"recursive, seuil 0,20","Immobilier",2021-06-30,1,0.00976650425687668,0.00589086653339521
"aucune selection","Immobilier",2021-06-30,1,0.00976650425687668,0.00589086653339521
"FIXE (calculee sur tout l'echantillon)","Immobilier",2021-06-30,1,0.00976650425687668,0.00589086653339521
"recursive, seuil 0,15 (retenue)","Agriculture",2021-09-30,0,,-0.00217917484074093
"recursive, seuil 0,10","Agriculture",2021-09-30,0,,-0.00217917484074093
"recursive, seuil 0,20","Agriculture",2021-09-30,0,,-0.00217917484074093
"aucune selection","Agriculture",2021-09-30,0,,-0.00217917484074093
"FIXE (calculee sur tout l'echantillon)","Agriculture",2021-09-30,0,,-0.00217917484074093
"recursive, seuil 0,15 (retenue)","Pêche",2021-09-30,5,0.0677931736090675,-0.0880960598262783
"recursive, seuil 0,10","Pêche",2021-09-30,5,0.0677931736090675,-0.0880960598262783
"recursive, seuil 0,20","Pêche",2021-09-30,5,0.0677931736090675,-0.0880960598262783
"aucune selection","Pêche",2021-09-30,5,0.0677931736090675,-0.0880960598262783
"FIXE (calculee sur tout l'echantillon)","Pêche",2021-09-30,5,0.0677931736090675,-0.0880960598262783
"recursive, seuil 0,15 (retenue)","Industrie d'extraction",2021-09-30,0,,0.0223534844760689
"recursive, seuil 0,10","Industrie d'extraction",2021-09-30,0,,0.0223534844760689
"recursive, seuil 0,20","Industrie d'extraction",2021-09-30,0,,0.0223534844760689
"aucune selection","Industrie d'extraction",2021-09-30,0,,0.0223534844760689
"FIXE (calculee sur tout l'echantillon)","Industrie d'extraction",2021-09-30,5,,0.0223534844760689
"recursive, seuil 0,15 (retenue)","Industrie de transformation",2021-09-30,5,-0.0142981534696619,0.0119171102444078
"recursive, seuil 0,10","Industrie de transformation",2021-09-30,5,-0.0142981534696619,0.0119171102444078
"recursive, seuil 0,20","Industrie de transformation",2021-09-30,5,-0.0142981534696619,0.0119171102444078
"aucune selection","Industrie de transformation",2021-09-30,5,-0.0142981534696619,0.0119171102444078
"FIXE (calculee sur tout l'echantillon)","Industrie de transformation",2021-09-30,5,,0.0119171102444078
"recursive, seuil 0,15 (retenue)","Électricité, gaz, eau",2021-09-30,5,0.0472863056948166,0.0158724557012508
"recursive, seuil 0,10","Électricité, gaz, eau",2021-09-30,5,0.0472863056948166,0.0158724557012508
"recursive, seuil 0,20","Électricité, gaz, eau",2021-09-30,5,0.0472863056948166,0.0158724557012508
"aucune selection","Électricité, gaz, eau",2021-09-30,5,0.0472863056948166,0.0158724557012508
"FIXE (calculee sur tout l'echantillon)","Électricité, gaz, eau",2021-09-30,5,0.0472863056948166,0.0158724557012508
"recursive, seuil 0,15 (retenue)","Construction",2021-09-30,1,0.00748224547747619,0.0107028535882208
"recursive, seuil 0,10","Construction",2021-09-30,1,0.00748224547747619,0.0107028535882208
"recursive, seuil 0,20","Construction",2021-09-30,0,,0.0107028535882208
"aucune selection","Construction",2021-09-30,1,0.00748224547747619,0.0107028535882208
"FIXE (calculee sur tout l'echantillon)","Construction",2021-09-30,4,,0.0107028535882208
"recursive, seuil 0,15 (retenue)","Commerce",2021-09-30,2,0.0123083360636664,0.0199199534821144
"recursive, seuil 0,10","Commerce",2021-09-30,2,0.0123083360636664,0.0199199534821144
"recursive, seuil 0,20","Commerce",2021-09-30,2,0.0123083360636664,0.0199199534821144
"aucune selection","Commerce",2021-09-30,2,0.0123083360636664,0.0199199534821144
"FIXE (calculee sur tout l'echantillon)","Commerce",2021-09-30,2,0.0123083360636664,0.0199199534821144
"recursive, seuil 0,15 (retenue)","Transports",2021-09-30,0,,0.0731279057345535
"recursive, seuil 0,10","Transports",2021-09-30,0,,0.0731279057345535
"recursive, seuil 0,20","Transports",2021-09-30,0,,0.0731279057345535
"aucune selection","Transports",2021-09-30,0,,0.0731279057345535
"FIXE (calculee sur tout l'echantillon)","Transports",2021-09-30,0,,0.0731279057345535
"recursive, seuil 0,15 (retenue)","Hébergement-restauration",2021-09-30,2,0.0503002431739254,0.0912570059284388
"recursive, seuil 0,10","Hébergement-restauration",2021-09-30,2,0.0503002431739254,0.0912570059284388
"recursive, seuil 0,20","Hébergement-restauration",2021-09-30,2,0.0503002431739254,0.0912570059284388
"aucune selection","Hébergement-restauration",2021-09-30,2,0.0503002431739254,0.0912570059284388
"FIXE (calculee sur tout l'echantillon)","Hébergement-restauration",2021-09-30,5,,0.0912570059284388
"recursive, seuil 0,15 (retenue)","Information-communication",2021-09-30,0,,0.00942302584054922
"recursive, seuil 0,10","Information-communication",2021-09-30,0,,0.00942302584054922
"recursive, seuil 0,20","Information-communication",2021-09-30,0,,0.00942302584054922
"aucune selection","Information-communication",2021-09-30,0,,0.00942302584054922
"FIXE (calculee sur tout l'echantillon)","Information-communication",2021-09-30,1,,0.00942302584054922
"recursive, seuil 0,15 (retenue)","Finances et assurances",2021-09-30,5,0.00398711678353411,0.00585438399346749
"recursive, seuil 0,10","Finances et assurances",2021-09-30,5,0.00398711678353411,0.00585438399346749
"recursive, seuil 0,20","Finances et assurances",2021-09-30,5,0.00398711678353411,0.00585438399346749
"aucune selection","Finances et assurances",2021-09-30,5,0.00398711678353411,0.00585438399346749
"FIXE (calculee sur tout l'echantillon)","Finances et assurances",2021-09-30,5,0.00398711678353411,0.00585438399346749
"recursive, seuil 0,15 (retenue)","Immobilier",2021-09-30,1,0.00584539169850165,0.00489489217388339
"recursive, seuil 0,10","Immobilier",2021-09-30,1,0.00584539169850165,0.00489489217388339
"recursive, seuil 0,20","Immobilier",2021-09-30,1,0.00584539169850165,0.00489489217388339
"aucune selection","Immobilier",2021-09-30,1,0.00584539169850165,0.00489489217388339
"FIXE (calculee sur tout l'echantillon)","Immobilier",2021-09-30,1,0.00584539169850165,0.00489489217388339
"recursive, seuil 0,15 (retenue)","Agriculture",2021-12-31,0,,-0.00946965224747842
"recursive, seuil 0,10","Agriculture",2021-12-31,0,,-0.00946965224747842
"recursive, seuil 0,20","Agriculture",2021-12-31,0,,-0.00946965224747842
"aucune selection","Agriculture",2021-12-31,0,,-0.00946965224747842
"FIXE (calculee sur tout l'echantillon)","Agriculture",2021-12-31,0,,-0.00946965224747842
"recursive, seuil 0,15 (retenue)","Pêche",2021-12-31,5,-0.058429027340417,0.102924635387614
"recursive, seuil 0,10","Pêche",2021-12-31,5,-0.058429027340417,0.102924635387614
"recursive, seuil 0,20","Pêche",2021-12-31,5,-0.058429027340417,0.102924635387614
"aucune selection","Pêche",2021-12-31,5,-0.058429027340417,0.102924635387614
"FIXE (calculee sur tout l'echantillon)","Pêche",2021-12-31,5,0.0010826630996408,0.102924635387614
"recursive, seuil 0,15 (retenue)","Industrie d'extraction",2021-12-31,0,,-0.0143497716369634
"recursive, seuil 0,10","Industrie d'extraction",2021-12-31,0,,-0.0143497716369634
"recursive, seuil 0,20","Industrie d'extraction",2021-12-31,0,,-0.0143497716369634
"aucune selection","Industrie d'extraction",2021-12-31,0,,-0.0143497716369634
"FIXE (calculee sur tout l'echantillon)","Industrie d'extraction",2021-12-31,5,,-0.0143497716369634
"recursive, seuil 0,15 (retenue)","Industrie de transformation",2021-12-31,5,0.0424129335578739,0.0157395324071921
"recursive, seuil 0,10","Industrie de transformation",2021-12-31,5,0.0424129335578739,0.0157395324071921
"recursive, seuil 0,20","Industrie de transformation",2021-12-31,5,0.0424129335578739,0.0157395324071921
"aucune selection","Industrie de transformation",2021-12-31,5,0.0424129335578739,0.0157395324071921
"FIXE (calculee sur tout l'echantillon)","Industrie de transformation",2021-12-31,5,,0.0157395324071921
"recursive, seuil 0,15 (retenue)","Électricité, gaz, eau",2021-12-31,5,-0.0209262552099726,0.0138196358846692
"recursive, seuil 0,10","Électricité, gaz, eau",2021-12-31,5,-0.0209262552099726,0.0138196358846692
"recursive, seuil 0,20","Électricité, gaz, eau",2021-12-31,5,-0.0209262552099726,0.0138196358846692
"aucune selection","Électricité, gaz, eau",2021-12-31,5,-0.0209262552099726,0.0138196358846692
"FIXE (calculee sur tout l'echantillon)","Électricité, gaz, eau",2021-12-31,5,-0.036929995214085,0.0138196358846692
"recursive, seuil 0,15 (retenue)","Construction",2021-12-31,1,0.0118502611401467,0.00772099252970015
"recursive, seuil 0,10","Construction",2021-12-31,1,0.0118502611401467,0.00772099252970015
"recursive, seuil 0,20","Construction",2021-12-31,0,,0.00772099252970015
"aucune selection","Construction",2021-12-31,1,0.0118502611401467,0.00772099252970015
"FIXE (calculee sur tout l'echantillon)","Construction",2021-12-31,4,,0.00772099252970015
"recursive, seuil 0,15 (retenue)","Commerce",2021-12-31,2,0.0121723060095566,0.0158034521479156
"recursive, seuil 0,10","Commerce",2021-12-31,2,0.0121723060095566,0.0158034521479156
"recursive, seuil 0,20","Commerce",2021-12-31,2,0.0121723060095566,0.0158034521479156
"aucune selection","Commerce",2021-12-31,2,0.0121723060095566,0.0158034521479156
"FIXE (calculee sur tout l'echantillon)","Commerce",2021-12-31,3,0.0233917014022054,0.0158034521479156
"recursive, seuil 0,15 (retenue)","Transports",2021-12-31,0,,-0.0243022849728511
"recursive, seuil 0,10","Transports",2021-12-31,0,,-0.0243022849728511
"recursive, seuil 0,20","Transports",2021-12-31,0,,-0.0243022849728511
"aucune selection","Transports",2021-12-31,0,,-0.0243022849728511
"FIXE (calculee sur tout l'echantillon)","Transports",2021-12-31,0,,-0.0243022849728511
"recursive, seuil 0,15 (retenue)","Hébergement-restauration",2021-12-31,4,0.00151664889180426,0.0662513211980329
"recursive, seuil 0,10","Hébergement-restauration",2021-12-31,4,0.00151664889180426,0.0662513211980329
"recursive, seuil 0,20","Hébergement-restauration",2021-12-31,4,0.00151664889180426,0.0662513211980329
"aucune selection","Hébergement-restauration",2021-12-31,4,0.00151664889180426,0.0662513211980329
"FIXE (calculee sur tout l'echantillon)","Hébergement-restauration",2021-12-31,5,,0.0662513211980329
"recursive, seuil 0,15 (retenue)","Information-communication",2021-12-31,0,,0.0317145043040412
"recursive, seuil 0,10","Information-communication",2021-12-31,0,,0.0317145043040412
"recursive, seuil 0,20","Information-communication",2021-12-31,0,,0.0317145043040412
"aucune selection","Information-communication",2021-12-31,0,,0.0317145043040412
"FIXE (calculee sur tout l'echantillon)","Information-communication",2021-12-31,1,,0.0317145043040412
"recursive, seuil 0,15 (retenue)","Finances et assurances",2021-12-31,5,0.00668241218839003,0.016641170500078
"recursive, seuil 0,10","Finances et assurances",2021-12-31,5,0.00668241218839003,0.016641170500078
"recursive, seuil 0,20","Finances et assurances",2021-12-31,5,0.00668241218839003,0.016641170500078
"aucune selection","Finances et assurances",2021-12-31,5,0.00668241218839003,0.016641170500078
"FIXE (calculee sur tout l'echantillon)","Finances et assurances",2021-12-31,5,0.00668241218839003,0.016641170500078
"recursive, seuil 0,15 (retenue)","Immobilier",2021-12-31,1,0.00689733142577171,-0.000185568621855481
"recursive, seuil 0,10","Immobilier",2021-12-31,1,0.00689733142577171,-0.000185568621855481
"recursive, seuil 0,20","Immobilier",2021-12-31,1,0.00689733142577171,-0.000185568621855481
"aucune selection","Immobilier",2021-12-31,1,0.00689733142577171,-0.000185568621855481
"FIXE (calculee sur tout l'echantillon)","Immobilier",2021-12-31,1,0.00689733142577171,-0.000185568621855481
"recursive, seuil 0,15 (retenue)","Agriculture",2022-03-31,0,,-0.106650718690272
"recursive, seuil 0,10","Agriculture",2022-03-31,0,,-0.106650718690272
"recursive, seuil 0,20","Agriculture",2022-03-31,0,,-0.106650718690272
"aucune selection","Agriculture",2022-03-31,0,,-0.106650718690272
"FIXE (calculee sur tout l'echantillon)","Agriculture",2022-03-31,0,,-0.106650718690272
"recursive, seuil 0,15 (retenue)","Pêche",2022-03-31,5,0.0450006185820789,-0.251794115386521
"recursive, seuil 0,10","Pêche",2022-03-31,5,0.0450006185820789,-0.251794115386521
"recursive, seuil 0,20","Pêche",2022-03-31,5,0.0450006185820789,-0.251794115386521
"aucune selection","Pêche",2022-03-31,5,0.0450006185820789,-0.251794115386521
"FIXE (calculee sur tout l'echantillon)","Pêche",2022-03-31,5,-0.119561180248131,-0.251794115386521
"recursive, seuil 0,15 (retenue)","Industrie d'extraction",2022-03-31,0,,-0.138625872821352
"recursive, seuil 0,10","Industrie d'extraction",2022-03-31,0,,-0.138625872821352
"recursive, seuil 0,20","Industrie d'extraction",2022-03-31,0,,-0.138625872821352
"aucune selection","Industrie d'extraction",2022-03-31,0,,-0.138625872821352
"FIXE (calculee sur tout l'echantillon)","Industrie d'extraction",2022-03-31,5,,-0.138625872821352
"recursive, seuil 0,15 (retenue)","Industrie de transformation",2022-03-31,5,0.0532501161001867,-0.00935236645143078
"recursive, seuil 0,10","Industrie de transformation",2022-03-31,5,0.0532501161001867,-0.00935236645143078
"recursive, seuil 0,20","Industrie de transformation",2022-03-31,5,0.0532501161001867,-0.00935236645143078
"aucune selection","Industrie de transformation",2022-03-31,5,0.0532501161001867,-0.00935236645143078
"FIXE (calculee sur tout l'echantillon)","Industrie de transformation",2022-03-31,5,,-0.00935236645143078
"recursive, seuil 0,15 (retenue)","Électricité, gaz, eau",2022-03-31,5,4.87559656237174e-05,-0.0635858178619184
"recursive, seuil 0,10","Électricité, gaz, eau",2022-03-31,5,4.87559656237174e-05,-0.0635858178619184
"recursive, seuil 0,20","Électricité, gaz, eau",2022-03-31,5,4.87559656237174e-05,-0.0635858178619184
"aucune selection","Électricité, gaz, eau",2022-03-31,5,4.87559656237174e-05,-0.0635858178619184
"FIXE (calculee sur tout l'echantillon)","Électricité, gaz, eau",2022-03-31,5,0.000723213061535776,-0.0635858178619184
"recursive, seuil 0,15 (retenue)","Construction",2022-03-31,1,0.00597601075835367,-0.026866287683136
"recursive, seuil 0,10","Construction",2022-03-31,1,0.00597601075835367,-0.026866287683136
"recursive, seuil 0,20","Construction",2022-03-31,0,,-0.026866287683136
"aucune selection","Construction",2022-03-31,1,0.00597601075835367,-0.026866287683136
"FIXE (calculee sur tout l'echantillon)","Construction",2022-03-31,4,,-0.026866287683136
"recursive, seuil 0,15 (retenue)","Commerce",2022-03-31,3,0.0313756480765767,-0.0348034749137724
"recursive, seuil 0,10","Commerce",2022-03-31,3,0.0313756480765767,-0.0348034749137724
"recursive, seuil 0,20","Commerce",2022-03-31,3,0.0313756480765767,-0.0348034749137724
"aucune selection","Commerce",2022-03-31,3,0.0313756480765767,-0.0348034749137724
"FIXE (calculee sur tout l'echantillon)","Commerce",2022-03-31,2,0.0144713289945522,-0.0348034749137724
"recursive, seuil 0,15 (retenue)","Transports",2022-03-31,0,,-0.0184384391565189
"recursive, seuil 0,10","Transports",2022-03-31,0,,-0.0184384391565189
"recursive, seuil 0,20","Transports",2022-03-31,0,,-0.0184384391565189
"aucune selection","Transports",2022-03-31,0,,-0.0184384391565189
"FIXE (calculee sur tout l'echantillon)","Transports",2022-03-31,0,,-0.0184384391565189
"recursive, seuil 0,15 (retenue)","Hébergement-restauration",2022-03-31,4,-0.0155372887831798,0.172069210996341
"recursive, seuil 0,10","Hébergement-restauration",2022-03-31,4,-0.0155372887831798,0.172069210996341
"recursive, seuil 0,20","Hébergement-restauration",2022-03-31,4,-0.0155372887831798,0.172069210996341
"aucune selection","Hébergement-restauration",2022-03-31,4,-0.0155372887831798,0.172069210996341
"FIXE (calculee sur tout l'echantillon)","Hébergement-restauration",2022-03-31,5,,0.172069210996341
"recursive, seuil 0,15 (retenue)","Information-communication",2022-03-31,0,,0.00597454514787366
"recursive, seuil 0,10","Information-communication",2022-03-31,0,,0.00597454514787366
"recursive, seuil 0,20","Information-communication",2022-03-31,0,,0.00597454514787366
"aucune selection","Information-communication",2022-03-31,0,,0.00597454514787366
"FIXE (calculee sur tout l'echantillon)","Information-communication",2022-03-31,1,,0.00597454514787366
"recursive, seuil 0,15 (retenue)","Finances et assurances",2022-03-31,5,0.00423202229119188,0.0414257987284206
"recursive, seuil 0,10","Finances et assurances",2022-03-31,5,0.00423202229119188,0.0414257987284206
"recursive, seuil 0,20","Finances et assurances",2022-03-31,5,0.00423202229119188,0.0414257987284206
"aucune selection","Finances et assurances",2022-03-31,5,0.00423202229119188,0.0414257987284206
"FIXE (calculee sur tout l'echantillon)","Finances et assurances",2022-03-31,5,0.00465190067104445,0.0414257987284206
"recursive, seuil 0,15 (retenue)","Immobilier",2022-03-31,1,0.00559434596054119,-0.00613333557758722
"recursive, seuil 0,10","Immobilier",2022-03-31,1,0.00559434596054119,-0.00613333557758722
"recursive, seuil 0,20","Immobilier",2022-03-31,1,0.00559434596054119,-0.00613333557758722
"aucune selection","Immobilier",2022-03-31,1,0.00559434596054119,-0.00613333557758722
"FIXE (calculee sur tout l'echantillon)","Immobilier",2022-03-31,1,0.00559434596054119,-0.00613333557758722
"recursive, seuil 0,15 (retenue)","Agriculture",2022-06-30,0,,-0.00714754922684868
"recursive, seuil 0,10","Agriculture",2022-06-30,0,,-0.00714754922684868
"recursive, seuil 0,20","Agriculture",2022-06-30,0,,-0.00714754922684868
"aucune selection","Agriculture",2022-06-30,0,,-0.00714754922684868
"FIXE (calculee sur tout l'echantillon)","Agriculture",2022-06-30,0,,-0.00714754922684868
"recursive, seuil 0,15 (retenue)","Pêche",2022-06-30,5,0.278600559899341,0.0309075374630767
"recursive, seuil 0,10","Pêche",2022-06-30,5,0.278600559899341,0.0309075374630767
"recursive, seuil 0,20","Pêche",2022-06-30,5,0.278600559899341,0.0309075374630767
"aucune selection","Pêche",2022-06-30,5,0.278600559899341,0.0309075374630767
"FIXE (calculee sur tout l'echantillon)","Pêche",2022-06-30,5,,0.0309075374630767
"recursive, seuil 0,15 (retenue)","Industrie d'extraction",2022-06-30,0,,-0.0689421152185421
"recursive, seuil 0,10","Industrie d'extraction",2022-06-30,0,,-0.0689421152185421
"recursive, seuil 0,20","Industrie d'extraction",2022-06-30,0,,-0.0689421152185421
"aucune selection","Industrie d'extraction",2022-06-30,0,,-0.0689421152185421
"FIXE (calculee sur tout l'echantillon)","Industrie d'extraction",2022-06-30,5,,-0.0689421152185421
"recursive, seuil 0,15 (retenue)","Industrie de transformation",2022-06-30,5,0.0408602025055924,0.0265199585031901
"recursive, seuil 0,10","Industrie de transformation",2022-06-30,5,0.0408602025055924,0.0265199585031901
"recursive, seuil 0,20","Industrie de transformation",2022-06-30,5,0.0408602025055924,0.0265199585031901
"aucune selection","Industrie de transformation",2022-06-30,5,0.0408602025055924,0.0265199585031901
"FIXE (calculee sur tout l'echantillon)","Industrie de transformation",2022-06-30,5,,0.0265199585031901
"recursive, seuil 0,15 (retenue)","Électricité, gaz, eau",2022-06-30,5,0.0164288466578446,0.00902096583624079
"recursive, seuil 0,10","Électricité, gaz, eau",2022-06-30,5,0.0164288466578446,0.00902096583624079
"recursive, seuil 0,20","Électricité, gaz, eau",2022-06-30,5,0.0164288466578446,0.00902096583624079
"aucune selection","Électricité, gaz, eau",2022-06-30,5,0.0164288466578446,0.00902096583624079
"FIXE (calculee sur tout l'echantillon)","Électricité, gaz, eau",2022-06-30,5,0.0164288466578446,0.00902096583624079
"recursive, seuil 0,15 (retenue)","Construction",2022-06-30,1,0.000271770436302773,-0.0038148328637746
"recursive, seuil 0,10","Construction",2022-06-30,1,0.000271770436302773,-0.0038148328637746
"recursive, seuil 0,20","Construction",2022-06-30,1,0.000271770436302773,-0.0038148328637746
"aucune selection","Construction",2022-06-30,1,0.000271770436302773,-0.0038148328637746
"FIXE (calculee sur tout l'echantillon)","Construction",2022-06-30,4,,-0.0038148328637746
"recursive, seuil 0,15 (retenue)","Commerce",2022-06-30,2,0.014262183166893,0.007272295596783
"recursive, seuil 0,10","Commerce",2022-06-30,2,0.014262183166893,0.007272295596783
"recursive, seuil 0,20","Commerce",2022-06-30,2,0.014262183166893,0.007272295596783
"aucune selection","Commerce",2022-06-30,2,0.014262183166893,0.007272295596783
"FIXE (calculee sur tout l'echantillon)","Commerce",2022-06-30,2,0.014262183166893,0.007272295596783
"recursive, seuil 0,15 (retenue)","Transports",2022-06-30,0,,0.0331947459481938
"recursive, seuil 0,10","Transports",2022-06-30,0,,0.0331947459481938
"recursive, seuil 0,20","Transports",2022-06-30,0,,0.0331947459481938
"aucune selection","Transports",2022-06-30,0,,0.0331947459481938
"FIXE (calculee sur tout l'echantillon)","Transports",2022-06-30,0,,0.0331947459481938
"recursive, seuil 0,15 (retenue)","Hébergement-restauration",2022-06-30,4,0.185363483844843,0.185682194782517
"recursive, seuil 0,10","Hébergement-restauration",2022-06-30,4,0.185363483844843,0.185682194782517
"recursive, seuil 0,20","Hébergement-restauration",2022-06-30,4,0.185363483844843,0.185682194782517
"aucune selection","Hébergement-restauration",2022-06-30,4,0.185363483844843,0.185682194782517
"FIXE (calculee sur tout l'echantillon)","Hébergement-restauration",2022-06-30,5,,0.185682194782517
"recursive, seuil 0,15 (retenue)","Information-communication",2022-06-30,0,,0.00161153463684727
"recursive, seuil 0,10","Information-communication",2022-06-30,0,,0.00161153463684727
"recursive, seuil 0,20","Information-communication",2022-06-30,0,,0.00161153463684727
"aucune selection","Information-communication",2022-06-30,0,,0.00161153463684727
"FIXE (calculee sur tout l'echantillon)","Information-communication",2022-06-30,1,,0.00161153463684727
"recursive, seuil 0,15 (retenue)","Finances et assurances",2022-06-30,5,0.0109479762412991,0.031410255383383
"recursive, seuil 0,10","Finances et assurances",2022-06-30,5,0.0109479762412991,0.031410255383383
"recursive, seuil 0,20","Finances et assurances",2022-06-30,5,0.0109479762412991,0.031410255383383
"aucune selection","Finances et assurances",2022-06-30,5,0.0109479762412991,0.031410255383383
"FIXE (calculee sur tout l'echantillon)","Finances et assurances",2022-06-30,5,0.0111425928992095,0.031410255383383
"recursive, seuil 0,15 (retenue)","Immobilier",2022-06-30,1,0.00417710667802774,0.000982294226966829
"recursive, seuil 0,10","Immobilier",2022-06-30,1,0.00417710667802774,0.000982294226966829
"recursive, seuil 0,20","Immobilier",2022-06-30,1,0.00417710667802774,0.000982294226966829
"aucune selection","Immobilier",2022-06-30,1,0.00417710667802774,0.000982294226966829
"FIXE (calculee sur tout l'echantillon)","Immobilier",2022-06-30,1,0.00417710667802774,0.000982294226966829
"recursive, seuil 0,15 (retenue)","Agriculture",2022-09-30,0,,0.0022277626879923
"recursive, seuil 0,10","Agriculture",2022-09-30,0,,0.0022277626879923
"recursive, seuil 0,20","Agriculture",2022-09-30,0,,0.0022277626879923
"aucune selection","Agriculture",2022-09-30,0,,0.0022277626879923
"FIXE (calculee sur tout l'echantillon)","Agriculture",2022-09-30,0,,0.0022277626879923
"recursive, seuil 0,15 (retenue)","Pêche",2022-09-30,3,-0.0722925831489164,-0.424362348289532
"recursive, seuil 0,10","Pêche",2022-09-30,3,-0.0722925831489164,-0.424362348289532
"recursive, seuil 0,20","Pêche",2022-09-30,3,-0.0722925831489164,-0.424362348289532
"aucune selection","Pêche",2022-09-30,3,-0.0722925831489164,-0.424362348289532
"FIXE (calculee sur tout l'echantillon)","Pêche",2022-09-30,5,-0.0530227719326653,-0.424362348289532
"recursive, seuil 0,15 (retenue)","Industrie d'extraction",2022-09-30,0,,-0.0421248811824597
"recursive, seuil 0,10","Industrie d'extraction",2022-09-30,0,,-0.0421248811824597
"recursive, seuil 0,20","Industrie d'extraction",2022-09-30,0,,-0.0421248811824597
"aucune selection","Industrie d'extraction",2022-09-30,0,,-0.0421248811824597
"FIXE (calculee sur tout l'echantillon)","Industrie d'extraction",2022-09-30,5,,-0.0421248811824597
"recursive, seuil 0,15 (retenue)","Industrie de transformation",2022-09-30,5,-0.0353297837669215,0.00503674468161641
"recursive, seuil 0,10","Industrie de transformation",2022-09-30,5,-0.0353297837669215,0.00503674468161641
"recursive, seuil 0,20","Industrie de transformation",2022-09-30,5,-0.0353297837669215,0.00503674468161641
"aucune selection","Industrie de transformation",2022-09-30,5,-0.0353297837669215,0.00503674468161641
"FIXE (calculee sur tout l'echantillon)","Industrie de transformation",2022-09-30,5,,0.00503674468161641
"recursive, seuil 0,15 (retenue)","Électricité, gaz, eau",2022-09-30,5,0.0186760772104328,-0.00480416973629261
"recursive, seuil 0,10","Électricité, gaz, eau",2022-09-30,5,0.0186760772104328,-0.00480416973629261
"recursive, seuil 0,20","Électricité, gaz, eau",2022-09-30,5,0.0186760772104328,-0.00480416973629261
"aucune selection","Électricité, gaz, eau",2022-09-30,5,0.0186760772104328,-0.00480416973629261
"FIXE (calculee sur tout l'echantillon)","Électricité, gaz, eau",2022-09-30,5,0.0186760772104328,-0.00480416973629261
"recursive, seuil 0,15 (retenue)","Construction",2022-09-30,1,0.00448150755758655,-0.0309753266623467
"recursive, seuil 0,10","Construction",2022-09-30,1,0.00448150755758655,-0.0309753266623467
"recursive, seuil 0,20","Construction",2022-09-30,1,0.00448150755758655,-0.0309753266623467
"aucune selection","Construction",2022-09-30,1,0.00448150755758655,-0.0309753266623467
"FIXE (calculee sur tout l'echantillon)","Construction",2022-09-30,4,,-0.0309753266623467
"recursive, seuil 0,15 (retenue)","Commerce",2022-09-30,2,0.0161706789094201,-0.00708032889736465
"recursive, seuil 0,10","Commerce",2022-09-30,2,0.0161706789094201,-0.00708032889736465
"recursive, seuil 0,20","Commerce",2022-09-30,2,0.0161706789094201,-0.00708032889736465
"aucune selection","Commerce",2022-09-30,2,0.0161706789094201,-0.00708032889736465
"FIXE (calculee sur tout l'echantillon)","Commerce",2022-09-30,2,0.0161706789094201,-0.00708032889736465
"recursive, seuil 0,15 (retenue)","Transports",2022-09-30,0,,0.0296892895055922
"recursive, seuil 0,10","Transports",2022-09-30,0,,0.0296892895055922
"recursive, seuil 0,20","Transports",2022-09-30,0,,0.0296892895055922
"aucune selection","Transports",2022-09-30,0,,0.0296892895055922
"FIXE (calculee sur tout l'echantillon)","Transports",2022-09-30,0,,0.0296892895055922
"recursive, seuil 0,15 (retenue)","Hébergement-restauration",2022-09-30,2,0.0692316256859331,0.172534150339882
"recursive, seuil 0,10","Hébergement-restauration",2022-09-30,2,0.0692316256859331,0.172534150339882
"recursive, seuil 0,20","Hébergement-restauration",2022-09-30,2,0.0692316256859331,0.172534150339882
"aucune selection","Hébergement-restauration",2022-09-30,2,0.0692316256859331,0.172534150339882
"FIXE (calculee sur tout l'echantillon)","Hébergement-restauration",2022-09-30,5,,0.172534150339882
"recursive, seuil 0,15 (retenue)","Information-communication",2022-09-30,0,,0.0112829099708271
"recursive, seuil 0,10","Information-communication",2022-09-30,0,,0.0112829099708271
"recursive, seuil 0,20","Information-communication",2022-09-30,0,,0.0112829099708271
"aucune selection","Information-communication",2022-09-30,0,,0.0112829099708271
"FIXE (calculee sur tout l'echantillon)","Information-communication",2022-09-30,1,,0.0112829099708271
"recursive, seuil 0,15 (retenue)","Finances et assurances",2022-09-30,5,0.00769057406516276,0.0122236867003789
"recursive, seuil 0,10","Finances et assurances",2022-09-30,5,0.00769057406516276,0.0122236867003789
"recursive, seuil 0,20","Finances et assurances",2022-09-30,5,0.00769057406516276,0.0122236867003789
"aucune selection","Finances et assurances",2022-09-30,5,0.00769057406516276,0.0122236867003789
"FIXE (calculee sur tout l'echantillon)","Finances et assurances",2022-09-30,5,0.00689364473008199,0.0122236867003789
"recursive, seuil 0,15 (retenue)","Immobilier",2022-09-30,1,0.00429152672474764,0.00192740181735829
"recursive, seuil 0,10","Immobilier",2022-09-30,1,0.00429152672474764,0.00192740181735829
"recursive, seuil 0,20","Immobilier",2022-09-30,1,0.00429152672474764,0.00192740181735829
"aucune selection","Immobilier",2022-09-30,1,0.00429152672474764,0.00192740181735829
"FIXE (calculee sur tout l'echantillon)","Immobilier",2022-09-30,2,0.00337507359068019,0.00192740181735829
"recursive, seuil 0,15 (retenue)","Agriculture",2022-12-31,0,,-0.00919879348349895
"recursive, seuil 0,10","Agriculture",2022-12-31,0,,-0.00919879348349895
"recursive, seuil 0,20","Agriculture",2022-12-31,0,,-0.00919879348349895
"aucune selection","Agriculture",2022-12-31,0,,-0.00919879348349895
"FIXE (calculee sur tout l'echantillon)","Agriculture",2022-12-31,0,,-0.00919879348349895
"recursive, seuil 0,15 (retenue)","Pêche",2022-12-31,5,-0.0835727331174942,0.537806048836181
"recursive, seuil 0,10","Pêche",2022-12-31,5,-0.0835727331174942,0.537806048836181
"recursive, seuil 0,20","Pêche",2022-12-31,5,-0.0835727331174942,0.537806048836181
"aucune selection","Pêche",2022-12-31,5,-0.0835727331174942,0.537806048836181
"FIXE (calculee sur tout l'echantillon)","Pêche",2022-12-31,5,1.33658732580397,0.537806048836181
"recursive, seuil 0,15 (retenue)","Industrie d'extraction",2022-12-31,0,,-0.216757201746969
"recursive, seuil 0,10","Industrie d'extraction",2022-12-31,0,,-0.216757201746969
"recursive, seuil 0,20","Industrie d'extraction",2022-12-31,0,,-0.216757201746969
"aucune selection","Industrie d'extraction",2022-12-31,0,,-0.216757201746969
"FIXE (calculee sur tout l'echantillon)","Industrie d'extraction",2022-12-31,5,,-0.216757201746969
"recursive, seuil 0,15 (retenue)","Industrie de transformation",2022-12-31,5,0.0268646367621442,-0.00375576483451212
"recursive, seuil 0,10","Industrie de transformation",2022-12-31,5,0.0268646367621442,-0.00375576483451212
"recursive, seuil 0,20","Industrie de transformation",2022-12-31,5,0.0268646367621442,-0.00375576483451212
"aucune selection","Industrie de transformation",2022-12-31,5,0.0268646367621442,-0.00375576483451212
"FIXE (calculee sur tout l'echantillon)","Industrie de transformation",2022-12-31,5,,-0.00375576483451212
"recursive, seuil 0,15 (retenue)","Électricité, gaz, eau",2022-12-31,5,-0.000478991256923939,-0.0308377748401991
"recursive, seuil 0,10","Électricité, gaz, eau",2022-12-31,5,-0.000478991256923939,-0.0308377748401991
"recursive, seuil 0,20","Électricité, gaz, eau",2022-12-31,5,-0.000478991256923939,-0.0308377748401991
"aucune selection","Électricité, gaz, eau",2022-12-31,5,-0.000478991256923939,-0.0308377748401991
"FIXE (calculee sur tout l'echantillon)","Électricité, gaz, eau",2022-12-31,5,-0.015715992864851,-0.0308377748401991
"recursive, seuil 0,15 (retenue)","Construction",2022-12-31,1,0.00726822875154134,-0.0138810252956052
"recursive, seuil 0,10","Construction",2022-12-31,1,0.00726822875154134,-0.0138810252956052
"recursive, seuil 0,20","Construction",2022-12-31,1,0.00726822875154134,-0.0138810252956052
"aucune selection","Construction",2022-12-31,1,0.00726822875154134,-0.0138810252956052
"FIXE (calculee sur tout l'echantillon)","Construction",2022-12-31,4,,-0.0138810252956052
"recursive, seuil 0,15 (retenue)","Commerce",2022-12-31,2,0.00318609604247535,0.0110248570649674
"recursive, seuil 0,10","Commerce",2022-12-31,2,0.00318609604247535,0.0110248570649674
"recursive, seuil 0,20","Commerce",2022-12-31,2,0.00318609604247535,0.0110248570649674
"aucune selection","Commerce",2022-12-31,2,0.00318609604247535,0.0110248570649674
"FIXE (calculee sur tout l'echantillon)","Commerce",2022-12-31,2,0.00318609604247535,0.0110248570649674
"recursive, seuil 0,15 (retenue)","Transports",2022-12-31,0,,-0.00518075012109698
"recursive, seuil 0,10","Transports",2022-12-31,0,,-0.00518075012109698
"recursive, seuil 0,20","Transports",2022-12-31,0,,-0.00518075012109698
"aucune selection","Transports",2022-12-31,0,,-0.00518075012109698
"FIXE (calculee sur tout l'echantillon)","Transports",2022-12-31,0,,-0.00518075012109698
"recursive, seuil 0,15 (retenue)","Hébergement-restauration",2022-12-31,2,0.0500778096312337,0.0347188375472669
"recursive, seuil 0,10","Hébergement-restauration",2022-12-31,2,0.0500778096312337,0.0347188375472669
"recursive, seuil 0,20","Hébergement-restauration",2022-12-31,2,0.0500778096312337,0.0347188375472669
"aucune selection","Hébergement-restauration",2022-12-31,2,0.0500778096312337,0.0347188375472669
"FIXE (calculee sur tout l'echantillon)","Hébergement-restauration",2022-12-31,5,,0.0347188375472669
"recursive, seuil 0,15 (retenue)","Information-communication",2022-12-31,0,,-0.0182958711637902
"recursive, seuil 0,10","Information-communication",2022-12-31,0,,-0.0182958711637902
"recursive, seuil 0,20","Information-communication",2022-12-31,0,,-0.0182958711637902
"aucune selection","Information-communication",2022-12-31,0,,-0.0182958711637902
"FIXE (calculee sur tout l'echantillon)","Information-communication",2022-12-31,1,,-0.0182958711637902
"recursive, seuil 0,15 (retenue)","Finances et assurances",2022-12-31,5,0.00964811436399565,0.00818990746985371
"recursive, seuil 0,10","Finances et assurances",2022-12-31,5,0.00964811436399565,0.00818990746985371
"recursive, seuil 0,20","Finances et assurances",2022-12-31,5,0.00964811436399565,0.00818990746985371
"aucune selection","Finances et assurances",2022-12-31,5,0.00964811436399565,0.00818990746985371
"FIXE (calculee sur tout l'echantillon)","Finances et assurances",2022-12-31,5,0.00964811436399565,0.00818990746985371
"recursive, seuil 0,15 (retenue)","Immobilier",2022-12-31,2,0.00369381507350868,0.00286217020537194
"recursive, seuil 0,10","Immobilier",2022-12-31,2,0.00369381507350868,0.00286217020537194
"recursive, seuil 0,20","Immobilier",2022-12-31,2,0.00369381507350868,0.00286217020537194
"aucune selection","Immobilier",2022-12-31,2,0.00369381507350868,0.00286217020537194
"FIXE (calculee sur tout l'echantillon)","Immobilier",2022-12-31,3,0.00103156000728364,0.00286217020537194
"recursive, seuil 0,15 (retenue)","Agriculture",2023-03-31,0,,0.0350757280012495
"recursive, seuil 0,10","Agriculture",2023-03-31,0,,0.0350757280012495
"recursive, seuil 0,20","Agriculture",2023-03-31,0,,0.0350757280012495
"aucune selection","Agriculture",2023-03-31,0,,0.0350757280012495
"FIXE (calculee sur tout l'echantillon)","Agriculture",2023-03-31,0,,0.0350757280012495
"recursive, seuil 0,15 (retenue)","Pêche",2023-03-31,2,-0.233236574592725,-0.196422814008341
"recursive, seuil 0,10","Pêche",2023-03-31,2,-0.233236574592725,-0.196422814008341
"recursive, seuil 0,20","Pêche",2023-03-31,2,-0.233236574592725,-0.196422814008341
"aucune selection","Pêche",2023-03-31,2,-0.233236574592725,-0.196422814008341
"FIXE (calculee sur tout l'echantillon)","Pêche",2023-03-31,5,,-0.196422814008341
"recursive, seuil 0,15 (retenue)","Industrie d'extraction",2023-03-31,0,,0.0973621473997142
"recursive, seuil 0,10","Industrie d'extraction",2023-03-31,0,,0.0973621473997142
"recursive, seuil 0,20","Industrie d'extraction",2023-03-31,0,,0.0973621473997142
"aucune selection","Industrie d'extraction",2023-03-31,0,,0.0973621473997142
"FIXE (calculee sur tout l'echantillon)","Industrie d'extraction",2023-03-31,5,,0.0973621473997142
"recursive, seuil 0,15 (retenue)","Industrie de transformation",2023-03-31,5,0.0108348570943338,0.00769564383733545
"recursive, seuil 0,10","Industrie de transformation",2023-03-31,5,0.0108348570943338,0.00769564383733545
"recursive, seuil 0,20","Industrie de transformation",2023-03-31,5,0.0108348570943338,0.00769564383733545
"aucune selection","Industrie de transformation",2023-03-31,5,0.0108348570943338,0.00769564383733545
"FIXE (calculee sur tout l'echantillon)","Industrie de transformation",2023-03-31,5,,0.00769564383733545
"recursive, seuil 0,15 (retenue)","Électricité, gaz, eau",2023-03-31,5,-0.00826184993932349,-0.122401604802485
"recursive, seuil 0,10","Électricité, gaz, eau",2023-03-31,5,-0.00826184993932349,-0.122401604802485
"recursive, seuil 0,20","Électricité, gaz, eau",2023-03-31,5,-0.00826184993932349,-0.122401604802485
"aucune selection","Électricité, gaz, eau",2023-03-31,5,-0.00826184993932349,-0.122401604802485
"FIXE (calculee sur tout l'echantillon)","Électricité, gaz, eau",2023-03-31,5,-0.0651884518029534,-0.122401604802485
"recursive, seuil 0,15 (retenue)","Construction",2023-03-31,0,,0.0264176726138974
"recursive, seuil 0,10","Construction",2023-03-31,0,,0.0264176726138974
"recursive, seuil 0,20","Construction",2023-03-31,0,,0.0264176726138974
"aucune selection","Construction",2023-03-31,0,,0.0264176726138974
"FIXE (calculee sur tout l'echantillon)","Construction",2023-03-31,4,,0.0264176726138974
"recursive, seuil 0,15 (retenue)","Commerce",2023-03-31,2,0.0380483273277775,0.0160767305589786
"recursive, seuil 0,10","Commerce",2023-03-31,2,0.0380483273277775,0.0160767305589786
"recursive, seuil 0,20","Commerce",2023-03-31,2,0.0380483273277775,0.0160767305589786
"aucune selection","Commerce",2023-03-31,2,0.0380483273277775,0.0160767305589786
"FIXE (calculee sur tout l'echantillon)","Commerce",2023-03-31,5,-0.00160624481122297,0.0160767305589786
"recursive, seuil 0,15 (retenue)","Transports",2023-03-31,0,,0.0341097935940446
"recursive, seuil 0,10","Transports",2023-03-31,0,,0.0341097935940446
"recursive, seuil 0,20","Transports",2023-03-31,0,,0.0341097935940446
"aucune selection","Transports",2023-03-31,0,,0.0341097935940446
"FIXE (calculee sur tout l'echantillon)","Transports",2023-03-31,0,,0.0341097935940446
"recursive, seuil 0,15 (retenue)","Hébergement-restauration",2023-03-31,4,0.00558422891684236,0.0350713189035368
"recursive, seuil 0,10","Hébergement-restauration",2023-03-31,4,0.00558422891684236,0.0350713189035368
"recursive, seuil 0,20","Hébergement-restauration",2023-03-31,4,0.00558422891684236,0.0350713189035368
"aucune selection","Hébergement-restauration",2023-03-31,4,0.00558422891684236,0.0350713189035368
"FIXE (calculee sur tout l'echantillon)","Hébergement-restauration",2023-03-31,5,,0.0350713189035368
"recursive, seuil 0,15 (retenue)","Information-communication",2023-03-31,0,,0.0550902776591649
"recursive, seuil 0,10","Information-communication",2023-03-31,0,,0.0550902776591649
"recursive, seuil 0,20","Information-communication",2023-03-31,0,,0.0550902776591649
"aucune selection","Information-communication",2023-03-31,0,,0.0550902776591649
"FIXE (calculee sur tout l'echantillon)","Information-communication",2023-03-31,1,,0.0550902776591649
"recursive, seuil 0,15 (retenue)","Finances et assurances",2023-03-31,5,-1.20055992339081e-05,0.0177076136496304
"recursive, seuil 0,10","Finances et assurances",2023-03-31,5,-1.20055992339081e-05,0.0177076136496304
"recursive, seuil 0,20","Finances et assurances",2023-03-31,5,-1.20055992339081e-05,0.0177076136496304
"aucune selection","Finances et assurances",2023-03-31,5,-1.20055992339081e-05,0.0177076136496304
"FIXE (calculee sur tout l'echantillon)","Finances et assurances",2023-03-31,5,-1.20055992339081e-05,0.0177076136496304
"recursive, seuil 0,15 (retenue)","Immobilier",2023-03-31,3,0.00109480325196024,0.0186492473499342
"recursive, seuil 0,10","Immobilier",2023-03-31,3,0.00109480325196024,0.0186492473499342
"recursive, seuil 0,20","Immobilier",2023-03-31,3,0.00109480325196024,0.0186492473499342
"aucune selection","Immobilier",2023-03-31,3,0.00109480325196024,0.0186492473499342
"FIXE (calculee sur tout l'echantillon)","Immobilier",2023-03-31,1,0.00489361782058104,0.0186492473499342
"recursive, seuil 0,15 (retenue)","Agriculture",2023-06-30,0,,-0.0122701816794795
"recursive, seuil 0,10","Agriculture",2023-06-30,0,,-0.0122701816794795
"recursive, seuil 0,20","Agriculture",2023-06-30,0,,-0.0122701816794795
"aucune selection","Agriculture",2023-06-30,0,,-0.0122701816794795
"FIXE (calculee sur tout l'echantillon)","Agriculture",2023-06-30,0,,-0.0122701816794795
"recursive, seuil 0,15 (retenue)","Pêche",2023-06-30,2,0.0939366606527572,0.108653138186501
"recursive, seuil 0,10","Pêche",2023-06-30,2,0.0939366606527572,0.108653138186501
"recursive, seuil 0,20","Pêche",2023-06-30,2,0.0939366606527572,0.108653138186501
"aucune selection","Pêche",2023-06-30,2,0.0939366606527572,0.108653138186501
"FIXE (calculee sur tout l'echantillon)","Pêche",2023-06-30,5,,0.108653138186501
"recursive, seuil 0,15 (retenue)","Industrie d'extraction",2023-06-30,0,,2.03357431196594e-05
"recursive, seuil 0,10","Industrie d'extraction",2023-06-30,0,,2.03357431196594e-05
"recursive, seuil 0,20","Industrie d'extraction",2023-06-30,0,,2.03357431196594e-05
"aucune selection","Industrie d'extraction",2023-06-30,0,,2.03357431196594e-05
"FIXE (calculee sur tout l'echantillon)","Industrie d'extraction",2023-06-30,5,,2.03357431196594e-05
"recursive, seuil 0,15 (retenue)","Industrie de transformation",2023-06-30,5,-0.028353963316946,-0.0170061439275049
"recursive, seuil 0,10","Industrie de transformation",2023-06-30,5,-0.028353963316946,-0.0170061439275049
"recursive, seuil 0,20","Industrie de transformation",2023-06-30,5,-0.028353963316946,-0.0170061439275049
"aucune selection","Industrie de transformation",2023-06-30,5,-0.028353963316946,-0.0170061439275049
"FIXE (calculee sur tout l'echantillon)","Industrie de transformation",2023-06-30,5,,-0.0170061439275049
"recursive, seuil 0,15 (retenue)","Électricité, gaz, eau",2023-06-30,5,0.0990488169951148,0.0472201858772916
"recursive, seuil 0,10","Électricité, gaz, eau",2023-06-30,5,0.0990488169951148,0.0472201858772916
"recursive, seuil 0,20","Électricité, gaz, eau",2023-06-30,5,0.0990488169951148,0.0472201858772916
"aucune selection","Électricité, gaz, eau",2023-06-30,5,0.0990488169951148,0.0472201858772916
"FIXE (calculee sur tout l'echantillon)","Électricité, gaz, eau",2023-06-30,5,0.0990488169951148,0.0472201858772916
"recursive, seuil 0,15 (retenue)","Construction",2023-06-30,0,,0.00252741405244095
"recursive, seuil 0,10","Construction",2023-06-30,0,,0.00252741405244095
"recursive, seuil 0,20","Construction",2023-06-30,0,,0.00252741405244095
"aucune selection","Construction",2023-06-30,0,,0.00252741405244095
"FIXE (calculee sur tout l'echantillon)","Construction",2023-06-30,4,,0.00252741405244095
"recursive, seuil 0,15 (retenue)","Commerce",2023-06-30,4,0.00846172700813452,0.00646517716538497
"recursive, seuil 0,10","Commerce",2023-06-30,4,0.00846172700813452,0.00646517716538497
"recursive, seuil 0,20","Commerce",2023-06-30,4,0.00846172700813452,0.00646517716538497
"aucune selection","Commerce",2023-06-30,4,0.00846172700813452,0.00646517716538497
"FIXE (calculee sur tout l'echantillon)","Commerce",2023-06-30,5,,0.00646517716538497
"recursive, seuil 0,15 (retenue)","Transports",2023-06-30,0,,0.0106539923050857
"recursive, seuil 0,10","Transports",2023-06-30,0,,0.0106539923050857
"recursive, seuil 0,20","Transports",2023-06-30,0,,0.0106539923050857
"aucune selection","Transports",2023-06-30,0,,0.0106539923050857
"FIXE (calculee sur tout l'echantillon)","Transports",2023-06-30,0,,0.0106539923050857
"recursive, seuil 0,15 (retenue)","Hébergement-restauration",2023-06-30,4,0.0353145468047548,0.0285381802766143
"recursive, seuil 0,10","Hébergement-restauration",2023-06-30,4,0.0353145468047548,0.0285381802766143
"recursive, seuil 0,20","Hébergement-restauration",2023-06-30,4,0.0353145468047548,0.0285381802766143
"aucune selection","Hébergement-restauration",2023-06-30,4,0.0353145468047548,0.0285381802766143
"FIXE (calculee sur tout l'echantillon)","Hébergement-restauration",2023-06-30,5,,0.0285381802766143
"recursive, seuil 0,15 (retenue)","Information-communication",2023-06-30,0,,0.0108067356801964
"recursive, seuil 0,10","Information-communication",2023-06-30,0,,0.0108067356801964
"recursive, seuil 0,20","Information-communication",2023-06-30,0,,0.0108067356801964
"aucune selection","Information-communication",2023-06-30,0,,0.0108067356801964
"FIXE (calculee sur tout l'echantillon)","Information-communication",2023-06-30,1,,0.0108067356801964
"recursive, seuil 0,15 (retenue)","Finances et assurances",2023-06-30,5,0.012705237901042,0.0142309413674457
"recursive, seuil 0,10","Finances et assurances",2023-06-30,5,0.012705237901042,0.0142309413674457
"recursive, seuil 0,20","Finances et assurances",2023-06-30,5,0.012705237901042,0.0142309413674457
"aucune selection","Finances et assurances",2023-06-30,5,0.012705237901042,0.0142309413674457
"FIXE (calculee sur tout l'echantillon)","Finances et assurances",2023-06-30,5,0.012705237901042,0.0142309413674457
"recursive, seuil 0,15 (retenue)","Immobilier",2023-06-30,1,0.0100737449420033,0.00433516318523708
"recursive, seuil 0,10","Immobilier",2023-06-30,1,0.0100737449420033,0.00433516318523708
"recursive, seuil 0,20","Immobilier",2023-06-30,1,0.0100737449420033,0.00433516318523708
"aucune selection","Immobilier",2023-06-30,1,0.0100737449420033,0.00433516318523708
"FIXE (calculee sur tout l'echantillon)","Immobilier",2023-06-30,1,0.0100737449420033,0.00433516318523708
"recursive, seuil 0,15 (retenue)","Agriculture",2023-09-30,0,,-0.00378759914928928
"recursive, seuil 0,10","Agriculture",2023-09-30,0,,-0.00378759914928928
"recursive, seuil 0,20","Agriculture",2023-09-30,0,,-0.00378759914928928
"aucune selection","Agriculture",2023-09-30,0,,-0.00378759914928928
"FIXE (calculee sur tout l'echantillon)","Agriculture",2023-09-30,0,,-0.00378759914928928
"recursive, seuil 0,15 (retenue)","Pêche",2023-09-30,2,-0.14216795958843,0.0833031314032056
"recursive, seuil 0,10","Pêche",2023-09-30,2,-0.14216795958843,0.0833031314032056
"recursive, seuil 0,20","Pêche",2023-09-30,2,-0.14216795958843,0.0833031314032056
"aucune selection","Pêche",2023-09-30,2,-0.14216795958843,0.0833031314032056
"FIXE (calculee sur tout l'echantillon)","Pêche",2023-09-30,5,,0.0833031314032056
"recursive, seuil 0,15 (retenue)","Industrie d'extraction",2023-09-30,0,,0.0733392840223264
"recursive, seuil 0,10","Industrie d'extraction",2023-09-30,0,,0.0733392840223264
"recursive, seuil 0,20","Industrie d'extraction",2023-09-30,0,,0.0733392840223264
"aucune selection","Industrie d'extraction",2023-09-30,0,,0.0733392840223264
"FIXE (calculee sur tout l'echantillon)","Industrie d'extraction",2023-09-30,5,,0.0733392840223264
"recursive, seuil 0,15 (retenue)","Industrie de transformation",2023-09-30,5,0.0436347775951176,0.0317188158621384
"recursive, seuil 0,10","Industrie de transformation",2023-09-30,5,0.0436347775951176,0.0317188158621384
"recursive, seuil 0,20","Industrie de transformation",2023-09-30,5,0.0436347775951176,0.0317188158621384
"aucune selection","Industrie de transformation",2023-09-30,5,0.0436347775951176,0.0317188158621384
"FIXE (calculee sur tout l'echantillon)","Industrie de transformation",2023-09-30,5,,0.0317188158621384
"recursive, seuil 0,15 (retenue)","Électricité, gaz, eau",2023-09-30,5,-0.0209729535490743,0.00207719445817389
"recursive, seuil 0,10","Électricité, gaz, eau",2023-09-30,5,-0.0209729535490743,0.00207719445817389
"recursive, seuil 0,20","Électricité, gaz, eau",2023-09-30,5,-0.0209729535490743,0.00207719445817389
"aucune selection","Électricité, gaz, eau",2023-09-30,5,-0.0209729535490743,0.00207719445817389
"FIXE (calculee sur tout l'echantillon)","Électricité, gaz, eau",2023-09-30,5,-0.0209729535490743,0.00207719445817389
"recursive, seuil 0,15 (retenue)","Construction",2023-09-30,0,,0.00248876146185317
"recursive, seuil 0,10","Construction",2023-09-30,0,,0.00248876146185317
"recursive, seuil 0,20","Construction",2023-09-30,0,,0.00248876146185317
"aucune selection","Construction",2023-09-30,0,,0.00248876146185317
"FIXE (calculee sur tout l'echantillon)","Construction",2023-09-30,4,,0.00248876146185317
"recursive, seuil 0,15 (retenue)","Commerce",2023-09-30,4,0.00248065802581014,0.00237756549880963
"recursive, seuil 0,10","Commerce",2023-09-30,4,0.00248065802581014,0.00237756549880963
"recursive, seuil 0,20","Commerce",2023-09-30,4,0.00248065802581014,0.00237756549880963
"aucune selection","Commerce",2023-09-30,4,0.00248065802581014,0.00237756549880963
"FIXE (calculee sur tout l'echantillon)","Commerce",2023-09-30,5,,0.00237756549880963
"recursive, seuil 0,15 (retenue)","Transports",2023-09-30,0,,0.00294728832205848
"recursive, seuil 0,10","Transports",2023-09-30,0,,0.00294728832205848
"recursive, seuil 0,20","Transports",2023-09-30,0,,0.00294728832205848
"aucune selection","Transports",2023-09-30,0,,0.00294728832205848
"FIXE (calculee sur tout l'echantillon)","Transports",2023-09-30,0,,0.00294728832205848
"recursive, seuil 0,15 (retenue)","Hébergement-restauration",2023-09-30,4,-0.00629483183251466,0.0131680998376478
"recursive, seuil 0,10","Hébergement-restauration",2023-09-30,4,-0.00629483183251466,0.0131680998376478
"recursive, seuil 0,20","Hébergement-restauration",2023-09-30,4,-0.00629483183251466,0.0131680998376478
"aucune selection","Hébergement-restauration",2023-09-30,4,-0.00629483183251466,0.0131680998376478
"FIXE (calculee sur tout l'echantillon)","Hébergement-restauration",2023-09-30,5,,0.0131680998376478
"recursive, seuil 0,15 (retenue)","Information-communication",2023-09-30,0,,-0.00473773465213512
"recursive, seuil 0,10","Information-communication",2023-09-30,0,,-0.00473773465213512
"recursive, seuil 0,20","Information-communication",2023-09-30,0,,-0.00473773465213512
"aucune selection","Information-communication",2023-09-30,0,,-0.00473773465213512
"FIXE (calculee sur tout l'echantillon)","Information-communication",2023-09-30,1,,-0.00473773465213512
"recursive, seuil 0,15 (retenue)","Finances et assurances",2023-09-30,5,0.0089274151931457,0.0138611051650379
"recursive, seuil 0,10","Finances et assurances",2023-09-30,5,0.0089274151931457,0.0138611051650379
"recursive, seuil 0,20","Finances et assurances",2023-09-30,5,0.0089274151931457,0.0138611051650379
"aucune selection","Finances et assurances",2023-09-30,5,0.0089274151931457,0.0138611051650379
"FIXE (calculee sur tout l'echantillon)","Finances et assurances",2023-09-30,5,0.0089274151931457,0.0138611051650379
"recursive, seuil 0,15 (retenue)","Immobilier",2023-09-30,1,0.00607178191878477,0.000940152450292331
"recursive, seuil 0,10","Immobilier",2023-09-30,1,0.00607178191878477,0.000940152450292331
"recursive, seuil 0,20","Immobilier",2023-09-30,1,0.00607178191878477,0.000940152450292331
"aucune selection","Immobilier",2023-09-30,1,0.00607178191878477,0.000940152450292331
"FIXE (calculee sur tout l'echantillon)","Immobilier",2023-09-30,1,0.00607178191878477,0.000940152450292331
"recursive, seuil 0,15 (retenue)","Agriculture",2023-12-31,0,,-0.00788085316350973
"recursive, seuil 0,10","Agriculture",2023-12-31,0,,-0.00788085316350973
"recursive, seuil 0,20","Agriculture",2023-12-31,0,,-0.00788085316350973
"aucune selection","Agriculture",2023-12-31,0,,-0.00788085316350973
"FIXE (calculee sur tout l'echantillon)","Agriculture",2023-12-31,0,,-0.00788085316350973
"recursive, seuil 0,15 (retenue)","Pêche",2023-12-31,5,0.119179712660825,-0.169722558184949
"recursive, seuil 0,10","Pêche",2023-12-31,5,0.119179712660825,-0.169722558184949
"recursive, seuil 0,20","Pêche",2023-12-31,5,0.119179712660825,-0.169722558184949
"aucune selection","Pêche",2023-12-31,5,0.119179712660825,-0.169722558184949
"FIXE (calculee sur tout l'echantillon)","Pêche",2023-12-31,5,-0.10038681348463,-0.169722558184949
"recursive, seuil 0,15 (retenue)","Industrie d'extraction",2023-12-31,0,,0.113749741354164
"recursive, seuil 0,10","Industrie d'extraction",2023-12-31,0,,0.113749741354164
"recursive, seuil 0,20","Industrie d'extraction",2023-12-31,0,,0.113749741354164
"aucune selection","Industrie d'extraction",2023-12-31,0,,0.113749741354164
"FIXE (calculee sur tout l'echantillon)","Industrie d'extraction",2023-12-31,5,,0.113749741354164
"recursive, seuil 0,15 (retenue)","Industrie de transformation",2023-12-31,5,0.00515458362962121,0.0560799603193818
"recursive, seuil 0,10","Industrie de transformation",2023-12-31,5,0.00515458362962121,0.0560799603193818
"recursive, seuil 0,20","Industrie de transformation",2023-12-31,5,0.00515458362962121,0.0560799603193818
"aucune selection","Industrie de transformation",2023-12-31,5,0.00515458362962121,0.0560799603193818
"FIXE (calculee sur tout l'echantillon)","Industrie de transformation",2023-12-31,5,,0.0560799603193818
"recursive, seuil 0,15 (retenue)","Électricité, gaz, eau",2023-12-31,5,-0.0340996930856143,-0.0104818116311538
"recursive, seuil 0,10","Électricité, gaz, eau",2023-12-31,5,-0.0340996930856143,-0.0104818116311538
"recursive, seuil 0,20","Électricité, gaz, eau",2023-12-31,5,-0.0340996930856143,-0.0104818116311538
"aucune selection","Électricité, gaz, eau",2023-12-31,5,-0.0340996930856143,-0.0104818116311538
"FIXE (calculee sur tout l'echantillon)","Électricité, gaz, eau",2023-12-31,5,-0.0340996930856143,-0.0104818116311538
"recursive, seuil 0,15 (retenue)","Construction",2023-12-31,0,,0.00486264809430104
"recursive, seuil 0,10","Construction",2023-12-31,0,,0.00486264809430104
"recursive, seuil 0,20","Construction",2023-12-31,0,,0.00486264809430104
"aucune selection","Construction",2023-12-31,0,,0.00486264809430104
"FIXE (calculee sur tout l'echantillon)","Construction",2023-12-31,4,,0.00486264809430104
"recursive, seuil 0,15 (retenue)","Commerce",2023-12-31,4,-0.0130629818131524,0.00844315463132972
"recursive, seuil 0,10","Commerce",2023-12-31,4,-0.0130629818131524,0.00844315463132972
"recursive, seuil 0,20","Commerce",2023-12-31,4,-0.0130629818131524,0.00844315463132972
"aucune selection","Commerce",2023-12-31,4,-0.0130629818131524,0.00844315463132972
"FIXE (calculee sur tout l'echantillon)","Commerce",2023-12-31,5,,0.00844315463132972
"recursive, seuil 0,15 (retenue)","Transports",2023-12-31,0,,0.0143046496502013
"recursive, seuil 0,10","Transports",2023-12-31,0,,0.0143046496502013
"recursive, seuil 0,20","Transports",2023-12-31,0,,0.0143046496502013
"aucune selection","Transports",2023-12-31,0,,0.0143046496502013
"FIXE (calculee sur tout l'echantillon)","Transports",2023-12-31,0,,0.0143046496502013
"recursive, seuil 0,15 (retenue)","Hébergement-restauration",2023-12-31,4,0.0194779488576625,0.00454308251082303
"recursive, seuil 0,10","Hébergement-restauration",2023-12-31,4,0.0194779488576625,0.00454308251082303
"recursive, seuil 0,20","Hébergement-restauration",2023-12-31,4,0.0194779488576625,0.00454308251082303
"aucune selection","Hébergement-restauration",2023-12-31,4,0.0194779488576625,0.00454308251082303
"FIXE (calculee sur tout l'echantillon)","Hébergement-restauration",2023-12-31,5,,0.00454308251082303
"recursive, seuil 0,15 (retenue)","Information-communication",2023-12-31,0,,-0.000895282531592656
"recursive, seuil 0,10","Information-communication",2023-12-31,0,,-0.000895282531592656
"recursive, seuil 0,20","Information-communication",2023-12-31,0,,-0.000895282531592656
"aucune selection","Information-communication",2023-12-31,0,,-0.000895282531592656
"FIXE (calculee sur tout l'echantillon)","Information-communication",2023-12-31,1,,-0.000895282531592656
"recursive, seuil 0,15 (retenue)","Finances et assurances",2023-12-31,5,0.015446143669662,0.0205123675274645
"recursive, seuil 0,10","Finances et assurances",2023-12-31,5,0.015446143669662,0.0205123675274645
"recursive, seuil 0,20","Finances et assurances",2023-12-31,5,0.015446143669662,0.0205123675274645
"aucune selection","Finances et assurances",2023-12-31,5,0.015446143669662,0.0205123675274645
"FIXE (calculee sur tout l'echantillon)","Finances et assurances",2023-12-31,5,0.0156954706941482,0.0205123675274645
"recursive, seuil 0,15 (retenue)","Immobilier",2023-12-31,1,0.00556139768099844,0.00367575702520995
"recursive, seuil 0,10","Immobilier",2023-12-31,1,0.00556139768099844,0.00367575702520995
"recursive, seuil 0,20","Immobilier",2023-12-31,1,0.00556139768099844,0.00367575702520995
"aucune selection","Immobilier",2023-12-31,1,0.00556139768099844,0.00367575702520995
"FIXE (calculee sur tout l'echantillon)","Immobilier",2023-12-31,1,0.00556139768099844,0.00367575702520995
"recursive, seuil 0,15 (retenue)","Agriculture",2024-03-31,0,,-0.0365847420386523
"recursive, seuil 0,10","Agriculture",2024-03-31,0,,-0.0365847420386523
"recursive, seuil 0,20","Agriculture",2024-03-31,0,,-0.0365847420386523
"aucune selection","Agriculture",2024-03-31,0,,-0.0365847420386523
"FIXE (calculee sur tout l'echantillon)","Agriculture",2024-03-31,0,,-0.0365847420386523
"recursive, seuil 0,15 (retenue)","Pêche",2024-03-31,5,0.101784256985919,0.137736263229147
"recursive, seuil 0,10","Pêche",2024-03-31,5,0.101784256985919,0.137736263229147
"recursive, seuil 0,20","Pêche",2024-03-31,5,0.101784256985919,0.137736263229147
"aucune selection","Pêche",2024-03-31,5,0.101784256985919,0.137736263229147
"FIXE (calculee sur tout l'echantillon)","Pêche",2024-03-31,5,0.242383484063604,0.137736263229147
"recursive, seuil 0,15 (retenue)","Industrie d'extraction",2024-03-31,0,,-0.0252607257677209
"recursive, seuil 0,10","Industrie d'extraction",2024-03-31,0,,-0.0252607257677209
"recursive, seuil 0,20","Industrie d'extraction",2024-03-31,0,,-0.0252607257677209
"aucune selection","Industrie d'extraction",2024-03-31,0,,-0.0252607257677209
"FIXE (calculee sur tout l'echantillon)","Industrie d'extraction",2024-03-31,5,,-0.0252607257677209
"recursive, seuil 0,15 (retenue)","Industrie de transformation",2024-03-31,5,-0.0260774869606473,-0.0663244948448725
"recursive, seuil 0,10","Industrie de transformation",2024-03-31,5,-0.0260774869606473,-0.0663244948448725
"recursive, seuil 0,20","Industrie de transformation",2024-03-31,5,-0.0260774869606473,-0.0663244948448725
"aucune selection","Industrie de transformation",2024-03-31,5,-0.0260774869606473,-0.0663244948448725
"FIXE (calculee sur tout l'echantillon)","Industrie de transformation",2024-03-31,5,,-0.0663244948448725
"recursive, seuil 0,15 (retenue)","Électricité, gaz, eau",2024-03-31,5,-0.0493506247170769,0.0293667797510366
"recursive, seuil 0,10","Électricité, gaz, eau",2024-03-31,5,-0.0493506247170769,0.0293667797510366
"recursive, seuil 0,20","Électricité, gaz, eau",2024-03-31,5,-0.0493506247170769,0.0293667797510366
"aucune selection","Électricité, gaz, eau",2024-03-31,5,-0.0493506247170769,0.0293667797510366
"FIXE (calculee sur tout l'echantillon)","Électricité, gaz, eau",2024-03-31,5,-0.0493506247170769,0.0293667797510366
"recursive, seuil 0,15 (retenue)","Construction",2024-03-31,1,0.00651160728073925,0.0243786805323758
"recursive, seuil 0,10","Construction",2024-03-31,1,0.00651160728073925,0.0243786805323758
"recursive, seuil 0,20","Construction",2024-03-31,1,0.00651160728073925,0.0243786805323758
"aucune selection","Construction",2024-03-31,1,0.00651160728073925,0.0243786805323758
"FIXE (calculee sur tout l'echantillon)","Construction",2024-03-31,4,,0.0243786805323758
"recursive, seuil 0,15 (retenue)","Commerce",2024-03-31,4,-0.00547634998857171,0.0184637520602795
"recursive, seuil 0,10","Commerce",2024-03-31,4,-0.00547634998857171,0.0184637520602795
"recursive, seuil 0,20","Commerce",2024-03-31,4,-0.00547634998857171,0.0184637520602795
"aucune selection","Commerce",2024-03-31,4,-0.00547634998857171,0.0184637520602795
"FIXE (calculee sur tout l'echantillon)","Commerce",2024-03-31,5,,0.0184637520602795
"recursive, seuil 0,15 (retenue)","Transports",2024-03-31,0,,0.0448609908773161
"recursive, seuil 0,10","Transports",2024-03-31,0,,0.0448609908773161
"recursive, seuil 0,20","Transports",2024-03-31,0,,0.0448609908773161
"aucune selection","Transports",2024-03-31,0,,0.0448609908773161
"FIXE (calculee sur tout l'echantillon)","Transports",2024-03-31,0,,0.0448609908773161
"recursive, seuil 0,15 (retenue)","Hébergement-restauration",2024-03-31,4,0.00950734229153208,-0.0256302512562794
"recursive, seuil 0,10","Hébergement-restauration",2024-03-31,4,0.00950734229153208,-0.0256302512562794
"recursive, seuil 0,20","Hébergement-restauration",2024-03-31,4,0.00950734229153208,-0.0256302512562794
"aucune selection","Hébergement-restauration",2024-03-31,4,0.00950734229153208,-0.0256302512562794
"FIXE (calculee sur tout l'echantillon)","Hébergement-restauration",2024-03-31,5,,-0.0256302512562794
"recursive, seuil 0,15 (retenue)","Information-communication",2024-03-31,0,,0.026793324234438
"recursive, seuil 0,10","Information-communication",2024-03-31,0,,0.026793324234438
"recursive, seuil 0,20","Information-communication",2024-03-31,0,,0.026793324234438
"aucune selection","Information-communication",2024-03-31,0,,0.026793324234438
"FIXE (calculee sur tout l'echantillon)","Information-communication",2024-03-31,1,,0.026793324234438
"recursive, seuil 0,15 (retenue)","Finances et assurances",2024-03-31,5,0.00914137971047391,0.034226988537851
"recursive, seuil 0,10","Finances et assurances",2024-03-31,5,0.00914137971047391,0.034226988537851
"recursive, seuil 0,20","Finances et assurances",2024-03-31,5,0.00914137971047391,0.034226988537851
"aucune selection","Finances et assurances",2024-03-31,5,0.00914137971047391,0.034226988537851
"FIXE (calculee sur tout l'echantillon)","Finances et assurances",2024-03-31,5,0.0109055115323511,0.034226988537851
"recursive, seuil 0,15 (retenue)","Immobilier",2024-03-31,1,0.00586900462505929,0.019358859355199
"recursive, seuil 0,10","Immobilier",2024-03-31,1,0.00586900462505929,0.019358859355199
"recursive, seuil 0,20","Immobilier",2024-03-31,1,0.00586900462505929,0.019358859355199
"aucune selection","Immobilier",2024-03-31,1,0.00586900462505929,0.019358859355199
"FIXE (calculee sur tout l'echantillon)","Immobilier",2024-03-31,1,0.00586900462505929,0.019358859355199
"recursive, seuil 0,15 (retenue)","Agriculture",2024-06-30,0,,-0.00664188506091534
"recursive, seuil 0,10","Agriculture",2024-06-30,0,,-0.00664188506091534
"recursive, seuil 0,20","Agriculture",2024-06-30,0,,-0.00664188506091534
"aucune selection","Agriculture",2024-06-30,0,,-0.00664188506091534
"FIXE (calculee sur tout l'echantillon)","Agriculture",2024-06-30,0,,-0.00664188506091534
"recursive, seuil 0,15 (retenue)","Pêche",2024-06-30,5,-0.118788753190517,-0.124393100066797
"recursive, seuil 0,10","Pêche",2024-06-30,5,-0.118788753190517,-0.124393100066797
"recursive, seuil 0,20","Pêche",2024-06-30,5,-0.118788753190517,-0.124393100066797
"aucune selection","Pêche",2024-06-30,5,-0.118788753190517,-0.124393100066797
"FIXE (calculee sur tout l'echantillon)","Pêche",2024-06-30,5,-0.112838286589867,-0.124393100066797
"recursive, seuil 0,15 (retenue)","Industrie d'extraction",2024-06-30,0,,0.0070152744335843
"recursive, seuil 0,10","Industrie d'extraction",2024-06-30,0,,0.0070152744335843
"recursive, seuil 0,20","Industrie d'extraction",2024-06-30,0,,0.0070152744335843
"aucune selection","Industrie d'extraction",2024-06-30,0,,0.0070152744335843
"FIXE (calculee sur tout l'echantillon)","Industrie d'extraction",2024-06-30,5,,0.0070152744335843
"recursive, seuil 0,15 (retenue)","Industrie de transformation",2024-06-30,5,-0.00734812545648909,-0.00790860641250291
"recursive, seuil 0,10","Industrie de transformation",2024-06-30,5,-0.00734812545648909,-0.00790860641250291
"recursive, seuil 0,20","Industrie de transformation",2024-06-30,5,-0.00734812545648909,-0.00790860641250291
"aucune selection","Industrie de transformation",2024-06-30,5,-0.00734812545648909,-0.00790860641250291
"FIXE (calculee sur tout l'echantillon)","Industrie de transformation",2024-06-30,5,,-0.00790860641250291
"recursive, seuil 0,15 (retenue)","Électricité, gaz, eau",2024-06-30,5,-0.10604753380695,-0.0474179307558522
"recursive, seuil 0,10","Électricité, gaz, eau",2024-06-30,5,-0.10604753380695,-0.0474179307558522
"recursive, seuil 0,20","Électricité, gaz, eau",2024-06-30,5,-0.10604753380695,-0.0474179307558522
"aucune selection","Électricité, gaz, eau",2024-06-30,5,-0.10604753380695,-0.0474179307558522
"FIXE (calculee sur tout l'echantillon)","Électricité, gaz, eau",2024-06-30,5,-0.10604753380695,-0.0474179307558522
"recursive, seuil 0,15 (retenue)","Construction",2024-06-30,1,0.00832276804843119,0.0131434129712957
"recursive, seuil 0,10","Construction",2024-06-30,1,0.00832276804843119,0.0131434129712957
"recursive, seuil 0,20","Construction",2024-06-30,1,0.00832276804843119,0.0131434129712957
"aucune selection","Construction",2024-06-30,1,0.00832276804843119,0.0131434129712957
"FIXE (calculee sur tout l'echantillon)","Construction",2024-06-30,4,,0.0131434129712957
"recursive, seuil 0,15 (retenue)","Commerce",2024-06-30,4,0.0249396992725347,0.000290896215341618
"recursive, seuil 0,10","Commerce",2024-06-30,4,0.0249396992725347,0.000290896215341618
"recursive, seuil 0,20","Commerce",2024-06-30,4,0.0249396992725347,0.000290896215341618
"aucune selection","Commerce",2024-06-30,4,0.0249396992725347,0.000290896215341618
"FIXE (calculee sur tout l'echantillon)","Commerce",2024-06-30,5,,0.000290896215341618
"recursive, seuil 0,15 (retenue)","Transports",2024-06-30,0,,0.0233315106872372
"recursive, seuil 0,10","Transports",2024-06-30,0,,0.0233315106872372
"recursive, seuil 0,20","Transports",2024-06-30,0,,0.0233315106872372
"aucune selection","Transports",2024-06-30,0,,0.0233315106872372
"FIXE (calculee sur tout l'echantillon)","Transports",2024-06-30,0,,0.0233315106872372
"recursive, seuil 0,15 (retenue)","Hébergement-restauration",2024-06-30,4,0.0195095223795384,0.0863211664480215
"recursive, seuil 0,10","Hébergement-restauration",2024-06-30,4,0.0195095223795384,0.0863211664480215
"recursive, seuil 0,20","Hébergement-restauration",2024-06-30,4,0.0195095223795384,0.0863211664480215
"aucune selection","Hébergement-restauration",2024-06-30,4,0.0195095223795384,0.0863211664480215
"FIXE (calculee sur tout l'echantillon)","Hébergement-restauration",2024-06-30,5,,0.0863211664480215
"recursive, seuil 0,15 (retenue)","Information-communication",2024-06-30,0,,0.001257668725545
"recursive, seuil 0,10","Information-communication",2024-06-30,0,,0.001257668725545
"recursive, seuil 0,20","Information-communication",2024-06-30,0,,0.001257668725545
"aucune selection","Information-communication",2024-06-30,0,,0.001257668725545
"FIXE (calculee sur tout l'echantillon)","Information-communication",2024-06-30,1,,0.001257668725545
"recursive, seuil 0,15 (retenue)","Finances et assurances",2024-06-30,5,0.00762439433470097,0.00677789865920531
"recursive, seuil 0,10","Finances et assurances",2024-06-30,5,0.00762439433470097,0.00677789865920531
"recursive, seuil 0,20","Finances et assurances",2024-06-30,5,0.00762439433470097,0.00677789865920531
"aucune selection","Finances et assurances",2024-06-30,5,0.00762439433470097,0.00677789865920531
"FIXE (calculee sur tout l'echantillon)","Finances et assurances",2024-06-30,5,0.00762439433470097,0.00677789865920531
"recursive, seuil 0,15 (retenue)","Immobilier",2024-06-30,1,0.0105257638186839,0.00208616686757601
"recursive, seuil 0,10","Immobilier",2024-06-30,1,0.0105257638186839,0.00208616686757601
"recursive, seuil 0,20","Immobilier",2024-06-30,1,0.0105257638186839,0.00208616686757601
"aucune selection","Immobilier",2024-06-30,1,0.0105257638186839,0.00208616686757601
"FIXE (calculee sur tout l'echantillon)","Immobilier",2024-06-30,1,0.0105257638186839,0.00208616686757601
"recursive, seuil 0,15 (retenue)","Agriculture",2024-09-30,0,,-0.0112104142680227
"recursive, seuil 0,10","Agriculture",2024-09-30,0,,-0.0112104142680227
"recursive, seuil 0,20","Agriculture",2024-09-30,0,,-0.0112104142680227
"aucune selection","Agriculture",2024-09-30,0,,-0.0112104142680227
"FIXE (calculee sur tout l'echantillon)","Agriculture",2024-09-30,0,,-0.0112104142680227
"recursive, seuil 0,15 (retenue)","Pêche",2024-09-30,5,0.102960075004747,0.3409847439024
"recursive, seuil 0,10","Pêche",2024-09-30,5,0.102960075004747,0.3409847439024
"recursive, seuil 0,20","Pêche",2024-09-30,5,0.102960075004747,0.3409847439024
"aucune selection","Pêche",2024-09-30,5,0.102960075004747,0.3409847439024
"FIXE (calculee sur tout l'echantillon)","Pêche",2024-09-30,5,0.102960075004747,0.3409847439024
"recursive, seuil 0,15 (retenue)","Industrie d'extraction",2024-09-30,0,,0.022117053793357
"recursive, seuil 0,10","Industrie d'extraction",2024-09-30,0,,0.022117053793357
"recursive, seuil 0,20","Industrie d'extraction",2024-09-30,0,,0.022117053793357
"aucune selection","Industrie d'extraction",2024-09-30,0,,0.022117053793357
"FIXE (calculee sur tout l'echantillon)","Industrie d'extraction",2024-09-30,5,,0.022117053793357
"recursive, seuil 0,15 (retenue)","Industrie de transformation",2024-09-30,5,0.00601156816402094,0.069343487988764
"recursive, seuil 0,10","Industrie de transformation",2024-09-30,5,0.00601156816402094,0.069343487988764
"recursive, seuil 0,20","Industrie de transformation",2024-09-30,5,0.00601156816402094,0.069343487988764
"aucune selection","Industrie de transformation",2024-09-30,5,0.00601156816402094,0.069343487988764
"FIXE (calculee sur tout l'echantillon)","Industrie de transformation",2024-09-30,5,,0.069343487988764
"recursive, seuil 0,15 (retenue)","Électricité, gaz, eau",2024-09-30,5,0.148439612898679,0.100587875391312
"recursive, seuil 0,10","Électricité, gaz, eau",2024-09-30,5,0.148439612898679,0.100587875391312
"recursive, seuil 0,20","Électricité, gaz, eau",2024-09-30,5,0.148439612898679,0.100587875391312
"aucune selection","Électricité, gaz, eau",2024-09-30,5,0.148439612898679,0.100587875391312
"FIXE (calculee sur tout l'echantillon)","Électricité, gaz, eau",2024-09-30,5,0.148439612898679,0.100587875391312
"recursive, seuil 0,15 (retenue)","Construction",2024-09-30,1,0.0141307021754891,0.0334036782533733
"recursive, seuil 0,10","Construction",2024-09-30,1,0.0141307021754891,0.0334036782533733
"recursive, seuil 0,20","Construction",2024-09-30,1,0.0141307021754891,0.0334036782533733
"aucune selection","Construction",2024-09-30,1,0.0141307021754891,0.0334036782533733
"FIXE (calculee sur tout l'echantillon)","Construction",2024-09-30,4,,0.0334036782533733
"recursive, seuil 0,15 (retenue)","Commerce",2024-09-30,4,0.0142707161940185,0.0154439711545749
"recursive, seuil 0,10","Commerce",2024-09-30,4,0.0142707161940185,0.0154439711545749
"recursive, seuil 0,20","Commerce",2024-09-30,4,0.0142707161940185,0.0154439711545749
"aucune selection","Commerce",2024-09-30,4,0.0142707161940185,0.0154439711545749
"FIXE (calculee sur tout l'echantillon)","Commerce",2024-09-30,5,,0.0154439711545749
"recursive, seuil 0,15 (retenue)","Transports",2024-09-30,0,,-0.000696765512168795
"recursive, seuil 0,10","Transports",2024-09-30,0,,-0.000696765512168795
"recursive, seuil 0,20","Transports",2024-09-30,0,,-0.000696765512168795
"aucune selection","Transports",2024-09-30,0,,-0.000696765512168795
"FIXE (calculee sur tout l'echantillon)","Transports",2024-09-30,0,,-0.000696765512168795
"recursive, seuil 0,15 (retenue)","Hébergement-restauration",2024-09-30,4,0.0170247586772006,0.0395958337321503
"recursive, seuil 0,10","Hébergement-restauration",2024-09-30,4,0.0170247586772006,0.0395958337321503
"recursive, seuil 0,20","Hébergement-restauration",2024-09-30,4,0.0170247586772006,0.0395958337321503
"aucune selection","Hébergement-restauration",2024-09-30,4,0.0170247586772006,0.0395958337321503
"FIXE (calculee sur tout l'echantillon)","Hébergement-restauration",2024-09-30,5,,0.0395958337321503
"recursive, seuil 0,15 (retenue)","Information-communication",2024-09-30,0,,-0.00629426164916325
"recursive, seuil 0,10","Information-communication",2024-09-30,0,,-0.00629426164916325
"recursive, seuil 0,20","Information-communication",2024-09-30,0,,-0.00629426164916325
"aucune selection","Information-communication",2024-09-30,0,,-0.00629426164916325
"FIXE (calculee sur tout l'echantillon)","Information-communication",2024-09-30,1,,-0.00629426164916325
"recursive, seuil 0,15 (retenue)","Finances et assurances",2024-09-30,5,0.0112759014454074,0.0307983277209374
"recursive, seuil 0,10","Finances et assurances",2024-09-30,5,0.0112759014454074,0.0307983277209374
"recursive, seuil 0,20","Finances et assurances",2024-09-30,5,0.0112759014454074,0.0307983277209374
"aucune selection","Finances et assurances",2024-09-30,5,0.0112759014454074,0.0307983277209374
"FIXE (calculee sur tout l'echantillon)","Finances et assurances",2024-09-30,5,0.0112759014454074,0.0307983277209374
"recursive, seuil 0,15 (retenue)","Immobilier",2024-09-30,1,0.00619924932945757,0.000572003912662211
"recursive, seuil 0,10","Immobilier",2024-09-30,1,0.00619924932945757,0.000572003912662211
"recursive, seuil 0,20","Immobilier",2024-09-30,1,0.00619924932945757,0.000572003912662211
"aucune selection","Immobilier",2024-09-30,1,0.00619924932945757,0.000572003912662211
"FIXE (calculee sur tout l'echantillon)","Immobilier",2024-09-30,1,0.00619924932945757,0.000572003912662211
"recursive, seuil 0,15 (retenue)","Agriculture",2024-12-31,0,,-0.00435261931916919
"recursive, seuil 0,10","Agriculture",2024-12-31,0,,-0.00435261931916919
"recursive, seuil 0,20","Agriculture",2024-12-31,0,,-0.00435261931916919
"aucune selection","Agriculture",2024-12-31,0,,-0.00435261931916919
"FIXE (calculee sur tout l'echantillon)","Agriculture",2024-12-31,0,,-0.00435261931916919
"recursive, seuil 0,15 (retenue)","Pêche",2024-12-31,5,-0.244753780244325,-0.314903192186618
"recursive, seuil 0,10","Pêche",2024-12-31,5,-0.244753780244325,-0.314903192186618
"recursive, seuil 0,20","Pêche",2024-12-31,5,-0.244753780244325,-0.314903192186618
"aucune selection","Pêche",2024-12-31,5,-0.244753780244325,-0.314903192186618
"FIXE (calculee sur tout l'echantillon)","Pêche",2024-12-31,5,-0.31767704870327,-0.314903192186618
"recursive, seuil 0,15 (retenue)","Industrie d'extraction",2024-12-31,0,,-0.0056609646746999
"recursive, seuil 0,10","Industrie d'extraction",2024-12-31,0,,-0.0056609646746999
"recursive, seuil 0,20","Industrie d'extraction",2024-12-31,0,,-0.0056609646746999
"aucune selection","Industrie d'extraction",2024-12-31,0,,-0.0056609646746999
"FIXE (calculee sur tout l'echantillon)","Industrie d'extraction",2024-12-31,5,,-0.0056609646746999
"recursive, seuil 0,15 (retenue)","Industrie de transformation",2024-12-31,5,0.00965940027328168,0.0165418381598617
"recursive, seuil 0,10","Industrie de transformation",2024-12-31,5,0.00965940027328168,0.0165418381598617
"recursive, seuil 0,20","Industrie de transformation",2024-12-31,5,0.00965940027328168,0.0165418381598617
"aucune selection","Industrie de transformation",2024-12-31,5,0.00965940027328168,0.0165418381598617
"FIXE (calculee sur tout l'echantillon)","Industrie de transformation",2024-12-31,5,,0.0165418381598617
"recursive, seuil 0,15 (retenue)","Électricité, gaz, eau",2024-12-31,5,-0.0181548207644432,0.0115181001740545
"recursive, seuil 0,10","Électricité, gaz, eau",2024-12-31,5,-0.0181548207644432,0.0115181001740545
"recursive, seuil 0,20","Électricité, gaz, eau",2024-12-31,5,-0.0181548207644432,0.0115181001740545
"aucune selection","Électricité, gaz, eau",2024-12-31,5,-0.0181548207644432,0.0115181001740545
"FIXE (calculee sur tout l'echantillon)","Électricité, gaz, eau",2024-12-31,5,-0.0177045377233067,0.0115181001740545
"recursive, seuil 0,15 (retenue)","Construction",2024-12-31,1,0.0152973212008605,0.00587796447580935
"recursive, seuil 0,10","Construction",2024-12-31,1,0.0152973212008605,0.00587796447580935
"recursive, seuil 0,20","Construction",2024-12-31,1,0.0152973212008605,0.00587796447580935
"aucune selection","Construction",2024-12-31,1,0.0152973212008605,0.00587796447580935
"FIXE (calculee sur tout l'echantillon)","Construction",2024-12-31,4,,0.00587796447580935
"recursive, seuil 0,15 (retenue)","Commerce",2024-12-31,4,0.0108351905687779,0.00571468262867647
"recursive, seuil 0,10","Commerce",2024-12-31,4,0.0108351905687779,0.00571468262867647
"recursive, seuil 0,20","Commerce",2024-12-31,4,0.0108351905687779,0.00571468262867647
"aucune selection","Commerce",2024-12-31,4,0.0108351905687779,0.00571468262867647
"FIXE (calculee sur tout l'echantillon)","Commerce",2024-12-31,5,,0.00571468262867647
"recursive, seuil 0,15 (retenue)","Transports",2024-12-31,0,,0.0179385719466758
"recursive, seuil 0,10","Transports",2024-12-31,0,,0.0179385719466758
"recursive, seuil 0,20","Transports",2024-12-31,0,,0.0179385719466758
"aucune selection","Transports",2024-12-31,0,,0.0179385719466758
"FIXE (calculee sur tout l'echantillon)","Transports",2024-12-31,0,,0.0179385719466758
"recursive, seuil 0,15 (retenue)","Hébergement-restauration",2024-12-31,4,0.0317940255334045,0.0126078965454273
"recursive, seuil 0,10","Hébergement-restauration",2024-12-31,4,0.0317940255334045,0.0126078965454273
"recursive, seuil 0,20","Hébergement-restauration",2024-12-31,4,0.0317940255334045,0.0126078965454273
"aucune selection","Hébergement-restauration",2024-12-31,4,0.0317940255334045,0.0126078965454273
"FIXE (calculee sur tout l'echantillon)","Hébergement-restauration",2024-12-31,5,,0.0126078965454273
"recursive, seuil 0,15 (retenue)","Information-communication",2024-12-31,0,,0.0171119883477697
"recursive, seuil 0,10","Information-communication",2024-12-31,0,,0.0171119883477697
"recursive, seuil 0,20","Information-communication",2024-12-31,0,,0.0171119883477697
"aucune selection","Information-communication",2024-12-31,0,,0.0171119883477697
"FIXE (calculee sur tout l'echantillon)","Information-communication",2024-12-31,1,,0.0171119883477697
"recursive, seuil 0,15 (retenue)","Finances et assurances",2024-12-31,5,0.0122312097495603,0.024404004984877
"recursive, seuil 0,10","Finances et assurances",2024-12-31,5,0.0122312097495603,0.024404004984877
"recursive, seuil 0,20","Finances et assurances",2024-12-31,5,0.0122312097495603,0.024404004984877
"aucune selection","Finances et assurances",2024-12-31,5,0.0122312097495603,0.024404004984877
"FIXE (calculee sur tout l'echantillon)","Finances et assurances",2024-12-31,5,0.0122312097495603,0.024404004984877
"recursive, seuil 0,15 (retenue)","Immobilier",2024-12-31,1,0.00585394020780085,0.00271140021348693
"recursive, seuil 0,10","Immobilier",2024-12-31,1,0.00585394020780085,0.00271140021348693
"recursive, seuil 0,20","Immobilier",2024-12-31,1,0.00585394020780085,0.00271140021348693
"aucune selection","Immobilier",2024-12-31,1,0.00585394020780085,0.00271140021348693
"FIXE (calculee sur tout l'echantillon)","Immobilier",2024-12-31,1,0.00585394020780085,0.00271140021348693
"recursive, seuil 0,15 (retenue)","Agriculture",2025-03-31,0,,0.100359632990509
"recursive, seuil 0,10","Agriculture",2025-03-31,0,,0.100359632990509
"recursive, seuil 0,20","Agriculture",2025-03-31,0,,0.100359632990509
"aucune selection","Agriculture",2025-03-31,0,,0.100359632990509
"FIXE (calculee sur tout l'echantillon)","Agriculture",2025-03-31,1,0.0342507052308856,0.100359632990509
"recursive, seuil 0,15 (retenue)","Pêche",2025-03-31,5,0.158925208365223,0.0879705045311976
"recursive, seuil 0,10","Pêche",2025-03-31,5,0.158925208365223,0.0879705045311976
"recursive, seuil 0,20","Pêche",2025-03-31,5,0.158925208365223,0.0879705045311976
"aucune selection","Pêche",2025-03-31,5,0.158925208365223,0.0879705045311976
"FIXE (calculee sur tout l'echantillon)","Pêche",2025-03-31,5,0.158925208365223,0.0879705045311976
"recursive, seuil 0,15 (retenue)","Industrie d'extraction",2025-03-31,0,,0.0657933092045351
"recursive, seuil 0,10","Industrie d'extraction",2025-03-31,0,,0.0657933092045351
"recursive, seuil 0,20","Industrie d'extraction",2025-03-31,0,,0.0657933092045351
"aucune selection","Industrie d'extraction",2025-03-31,0,,0.0657933092045351
"FIXE (calculee sur tout l'echantillon)","Industrie d'extraction",2025-03-31,5,,0.0657933092045351
"recursive, seuil 0,15 (retenue)","Industrie de transformation",2025-03-31,5,0.00588859773187257,-0.0681965626927639
"recursive, seuil 0,10","Industrie de transformation",2025-03-31,5,0.00588859773187257,-0.0681965626927639
"recursive, seuil 0,20","Industrie de transformation",2025-03-31,5,0.00588859773187257,-0.0681965626927639
"aucune selection","Industrie de transformation",2025-03-31,5,0.00588859773187257,-0.0681965626927639
"FIXE (calculee sur tout l'echantillon)","Industrie de transformation",2025-03-31,5,,-0.0681965626927639
"recursive, seuil 0,15 (retenue)","Électricité, gaz, eau",2025-03-31,5,-0.0348711403798002,-0.0640900842189289
"recursive, seuil 0,10","Électricité, gaz, eau",2025-03-31,5,-0.0348711403798002,-0.0640900842189289
"recursive, seuil 0,20","Électricité, gaz, eau",2025-03-31,5,-0.0348711403798002,-0.0640900842189289
"aucune selection","Électricité, gaz, eau",2025-03-31,5,-0.0348711403798002,-0.0640900842189289
"FIXE (calculee sur tout l'echantillon)","Électricité, gaz, eau",2025-03-31,5,-0.0297726973537514,-0.0640900842189289
"recursive, seuil 0,15 (retenue)","Construction",2025-03-31,1,0.00316123251367846,0.0164348782556303
"recursive, seuil 0,10","Construction",2025-03-31,1,0.00316123251367846,0.0164348782556303
"recursive, seuil 0,20","Construction",2025-03-31,1,0.00316123251367846,0.0164348782556303
"aucune selection","Construction",2025-03-31,1,0.00316123251367846,0.0164348782556303
"FIXE (calculee sur tout l'echantillon)","Construction",2025-03-31,4,,0.0164348782556303
"recursive, seuil 0,15 (retenue)","Commerce",2025-03-31,4,-0.0317439232694599,0.0248772545888567
"recursive, seuil 0,10","Commerce",2025-03-31,4,-0.0317439232694599,0.0248772545888567
"recursive, seuil 0,20","Commerce",2025-03-31,4,-0.0317439232694599,0.0248772545888567
"aucune selection","Commerce",2025-03-31,4,-0.0317439232694599,0.0248772545888567
"FIXE (calculee sur tout l'echantillon)","Commerce",2025-03-31,5,,0.0248772545888567
"recursive, seuil 0,15 (retenue)","Transports",2025-03-31,0,,-2.13944930589349e-05
"recursive, seuil 0,10","Transports",2025-03-31,0,,-2.13944930589349e-05
"recursive, seuil 0,20","Transports",2025-03-31,0,,-2.13944930589349e-05
"aucune selection","Transports",2025-03-31,0,,-2.13944930589349e-05
"FIXE (calculee sur tout l'echantillon)","Transports",2025-03-31,0,,-2.13944930589349e-05
"recursive, seuil 0,15 (retenue)","Hébergement-restauration",2025-03-31,4,-0.00388961466410976,-0.0551888649837782
"recursive, seuil 0,10","Hébergement-restauration",2025-03-31,4,-0.00388961466410976,-0.0551888649837782
"recursive, seuil 0,20","Hébergement-restauration",2025-03-31,4,-0.00388961466410976,-0.0551888649837782
"aucune selection","Hébergement-restauration",2025-03-31,4,-0.00388961466410976,-0.0551888649837782
"FIXE (calculee sur tout l'echantillon)","Hébergement-restauration",2025-03-31,5,,-0.0551888649837782
"recursive, seuil 0,15 (retenue)","Information-communication",2025-03-31,0,,-0.0293164263615733
"recursive, seuil 0,10","Information-communication",2025-03-31,0,,-0.0293164263615733
"recursive, seuil 0,20","Information-communication",2025-03-31,0,,-0.0293164263615733
"aucune selection","Information-communication",2025-03-31,0,,-0.0293164263615733
"FIXE (calculee sur tout l'echantillon)","Information-communication",2025-03-31,1,,-0.0293164263615733
"recursive, seuil 0,15 (retenue)","Finances et assurances",2025-03-31,5,0.00920249232823694,-0.00576523644903126
"recursive, seuil 0,10","Finances et assurances",2025-03-31,5,0.00920249232823694,-0.00576523644903126
"recursive, seuil 0,20","Finances et assurances",2025-03-31,5,0.00920249232823694,-0.00576523644903126
"aucune selection","Finances et assurances",2025-03-31,5,0.00920249232823694,-0.00576523644903126
"FIXE (calculee sur tout l'echantillon)","Finances et assurances",2025-03-31,5,0.00856397792460374,-0.00576523644903126
"recursive, seuil 0,15 (retenue)","Immobilier",2025-03-31,1,0.00565209955152338,0.0241904984463055
"recursive, seuil 0,10","Immobilier",2025-03-31,1,0.00565209955152338,0.0241904984463055
"recursive, seuil 0,20","Immobilier",2025-03-31,1,0.00565209955152338,0.0241904984463055
"aucune selection","Immobilier",2025-03-31,1,0.00565209955152338,0.0241904984463055
"FIXE (calculee sur tout l'echantillon)","Immobilier",2025-03-31,1,0.00565209955152338,0.0241904984463055
"recursive, seuil 0,15 (retenue)","Agriculture",2025-06-30,1,0.00656075547029465,-0.00473311427913181
"recursive, seuil 0,10","Agriculture",2025-06-30,1,0.00656075547029465,-0.00473311427913181
"recursive, seuil 0,20","Agriculture",2025-06-30,1,0.00656075547029465,-0.00473311427913181
"aucune selection","Agriculture",2025-06-30,1,0.00656075547029465,-0.00473311427913181
"FIXE (calculee sur tout l'echantillon)","Agriculture",2025-06-30,1,0.00656075547029465,-0.00473311427913181
"recursive, seuil 0,15 (retenue)","Pêche",2025-06-30,5,-0.0541439672183927,-0.202438183367684
"recursive, seuil 0,10","Pêche",2025-06-30,5,-0.0541439672183927,-0.202438183367684
"recursive, seuil 0,20","Pêche",2025-06-30,5,-0.0541439672183927,-0.202438183367684
"aucune selection","Pêche",2025-06-30,5,-0.0541439672183927,-0.202438183367684
"FIXE (calculee sur tout l'echantillon)","Pêche",2025-06-30,5,-0.2307601037307,-0.202438183367684
"recursive, seuil 0,15 (retenue)","Industrie d'extraction",2025-06-30,0,,0.046428686738258
"recursive, seuil 0,10","Industrie d'extraction",2025-06-30,0,,0.046428686738258
"recursive, seuil 0,20","Industrie d'extraction",2025-06-30,0,,0.046428686738258
"aucune selection","Industrie d'extraction",2025-06-30,0,,0.046428686738258
"FIXE (calculee sur tout l'echantillon)","Industrie d'extraction",2025-06-30,5,,0.046428686738258
"recursive, seuil 0,15 (retenue)","Industrie de transformation",2025-06-30,3,0.061075971100905,0.0247579899121657
"recursive, seuil 0,10","Industrie de transformation",2025-06-30,3,0.061075971100905,0.0247579899121657
"recursive, seuil 0,20","Industrie de transformation",2025-06-30,3,0.061075971100905,0.0247579899121657
"aucune selection","Industrie de transformation",2025-06-30,3,0.061075971100905,0.0247579899121657
"FIXE (calculee sur tout l'echantillon)","Industrie de transformation",2025-06-30,5,,0.0247579899121657
"recursive, seuil 0,15 (retenue)","Électricité, gaz, eau",2025-06-30,5,-0.0152142825329786,-0.0109469608200001
"recursive, seuil 0,10","Électricité, gaz, eau",2025-06-30,5,-0.0152142825329786,-0.0109469608200001
"recursive, seuil 0,20","Électricité, gaz, eau",2025-06-30,5,-0.0152142825329786,-0.0109469608200001
"aucune selection","Électricité, gaz, eau",2025-06-30,5,-0.0152142825329786,-0.0109469608200001
"FIXE (calculee sur tout l'echantillon)","Électricité, gaz, eau",2025-06-30,5,-0.0194538309945932,-0.0109469608200001
"recursive, seuil 0,15 (retenue)","Construction",2025-06-30,1,0.0108388218715777,0.0173260458459641
"recursive, seuil 0,10","Construction",2025-06-30,1,0.0108388218715777,0.0173260458459641
"recursive, seuil 0,20","Construction",2025-06-30,1,0.0108388218715777,0.0173260458459641
"aucune selection","Construction",2025-06-30,1,0.0108388218715777,0.0173260458459641
"FIXE (calculee sur tout l'echantillon)","Construction",2025-06-30,4,,0.0173260458459641
"recursive, seuil 0,15 (retenue)","Commerce",2025-06-30,3,0.0367073438997774,0.00124917416875725
"recursive, seuil 0,10","Commerce",2025-06-30,3,0.0367073438997774,0.00124917416875725
"recursive, seuil 0,20","Commerce",2025-06-30,3,0.0367073438997774,0.00124917416875725
"aucune selection","Commerce",2025-06-30,3,0.0367073438997774,0.00124917416875725
"FIXE (calculee sur tout l'echantillon)","Commerce",2025-06-30,5,,0.00124917416875725
"recursive, seuil 0,15 (retenue)","Transports",2025-06-30,0,,0.0262253345690056
"recursive, seuil 0,10","Transports",2025-06-30,0,,0.0262253345690056
"recursive, seuil 0,20","Transports",2025-06-30,0,,0.0262253345690056
"aucune selection","Transports",2025-06-30,0,,0.0262253345690056
"FIXE (calculee sur tout l'echantillon)","Transports",2025-06-30,0,,0.0262253345690056
"recursive, seuil 0,15 (retenue)","Hébergement-restauration",2025-06-30,4,0.0172703728167106,0.0935791648916222
"recursive, seuil 0,10","Hébergement-restauration",2025-06-30,4,0.0172703728167106,0.0935791648916222
"recursive, seuil 0,20","Hébergement-restauration",2025-06-30,4,0.0172703728167106,0.0935791648916222
"aucune selection","Hébergement-restauration",2025-06-30,4,0.0172703728167106,0.0935791648916222
"FIXE (calculee sur tout l'echantillon)","Hébergement-restauration",2025-06-30,5,,0.0935791648916222
"recursive, seuil 0,15 (retenue)","Information-communication",2025-06-30,0,,0.0212659373554622
"recursive, seuil 0,10","Information-communication",2025-06-30,0,,0.0212659373554622
"recursive, seuil 0,20","Information-communication",2025-06-30,0,,0.0212659373554622
"aucune selection","Information-communication",2025-06-30,0,,0.0212659373554622
"FIXE (calculee sur tout l'echantillon)","Information-communication",2025-06-30,1,,0.0212659373554622
"recursive, seuil 0,15 (retenue)","Finances et assurances",2025-06-30,5,0.0148897825327998,-0.000740007216192495
"recursive, seuil 0,10","Finances et assurances",2025-06-30,5,0.0148897825327998,-0.000740007216192495
"recursive, seuil 0,20","Finances et assurances",2025-06-30,5,0.0148897825327998,-0.000740007216192495
"aucune selection","Finances et assurances",2025-06-30,5,0.0148897825327998,-0.000740007216192495
"FIXE (calculee sur tout l'echantillon)","Finances et assurances",2025-06-30,5,0.0148897825327998,-0.000740007216192495
"recursive, seuil 0,15 (retenue)","Immobilier",2025-06-30,1,0.011654571422743,0.00225126559195132
"recursive, seuil 0,10","Immobilier",2025-06-30,1,0.011654571422743,0.00225126559195132
"recursive, seuil 0,20","Immobilier",2025-06-30,1,0.011654571422743,0.00225126559195132
"aucune selection","Immobilier",2025-06-30,1,0.011654571422743,0.00225126559195132
"FIXE (calculee sur tout l'echantillon)","Immobilier",2025-06-30,1,0.011654571422743,0.00225126559195132
"recursive, seuil 0,15 (retenue)","Agriculture",2025-09-30,1,-0.0330851831818066,-0.0140787530247088
"recursive, seuil 0,10","Agriculture",2025-09-30,1,-0.0330851831818066,-0.0140787530247088
"recursive, seuil 0,20","Agriculture",2025-09-30,1,-0.0330851831818066,-0.0140787530247088
"aucune selection","Agriculture",2025-09-30,1,-0.0330851831818066,-0.0140787530247088
"FIXE (calculee sur tout l'echantillon)","Agriculture",2025-09-30,1,-0.0330851831818066,-0.0140787530247088
"recursive, seuil 0,15 (retenue)","Pêche",2025-09-30,5,0.316889583772723,0.141488674493727
"recursive, seuil 0,10","Pêche",2025-09-30,5,0.316889583772723,0.141488674493727
"recursive, seuil 0,20","Pêche",2025-09-30,5,0.316889583772723,0.141488674493727
"aucune selection","Pêche",2025-09-30,5,0.316889583772723,0.141488674493727
"FIXE (calculee sur tout l'echantillon)","Pêche",2025-09-30,5,0.389126715831775,0.141488674493727
"recursive, seuil 0,15 (retenue)","Industrie d'extraction",2025-09-30,0,,-0.0306857679206729
"recursive, seuil 0,10","Industrie d'extraction",2025-09-30,0,,-0.0306857679206729
"recursive, seuil 0,20","Industrie d'extraction",2025-09-30,0,,-0.0306857679206729
"aucune selection","Industrie d'extraction",2025-09-30,0,,-0.0306857679206729
"FIXE (calculee sur tout l'echantillon)","Industrie d'extraction",2025-09-30,5,,-0.0306857679206729
"recursive, seuil 0,15 (retenue)","Industrie de transformation",2025-09-30,3,-0.00182100464399518,0.0308834262611075
"recursive, seuil 0,10","Industrie de transformation",2025-09-30,3,-0.00182100464399518,0.0308834262611075
"recursive, seuil 0,20","Industrie de transformation",2025-09-30,3,-0.00182100464399518,0.0308834262611075
"aucune selection","Industrie de transformation",2025-09-30,3,-0.00182100464399518,0.0308834262611075
"FIXE (calculee sur tout l'echantillon)","Industrie de transformation",2025-09-30,5,,0.0308834262611075
"recursive, seuil 0,15 (retenue)","Électricité, gaz, eau",2025-09-30,5,0.0633024102063966,0.0726483567256153
"recursive, seuil 0,10","Électricité, gaz, eau",2025-09-30,5,0.0633024102063966,0.0726483567256153
"recursive, seuil 0,20","Électricité, gaz, eau",2025-09-30,5,0.0633024102063966,0.0726483567256153
"aucune selection","Électricité, gaz, eau",2025-09-30,5,0.0633024102063966,0.0726483567256153
"FIXE (calculee sur tout l'echantillon)","Électricité, gaz, eau",2025-09-30,5,0.0639457550233027,0.0726483567256153
"recursive, seuil 0,15 (retenue)","Construction",2025-09-30,1,0.0140341164722111,0.0230301767543057
"recursive, seuil 0,10","Construction",2025-09-30,1,0.0140341164722111,0.0230301767543057
"recursive, seuil 0,20","Construction",2025-09-30,1,0.0140341164722111,0.0230301767543057
"aucune selection","Construction",2025-09-30,1,0.0140341164722111,0.0230301767543057
"FIXE (calculee sur tout l'echantillon)","Construction",2025-09-30,4,,0.0230301767543057
"recursive, seuil 0,15 (retenue)","Commerce",2025-09-30,3,0.00174419218789182,0.00388237799968039
"recursive, seuil 0,10","Commerce",2025-09-30,3,0.00174419218789182,0.00388237799968039
"recursive, seuil 0,20","Commerce",2025-09-30,3,0.00174419218789182,0.00388237799968039
"aucune selection","Commerce",2025-09-30,3,0.00174419218789182,0.00388237799968039
"FIXE (calculee sur tout l'echantillon)","Commerce",2025-09-30,5,,0.00388237799968039
"recursive, seuil 0,15 (retenue)","Transports",2025-09-30,0,,-0.00840283920981122
"recursive, seuil 0,10","Transports",2025-09-30,0,,-0.00840283920981122
"recursive, seuil 0,20","Transports",2025-09-30,0,,-0.00840283920981122
"aucune selection","Transports",2025-09-30,0,,-0.00840283920981122
"FIXE (calculee sur tout l'echantillon)","Transports",2025-09-30,0,,-0.00840283920981122
"recursive, seuil 0,15 (retenue)","Hébergement-restauration",2025-09-30,2,0.0262398094871825,0.0109571254893179
"recursive, seuil 0,10","Hébergement-restauration",2025-09-30,2,0.0262398094871825,0.0109571254893179
"recursive, seuil 0,20","Hébergement-restauration",2025-09-30,2,0.0262398094871825,0.0109571254893179
"aucune selection","Hébergement-restauration",2025-09-30,2,0.0262398094871825,0.0109571254893179
"FIXE (calculee sur tout l'echantillon)","Hébergement-restauration",2025-09-30,5,,0.0109571254893179
"recursive, seuil 0,15 (retenue)","Information-communication",2025-09-30,0,,-0.0160974475343618
"recursive, seuil 0,10","Information-communication",2025-09-30,0,,-0.0160974475343618
"recursive, seuil 0,20","Information-communication",2025-09-30,0,,-0.0160974475343618
"aucune selection","Information-communication",2025-09-30,0,,-0.0160974475343618
"FIXE (calculee sur tout l'echantillon)","Information-communication",2025-09-30,1,,-0.0160974475343618
"recursive, seuil 0,15 (retenue)","Finances et assurances",2025-09-30,5,0.00779309587077296,0.0383171453817219
"recursive, seuil 0,10","Finances et assurances",2025-09-30,5,0.00779309587077296,0.0383171453817219
"recursive, seuil 0,20","Finances et assurances",2025-09-30,5,0.00779309587077296,0.0383171453817219
"aucune selection","Finances et assurances",2025-09-30,5,0.00779309587077296,0.0383171453817219
"FIXE (calculee sur tout l'echantillon)","Finances et assurances",2025-09-30,5,,0.0383171453817219
"recursive, seuil 0,15 (retenue)","Immobilier",2025-09-30,1,0.00612765007284394,0.00139883513399042
"recursive, seuil 0,10","Immobilier",2025-09-30,1,0.00612765007284394,0.00139883513399042
"recursive, seuil 0,20","Immobilier",2025-09-30,1,0.00612765007284394,0.00139883513399042
"aucune selection","Immobilier",2025-09-30,1,0.00612765007284394,0.00139883513399042
"FIXE (calculee sur tout l'echantillon)","Immobilier",2025-09-30,1,0.00612765007284394,0.00139883513399042
"recursive, seuil 0,15 (retenue)","Agriculture",2025-12-31,1,0.0678155983840635,-0.00148214583971118
"recursive, seuil 0,10","Agriculture",2025-12-31,1,0.0678155983840635,-0.00148214583971118
"recursive, seuil 0,20","Agriculture",2025-12-31,1,0.0678155983840635,-0.00148214583971118
"aucune selection","Agriculture",2025-12-31,1,0.0678155983840635,-0.00148214583971118
"FIXE (calculee sur tout l'echantillon)","Agriculture",2025-12-31,1,0.0678155983840635,-0.00148214583971118
"recursive, seuil 0,15 (retenue)","Pêche",2025-12-31,5,-0.213568481189205,-0.181089428496749
"recursive, seuil 0,10","Pêche",2025-12-31,5,-0.213568481189205,-0.181089428496749
"recursive, seuil 0,20","Pêche",2025-12-31,5,-0.213568481189205,-0.181089428496749
"aucune selection","Pêche",2025-12-31,5,-0.213568481189205,-0.181089428496749
"FIXE (calculee sur tout l'echantillon)","Pêche",2025-12-31,5,-0.289924252817251,-0.181089428496749
"recursive, seuil 0,15 (retenue)","Industrie d'extraction",2025-12-31,0,,-0.0912476795593946
"recursive, seuil 0,10","Industrie d'extraction",2025-12-31,0,,-0.0912476795593946
"recursive, seuil 0,20","Industrie d'extraction",2025-12-31,0,,-0.0912476795593946
"aucune selection","Industrie d'extraction",2025-12-31,0,,-0.0912476795593946
"FIXE (calculee sur tout l'echantillon)","Industrie d'extraction",2025-12-31,5,,-0.0912476795593946
"recursive, seuil 0,15 (retenue)","Industrie de transformation",2025-12-31,2,0.0140351617250281,0.0330754169078045
"recursive, seuil 0,10","Industrie de transformation",2025-12-31,2,0.0140351617250281,0.0330754169078045
"recursive, seuil 0,20","Industrie de transformation",2025-12-31,2,0.0140351617250281,0.0330754169078045
"aucune selection","Industrie de transformation",2025-12-31,2,0.0140351617250281,0.0330754169078045
"FIXE (calculee sur tout l'echantillon)","Industrie de transformation",2025-12-31,5,,0.0330754169078045
"recursive, seuil 0,15 (retenue)","Électricité, gaz, eau",2025-12-31,5,-0.0171577828859962,-0.0191714590402032
"recursive, seuil 0,10","Électricité, gaz, eau",2025-12-31,5,-0.0171577828859962,-0.0191714590402032
"recursive, seuil 0,20","Électricité, gaz, eau",2025-12-31,5,-0.0171577828859962,-0.0191714590402032
"aucune selection","Électricité, gaz, eau",2025-12-31,5,-0.0171577828859962,-0.0191714590402032
"FIXE (calculee sur tout l'echantillon)","Électricité, gaz, eau",2025-12-31,5,-0.010916866777561,-0.0191714590402032
"recursive, seuil 0,15 (retenue)","Construction",2025-12-31,1,0.0105856215655104,-0.000376710311417838
"recursive, seuil 0,10","Construction",2025-12-31,1,0.0105856215655104,-0.000376710311417838
"recursive, seuil 0,20","Construction",2025-12-31,1,0.0105856215655104,-0.000376710311417838
"aucune selection","Construction",2025-12-31,1,0.0105856215655104,-0.000376710311417838
"FIXE (calculee sur tout l'echantillon)","Construction",2025-12-31,4,,-0.000376710311417838
"recursive, seuil 0,15 (retenue)","Commerce",2025-12-31,3,0.00737627174310922,0.00474667366104242
"recursive, seuil 0,10","Commerce",2025-12-31,3,0.00737627174310922,0.00474667366104242
"recursive, seuil 0,20","Commerce",2025-12-31,3,0.00737627174310922,0.00474667366104242
"aucune selection","Commerce",2025-12-31,3,0.00737627174310922,0.00474667366104242
"FIXE (calculee sur tout l'echantillon)","Commerce",2025-12-31,5,,0.00474667366104242
"recursive, seuil 0,15 (retenue)","Transports",2025-12-31,0,,0.0256348485772033
"recursive, seuil 0,10","Transports",2025-12-31,0,,0.0256348485772033
"recursive, seuil 0,20","Transports",2025-12-31,0,,0.0256348485772033
"aucune selection","Transports",2025-12-31,0,,0.0256348485772033
"FIXE (calculee sur tout l'echantillon)","Transports",2025-12-31,0,,0.0256348485772033
"recursive, seuil 0,15 (retenue)","Hébergement-restauration",2025-12-31,2,0.00698954910702047,-0.0117140608570061
"recursive, seuil 0,10","Hébergement-restauration",2025-12-31,2,0.00698954910702047,-0.0117140608570061
"recursive, seuil 0,20","Hébergement-restauration",2025-12-31,2,0.00698954910702047,-0.0117140608570061
"aucune selection","Hébergement-restauration",2025-12-31,2,0.00698954910702047,-0.0117140608570061
"FIXE (calculee sur tout l'echantillon)","Hébergement-restauration",2025-12-31,5,,-0.0117140608570061
"recursive, seuil 0,15 (retenue)","Information-communication",2025-12-31,0,,0.0239716974815245
"recursive, seuil 0,10","Information-communication",2025-12-31,0,,0.0239716974815245
"recursive, seuil 0,20","Information-communication",2025-12-31,0,,0.0239716974815245
"aucune selection","Information-communication",2025-12-31,0,,0.0239716974815245
"FIXE (calculee sur tout l'echantillon)","Information-communication",2025-12-31,0,,0.0239716974815245
"recursive, seuil 0,15 (retenue)","Finances et assurances",2025-12-31,5,0.0192732653977215,0.02252710319177
"recursive, seuil 0,10","Finances et assurances",2025-12-31,5,0.0192732653977215,0.02252710319177
"recursive, seuil 0,20","Finances et assurances",2025-12-31,5,0.0192732653977215,0.02252710319177
"aucune selection","Finances et assurances",2025-12-31,5,0.0192732653977215,0.02252710319177
"FIXE (calculee sur tout l'echantillon)","Finances et assurances",2025-12-31,5,,0.02252710319177
"recursive, seuil 0,15 (retenue)","Immobilier",2025-12-31,1,0.00562429111527388,0.00356943094849527
"recursive, seuil 0,10","Immobilier",2025-12-31,1,0.00562429111527388,0.00356943094849527
"recursive, seuil 0,20","Immobilier",2025-12-31,1,0.00562429111527388,0.00356943094849527
"aucune selection","Immobilier",2025-12-31,1,0.00562429111527388,0.00356943094849527
"FIXE (calculee sur tout l'echantillon)","Immobilier",2025-12-31,1,0.00562429111527388,0.00356943094849527
"recursive, seuil 0,15 (retenue)","Agriculture",2026-03-31,1,0.0955812396201442,0.189386571246226
"recursive, seuil 0,10","Agriculture",2026-03-31,1,0.0955812396201442,0.189386571246226
"recursive, seuil 0,20","Agriculture",2026-03-31,1,0.0955812396201442,0.189386571246226
"aucune selection","Agriculture",2026-03-31,1,0.0955812396201442,0.189386571246226
"FIXE (calculee sur tout l'echantillon)","Agriculture",2026-03-31,1,0.0955812396201442,0.189386571246226
"recursive, seuil 0,15 (retenue)","Pêche",2026-03-31,5,0.093583220789011,0.222874852773161
"recursive, seuil 0,10","Pêche",2026-03-31,5,0.093583220789011,0.222874852773161
"recursive, seuil 0,20","Pêche",2026-03-31,5,0.093583220789011,0.222874852773161
"aucune selection","Pêche",2026-03-31,5,0.093583220789011,0.222874852773161
"FIXE (calculee sur tout l'echantillon)","Pêche",2026-03-31,5,0.232114764345315,0.222874852773161
"recursive, seuil 0,15 (retenue)","Industrie d'extraction",2026-03-31,0,,0.0429938589024168
"recursive, seuil 0,10","Industrie d'extraction",2026-03-31,0,,0.0429938589024168
"recursive, seuil 0,20","Industrie d'extraction",2026-03-31,0,,0.0429938589024168
"aucune selection","Industrie d'extraction",2026-03-31,0,,0.0429938589024168
"FIXE (calculee sur tout l'echantillon)","Industrie d'extraction",2026-03-31,5,,0.0429938589024168
"recursive, seuil 0,15 (retenue)","Industrie de transformation",2026-03-31,2,-0.0351487010541418,-0.101743963623765
"recursive, seuil 0,10","Industrie de transformation",2026-03-31,2,-0.0351487010541418,-0.101743963623765
"recursive, seuil 0,20","Industrie de transformation",2026-03-31,2,-0.0351487010541418,-0.101743963623765
"aucune selection","Industrie de transformation",2026-03-31,2,-0.0351487010541418,-0.101743963623765
"FIXE (calculee sur tout l'echantillon)","Industrie de transformation",2026-03-31,5,,-0.101743963623765
"recursive, seuil 0,15 (retenue)","Électricité, gaz, eau",2026-03-31,5,-0.0929902802892006,-0.0771317041623973
"recursive, seuil 0,10","Électricité, gaz, eau",2026-03-31,5,-0.0929902802892006,-0.0771317041623973
"recursive, seuil 0,20","Électricité, gaz, eau",2026-03-31,5,-0.0929902802892006,-0.0771317041623973
"aucune selection","Électricité, gaz, eau",2026-03-31,5,-0.0929902802892006,-0.0771317041623973
"FIXE (calculee sur tout l'echantillon)","Électricité, gaz, eau",2026-03-31,5,-0.107577654749117,-0.0771317041623973
"recursive, seuil 0,15 (retenue)","Construction",2026-03-31,1,-0.00228383353376849,-0.0250954841631064
"recursive, seuil 0,10","Construction",2026-03-31,1,-0.00228383353376849,-0.0250954841631064
"recursive, seuil 0,20","Construction",2026-03-31,1,-0.00228383353376849,-0.0250954841631064
"aucune selection","Construction",2026-03-31,1,-0.00228383353376849,-0.0250954841631064
"FIXE (calculee sur tout l'echantillon)","Construction",2026-03-31,4,,-0.0250954841631064
"recursive, seuil 0,15 (retenue)","Commerce",2026-03-31,3,-0.0124744272088742,0.030304457095939
"recursive, seuil 0,10","Commerce",2026-03-31,3,-0.0124744272088742,0.030304457095939
"recursive, seuil 0,20","Commerce",2026-03-31,3,-0.0124744272088742,0.030304457095939
"aucune selection","Commerce",2026-03-31,3,-0.0124744272088742,0.030304457095939
"FIXE (calculee sur tout l'echantillon)","Commerce",2026-03-31,5,,0.030304457095939
"recursive, seuil 0,15 (retenue)","Transports",2026-03-31,0,,0.00343555107293625
"recursive, seuil 0,10","Transports",2026-03-31,0,,0.00343555107293625
"recursive, seuil 0,20","Transports",2026-03-31,0,,0.00343555107293625
"aucune selection","Transports",2026-03-31,0,,0.00343555107293625
"FIXE (calculee sur tout l'echantillon)","Transports",2026-03-31,0,,0.00343555107293625
"recursive, seuil 0,15 (retenue)","Hébergement-restauration",2026-03-31,2,-0.0157567467179146,-0.0149369838672992
"recursive, seuil 0,10","Hébergement-restauration",2026-03-31,2,-0.0157567467179146,-0.0149369838672992
"recursive, seuil 0,20","Hébergement-restauration",2026-03-31,2,-0.0157567467179146,-0.0149369838672992
"aucune selection","Hébergement-restauration",2026-03-31,2,-0.0157567467179146,-0.0149369838672992
"FIXE (calculee sur tout l'echantillon)","Hébergement-restauration",2026-03-31,5,,-0.0149369838672992
"recursive, seuil 0,15 (retenue)","Information-communication",2026-03-31,0,,-0.00933597860249158
"recursive, seuil 0,10","Information-communication",2026-03-31,0,,-0.00933597860249158
"recursive, seuil 0,20","Information-communication",2026-03-31,0,,-0.00933597860249158
"aucune selection","Information-communication",2026-03-31,0,,-0.00933597860249158
"FIXE (calculee sur tout l'echantillon)","Information-communication",2026-03-31,0,,-0.00933597860249158
"recursive, seuil 0,15 (retenue)","Finances et assurances",2026-03-31,5,0.00802684018761908,0.0131482423939122
"recursive, seuil 0,10","Finances et assurances",2026-03-31,5,0.00802684018761908,0.0131482423939122
"recursive, seuil 0,20","Finances et assurances",2026-03-31,5,0.00802684018761908,0.0131482423939122
"aucune selection","Finances et assurances",2026-03-31,5,0.00802684018761908,0.0131482423939122
"FIXE (calculee sur tout l'echantillon)","Finances et assurances",2026-03-31,5,,0.0131482423939122
"recursive, seuil 0,15 (retenue)","Immobilier",2026-03-31,1,0.00623514569920513,0.0145414287128816
"recursive, seuil 0,10","Immobilier",2026-03-31,1,0.00623514569920513,0.0145414287128816
"recursive, seuil 0,20","Immobilier",2026-03-31,1,0.00623514569920513,0.0145414287128816
"aucune selection","Immobilier",2026-03-31,1,0.00623514569920513,0.0145414287128816
"FIXE (calculee sur tout l'echantillon)","Immobilier",2026-03-31,1,0.00623514569920513,0.0145414287128816
